{
  "archivo": "amza14_1_260211131351060_ACD_70247.wav",
  "duracion_segundos": 545.7,
  "num_segmentos": 120,
  "num_hablantes": 2,
  "hablantes": [
    "Hablante A",
    "Hablante B"
  ],
  "tiempo_por_hablante": {
    "Hablante A": 238.28,
    "Hablante B": 226.56
  },
  "idioma": "es",
  "conversacion": [
    {
      "hablante": "Hablante A",
      "inicio": 1.08,
      "fin": 4.46,
      "duracion": 3.39,
      "texto": "Hola, buen día.",
      "confianza": 0.06
    },
    {
      "hablante": "Hablante A",
      "inicio": 4.48,
      "fin": 4.78,
      "duracion": 0.3,
      "texto": "Hola, buen día.",
      "confianza": 0.024
    },
    {
      "hablante": "Hablante A",
      "inicio": 4.8,
      "fin": 9.67,
      "duracion": 4.87,
      "texto": "Como alegrar un gusto, mi nombre es Bruno, me estaba comunicando desde el área de recuperación de clientes Movistar.",
      "confianza": 0.487
    },
    {
      "hablante": "Hablante A",
      "inicio": 10.72,
      "fin": 12.3,
      "duracion": 1.58,
      "texto": "Tenemos una promoción disponible.",
      "confianza": 0.778
    },
    {
      "hablante": "Hablante A",
      "inicio": 12.34,
      "fin": 18.65,
      "duracion": 6.31,
      "texto": "Actualmente tiene claro.",
      "confianza": 0.741
    },
    {
      "hablante": "Hablante A",
      "inicio": 18.67,
      "fin": 18.73,
      "duracion": 0.06,
      "texto": "Sí.",
      "confianza": 0.336
    },
    {
      "hablante": "Hablante A",
      "inicio": 18.9,
      "fin": 31.52,
      "duracion": 12.62,
      "texto": "Bien, nosotros el día de hoy tenemos una promoción que va a tener lo que son 8 gigas de base más 10 gigas de regalos con whatsapp gratis a la líder de cualquier compañía también y rumen en América en el caso de que viaje en 8047.",
      "confianza": 0.707
    },
    {
      "hablante": "Hablante A",
      "inicio": 31.59,
      "fin": 34.76,
      "duracion": 3.16,
      "texto": "Es una promoción del 85% que tenemos.",
      "confianza": 0.749
    },
    {
      "hablante": "Hablante A",
      "inicio": 35.54,
      "fin": 43.33,
      "duracion": 7.79,
      "texto": "Usted actualmente qué cantidad de gigas tiene?",
      "confianza": 0.716
    },
    {
      "hablante": "Hablante A",
      "inicio": 43.35,
      "fin": 43.63,
      "duracion": 0.28,
      "texto": "No me acuerdo.",
      "confianza": 0.0
    },
    {
      "hablante": "Hablante A",
      "inicio": 43.65,
      "fin": 43.91,
      "duracion": 0.26,
      "texto": "Tres minutos.",
      "confianza": 0.008
    },
    {
      "hablante": "Hablante A",
      "inicio": 43.93,
      "fin": 44.45,
      "duracion": 0.52,
      "texto": "Bien.",
      "confianza": 0.813
    },
    {
      "hablante": "Hablante A",
      "inicio": 44.47,
      "fin": 46.06,
      "duracion": 1.58,
      "texto": "¿Y cuánto está bonando por su línea?",
      "confianza": 0.86
    },
    {
      "hablante": "Hablante A",
      "inicio": 46.08,
      "fin": 47.96,
      "duracion": 1.88,
      "texto": "¿Tiene una sola línea usted?",
      "confianza": 0.805
    },
    {
      "hablante": "Hablante A",
      "inicio": 48.68,
      "fin": 49.4,
      "duracion": 0.72,
      "texto": "Sí.",
      "confianza": 0.627
    },
    {
      "hablante": "Hablante A",
      "inicio": 50.26,
      "fin": 50.87,
      "duracion": 0.6,
      "texto": "Bien.",
      "confianza": 0.297
    },
    {
      "hablante": "Hablante A",
      "inicio": 50.88,
      "fin": 53.85,
      "duracion": 2.97,
      "texto": "Nosotros, en ese caso, tenemos, bueno, ese plan en 8.047.",
      "confianza": 0.711
    },
    {
      "hablante": "Hablante A",
      "inicio": 53.87,
      "fin": 59.4,
      "duracion": 5.53,
      "texto": "¿Usted cuánto está bonando por su línea actualmente?",
      "confianza": 0.754
    },
    {
      "hablante": "Hablante B",
      "inicio": 63.86,
      "fin": 64.08,
      "duracion": 0.22,
      "texto": "8.047.",
      "confianza": 0.8
    },
    {
      "hablante": "Hablante B",
      "inicio": 64.11,
      "fin": 65.59,
      "duracion": 1.48,
      "texto": "¿Eso cuántas gigas haría?",
      "confianza": 0.279
    },
    {
      "hablante": "Hablante B",
      "inicio": 65.61,
      "fin": 67.03,
      "duracion": 1.42,
      "texto": "Son 8 de base más 10 de regalo.",
      "confianza": 0.676
    },
    {
      "hablante": "Hablante B",
      "inicio": 67.05,
      "fin": 73.7,
      "duracion": 6.65,
      "texto": "18 gigas tendría en total.",
      "confianza": 0.816
    },
    {
      "hablante": "Hablante B",
      "inicio": 73.72,
      "fin": 73.8,
      "duracion": 0.08,
      "texto": "Ya.",
      "confianza": 0.513
    },
    {
      "hablante": "Hablante B",
      "inicio": 73.82,
      "fin": 75.4,
      "duracion": 1.58,
      "texto": "¿Y qué hay que hacer para eso?",
      "confianza": 0.159
    },
    {
      "hablante": "Hablante B",
      "inicio": 75.42,
      "fin": 78.17,
      "duracion": 2.74,
      "texto": "Para la portabilidad, bueno, es muy sencilla, principalmente,",
      "confianza": 0.671
    },
    {
      "hablante": "Hablante B",
      "inicio": 78.35,
      "fin": 82.71,
      "duracion": 4.36,
      "texto": "Buscamos una sucursal cercana para que usted vaya a retirar el chip.",
      "confianza": 0.709
    },
    {
      "hablante": "Hablante B",
      "inicio": 83.09,
      "fin": 87.44,
      "duracion": 4.34,
      "texto": "Obviamente mantiene el mismo número, únicamente tiene que cambiar su chip.",
      "confianza": 0.835
    },
    {
      "hablante": "Hablante B",
      "inicio": 87.46,
      "fin": 93.06,
      "duracion": 5.61,
      "texto": "¿Usted de qué provincia y localidad es?",
      "confianza": 0.573
    },
    {
      "hablante": "Hablante B",
      "inicio": 93.08,
      "fin": 93.37,
      "duracion": 0.28,
      "texto": "De Avellaneda.",
      "confianza": 0.002
    },
    {
      "hablante": "Hablante B",
      "inicio": 93.39,
      "fin": 94.59,
      "duracion": 1.2,
      "texto": "De Avellaneda, a ver.",
      "confianza": 0.587
    },
    {
      "hablante": "Hablante B",
      "inicio": 95.67,
      "fin": 105.18,
      "duracion": 9.51,
      "texto": "Creo que tenemos... Me dijo que tiene solamente esta línea, ¿verdad?",
      "confianza": 0.82
    },
    {
      "hablante": "Hablante B",
      "inicio": 105.2,
      "fin": 105.26,
      "duracion": 0.06,
      "texto": "Sí.",
      "confianza": 0.064
    },
    {
      "hablante": "Hablante B",
      "inicio": 105.28,
      "fin": 105.52,
      "duracion": 0.24,
      "texto": "Bien.",
      "confianza": 0.789
    },
    {
      "hablante": "Hablante B",
      "inicio": 105.97,
      "fin": 112.18,
      "duracion": 6.21,
      "texto": "A ver, aguantame un segundo, voy a ver.",
      "confianza": 0.166
    },
    {
      "hablante": "Hablante B",
      "inicio": 112.2,
      "fin": 116.19,
      "duracion": 3.99,
      "texto": "Bien, en Avellaneda tenemos una tienda por la calle Mitre.",
      "confianza": 0.759
    },
    {
      "hablante": "Hablante B",
      "inicio": 117.67,
      "fin": 120.09,
      "duracion": 2.42,
      "texto": "Por la calle Mitre 481, ¿la ubica?",
      "confianza": 0.402
    },
    {
      "hablante": "Hablante A",
      "inicio": 121.72,
      "fin": 121.78,
      "duracion": 0.06,
      "texto": "Sí.",
      "confianza": 0.106
    },
    {
      "hablante": "Hablante A",
      "inicio": 121.8,
      "fin": 125.48,
      "duracion": 3.69,
      "texto": "Bien, a esa le queda más o menos cómoda.",
      "confianza": 0.617
    },
    {
      "hablante": "Hablante A",
      "inicio": 125.5,
      "fin": 125.78,
      "duracion": 0.28,
      "texto": "Más cerca, sí.",
      "confianza": 0.034
    },
    {
      "hablante": "Hablante A",
      "inicio": 125.8,
      "fin": 131.01,
      "duracion": 5.21,
      "texto": "Bien, y también lo que necesito yo que me brinde es para la facturación un Gmail que tenga actual.",
      "confianza": 0.73
    },
    {
      "hablante": "Hablante B",
      "inicio": 134.87,
      "fin": 135.35,
      "duracion": 0.48,
      "texto": "Eh, no hay mío.",
      "confianza": 0.159
    },
    {
      "hablante": "Hablante B",
      "inicio": 135.89,
      "fin": 137.31,
      "duracion": 1.42,
      "texto": "Ajá, un Gmail suyo.",
      "confianza": 0.731
    },
    {
      "hablante": "Hablante A",
      "inicio": 143.62,
      "fin": 145.43,
      "duracion": 1.8,
      "texto": "Bueno, necesito que me brinde eso.",
      "confianza": 0.804
    },
    {
      "hablante": "Hablante A",
      "inicio": 146.05,
      "fin": 159.29,
      "duracion": 13.24,
      "texto": "Y le mandaría lo que es un mensajito por WhatsApp para que nosotros quedemos en contacto, para que más o menos en lo que son 48 horas a usted le van a enviar un mensaje desde la sucursal para que vaya a retirar el chip.",
      "confianza": 0.738
    },
    {
      "hablante": "Hablante A",
      "inicio": 159.67,
      "fin": 165.06,
      "duracion": 5.39,
      "texto": "Usted, en el momento en el que tenga el chip, me vuelve a mandar un mensajito a mí y yo le aviso cuando colocarlo, ¿sí?",
      "confianza": 0.708
    },
    {
      "hablante": "Hablante B",
      "inicio": 166.6,
      "fin": 172.17,
      "duracion": 5.57,
      "texto": "Le voy a mandar un mensaje por WhatsApp y le voy a poner la ola.",
      "confianza": 0.618
    },
    {
      "hablante": "Hablante B",
      "inicio": 173.11,
      "fin": 179.86,
      "duracion": 6.75,
      "texto": "Le voy a mandar una capturita de la tienda en donde debería de retirar su chip que figura los horarios de atención.",
      "confianza": 0.735
    },
    {
      "hablante": "Hablante B",
      "inicio": 179.88,
      "fin": 186.05,
      "duracion": 6.17,
      "texto": "A ver si queda bien.",
      "confianza": 0.506
    },
    {
      "hablante": "Hablante B",
      "inicio": 186.21,
      "fin": 191.73,
      "duracion": 5.53,
      "texto": "Y los datos que tenemos en sistema son su nombre completo y tiene Patricia",
      "confianza": 0.852
    },
    {
      "hablante": "Hablante B",
      "inicio": 192.49,
      "fin": 197.54,
      "duracion": 5.05,
      "texto": "Wanka Uyuli, disculpe si lo pronuncié mal, pero bueno, así lo leo.",
      "confianza": 0.552
    },
    {
      "hablante": "Hablante B",
      "inicio": 198.06,
      "fin": 199.94,
      "duracion": 1.88,
      "texto": "Y bueno, su fecha de nacimiento es 5-4-1984.",
      "confianza": 0.668
    },
    {
      "hablante": "Hablante B",
      "inicio": 199.96,
      "fin": 210.05,
      "duracion": 10.09,
      "texto": "Y el D-Maker, tenemos un tema en el que nos está relacionado Irene Wanka, arrobajin.com, que es en el actual.",
      "confianza": 0.539
    },
    {
      "hablante": "Hablante A",
      "inicio": 212.34,
      "fin": 212.52,
      "duracion": 0.18,
      "texto": "Perfecto.",
      "confianza": 0.043
    },
    {
      "hablante": "Hablante A",
      "inicio": 212.54,
      "fin": 218.44,
      "duracion": 5.91,
      "texto": "Entonces, dejámoslo mismo.",
      "confianza": 0.365
    },
    {
      "hablante": "Hablante A",
      "inicio": 218.47,
      "fin": 218.78,
      "duracion": 0.32,
      "texto": "Bien.",
      "confianza": 0.9
    },
    {
      "hablante": "Hablante A",
      "inicio": 218.97,
      "fin": 221.97,
      "duracion": 3.0,
      "texto": "Lo que tengo que enviarle, Irene, es el mensaje portabiliar.",
      "confianza": 0.645
    },
    {
      "hablante": "Hablante A",
      "inicio": 222.13,
      "fin": 225.66,
      "duracion": 3.53,
      "texto": "Eso es para que usted mantenga el mismo número pasándose de una compañía a otra.",
      "confianza": 0.836
    },
    {
      "hablante": "Hablante A",
      "inicio": 226.1,
      "fin": 229.32,
      "duracion": 3.22,
      "texto": "Eso le va a llegar desde un mensaje de texto común desde el remitente 223.",
      "confianza": 0.698
    },
    {
      "hablante": "Hablante A",
      "inicio": 230.4,
      "fin": 236.87,
      "duracion": 6.47,
      "texto": "Justo abajo del mensaje le van a salir para el prestador MBS para que se quede tranquila de que es movistar.",
      "confianza": 0.748
    },
    {
      "hablante": "Hablante A",
      "inicio": 237.27,
      "fin": 246.56,
      "duracion": 9.29,
      "texto": "De eso yo voy a necesitar que usted me brime una captura de pantalla precha de WhatsApp.",
      "confianza": 0.655
    },
    {
      "hablante": "Hablante A",
      "inicio": 246.58,
      "fin": 246.98,
      "duracion": 0.4,
      "texto": "¿Una captura de qué?",
      "confianza": 0.068
    },
    {
      "hablante": "Hablante A",
      "inicio": 247.59,
      "fin": 250.87,
      "duracion": 3.28,
      "texto": "Del mensajito ese que le voy a enviar para que mantenga el mismo número.",
      "confianza": 0.687
    },
    {
      "hablante": "Hablante B",
      "inicio": 253.61,
      "fin": 253.75,
      "duracion": 0.14,
      "texto": "A ver.",
      "confianza": 0.176
    },
    {
      "hablante": "Hablante B",
      "inicio": 253.77,
      "fin": 256.77,
      "duracion": 3.0,
      "texto": "Ahí yo le aviso a penas se lo envíe y usted verifica si le llega.",
      "confianza": 0.628
    },
    {
      "hablante": "Hablante A",
      "inicio": 261.36,
      "fin": 264.24,
      "duracion": 2.88,
      "texto": "Y en el hogar, Irene, ¿qué servicio tiene?",
      "confianza": 0.767
    },
    {
      "hablante": "Hablante A",
      "inicio": 264.26,
      "fin": 265.2,
      "duracion": 0.94,
      "texto": "¿Con qué compañía?",
      "confianza": 0.693
    },
    {
      "hablante": "Hablante B",
      "inicio": 269.61,
      "fin": 273.07,
      "duracion": 3.46,
      "texto": "En el hogar estoy con Movistar.",
      "confianza": 0.221
    },
    {
      "hablante": "Hablante B",
      "inicio": 273.09,
      "fin": 275.77,
      "duracion": 2.68,
      "texto": "Ah, ya tiene Movistar.",
      "confianza": 0.681
    },
    {
      "hablante": "Hablante B",
      "inicio": 276.12,
      "fin": 290.0,
      "duracion": 13.88,
      "texto": "Ah, bueno, en ese caso va a tener también lo que es cuatro gigas extra regalo en su línea y va a tener un descuento de cuatro mil pesos en la línea, en la factura del Movistar Hogar por tener ambos servicios con la misma compañía.",
      "confianza": 0.78
    },
    {
      "hablante": "Hablante A",
      "inicio": 292.33,
      "fin": 294.99,
      "duracion": 2.66,
      "texto": "Por lo que ya tiene Movistar en el hogar.",
      "confianza": 0.855
    },
    {
      "hablante": "Hablante A",
      "inicio": 295.01,
      "fin": 297.98,
      "duracion": 2.96,
      "texto": "Bien, ahí me confirman que ahí me enviaron el mensaje.",
      "confianza": 0.611
    },
    {
      "hablante": "Hablante A",
      "inicio": 298.0,
      "fin": 304.11,
      "duracion": 6.11,
      "texto": "¿Puede verificar si le llegó?",
      "confianza": 0.824
    },
    {
      "hablante": "Hablante A",
      "inicio": 304.34,
      "fin": 328.53,
      "duracion": 24.19,
      "texto": "Bueno, no hay problema, yo por mientras voy buscando el resto, no hay problema.",
      "confianza": 0.416
    },
    {
      "hablante": "Hablante A",
      "inicio": 328.55,
      "fin": 331.48,
      "duracion": 2.92,
      "texto": "Avíseme apenas lo veas y no se lo reenvío, no hay problema.",
      "confianza": 0.732
    },
    {
      "hablante": "Hablante A",
      "inicio": 332.42,
      "fin": 338.07,
      "duracion": 5.65,
      "texto": "No se le va a contar la línea que tiene en el chip, ¿verdad?",
      "confianza": 0.037
    },
    {
      "hablante": "Hablante A",
      "inicio": 338.09,
      "fin": 338.23,
      "duracion": 0.14,
      "texto": "No, no.",
      "confianza": 0.043
    },
    {
      "hablante": "Hablante A",
      "inicio": 338.25,
      "fin": 349.42,
      "duracion": 11.18,
      "texto": "Usted, hasta que tenga el chip en su poder, va a seguir con claro y yo le aviso recién una vez que tenga el chip cuándo debe ponerlo.",
      "confianza": 0.76
    },
    {
      "hablante": "Hablante A",
      "inicio": 349.44,
      "fin": 350.58,
      "duracion": 1.14,
      "texto": "Ah, bueno, porque no me quiero quedar sin línea, por eso.",
      "confianza": 0.003
    },
    {
      "hablante": "Hablante A",
      "inicio": 350.6,
      "fin": 356.39,
      "duracion": 5.79,
      "texto": "No, no, tranqui, que por eso yo le pido que usted me avise cuando tenga el chip, para yo recién daré lo que de que usted ya tiene el chip.",
      "confianza": 0.684
    },
    {
      "hablante": "Hablante B",
      "inicio": 359.46,
      "fin": 359.58,
      "duracion": 0.12,
      "texto": "Claro.",
      "confianza": 0.003
    },
    {
      "hablante": "Hablante B",
      "inicio": 359.6,
      "fin": 360.3,
      "duracion": 0.7,
      "texto": "Bueno, ¿qué tal ahora con Fabri ya?",
      "confianza": 0.052
    },
    {
      "hablante": "Hablante B",
      "inicio": 361.11,
      "fin": 367.54,
      "duracion": 6.43,
      "texto": "¿Al WhatsApp?",
      "confianza": 0.634
    },
    {
      "hablante": "Hablante A",
      "inicio": 369.34,
      "fin": 369.4,
      "duracion": 0.06,
      "texto": "Sí.",
      "confianza": 0.062
    },
    {
      "hablante": "Hablante A",
      "inicio": 369.42,
      "fin": 372.57,
      "duracion": 3.15,
      "texto": "Bien, todavía no me ha llegado la captura y seguramente me va a llegar.",
      "confianza": 0.712
    },
    {
      "hablante": "Hablante B",
      "inicio": 377.48,
      "fin": 379.34,
      "duracion": 1.86,
      "texto": "Al mismo chat del que estamos hablando.",
      "confianza": 0.836
    },
    {
      "hablante": "Hablante B",
      "inicio": 379.38,
      "fin": 381.09,
      "duracion": 1.7,
      "texto": "Ahí me llegó, perfecto.",
      "confianza": 0.68
    },
    {
      "hablante": "Hablante B",
      "inicio": 381.59,
      "fin": 391.41,
      "duracion": 9.81,
      "texto": "Bien, Irene, también lo que necesito por el chat de WhatsApp para aliar y identificar es lo que me manden, lo que es las imágenes del frente y dorso de su DNI, valido el identidad.",
      "confianza": 0.733
    },
    {
      "hablante": "Hablante B",
      "inicio": 391.43,
      "fin": 393.71,
      "duracion": 2.28,
      "texto": "Usted las puede borrar del chat para que se quede tranquila.",
      "confianza": 0.675
    },
    {
      "hablante": "Hablante B",
      "inicio": 394.03,
      "fin": 404.57,
      "duracion": 10.54,
      "texto": "Es únicamente para aliar y identificar, ¿sí?",
      "confianza": 0.637
    },
    {
      "hablante": "Hablante B",
      "inicio": 404.59,
      "fin": 405.51,
      "duracion": 0.92,
      "texto": "No lo escucho, perdón.",
      "confianza": 0.539
    },
    {
      "hablante": "Hablante B",
      "inicio": 406.87,
      "fin": 412.9,
      "duracion": 6.03,
      "texto": "Usted no es priorita en mi casa para mandarte el DNI.",
      "confianza": 0.026
    },
    {
      "hablante": "Hablante B",
      "inicio": 412.92,
      "fin": 414.4,
      "duracion": 1.48,
      "texto": "Ah, no tienen en el celu las fotos.",
      "confianza": 0.652
    },
    {
      "hablante": "Hablante A",
      "inicio": 417.16,
      "fin": 417.42,
      "duracion": 0.26,
      "texto": "No, no tengo.",
      "confianza": 0.031
    },
    {
      "hablante": "Hablante A",
      "inicio": 417.44,
      "fin": 426.07,
      "duracion": 8.63,
      "texto": "Bien, y como aquí era más o menos Irene, ¿me puede pasar las fotos?",
      "confianza": 0.614
    },
    {
      "hablante": "Hablante A",
      "inicio": 426.09,
      "fin": 426.47,
      "duracion": 0.38,
      "texto": "A las tres, cuatro.",
      "confianza": 0.003
    },
    {
      "hablante": "Hablante A",
      "inicio": 426.49,
      "fin": 427.56,
      "duracion": 1.06,
      "texto": "Bueno, no hay problema entonces.",
      "confianza": 0.403
    },
    {
      "hablante": "Hablante A",
      "inicio": 428.36,
      "fin": 431.4,
      "duracion": 3.04,
      "texto": "Usted apenas tenga las imágenes, me las envía.",
      "confianza": 0.735
    },
    {
      "hablante": "Hablante A",
      "inicio": 431.44,
      "fin": 435.97,
      "duracion": 4.53,
      "texto": "Yo voy a dejar ahora todo ya listo y únicamente faltaría que me envíe esto, ¿sí?",
      "confianza": 0.758
    },
    {
      "hablante": "Hablante A",
      "inicio": 436.22,
      "fin": 443.23,
      "duracion": 7.02,
      "texto": "Yo voy a hacerle ahora el cierre comercial, que el cierre comercial es un texto que tengo que leer, es un repaso de sus datos y el plan al que va a acceder.",
      "confianza": 0.698
    },
    {
      "hablante": "Hablante A",
      "inicio": 443.63,
      "fin": 450.07,
      "duracion": 6.44,
      "texto": "Cualquier duda o consulta que tenga, me la al final así queda del audio leído, tal cual.",
      "confianza": 0.618
    },
    {
      "hablante": "Hablante A",
      "inicio": 450.13,
      "fin": 455.12,
      "duracion": 4.99,
      "texto": "Para recibir futuras promociones, me comentó que tiene Internet Movistar.",
      "confianza": 0.824
    },
    {
      "hablante": "Hablante A",
      "inicio": 455.3,
      "fin": 465.15,
      "duracion": 9.85,
      "texto": "Bien, estamos portando su línea, que es 11-40-30-40-270 a nombre y apellido de la titular actual, Juanca Ulluli Irene Patricia.",
      "confianza": 0.669
    },
    {
      "hablante": "Hablante A",
      "inicio": 465.17,
      "fin": 467.73,
      "duracion": 2.56,
      "texto": "¿Me confirman los últimos tres dígitos de Tuleney?",
      "confianza": 0.852
    },
    {
      "hablante": "Hablante B",
      "inicio": 471.2,
      "fin": 471.3,
      "duracion": 0.1,
      "texto": "Hola.",
      "confianza": 0.001
    },
    {
      "hablante": "Hablante B",
      "inicio": 471.32,
      "fin": 474.64,
      "duracion": 3.32,
      "texto": "Hola, ¿sí?",
      "confianza": 0.555
    },
    {
      "hablante": "Hablante B",
      "inicio": 474.66,
      "fin": 474.9,
      "duracion": 0.24,
      "texto": "¿Me escucha?",
      "confianza": 0.002
    },
    {
      "hablante": "Hablante B",
      "inicio": 474.92,
      "fin": 475.02,
      "duracion": 0.1,
      "texto": "Sí.",
      "confianza": 0.46
    },
    {
      "hablante": "Hablante B",
      "inicio": 475.04,
      "fin": 475.58,
      "duracion": 0.54,
      "texto": "Ahí, Irene.",
      "confianza": 0.421
    },
    {
      "hablante": "Hablante B",
      "inicio": 475.6,
      "fin": 476.74,
      "duracion": 1.14,
      "texto": "Bueno, voy a empezar el texto.",
      "confianza": 0.604
    },
    {
      "hablante": "Hablante B",
      "inicio": 478.05,
      "fin": 482.43,
      "duracion": 4.38,
      "texto": "Voy a pedir que me responda únicamente lo que le pregunte, ¿sí?",
      "confianza": 0.795
    },
    {
      "hablante": "Hablante B",
      "inicio": 482.45,
      "fin": 482.93,
      "duracion": 0.48,
      "texto": "Sí.",
      "confianza": 0.48
    },
    {
      "hablante": "Hablante B",
      "inicio": 482.95,
      "fin": 483.25,
      "duracion": 0.3,
      "texto": "Bien.",
      "confianza": 0.925
    },
    {
      "hablante": "Hablante B",
      "inicio": 483.69,
      "fin": 491.57,
      "duracion": 7.89,
      "texto": "Estamos portando la línea 11-40-30-40-2-70 a nombre y a pedido de la titular actual, Wanka Uyuli Irene Patricia.",
      "confianza": 0.756
    },
    {
      "hablante": "Hablante B",
      "inicio": 491.59,
      "fin": 503.91,
      "duracion": 12.31,
      "texto": "¿Me confirma los últimos tres dígitos de su DNI?",
      "confianza": 0.846
    },
    {
      "hablante": "Hablante B",
      "inicio": 503.93,
      "fin": 506.93,
      "duracion": 3.0,
      "texto": "Únicamente dígame los tres últimos de su DNI.",
      "confianza": 0.878
    },
    {
      "hablante": "Hablante A",
      "inicio": 509.85,
      "fin": 509.91,
      "duracion": 0.06,
      "texto": "Sí.",
      "confianza": 0.332
    },
    {
      "hablante": "Hablante B",
      "inicio": 511.76,
      "fin": 530.99,
      "duracion": 19.22,
      "texto": "No tiene que ver nada, únicamente me responde, no hay problema.",
      "confianza": 0.807
    },
    {
      "hablante": "Hablante B",
      "inicio": 531.95,
      "fin": 539.25,
      "duracion": 7.3,
      "texto": "Sí, hay muchas veces que pueden empezar a ingresar las llamadas desconocidas o spam, eso es porque Movistar está verificando que su línea está activa.",
      "confianza": 0.674
    },
    {
      "hablante": "Hablante B",
      "inicio": 539.33,
      "fin": 542.78,
      "duracion": 3.45,
      "texto": "Esas llamadas desconocidas durante un ratito ni las respondan, no es necesario.",
      "confianza": 0.713
    },
    {
      "hablante": "Hablante B",
      "inicio": 543.28,
      "fin": 545.7,
      "duracion": 2.43,
      "texto": "Es lo que ya inició el trámite de portabilidad, ¿sí?",
      "confianza": 0.797
    }
  ],
  "transcripcion_completa": "Hola, buen día. Hola, buen día. Como alegrar un gusto, mi nombre es Bruno, me estaba comunicando desde el área de recuperación de clientes Movistar. Tenemos una promoción disponible. Actualmente tiene claro. Sí. Bien, nosotros el día de hoy tenemos una promoción que va a tener lo que son 8 gigas de base más 10 gigas de regalos con whatsapp gratis a la líder de cualquier compañía también y rumen en América en el caso de que viaje en 8047. Es una promoción del 85% que tenemos. Usted actualmente qué cantidad de gigas tiene? No me acuerdo. Tres minutos. Bien. ¿Y cuánto está bonando por su línea? ¿Tiene una sola línea usted? Sí. Bien. Nosotros, en ese caso, tenemos, bueno, ese plan en 8.047. ¿Usted cuánto está bonando por su línea actualmente? 8.047. ¿Eso cuántas gigas haría? Son 8 de base más 10 de regalo. 18 gigas tendría en total. Ya. ¿Y qué hay que hacer para eso? Para la portabilidad, bueno, es muy sencilla, principalmente, Buscamos una sucursal cercana para que usted vaya a retirar el chip. Obviamente mantiene el mismo número, únicamente tiene que cambiar su chip. ¿Usted de qué provincia y localidad es? De Avellaneda. De Avellaneda, a ver. Creo que tenemos... Me dijo que tiene solamente esta línea, ¿verdad? Sí. Bien. A ver, aguantame un segundo, voy a ver. Bien, en Avellaneda tenemos una tienda por la calle Mitre. Por la calle Mitre 481, ¿la ubica? Sí. Bien, a esa le queda más o menos cómoda. Más cerca, sí. Bien, y también lo que necesito yo que me brinde es para la facturación un Gmail que tenga actual. Eh, no hay mío. Ajá, un Gmail suyo. Bueno, necesito que me brinde eso. Y le mandaría lo que es un mensajito por WhatsApp para que nosotros quedemos en contacto, para que más o menos en lo que son 48 horas a usted le van a enviar un mensaje desde la sucursal para que vaya a retirar el chip. Usted, en el momento en el que tenga el chip, me vuelve a mandar un mensajito a mí y yo le aviso cuando colocarlo, ¿sí? Le voy a mandar un mensaje por WhatsApp y le voy a poner la ola. Le voy a mandar una capturita de la tienda en donde debería de retirar su chip que figura los horarios de atención. A ver si queda bien. Y los datos que tenemos en sistema son su nombre completo y tiene Patricia Wanka Uyuli, disculpe si lo pronuncié mal, pero bueno, así lo leo. Y bueno, su fecha de nacimiento es 5-4-1984. Y el D-Maker, tenemos un tema en el que nos está relacionado Irene Wanka, arrobajin.com, que es en el actual. Perfecto. Entonces, dejámoslo mismo. Bien. Lo que tengo que enviarle, Irene, es el mensaje portabiliar. Eso es para que usted mantenga el mismo número pasándose de una compañía a otra. Eso le va a llegar desde un mensaje de texto común desde el remitente 223. Justo abajo del mensaje le van a salir para el prestador MBS para que se quede tranquila de que es movistar. De eso yo voy a necesitar que usted me brime una captura de pantalla precha de WhatsApp. ¿Una captura de qué? Del mensajito ese que le voy a enviar para que mantenga el mismo número. A ver. Ahí yo le aviso a penas se lo envíe y usted verifica si le llega. Y en el hogar, Irene, ¿qué servicio tiene? ¿Con qué compañía? En el hogar estoy con Movistar. Ah, ya tiene Movistar. Ah, bueno, en ese caso va a tener también lo que es cuatro gigas extra regalo en su línea y va a tener un descuento de cuatro mil pesos en la línea, en la factura del Movistar Hogar por tener ambos servicios con la misma compañía. Por lo que ya tiene Movistar en el hogar. Bien, ahí me confirman que ahí me enviaron el mensaje. ¿Puede verificar si le llegó? Bueno, no hay problema, yo por mientras voy buscando el resto, no hay problema. Avíseme apenas lo veas y no se lo reenvío, no hay problema. No se le va a contar la línea que tiene en el chip, ¿verdad? No, no. Usted, hasta que tenga el chip en su poder, va a seguir con claro y yo le aviso recién una vez que tenga el chip cuándo debe ponerlo. Ah, bueno, porque no me quiero quedar sin línea, por eso. No, no, tranqui, que por eso yo le pido que usted me avise cuando tenga el chip, para yo recién daré lo que de que usted ya tiene el chip. Claro. Bueno, ¿qué tal ahora con Fabri ya? ¿Al WhatsApp? Sí. Bien, todavía no me ha llegado la captura y seguramente me va a llegar. Al mismo chat del que estamos hablando. Ahí me llegó, perfecto. Bien, Irene, también lo que necesito por el chat de WhatsApp para aliar y identificar es lo que me manden, lo que es las imágenes del frente y dorso de su DNI, valido el identidad. Usted las puede borrar del chat para que se quede tranquila. Es únicamente para aliar y identificar, ¿sí? No lo escucho, perdón. Usted no es priorita en mi casa para mandarte el DNI. Ah, no tienen en el celu las fotos. No, no tengo. Bien, y como aquí era más o menos Irene, ¿me puede pasar las fotos? A las tres, cuatro. Bueno, no hay problema entonces. Usted apenas tenga las imágenes, me las envía. Yo voy a dejar ahora todo ya listo y únicamente faltaría que me envíe esto, ¿sí? Yo voy a hacerle ahora el cierre comercial, que el cierre comercial es un texto que tengo que leer, es un repaso de sus datos y el plan al que va a acceder. Cualquier duda o consulta que tenga, me la al final así queda del audio leído, tal cual. Para recibir futuras promociones, me comentó que tiene Internet Movistar. Bien, estamos portando su línea, que es 11-40-30-40-270 a nombre y apellido de la titular actual, Juanca Ulluli Irene Patricia. ¿Me confirman los últimos tres dígitos de Tuleney? Hola. Hola, ¿sí? ¿Me escucha? Sí. Ahí, Irene. Bueno, voy a empezar el texto. Voy a pedir que me responda únicamente lo que le pregunte, ¿sí? Sí. Bien. Estamos portando la línea 11-40-30-40-2-70 a nombre y a pedido de la titular actual, Wanka Uyuli Irene Patricia. ¿Me confirma los últimos tres dígitos de su DNI? Únicamente dígame los tres últimos de su DNI. Sí. No tiene que ver nada, únicamente me responde, no hay problema. Sí, hay muchas veces que pueden empezar a ingresar las llamadas desconocidas o spam, eso es porque Movistar está verificando que su línea está activa. Esas llamadas desconocidas durante un ratito ni las respondan, no es necesario. Es lo que ya inició el trámite de portabilidad, ¿sí?",
  "calidad": {
    "confianza_promedio": 0.548,
    "metodo_diarizacion": "pausas_fallback",
    "tiempo_procesamiento": 22.3
  },
  "metadata": {
    "modelo": "whisperx_medium",
    "diarizacion": "pausas",
    "dispositivo": "cuda",
    "fecha": "2026-02-18T23:29:46.449503",
    "version": "5.0_ecapa"
  }
}