{
  "archivo": "amza15_1_260209114014673_ACD_61657.wav",
  "duracion_segundos": 67.55,
  "num_segmentos": 36,
  "num_hablantes": 2,
  "hablantes": [
    "Hablante A",
    "Hablante B"
  ],
  "tiempo_por_hablante": {
    "Hablante A": 29.83,
    "Hablante B": 30.27
  },
  "idioma": "es",
  "conversacion": [
    {
      "hablante": "Hablante A",
      "inicio": 0.77,
      "fin": 2.44,
      "duracion": 1.66,
      "texto": "Hola.",
      "confianza": 0.463
    },
    {
      "hablante": "Hablante A",
      "inicio": 2.46,
      "fin": 3.02,
      "duracion": 0.56,
      "texto": "Hola, buen día.",
      "confianza": 0.679
    },
    {
      "hablante": "Hablante A",
      "inicio": 4.2,
      "fin": 4.38,
      "duracion": 0.18,
      "texto": "Buen día.",
      "confianza": 0.056
    },
    {
      "hablante": "Hablante A",
      "inicio": 4.4,
      "fin": 5.02,
      "duracion": 0.62,
      "texto": "¿Quién habla?",
      "confianza": 0.24
    },
    {
      "hablante": "Hablante A",
      "inicio": 5.04,
      "fin": 5.52,
      "duracion": 0.48,
      "texto": "Mucho gusto.",
      "confianza": 0.463
    },
    {
      "hablante": "Hablante A",
      "inicio": 5.56,
      "fin": 6.24,
      "duracion": 0.68,
      "texto": "Señor, me presento.",
      "confianza": 0.843
    },
    {
      "hablante": "Hablante A",
      "inicio": 6.32,
      "fin": 9.22,
      "duracion": 2.9,
      "texto": "Mi nombre es Agustín y yo me estoy llamando desde la área de calidad movistar.",
      "confianza": 0.419
    },
    {
      "hablante": "Hablante A",
      "inicio": 9.24,
      "fin": 9.86,
      "duracion": 0.62,
      "texto": "¿Cómo le va?",
      "confianza": 0.459
    },
    {
      "hablante": "Hablante A",
      "inicio": 9.92,
      "fin": 10.3,
      "duracion": 0.38,
      "texto": "¿Todo bien?",
      "confianza": 0.432
    },
    {
      "hablante": "Hablante A",
      "inicio": 11.08,
      "fin": 12.22,
      "duracion": 1.14,
      "texto": "Todo bien.",
      "confianza": 0.207
    },
    {
      "hablante": "Hablante A",
      "inicio": 12.24,
      "fin": 13.11,
      "duracion": 0.86,
      "texto": "Madre, gracias muchísimo.",
      "confianza": 0.455
    },
    {
      "hablante": "Hablante A",
      "inicio": 13.35,
      "fin": 20.31,
      "duracion": 6.97,
      "texto": "Mira, yo estoy llamando básicamente porque me descubrieron el sistema que esta línea fue sacada a la compañía hasta hace un tiempo atrás y quería saber qué fue lo que le habías llevado a cambiar.",
      "confianza": 0.576
    },
    {
      "hablante": "Hablante A",
      "inicio": 20.33,
      "fin": 21.61,
      "duracion": 1.28,
      "texto": "¿Si tuvo algún inconveniente?",
      "confianza": 0.564
    },
    {
      "hablante": "Hablante A",
      "inicio": 21.63,
      "fin": 24.54,
      "duracion": 2.9,
      "texto": "¿Fue para otra oferta?",
      "confianza": 0.602
    },
    {
      "hablante": "Hablante A",
      "inicio": 24.56,
      "fin": 25.72,
      "duracion": 1.16,
      "texto": "No, no sé.",
      "confianza": 0.521
    },
    {
      "hablante": "Hablante A",
      "inicio": 25.74,
      "fin": 27.2,
      "duracion": 1.46,
      "texto": "No manejo eso.",
      "confianza": 0.739
    },
    {
      "hablante": "Hablante A",
      "inicio": 27.22,
      "fin": 29.48,
      "duracion": 2.26,
      "texto": "Supongo que habrá otra oferta.",
      "confianza": 0.428
    },
    {
      "hablante": "Hablante A",
      "inicio": 29.65,
      "fin": 33.37,
      "duracion": 3.72,
      "texto": "Me figura acá que la línea se anomenó Rosa Ney y era Yulán.",
      "confianza": 0.468
    },
    {
      "hablante": "Hablante B",
      "inicio": 35.49,
      "fin": 35.57,
      "duracion": 0.08,
      "texto": "Ajá.",
      "confianza": 0.148
    },
    {
      "hablante": "Hablante B",
      "inicio": 35.59,
      "fin": 36.63,
      "duracion": 1.04,
      "texto": "Sí, sigue estando ahí.",
      "confianza": 0.342
    },
    {
      "hablante": "Hablante B",
      "inicio": 36.65,
      "fin": 37.66,
      "duracion": 1.0,
      "texto": "Perfecto, tengo un punto.",
      "confianza": 0.574
    },
    {
      "hablante": "Hablante B",
      "inicio": 37.68,
      "fin": 42.5,
      "duracion": 4.82,
      "texto": "¿Esta línea es la que usa la Rosa o la que usas vos?",
      "confianza": 0.688
    },
    {
      "hablante": "Hablante B",
      "inicio": 42.52,
      "fin": 44.64,
      "duracion": 2.12,
      "texto": "La usamos en general.",
      "confianza": 0.401
    },
    {
      "hablante": "Hablante B",
      "inicio": 44.66,
      "fin": 45.32,
      "duracion": 0.66,
      "texto": "La usamos en general.",
      "confianza": 0.423
    },
    {
      "hablante": "Hablante B",
      "inicio": 45.62,
      "fin": 47.09,
      "duracion": 1.46,
      "texto": "Sí, bueno, puede haber sido por otra oferta.",
      "confianza": 0.476
    },
    {
      "hablante": "Hablante B",
      "inicio": 47.53,
      "fin": 49.37,
      "duracion": 1.84,
      "texto": "Daré que nos falte cuatro años.",
      "confianza": 0.577
    },
    {
      "hablante": "Hablante B",
      "inicio": 49.39,
      "fin": 51.51,
      "duracion": 2.12,
      "texto": "La verdad es que es difícil recordarse.",
      "confianza": 0.208
    },
    {
      "hablante": "Hablante B",
      "inicio": 51.53,
      "fin": 54.29,
      "duracion": 2.76,
      "texto": "Bueno, justamente por este motivo es que nosotros estamos...",
      "confianza": 0.483
    },
    {
      "hablante": "Hablante B",
      "inicio": 54.31,
      "fin": 58.66,
      "duracion": 4.34,
      "texto": "Conmigo igual yo de eso, si querés llamarlo a eso, yo no los pago.",
      "confianza": 0.613
    },
    {
      "hablante": "Hablante B",
      "inicio": 58.89,
      "fin": 60.3,
      "duracion": 1.41,
      "texto": "Y bien cargaditas.",
      "confianza": 0.311
    },
    {
      "hablante": "Hablante B",
      "inicio": 60.32,
      "fin": 60.74,
      "duracion": 0.42,
      "texto": "¿Te parece?",
      "confianza": 0.676
    },
    {
      "hablante": "Hablante B",
      "inicio": 60.78,
      "fin": 62.85,
      "duracion": 2.07,
      "texto": "Llama al otro número entonces, en todo caso.",
      "confianza": 0.748
    },
    {
      "hablante": "Hablante B",
      "inicio": 62.97,
      "fin": 63.29,
      "duracion": 0.32,
      "texto": "Chau ma.",
      "confianza": 0.483
    },
    {
      "hablante": "Hablante B",
      "inicio": 63.69,
      "fin": 64.68,
      "duracion": 0.98,
      "texto": "Chau ma.",
      "confianza": 0.593
    },
    {
      "hablante": "Hablante B",
      "inicio": 64.7,
      "fin": 66.63,
      "duracion": 1.93,
      "texto": "Dale, perfecto.",
      "confianza": 0.558
    },
    {
      "hablante": "Hablante B",
      "inicio": 66.65,
      "fin": 67.55,
      "duracion": 0.9,
      "texto": "Gracias, chau.",
      "confianza": 0.44
    }
  ],
  "transcripcion_completa": "Hola. Hola, buen día. Buen día. ¿Quién habla? Mucho gusto. Señor, me presento. Mi nombre es Agustín y yo me estoy llamando desde la área de calidad movistar. ¿Cómo le va? ¿Todo bien? Todo bien. Madre, gracias muchísimo. Mira, yo estoy llamando básicamente porque me descubrieron el sistema que esta línea fue sacada a la compañía hasta hace un tiempo atrás y quería saber qué fue lo que le habías llevado a cambiar. ¿Si tuvo algún inconveniente? ¿Fue para otra oferta? No, no sé. No manejo eso. Supongo que habrá otra oferta. Me figura acá que la línea se anomenó Rosa Ney y era Yulán. Ajá. Sí, sigue estando ahí. Perfecto, tengo un punto. ¿Esta línea es la que usa la Rosa o la que usas vos? La usamos en general. La usamos en general. Sí, bueno, puede haber sido por otra oferta. Daré que nos falte cuatro años. La verdad es que es difícil recordarse. Bueno, justamente por este motivo es que nosotros estamos... Conmigo igual yo de eso, si querés llamarlo a eso, yo no los pago. Y bien cargaditas. ¿Te parece? Llama al otro número entonces, en todo caso. Chau ma. Chau ma. Dale, perfecto. Gracias, chau.",
  "calidad": {
    "confianza_promedio": 0.482,
    "metodo_diarizacion": "pausas_fallback",
    "tiempo_procesamiento": 8.0
  },
  "metadata": {
    "modelo": "whisperx_medium",
    "diarizacion": "pausas",
    "dispositivo": "cuda",
    "fecha": "2026-02-18T23:34:54.927297",
    "version": "5.0_ecapa"
  }
}