{
  "archivo": "amza10_1_260212165356419_ACD_24733.wav",
  "duracion_segundos": 68.23,
  "num_segmentos": 28,
  "num_hablantes": 1,
  "hablantes": [
    "Hablante B"
  ],
  "tiempo_por_hablante": {
    "Hablante B": 59.75
  },
  "idioma": "es",
  "conversacion": [
    {
      "hablante": "Hablante B",
      "inicio": 4.23,
      "fin": 4.61,
      "duracion": 0.38,
      "texto": "Hola.",
      "confianza": 0.375
    },
    {
      "hablante": "Hablante B",
      "inicio": 4.63,
      "fin": 7.96,
      "duracion": 3.32,
      "texto": "Hola.",
      "confianza": 0.455
    },
    {
      "hablante": "Hablante B",
      "inicio": 7.98,
      "fin": 8.62,
      "duracion": 0.64,
      "texto": "Hola, buenas tardes.",
      "confianza": 0.467
    },
    {
      "hablante": "Hablante B",
      "inicio": 8.64,
      "fin": 13.4,
      "duracion": 4.77,
      "texto": "¿Hablo con el nombre de Lucía?",
      "confianza": 0.766
    },
    {
      "hablante": "Hablante B",
      "inicio": 13.42,
      "fin": 13.48,
      "duracion": 0.06,
      "texto": "No.",
      "confianza": 0.108
    },
    {
      "hablante": "Hablante B",
      "inicio": 13.5,
      "fin": 19.15,
      "duracion": 5.65,
      "texto": "¿Con quién tengo el gusto de hablar?",
      "confianza": 0.719
    },
    {
      "hablante": "Hablante B",
      "inicio": 19.17,
      "fin": 19.35,
      "duracion": 0.18,
      "texto": "Con Axel.",
      "confianza": 0.02
    },
    {
      "hablante": "Hablante B",
      "inicio": 19.37,
      "fin": 19.97,
      "duracion": 0.6,
      "texto": "¿Qué tal, Axel?",
      "confianza": 0.409
    },
    {
      "hablante": "Hablante B",
      "inicio": 19.99,
      "fin": 21.23,
      "duracion": 1.24,
      "texto": "Mi nombre es Mayra Estrellado.",
      "confianza": 0.79
    },
    {
      "hablante": "Hablante B",
      "inicio": 21.25,
      "fin": 26.44,
      "duracion": 5.19,
      "texto": "Me comunicaron para brindarte un beneficio para tu línea con un 80% descuento.",
      "confianza": 0.807
    },
    {
      "hablante": "Hablante B",
      "inicio": 26.46,
      "fin": 27.74,
      "duracion": 1.28,
      "texto": "¿Uno sos claro actualmente?",
      "confianza": 0.725
    },
    {
      "hablante": "Hablante B",
      "inicio": 27.76,
      "fin": 29.8,
      "duracion": 2.04,
      "texto": "20.",
      "confianza": 0.852
    },
    {
      "hablante": "Hablante B",
      "inicio": 31.13,
      "fin": 32.29,
      "duracion": 1.16,
      "texto": "Bien, perfecto.",
      "confianza": 0.885
    },
    {
      "hablante": "Hablante B",
      "inicio": 32.33,
      "fin": 34.84,
      "duracion": 2.5,
      "texto": "Bueno, muchísimas gracias.",
      "confianza": 0.715
    },
    {
      "hablante": "Hablante B",
      "inicio": 34.98,
      "fin": 41.07,
      "duracion": 6.09,
      "texto": "Este número termina en 23, ¿cierto?",
      "confianza": 0.779
    },
    {
      "hablante": "Hablante B",
      "inicio": 41.09,
      "fin": 41.17,
      "duracion": 0.08,
      "texto": "No.",
      "confianza": 0.346
    },
    {
      "hablante": "Hablante B",
      "inicio": 41.19,
      "fin": 42.13,
      "duracion": 0.94,
      "texto": "Bien, bueno.",
      "confianza": 0.724
    },
    {
      "hablante": "Hablante B",
      "inicio": 42.15,
      "fin": 46.79,
      "duracion": 4.65,
      "texto": "Me dirías tu número.",
      "confianza": 0.744
    },
    {
      "hablante": "Hablante B",
      "inicio": 46.81,
      "fin": 47.05,
      "duracion": 0.24,
      "texto": "¿Está listo?",
      "confianza": 0.023
    },
    {
      "hablante": "Hablante B",
      "inicio": 47.07,
      "fin": 47.59,
      "duracion": 0.52,
      "texto": "Por favor.",
      "confianza": 0.769
    },
    {
      "hablante": "Hablante B",
      "inicio": 47.62,
      "fin": 49.92,
      "duracion": 2.3,
      "texto": "17.",
      "confianza": 0.826
    },
    {
      "hablante": "Hablante B",
      "inicio": 49.96,
      "fin": 57.83,
      "duracion": 7.87,
      "texto": "78.",
      "confianza": 0.796
    },
    {
      "hablante": "Hablante B",
      "inicio": 57.85,
      "fin": 57.91,
      "duracion": 0.06,
      "texto": "Sí.",
      "confianza": 0.124
    },
    {
      "hablante": "Hablante B",
      "inicio": 57.93,
      "fin": 60.41,
      "duracion": 2.48,
      "texto": "41.",
      "confianza": 0.703
    },
    {
      "hablante": "Hablante B",
      "inicio": 60.43,
      "fin": 60.73,
      "duracion": 0.3,
      "texto": "Ajá.",
      "confianza": 0.654
    },
    {
      "hablante": "Hablante B",
      "inicio": 61.81,
      "fin": 62.53,
      "duracion": 0.72,
      "texto": "43.",
      "confianza": 0.57
    },
    {
      "hablante": "Hablante B",
      "inicio": 63.72,
      "fin": 65.21,
      "duracion": 1.49,
      "texto": "Bien, bueno, muchísimas gracias, Cristian.",
      "confianza": 0.366
    },
    {
      "hablante": "Hablante B",
      "inicio": 65.23,
      "fin": 68.23,
      "duracion": 3.0,
      "texto": "Muy bien.",
      "confianza": 0.605
    }
  ],
  "transcripcion_completa": "Hola. Hola. Hola, buenas tardes. ¿Hablo con el nombre de Lucía? No. ¿Con quién tengo el gusto de hablar? Con Axel. ¿Qué tal, Axel? Mi nombre es Mayra Estrellado. Me comunicaron para brindarte un beneficio para tu línea con un 80% descuento. ¿Uno sos claro actualmente? 20. Bien, perfecto. Bueno, muchísimas gracias. Este número termina en 23, ¿cierto? No. Bien, bueno. Me dirías tu número. ¿Está listo? Por favor. 17. 78. Sí. 41. Ajá. 43. Bien, bueno, muchísimas gracias, Cristian. Muy bien.",
  "calidad": {
    "confianza_promedio": 0.576,
    "metodo_diarizacion": "pausas_fallback",
    "tiempo_procesamiento": 6.6
  },
  "metadata": {
    "modelo": "whisperx_medium",
    "diarizacion": "pausas",
    "dispositivo": "cuda",
    "fecha": "2026-02-18T22:44:45.984149",
    "version": "5.0_ecapa"
  }
}