{
  "archivo": "amza10_1_260213131018119_ACD_33071.wav",
  "duracion_segundos": 131.62,
  "num_segmentos": 53,
  "num_hablantes": 2,
  "hablantes": [
    "Hablante A",
    "Hablante B"
  ],
  "tiempo_por_hablante": {
    "Hablante B": 56.8,
    "Hablante A": 48.44
  },
  "idioma": "es",
  "conversacion": [
    {
      "hablante": "Hablante B",
      "inicio": 1.87,
      "fin": 3.85,
      "duracion": 1.98,
      "texto": "Hola, buenos días.",
      "confianza": 0.169
    },
    {
      "hablante": "Hablante B",
      "inicio": 3.87,
      "fin": 4.91,
      "duracion": 1.04,
      "texto": "Hola, buen día.",
      "confianza": 0.304
    },
    {
      "hablante": "Hablante B",
      "inicio": 4.93,
      "fin": 5.51,
      "duracion": 0.58,
      "texto": "¿Cómo estás?",
      "confianza": 0.768
    },
    {
      "hablante": "Hablante B",
      "inicio": 5.53,
      "fin": 5.99,
      "duracion": 0.46,
      "texto": "¿Has un gusto?",
      "confianza": 0.399
    },
    {
      "hablante": "Hablante B",
      "inicio": 6.01,
      "fin": 6.97,
      "duracion": 0.96,
      "texto": "¿Hablo con Luciana?",
      "confianza": 0.683
    },
    {
      "hablante": "Hablante A",
      "inicio": 9.36,
      "fin": 9.42,
      "duracion": 0.06,
      "texto": "No.",
      "confianza": 0.029
    },
    {
      "hablante": "Hablante A",
      "inicio": 9.44,
      "fin": 11.58,
      "duracion": 2.14,
      "texto": "Bien, ¿sabes que me pude aclarar tu gas?",
      "confianza": 0.434
    },
    {
      "hablante": "Hablante A",
      "inicio": 11.6,
      "fin": 12.6,
      "duracion": 1.0,
      "texto": "A ser mía, Luciana Soledad.",
      "confianza": 0.4
    },
    {
      "hablante": "Hablante A",
      "inicio": 12.62,
      "fin": 14.06,
      "duracion": 1.44,
      "texto": "No sé si conoces a la titular.",
      "confianza": 0.475
    },
    {
      "hablante": "Hablante A",
      "inicio": 14.08,
      "fin": 18.2,
      "duracion": 4.12,
      "texto": "No.",
      "confianza": 0.469
    },
    {
      "hablante": "Hablante A",
      "inicio": 18.23,
      "fin": 18.53,
      "duracion": 0.3,
      "texto": "¿No la conoces?",
      "confianza": 0.008
    },
    {
      "hablante": "Hablante A",
      "inicio": 18.55,
      "fin": 18.61,
      "duracion": 0.06,
      "texto": "No.",
      "confianza": 0.266
    },
    {
      "hablante": "Hablante A",
      "inicio": 18.63,
      "fin": 18.89,
      "duracion": 0.26,
      "texto": "Bien.",
      "confianza": 0.612
    },
    {
      "hablante": "Hablante A",
      "inicio": 18.91,
      "fin": 20.27,
      "duracion": 1.36,
      "texto": "¿Vos hablas titular actualmente?",
      "confianza": 0.667
    },
    {
      "hablante": "Hablante B",
      "inicio": 23.39,
      "fin": 23.45,
      "duracion": 0.06,
      "texto": "Sí.",
      "confianza": 0.004
    },
    {
      "hablante": "Hablante B",
      "inicio": 23.47,
      "fin": 23.57,
      "duracion": 0.1,
      "texto": "Bien.",
      "confianza": 0.005
    },
    {
      "hablante": "Hablante B",
      "inicio": 23.59,
      "fin": 26.99,
      "duracion": 3.4,
      "texto": "Bueno, mira, veo que esta persona viene a esta línea.",
      "confianza": 0.599
    },
    {
      "hablante": "Hablante B",
      "inicio": 27.03,
      "fin": 30.48,
      "duracion": 3.44,
      "texto": "En realidad, dejó de pertenecer movistar en el año 2024, ¿sí?",
      "confianza": 0.692
    },
    {
      "hablante": "Hablante B",
      "inicio": 30.88,
      "fin": 38.45,
      "duracion": 7.57,
      "texto": "Así que justamente por eso nos estamos contractando en la idea de recuperarnos y demostrar para brindarte una oferta con un 80% de las cuentas, ¿sí?",
      "confianza": 0.636
    },
    {
      "hablante": "Hablante B",
      "inicio": 38.47,
      "fin": 42.17,
      "duracion": 3.7,
      "texto": "No sé si recordás cuánto es lo que estás abonando, cuánto llegas a consumir.",
      "confianza": 0.524
    },
    {
      "hablante": "Hablante A",
      "inicio": 53.93,
      "fin": 54.17,
      "duracion": 0.24,
      "texto": "6.000 pesos.",
      "confianza": 0.033
    },
    {
      "hablante": "Hablante A",
      "inicio": 54.19,
      "fin": 54.37,
      "duracion": 0.18,
      "texto": "Nada más.",
      "confianza": 0.001
    },
    {
      "hablante": "Hablante A",
      "inicio": 54.39,
      "fin": 54.49,
      "duracion": 0.1,
      "texto": "Bien.",
      "confianza": 0.02
    },
    {
      "hablante": "Hablante A",
      "inicio": 54.51,
      "fin": 54.73,
      "duracion": 0.22,
      "texto": "¿Qué sería?",
      "confianza": 0.0
    },
    {
      "hablante": "Hablante A",
      "inicio": 54.75,
      "fin": 54.9,
      "duracion": 0.14,
      "texto": "¿Abono?",
      "confianza": 0.002
    },
    {
      "hablante": "Hablante A",
      "inicio": 54.91,
      "fin": 55.03,
      "duracion": 0.12,
      "texto": "¿Cómo?",
      "confianza": 0.001
    },
    {
      "hablante": "Hablante A",
      "inicio": 55.05,
      "fin": 55.31,
      "duracion": 0.26,
      "texto": "¿Es un abono?",
      "confianza": 0.018
    },
    {
      "hablante": "Hablante A",
      "inicio": 55.34,
      "fin": 55.48,
      "duracion": 0.14,
      "texto": "No.",
      "confianza": 0.462
    },
    {
      "hablante": "Hablante A",
      "inicio": 55.49,
      "fin": 59.66,
      "duracion": 4.17,
      "texto": "Ah, o sea, 6.000 te las estás recargando por mes, casi como un abono.",
      "confianza": 0.566
    },
    {
      "hablante": "Hablante A",
      "inicio": 59.68,
      "fin": 59.74,
      "duracion": 0.06,
      "texto": "Sí.",
      "confianza": 0.02
    },
    {
      "hablante": "Hablante A",
      "inicio": 59.76,
      "fin": 59.82,
      "duracion": 0.06,
      "texto": "OK.",
      "confianza": 0.33
    },
    {
      "hablante": "Hablante A",
      "inicio": 60.14,
      "fin": 63.37,
      "duracion": 3.23,
      "texto": "Bueno, mira, yo te ofrezco este plan que te vale decir sí.",
      "confianza": 0.626
    },
    {
      "hablante": "Hablante A",
      "inicio": 63.87,
      "fin": 68.56,
      "duracion": 4.69,
      "texto": "En este caso serían 4 gigas de base y 10 gigas reales por 6 meses.",
      "confianza": 0.716
    },
    {
      "hablante": "Hablante A",
      "inicio": 68.58,
      "fin": 72.24,
      "duracion": 3.67,
      "texto": "Así que vas a contar con 14 gigas.",
      "confianza": 0.634
    },
    {
      "hablante": "Hablante A",
      "inicio": 72.26,
      "fin": 75.65,
      "duracion": 3.39,
      "texto": "Te quedan $7,390 pesos.",
      "confianza": 0.676
    },
    {
      "hablante": "Hablante A",
      "inicio": 75.67,
      "fin": 84.34,
      "duracion": 8.67,
      "texto": "Si te pareces a pensar, son $1,790 pesos más, que en realidad, por así decirlo, te conviene capacitarlo en abono ya que te gastas bastante en recargas.",
      "confianza": 0.659
    },
    {
      "hablante": "Hablante A",
      "inicio": 84.66,
      "fin": 86.28,
      "duracion": 1.62,
      "texto": "Es casi como uno a uno, ¿sí?",
      "confianza": 0.66
    },
    {
      "hablante": "Hablante A",
      "inicio": 86.54,
      "fin": 88.39,
      "duracion": 1.84,
      "texto": "Y dentro de todo, ¿sabes que acá los sigas?",
      "confianza": 0.774
    },
    {
      "hablante": "Hablante A",
      "inicio": 88.41,
      "fin": 91.89,
      "duracion": 3.48,
      "texto": "Bueno, te van a jurar, tenés la opción de guardar, pasar y pedir, ¿sí?",
      "confianza": 0.647
    },
    {
      "hablante": "Hablante A",
      "inicio": 92.57,
      "fin": 93.99,
      "duracion": 1.42,
      "texto": "Son bastantes sigas los que traemos.",
      "confianza": 0.79
    },
    {
      "hablante": "Hablante B",
      "inicio": 96.26,
      "fin": 99.66,
      "duracion": 3.41,
      "texto": "Sí, pero por el momento no, te agradezco.",
      "confianza": 0.21
    },
    {
      "hablante": "Hablante B",
      "inicio": 99.68,
      "fin": 105.31,
      "duracion": 5.63,
      "texto": "Bien, ¿que eres por un tema económico?",
      "confianza": 0.645
    },
    {
      "hablante": "Hablante B",
      "inicio": 105.35,
      "fin": 105.57,
      "duracion": 0.22,
      "texto": "Sí.",
      "confianza": 0.394
    },
    {
      "hablante": "Hablante B",
      "inicio": 105.59,
      "fin": 109.8,
      "duracion": 4.21,
      "texto": "Bien, con 1790 pesos, yo entiendo, pero ¿qué te alcanza a esta altura?",
      "confianza": 0.683
    },
    {
      "hablante": "Hablante B",
      "inicio": 109.82,
      "fin": 110.5,
      "duracion": 0.68,
      "texto": "Nada.",
      "confianza": 0.803
    },
    {
      "hablante": "Hablante B",
      "inicio": 110.88,
      "fin": 114.37,
      "duracion": 3.49,
      "texto": "Sí, pero lo trato de usar en otras copas.",
      "confianza": 0.619
    },
    {
      "hablante": "Hablante B",
      "inicio": 114.39,
      "fin": 119.3,
      "duracion": 4.91,
      "texto": "A veces no, recargo en un mes.",
      "confianza": 0.536
    },
    {
      "hablante": "Hablante B",
      "inicio": 119.32,
      "fin": 120.9,
      "duracion": 1.58,
      "texto": "Me dijiste que mensual te gastas eso.",
      "confianza": 0.711
    },
    {
      "hablante": "Hablante B",
      "inicio": 122.17,
      "fin": 125.43,
      "duracion": 3.27,
      "texto": "Sí, pero no siempre.",
      "confianza": 0.742
    },
    {
      "hablante": "Hablante B",
      "inicio": 125.45,
      "fin": 126.61,
      "duracion": 1.16,
      "texto": "Ah, bueno, vos me dijiste eso.",
      "confianza": 0.174
    },
    {
      "hablante": "Hablante B",
      "inicio": 126.64,
      "fin": 130.8,
      "duracion": 4.17,
      "texto": "Bueno, dale, listo, le dejo al sentado que tengas buen día.",
      "confianza": 0.59
    },
    {
      "hablante": "Hablante B",
      "inicio": 130.82,
      "fin": 130.98,
      "duracion": 0.16,
      "texto": "Gracias.",
      "confianza": 0.007
    },
    {
      "hablante": "Hablante B",
      "inicio": 131.0,
      "fin": 131.62,
      "duracion": 0.62,
      "texto": "Adiós.",
      "confianza": 0.546
    }
  ],
  "transcripcion_completa": "Hola, buenos días. Hola, buen día. ¿Cómo estás? ¿Has un gusto? ¿Hablo con Luciana? No. Bien, ¿sabes que me pude aclarar tu gas? A ser mía, Luciana Soledad. No sé si conoces a la titular. No. ¿No la conoces? No. Bien. ¿Vos hablas titular actualmente? Sí. Bien. Bueno, mira, veo que esta persona viene a esta línea. En realidad, dejó de pertenecer movistar en el año 2024, ¿sí? Así que justamente por eso nos estamos contractando en la idea de recuperarnos y demostrar para brindarte una oferta con un 80% de las cuentas, ¿sí? No sé si recordás cuánto es lo que estás abonando, cuánto llegas a consumir. 6.000 pesos. Nada más. Bien. ¿Qué sería? ¿Abono? ¿Cómo? ¿Es un abono? No. Ah, o sea, 6.000 te las estás recargando por mes, casi como un abono. Sí. OK. Bueno, mira, yo te ofrezco este plan que te vale decir sí. En este caso serían 4 gigas de base y 10 gigas reales por 6 meses. Así que vas a contar con 14 gigas. Te quedan $7,390 pesos. Si te pareces a pensar, son $1,790 pesos más, que en realidad, por así decirlo, te conviene capacitarlo en abono ya que te gastas bastante en recargas. Es casi como uno a uno, ¿sí? Y dentro de todo, ¿sabes que acá los sigas? Bueno, te van a jurar, tenés la opción de guardar, pasar y pedir, ¿sí? Son bastantes sigas los que traemos. Sí, pero por el momento no, te agradezco. Bien, ¿que eres por un tema económico? Sí. Bien, con 1790 pesos, yo entiendo, pero ¿qué te alcanza a esta altura? Nada. Sí, pero lo trato de usar en otras copas. A veces no, recargo en un mes. Me dijiste que mensual te gastas eso. Sí, pero no siempre. Ah, bueno, vos me dijiste eso. Bueno, dale, listo, le dejo al sentado que tengas buen día. Gracias. Adiós.",
  "calidad": {
    "confianza_promedio": 0.432,
    "metodo_diarizacion": "pausas_fallback",
    "tiempo_procesamiento": 9.5
  },
  "metadata": {
    "modelo": "whisperx_medium",
    "diarizacion": "pausas",
    "dispositivo": "cuda",
    "fecha": "2026-02-18T22:49:51.719269",
    "version": "5.0_ecapa"
  }
}