{
  "archivo": "amza12_1_260210130857636_ACD_61955.wav",
  "duracion_segundos": 66.64,
  "num_segmentos": 28,
  "num_hablantes": 2,
  "hablantes": [
    "Hablante A",
    "Hablante B"
  ],
  "tiempo_por_hablante": {
    "Hablante A": 4.4,
    "Hablante B": 47.48
  },
  "idioma": "es",
  "conversacion": [
    {
      "hablante": "Hablante A",
      "inicio": 0.54,
      "fin": 2.58,
      "duracion": 2.04,
      "texto": "Buenos días, ¿cómo le va?",
      "confianza": 0.729
    },
    {
      "hablante": "Hablante B",
      "inicio": 4.12,
      "fin": 5.1,
      "duracion": 0.98,
      "texto": "Hola, ¿quién habló?",
      "confianza": 0.462
    },
    {
      "hablante": "Hablante B",
      "inicio": 5.12,
      "fin": 5.48,
      "duracion": 0.36,
      "texto": "¿Cómo estás?",
      "confianza": 0.442
    },
    {
      "hablante": "Hablante B",
      "inicio": 5.52,
      "fin": 7.31,
      "duracion": 1.78,
      "texto": "Buen día, ¿me comunico con las líneas de norma?",
      "confianza": 0.764
    },
    {
      "hablante": "Hablante B",
      "inicio": 8.77,
      "fin": 9.25,
      "duracion": 0.48,
      "texto": "Sí, ¿quién habló?",
      "confianza": 0.524
    },
    {
      "hablante": "Hablante B",
      "inicio": 9.83,
      "fin": 10.75,
      "duracion": 0.92,
      "texto": "No, ella te habla de este lado.",
      "confianza": 0.37
    },
    {
      "hablante": "Hablante B",
      "inicio": 10.91,
      "fin": 13.61,
      "duracion": 2.7,
      "texto": "Me estoy comunicando de la diaria de recupere del cliente de Movistar.",
      "confianza": 0.548
    },
    {
      "hablante": "Hablante B",
      "inicio": 13.63,
      "fin": 15.74,
      "duracion": 2.1,
      "texto": "¿Cómo estás?",
      "confianza": 0.542
    },
    {
      "hablante": "Hablante B",
      "inicio": 15.76,
      "fin": 16.12,
      "duracion": 0.36,
      "texto": "Hola, ¿cómo estás?",
      "confianza": 0.021
    },
    {
      "hablante": "Hablante B",
      "inicio": 16.14,
      "fin": 17.92,
      "duracion": 1.78,
      "texto": "Mirá, mi mamá no está interesada.",
      "confianza": 0.56
    },
    {
      "hablante": "Hablante B",
      "inicio": 17.94,
      "fin": 19.88,
      "duracion": 1.94,
      "texto": "¿Por alguna razón en particular?",
      "confianza": 0.873
    },
    {
      "hablante": "Hablante B",
      "inicio": 19.94,
      "fin": 24.19,
      "duracion": 4.25,
      "texto": "La promo que tenemos actualmente es de 85% de descuento, si no es la misma de todos los días.",
      "confianza": 0.711
    },
    {
      "hablante": "Hablante B",
      "inicio": 25.43,
      "fin": 28.23,
      "duracion": 2.8,
      "texto": "No, no, no, es que ya no quiere tener más Movistar.",
      "confianza": 0.571
    },
    {
      "hablante": "Hablante B",
      "inicio": 28.25,
      "fin": 29.73,
      "duracion": 1.48,
      "texto": "Fue una mala experiencia y ya no le gustó.",
      "confianza": 0.58
    },
    {
      "hablante": "Hablante B",
      "inicio": 30.56,
      "fin": 33.44,
      "duracion": 2.88,
      "texto": "¿Qué le pasó?",
      "confianza": 0.462
    },
    {
      "hablante": "Hablante B",
      "inicio": 34.36,
      "fin": 35.48,
      "duracion": 1.12,
      "texto": "Le cobraron cualquier cosa.",
      "confianza": 0.688
    },
    {
      "hablante": "Hablante A",
      "inicio": 37.65,
      "fin": 40.01,
      "duracion": 2.36,
      "texto": "Bien, en este caso no se sabía que somos una nueva gestión.",
      "confianza": 0.67
    },
    {
      "hablante": "Hablante B",
      "inicio": 41.65,
      "fin": 48.44,
      "duracion": 6.79,
      "texto": "Y segundo, que justamente las promociones se mantienen durante seis meses.",
      "confianza": 0.563
    },
    {
      "hablante": "Hablante B",
      "inicio": 48.56,
      "fin": 50.33,
      "duracion": 1.76,
      "texto": "No, mira, la verdad que no está interesada.",
      "confianza": 0.694
    },
    {
      "hablante": "Hablante B",
      "inicio": 50.85,
      "fin": 53.35,
      "duracion": 2.5,
      "texto": "Ella ahora tiene Claro y la verdad que está muy conforme.",
      "confianza": 0.675
    },
    {
      "hablante": "Hablante B",
      "inicio": 53.39,
      "fin": 54.95,
      "duracion": 1.56,
      "texto": "Por ahora, por el momento, le sirve.",
      "confianza": 0.853
    },
    {
      "hablante": "Hablante B",
      "inicio": 56.0,
      "fin": 60.36,
      "duracion": 4.37,
      "texto": "Así que por ahí, dentro de unos meses, si quiere llamarla cuando se le termine la promo de Claro,",
      "confianza": 0.687
    },
    {
      "hablante": "Hablante B",
      "inicio": 61.15,
      "fin": 62.16,
      "duracion": 1.0,
      "texto": "Dale, perfecto.",
      "confianza": 0.821
    },
    {
      "hablante": "Hablante B",
      "inicio": 62.24,
      "fin": 63.26,
      "duracion": 1.02,
      "texto": "Les damos un otro momento.",
      "confianza": 0.494
    },
    {
      "hablante": "Hablante B",
      "inicio": 63.28,
      "fin": 63.99,
      "duracion": 0.7,
      "texto": "Muchas gracias.",
      "confianza": 0.759
    },
    {
      "hablante": "Hablante B",
      "inicio": 64.55,
      "fin": 64.79,
      "duracion": 0.24,
      "texto": "No, de nada.",
      "confianza": 0.311
    },
    {
      "hablante": "Hablante B",
      "inicio": 65.01,
      "fin": 65.72,
      "duracion": 0.7,
      "texto": "Hasta luego.",
      "confianza": 0.128
    },
    {
      "hablante": "Hablante B",
      "inicio": 65.73,
      "fin": 66.64,
      "duracion": 0.91,
      "texto": "Hasta luego.",
      "confianza": 0.546
    }
  ],
  "transcripcion_completa": "Buenos días, ¿cómo le va? Hola, ¿quién habló? ¿Cómo estás? Buen día, ¿me comunico con las líneas de norma? Sí, ¿quién habló? No, ella te habla de este lado. Me estoy comunicando de la diaria de recupere del cliente de Movistar. ¿Cómo estás? Hola, ¿cómo estás? Mirá, mi mamá no está interesada. ¿Por alguna razón en particular? La promo que tenemos actualmente es de 85% de descuento, si no es la misma de todos los días. No, no, no, es que ya no quiere tener más Movistar. Fue una mala experiencia y ya no le gustó. ¿Qué le pasó? Le cobraron cualquier cosa. Bien, en este caso no se sabía que somos una nueva gestión. Y segundo, que justamente las promociones se mantienen durante seis meses. No, mira, la verdad que no está interesada. Ella ahora tiene Claro y la verdad que está muy conforme. Por ahora, por el momento, le sirve. Así que por ahí, dentro de unos meses, si quiere llamarla cuando se le termine la promo de Claro, Dale, perfecto. Les damos un otro momento. Muchas gracias. No, de nada. Hasta luego. Hasta luego.",
  "calidad": {
    "confianza_promedio": 0.573,
    "metodo_diarizacion": "pausas_fallback",
    "tiempo_procesamiento": 7.8
  },
  "metadata": {
    "modelo": "whisperx_medium",
    "diarizacion": "pausas",
    "dispositivo": "cuda",
    "fecha": "2026-02-18T23:01:51.272321",
    "version": "5.0_ecapa"
  }
}