{
  "archivo": "amza12_2_260213105223150_ACD_72687.wav",
  "duracion_segundos": 155.08,
  "num_segmentos": 31,
  "num_hablantes": 1,
  "hablantes": [
    "Hablante B"
  ],
  "tiempo_por_hablante": {
    "Hablante B": 140.04
  },
  "idioma": "es",
  "conversacion": [
    {
      "hablante": "Hablante B",
      "inicio": 5.09,
      "fin": 11.46,
      "duracion": 6.37,
      "texto": "Ay, Tomás.",
      "confianza": 0.262
    },
    {
      "hablante": "Hablante B",
      "inicio": 11.48,
      "fin": 11.58,
      "duracion": 0.1,
      "texto": "Hola.",
      "confianza": 0.062
    },
    {
      "hablante": "Hablante B",
      "inicio": 11.6,
      "fin": 12.34,
      "duracion": 0.74,
      "texto": "Hola, buen día, Pablo.",
      "confianza": 0.318
    },
    {
      "hablante": "Hablante B",
      "inicio": 12.36,
      "fin": 12.9,
      "duracion": 0.54,
      "texto": "¿Cómo estás?",
      "confianza": 0.642
    },
    {
      "hablante": "Hablante B",
      "inicio": 13.38,
      "fin": 15.67,
      "duracion": 2.28,
      "texto": "Disculpame que recién se cortó el llamado, ¿no, Lili?",
      "confianza": 0.311
    },
    {
      "hablante": "Hablante B",
      "inicio": 15.69,
      "fin": 16.63,
      "duracion": 0.94,
      "texto": "Te hablé de este lado.",
      "confianza": 0.566
    },
    {
      "hablante": "Hablante B",
      "inicio": 17.35,
      "fin": 30.34,
      "duracion": 13.0,
      "texto": "Me estoy comunicando con vos del área de beneficios móviles de Movistar porque teníamos un beneficio con el 80% de descuento para brindarte.",
      "confianza": 0.645
    },
    {
      "hablante": "Hablante B",
      "inicio": 30.36,
      "fin": 31.8,
      "duracion": 1.44,
      "texto": "¿Vos no sos la misma chica que me llamó hace un experimento atrás, no?",
      "confianza": 0.067
    },
    {
      "hablante": "Hablante B",
      "inicio": 31.82,
      "fin": 33.23,
      "duracion": 1.4,
      "texto": "No tengo idea, Pablo, de verdad.",
      "confianza": 0.42
    },
    {
      "hablante": "Hablante B",
      "inicio": 33.41,
      "fin": 42.28,
      "duracion": 8.87,
      "texto": "Bueno, te comento el tema que me pasa a mí con Movistar, como le dije a la otra.",
      "confianza": 0.574
    },
    {
      "hablante": "Hablante B",
      "inicio": 43.34,
      "fin": 63.2,
      "duracion": 19.86,
      "texto": "Ustedes como vendedores de Movistar me pueden asociar tantas veces quieran ese producto, pero Movistar como empresa me está debiendo desde hace dos años una sobrepacturación de roaming que yo contraté en su momento cuando me fui a trabajar al exterior y me lo cobraron dos veces.",
      "confianza": 0.753
    },
    {
      "hablante": "Hablante B",
      "inicio": 64.17,
      "fin": 72.03,
      "duracion": 7.85,
      "texto": "O sea, yo pagué una en dólares y después me lo cobraron dos veces más, en dos meses diferentes.",
      "confianza": 0.7
    },
    {
      "hablante": "Hablante B",
      "inicio": 72.59,
      "fin": 79.96,
      "duracion": 7.37,
      "texto": "Ahora, Movistar, después de los reclamos que yo hice, nunca me respondió los mensajes, nunca me reintegró el pago de más.",
      "confianza": 0.812
    },
    {
      "hablante": "Hablante B",
      "inicio": 79.98,
      "fin": 84.91,
      "duracion": 4.93,
      "texto": "¿Claro, igual lo ganaste dos veces o te lo volvieron a cobrar y quedó la deura?",
      "confianza": 0.561
    },
    {
      "hablante": "Hablante B",
      "inicio": 84.99,
      "fin": 86.55,
      "duracion": 1.56,
      "texto": "No, no.",
      "confianza": 0.532
    },
    {
      "hablante": "Hablante B",
      "inicio": 87.11,
      "fin": 89.23,
      "duracion": 2.12,
      "texto": "No, no quedó ninguna supuesta deuda.",
      "confianza": 0.676
    },
    {
      "hablante": "Hablante B",
      "inicio": 89.71,
      "fin": 98.28,
      "duracion": 8.57,
      "texto": "Yo lo pagué y después me volvieron a cobrar a través del banco, a través del banco y el banco me lo debitó.",
      "confianza": 0.868
    },
    {
      "hablante": "Hablante B",
      "inicio": 99.1,
      "fin": 103.88,
      "duracion": 4.78,
      "texto": "Después tuve que darle debatas al plan.",
      "confianza": 0.254
    },
    {
      "hablante": "Hablante B",
      "inicio": 103.9,
      "fin": 105.84,
      "duracion": 1.94,
      "texto": "Entonces, ¿qué pasa?",
      "confianza": 0.381
    },
    {
      "hablante": "Hablante B",
      "inicio": 105.86,
      "fin": 110.71,
      "duracion": 4.84,
      "texto": "A mí no me interesa trabajar con Movistar hasta que no me renten en la plaza y esto es hace dos años.",
      "confianza": 0.572
    },
    {
      "hablante": "Hablante B",
      "inicio": 111.43,
      "fin": 114.09,
      "duracion": 2.66,
      "texto": "Y eso lo pudiste arreglar con un abogado.",
      "confianza": 0.249
    },
    {
      "hablante": "Hablante B",
      "inicio": 115.08,
      "fin": 117.73,
      "duracion": 2.64,
      "texto": "Me cansé y en ningún momento me dieron respuesta.",
      "confianza": 0.647
    },
    {
      "hablante": "Hablante B",
      "inicio": 117.97,
      "fin": 120.55,
      "duracion": 2.58,
      "texto": "Ni mails han respondido, ni mensajes.",
      "confianza": 0.479
    },
    {
      "hablante": "Hablante B",
      "inicio": 120.57,
      "fin": 132.54,
      "duracion": 11.97,
      "texto": "No, porque han tenido clientes anteriores que han ido a juicio con Montalvo, han tenido alguna... que se encuentren con Montalvo y al final han tenido a favor de dos plata.",
      "confianza": 0.586
    },
    {
      "hablante": "Hablante B",
      "inicio": 132.56,
      "fin": 139.89,
      "duracion": 7.33,
      "texto": "Sí, bueno, pero vos te imaginas que después de dos años yo no voy a meter otra vez un abogado, no me interesa trabajar con Montalvo.",
      "confianza": 0.562
    },
    {
      "hablante": "Hablante B",
      "inicio": 139.91,
      "fin": 144.74,
      "duracion": 4.82,
      "texto": "Yo simplemente recibo la llamada, los atiendo porque usted está trabajando, pero...",
      "confianza": 0.564
    },
    {
      "hablante": "Hablante B",
      "inicio": 145.06,
      "fin": 146.54,
      "duracion": 1.49,
      "texto": "No me interesa.",
      "confianza": 0.481
    },
    {
      "hablante": "Hablante B",
      "inicio": 146.56,
      "fin": 147.39,
      "duracion": 0.82,
      "texto": "Bueno, vale, no hay problema.",
      "confianza": 0.48
    },
    {
      "hablante": "Hablante B",
      "inicio": 147.77,
      "fin": 150.46,
      "duracion": 2.69,
      "texto": "Superentendente de Pablo, le doy lo mismo.",
      "confianza": 0.65
    },
    {
      "hablante": "Hablante B",
      "inicio": 150.62,
      "fin": 152.97,
      "duracion": 2.35,
      "texto": "Muchas gracias igualmente por tu tiempo, que tengas un buen día.",
      "confianza": 0.739
    },
    {
      "hablante": "Hablante B",
      "inicio": 153.9,
      "fin": 155.08,
      "duracion": 1.19,
      "texto": "Igualmente, gracias.",
      "confianza": 0.678
    }
  ],
  "transcripcion_completa": "Ay, Tomás. Hola. Hola, buen día, Pablo. ¿Cómo estás? Disculpame que recién se cortó el llamado, ¿no, Lili? Te hablé de este lado. Me estoy comunicando con vos del área de beneficios móviles de Movistar porque teníamos un beneficio con el 80% de descuento para brindarte. ¿Vos no sos la misma chica que me llamó hace un experimento atrás, no? No tengo idea, Pablo, de verdad. Bueno, te comento el tema que me pasa a mí con Movistar, como le dije a la otra. Ustedes como vendedores de Movistar me pueden asociar tantas veces quieran ese producto, pero Movistar como empresa me está debiendo desde hace dos años una sobrepacturación de roaming que yo contraté en su momento cuando me fui a trabajar al exterior y me lo cobraron dos veces. O sea, yo pagué una en dólares y después me lo cobraron dos veces más, en dos meses diferentes. Ahora, Movistar, después de los reclamos que yo hice, nunca me respondió los mensajes, nunca me reintegró el pago de más. ¿Claro, igual lo ganaste dos veces o te lo volvieron a cobrar y quedó la deura? No, no. No, no quedó ninguna supuesta deuda. Yo lo pagué y después me volvieron a cobrar a través del banco, a través del banco y el banco me lo debitó. Después tuve que darle debatas al plan. Entonces, ¿qué pasa? A mí no me interesa trabajar con Movistar hasta que no me renten en la plaza y esto es hace dos años. Y eso lo pudiste arreglar con un abogado. Me cansé y en ningún momento me dieron respuesta. Ni mails han respondido, ni mensajes. No, porque han tenido clientes anteriores que han ido a juicio con Montalvo, han tenido alguna... que se encuentren con Montalvo y al final han tenido a favor de dos plata. Sí, bueno, pero vos te imaginas que después de dos años yo no voy a meter otra vez un abogado, no me interesa trabajar con Montalvo. Yo simplemente recibo la llamada, los atiendo porque usted está trabajando, pero... No me interesa. Bueno, vale, no hay problema. Superentendente de Pablo, le doy lo mismo. Muchas gracias igualmente por tu tiempo, que tengas un buen día. Igualmente, gracias.",
  "calidad": {
    "confianza_promedio": 0.519,
    "metodo_diarizacion": "pausas_fallback",
    "tiempo_procesamiento": 10.1
  },
  "metadata": {
    "modelo": "whisperx_medium",
    "diarizacion": "pausas",
    "dispositivo": "cuda",
    "fecha": "2026-02-18T23:19:48.654511",
    "version": "5.0_ecapa"
  }
}