{
  "archivo": "amza12_1_260210190527616_ACD_79563.wav",
  "duracion_segundos": 88.0,
  "num_segmentos": 19,
  "num_hablantes": 2,
  "hablantes": [
    "Hablante A",
    "Hablante B"
  ],
  "tiempo_por_hablante": {
    "Hablante B": 58.4,
    "Hablante A": 17.49
  },
  "idioma": "es",
  "conversacion": [
    {
      "hablante": "Hablante B",
      "inicio": 2.9,
      "fin": 3.08,
      "duracion": 0.18,
      "texto": "¿Hola?",
      "confianza": 0.284
    },
    {
      "hablante": "Hablante B",
      "inicio": 3.1,
      "fin": 9.49,
      "duracion": 6.39,
      "texto": "¿Sí?",
      "confianza": 0.527
    },
    {
      "hablante": "Hablante B",
      "inicio": 9.51,
      "fin": 10.17,
      "duracion": 0.66,
      "texto": "¿Hola, aquí te hablo con Marcelo?",
      "confianza": 0.002
    },
    {
      "hablante": "Hablante B",
      "inicio": 10.19,
      "fin": 10.53,
      "duracion": 0.34,
      "texto": "¿Pero a ti quién?",
      "confianza": 0.014
    },
    {
      "hablante": "Hablante B",
      "inicio": 10.55,
      "fin": 15.28,
      "duracion": 4.73,
      "texto": "Bien, mi nombre es Luciana, Marcelo me comunicó porque tenemos un beneficio para lo que es su línea, ¿sí?",
      "confianza": 0.765
    },
    {
      "hablante": "Hablante B",
      "inicio": 15.4,
      "fin": 16.9,
      "duracion": 1.5,
      "texto": "Actualmente usted es claro, ¿puedes ser?",
      "confianza": 0.815
    },
    {
      "hablante": "Hablante A",
      "inicio": 21.55,
      "fin": 21.79,
      "duracion": 0.24,
      "texto": "¿Sí, de qué?",
      "confianza": 0.016
    },
    {
      "hablante": "Hablante A",
      "inicio": 21.81,
      "fin": 22.21,
      "duracion": 0.4,
      "texto": "¿Habla de militar?",
      "confianza": 0.068
    },
    {
      "hablante": "Hablante A",
      "inicio": 22.23,
      "fin": 22.55,
      "duracion": 0.32,
      "texto": "Sí, de militar.",
      "confianza": 0.131
    },
    {
      "hablante": "Hablante A",
      "inicio": 22.91,
      "fin": 30.26,
      "duracion": 7.35,
      "texto": "Hoy por ejemplo comunicarle lo que es Marcelo, sí, que estamos teniendo lo que es un beneficio de 85% de descuento, ¿bien?",
      "confianza": 0.725
    },
    {
      "hablante": "Hablante A",
      "inicio": 30.62,
      "fin": 34.03,
      "duracion": 3.4,
      "texto": "No sé nada, la realidad es que estaría increíble que puedas poder aprovecharlo.",
      "confianza": 0.627
    },
    {
      "hablante": "Hablante A",
      "inicio": 34.57,
      "fin": 37.83,
      "duracion": 3.26,
      "texto": "Estoy viendo en el sistema donde figura que usted ha sido cliente anteriormente.",
      "confianza": 0.676
    },
    {
      "hablante": "Hablante A",
      "inicio": 37.85,
      "fin": 40.38,
      "duracion": 2.52,
      "texto": "¿Me ofrecerá por qué motivo decidió hacer el cambio?",
      "confianza": 0.645
    },
    {
      "hablante": "Hablante B",
      "inicio": 42.82,
      "fin": 44.9,
      "duracion": 2.08,
      "texto": "Y porque nunca me solucionaban los problemas.",
      "confianza": 0.537
    },
    {
      "hablante": "Hablante B",
      "inicio": 44.92,
      "fin": 50.45,
      "duracion": 5.53,
      "texto": "Siempre iba a movilizar y me decía no, no había ese problema en el teléfono.",
      "confianza": 0.335
    },
    {
      "hablante": "Hablante B",
      "inicio": 50.47,
      "fin": 56.28,
      "duracion": 5.81,
      "texto": "Y se tiraban la bolilla una al otro, a movilizar y derramó Mejía, fui.",
      "confianza": 0.296
    },
    {
      "hablante": "Hablante B",
      "inicio": 56.3,
      "fin": 57.78,
      "duracion": 1.48,
      "texto": "Y nunca me solucionaron un problema.",
      "confianza": 0.427
    },
    {
      "hablante": "Hablante B",
      "inicio": 58.28,
      "fin": 85.94,
      "duracion": 27.66,
      "texto": "Claro, super entiendo, entiendo, entiendo Marcelo, si realmente el bueno suele pasar, que nos ha realizado muy buena gestión de ese lado, te quiero pedir mil disculpas por parte de lo que es la empresa, si, que hoy por hoy, bueno como te había dicho, mi nombre es Luciana, si, tengo la posibilidad también de poder hacerlo en ese sentido, en el caso de que usted se puede cambiarse, si, otra vez a lo que es movistar y poder aprovechar...",
      "confianza": 0.685
    },
    {
      "hablante": "Hablante B",
      "inicio": 85.96,
      "fin": 88.0,
      "duracion": 2.04,
      "texto": "No, no, no, no, no, no, no, no, no, no, no, no, no, no, no, no, no, no, no, no, no, no, no, no, no,",
      "confianza": 0.082
    }
  ],
  "transcripcion_completa": "¿Hola? ¿Sí? ¿Hola, aquí te hablo con Marcelo? ¿Pero a ti quién? Bien, mi nombre es Luciana, Marcelo me comunicó porque tenemos un beneficio para lo que es su línea, ¿sí? Actualmente usted es claro, ¿puedes ser? ¿Sí, de qué? ¿Habla de militar? Sí, de militar. Hoy por ejemplo comunicarle lo que es Marcelo, sí, que estamos teniendo lo que es un beneficio de 85% de descuento, ¿bien? No sé nada, la realidad es que estaría increíble que puedas poder aprovecharlo. Estoy viendo en el sistema donde figura que usted ha sido cliente anteriormente. ¿Me ofrecerá por qué motivo decidió hacer el cambio? Y porque nunca me solucionaban los problemas. Siempre iba a movilizar y me decía no, no había ese problema en el teléfono. Y se tiraban la bolilla una al otro, a movilizar y derramó Mejía, fui. Y nunca me solucionaron un problema. Claro, super entiendo, entiendo, entiendo Marcelo, si realmente el bueno suele pasar, que nos ha realizado muy buena gestión de ese lado, te quiero pedir mil disculpas por parte de lo que es la empresa, si, que hoy por hoy, bueno como te había dicho, mi nombre es Luciana, si, tengo la posibilidad también de poder hacerlo en ese sentido, en el caso de que usted se puede cambiarse, si, otra vez a lo que es movistar y poder aprovechar... No, no, no, no, no, no, no, no, no, no, no, no, no, no, no, no, no, no, no, no, no, no, no, no, no,",
  "calidad": {
    "confianza_promedio": 0.403,
    "metodo_diarizacion": "pausas_fallback",
    "tiempo_procesamiento": 9.3
  },
  "metadata": {
    "modelo": "whisperx_medium",
    "diarizacion": "pausas",
    "dispositivo": "cuda",
    "fecha": "2026-02-18T23:04:52.609727",
    "version": "5.0_ecapa"
  }
}