{
  "archivo": "amza12_1_260211145247474_ACD_69711.wav",
  "duracion_segundos": 63.15,
  "num_segmentos": 23,
  "num_hablantes": 2,
  "hablantes": [
    "Hablante A",
    "Hablante B"
  ],
  "tiempo_por_hablante": {
    "Hablante B": 37.55,
    "Hablante A": 15.25
  },
  "idioma": "es",
  "conversacion": [
    {
      "hablante": "Hablante B",
      "inicio": 2.06,
      "fin": 5.5,
      "duracion": 3.45,
      "texto": "Hola, ¿qué tal?",
      "confianza": 0.071
    },
    {
      "hablante": "Hablante B",
      "inicio": 5.52,
      "fin": 5.92,
      "duracion": 0.4,
      "texto": "Hablo con Lindbergh.",
      "confianza": 0.002
    },
    {
      "hablante": "Hablante B",
      "inicio": 5.94,
      "fin": 6.0,
      "duracion": 0.06,
      "texto": "Sí.",
      "confianza": 0.04
    },
    {
      "hablante": "Hablante B",
      "inicio": 6.02,
      "fin": 6.46,
      "duracion": 0.44,
      "texto": "Un gusto.",
      "confianza": 0.915
    },
    {
      "hablante": "Hablante B",
      "inicio": 6.5,
      "fin": 7.76,
      "duracion": 1.26,
      "texto": "Como le digo, mi nombre es Luciana.",
      "confianza": 0.581
    },
    {
      "hablante": "Hablante B",
      "inicio": 7.98,
      "fin": 11.13,
      "duracion": 3.14,
      "texto": "Sí, yo me estoy contactando para ofrecerte lo que es un descuento en la línea.",
      "confianza": 0.691
    },
    {
      "hablante": "Hablante B",
      "inicio": 11.75,
      "fin": 14.53,
      "duracion": 2.78,
      "texto": "Me figura que te habían estado contactando bien.",
      "confianza": 0.755
    },
    {
      "hablante": "Hablante B",
      "inicio": 15.15,
      "fin": 17.86,
      "duracion": 2.7,
      "texto": "Actualmente, Lindbergh, te encuentras con claro, ¿verdad?",
      "confianza": 0.708
    },
    {
      "hablante": "Hablante A",
      "inicio": 20.82,
      "fin": 22.92,
      "duracion": 2.1,
      "texto": "Sí, por ahora no quiero cambiar nada.",
      "confianza": 0.216
    },
    {
      "hablante": "Hablante A",
      "inicio": 22.94,
      "fin": 24.27,
      "duracion": 1.32,
      "texto": "Bien, ¿por algún motivo en especial?",
      "confianza": 0.686
    },
    {
      "hablante": "Hablante A",
      "inicio": 24.29,
      "fin": 25.45,
      "duracion": 1.16,
      "texto": "¿No te quieres cambiar?",
      "confianza": 0.686
    },
    {
      "hablante": "Hablante A",
      "inicio": 25.47,
      "fin": 29.63,
      "duracion": 4.17,
      "texto": "Y lo mismo en todas las empresas, no veo diferencia.",
      "confianza": 0.503
    },
    {
      "hablante": "Hablante A",
      "inicio": 30.25,
      "fin": 31.88,
      "duracion": 1.62,
      "texto": "Bien, perfecto.",
      "confianza": 0.69
    },
    {
      "hablante": "Hablante A",
      "inicio": 31.94,
      "fin": 34.86,
      "duracion": 2.92,
      "texto": "Pero por ahí, bueno, varíen lo que son las cantidades de sigas, los precios.",
      "confianza": 0.678
    },
    {
      "hablante": "Hablante A",
      "inicio": 34.88,
      "fin": 36.84,
      "duracion": 1.96,
      "texto": "¿Cuánto es lo que estás pagando con Claro actualmente?",
      "confianza": 0.821
    },
    {
      "hablante": "Hablante B",
      "inicio": 39.44,
      "fin": 46.13,
      "duracion": 6.69,
      "texto": "No sé, 16 mil, creo.",
      "confianza": 0.226
    },
    {
      "hablante": "Hablante B",
      "inicio": 46.15,
      "fin": 46.43,
      "duracion": 0.28,
      "texto": "No me acuerdo.",
      "confianza": 0.0
    },
    {
      "hablante": "Hablante B",
      "inicio": 46.45,
      "fin": 46.67,
      "duracion": 0.22,
      "texto": "¿Es 16 mil?",
      "confianza": 0.002
    },
    {
      "hablante": "Hablante B",
      "inicio": 46.69,
      "fin": 46.75,
      "duracion": 0.06,
      "texto": "Sí.",
      "confianza": 0.008
    },
    {
      "hablante": "Hablante B",
      "inicio": 46.77,
      "fin": 50.76,
      "duracion": 3.98,
      "texto": "Bueno, te voy a tener que cortar porque justo viste que estoy en el trabajo, que estoy complicado.",
      "confianza": 0.172
    },
    {
      "hablante": "Hablante B",
      "inicio": 50.78,
      "fin": 54.58,
      "duracion": 3.8,
      "texto": "Bueno, no te puedo matar lo que es la oferta comercial que tengo para tu línea por WhatsApp.",
      "confianza": 0.633
    },
    {
      "hablante": "Hablante B",
      "inicio": 54.6,
      "fin": 59.27,
      "duracion": 4.66,
      "texto": "De última, a ver si te interesa, me escribís por ahí y te llamo.",
      "confianza": 0.738
    },
    {
      "hablante": "Hablante B",
      "inicio": 59.52,
      "fin": 63.15,
      "duracion": 3.63,
      "texto": "Gracias, adiós.",
      "confianza": 0.571
    }
  ],
  "transcripcion_completa": "Hola, ¿qué tal? Hablo con Lindbergh. Sí. Un gusto. Como le digo, mi nombre es Luciana. Sí, yo me estoy contactando para ofrecerte lo que es un descuento en la línea. Me figura que te habían estado contactando bien. Actualmente, Lindbergh, te encuentras con claro, ¿verdad? Sí, por ahora no quiero cambiar nada. Bien, ¿por algún motivo en especial? ¿No te quieres cambiar? Y lo mismo en todas las empresas, no veo diferencia. Bien, perfecto. Pero por ahí, bueno, varíen lo que son las cantidades de sigas, los precios. ¿Cuánto es lo que estás pagando con Claro actualmente? No sé, 16 mil, creo. No me acuerdo. ¿Es 16 mil? Sí. Bueno, te voy a tener que cortar porque justo viste que estoy en el trabajo, que estoy complicado. Bueno, no te puedo matar lo que es la oferta comercial que tengo para tu línea por WhatsApp. De última, a ver si te interesa, me escribís por ahí y te llamo. Gracias, adiós.",
  "calidad": {
    "confianza_promedio": 0.472,
    "metodo_diarizacion": "pausas_fallback",
    "tiempo_procesamiento": 7.3
  },
  "metadata": {
    "modelo": "whisperx_medium",
    "diarizacion": "pausas",
    "dispositivo": "cuda",
    "fecha": "2026-02-18T23:07:17.158291",
    "version": "5.0_ecapa"
  }
}