{
  "archivo": "amza10_1_260218115941233_ACD_47067.wav",
  "duracion_segundos": 95.48,
  "num_segmentos": 37,
  "num_hablantes": 2,
  "hablantes": [
    "Hablante A",
    "Hablante B"
  ],
  "tiempo_por_hablante": {
    "Hablante B": 16.93,
    "Hablante A": 64.87
  },
  "idioma": "es",
  "conversacion": [
    {
      "hablante": "Hablante B",
      "inicio": 1.7,
      "fin": 2.54,
      "duracion": 0.84,
      "texto": "Hola, buenos días.",
      "confianza": 0.6
    },
    {
      "hablante": "Hablante B",
      "inicio": 2.56,
      "fin": 3.26,
      "duracion": 0.7,
      "texto": "Hablo con Elida.",
      "confianza": 0.838
    },
    {
      "hablante": "Hablante B",
      "inicio": 4.25,
      "fin": 5.61,
      "duracion": 1.36,
      "texto": "¿De parte de quién?",
      "confianza": 0.361
    },
    {
      "hablante": "Hablante B",
      "inicio": 5.63,
      "fin": 6.39,
      "duracion": 0.76,
      "texto": "Lourdes, que habla.",
      "confianza": 0.633
    },
    {
      "hablante": "Hablante B",
      "inicio": 6.41,
      "fin": 11.7,
      "duracion": 5.29,
      "texto": "Me ponía en contacto porque queríamos brindar un 85% de descuento en las líneas.",
      "confianza": 0.534
    },
    {
      "hablante": "Hablante B",
      "inicio": 11.71,
      "fin": 13.26,
      "duracion": 1.54,
      "texto": "Creo que estás en claro, actualmente.",
      "confianza": 0.558
    },
    {
      "hablante": "Hablante B",
      "inicio": 13.28,
      "fin": 14.64,
      "duracion": 1.36,
      "texto": "Necesitamos una decisión.",
      "confianza": 0.78
    },
    {
      "hablante": "Hablante A",
      "inicio": 18.08,
      "fin": 18.46,
      "duracion": 0.38,
      "texto": "Sí, yo tengo claro.",
      "confianza": 0.006
    },
    {
      "hablante": "Hablante A",
      "inicio": 18.48,
      "fin": 18.92,
      "duracion": 0.44,
      "texto": "Sí, yo soy la titular.",
      "confianza": 0.007
    },
    {
      "hablante": "Hablante A",
      "inicio": 18.94,
      "fin": 20.14,
      "duracion": 1.2,
      "texto": "Ah, bien, Elida, un gusto.",
      "confianza": 0.446
    },
    {
      "hablante": "Hablante A",
      "inicio": 20.16,
      "fin": 23.49,
      "duracion": 3.32,
      "texto": "Bien, mira, queríamos brindarte si te comento el plan, que puedas estar al tanto.",
      "confianza": 0.647
    },
    {
      "hablante": "Hablante A",
      "inicio": 23.51,
      "fin": 27.73,
      "duracion": 4.23,
      "texto": "¿Te quieren 8.077 pesos con 18 gigas en total?",
      "confianza": 0.751
    },
    {
      "hablante": "Hablante A",
      "inicio": 28.16,
      "fin": 30.36,
      "duracion": 2.2,
      "texto": "Sí, son 8.000 y de regalo que le damos por 6 meses.",
      "confianza": 0.55
    },
    {
      "hablante": "Hablante A",
      "inicio": 30.71,
      "fin": 37.6,
      "duracion": 6.89,
      "texto": "Este vendría a ser el 85% de descuento que te incluye, por ejemplo, Rumen en América, WhatsApp gratis, todo limitado.",
      "confianza": 0.6
    },
    {
      "hablante": "Hablante A",
      "inicio": 37.92,
      "fin": 39.82,
      "duracion": 1.9,
      "texto": "Es bastante completo.",
      "confianza": 0.798
    },
    {
      "hablante": "Hablante A",
      "inicio": 39.84,
      "fin": 42.56,
      "duracion": 2.72,
      "texto": "No sé, vos más o menos.",
      "confianza": 0.178
    },
    {
      "hablante": "Hablante A",
      "inicio": 42.58,
      "fin": 42.86,
      "duracion": 0.28,
      "texto": "Pero ahora no.",
      "confianza": 0.01
    },
    {
      "hablante": "Hablante A",
      "inicio": 42.88,
      "fin": 45.47,
      "duracion": 2.58,
      "texto": "Igual de lo que estoy pagando, no hay diferencia.",
      "confianza": 0.103
    },
    {
      "hablante": "Hablante A",
      "inicio": 45.48,
      "fin": 46.61,
      "duracion": 1.12,
      "texto": "Bien, ¿cuánto estás abonando?",
      "confianza": 0.716
    },
    {
      "hablante": "Hablante A",
      "inicio": 47.39,
      "fin": 48.95,
      "duracion": 1.56,
      "texto": "Ocho mil.",
      "confianza": 0.128
    },
    {
      "hablante": "Hablante A",
      "inicio": 48.97,
      "fin": 49.33,
      "duracion": 0.36,
      "texto": "Bien.",
      "confianza": 0.773
    },
    {
      "hablante": "Hablante A",
      "inicio": 49.35,
      "fin": 50.67,
      "duracion": 1.32,
      "texto": "¿Y por la misma cantidad llegas?",
      "confianza": 0.717
    },
    {
      "hablante": "Hablante B",
      "inicio": 52.53,
      "fin": 53.75,
      "duracion": 1.22,
      "texto": "Sí, sí, sí, lo mismo.",
      "confianza": 0.316
    },
    {
      "hablante": "Hablante B",
      "inicio": 53.77,
      "fin": 54.19,
      "duracion": 0.42,
      "texto": "Bien.",
      "confianza": 0.538
    },
    {
      "hablante": "Hablante B",
      "inicio": 54.21,
      "fin": 56.36,
      "duracion": 2.14,
      "texto": "Nerida, yo veo que acá tenés que cuidar activo.",
      "confianza": 0.582
    },
    {
      "hablante": "Hablante B",
      "inicio": 56.4,
      "fin": 57.7,
      "duracion": 1.3,
      "texto": "O sea, ¿sos monotributista?",
      "confianza": 0.397
    },
    {
      "hablante": "Hablante A",
      "inicio": 59.24,
      "fin": 59.3,
      "duracion": 0.06,
      "texto": "Sí.",
      "confianza": 0.327
    },
    {
      "hablante": "Hablante A",
      "inicio": 59.67,
      "fin": 60.95,
      "duracion": 1.28,
      "texto": "Ah, bueno, ¿sabes por qué?",
      "confianza": 0.488
    },
    {
      "hablante": "Hablante A",
      "inicio": 61.01,
      "fin": 65.27,
      "duracion": 4.26,
      "texto": "Porque vos ahí, siendo un monotrobutista, accedes a otra promo que te conviene más.",
      "confianza": 0.676
    },
    {
      "hablante": "Hablante A",
      "inicio": 65.63,
      "fin": 69.42,
      "duracion": 3.78,
      "texto": "Por ejemplo, es una promo diferente para los monotrobutistas.",
      "confianza": 0.863
    },
    {
      "hablante": "Hablante A",
      "inicio": 69.5,
      "fin": 72.54,
      "duracion": 3.04,
      "texto": "Primero que nada, te quedaría el primer mes gratis para cada línea.",
      "confianza": 0.691
    },
    {
      "hablante": "Hablante A",
      "inicio": 72.56,
      "fin": 73.4,
      "duracion": 0.84,
      "texto": "Sí.",
      "confianza": 0.61
    },
    {
      "hablante": "Hablante A",
      "inicio": 73.42,
      "fin": 81.81,
      "duracion": 8.39,
      "texto": "Y tendrías un plan de 4 gigas, con 10 gigas también a partir de por seis meses, vas a tener 14 gigas en $7,500 más impuestos.",
      "confianza": 0.704
    },
    {
      "hablante": "Hablante A",
      "inicio": 81.83,
      "fin": 82.09,
      "duracion": 0.26,
      "texto": "No, no, no.",
      "confianza": 0.118
    },
    {
      "hablante": "Hablante A",
      "inicio": 82.11,
      "fin": 86.04,
      "duracion": 3.93,
      "texto": "Quédate tranquila.",
      "confianza": 0.122
    },
    {
      "hablante": "Hablante A",
      "inicio": 86.06,
      "fin": 86.42,
      "duracion": 0.36,
      "texto": "No, pero ahora no.",
      "confianza": 0.086
    },
    {
      "hablante": "Hablante A",
      "inicio": 87.31,
      "fin": 95.48,
      "duracion": 8.17,
      "texto": "Me quedo como estoy así que lo cerraré.",
      "confianza": 0.706
    }
  ],
  "transcripcion_completa": "Hola, buenos días. Hablo con Elida. ¿De parte de quién? Lourdes, que habla. Me ponía en contacto porque queríamos brindar un 85% de descuento en las líneas. Creo que estás en claro, actualmente. Necesitamos una decisión. Sí, yo tengo claro. Sí, yo soy la titular. Ah, bien, Elida, un gusto. Bien, mira, queríamos brindarte si te comento el plan, que puedas estar al tanto. ¿Te quieren 8.077 pesos con 18 gigas en total? Sí, son 8.000 y de regalo que le damos por 6 meses. Este vendría a ser el 85% de descuento que te incluye, por ejemplo, Rumen en América, WhatsApp gratis, todo limitado. Es bastante completo. No sé, vos más o menos. Pero ahora no. Igual de lo que estoy pagando, no hay diferencia. Bien, ¿cuánto estás abonando? Ocho mil. Bien. ¿Y por la misma cantidad llegas? Sí, sí, sí, lo mismo. Bien. Nerida, yo veo que acá tenés que cuidar activo. O sea, ¿sos monotributista? Sí. Ah, bueno, ¿sabes por qué? Porque vos ahí, siendo un monotrobutista, accedes a otra promo que te conviene más. Por ejemplo, es una promo diferente para los monotrobutistas. Primero que nada, te quedaría el primer mes gratis para cada línea. Sí. Y tendrías un plan de 4 gigas, con 10 gigas también a partir de por seis meses, vas a tener 14 gigas en $7,500 más impuestos. No, no, no. Quédate tranquila. No, pero ahora no. Me quedo como estoy así que lo cerraré.",
  "calidad": {
    "confianza_promedio": 0.485,
    "metodo_diarizacion": "pausas_fallback",
    "tiempo_procesamiento": 8.7
  },
  "metadata": {
    "modelo": "whisperx_medium",
    "diarizacion": "pausas",
    "dispositivo": "cuda",
    "fecha": "2026-02-18T22:53:22.868762",
    "version": "5.0_ecapa"
  }
}