{
  "archivo": "amza12_1_260211175444448_ACD_32883.wav",
  "duracion_segundos": 131.93,
  "num_segmentos": 68,
  "num_hablantes": 1,
  "hablantes": [
    "Hablante B"
  ],
  "tiempo_por_hablante": {
    "Hablante B": 120.8
  },
  "idioma": "es",
  "conversacion": [
    {
      "hablante": "Hablante B",
      "inicio": 1.79,
      "fin": 4.29,
      "duracion": 2.5,
      "texto": "¿Hola?",
      "confianza": 0.203
    },
    {
      "hablante": "Hablante B",
      "inicio": 4.31,
      "fin": 4.51,
      "duracion": 0.2,
      "texto": "¿Hola?",
      "confianza": 0.672
    },
    {
      "hablante": "Hablante B",
      "inicio": 4.53,
      "fin": 4.87,
      "duracion": 0.34,
      "texto": "¿Qué tal?",
      "confianza": 0.563
    },
    {
      "hablante": "Hablante B",
      "inicio": 4.89,
      "fin": 5.67,
      "duracion": 0.78,
      "texto": "¿Algo con Guillermo?",
      "confianza": 0.661
    },
    {
      "hablante": "Hablante B",
      "inicio": 6.71,
      "fin": 7.65,
      "duracion": 0.94,
      "texto": "Guillermo habla, sí.",
      "confianza": 0.329
    },
    {
      "hablante": "Hablante B",
      "inicio": 7.67,
      "fin": 8.54,
      "duracion": 0.86,
      "texto": "¿Qué tal, Guillermo?",
      "confianza": 0.567
    },
    {
      "hablante": "Hablante B",
      "inicio": 8.55,
      "fin": 9.54,
      "duracion": 0.98,
      "texto": "Bueno, mi nombre es Luciana.",
      "confianza": 0.529
    },
    {
      "hablante": "Hablante B",
      "inicio": 9.64,
      "fin": 10.3,
      "duracion": 0.66,
      "texto": "Mucho gusto.",
      "confianza": 0.762
    },
    {
      "hablante": "Hablante B",
      "inicio": 10.32,
      "fin": 14.48,
      "duracion": 4.17,
      "texto": "Me comunico porque tengo un beneficio del 85% de la cuenta para lo que es su línea.",
      "confianza": 0.707
    },
    {
      "hablante": "Hablante B",
      "inicio": 14.5,
      "fin": 14.8,
      "duracion": 0.3,
      "texto": "¿Sí?",
      "confianza": 0.296
    },
    {
      "hablante": "Hablante B",
      "inicio": 14.82,
      "fin": 22.87,
      "duracion": 8.05,
      "texto": "¿Actualmente es claro?",
      "confianza": 0.12
    },
    {
      "hablante": "Hablante B",
      "inicio": 22.89,
      "fin": 22.97,
      "duracion": 0.08,
      "texto": "¡No!",
      "confianza": 0.0
    },
    {
      "hablante": "Hablante B",
      "inicio": 22.99,
      "fin": 23.05,
      "duracion": 0.06,
      "texto": "Sí.",
      "confianza": 0.0
    },
    {
      "hablante": "Hablante B",
      "inicio": 23.07,
      "fin": 23.73,
      "duracion": 0.66,
      "texto": "¿Usted actualmente es claro?",
      "confianza": 0.223
    },
    {
      "hablante": "Hablante B",
      "inicio": 23.75,
      "fin": 23.98,
      "duracion": 0.22,
      "texto": "¡No diga!",
      "confianza": 0.203
    },
    {
      "hablante": "Hablante B",
      "inicio": 24.11,
      "fin": 24.56,
      "duracion": 0.44,
      "texto": "¡Qué suertudos gandos!",
      "confianza": 0.068
    },
    {
      "hablante": "Hablante B",
      "inicio": 24.58,
      "fin": 26.0,
      "duracion": 1.42,
      "texto": "¿Usted actualmente es cliente claro?",
      "confianza": 0.455
    },
    {
      "hablante": "Hablante B",
      "inicio": 27.14,
      "fin": 27.64,
      "duracion": 0.5,
      "texto": "De claro.",
      "confianza": 0.735
    },
    {
      "hablante": "Hablante B",
      "inicio": 28.14,
      "fin": 29.26,
      "duracion": 1.12,
      "texto": "Bien, perfecto.",
      "confianza": 0.72
    },
    {
      "hablante": "Hablante B",
      "inicio": 29.56,
      "fin": 32.1,
      "duracion": 2.54,
      "texto": "¿Y actualmente usted es abono o hace recargas?",
      "confianza": 0.632
    },
    {
      "hablante": "Hablante B",
      "inicio": 33.07,
      "fin": 33.49,
      "duracion": 0.42,
      "texto": "Abono.",
      "confianza": 0.783
    },
    {
      "hablante": "Hablante B",
      "inicio": 34.25,
      "fin": 35.29,
      "duracion": 1.04,
      "texto": "Bien, perfecto.",
      "confianza": 0.765
    },
    {
      "hablante": "Hablante B",
      "inicio": 35.31,
      "fin": 41.32,
      "duracion": 6.01,
      "texto": "¿Y de cuántas más o menos llega su plan?",
      "confianza": 0.685
    },
    {
      "hablante": "Hablante B",
      "inicio": 41.34,
      "fin": 42.0,
      "duracion": 0.66,
      "texto": "¿De cuánto llega mi plan, Carlos?",
      "confianza": 0.029
    },
    {
      "hablante": "Hablante B",
      "inicio": 42.02,
      "fin": 42.5,
      "duracion": 0.48,
      "texto": "No sabemos.",
      "confianza": 0.454
    },
    {
      "hablante": "Hablante B",
      "inicio": 42.92,
      "fin": 43.52,
      "duracion": 0.6,
      "texto": "No sabemos.",
      "confianza": 0.401
    },
    {
      "hablante": "Hablante B",
      "inicio": 43.54,
      "fin": 47.92,
      "duracion": 4.38,
      "texto": "Bien, no hay ningún problema en eso, sí.",
      "confianza": 0.276
    },
    {
      "hablante": "Hablante B",
      "inicio": 47.95,
      "fin": 48.51,
      "duracion": 0.56,
      "texto": "Bien, me parece que 10 o 12.",
      "confianza": 0.003
    },
    {
      "hablante": "Hablante B",
      "inicio": 48.53,
      "fin": 49.31,
      "duracion": 0.78,
      "texto": "10 no era el mío.",
      "confianza": 0.209
    },
    {
      "hablante": "Hablante B",
      "inicio": 49.33,
      "fin": 49.63,
      "duracion": 0.3,
      "texto": "No, 10 el tuyo.",
      "confianza": 0.02
    },
    {
      "hablante": "Hablante B",
      "inicio": 49.65,
      "fin": 51.05,
      "duracion": 1.4,
      "texto": "Bien, no hay ningún problema en eso, sí.",
      "confianza": 0.398
    },
    {
      "hablante": "Hablante B",
      "inicio": 51.07,
      "fin": 55.44,
      "duracion": 4.37,
      "texto": "¿A actualmente usted es el único titular de su línea o tiene más líneas a su nombre?",
      "confianza": 0.682
    },
    {
      "hablante": "Hablante B",
      "inicio": 55.94,
      "fin": 57.94,
      "duracion": 2.0,
      "texto": "No, tengo más líneas.",
      "confianza": 0.092
    },
    {
      "hablante": "Hablante B",
      "inicio": 57.96,
      "fin": 58.68,
      "duracion": 0.72,
      "texto": "Bien, perfecto.",
      "confianza": 0.544
    },
    {
      "hablante": "Hablante B",
      "inicio": 58.74,
      "fin": 61.45,
      "duracion": 2.7,
      "texto": "O sea, que usted lo utiliza más que nada con su familia también.",
      "confianza": 0.569
    },
    {
      "hablante": "Hablante B",
      "inicio": 61.57,
      "fin": 63.45,
      "duracion": 1.88,
      "texto": "Claro.",
      "confianza": 0.436
    },
    {
      "hablante": "Hablante B",
      "inicio": 63.47,
      "fin": 64.41,
      "duracion": 0.94,
      "texto": "Bien, perfecto.",
      "confianza": 0.278
    },
    {
      "hablante": "Hablante B",
      "inicio": 64.43,
      "fin": 66.53,
      "duracion": 2.1,
      "texto": "¿Vos dónde sois?",
      "confianza": 0.186
    },
    {
      "hablante": "Hablante B",
      "inicio": 66.55,
      "fin": 67.11,
      "duracion": 0.56,
      "texto": "¿De qué empresa me llamás?",
      "confianza": 0.049
    },
    {
      "hablante": "Hablante B",
      "inicio": 67.13,
      "fin": 68.34,
      "duracion": 1.2,
      "texto": "Yo soy de Movistar, sí.",
      "confianza": 0.42
    },
    {
      "hablante": "Hablante B",
      "inicio": 68.36,
      "fin": 74.48,
      "duracion": 6.13,
      "texto": "Justamente le quería decir que actualmente estamos con el 85%, como le había dicho, y que los procesos están muy accesibles.",
      "confianza": 0.671
    },
    {
      "hablante": "Hablante B",
      "inicio": 74.86,
      "fin": 75.85,
      "duracion": 0.98,
      "texto": "Bien.",
      "confianza": 0.692
    },
    {
      "hablante": "Hablante B",
      "inicio": 75.87,
      "fin": 82.38,
      "duracion": 6.51,
      "texto": "Actualmente, por ejemplo, una línea y un plan de 8 gigas más 10 de regalo, o sea, son 18 en total.",
      "confianza": 0.697
    },
    {
      "hablante": "Hablante B",
      "inicio": 82.7,
      "fin": 83.34,
      "duracion": 0.64,
      "texto": "Bien.",
      "confianza": 0.696
    },
    {
      "hablante": "Hablante B",
      "inicio": 83.36,
      "fin": 85.54,
      "duracion": 2.18,
      "texto": "Le estaría quedando en 8.047 pesos.",
      "confianza": 0.657
    },
    {
      "hablante": "Hablante B",
      "inicio": 85.94,
      "fin": 86.1,
      "duracion": 0.16,
      "texto": "Sí.",
      "confianza": 0.398
    },
    {
      "hablante": "Hablante B",
      "inicio": 86.4,
      "fin": 92.27,
      "duracion": 5.87,
      "texto": "Actualmente usted, por ejemplo, ¿de cuántas líneas es el titular?",
      "confianza": 0.744
    },
    {
      "hablante": "Hablante B",
      "inicio": 92.29,
      "fin": 93.13,
      "duracion": 0.84,
      "texto": "Tres.",
      "confianza": 0.319
    },
    {
      "hablante": "Hablante B",
      "inicio": 93.15,
      "fin": 96.54,
      "duracion": 3.38,
      "texto": "Pero igual yo voy a ver todo eso cuando vuelva de las vacaciones.",
      "confianza": 0.631
    },
    {
      "hablante": "Hablante B",
      "inicio": 96.56,
      "fin": 98.1,
      "duracion": 1.54,
      "texto": "Ahora estoy en las vacaciones.",
      "confianza": 0.431
    },
    {
      "hablante": "Hablante B",
      "inicio": 98.12,
      "fin": 98.76,
      "duracion": 0.64,
      "texto": "Ah, qué lindo.",
      "confianza": 0.293
    },
    {
      "hablante": "Hablante B",
      "inicio": 98.78,
      "fin": 99.5,
      "duracion": 0.72,
      "texto": "Está disfrutando.",
      "confianza": 0.696
    },
    {
      "hablante": "Hablante B",
      "inicio": 99.98,
      "fin": 102.83,
      "duracion": 2.84,
      "texto": "Estoy disfrutando de todo lo que llega.",
      "confianza": 0.486
    },
    {
      "hablante": "Hablante B",
      "inicio": 102.85,
      "fin": 104.93,
      "duracion": 2.08,
      "texto": "Me parece muy bien.",
      "confianza": 0.329
    },
    {
      "hablante": "Hablante B",
      "inicio": 104.95,
      "fin": 105.13,
      "duracion": 0.18,
      "texto": "Perfecto.",
      "confianza": 0.014
    },
    {
      "hablante": "Hablante B",
      "inicio": 105.15,
      "fin": 105.67,
      "duracion": 0.52,
      "texto": "Así que...",
      "confianza": 0.337
    },
    {
      "hablante": "Hablante B",
      "inicio": 105.89,
      "fin": 108.91,
      "duracion": 3.02,
      "texto": "Después, ahora no.",
      "confianza": 0.22
    },
    {
      "hablante": "Hablante B",
      "inicio": 108.93,
      "fin": 109.15,
      "duracion": 0.22,
      "texto": "Dale, dale.",
      "confianza": 0.127
    },
    {
      "hablante": "Hablante B",
      "inicio": 109.17,
      "fin": 115.24,
      "duracion": 6.07,
      "texto": "Bueno, cualquier cosa yo ahora lo que voy a hacer, sí, Guillermo, es enviarle un mensajito a través de lo que es mi WhatsApp personal, ¿bien?",
      "confianza": 0.425
    },
    {
      "hablante": "Hablante B",
      "inicio": 115.26,
      "fin": 122.19,
      "duracion": 6.93,
      "texto": "Para que tenga en cuenta que, bueno, cualquier duda o consulta me puede escribir a mí y podemos hacer la gestión, ¿sí?",
      "confianza": 0.607
    },
    {
      "hablante": "Hablante B",
      "inicio": 122.21,
      "fin": 122.55,
      "duracion": 0.34,
      "texto": "Dale, dale, dale.",
      "confianza": 0.012
    },
    {
      "hablante": "Hablante B",
      "inicio": 122.57,
      "fin": 122.75,
      "duracion": 0.18,
      "texto": "Perfecto.",
      "confianza": 0.064
    },
    {
      "hablante": "Hablante B",
      "inicio": 122.78,
      "fin": 126.38,
      "duracion": 3.6,
      "texto": "Así que, bueno, un placer enorme, Guillermo, disfrutes.",
      "confianza": 0.552
    },
    {
      "hablante": "Hablante B",
      "inicio": 126.4,
      "fin": 126.6,
      "duracion": 0.2,
      "texto": "Un placer.",
      "confianza": 0.019
    },
    {
      "hablante": "Hablante B",
      "inicio": 126.62,
      "fin": 126.88,
      "duracion": 0.26,
      "texto": "Bueno, bueno.",
      "confianza": 0.021
    },
    {
      "hablante": "Hablante B",
      "inicio": 126.9,
      "fin": 127.36,
      "duracion": 0.46,
      "texto": "Un placer.",
      "confianza": 0.128
    },
    {
      "hablante": "Hablante B",
      "inicio": 127.38,
      "fin": 131.11,
      "duracion": 3.73,
      "texto": "Hasta luego.",
      "confianza": 0.609
    },
    {
      "hablante": "Hablante B",
      "inicio": 131.27,
      "fin": 131.93,
      "duracion": 0.66,
      "texto": "Chau, chau.",
      "confianza": 0.362
    }
  ],
  "transcripcion_completa": "¿Hola? ¿Hola? ¿Qué tal? ¿Algo con Guillermo? Guillermo habla, sí. ¿Qué tal, Guillermo? Bueno, mi nombre es Luciana. Mucho gusto. Me comunico porque tengo un beneficio del 85% de la cuenta para lo que es su línea. ¿Sí? ¿Actualmente es claro? ¡No! Sí. ¿Usted actualmente es claro? ¡No diga! ¡Qué suertudos gandos! ¿Usted actualmente es cliente claro? De claro. Bien, perfecto. ¿Y actualmente usted es abono o hace recargas? Abono. Bien, perfecto. ¿Y de cuántas más o menos llega su plan? ¿De cuánto llega mi plan, Carlos? No sabemos. No sabemos. Bien, no hay ningún problema en eso, sí. Bien, me parece que 10 o 12. 10 no era el mío. No, 10 el tuyo. Bien, no hay ningún problema en eso, sí. ¿A actualmente usted es el único titular de su línea o tiene más líneas a su nombre? No, tengo más líneas. Bien, perfecto. O sea, que usted lo utiliza más que nada con su familia también. Claro. Bien, perfecto. ¿Vos dónde sois? ¿De qué empresa me llamás? Yo soy de Movistar, sí. Justamente le quería decir que actualmente estamos con el 85%, como le había dicho, y que los procesos están muy accesibles. Bien. Actualmente, por ejemplo, una línea y un plan de 8 gigas más 10 de regalo, o sea, son 18 en total. Bien. Le estaría quedando en 8.047 pesos. Sí. Actualmente usted, por ejemplo, ¿de cuántas líneas es el titular? Tres. Pero igual yo voy a ver todo eso cuando vuelva de las vacaciones. Ahora estoy en las vacaciones. Ah, qué lindo. Está disfrutando. Estoy disfrutando de todo lo que llega. Me parece muy bien. Perfecto. Así que... Después, ahora no. Dale, dale. Bueno, cualquier cosa yo ahora lo que voy a hacer, sí, Guillermo, es enviarle un mensajito a través de lo que es mi WhatsApp personal, ¿bien? Para que tenga en cuenta que, bueno, cualquier duda o consulta me puede escribir a mí y podemos hacer la gestión, ¿sí? Dale, dale, dale. Perfecto. Así que, bueno, un placer enorme, Guillermo, disfrutes. Un placer. Bueno, bueno. Un placer. Hasta luego. Chau, chau.",
  "calidad": {
    "confianza_promedio": 0.408,
    "metodo_diarizacion": "pausas_fallback",
    "tiempo_procesamiento": 9.6
  },
  "metadata": {
    "modelo": "whisperx_medium",
    "diarizacion": "pausas",
    "dispositivo": "cuda",
    "fecha": "2026-02-18T23:08:59.479552",
    "version": "5.0_ecapa"
  }
}