{
  "archivo": "amza10_1_260212145756392_ACD_12369.wav",
  "duracion_segundos": 387.33,
  "num_segmentos": 95,
  "num_hablantes": 2,
  "hablantes": [
    "Hablante A",
    "Hablante B"
  ],
  "tiempo_por_hablante": {
    "Hablante A": 313.86,
    "Hablante B": 36.36
  },
  "idioma": "es",
  "conversacion": [
    {
      "hablante": "Hablante A",
      "inicio": 0.03,
      "fin": 3.29,
      "duracion": 3.26,
      "texto": "Hola.",
      "confianza": 0.692
    },
    {
      "hablante": "Hablante A",
      "inicio": 3.38,
      "fin": 5.32,
      "duracion": 1.94,
      "texto": "Hola, buenas tardes.",
      "confianza": 0.493
    },
    {
      "hablante": "Hablante A",
      "inicio": 5.34,
      "fin": 6.04,
      "duracion": 0.7,
      "texto": "Sí.",
      "confianza": 0.536
    },
    {
      "hablante": "Hablante A",
      "inicio": 6.06,
      "fin": 7.22,
      "duracion": 1.16,
      "texto": "¿Cómo vas, Lourdes?",
      "confianza": 0.45
    },
    {
      "hablante": "Hablante A",
      "inicio": 7.24,
      "fin": 10.72,
      "duracion": 3.48,
      "texto": "Te lo hablo con... Queríamos hablar en realidad con María, no sé si se encuentra.",
      "confianza": 0.536
    },
    {
      "hablante": "Hablante A",
      "inicio": 11.29,
      "fin": 13.49,
      "duracion": 2.2,
      "texto": "Mi esposa está descansando, ¿qué necesitabas?",
      "confianza": 0.384
    },
    {
      "hablante": "Hablante A",
      "inicio": 13.51,
      "fin": 14.39,
      "duracion": 0.88,
      "texto": "Disculpa, bien.",
      "confianza": 0.594
    },
    {
      "hablante": "Hablante A",
      "inicio": 14.41,
      "fin": 18.64,
      "duracion": 4.23,
      "texto": "No, queríamos darle un descuento, así que tenemos de los 80% para la línea.",
      "confianza": 0.61
    },
    {
      "hablante": "Hablante A",
      "inicio": 18.66,
      "fin": 22.28,
      "duracion": 3.62,
      "texto": "No sé si usted toma alguna decisión o no, pero se dice que se corresponde a la línea, ¿verdad?",
      "confianza": 0.487
    },
    {
      "hablante": "Hablante A",
      "inicio": 22.3,
      "fin": 24.42,
      "duracion": 2.12,
      "texto": "¿La línea de... telefonía?",
      "confianza": 0.716
    },
    {
      "hablante": "Hablante A",
      "inicio": 25.2,
      "fin": 26.69,
      "duracion": 1.48,
      "texto": "Ajá, la línea móvil.",
      "confianza": 0.704
    },
    {
      "hablante": "Hablante A",
      "inicio": 27.43,
      "fin": 28.47,
      "duracion": 1.04,
      "texto": "¿De qué empresa es?",
      "confianza": 0.613
    },
    {
      "hablante": "Hablante A",
      "inicio": 28.67,
      "fin": 30.11,
      "duracion": 1.44,
      "texto": "Yo me contacto del Montero.",
      "confianza": 0.423
    },
    {
      "hablante": "Hablante A",
      "inicio": 30.13,
      "fin": 32.71,
      "duracion": 2.58,
      "texto": "¿Usted está en claro?",
      "confianza": 0.367
    },
    {
      "hablante": "Hablante A",
      "inicio": 32.73,
      "fin": 34.36,
      "duracion": 1.62,
      "texto": "Sí, en realidad tiene claro porque se cambió.",
      "confianza": 0.564
    },
    {
      "hablante": "Hablante A",
      "inicio": 35.82,
      "fin": 38.12,
      "duracion": 2.3,
      "texto": "Habíamos llamado, no había descuento y se cambió hace un tiempo.",
      "confianza": 0.68
    },
    {
      "hablante": "Hablante A",
      "inicio": 39.34,
      "fin": 43.05,
      "duracion": 3.7,
      "texto": "Claro, en el año 2022 veo igual que se fue a su Montero.",
      "confianza": 0.469
    },
    {
      "hablante": "Hablante A",
      "inicio": 43.41,
      "fin": 52.7,
      "duracion": 9.29,
      "texto": "Bueno, nosotros tenemos un 80% de descuento en lo que es para los clientes claros y tenemos esta nueva gestión que es del área de recupero.",
      "confianza": 0.622
    },
    {
      "hablante": "Hablante A",
      "inicio": 53.09,
      "fin": 65.88,
      "duracion": 12.79,
      "texto": "Entonces sí, paralizarte en lo que es la oferta, si tomas alguna decisión o quieres que me contaste después.",
      "confianza": 0.361
    },
    {
      "hablante": "Hablante A",
      "inicio": 66.68,
      "fin": 71.2,
      "duracion": 4.52,
      "texto": "No, en realidad justamente estábamos viendo por ahí de...",
      "confianza": 0.096
    },
    {
      "hablante": "Hablante A",
      "inicio": 71.22,
      "fin": 72.04,
      "duracion": 0.82,
      "texto": "Espera, déjame pensar que ella tiene.",
      "confianza": 0.1
    },
    {
      "hablante": "Hablante A",
      "inicio": 72.06,
      "fin": 72.24,
      "duracion": 0.18,
      "texto": "Claro.",
      "confianza": 0.223
    },
    {
      "hablante": "Hablante A",
      "inicio": 72.26,
      "fin": 75.89,
      "duracion": 3.62,
      "texto": "Tengo diferentes líneas, diferentes cosas mías del negocio.",
      "confianza": 0.648
    },
    {
      "hablante": "Hablante A",
      "inicio": 77.09,
      "fin": 78.45,
      "duracion": 1.36,
      "texto": "Esperame, ¿qué pienso?",
      "confianza": 0.759
    },
    {
      "hablante": "Hablante A",
      "inicio": 78.47,
      "fin": 81.53,
      "duracion": 3.06,
      "texto": "Ella estaba llamando ahora.",
      "confianza": 0.556
    },
    {
      "hablante": "Hablante A",
      "inicio": 81.55,
      "fin": 81.69,
      "duracion": 0.14,
      "texto": "Ah.",
      "confianza": 0.531
    },
    {
      "hablante": "Hablante A",
      "inicio": 82.5,
      "fin": 85.9,
      "duracion": 3.4,
      "texto": "Claro.",
      "confianza": 0.463
    },
    {
      "hablante": "Hablante A",
      "inicio": 85.92,
      "fin": 91.07,
      "duracion": 5.15,
      "texto": "Estaba viendo la forma de que era capaz de cambiarse a personal porque había una promoción, no sé.",
      "confianza": 0.619
    },
    {
      "hablante": "Hablante A",
      "inicio": 91.09,
      "fin": 95.76,
      "duracion": 4.67,
      "texto": "¿Llaman todo a casa a la tarde?",
      "confianza": 0.687
    },
    {
      "hablante": "Hablante A",
      "inicio": 96.0,
      "fin": 100.36,
      "duracion": 4.37,
      "texto": "A ver qué te dice.",
      "confianza": 0.317
    },
    {
      "hablante": "Hablante A",
      "inicio": 100.38,
      "fin": 103.43,
      "duracion": 3.04,
      "texto": "Dale, si querés dejo un mensajito.",
      "confianza": 0.163
    },
    {
      "hablante": "Hablante A",
      "inicio": 103.45,
      "fin": 104.29,
      "duracion": 0.84,
      "texto": "Sí, mira, pienso en esto.",
      "confianza": 0.476
    },
    {
      "hablante": "Hablante A",
      "inicio": 104.69,
      "fin": 110.24,
      "duracion": 5.55,
      "texto": "Hace un rato me llamaron a mí de claro.",
      "confianza": 0.636
    },
    {
      "hablante": "Hablante A",
      "inicio": 110.26,
      "fin": 110.62,
      "duracion": 0.36,
      "texto": "Sí.",
      "confianza": 0.617
    },
    {
      "hablante": "Hablante A",
      "inicio": 111.2,
      "fin": 113.08,
      "duracion": 1.88,
      "texto": "Yo sigo con Movistar.",
      "confianza": 0.814
    },
    {
      "hablante": "Hablante B",
      "inicio": 114.73,
      "fin": 116.69,
      "duracion": 1.96,
      "texto": "Ya te digo lo que me ofrecieron recién de claro.",
      "confianza": 0.64
    },
    {
      "hablante": "Hablante A",
      "inicio": 122.24,
      "fin": 130.59,
      "duracion": 8.35,
      "texto": "Justamente esperan a que el cliente se vaya para llamar y hacer las promos, y es lo que yo le venía diciendo a la gente de Movistar.",
      "confianza": 0.593
    },
    {
      "hablante": "Hablante A",
      "inicio": 130.61,
      "fin": 131.77,
      "duracion": 1.16,
      "texto": "Acá.",
      "confianza": 0.832
    },
    {
      "hablante": "Hablante A",
      "inicio": 131.79,
      "fin": 141.06,
      "duracion": 9.27,
      "texto": "Acaban de pasar... 4 gigas 13.148.",
      "confianza": 0.739
    },
    {
      "hablante": "Hablante A",
      "inicio": 142.42,
      "fin": 145.49,
      "duracion": 3.06,
      "texto": "70% exacto por 12 meses, sí.",
      "confianza": 0.679
    },
    {
      "hablante": "Hablante A",
      "inicio": 146.27,
      "fin": 148.53,
      "duracion": 2.26,
      "texto": "Y le dije que a la tarde le confirmaba que se me cambiaba.",
      "confianza": 0.557
    },
    {
      "hablante": "Hablante B",
      "inicio": 150.9,
      "fin": 154.74,
      "duracion": 3.84,
      "texto": "Desde mi línea de movistar que no es por la que vos llamaste, que es la de mi esposa que ya se cambió.",
      "confianza": 0.533
    },
    {
      "hablante": "Hablante A",
      "inicio": 156.8,
      "fin": 164.9,
      "duracion": 8.09,
      "texto": "Pasa eso por ahí, que esperen a que nos vayamos para después llamarnos para hacer recupero.",
      "confianza": 0.669
    },
    {
      "hablante": "Hablante A",
      "inicio": 164.92,
      "fin": 165.42,
      "duracion": 0.5,
      "texto": "Entonces ahí te pregunto.",
      "confianza": 0.0
    },
    {
      "hablante": "Hablante A",
      "inicio": 165.44,
      "fin": 167.94,
      "duracion": 2.5,
      "texto": "No tengo ni idea yo, porque en realidad yo sí soy del área de recupero, porque es una nueva sesión en realidad.",
      "confianza": 0.014
    },
    {
      "hablante": "Hablante A",
      "inicio": 168.22,
      "fin": 176.85,
      "duracion": 8.63,
      "texto": "Y obviamente nosotros que queremos que el cliente pueda volver, si ponen el mismo caso de María, que se ponen también en el año 20 anterior.",
      "confianza": 0.495
    },
    {
      "hablante": "Hablante A",
      "inicio": 176.87,
      "fin": 194.55,
      "duracion": 17.68,
      "texto": "Entonces por eso la contactamos con esta oferta y que pueda volver a aprobar el servicio, incluso las promociones de esta del 80, están finalizadas por seis meses, precisamente porque antes se quedaban bastantes problemas con los que no aumentan la… ¿Y en cuánto le quedaría la línea?",
      "confianza": 0.631
    },
    {
      "hablante": "Hablante A",
      "inicio": 194.85,
      "fin": 201.7,
      "duracion": 6.85,
      "texto": "Y por ejemplo, yo tengo un plan que te sale 10.720, que son 18 gigas en total.",
      "confianza": 0.581
    },
    {
      "hablante": "Hablante A",
      "inicio": 201.72,
      "fin": 203.38,
      "duracion": 1.66,
      "texto": "8 y 10 reales.",
      "confianza": 0.643
    },
    {
      "hablante": "Hablante A",
      "inicio": 203.86,
      "fin": 212.39,
      "duracion": 8.53,
      "texto": "Por eso te comento, respecto a lo que vos comentaste, claro, hay gran diferencia con los gigas y demás.",
      "confianza": 0.564
    },
    {
      "hablante": "Hablante A",
      "inicio": 212.41,
      "fin": 219.0,
      "duracion": 6.59,
      "texto": "Pero bueno, nada, esta es la oferta y en el plan chat te viene incluido lo que es rumen en América también.",
      "confianza": 0.574
    },
    {
      "hablante": "Hablante A",
      "inicio": 219.02,
      "fin": 221.2,
      "duracion": 2.18,
      "texto": "Y para confirmarte, ¿qué hay que hacer?",
      "confianza": 0.261
    },
    {
      "hablante": "Hablante A",
      "inicio": 222.56,
      "fin": 229.01,
      "duracion": 6.45,
      "texto": "Bueno, en este caso, si María quiere, digamos, lo que es esta oferta, eh, no sé, comento más o menos cómo es.",
      "confianza": 0.618
    },
    {
      "hablante": "Hablante A",
      "inicio": 229.03,
      "fin": 235.85,
      "duracion": 6.83,
      "texto": "Nosotros enviamos el chip, según donde vos estés, en realidad, a poner el tiempo de su cursal, o Andrea, ni un domicilio, eso lo vamos viendo según la zona.",
      "confianza": 0.544
    },
    {
      "hablante": "Hablante A",
      "inicio": 237.13,
      "fin": 239.62,
      "duracion": 2.48,
      "texto": "Eh, y, eh, nosotros le damos el aviso a Claro.",
      "confianza": 0.48
    },
    {
      "hablante": "Hablante A",
      "inicio": 239.82,
      "fin": 243.78,
      "duracion": 3.96,
      "texto": "Sí, obviamente, eso sería para que Claro no le corte la línea a lo que es María, ¿sí?",
      "confianza": 0.615
    },
    {
      "hablante": "Hablante A",
      "inicio": 243.8,
      "fin": 252.35,
      "duracion": 8.55,
      "texto": "Así que nada, Antonio, eh, perdonadé, Claro, de por qué le da ocho días en la empresa normal, para que ella, obviamente, siga al cual, digamos, está y no quede incomunicada, ¿sí?",
      "confianza": 0.551
    },
    {
      "hablante": "Hablante A",
      "inicio": 252.8,
      "fin": 261.61,
      "duracion": 8.81,
      "texto": "Y eso es sencillo, acá los datos lo tengo, así que nada, lo que yo hago es validar los datos y vamos con la titular, pero para ver si está todo bien o hay que modificar algo.",
      "confianza": 0.557
    },
    {
      "hablante": "Hablante A",
      "inicio": 261.63,
      "fin": 263.09,
      "duracion": 1.46,
      "texto": "Y después te pedimos una foto de N.I.",
      "confianza": 0.304
    },
    {
      "hablante": "Hablante A",
      "inicio": 263.11,
      "fin": 267.08,
      "duracion": 3.96,
      "texto": "y eso para olvidar nada más.",
      "confianza": 0.472
    },
    {
      "hablante": "Hablante A",
      "inicio": 267.1,
      "fin": 280.37,
      "duracion": 13.27,
      "texto": "Lo que había pasado en el mes de diciembre fue que iba a cambiar a personal, pero mandaron el chip de personal, pero nunca después se pudo terminar la gestión.",
      "confianza": 0.784
    },
    {
      "hablante": "Hablante A",
      "inicio": 280.39,
      "fin": 280.85,
      "duracion": 0.46,
      "texto": "Ah, de personal, claro.",
      "confianza": 0.075
    },
    {
      "hablante": "Hablante A",
      "inicio": 281.4,
      "fin": 299.47,
      "duracion": 18.07,
      "texto": "Y por eso lo mismo, mandaron el chip todo, pero después no sé dónde estuvo el problema ahí, de la portabilidad o lo que sea, que no se pudo cambiar.",
      "confianza": 0.623
    },
    {
      "hablante": "Hablante A",
      "inicio": 299.49,
      "fin": 299.81,
      "duracion": 0.32,
      "texto": "Sí, sí entiendo.",
      "confianza": 0.0
    },
    {
      "hablante": "Hablante A",
      "inicio": 299.83,
      "fin": 303.48,
      "duracion": 3.64,
      "texto": "Bueno, no, eso es raro, igual de todas formas ya sería otra empresa, no sé, igual habría sido bien el problema, pero no te sabía decir si casamos por lo que es personal, digamos.",
      "confianza": 0.028
    },
    {
      "hablante": "Hablante A",
      "inicio": 303.5,
      "fin": 309.17,
      "duracion": 5.67,
      "texto": "Sí, la realidad es que estamos buscando, digamos, recortar gastos de todos lados, con lo cual, interesados, estaríamos interesados.",
      "confianza": 0.407
    },
    {
      "hablante": "Hablante A",
      "inicio": 309.43,
      "fin": 316.64,
      "duracion": 7.21,
      "texto": "Lo que no sé es cómo quedó la otra situación con personal, pero bueno, nada.",
      "confianza": 0.732
    },
    {
      "hablante": "Hablante A",
      "inicio": 317.06,
      "fin": 322.57,
      "duracion": 5.51,
      "texto": "Yo creo que no se avanzó en eso, cuando fue?",
      "confianza": 0.353
    },
    {
      "hablante": "Hablante A",
      "inicio": 322.59,
      "fin": 328.44,
      "duracion": 5.85,
      "texto": "En diciembre.",
      "confianza": 0.276
    },
    {
      "hablante": "Hablante A",
      "inicio": 328.46,
      "fin": 328.92,
      "duracion": 0.46,
      "texto": "No, no se arrancó nada.",
      "confianza": 0.014
    },
    {
      "hablante": "Hablante A",
      "inicio": 328.94,
      "fin": 331.76,
      "duracion": 2.82,
      "texto": "La mujer te pasaron ya dos meses y a mediatura era inclaro.",
      "confianza": 0.077
    },
    {
      "hablante": "Hablante A",
      "inicio": 331.78,
      "fin": 333.14,
      "duracion": 1.36,
      "texto": "No se arrancó nada.",
      "confianza": 0.32
    },
    {
      "hablante": "Hablante A",
      "inicio": 333.16,
      "fin": 336.81,
      "duracion": 3.64,
      "texto": "¿Querían 10.000 pesos aproximadamente por cuánto tiempo?",
      "confianza": 0.82
    },
    {
      "hablante": "Hablante A",
      "inicio": 336.86,
      "fin": 341.94,
      "duracion": 5.09,
      "texto": "10.720 pesos y que vas a tener el descuento por 6 meses del 80%.",
      "confianza": 0.613
    },
    {
      "hablante": "Hablante A",
      "inicio": 341.96,
      "fin": 343.38,
      "duracion": 1.42,
      "texto": "¿Y después?",
      "confianza": 0.824
    },
    {
      "hablante": "Hablante A",
      "inicio": 344.17,
      "fin": 349.03,
      "duracion": 4.87,
      "texto": "Después de los 6 meses se te da el aviso en realidad, pero para que buscas lo que es la oferta, sí.",
      "confianza": 0.55
    },
    {
      "hablante": "Hablante A",
      "inicio": 349.05,
      "fin": 350.65,
      "duracion": 1.6,
      "texto": "En el caso de ofrecer, obviamente, estar claramente.",
      "confianza": 0.484
    },
    {
      "hablante": "Hablante B",
      "inicio": 352.74,
      "fin": 352.98,
      "duracion": 0.24,
      "texto": "Bien.",
      "confianza": 0.677
    },
    {
      "hablante": "Hablante B",
      "inicio": 353.5,
      "fin": 357.34,
      "duracion": 3.84,
      "texto": "¿Vos me podés mandar la información al WhatsApp acá y después que ya lo evalué entre hoy y mañana?",
      "confianza": 0.442
    },
    {
      "hablante": "Hablante B",
      "inicio": 357.72,
      "fin": 358.46,
      "duracion": 0.74,
      "texto": "Sí, sí, no hay problema.",
      "confianza": 0.568
    },
    {
      "hablante": "Hablante B",
      "inicio": 358.92,
      "fin": 360.49,
      "duracion": 1.56,
      "texto": "Yo espero tu respuesta.",
      "confianza": 0.702
    },
    {
      "hablante": "Hablante B",
      "inicio": 360.53,
      "fin": 363.05,
      "duracion": 2.52,
      "texto": "Ahí te pongo un mensajito por WhatsApp.",
      "confianza": 0.435
    },
    {
      "hablante": "Hablante B",
      "inicio": 363.79,
      "fin": 368.24,
      "duracion": 4.45,
      "texto": "Bien.",
      "confianza": 0.474
    },
    {
      "hablante": "Hablante B",
      "inicio": 368.26,
      "fin": 372.16,
      "duracion": 3.91,
      "texto": "Y después se contacta a ese WhatsApp que recibe por cualquiera que se quiera avanzar.",
      "confianza": 0.636
    },
    {
      "hablante": "Hablante B",
      "inicio": 372.18,
      "fin": 372.7,
      "duracion": 0.52,
      "texto": "Sí, sí, vos me hablás.",
      "confianza": 0.086
    },
    {
      "hablante": "Hablante B",
      "inicio": 372.73,
      "fin": 376.77,
      "duracion": 4.05,
      "texto": "Vas a estar en contacto conmigo nomás por ese medio porque solamente me nombré el video.",
      "confianza": 0.29
    },
    {
      "hablante": "Hablante B",
      "inicio": 376.79,
      "fin": 379.84,
      "duracion": 3.05,
      "texto": "Así que cualquiera que quise, si me hablás, no tengo drama.",
      "confianza": 0.356
    },
    {
      "hablante": "Hablante B",
      "inicio": 379.86,
      "fin": 381.64,
      "duracion": 1.78,
      "texto": "Dale, mañana en toda casa se comunica.",
      "confianza": 0.568
    },
    {
      "hablante": "Hablante B",
      "inicio": 381.9,
      "fin": 382.36,
      "duracion": 0.46,
      "texto": "Dale.",
      "confianza": 0.236
    },
    {
      "hablante": "Hablante B",
      "inicio": 382.38,
      "fin": 383.02,
      "duracion": 0.64,
      "texto": "Muchísimas gracias.",
      "confianza": 0.571
    },
    {
      "hablante": "Hablante B",
      "inicio": 383.79,
      "fin": 384.13,
      "duracion": 0.34,
      "texto": "Gracias.",
      "confianza": 0.124
    },
    {
      "hablante": "Hablante B",
      "inicio": 384.15,
      "fin": 384.79,
      "duracion": 0.64,
      "texto": "Un gusto, adiós.",
      "confianza": 0.116
    },
    {
      "hablante": "Hablante B",
      "inicio": 384.81,
      "fin": 385.27,
      "duracion": 0.46,
      "texto": "Hasta luego.",
      "confianza": 0.186
    },
    {
      "hablante": "Hablante B",
      "inicio": 385.95,
      "fin": 387.15,
      "duracion": 1.2,
      "texto": "Igualmente.",
      "confianza": 0.249
    },
    {
      "hablante": "Hablante B",
      "inicio": 387.17,
      "fin": 387.33,
      "duracion": 0.16,
      "texto": "Gracias.",
      "confianza": 0.126
    }
  ],
  "transcripcion_completa": "Hola. Hola, buenas tardes. Sí. ¿Cómo vas, Lourdes? Te lo hablo con... Queríamos hablar en realidad con María, no sé si se encuentra. Mi esposa está descansando, ¿qué necesitabas? Disculpa, bien. No, queríamos darle un descuento, así que tenemos de los 80% para la línea. No sé si usted toma alguna decisión o no, pero se dice que se corresponde a la línea, ¿verdad? ¿La línea de... telefonía? Ajá, la línea móvil. ¿De qué empresa es? Yo me contacto del Montero. ¿Usted está en claro? Sí, en realidad tiene claro porque se cambió. Habíamos llamado, no había descuento y se cambió hace un tiempo. Claro, en el año 2022 veo igual que se fue a su Montero. Bueno, nosotros tenemos un 80% de descuento en lo que es para los clientes claros y tenemos esta nueva gestión que es del área de recupero. Entonces sí, paralizarte en lo que es la oferta, si tomas alguna decisión o quieres que me contaste después. No, en realidad justamente estábamos viendo por ahí de... Espera, déjame pensar que ella tiene. Claro. Tengo diferentes líneas, diferentes cosas mías del negocio. Esperame, ¿qué pienso? Ella estaba llamando ahora. Ah. Claro. Estaba viendo la forma de que era capaz de cambiarse a personal porque había una promoción, no sé. ¿Llaman todo a casa a la tarde? A ver qué te dice. Dale, si querés dejo un mensajito. Sí, mira, pienso en esto. Hace un rato me llamaron a mí de claro. Sí. Yo sigo con Movistar. Ya te digo lo que me ofrecieron recién de claro. Justamente esperan a que el cliente se vaya para llamar y hacer las promos, y es lo que yo le venía diciendo a la gente de Movistar. Acá. Acaban de pasar... 4 gigas 13.148. 70% exacto por 12 meses, sí. Y le dije que a la tarde le confirmaba que se me cambiaba. Desde mi línea de movistar que no es por la que vos llamaste, que es la de mi esposa que ya se cambió. Pasa eso por ahí, que esperen a que nos vayamos para después llamarnos para hacer recupero. Entonces ahí te pregunto. No tengo ni idea yo, porque en realidad yo sí soy del área de recupero, porque es una nueva sesión en realidad. Y obviamente nosotros que queremos que el cliente pueda volver, si ponen el mismo caso de María, que se ponen también en el año 20 anterior. Entonces por eso la contactamos con esta oferta y que pueda volver a aprobar el servicio, incluso las promociones de esta del 80, están finalizadas por seis meses, precisamente porque antes se quedaban bastantes problemas con los que no aumentan la… ¿Y en cuánto le quedaría la línea? Y por ejemplo, yo tengo un plan que te sale 10.720, que son 18 gigas en total. 8 y 10 reales. Por eso te comento, respecto a lo que vos comentaste, claro, hay gran diferencia con los gigas y demás. Pero bueno, nada, esta es la oferta y en el plan chat te viene incluido lo que es rumen en América también. Y para confirmarte, ¿qué hay que hacer? Bueno, en este caso, si María quiere, digamos, lo que es esta oferta, eh, no sé, comento más o menos cómo es. Nosotros enviamos el chip, según donde vos estés, en realidad, a poner el tiempo de su cursal, o Andrea, ni un domicilio, eso lo vamos viendo según la zona. Eh, y, eh, nosotros le damos el aviso a Claro. Sí, obviamente, eso sería para que Claro no le corte la línea a lo que es María, ¿sí? Así que nada, Antonio, eh, perdonadé, Claro, de por qué le da ocho días en la empresa normal, para que ella, obviamente, siga al cual, digamos, está y no quede incomunicada, ¿sí? Y eso es sencillo, acá los datos lo tengo, así que nada, lo que yo hago es validar los datos y vamos con la titular, pero para ver si está todo bien o hay que modificar algo. Y después te pedimos una foto de N.I. y eso para olvidar nada más. Lo que había pasado en el mes de diciembre fue que iba a cambiar a personal, pero mandaron el chip de personal, pero nunca después se pudo terminar la gestión. Ah, de personal, claro. Y por eso lo mismo, mandaron el chip todo, pero después no sé dónde estuvo el problema ahí, de la portabilidad o lo que sea, que no se pudo cambiar. Sí, sí entiendo. Bueno, no, eso es raro, igual de todas formas ya sería otra empresa, no sé, igual habría sido bien el problema, pero no te sabía decir si casamos por lo que es personal, digamos. Sí, la realidad es que estamos buscando, digamos, recortar gastos de todos lados, con lo cual, interesados, estaríamos interesados. Lo que no sé es cómo quedó la otra situación con personal, pero bueno, nada. Yo creo que no se avanzó en eso, cuando fue? En diciembre. No, no se arrancó nada. La mujer te pasaron ya dos meses y a mediatura era inclaro. No se arrancó nada. ¿Querían 10.000 pesos aproximadamente por cuánto tiempo? 10.720 pesos y que vas a tener el descuento por 6 meses del 80%. ¿Y después? Después de los 6 meses se te da el aviso en realidad, pero para que buscas lo que es la oferta, sí. En el caso de ofrecer, obviamente, estar claramente. Bien. ¿Vos me podés mandar la información al WhatsApp acá y después que ya lo evalué entre hoy y mañana? Sí, sí, no hay problema. Yo espero tu respuesta. Ahí te pongo un mensajito por WhatsApp. Bien. Y después se contacta a ese WhatsApp que recibe por cualquiera que se quiera avanzar. Sí, sí, vos me hablás. Vas a estar en contacto conmigo nomás por ese medio porque solamente me nombré el video. Así que cualquiera que quise, si me hablás, no tengo drama. Dale, mañana en toda casa se comunica. Dale. Muchísimas gracias. Gracias. Un gusto, adiós. Hasta luego. Igualmente. Gracias.",
  "calidad": {
    "confianza_promedio": 0.484,
    "metodo_diarizacion": "pausas_fallback",
    "tiempo_procesamiento": 18.2
  },
  "metadata": {
    "modelo": "whisperx_medium",
    "diarizacion": "pausas",
    "dispositivo": "cuda",
    "fecha": "2026-02-18T22:44:20.035847",
    "version": "5.0_ecapa"
  }
}