{
  "archivo": "amza10_1_260212170111984_ACD_33517.wav",
  "duracion_segundos": 80.36,
  "num_segmentos": 30,
  "num_hablantes": 2,
  "hablantes": [
    "Hablante A",
    "Hablante B"
  ],
  "tiempo_por_hablante": {
    "Hablante A": 9.75,
    "Hablante B": 59.28
  },
  "idioma": "es",
  "conversacion": [
    {
      "hablante": "Hablante A",
      "inicio": 0.25,
      "fin": 7.06,
      "duracion": 6.81,
      "texto": "Hola.",
      "confianza": 0.187
    },
    {
      "hablante": "Hablante A",
      "inicio": 7.08,
      "fin": 7.18,
      "duracion": 0.1,
      "texto": "Hola.",
      "confianza": 0.049
    },
    {
      "hablante": "Hablante A",
      "inicio": 7.2,
      "fin": 9.16,
      "duracion": 1.96,
      "texto": "Hola, buenas tardes, Raúl, ¿con Adrián?",
      "confianza": 0.68
    },
    {
      "hablante": "Hablante B",
      "inicio": 10.9,
      "fin": 10.96,
      "duracion": 0.06,
      "texto": "Sí.",
      "confianza": 0.016
    },
    {
      "hablante": "Hablante B",
      "inicio": 10.98,
      "fin": 11.64,
      "duracion": 0.66,
      "texto": "¿Qué tal, Adrián?",
      "confianza": 0.56
    },
    {
      "hablante": "Hablante B",
      "inicio": 11.66,
      "fin": 19.65,
      "duracion": 7.99,
      "texto": "Mi nombre es Mayra, desde la Ronda y Comunico, para brindarte un beneficio exclusivo al día de hoy con un 80% de descuento en tu línea.",
      "confianza": 0.595
    },
    {
      "hablante": "Hablante B",
      "inicio": 19.67,
      "fin": 22.61,
      "duracion": 2.94,
      "texto": "¿Cómo estás?",
      "confianza": 0.753
    },
    {
      "hablante": "Hablante B",
      "inicio": 22.64,
      "fin": 22.88,
      "duracion": 0.24,
      "texto": "¿Cómo estás?",
      "confianza": 0.002
    },
    {
      "hablante": "Hablante B",
      "inicio": 22.89,
      "fin": 26.08,
      "duracion": 3.18,
      "texto": "Mi nada, ya tengo claro y con cuidado estoy bien.",
      "confianza": 0.09
    },
    {
      "hablante": "Hablante B",
      "inicio": 26.1,
      "fin": 27.0,
      "duracion": 0.9,
      "texto": "Bien, perfecto.",
      "confianza": 0.586
    },
    {
      "hablante": "Hablante B",
      "inicio": 27.3,
      "fin": 31.33,
      "duracion": 4.03,
      "texto": "¿Y te podría preguntar qué es lo que te viene al plato que no te podría brindar yo?",
      "confianza": 0.556
    },
    {
      "hablante": "Hablante A",
      "inicio": 35.25,
      "fin": 36.13,
      "duracion": 0.88,
      "texto": "Qué buena pregunta.",
      "confianza": 0.306
    },
    {
      "hablante": "Hablante B",
      "inicio": 38.96,
      "fin": 40.76,
      "duracion": 1.8,
      "texto": "Qué buena pregunta.",
      "confianza": 0.261
    },
    {
      "hablante": "Hablante B",
      "inicio": 40.78,
      "fin": 48.43,
      "duracion": 7.65,
      "texto": "No sé, pasa que contaste recién además, Shaili, me hicieron una promoción ahí, todo el tiempo, y me dejaron un precio bastante ácido.",
      "confianza": 0.411
    },
    {
      "hablante": "Hablante B",
      "inicio": 48.45,
      "fin": 50.11,
      "duracion": 1.66,
      "texto": "No recuerdo tanto, no sé.",
      "confianza": 0.694
    },
    {
      "hablante": "Hablante B",
      "inicio": 50.13,
      "fin": 53.16,
      "duracion": 3.02,
      "texto": "Si me preguntás, me vas a matar, perdón.",
      "confianza": 0.489
    },
    {
      "hablante": "Hablante B",
      "inicio": 53.81,
      "fin": 60.0,
      "duracion": 6.19,
      "texto": "Claro, tenés una línea, ¿cierto?, este número y cables.",
      "confianza": 0.513
    },
    {
      "hablante": "Hablante B",
      "inicio": 60.02,
      "fin": 62.22,
      "duracion": 2.2,
      "texto": "Sí, y Internet, todo.",
      "confianza": 0.516
    },
    {
      "hablante": "Hablante B",
      "inicio": 62.24,
      "fin": 63.16,
      "duracion": 0.92,
      "texto": "Por Internet.",
      "confianza": 0.58
    },
    {
      "hablante": "Hablante B",
      "inicio": 63.2,
      "fin": 65.3,
      "duracion": 2.1,
      "texto": "¿Cuánto estás abonando actualmente?",
      "confianza": 0.683
    },
    {
      "hablante": "Hablante B",
      "inicio": 65.64,
      "fin": 66.94,
      "duracion": 1.3,
      "texto": "No, no sé.",
      "confianza": 0.488
    },
    {
      "hablante": "Hablante B",
      "inicio": 66.97,
      "fin": 68.81,
      "duracion": 1.84,
      "texto": "No recuerdo exactamente.",
      "confianza": 0.605
    },
    {
      "hablante": "Hablante B",
      "inicio": 69.23,
      "fin": 71.47,
      "duracion": 2.24,
      "texto": "Si querés, en otro momento te digo.",
      "confianza": 0.526
    },
    {
      "hablante": "Hablante B",
      "inicio": 71.59,
      "fin": 71.91,
      "duracion": 0.32,
      "texto": "Perfecto.",
      "confianza": 0.636
    },
    {
      "hablante": "Hablante B",
      "inicio": 71.93,
      "fin": 75.69,
      "duracion": 3.76,
      "texto": "¿Te parece si te dejo un mensaje por WhatsApp?",
      "confianza": 0.72
    },
    {
      "hablante": "Hablante B",
      "inicio": 75.71,
      "fin": 75.95,
      "duracion": 0.24,
      "texto": "Dale.",
      "confianza": 0.719
    },
    {
      "hablante": "Hablante B",
      "inicio": 76.02,
      "fin": 77.18,
      "duracion": 1.16,
      "texto": "Muchísimas gracias.",
      "confianza": 0.641
    },
    {
      "hablante": "Hablante B",
      "inicio": 77.44,
      "fin": 79.02,
      "duracion": 1.58,
      "texto": "A vos, que tenga un lindo día.",
      "confianza": 0.386
    },
    {
      "hablante": "Hablante B",
      "inicio": 79.04,
      "fin": 79.52,
      "duracion": 0.48,
      "texto": "Hasta luego.",
      "confianza": 0.102
    },
    {
      "hablante": "Hablante B",
      "inicio": 79.54,
      "fin": 80.36,
      "duracion": 0.82,
      "texto": "Gracias igualmente.",
      "confianza": 0.334
    }
  ],
  "transcripcion_completa": "Hola. Hola. Hola, buenas tardes, Raúl, ¿con Adrián? Sí. ¿Qué tal, Adrián? Mi nombre es Mayra, desde la Ronda y Comunico, para brindarte un beneficio exclusivo al día de hoy con un 80% de descuento en tu línea. ¿Cómo estás? ¿Cómo estás? Mi nada, ya tengo claro y con cuidado estoy bien. Bien, perfecto. ¿Y te podría preguntar qué es lo que te viene al plato que no te podría brindar yo? Qué buena pregunta. Qué buena pregunta. No sé, pasa que contaste recién además, Shaili, me hicieron una promoción ahí, todo el tiempo, y me dejaron un precio bastante ácido. No recuerdo tanto, no sé. Si me preguntás, me vas a matar, perdón. Claro, tenés una línea, ¿cierto?, este número y cables. Sí, y Internet, todo. Por Internet. ¿Cuánto estás abonando actualmente? No, no sé. No recuerdo exactamente. Si querés, en otro momento te digo. Perfecto. ¿Te parece si te dejo un mensaje por WhatsApp? Dale. Muchísimas gracias. A vos, que tenga un lindo día. Hasta luego. Gracias igualmente.",
  "calidad": {
    "confianza_promedio": 0.456,
    "metodo_diarizacion": "pausas_fallback",
    "tiempo_procesamiento": 7.2
  },
  "metadata": {
    "modelo": "whisperx_medium",
    "diarizacion": "pausas",
    "dispositivo": "cuda",
    "fecha": "2026-02-18T22:44:53.211689",
    "version": "5.0_ecapa"
  }
}