{
  "archivo": "amza15_1_260213131623771_ACD_56123.wav",
  "duracion_segundos": 333.06,
  "num_segmentos": 103,
  "num_hablantes": 2,
  "hablantes": [
    "Hablante A",
    "Hablante B"
  ],
  "tiempo_por_hablante": {
    "Hablante B": 220.05,
    "Hablante A": 77.01
  },
  "idioma": "es",
  "conversacion": [
    {
      "hablante": "Hablante B",
      "inicio": 2.44,
      "fin": 5.53,
      "duracion": 3.08,
      "texto": "Hola, buen día, Soledad.",
      "confianza": 0.048
    },
    {
      "hablante": "Hablante B",
      "inicio": 5.55,
      "fin": 5.61,
      "duracion": 0.06,
      "texto": "Sí.",
      "confianza": 0.065
    },
    {
      "hablante": "Hablante B",
      "inicio": 5.63,
      "fin": 6.31,
      "duracion": 0.68,
      "texto": "Mucho gusto, Soledad.",
      "confianza": 0.527
    },
    {
      "hablante": "Hablante B",
      "inicio": 6.33,
      "fin": 6.93,
      "duracion": 0.6,
      "texto": "Me presento.",
      "confianza": 0.778
    },
    {
      "hablante": "Hablante B",
      "inicio": 6.95,
      "fin": 7.69,
      "duracion": 0.74,
      "texto": "Mi nombre es Agustín.",
      "confianza": 0.458
    },
    {
      "hablante": "Hablante B",
      "inicio": 7.89,
      "fin": 9.97,
      "duracion": 2.08,
      "texto": "Yo le estoy llamando de lo que es el área que le vamos a visitar.",
      "confianza": 0.538
    },
    {
      "hablante": "Hablante B",
      "inicio": 9.99,
      "fin": 10.53,
      "duracion": 0.54,
      "texto": "¿Cómo le va?",
      "confianza": 0.546
    },
    {
      "hablante": "Hablante B",
      "inicio": 10.55,
      "fin": 12.07,
      "duracion": 1.52,
      "texto": "¿Todo bien?",
      "confianza": 0.82
    },
    {
      "hablante": "Hablante B",
      "inicio": 12.09,
      "fin": 12.97,
      "duracion": 0.88,
      "texto": "Todo bien.",
      "confianza": 0.428
    },
    {
      "hablante": "Hablante B",
      "inicio": 13.02,
      "fin": 13.6,
      "duracion": 0.58,
      "texto": "Me alegra mucho.",
      "confianza": 0.548
    },
    {
      "hablante": "Hablante B",
      "inicio": 13.9,
      "fin": 18.7,
      "duracion": 4.8,
      "texto": "Yo le estoy llamando más que nada porque vine, me subí acá en el sistema que usted fue parte de la compañía hace un tiempo atrás, ¿no?",
      "confianza": 0.491
    },
    {
      "hablante": "Hablante B",
      "inicio": 18.72,
      "fin": 20.78,
      "duracion": 2.06,
      "texto": "¿Quieres saber qué fue lo que la dejó cambiar?",
      "confianza": 0.431
    },
    {
      "hablante": "Hablante B",
      "inicio": 20.8,
      "fin": 22.0,
      "duracion": 1.2,
      "texto": "¿Se tuvo algún inconveniente?",
      "confianza": 0.479
    },
    {
      "hablante": "Hablante B",
      "inicio": 22.02,
      "fin": 24.35,
      "duracion": 2.32,
      "texto": "¿Fue por otra oferta?",
      "confianza": 0.649
    },
    {
      "hablante": "Hablante B",
      "inicio": 24.37,
      "fin": 27.49,
      "duracion": 3.12,
      "texto": "Me triplicaron la bolita de un día o dos.",
      "confianza": 0.383
    },
    {
      "hablante": "Hablante B",
      "inicio": 28.52,
      "fin": 30.06,
      "duracion": 1.54,
      "texto": "Le subió todo bastante.",
      "confianza": 0.71
    },
    {
      "hablante": "Hablante B",
      "inicio": 30.52,
      "fin": 35.39,
      "duracion": 4.87,
      "texto": "¿Puede ser entonces que se le haya vencido el vencimiento que tenían en ese momento los solidarios?",
      "confianza": 0.625
    },
    {
      "hablante": "Hablante B",
      "inicio": 36.45,
      "fin": 40.23,
      "duracion": 3.79,
      "texto": "Sí, puede ser, pero igual criticar me parece una guasada.",
      "confianza": 0.599
    },
    {
      "hablante": "Hablante B",
      "inicio": 40.26,
      "fin": 44.54,
      "duracion": 4.29,
      "texto": "No, sí, la verdad es que a mí también me pasaría mucho, ¿no?",
      "confianza": 0.595
    },
    {
      "hablante": "Hablante B",
      "inicio": 44.56,
      "fin": 48.03,
      "duracion": 3.47,
      "texto": "Al fin y al cabo uno contata al servicio por el valor inicial.",
      "confianza": 0.595
    },
    {
      "hablante": "Hablante B",
      "inicio": 48.34,
      "fin": 55.93,
      "duracion": 7.59,
      "texto": "Justamente lo que pasa lamentablemente es que cuando uno no empieza a renovar se le va el precio del lista y el precio del lista es realmente más elevado, justamente.",
      "confianza": 0.631
    },
    {
      "hablante": "Hablante B",
      "inicio": 56.39,
      "fin": 64.0,
      "duracion": 7.61,
      "texto": "Ahorita, por ejemplo, todas las promociones que hay son del 80% de descuento, a veces salen de más, a veces de menos, pero va por ese valor.",
      "confianza": 0.545
    },
    {
      "hablante": "Hablante B",
      "inicio": 64.02,
      "fin": 65.89,
      "duracion": 1.86,
      "texto": "Por eso parece que se le haya triplicado.",
      "confianza": 0.535
    },
    {
      "hablante": "Hablante B",
      "inicio": 66.35,
      "fin": 73.8,
      "duracion": 7.45,
      "texto": "Bien, y le consulto, esto me figura que fue en agosto de 2024, es un buen tiempo atrás, hace un año y medio.",
      "confianza": 0.6
    },
    {
      "hablante": "Hablante B",
      "inicio": 73.88,
      "fin": 75.32,
      "duracion": 1.44,
      "texto": "Bien, perfecto.",
      "confianza": 0.54
    },
    {
      "hablante": "Hablante B",
      "inicio": 75.34,
      "fin": 81.33,
      "duracion": 5.99,
      "texto": "Bueno, eso era justamente por ese mismo motivo yo ya estaba a llamarnos, sí, porque, bueno, sabemos que usted fue un excelente cliente acá en la compañía, ¿no?",
      "confianza": 0.583
    },
    {
      "hablante": "Hablante B",
      "inicio": 81.79,
      "fin": 84.37,
      "duracion": 2.58,
      "texto": "Y la idea de la empresa sería poder recuperarla como clienta.",
      "confianza": 0.691
    },
    {
      "hablante": "Hablante B",
      "inicio": 85.08,
      "fin": 89.58,
      "duracion": 4.51,
      "texto": "Usted es muy buena acá, y por eso le queremos ofrecer una producción exclusiva para que pueda volver con nosotros.",
      "confianza": 0.57
    },
    {
      "hablante": "Hablante B",
      "inicio": 89.98,
      "fin": 94.33,
      "duracion": 4.35,
      "texto": "Una mejor experiencia que la que tuvo antes, sí, sino no nos valdría la pena llamarlo y después pasárselo en boxe.",
      "confianza": 0.511
    },
    {
      "hablante": "Hablante B",
      "inicio": 94.63,
      "fin": 107.01,
      "duracion": 12.38,
      "texto": "Justamente, hoy en día, lo que se hace para que eso de seguridad del cliente, se hace un contrato comercial, que es un cierre, donde justamente se especifica todos los términos que tiene el plan, y eso es legalizado, queda adjuntado al trámite.",
      "confianza": 0.687
    },
    {
      "hablante": "Hablante B",
      "inicio": 107.43,
      "fin": 110.17,
      "duracion": 2.74,
      "texto": "De esa manera, uno se asegura que se le va a respetar y cumplirlo acordado.",
      "confianza": 0.552
    },
    {
      "hablante": "Hablante B",
      "inicio": 110.81,
      "fin": 114.0,
      "duracion": 3.18,
      "texto": "Hoy en día, le consulto, ¿se le da mucho uso al celular?",
      "confianza": 0.566
    },
    {
      "hablante": "Hablante B",
      "inicio": 114.02,
      "fin": 117.18,
      "duracion": 3.17,
      "texto": "¿Le usa mucho para trabajos sociales o le da un uso bastante básico?",
      "confianza": 0.612
    },
    {
      "hablante": "Hablante A",
      "inicio": 120.45,
      "fin": 120.61,
      "duracion": 0.16,
      "texto": "No creo.",
      "confianza": 0.104
    },
    {
      "hablante": "Hablante A",
      "inicio": 121.26,
      "fin": 122.26,
      "duracion": 1.0,
      "texto": "Más o menos.",
      "confianza": 0.127
    },
    {
      "hablante": "Hablante A",
      "inicio": 122.28,
      "fin": 126.31,
      "duracion": 4.03,
      "texto": "Bien, mira, yo tengo acá dos planes para recomendarte, que en este caso tienen promociones del 80%.",
      "confianza": 0.598
    },
    {
      "hablante": "Hablante A",
      "inicio": 126.57,
      "fin": 129.45,
      "duracion": 2.88,
      "texto": "Bien, descuento del 80%, que son fijos y a la vez está bueno.",
      "confianza": 0.53
    },
    {
      "hablante": "Hablante A",
      "inicio": 129.47,
      "fin": 135.4,
      "duracion": 5.93,
      "texto": "Por ejemplo, tengo un plan que es el más completo de los dos, que te viene... Aguardame que pase una lancha, para, no te escucho.",
      "confianza": 0.489
    },
    {
      "hablante": "Hablante A",
      "inicio": 135.42,
      "fin": 138.78,
      "duracion": 3.36,
      "texto": "Vale.",
      "confianza": 0.769
    },
    {
      "hablante": "Hablante A",
      "inicio": 138.8,
      "fin": 141.34,
      "duracion": 2.54,
      "texto": "Uy, se va a subir el agua hasta la mierda, ¿eh?",
      "confianza": 0.289
    },
    {
      "hablante": "Hablante A",
      "inicio": 141.36,
      "fin": 142.38,
      "duracion": 1.02,
      "texto": "No, mira, está alguien en la costa.",
      "confianza": 0.312
    },
    {
      "hablante": "Hablante B",
      "inicio": 144.07,
      "fin": 144.87,
      "duracion": 0.8,
      "texto": "No, no, no, en un río.",
      "confianza": 0.27
    },
    {
      "hablante": "Hablante B",
      "inicio": 145.89,
      "fin": 147.15,
      "duracion": 1.26,
      "texto": "Ah, mira.",
      "confianza": 0.514
    },
    {
      "hablante": "Hablante B",
      "inicio": 148.48,
      "fin": 160.07,
      "duracion": 11.59,
      "texto": "Ay no, me mataste.",
      "confianza": 0.205
    },
    {
      "hablante": "Hablante B",
      "inicio": 160.09,
      "fin": 160.47,
      "duracion": 0.38,
      "texto": "¡Prenderte al tiro!",
      "confianza": 0.027
    },
    {
      "hablante": "Hablante B",
      "inicio": 160.49,
      "fin": 160.83,
      "duracion": 0.34,
      "texto": "Ah, mira, ahí sí.",
      "confianza": 0.017
    },
    {
      "hablante": "Hablante B",
      "inicio": 160.85,
      "fin": 161.11,
      "duracion": 0.26,
      "texto": "Ahí sí ubico.",
      "confianza": 0.017
    },
    {
      "hablante": "Hablante B",
      "inicio": 161.13,
      "fin": 161.5,
      "duracion": 0.36,
      "texto": "Listo, sí, decime.",
      "confianza": 0.056
    },
    {
      "hablante": "Hablante B",
      "inicio": 161.51,
      "fin": 162.48,
      "duracion": 0.96,
      "texto": "Ahora sí, vamos de vuelta.",
      "confianza": 0.459
    },
    {
      "hablante": "Hablante B",
      "inicio": 162.82,
      "fin": 168.02,
      "duracion": 5.21,
      "texto": "Te comentaba, el cliente más completo de los dos que yo tengo para vos con los recertes viene en total con 18 gigas, ¿viste?",
      "confianza": 0.619
    },
    {
      "hablante": "Hablante B",
      "inicio": 168.06,
      "fin": 169.24,
      "duracion": 1.18,
      "texto": "Son 8 de base y 10 de regalo.",
      "confianza": 0.48
    },
    {
      "hablante": "Hablante B",
      "inicio": 170.12,
      "fin": 172.35,
      "duracion": 2.22,
      "texto": "También por ser mi cliente, solamente por ver a Movistar.",
      "confianza": 0.578
    },
    {
      "hablante": "Hablante B",
      "inicio": 172.85,
      "fin": 174.47,
      "duracion": 1.62,
      "texto": "Se viene también con las tarjetas gratis, obviamente.",
      "confianza": 0.419
    },
    {
      "hablante": "Hablante B",
      "inicio": 174.55,
      "fin": 176.41,
      "duracion": 1.86,
      "texto": "Tenés llamadas, invitaros a cualquier compañía.",
      "confianza": 0.705
    },
    {
      "hablante": "Hablante B",
      "inicio": 176.63,
      "fin": 183.4,
      "duracion": 6.77,
      "texto": "Un giro para Free Fire incluido, no sé si lo jugas, no creo, pero bueno, por ahí un hijo tiene... Claro, no.",
      "confianza": 0.417
    },
    {
      "hablante": "Hablante B",
      "inicio": 183.42,
      "fin": 188.34,
      "duracion": 4.93,
      "texto": "América Preso local también y Rumin en América, local te permitirá conectarse fuera del país también.",
      "confianza": 0.695
    },
    {
      "hablante": "Hablante B",
      "inicio": 188.82,
      "fin": 195.97,
      "duracion": 7.15,
      "texto": "Eso está bueno si te vas a la canción, tenés que trabajar... Sí, la última vez que fui a Miami...",
      "confianza": 0.37
    },
    {
      "hablante": "Hablante B",
      "inicio": 195.99,
      "fin": 196.29,
      "duracion": 0.3,
      "texto": "No, sí, no, no.",
      "confianza": 0.034
    },
    {
      "hablante": "Hablante B",
      "inicio": 196.31,
      "fin": 196.91,
      "duracion": 0.6,
      "texto": "No me interesa el Rumin, sí.",
      "confianza": 0.059
    },
    {
      "hablante": "Hablante B",
      "inicio": 196.93,
      "fin": 197.07,
      "duracion": 0.14,
      "texto": "Ok, ok.",
      "confianza": 0.075
    },
    {
      "hablante": "Hablante B",
      "inicio": 197.09,
      "fin": 198.21,
      "duracion": 1.12,
      "texto": "Bueno, te lo decía por las dudas.",
      "confianza": 0.604
    },
    {
      "hablante": "Hablante B",
      "inicio": 198.93,
      "fin": 204.44,
      "duracion": 5.51,
      "texto": "También tenés Guadalapaz a PayGigas, o sea que en el caso de que vos, por ejemplo, te solen gigas, se te va a enamorar automáticamente en el que viene.",
      "confianza": 0.617
    },
    {
      "hablante": "Hablante B",
      "inicio": 204.72,
      "fin": 207.03,
      "duracion": 2.3,
      "texto": "De esa manera te subes y siempre se te respete todo el plan.",
      "confianza": 0.531
    },
    {
      "hablante": "Hablante B",
      "inicio": 207.41,
      "fin": 209.79,
      "duracion": 2.38,
      "texto": "Y este te queda, por ejemplo, al día de hoy en 10.720 pesos.",
      "confianza": 0.779
    },
    {
      "hablante": "Hablante B",
      "inicio": 209.89,
      "fin": 210.05,
      "duracion": 0.16,
      "texto": "Bien.",
      "confianza": 0.539
    },
    {
      "hablante": "Hablante B",
      "inicio": 210.13,
      "fin": 218.24,
      "duracion": 8.11,
      "texto": "Y ahora también, el otro que te había comentado, que viene sin rooming, ese está en 7.790 pesos, o sea, son 3.000 pesos menos.",
      "confianza": 0.614
    },
    {
      "hablante": "Hablante B",
      "inicio": 218.26,
      "fin": 221.1,
      "duracion": 2.84,
      "texto": "Y te viene con cuatro gigas de base más y el regalo.",
      "confianza": 0.613
    },
    {
      "hablante": "Hablante B",
      "inicio": 221.12,
      "fin": 222.1,
      "duracion": 0.98,
      "texto": "Entre todos son 14.",
      "confianza": 0.534
    },
    {
      "hablante": "Hablante B",
      "inicio": 223.5,
      "fin": 224.52,
      "duracion": 1.02,
      "texto": "Sólo el que no tiene el rooming.",
      "confianza": 0.622
    },
    {
      "hablante": "Hablante B",
      "inicio": 224.54,
      "fin": 227.91,
      "duracion": 3.36,
      "texto": "Damos un poquito menos de gigas sin rooming, pero te sale 3.000 pesos menos.",
      "confianza": 0.53
    },
    {
      "hablante": "Hablante A",
      "inicio": 232.71,
      "fin": 233.15,
      "duracion": 0.44,
      "texto": "Bueno, hazme un favor.",
      "confianza": 0.011
    },
    {
      "hablante": "Hablante A",
      "inicio": 233.17,
      "fin": 233.77,
      "duracion": 0.6,
      "texto": "¿Puedes mandarme por WhatsApp?",
      "confianza": 0.034
    },
    {
      "hablante": "Hablante A",
      "inicio": 234.19,
      "fin": 235.67,
      "duracion": 1.48,
      "texto": "y lo vean por WhatsApp.",
      "confianza": 0.377
    },
    {
      "hablante": "Hablante A",
      "inicio": 235.69,
      "fin": 237.11,
      "duracion": 1.42,
      "texto": "Dale, te mando por WhatsApp.",
      "confianza": 0.791
    },
    {
      "hablante": "Hablante A",
      "inicio": 238.09,
      "fin": 242.8,
      "duracion": 4.71,
      "texto": "Te voy a dar el número desde mi número personal, no desde este mismo número, porque esto es de trabajo.",
      "confianza": 0.641
    },
    {
      "hablante": "Hablante A",
      "inicio": 242.82,
      "fin": 245.26,
      "duracion": 2.44,
      "texto": "Está bien, escúchame.",
      "confianza": 0.299
    },
    {
      "hablante": "Hablante A",
      "inicio": 245.28,
      "fin": 250.39,
      "duracion": 5.11,
      "texto": "Y otra cosa, ¿cuánto tarda en pasarse el personal a movistar?",
      "confianza": 0.353
    },
    {
      "hablante": "Hablante A",
      "inicio": 250.41,
      "fin": 255.02,
      "duracion": 4.61,
      "texto": "Mira, el tema del trámite siempre suelen ser de aprendiendo el método de envío.",
      "confianza": 0.757
    },
    {
      "hablante": "Hablante A",
      "inicio": 255.1,
      "fin": 261.53,
      "duracion": 6.43,
      "texto": "Por ejemplo, si es envío domicilio, más o menos son dos semanas, porque obviamente vos mantenerás la línea ahora, nunca te quedas sin señal.",
      "confianza": 0.567
    },
    {
      "hablante": "Hablante A",
      "inicio": 261.96,
      "fin": 271.32,
      "duracion": 9.35,
      "texto": "Pero si es con, por ejemplo, el rechino o el sucursal de Movistar, eso se hace en una semana, como mucho, es mucho más rápido.",
      "confianza": 0.66
    },
    {
      "hablante": "Hablante A",
      "inicio": 272.06,
      "fin": 274.84,
      "duracion": 2.78,
      "texto": "Bueno, vemos, porque fue trabajo todo el día.",
      "confianza": 0.071
    },
    {
      "hablante": "Hablante A",
      "inicio": 274.86,
      "fin": 276.0,
      "duracion": 1.14,
      "texto": "¿Trabajaste todo el día?",
      "confianza": 0.567
    },
    {
      "hablante": "Hablante A",
      "inicio": 276.02,
      "fin": 291.6,
      "duracion": 15.58,
      "texto": "Sí, igualmente, por ejemplo, para ese tipo de casos, que es lo que recomendamos nosotros, te acercas a la tienda Movistar, diez minutos, si el día que yo, o sea, yo, bueno, si lo que te pase te lo indica, y de esa manera vas y ahí mismo te colocas el chip todo, y en diez minutos salís de la tienda Movistar con todo funcionando y chao.",
      "confianza": 0.596
    },
    {
      "hablante": "Hablante B",
      "inicio": 293.54,
      "fin": 295.9,
      "duracion": 2.36,
      "texto": "Es mucho más sencillo que la verdad.",
      "confianza": 0.396
    },
    {
      "hablante": "Hablante B",
      "inicio": 295.92,
      "fin": 299.32,
      "duracion": 3.4,
      "texto": "Mándame la propuesta por WhatsApp y hablo con mi marido.",
      "confianza": 0.544
    },
    {
      "hablante": "Hablante B",
      "inicio": 299.35,
      "fin": 300.03,
      "duracion": 0.68,
      "texto": "Dale, perfecto.",
      "confianza": 0.763
    },
    {
      "hablante": "Hablante B",
      "inicio": 300.07,
      "fin": 303.63,
      "duracion": 3.56,
      "texto": "En el caso que si quieres pasar dos, te puedo sumar cuatro días más para cada línea.",
      "confianza": 0.673
    },
    {
      "hablante": "Hablante B",
      "inicio": 304.03,
      "fin": 305.27,
      "duracion": 1.24,
      "texto": "Eso también te lo quería comentar.",
      "confianza": 0.765
    },
    {
      "hablante": "Hablante B",
      "inicio": 305.95,
      "fin": 307.39,
      "duracion": 1.44,
      "texto": "Ya, bueno.",
      "confianza": 0.52
    },
    {
      "hablante": "Hablante B",
      "inicio": 307.42,
      "fin": 314.76,
      "duracion": 7.35,
      "texto": "Entonces, para... Y yo uso el de 7000, 5000.",
      "confianza": 0.27
    },
    {
      "hablante": "Hablante B",
      "inicio": 314.78,
      "fin": 314.84,
      "duracion": 0.06,
      "texto": "Sí.",
      "confianza": 0.001
    },
    {
      "hablante": "Hablante B",
      "inicio": 314.86,
      "fin": 314.94,
      "duracion": 0.08,
      "texto": "¿No?",
      "confianza": 0.038
    },
    {
      "hablante": "Hablante B",
      "inicio": 314.96,
      "fin": 315.04,
      "duracion": 0.08,
      "texto": "Sí.",
      "confianza": 0.378
    },
    {
      "hablante": "Hablante B",
      "inicio": 315.06,
      "fin": 320.99,
      "duracion": 5.93,
      "texto": "Se me quedan, si somos dos, son 8 GB más 10 GB de regalo por 7000 pesos.",
      "confianza": 0.491
    },
    {
      "hablante": "Hablante B",
      "inicio": 321.01,
      "fin": 321.67,
      "duracion": 0.66,
      "texto": "Exactamente.",
      "confianza": 0.913
    },
    {
      "hablante": "Hablante B",
      "inicio": 322.31,
      "fin": 323.49,
      "duracion": 1.18,
      "texto": "Exactamente.",
      "confianza": 0.905
    },
    {
      "hablante": "Hablante B",
      "inicio": 323.51,
      "fin": 324.5,
      "duracion": 0.98,
      "texto": "Mándame esa propuesta.",
      "confianza": 0.528
    },
    {
      "hablante": "Hablante B",
      "inicio": 324.68,
      "fin": 326.16,
      "duracion": 1.48,
      "texto": "Sí, le mandaré también.",
      "confianza": 0.584
    },
    {
      "hablante": "Hablante B",
      "inicio": 326.18,
      "fin": 330.45,
      "duracion": 4.27,
      "texto": "Dale, ya mismo te la mando, dame un segundo.",
      "confianza": 0.554
    },
    {
      "hablante": "Hablante B",
      "inicio": 330.47,
      "fin": 330.63,
      "duracion": 0.16,
      "texto": "Gracias.",
      "confianza": 0.018
    },
    {
      "hablante": "Hablante B",
      "inicio": 330.65,
      "fin": 331.9,
      "duracion": 1.24,
      "texto": "Dale, estamos hablando de que la mandé.",
      "confianza": 0.425
    },
    {
      "hablante": "Hablante B",
      "inicio": 331.92,
      "fin": 332.2,
      "duracion": 0.28,
      "texto": "Hasta luego.",
      "confianza": 0.072
    },
    {
      "hablante": "Hablante B",
      "inicio": 332.22,
      "fin": 333.06,
      "duracion": 0.84,
      "texto": "Estamos a las dos.",
      "confianza": 0.666
    }
  ],
  "transcripcion_completa": "Hola, buen día, Soledad. Sí. Mucho gusto, Soledad. Me presento. Mi nombre es Agustín. Yo le estoy llamando de lo que es el área que le vamos a visitar. ¿Cómo le va? ¿Todo bien? Todo bien. Me alegra mucho. Yo le estoy llamando más que nada porque vine, me subí acá en el sistema que usted fue parte de la compañía hace un tiempo atrás, ¿no? ¿Quieres saber qué fue lo que la dejó cambiar? ¿Se tuvo algún inconveniente? ¿Fue por otra oferta? Me triplicaron la bolita de un día o dos. Le subió todo bastante. ¿Puede ser entonces que se le haya vencido el vencimiento que tenían en ese momento los solidarios? Sí, puede ser, pero igual criticar me parece una guasada. No, sí, la verdad es que a mí también me pasaría mucho, ¿no? Al fin y al cabo uno contata al servicio por el valor inicial. Justamente lo que pasa lamentablemente es que cuando uno no empieza a renovar se le va el precio del lista y el precio del lista es realmente más elevado, justamente. Ahorita, por ejemplo, todas las promociones que hay son del 80% de descuento, a veces salen de más, a veces de menos, pero va por ese valor. Por eso parece que se le haya triplicado. Bien, y le consulto, esto me figura que fue en agosto de 2024, es un buen tiempo atrás, hace un año y medio. Bien, perfecto. Bueno, eso era justamente por ese mismo motivo yo ya estaba a llamarnos, sí, porque, bueno, sabemos que usted fue un excelente cliente acá en la compañía, ¿no? Y la idea de la empresa sería poder recuperarla como clienta. Usted es muy buena acá, y por eso le queremos ofrecer una producción exclusiva para que pueda volver con nosotros. Una mejor experiencia que la que tuvo antes, sí, sino no nos valdría la pena llamarlo y después pasárselo en boxe. Justamente, hoy en día, lo que se hace para que eso de seguridad del cliente, se hace un contrato comercial, que es un cierre, donde justamente se especifica todos los términos que tiene el plan, y eso es legalizado, queda adjuntado al trámite. De esa manera, uno se asegura que se le va a respetar y cumplirlo acordado. Hoy en día, le consulto, ¿se le da mucho uso al celular? ¿Le usa mucho para trabajos sociales o le da un uso bastante básico? No creo. Más o menos. Bien, mira, yo tengo acá dos planes para recomendarte, que en este caso tienen promociones del 80%. Bien, descuento del 80%, que son fijos y a la vez está bueno. Por ejemplo, tengo un plan que es el más completo de los dos, que te viene... Aguardame que pase una lancha, para, no te escucho. Vale. Uy, se va a subir el agua hasta la mierda, ¿eh? No, mira, está alguien en la costa. No, no, no, en un río. Ah, mira. Ay no, me mataste. ¡Prenderte al tiro! Ah, mira, ahí sí. Ahí sí ubico. Listo, sí, decime. Ahora sí, vamos de vuelta. Te comentaba, el cliente más completo de los dos que yo tengo para vos con los recertes viene en total con 18 gigas, ¿viste? Son 8 de base y 10 de regalo. También por ser mi cliente, solamente por ver a Movistar. Se viene también con las tarjetas gratis, obviamente. Tenés llamadas, invitaros a cualquier compañía. Un giro para Free Fire incluido, no sé si lo jugas, no creo, pero bueno, por ahí un hijo tiene... Claro, no. América Preso local también y Rumin en América, local te permitirá conectarse fuera del país también. Eso está bueno si te vas a la canción, tenés que trabajar... Sí, la última vez que fui a Miami... No, sí, no, no. No me interesa el Rumin, sí. Ok, ok. Bueno, te lo decía por las dudas. También tenés Guadalapaz a PayGigas, o sea que en el caso de que vos, por ejemplo, te solen gigas, se te va a enamorar automáticamente en el que viene. De esa manera te subes y siempre se te respete todo el plan. Y este te queda, por ejemplo, al día de hoy en 10.720 pesos. Bien. Y ahora también, el otro que te había comentado, que viene sin rooming, ese está en 7.790 pesos, o sea, son 3.000 pesos menos. Y te viene con cuatro gigas de base más y el regalo. Entre todos son 14. Sólo el que no tiene el rooming. Damos un poquito menos de gigas sin rooming, pero te sale 3.000 pesos menos. Bueno, hazme un favor. ¿Puedes mandarme por WhatsApp? y lo vean por WhatsApp. Dale, te mando por WhatsApp. Te voy a dar el número desde mi número personal, no desde este mismo número, porque esto es de trabajo. Está bien, escúchame. Y otra cosa, ¿cuánto tarda en pasarse el personal a movistar? Mira, el tema del trámite siempre suelen ser de aprendiendo el método de envío. Por ejemplo, si es envío domicilio, más o menos son dos semanas, porque obviamente vos mantenerás la línea ahora, nunca te quedas sin señal. Pero si es con, por ejemplo, el rechino o el sucursal de Movistar, eso se hace en una semana, como mucho, es mucho más rápido. Bueno, vemos, porque fue trabajo todo el día. ¿Trabajaste todo el día? Sí, igualmente, por ejemplo, para ese tipo de casos, que es lo que recomendamos nosotros, te acercas a la tienda Movistar, diez minutos, si el día que yo, o sea, yo, bueno, si lo que te pase te lo indica, y de esa manera vas y ahí mismo te colocas el chip todo, y en diez minutos salís de la tienda Movistar con todo funcionando y chao. Es mucho más sencillo que la verdad. Mándame la propuesta por WhatsApp y hablo con mi marido. Dale, perfecto. En el caso que si quieres pasar dos, te puedo sumar cuatro días más para cada línea. Eso también te lo quería comentar. Ya, bueno. Entonces, para... Y yo uso el de 7000, 5000. Sí. ¿No? Sí. Se me quedan, si somos dos, son 8 GB más 10 GB de regalo por 7000 pesos. Exactamente. Exactamente. Mándame esa propuesta. Sí, le mandaré también. Dale, ya mismo te la mando, dame un segundo. Gracias. Dale, estamos hablando de que la mandé. Hasta luego. Estamos a las dos.",
  "calidad": {
    "confianza_promedio": 0.47,
    "metodo_diarizacion": "pausas_fallback",
    "tiempo_procesamiento": 16.9
  },
  "metadata": {
    "modelo": "whisperx_medium",
    "diarizacion": "pausas",
    "dispositivo": "cuda",
    "fecha": "2026-02-18T23:51:16.152327",
    "version": "5.0_ecapa"
  }
}