{
  "archivo": "amza15_1_260213130644365_ACD_21181.wav",
  "duracion_segundos": 247.07,
  "num_segmentos": 64,
  "num_hablantes": 2,
  "hablantes": [
    "Hablante A",
    "Hablante B"
  ],
  "tiempo_por_hablante": {
    "Hablante A": 68.61,
    "Hablante B": 155.83
  },
  "idioma": "es",
  "conversacion": [
    {
      "hablante": "Hablante A",
      "inicio": 0.03,
      "fin": 5.82,
      "duracion": 5.79,
      "texto": "Hola, buen día, y Luis Marcelo.",
      "confianza": 0.147
    },
    {
      "hablante": "Hablante A",
      "inicio": 5.84,
      "fin": 10.45,
      "duracion": 4.61,
      "texto": "Luis, mucho gusto, mi nombre es Agustín, yo le estoy llamando de lo que es el área que le vamos a listar, ¿cómo le va todo bien?",
      "confianza": 0.618
    },
    {
      "hablante": "Hablante B",
      "inicio": 12.21,
      "fin": 12.49,
      "duracion": 0.28,
      "texto": "Muy bien, ¿no?",
      "confianza": 0.031
    },
    {
      "hablante": "Hablante B",
      "inicio": 12.51,
      "fin": 16.37,
      "duracion": 3.87,
      "texto": "Me alegra mucho, muy bien, muy bien, acá al trabajando, como me va a decir, ¿no?",
      "confianza": 0.253
    },
    {
      "hablante": "Hablante B",
      "inicio": 16.39,
      "fin": 21.12,
      "duracion": 4.73,
      "texto": "Bueno, Luis, yo le llamaba más que nada porque, mire, me figuré que había un sistema que se fue parte de la compañía, esto fue un tiempo atrás, ¿no?",
      "confianza": 0.535
    },
    {
      "hablante": "Hablante B",
      "inicio": 21.5,
      "fin": 28.07,
      "duracion": 6.57,
      "texto": "Quería saber qué fue lo que lo llevó a cambiar, si tuvo algún inconveniente y fue con otra oferta.",
      "confianza": 0.62
    },
    {
      "hablante": "Hablante B",
      "inicio": 28.09,
      "fin": 28.57,
      "duracion": 0.48,
      "texto": "Ah, sí, cambié porque...",
      "confianza": 0.036
    },
    {
      "hablante": "Hablante B",
      "inicio": 28.77,
      "fin": 32.75,
      "duracion": 3.98,
      "texto": "Ayer me han dado un plan y me salieron comiendo faltura.",
      "confianza": 0.024
    },
    {
      "hablante": "Hablante B",
      "inicio": 32.77,
      "fin": 34.7,
      "duracion": 1.92,
      "texto": "Bien, o sea, le llegó otra faltura al que nada que ver.",
      "confianza": 0.484
    },
    {
      "hablante": "Hablante B",
      "inicio": 35.22,
      "fin": 43.64,
      "duracion": 8.43,
      "texto": "Bien, esto puede haber sido, Juan, una cuestión por ahí del asesor que le tocó en ese momento, no sé cómo ha sido la cuestión al 100%, pero es muy probable que haya sido por eso.",
      "confianza": 0.676
    },
    {
      "hablante": "Hablante B",
      "inicio": 44.48,
      "fin": 48.13,
      "duracion": 3.64,
      "texto": "Hoy en día igualmente, Luis, gracias a Dios, hemos jugado mucho con respecto a eso.",
      "confianza": 0.621
    },
    {
      "hablante": "Hablante B",
      "inicio": 48.57,
      "fin": 56.4,
      "duracion": 7.83,
      "texto": "Hoy en día, en el caso de que ustedes vuelvan o estén en algún momento, ya sea ahora o después, se hace un contrato comercial, que es algo legalizado, me queda todo grabado,",
      "confianza": 0.685
    },
    {
      "hablante": "Hablante B",
      "inicio": 56.61,
      "fin": 61.08,
      "duracion": 4.47,
      "texto": "y ahí siempre se le va a respetar lo que se acordó con el asesor.",
      "confianza": 0.643
    },
    {
      "hablante": "Hablante B",
      "inicio": 61.1,
      "fin": 67.27,
      "duracion": 6.17,
      "texto": "De esa manera hemos evitado muchísimo este tipo de cosas y ya todavía está todo mucho más controlado, digamos.",
      "confianza": 0.709
    },
    {
      "hablante": "Hablante B",
      "inicio": 67.29,
      "fin": 71.17,
      "duracion": 3.89,
      "texto": "Hoy día por ejemplo le consulto a Luis Usteno para qué uso le da el celular.",
      "confianza": 0.546
    },
    {
      "hablante": "Hablante B",
      "inicio": 71.19,
      "fin": 81.99,
      "duracion": 10.8,
      "texto": "¿Lo usa mucho para viajar, en redes sociales o lo usa algo básico?",
      "confianza": 0.462
    },
    {
      "hablante": "Hablante B",
      "inicio": 82.01,
      "fin": 82.35,
      "duracion": 0.34,
      "texto": "Lo básico no más.",
      "confianza": 0.003
    },
    {
      "hablante": "Hablante B",
      "inicio": 82.37,
      "fin": 82.57,
      "duracion": 0.2,
      "texto": "Lo básico.",
      "confianza": 0.074
    },
    {
      "hablante": "Hablante B",
      "inicio": 83.21,
      "fin": 89.8,
      "duracion": 6.59,
      "texto": "Claro, cuando estés en la casa y todo eso, perfecto Luis.",
      "confianza": 0.534
    },
    {
      "hablante": "Hablante B",
      "inicio": 90.2,
      "fin": 103.47,
      "duracion": 13.28,
      "texto": "Justamente Luis, el motivo de la llamada también es que bueno, como sabemos que usted fue un excelente cliente, que bueno, después dejó la empresa por lo que ya conocemos, la idea justamente fue darle ahora un plan, más modo de compensación muy económico, que es una producción exclusiva para usted, ¿sí?",
      "confianza": 0.637
    },
    {
      "hablante": "Hablante B",
      "inicio": 103.49,
      "fin": 109.74,
      "duracion": 6.25,
      "texto": "Que por ejemplo, usted puede tener lo que es 14 gigas en total, que son 4 de base, más 10 de regalo por 6 meses,",
      "confianza": 0.666
    },
    {
      "hablante": "Hablante B",
      "inicio": 110.14,
      "fin": 118.87,
      "duracion": 8.73,
      "texto": "más WhatsApp, justamente, llamadas limitadas a cualquier compañía también, y guardar PASA Perilliga en $7,790 pesos a día de hoy.",
      "confianza": 0.75
    },
    {
      "hablante": "Hablante B",
      "inicio": 119.65,
      "fin": 127.0,
      "duracion": 7.35,
      "texto": "Estamos hablando que son menos de $8,000 pesos, la verdad es que es muy económico y es una promoción con el 80% del descuento.",
      "confianza": 0.556
    },
    {
      "hablante": "Hablante B",
      "inicio": 127.04,
      "fin": 130.64,
      "duracion": 3.6,
      "texto": "La verdad es que está muy interesante y justamente la idea es que usted la pueda aprovechar.",
      "confianza": 0.566
    },
    {
      "hablante": "Hablante B",
      "inicio": 130.66,
      "fin": 132.57,
      "duracion": 1.9,
      "texto": "Rui, no sé, por ejemplo, cómo se ve con esta promoción.",
      "confianza": 0.673
    },
    {
      "hablante": "Hablante A",
      "inicio": 135.53,
      "fin": 136.07,
      "duracion": 0.54,
      "texto": "Está buena, está muy buena.",
      "confianza": 0.011
    },
    {
      "hablante": "Hablante A",
      "inicio": 136.09,
      "fin": 136.83,
      "duracion": 0.74,
      "texto": "Está buenísima.",
      "confianza": 0.375
    },
    {
      "hablante": "Hablante A",
      "inicio": 136.85,
      "fin": 138.49,
      "duracion": 1.64,
      "texto": "¿Usted venía cuando estaba hablando, por ejemplo?",
      "confianza": 0.701
    },
    {
      "hablante": "Hablante A",
      "inicio": 139.5,
      "fin": 142.87,
      "duracion": 3.37,
      "texto": "Y yo estaba volando nuevamente.",
      "confianza": 0.385
    },
    {
      "hablante": "Hablante A",
      "inicio": 142.89,
      "fin": 146.25,
      "duracion": 3.36,
      "texto": "Claro, bueno, que va a pagar menos y, aparte, va a tener más beneficios, que es lo importante.",
      "confianza": 0.484
    },
    {
      "hablante": "Hablante A",
      "inicio": 146.65,
      "fin": 150.7,
      "duracion": 4.05,
      "texto": "Yo, además, ahora, a Luis, lo que estoy haciendo, le estoy enviando lo que es un mensajito de WhatsApp.",
      "confianza": 0.674
    },
    {
      "hablante": "Hablante A",
      "inicio": 150.72,
      "fin": 152.62,
      "duracion": 1.9,
      "texto": "Le puse, hola, Luis, soy Agustín de Movistar.",
      "confianza": 0.415
    },
    {
      "hablante": "Hablante A",
      "inicio": 152.64,
      "fin": 153.72,
      "duracion": 1.08,
      "texto": "¿Por qué se lo mandé?",
      "confianza": 0.585
    },
    {
      "hablante": "Hablante A",
      "inicio": 153.74,
      "fin": 158.67,
      "duracion": 4.93,
      "texto": "Porque yo voy a estar al tanto de todo su solicitud hasta el momento que usted se le porte la línea.",
      "confianza": 0.62
    },
    {
      "hablante": "Hablante A",
      "inicio": 158.99,
      "fin": 160.27,
      "duracion": 1.28,
      "texto": "Hasta usted ya esté en Movistar.",
      "confianza": 0.382
    },
    {
      "hablante": "Hablante A",
      "inicio": 160.75,
      "fin": 166.78,
      "duracion": 6.03,
      "texto": "Siempre que usted va a poder contar con alguien que lo vaya asesorando y guiando o ayudando en lo que pueda llegar a surgir, ¿no?",
      "confianza": 0.708
    },
    {
      "hablante": "Hablante A",
      "inicio": 166.8,
      "fin": 167.78,
      "duracion": 0.98,
      "texto": "A traerle WhatsApp.",
      "confianza": 0.744
    },
    {
      "hablante": "Hablante A",
      "inicio": 167.94,
      "fin": 169.31,
      "duracion": 1.36,
      "texto": "Sí, nos manejamos por ese método.",
      "confianza": 0.66
    },
    {
      "hablante": "Hablante A",
      "inicio": 169.91,
      "fin": 173.63,
      "duracion": 3.72,
      "texto": "Así es, es mucho más humanizado todo, ¿no?",
      "confianza": 0.561
    },
    {
      "hablante": "Hablante A",
      "inicio": 174.12,
      "fin": 175.3,
      "duracion": 1.18,
      "texto": "Está bueno.",
      "confianza": 0.628
    },
    {
      "hablante": "Hablante A",
      "inicio": 175.32,
      "fin": 181.22,
      "duracion": 5.91,
      "texto": "Perfecto.",
      "confianza": 0.551
    },
    {
      "hablante": "Hablante A",
      "inicio": 181.26,
      "fin": 182.86,
      "duracion": 1.6,
      "texto": "Dime.",
      "confianza": 0.502
    },
    {
      "hablante": "Hablante A",
      "inicio": 182.88,
      "fin": 184.38,
      "duracion": 1.5,
      "texto": "A las cinco más o menos está llegando.",
      "confianza": 0.572
    },
    {
      "hablante": "Hablante B",
      "inicio": 187.79,
      "fin": 196.86,
      "duracion": 9.07,
      "texto": "Está buenísimo.",
      "confianza": 0.369
    },
    {
      "hablante": "Hablante B",
      "inicio": 196.9,
      "fin": 199.16,
      "duracion": 2.26,
      "texto": "Además, Luis, si se pasan dos líneas,",
      "confianza": 0.749
    },
    {
      "hablante": "Hablante B",
      "inicio": 199.48,
      "fin": 203.36,
      "duracion": 3.88,
      "texto": "se le pueden sumar cuatro días más de beneficio para cada línea.",
      "confianza": 0.759
    },
    {
      "hablante": "Hablante B",
      "inicio": 204.08,
      "fin": 206.12,
      "duracion": 2.04,
      "texto": "Así que está bueno porque es un beneficio extra.",
      "confianza": 0.472
    },
    {
      "hablante": "Hablante B",
      "inicio": 206.16,
      "fin": 207.97,
      "duracion": 1.8,
      "texto": "Yo, entonces, Luis, lo agendo.",
      "confianza": 0.39
    },
    {
      "hablante": "Hablante B",
      "inicio": 207.99,
      "fin": 213.91,
      "duracion": 5.93,
      "texto": "¿A qué hora me dice entonces que le queda dar cómo hablar?",
      "confianza": 0.556
    },
    {
      "hablante": "Hablante B",
      "inicio": 213.93,
      "fin": 214.33,
      "duracion": 0.4,
      "texto": "¿Tipo 6 más o menos?",
      "confianza": 0.001
    },
    {
      "hablante": "Hablante B",
      "inicio": 214.35,
      "fin": 214.63,
      "duracion": 0.28,
      "texto": "6 de la tarde.",
      "confianza": 0.012
    },
    {
      "hablante": "Hablante B",
      "inicio": 214.65,
      "fin": 215.18,
      "duracion": 0.52,
      "texto": "6 de la tarde, seguro.",
      "confianza": 0.087
    },
    {
      "hablante": "Hablante B",
      "inicio": 215.19,
      "fin": 215.46,
      "duracion": 0.26,
      "texto": "A las 6.",
      "confianza": 0.361
    },
    {
      "hablante": "Hablante B",
      "inicio": 215.47,
      "fin": 215.72,
      "duracion": 0.24,
      "texto": "¿Listo?",
      "confianza": 0.34
    },
    {
      "hablante": "Hablante B",
      "inicio": 215.74,
      "fin": 218.04,
      "duracion": 2.3,
      "texto": "Entonces, yo a las 6 lo llamo, Luis, ¿sí?",
      "confianza": 0.072
    },
    {
      "hablante": "Hablante B",
      "inicio": 218.06,
      "fin": 220.38,
      "duracion": 2.32,
      "texto": "Capaz haya un poquito de demora.",
      "confianza": 0.784
    },
    {
      "hablante": "Hablante B",
      "inicio": 220.4,
      "fin": 226.65,
      "duracion": 6.25,
      "texto": "A veces con el tema del trámite, porque, bueno, como ya es viernes a la tarde, está cerrando el todo, pero igualmente a las 6 lo puedo llamar.",
      "confianza": 0.659
    },
    {
      "hablante": "Hablante B",
      "inicio": 226.75,
      "fin": 228.37,
      "duracion": 1.62,
      "texto": "Mientras sea antes de las 7 se puede.",
      "confianza": 0.496
    },
    {
      "hablante": "Hablante B",
      "inicio": 228.74,
      "fin": 230.1,
      "duracion": 1.36,
      "texto": "es la última hora que tenemos.",
      "confianza": 0.927
    },
    {
      "hablante": "Hablante A",
      "inicio": 232.6,
      "fin": 233.1,
      "duracion": 0.5,
      "texto": "Dale, dale.",
      "confianza": 0.214
    },
    {
      "hablante": "Hablante A",
      "inicio": 233.12,
      "fin": 238.73,
      "duracion": 5.61,
      "texto": "Dale Luis, a las 12 se los llamo, igual ya le mandé mensaje y whatsapp, yo le voy a avisar unos minutos antes que lo voy a llamar para que sepa que soy yo.",
      "confianza": 0.505
    },
    {
      "hablante": "Hablante A",
      "inicio": 240.1,
      "fin": 241.08,
      "duracion": 0.98,
      "texto": "Listo, listo.",
      "confianza": 0.322
    },
    {
      "hablante": "Hablante A",
      "inicio": 241.1,
      "fin": 246.71,
      "duracion": 5.61,
      "texto": "Dale, perfecto Luis, estamos en contacto entonces.",
      "confianza": 0.559
    },
    {
      "hablante": "Hablante A",
      "inicio": 246.73,
      "fin": 247.07,
      "duracion": 0.34,
      "texto": "Hasta luego.",
      "confianza": 0.152
    }
  ],
  "transcripcion_completa": "Hola, buen día, y Luis Marcelo. Luis, mucho gusto, mi nombre es Agustín, yo le estoy llamando de lo que es el área que le vamos a listar, ¿cómo le va todo bien? Muy bien, ¿no? Me alegra mucho, muy bien, muy bien, acá al trabajando, como me va a decir, ¿no? Bueno, Luis, yo le llamaba más que nada porque, mire, me figuré que había un sistema que se fue parte de la compañía, esto fue un tiempo atrás, ¿no? Quería saber qué fue lo que lo llevó a cambiar, si tuvo algún inconveniente y fue con otra oferta. Ah, sí, cambié porque... Ayer me han dado un plan y me salieron comiendo faltura. Bien, o sea, le llegó otra faltura al que nada que ver. Bien, esto puede haber sido, Juan, una cuestión por ahí del asesor que le tocó en ese momento, no sé cómo ha sido la cuestión al 100%, pero es muy probable que haya sido por eso. Hoy en día igualmente, Luis, gracias a Dios, hemos jugado mucho con respecto a eso. Hoy en día, en el caso de que ustedes vuelvan o estén en algún momento, ya sea ahora o después, se hace un contrato comercial, que es algo legalizado, me queda todo grabado, y ahí siempre se le va a respetar lo que se acordó con el asesor. De esa manera hemos evitado muchísimo este tipo de cosas y ya todavía está todo mucho más controlado, digamos. Hoy día por ejemplo le consulto a Luis Usteno para qué uso le da el celular. ¿Lo usa mucho para viajar, en redes sociales o lo usa algo básico? Lo básico no más. Lo básico. Claro, cuando estés en la casa y todo eso, perfecto Luis. Justamente Luis, el motivo de la llamada también es que bueno, como sabemos que usted fue un excelente cliente, que bueno, después dejó la empresa por lo que ya conocemos, la idea justamente fue darle ahora un plan, más modo de compensación muy económico, que es una producción exclusiva para usted, ¿sí? Que por ejemplo, usted puede tener lo que es 14 gigas en total, que son 4 de base, más 10 de regalo por 6 meses, más WhatsApp, justamente, llamadas limitadas a cualquier compañía también, y guardar PASA Perilliga en $7,790 pesos a día de hoy. Estamos hablando que son menos de $8,000 pesos, la verdad es que es muy económico y es una promoción con el 80% del descuento. La verdad es que está muy interesante y justamente la idea es que usted la pueda aprovechar. Rui, no sé, por ejemplo, cómo se ve con esta promoción. Está buena, está muy buena. Está buenísima. ¿Usted venía cuando estaba hablando, por ejemplo? Y yo estaba volando nuevamente. Claro, bueno, que va a pagar menos y, aparte, va a tener más beneficios, que es lo importante. Yo, además, ahora, a Luis, lo que estoy haciendo, le estoy enviando lo que es un mensajito de WhatsApp. Le puse, hola, Luis, soy Agustín de Movistar. ¿Por qué se lo mandé? Porque yo voy a estar al tanto de todo su solicitud hasta el momento que usted se le porte la línea. Hasta usted ya esté en Movistar. Siempre que usted va a poder contar con alguien que lo vaya asesorando y guiando o ayudando en lo que pueda llegar a surgir, ¿no? A traerle WhatsApp. Sí, nos manejamos por ese método. Así es, es mucho más humanizado todo, ¿no? Está bueno. Perfecto. Dime. A las cinco más o menos está llegando. Está buenísimo. Además, Luis, si se pasan dos líneas, se le pueden sumar cuatro días más de beneficio para cada línea. Así que está bueno porque es un beneficio extra. Yo, entonces, Luis, lo agendo. ¿A qué hora me dice entonces que le queda dar cómo hablar? ¿Tipo 6 más o menos? 6 de la tarde. 6 de la tarde, seguro. A las 6. ¿Listo? Entonces, yo a las 6 lo llamo, Luis, ¿sí? Capaz haya un poquito de demora. A veces con el tema del trámite, porque, bueno, como ya es viernes a la tarde, está cerrando el todo, pero igualmente a las 6 lo puedo llamar. Mientras sea antes de las 7 se puede. es la última hora que tenemos. Dale, dale. Dale Luis, a las 12 se los llamo, igual ya le mandé mensaje y whatsapp, yo le voy a avisar unos minutos antes que lo voy a llamar para que sepa que soy yo. Listo, listo. Dale, perfecto Luis, estamos en contacto entonces. Hasta luego.",
  "calidad": {
    "confianza_promedio": 0.467,
    "metodo_diarizacion": "pausas_fallback",
    "tiempo_procesamiento": 13.9
  },
  "metadata": {
    "modelo": "whisperx_medium",
    "diarizacion": "pausas",
    "dispositivo": "cuda",
    "fecha": "2026-02-18T23:50:59.256463",
    "version": "5.0_ecapa"
  }
}