{
  "archivo": "amza16_1_260218120504777_ACD_57693.wav",
  "duracion_segundos": 706.07,
  "num_segmentos": 230,
  "num_hablantes": 2,
  "hablantes": [
    "Hablante A",
    "Hablante B"
  ],
  "tiempo_por_hablante": {
    "Hablante A": 97.48,
    "Hablante B": 552.83
  },
  "idioma": "es",
  "conversacion": [
    {
      "hablante": "Hablante A",
      "inicio": 1.04,
      "fin": 2.73,
      "duracion": 1.68,
      "texto": "Hola, buenos días.",
      "confianza": 0.141
    },
    {
      "hablante": "Hablante A",
      "inicio": 2.75,
      "fin": 3.81,
      "duracion": 1.06,
      "texto": "Hablo con José María.",
      "confianza": 0.68
    },
    {
      "hablante": "Hablante A",
      "inicio": 5.15,
      "fin": 5.71,
      "duracion": 0.56,
      "texto": "Sí, se habla.",
      "confianza": 0.175
    },
    {
      "hablante": "Hablante A",
      "inicio": 5.73,
      "fin": 6.25,
      "duracion": 0.52,
      "texto": "¿Cómo estás?",
      "confianza": 0.578
    },
    {
      "hablante": "Hablante A",
      "inicio": 6.27,
      "fin": 7.27,
      "duracion": 1.0,
      "texto": "Mi nombre es Delfina.",
      "confianza": 0.54
    },
    {
      "hablante": "Hablante A",
      "inicio": 7.31,
      "fin": 10.6,
      "duracion": 3.29,
      "texto": "Me estoy comunicando desde la área de beneficios y promociones de Movistar.",
      "confianza": 0.529
    },
    {
      "hablante": "Hablante A",
      "inicio": 11.26,
      "fin": 13.1,
      "duracion": 1.84,
      "texto": "Me asegura que estás en clara, ¿es correcto?",
      "confianza": 0.694
    },
    {
      "hablante": "Hablante A",
      "inicio": 14.34,
      "fin": 14.7,
      "duracion": 0.36,
      "texto": "Sí.",
      "confianza": 0.789
    },
    {
      "hablante": "Hablante A",
      "inicio": 15.58,
      "fin": 16.42,
      "duracion": 0.84,
      "texto": "Perfecto, le consulto.",
      "confianza": 0.504
    },
    {
      "hablante": "Hablante A",
      "inicio": 16.44,
      "fin": 18.99,
      "duracion": 2.54,
      "texto": "¿Usted sabe ayer y hoy cuánto está pagando por su línea?",
      "confianza": 0.604
    },
    {
      "hablante": "Hablante B",
      "inicio": 20.83,
      "fin": 25.38,
      "duracion": 4.55,
      "texto": "Estoy pagando como 30 mil pesos por mes.",
      "confianza": 0.56
    },
    {
      "hablante": "Hablante B",
      "inicio": 25.39,
      "fin": 27.34,
      "duracion": 1.94,
      "texto": "¿Sólo por la línea está pagando ese precio?",
      "confianza": 0.478
    },
    {
      "hablante": "Hablante B",
      "inicio": 28.4,
      "fin": 31.18,
      "duracion": 2.79,
      "texto": "Claro, la línea y bueno los gigas, todo eso que tengo.",
      "confianza": 0.723
    },
    {
      "hablante": "Hablante B",
      "inicio": 32.05,
      "fin": 34.61,
      "duracion": 2.57,
      "texto": "Todo lo que incluye el plan de entrances.",
      "confianza": 0.49
    },
    {
      "hablante": "Hablante B",
      "inicio": 34.63,
      "fin": 34.95,
      "duracion": 0.32,
      "texto": "Exacto.",
      "confianza": 0.752
    },
    {
      "hablante": "Hablante B",
      "inicio": 35.53,
      "fin": 40.07,
      "duracion": 4.53,
      "texto": "Ok, entonces usted debe ser de ocupar muchos gigas para estar parando ese precio, ¿no?",
      "confianza": 0.603
    },
    {
      "hablante": "Hablante B",
      "inicio": 40.09,
      "fin": 40.47,
      "duracion": 0.38,
      "texto": "Sí.",
      "confianza": 0.803
    },
    {
      "hablante": "Hablante B",
      "inicio": 40.87,
      "fin": 42.03,
      "duracion": 1.16,
      "texto": "Bueno, mire, le comento.",
      "confianza": 0.436
    },
    {
      "hablante": "Hablante B",
      "inicio": 42.25,
      "fin": 48.0,
      "duracion": 5.75,
      "texto": "Tengo unos planes muy económicos, sí, que le van a quedar a la mitad del precio de lo que está pagando actualmente.",
      "confianza": 0.604
    },
    {
      "hablante": "Hablante B",
      "inicio": 48.02,
      "fin": 50.83,
      "duracion": 2.8,
      "texto": "Es un plan que tiene 15 gigas de base y tiene 10 de regalo.",
      "confianza": 0.515
    },
    {
      "hablante": "Hablante B",
      "inicio": 51.13,
      "fin": 54.01,
      "duracion": 2.88,
      "texto": "Sí, tendría un total de 25 con WhatsApp gratis.",
      "confianza": 0.551
    },
    {
      "hablante": "Hablante B",
      "inicio": 54.03,
      "fin": 59.36,
      "duracion": 5.33,
      "texto": "Llaman a líderes a todas las compañías, incluyen el bloque Rubén al Mundo, por 11.232 pesos a Lina de Roy, ¿sí?",
      "confianza": 0.55
    },
    {
      "hablante": "Hablante B",
      "inicio": 59.64,
      "fin": 60.3,
      "duracion": 0.66,
      "texto": "Sí.",
      "confianza": 0.316
    },
    {
      "hablante": "Hablante A",
      "inicio": 62.89,
      "fin": 63.79,
      "duracion": 0.9,
      "texto": "¿Qué le parece ese plan?",
      "confianza": 0.676
    },
    {
      "hablante": "Hablante A",
      "inicio": 63.81,
      "fin": 65.17,
      "duracion": 1.36,
      "texto": "No necesita más gigas.",
      "confianza": 0.461
    },
    {
      "hablante": "Hablante A",
      "inicio": 66.06,
      "fin": 67.57,
      "duracion": 1.5,
      "texto": "¿Cuánto siga, me dijiste?",
      "confianza": 0.607
    },
    {
      "hablante": "Hablante A",
      "inicio": 67.59,
      "fin": 69.17,
      "duracion": 1.58,
      "texto": "Tendría 25 en total.",
      "confianza": 0.579
    },
    {
      "hablante": "Hablante A",
      "inicio": 69.85,
      "fin": 78.59,
      "duracion": 8.74,
      "texto": "Si no tengo 30 más 10 de regalo que le quedan en 12.750 o 50 más 10 de regalo que le quedan en 60 llegas por 14.257 pesos.",
      "confianza": 0.573
    },
    {
      "hablante": "Hablante A",
      "inicio": 78.63,
      "fin": 86.28,
      "duracion": 7.66,
      "texto": "Y eso siga que uno anuncia en el mes se van juntando o directamente se lo van sacando?",
      "confianza": 0.753
    },
    {
      "hablante": "Hablante A",
      "inicio": 86.5,
      "fin": 96.75,
      "duracion": 10.25,
      "texto": "No, no, no, mira, nosotros tenemos, gracias a Dios, nosotros tenemos el beneficio en el que usted puede guardar los días que ustedes orden y los puede ocupar en el siguiente mes, ¿sí?",
      "confianza": 0.471
    },
    {
      "hablante": "Hablante A",
      "inicio": 96.77,
      "fin": 103.56,
      "duracion": 6.79,
      "texto": "No desperdiciaría días.",
      "confianza": 0.42
    },
    {
      "hablante": "Hablante A",
      "inicio": 103.58,
      "fin": 103.7,
      "duracion": 0.12,
      "texto": "Claro.",
      "confianza": 0.002
    },
    {
      "hablante": "Hablante A",
      "inicio": 103.72,
      "fin": 113.37,
      "duracion": 9.65,
      "texto": "Eh... Sí, sí, sí, por ahí me gustaría... Sí, sí, por ahí me gustaría también bajar un poco más el precio de lo que es por mes.",
      "confianza": 0.462
    },
    {
      "hablante": "Hablante A",
      "inicio": 113.84,
      "fin": 119.74,
      "duracion": 5.91,
      "texto": "Claro, pero ahorrarse con el plan más alto que nosotros tenemos estaría ahorrando la mitad de lo que paga actualmente.",
      "confianza": 0.553
    },
    {
      "hablante": "Hablante B",
      "inicio": 122.15,
      "fin": 122.37,
      "duracion": 0.22,
      "texto": "Claro.",
      "confianza": 0.274
    },
    {
      "hablante": "Hablante B",
      "inicio": 122.39,
      "fin": 125.69,
      "duracion": 3.3,
      "texto": "Tú tendrías 60 gigas, ¿sí?",
      "confianza": 0.382
    },
    {
      "hablante": "Hablante B",
      "inicio": 125.71,
      "fin": 127.52,
      "duracion": 1.8,
      "texto": "Bueno, ¿y sigo con el mismo número?",
      "confianza": 0.58
    },
    {
      "hablante": "Hablante B",
      "inicio": 127.98,
      "fin": 130.7,
      "duracion": 2.72,
      "texto": "Exactamente, la portadilera es numerica.",
      "confianza": 0.615
    },
    {
      "hablante": "Hablante B",
      "inicio": 130.72,
      "fin": 133.56,
      "duracion": 2.84,
      "texto": "¿Tenemos un cambio de numeración?",
      "confianza": 0.339
    },
    {
      "hablante": "Hablante B",
      "inicio": 133.58,
      "fin": 137.35,
      "duracion": 3.76,
      "texto": "Bueno.",
      "confianza": 0.365
    },
    {
      "hablante": "Hablante B",
      "inicio": 137.37,
      "fin": 140.17,
      "duracion": 2.8,
      "texto": "Bien, pues en febrero sí que no hay que en el proceso de ahorrarse.",
      "confianza": 0.131
    },
    {
      "hablante": "Hablante B",
      "inicio": 140.19,
      "fin": 142.48,
      "duracion": 2.28,
      "texto": "Oye, no sé si son otros que me siguran en el sistema, ¿sí?",
      "confianza": 0.357
    },
    {
      "hablante": "Hablante B",
      "inicio": 143.5,
      "fin": 146.67,
      "duracion": 3.16,
      "texto": "Sí, pero es que se medio como que se cortó, no escuché bien.",
      "confianza": 0.68
    },
    {
      "hablante": "Hablante B",
      "inicio": 146.69,
      "fin": 150.63,
      "duracion": 3.94,
      "texto": "Que le comento que voy a repasar primero los datos que me siguran en sistema.",
      "confianza": 0.631
    },
    {
      "hablante": "Hablante B",
      "inicio": 152.05,
      "fin": 152.11,
      "duracion": 0.06,
      "texto": "Sí.",
      "confianza": 0.002
    },
    {
      "hablante": "Hablante B",
      "inicio": 152.13,
      "fin": 153.11,
      "duracion": 0.98,
      "texto": "Ah, sí.",
      "confianza": 0.239
    },
    {
      "hablante": "Hablante B",
      "inicio": 153.13,
      "fin": 155.08,
      "duracion": 1.94,
      "texto": "Para saber que la titularidad sea correcta.",
      "confianza": 0.788
    },
    {
      "hablante": "Hablante B",
      "inicio": 155.6,
      "fin": 157.0,
      "duracion": 1.4,
      "texto": "Me siguran su nombre completo.",
      "confianza": 0.622
    },
    {
      "hablante": "Hablante B",
      "inicio": 157.36,
      "fin": 158.52,
      "duracion": 1.16,
      "texto": "José María Ríos.",
      "confianza": 0.496
    },
    {
      "hablante": "Hablante B",
      "inicio": 158.88,
      "fin": 160.28,
      "duracion": 1.4,
      "texto": "Correcto?",
      "confianza": 0.812
    },
    {
      "hablante": "Hablante B",
      "inicio": 160.3,
      "fin": 161.34,
      "duracion": 1.04,
      "texto": "Sí, sí, sí, correcto.",
      "confianza": 0.273
    },
    {
      "hablante": "Hablante B",
      "inicio": 161.37,
      "fin": 162.03,
      "duracion": 0.66,
      "texto": "Bien, perfecto.",
      "confianza": 0.54
    },
    {
      "hablante": "Hablante B",
      "inicio": 162.05,
      "fin": 165.99,
      "duracion": 3.95,
      "texto": "Su número de documento es 28 21 28 46.",
      "confianza": 0.706
    },
    {
      "hablante": "Hablante B",
      "inicio": 166.11,
      "fin": 171.3,
      "duracion": 5.19,
      "texto": "Sí, sí, a 28 212 8 46.",
      "confianza": 0.752
    },
    {
      "hablante": "Hablante B",
      "inicio": 171.84,
      "fin": 172.5,
      "duracion": 0.66,
      "texto": "Perfecto.",
      "confianza": 0.803
    },
    {
      "hablante": "Hablante B",
      "inicio": 172.8,
      "fin": 173.4,
      "duracion": 0.6,
      "texto": "Bien.",
      "confianza": 0.849
    },
    {
      "hablante": "Hablante B",
      "inicio": 173.42,
      "fin": 175.82,
      "duracion": 2.4,
      "texto": "Su número de línea es 2944416163.",
      "confianza": 0.433
    },
    {
      "hablante": "Hablante B",
      "inicio": 175.84,
      "fin": 183.37,
      "duracion": 7.53,
      "texto": "2944416163.",
      "confianza": 0.879
    },
    {
      "hablante": "Hablante B",
      "inicio": 183.77,
      "fin": 185.56,
      "duracion": 1.78,
      "texto": "Perfecto.",
      "confianza": 0.704
    },
    {
      "hablante": "Hablante B",
      "inicio": 185.57,
      "fin": 186.4,
      "duracion": 0.82,
      "texto": "Bien.",
      "confianza": 0.441
    },
    {
      "hablante": "Hablante B",
      "inicio": 186.42,
      "fin": 190.0,
      "duracion": 3.59,
      "texto": "Y me figuré acá un correo electrónico que usted tuvo en la compañía, ¿no?",
      "confianza": 0.518
    },
    {
      "hablante": "Hablante B",
      "inicio": 190.02,
      "fin": 190.4,
      "duracion": 0.38,
      "texto": "Sí.",
      "confianza": 0.602
    },
    {
      "hablante": "Hablante B",
      "inicio": 190.42,
      "fin": 191.58,
      "duracion": 1.16,
      "texto": "No sé si es el actual.",
      "confianza": 0.599
    },
    {
      "hablante": "Hablante B",
      "inicio": 191.74,
      "fin": 194.81,
      "duracion": 3.06,
      "texto": "Esto se lo pido más que nada por el tema de la facturación.",
      "confianza": 0.705
    },
    {
      "hablante": "Hablante B",
      "inicio": 194.83,
      "fin": 200.06,
      "duracion": 5.23,
      "texto": "Es riojosemarido, José Mario, o José Mario.",
      "confianza": 0.461
    },
    {
      "hablante": "Hablante B",
      "inicio": 200.08,
      "fin": 201.12,
      "duracion": 1.04,
      "texto": "Sí, 5.5.",
      "confianza": 0.65
    },
    {
      "hablante": "Hablante B",
      "inicio": 201.7,
      "fin": 203.27,
      "duracion": 1.56,
      "texto": "No, es Ríos, José María.",
      "confianza": 0.343
    },
    {
      "hablante": "Hablante B",
      "inicio": 203.99,
      "fin": 204.83,
      "duracion": 0.84,
      "texto": "Ah, perfecto.",
      "confianza": 0.38
    },
    {
      "hablante": "Hablante B",
      "inicio": 204.85,
      "fin": 207.11,
      "duracion": 2.26,
      "texto": "Bien.",
      "confianza": 0.616
    },
    {
      "hablante": "Hablante B",
      "inicio": 207.17,
      "fin": 209.72,
      "duracion": 2.54,
      "texto": "Ríos, José María, cinco.",
      "confianza": 0.804
    },
    {
      "hablante": "Hablante B",
      "inicio": 209.74,
      "fin": 210.74,
      "duracion": 1.0,
      "texto": "Perfecto.",
      "confianza": 0.685
    },
    {
      "hablante": "Hablante B",
      "inicio": 210.76,
      "fin": 211.28,
      "duracion": 0.52,
      "texto": "Bien.",
      "confianza": 0.434
    },
    {
      "hablante": "Hablante B",
      "inicio": 211.3,
      "fin": 211.96,
      "duracion": 0.66,
      "texto": "Le consultó.",
      "confianza": 0.727
    },
    {
      "hablante": "Hablante B",
      "inicio": 211.98,
      "fin": 214.18,
      "duracion": 2.2,
      "texto": "¿Ustedes están en qué provincia y qué localidad?",
      "confianza": 0.396
    },
    {
      "hablante": "Hablante B",
      "inicio": 214.3,
      "fin": 221.59,
      "duracion": 7.29,
      "texto": "Así yo le puedo enviarlo, que es el chip a una sucursal cercana y lo podría buscar en 48 a 72 horas sábiles.",
      "confianza": 0.628
    },
    {
      "hablante": "Hablante B",
      "inicio": 221.62,
      "fin": 229.89,
      "duracion": 8.27,
      "texto": "Sí, yo estoy en lo que es provincia de Río Negro, en la ciudad de San Carlos Bariloche.",
      "confianza": 0.642
    },
    {
      "hablante": "Hablante B",
      "inicio": 230.76,
      "fin": 233.63,
      "duracion": 2.86,
      "texto": "Perfecto, entonces, Barildo.",
      "confianza": 0.6
    },
    {
      "hablante": "Hablante B",
      "inicio": 233.65,
      "fin": 234.57,
      "duracion": 0.92,
      "texto": "¿Te hago una consulta?",
      "confianza": 0.74
    },
    {
      "hablante": "Hablante B",
      "inicio": 235.21,
      "fin": 235.35,
      "duracion": 0.14,
      "texto": "Sí.",
      "confianza": 0.462
    },
    {
      "hablante": "Hablante B",
      "inicio": 235.37,
      "fin": 239.73,
      "duracion": 4.37,
      "texto": "Yo tengo el teléfono que no usa ChipBit, ¿eh?",
      "confianza": 0.702
    },
    {
      "hablante": "Hablante B",
      "inicio": 239.75,
      "fin": 239.83,
      "duracion": 0.08,
      "texto": "Ajá.",
      "confianza": 0.039
    },
    {
      "hablante": "Hablante B",
      "inicio": 239.85,
      "fin": 241.25,
      "duracion": 1.4,
      "texto": "¿Qué pasa con eso?",
      "confianza": 0.268
    },
    {
      "hablante": "Hablante B",
      "inicio": 241.28,
      "fin": 242.76,
      "duracion": 1.48,
      "texto": "Ah, bien, es un escima, entonces.",
      "confianza": 0.559
    },
    {
      "hablante": "Hablante B",
      "inicio": 243.6,
      "fin": 243.84,
      "duracion": 0.24,
      "texto": "Sí.",
      "confianza": 0.728
    },
    {
      "hablante": "Hablante B",
      "inicio": 244.4,
      "fin": 245.44,
      "duracion": 1.04,
      "texto": "Ah, bueno, no se haga problema.",
      "confianza": 0.472
    },
    {
      "hablante": "Hablante B",
      "inicio": 245.5,
      "fin": 252.61,
      "duracion": 7.11,
      "texto": "Entonces, no hace falta que agarremos lo de la sucursal y le va a llegar directamente lo que es el QR por WhatsApp, ¿sí?",
      "confianza": 0.604
    },
    {
      "hablante": "Hablante B",
      "inicio": 252.79,
      "fin": 253.33,
      "duracion": 0.54,
      "texto": "Bueno.",
      "confianza": 0.801
    },
    {
      "hablante": "Hablante B",
      "inicio": 253.53,
      "fin": 254.43,
      "duracion": 0.9,
      "texto": "Bien, perfecto.",
      "confianza": 0.774
    },
    {
      "hablante": "Hablante B",
      "inicio": 254.73,
      "fin": 257.39,
      "duracion": 2.66,
      "texto": "Ahora lo que yo voy a hacer, le voy a mandar un mensajito por WhatsApp.",
      "confianza": 0.698
    },
    {
      "hablante": "Hablante B",
      "inicio": 257.41,
      "fin": 261.34,
      "duracion": 3.93,
      "texto": "Usted va a tener mi número y los vamos a estar comunicando por ahí también, ¿sí?",
      "confianza": 0.7
    },
    {
      "hablante": "Hablante B",
      "inicio": 261.36,
      "fin": 262.64,
      "duracion": 1.28,
      "texto": "Voy a crear como su asesora.",
      "confianza": 0.535
    },
    {
      "hablante": "Hablante B",
      "inicio": 263.86,
      "fin": 266.23,
      "duracion": 2.36,
      "texto": "Ahí les puse, hola, soy del cine de Movistar.",
      "confianza": 0.163
    },
    {
      "hablante": "Hablante B",
      "inicio": 266.25,
      "fin": 267.09,
      "duracion": 0.84,
      "texto": "Perfecto.",
      "confianza": 0.828
    },
    {
      "hablante": "Hablante B",
      "inicio": 267.11,
      "fin": 271.34,
      "duracion": 4.23,
      "texto": "Ahora lo que yo voy a hacer, entonces, ¿cuál plan va a querer al final?",
      "confianza": 0.297
    },
    {
      "hablante": "Hablante B",
      "inicio": 272.18,
      "fin": 275.28,
      "duracion": 3.1,
      "texto": "¿Me dijiste el segundo de cuánto era, me dijiste?",
      "confianza": 0.626
    },
    {
      "hablante": "Hablante B",
      "inicio": 275.94,
      "fin": 283.39,
      "duracion": 7.45,
      "texto": "El, tengo el primero que es de 15 más 10, el otro es de 30 más 10 y el otro es de 50 más 10.",
      "confianza": 0.558
    },
    {
      "hablante": "Hablante B",
      "inicio": 283.41,
      "fin": 287.13,
      "duracion": 3.72,
      "texto": "No, creo que el de 30 más 10 se va a andar bien.",
      "confianza": 0.128
    },
    {
      "hablante": "Hablante B",
      "inicio": 287.15,
      "fin": 287.63,
      "duracion": 0.48,
      "texto": "Perfecto.",
      "confianza": 0.507
    },
    {
      "hablante": "Hablante B",
      "inicio": 287.65,
      "fin": 287.81,
      "duracion": 0.16,
      "texto": "¿Y sale?",
      "confianza": 0.168
    },
    {
      "hablante": "Hablante B",
      "inicio": 288.47,
      "fin": 290.55,
      "duracion": 2.08,
      "texto": "Ese está en 12.750.",
      "confianza": 0.556
    },
    {
      "hablante": "Hablante B",
      "inicio": 290.57,
      "fin": 293.16,
      "duracion": 2.58,
      "texto": "¿Y eso por cuántos meses?",
      "confianza": 0.731
    },
    {
      "hablante": "Hablante B",
      "inicio": 293.92,
      "fin": 295.06,
      "duracion": 1.14,
      "texto": "El plan es por seis meses.",
      "confianza": 0.662
    },
    {
      "hablante": "Hablante B",
      "inicio": 295.1,
      "fin": 303.41,
      "duracion": 8.31,
      "texto": "Yo le voy a brindar luego lo que es un número por el que usted puede gestionar otra promoción o desde el app también está la opción en edita, ¿sí?",
      "confianza": 0.569
    },
    {
      "hablante": "Hablante B",
      "inicio": 303.81,
      "fin": 304.29,
      "duracion": 0.48,
      "texto": "Bueno.",
      "confianza": 0.892
    },
    {
      "hablante": "Hablante B",
      "inicio": 304.76,
      "fin": 305.72,
      "duracion": 0.96,
      "texto": "Bien, perfecto.",
      "confianza": 0.832
    },
    {
      "hablante": "Hablante B",
      "inicio": 306.18,
      "fin": 310.17,
      "duracion": 3.99,
      "texto": "Bien, entonces ahora lo que yo voy a hacer, ¿Usted sabe sacar captura de pantalos?",
      "confianza": 0.56
    },
    {
      "hablante": "Hablante B",
      "inicio": 310.19,
      "fin": 312.04,
      "duracion": 1.84,
      "texto": "Sí.",
      "confianza": 0.36
    },
    {
      "hablante": "Hablante B",
      "inicio": 312.06,
      "fin": 314.78,
      "duracion": 2.72,
      "texto": "Bien, lo que voy a hacer es enviarle lo que es un código de portabilidad.",
      "confianza": 0.573
    },
    {
      "hablante": "Hablante B",
      "inicio": 314.82,
      "fin": 320.05,
      "duracion": 5.23,
      "texto": "Esto le avisa a su compañía actual que es claro que se va a cambiar de compañía bajo el mismo número, ¿sí?",
      "confianza": 0.683
    },
    {
      "hablante": "Hablante B",
      "inicio": 320.07,
      "fin": 323.58,
      "duracion": 3.51,
      "texto": "No se preocupe que no se va a quedar incomunicado en ningún momento, ¿ok?",
      "confianza": 0.736
    },
    {
      "hablante": "Hablante B",
      "inicio": 323.96,
      "fin": 325.02,
      "duracion": 1.06,
      "texto": "Bueno, perfecto.",
      "confianza": 0.385
    },
    {
      "hablante": "Hablante B",
      "inicio": 325.05,
      "fin": 325.65,
      "duracion": 0.6,
      "texto": "Bien.",
      "confianza": 0.799
    },
    {
      "hablante": "Hablante B",
      "inicio": 325.69,
      "fin": 330.47,
      "duracion": 4.79,
      "texto": "Yo se lo voy a enviar y le va a llegar por el 2-2-3 por mensaje de texto, ¿sí?",
      "confianza": 0.635
    },
    {
      "hablante": "Hablante B",
      "inicio": 330.49,
      "fin": 336.7,
      "duracion": 6.21,
      "texto": "Cuando se lo envíe, le pido por favor que le saque una captura de pantalla y me lo brinde por el chat de WhatsApp, ¿sí?",
      "confianza": 0.721
    },
    {
      "hablante": "Hablante B",
      "inicio": 336.72,
      "fin": 338.35,
      "duracion": 1.62,
      "texto": "Bueno, bueno, bueno, perfecto.",
      "confianza": 0.396
    },
    {
      "hablante": "Hablante B",
      "inicio": 338.37,
      "fin": 340.99,
      "duracion": 2.62,
      "texto": "Ahí le aviso cuando esté enviado, lo vamos a hacer todo en llamada.",
      "confianza": 0.654
    },
    {
      "hablante": "Hablante B",
      "inicio": 341.09,
      "fin": 342.91,
      "duracion": 1.82,
      "texto": "También le voy a hacer un cierre comercial, ¿sí?",
      "confianza": 0.604
    },
    {
      "hablante": "Hablante B",
      "inicio": 343.5,
      "fin": 344.54,
      "duracion": 1.04,
      "texto": "Cuando se lo envíe,",
      "confianza": 0.551
    },
    {
      "hablante": "Hablante B",
      "inicio": 344.86,
      "fin": 348.64,
      "duracion": 3.79,
      "texto": "se le van a empezar a ingresar lo que son llamadas mientras nosotros estamos hablando.",
      "confianza": 0.567
    },
    {
      "hablante": "Hablante B",
      "inicio": 349.04,
      "fin": 353.07,
      "duracion": 4.03,
      "texto": "Le pido por favor no las atienda que estamos corroborando que su línea esté activa, ¿ok?",
      "confianza": 0.582
    },
    {
      "hablante": "Hablante B",
      "inicio": 353.09,
      "fin": 355.99,
      "duracion": 2.9,
      "texto": "Y puede ser una interrupción en la portabilidad.",
      "confianza": 0.772
    },
    {
      "hablante": "Hablante B",
      "inicio": 356.99,
      "fin": 357.65,
      "duracion": 0.66,
      "texto": "Bueno.",
      "confianza": 0.488
    },
    {
      "hablante": "Hablante B",
      "inicio": 357.68,
      "fin": 358.78,
      "duracion": 1.1,
      "texto": "Ahí que está enviado.",
      "confianza": 0.338
    },
    {
      "hablante": "Hablante B",
      "inicio": 358.8,
      "fin": 364.05,
      "duracion": 5.25,
      "texto": "Ahí se me si le llega, ¿sí?",
      "confianza": 0.241
    },
    {
      "hablante": "Hablante B",
      "inicio": 364.06,
      "fin": 364.19,
      "duracion": 0.12,
      "texto": "A ver.",
      "confianza": 0.002
    },
    {
      "hablante": "Hablante B",
      "inicio": 364.2,
      "fin": 364.26,
      "duracion": 0.06,
      "texto": "Ok.",
      "confianza": 0.001
    },
    {
      "hablante": "Hablante B",
      "inicio": 364.29,
      "fin": 364.43,
      "duracion": 0.14,
      "texto": "Sí, sí.",
      "confianza": 0.052
    },
    {
      "hablante": "Hablante B",
      "inicio": 364.44,
      "fin": 364.77,
      "duracion": 0.32,
      "texto": "Bien.",
      "confianza": 0.426
    },
    {
      "hablante": "Hablante B",
      "inicio": 364.79,
      "fin": 369.49,
      "duracion": 4.71,
      "texto": "¿Le puede sacarle una captura de pantalla y brindármelo por el chat de WhatsApp que le escribí?",
      "confianza": 0.53
    },
    {
      "hablante": "Hablante B",
      "inicio": 369.51,
      "fin": 369.93,
      "duracion": 0.42,
      "texto": "Bueno.",
      "confianza": 0.804
    },
    {
      "hablante": "Hablante B",
      "inicio": 370.3,
      "fin": 371.56,
      "duracion": 1.26,
      "texto": "Perfecto.",
      "confianza": 0.495
    },
    {
      "hablante": "Hablante B",
      "inicio": 371.58,
      "fin": 385.69,
      "duracion": 14.1,
      "texto": "Y si tiene a mano una foto del frente y el dorso de su DNI, la valido y luego la borra, ¿ok?",
      "confianza": 0.526
    },
    {
      "hablante": "Hablante B",
      "inicio": 385.7,
      "fin": 391.13,
      "duracion": 5.43,
      "texto": "Bueno.",
      "confianza": 0.646
    },
    {
      "hablante": "Hablante B",
      "inicio": 391.15,
      "fin": 395.58,
      "duracion": 4.43,
      "texto": "Genial, gracias.",
      "confianza": 0.589
    },
    {
      "hablante": "Hablante B",
      "inicio": 395.6,
      "fin": 396.68,
      "duracion": 1.08,
      "texto": "Ahí estoy sacando la copia.",
      "confianza": 0.434
    },
    {
      "hablante": "Hablante B",
      "inicio": 397.12,
      "fin": 403.06,
      "duracion": 5.94,
      "texto": "Sí, sí que eres tranquilo.",
      "confianza": 0.245
    },
    {
      "hablante": "Hablante B",
      "inicio": 403.08,
      "fin": 403.32,
      "duracion": 0.24,
      "texto": "Lo respiro.",
      "confianza": 0.078
    },
    {
      "hablante": "Hablante B",
      "inicio": 403.34,
      "fin": 410.21,
      "duracion": 6.87,
      "texto": "Bueno, en principio, porque... Estoy en torno de WhatsApp.",
      "confianza": 0.247
    },
    {
      "hablante": "Hablante B",
      "inicio": 410.23,
      "fin": 410.39,
      "duracion": 0.16,
      "texto": "Bueno.",
      "confianza": 0.324
    },
    {
      "hablante": "Hablante B",
      "inicio": 410.51,
      "fin": 423.58,
      "duracion": 13.07,
      "texto": "No está funcionando, dos por tres, las clínicas no entienden, los familiares tienen que pagar la consulta médica cuando van, porque ya no, en ese momento no están atendiendo a su familia.",
      "confianza": 0.466
    },
    {
      "hablante": "Hablante B",
      "inicio": 423.6,
      "fin": 424.76,
      "duracion": 1.16,
      "texto": "Lo mismo el hijo.",
      "confianza": 0.428
    },
    {
      "hablante": "Hablante B",
      "inicio": 424.78,
      "fin": 426.58,
      "duracion": 1.8,
      "texto": "Es decir, esas cosas siguen mal.",
      "confianza": 0.248
    },
    {
      "hablante": "Hablante B",
      "inicio": 426.85,
      "fin": 430.24,
      "duracion": 3.38,
      "texto": "Bueno, ahí tengo la captura.",
      "confianza": 0.15
    },
    {
      "hablante": "Hablante B",
      "inicio": 430.72,
      "fin": 431.36,
      "duracion": 0.64,
      "texto": "Bien, perfecto.",
      "confianza": 0.71
    },
    {
      "hablante": "Hablante B",
      "inicio": 431.38,
      "fin": 433.8,
      "duracion": 2.42,
      "texto": "Ahí tengo la captura y el código de portabilidad.",
      "confianza": 0.689
    },
    {
      "hablante": "Hablante B",
      "inicio": 433.84,
      "fin": 434.7,
      "duracion": 0.86,
      "texto": "Eso ya estaría.",
      "confianza": 0.488
    },
    {
      "hablante": "Hablante B",
      "inicio": 434.8,
      "fin": 440.39,
      "duracion": 5.59,
      "texto": "Y me faltaría lo que es la foto del frente y el dorso del DNI y ya estaríamos, ¿sí?",
      "confianza": 0.543
    },
    {
      "hablante": "Hablante B",
      "inicio": 440.41,
      "fin": 441.15,
      "duracion": 0.74,
      "texto": "Bueno.",
      "confianza": 0.828
    },
    {
      "hablante": "Hablante B",
      "inicio": 441.17,
      "fin": 447.58,
      "duracion": 6.41,
      "texto": "Ahí cuando me envíe eso, que le hago lo que es el cierre comercial, que es un texto que yo le leo en audio, ¿sí?",
      "confianza": 0.597
    },
    {
      "hablante": "Hablante B",
      "inicio": 447.96,
      "fin": 452.59,
      "duracion": 4.63,
      "texto": "Para que se le respete lo que son las condiciones del producto.",
      "confianza": 0.699
    },
    {
      "hablante": "Hablante B",
      "inicio": 452.61,
      "fin": 452.73,
      "duracion": 0.12,
      "texto": "OK.",
      "confianza": 0.407
    },
    {
      "hablante": "Hablante B",
      "inicio": 452.75,
      "fin": 453.75,
      "duracion": 1.0,
      "texto": "Bueno.",
      "confianza": 0.252
    },
    {
      "hablante": "Hablante B",
      "inicio": 453.77,
      "fin": 456.21,
      "duracion": 2.44,
      "texto": "Perfecto.",
      "confianza": 0.263
    },
    {
      "hablante": "Hablante B",
      "inicio": 456.23,
      "fin": 456.55,
      "duracion": 0.32,
      "texto": "Bien.",
      "confianza": 0.462
    },
    {
      "hablante": "Hablante B",
      "inicio": 456.97,
      "fin": 468.53,
      "duracion": 11.56,
      "texto": "A ver si se ve bien ahí.",
      "confianza": 0.486
    },
    {
      "hablante": "Hablante B",
      "inicio": 468.75,
      "fin": 485.63,
      "duracion": 16.88,
      "texto": "Sí se ve perfecto, no se da problema.",
      "confianza": 0.69
    },
    {
      "hablante": "Hablante B",
      "inicio": 486.33,
      "fin": 488.66,
      "duracion": 2.32,
      "texto": "A ver.",
      "confianza": 0.506
    },
    {
      "hablante": "Hablante B",
      "inicio": 488.68,
      "fin": 492.16,
      "duracion": 3.49,
      "texto": "Igual es parabilidad y identidad, así que no se preocupe, ¿sí?",
      "confianza": 0.488
    },
    {
      "hablante": "Hablante B",
      "inicio": 492.3,
      "fin": 492.4,
      "duracion": 0.1,
      "texto": "Bien.",
      "confianza": 0.06
    },
    {
      "hablante": "Hablante B",
      "inicio": 492.42,
      "fin": 493.02,
      "duracion": 0.6,
      "texto": "Bueno.",
      "confianza": 0.243
    },
    {
      "hablante": "Hablante B",
      "inicio": 493.05,
      "fin": 495.65,
      "duracion": 2.6,
      "texto": "A ver, lo que yo voy a hacer va a ser ver el cierre comercial, ¿sí?",
      "confianza": 0.466
    },
    {
      "hablante": "Hablante B",
      "inicio": 495.85,
      "fin": 498.05,
      "duracion": 2.2,
      "texto": "Esto lo leo de recorrido, son unas preguntas de sí o no.",
      "confianza": 0.576
    },
    {
      "hablante": "Hablante B",
      "inicio": 498.15,
      "fin": 501.56,
      "duracion": 3.4,
      "texto": "Cualquier cosa me pregunto al final cuando termine, ¿sí?",
      "confianza": 0.687
    },
    {
      "hablante": "Hablante B",
      "inicio": 501.58,
      "fin": 502.74,
      "duracion": 1.16,
      "texto": "Bueno, tal vez.",
      "confianza": 0.091
    },
    {
      "hablante": "Hablante B",
      "inicio": 502.76,
      "fin": 502.86,
      "duracion": 0.1,
      "texto": "Bien.",
      "confianza": 0.108
    },
    {
      "hablante": "Hablante B",
      "inicio": 502.88,
      "fin": 507.23,
      "duracion": 4.35,
      "texto": "Para recibir futuras promociones, ¿usted tiene internet de modo de estar en su casa actualmente?",
      "confianza": 0.679
    },
    {
      "hablante": "Hablante A",
      "inicio": 509.63,
      "fin": 509.73,
      "duracion": 0.1,
      "texto": "Sí.",
      "confianza": 0.499
    },
    {
      "hablante": "Hablante A",
      "inicio": 510.37,
      "fin": 510.59,
      "duracion": 0.22,
      "texto": "Ok.",
      "confianza": 0.379
    },
    {
      "hablante": "Hablante A",
      "inicio": 510.61,
      "fin": 514.46,
      "duracion": 3.85,
      "texto": "¿Tiene internet de fibra óptica?",
      "confianza": 0.602
    },
    {
      "hablante": "Hablante A",
      "inicio": 514.48,
      "fin": 515.06,
      "duracion": 0.58,
      "texto": "Claro, fibra óptica.",
      "confianza": 0.193
    },
    {
      "hablante": "Hablante A",
      "inicio": 515.23,
      "fin": 516.07,
      "duracion": 0.84,
      "texto": "Bien, perfecto.",
      "confianza": 0.802
    },
    {
      "hablante": "Hablante A",
      "inicio": 516.09,
      "fin": 527.48,
      "duracion": 11.39,
      "texto": "Entonces, luego me voy a brindar lo que es la línea CISA que usted tiene de Movistar Hogar y le vamos a aplicar un descuento de cuatro mil pesos y le vamos a dar cuatro llevas más de alrededor en su línea móvil, ¿OK?",
      "confianza": 0.621
    },
    {
      "hablante": "Hablante A",
      "inicio": 527.5,
      "fin": 527.62,
      "duracion": 0.12,
      "texto": "Bueno.",
      "confianza": 0.084
    },
    {
      "hablante": "Hablante A",
      "inicio": 527.64,
      "fin": 528.0,
      "duracion": 0.36,
      "texto": "Perfecto.",
      "confianza": 0.76
    },
    {
      "hablante": "Hablante A",
      "inicio": 528.36,
      "fin": 537.49,
      "duracion": 9.13,
      "texto": "Estamos portando la línea dos nueve cuatro cuarenta y cuatro dieciséis ciento sesenta y tres a nombre y apellido del titular actual José María Ríos.",
      "confianza": 0.628
    },
    {
      "hablante": "Hablante A",
      "inicio": 538.01,
      "fin": 540.75,
      "duracion": 2.74,
      "texto": "Me confirma los últimos tres dígitos de su DNI, por favor.",
      "confianza": 0.71
    },
    {
      "hablante": "Hablante B",
      "inicio": 542.25,
      "fin": 543.93,
      "duracion": 1.68,
      "texto": "Sí, ocho cuarenta y seis.",
      "confianza": 0.409
    },
    {
      "hablante": "Hablante B",
      "inicio": 544.22,
      "fin": 544.78,
      "duracion": 0.56,
      "texto": "Perfecto.",
      "confianza": 0.752
    },
    {
      "hablante": "Hablante B",
      "inicio": 544.82,
      "fin": 548.42,
      "duracion": 3.61,
      "texto": "Su compañía es Poles Piero y me comentó que cuenta con factura mensual.",
      "confianza": 0.746
    },
    {
      "hablante": "Hablante B",
      "inicio": 548.44,
      "fin": 551.27,
      "duracion": 2.82,
      "texto": "¿La factura está en su nombre o en el nombre de otra persona?",
      "confianza": 0.601
    },
    {
      "hablante": "Hablante B",
      "inicio": 551.29,
      "fin": 553.13,
      "duracion": 1.84,
      "texto": "A nombre mío.",
      "confianza": 0.819
    },
    {
      "hablante": "Hablante B",
      "inicio": 553.67,
      "fin": 553.99,
      "duracion": 0.32,
      "texto": "Perfecto.",
      "confianza": 0.481
    },
    {
      "hablante": "Hablante B",
      "inicio": 554.29,
      "fin": 557.91,
      "duracion": 3.62,
      "texto": "Entonces, el kit es un EFIN.",
      "confianza": 0.554
    },
    {
      "hablante": "Hablante B",
      "inicio": 557.93,
      "fin": 558.0,
      "duracion": 0.06,
      "texto": "Sí.",
      "confianza": 0.079
    },
    {
      "hablante": "Hablante B",
      "inicio": 558.01,
      "fin": 558.8,
      "duracion": 0.78,
      "texto": "Perfecto.",
      "confianza": 0.297
    },
    {
      "hablante": "Hablante B",
      "inicio": 558.82,
      "fin": 563.42,
      "duracion": 4.61,
      "texto": "Recuerde que va a estar recibiendo el código QR por WhatsApp para poder activar su línea, ¿sí?",
      "confianza": 0.69
    },
    {
      "hablante": "Hablante B",
      "inicio": 564.14,
      "fin": 565.81,
      "duracion": 1.66,
      "texto": "Bueno, perfecto.",
      "confianza": 0.376
    },
    {
      "hablante": "Hablante B",
      "inicio": 565.83,
      "fin": 575.32,
      "duracion": 9.49,
      "texto": "Le recuerdo que el costo del servicio al día de hoy es de 12.750 pesos porque contiene un descuento del 85 por ciento, fijo, por seis meses, ¿sí?",
      "confianza": 0.632
    },
    {
      "hablante": "Hablante B",
      "inicio": 575.34,
      "fin": 576.08,
      "duracion": 0.74,
      "texto": "Bueno.",
      "confianza": 0.575
    },
    {
      "hablante": "Hablante B",
      "inicio": 576.1,
      "fin": 581.18,
      "duracion": 5.09,
      "texto": "De 30 gigas de base con 10 de regalo por seis meses, por eso va a tener 40 durante toda la promoción.",
      "confianza": 0.681
    },
    {
      "hablante": "Hablante B",
      "inicio": 582.32,
      "fin": 583.58,
      "duracion": 1.26,
      "texto": "Bueno, perfecto.",
      "confianza": 0.406
    },
    {
      "hablante": "Hablante B",
      "inicio": 583.61,
      "fin": 591.63,
      "duracion": 8.03,
      "texto": "Recuerde que el servicio se le va a facturar a mesa orientada y los gigas de regalo se le van a habilitar 48 horas después de activar la línea, ¿sí?",
      "confianza": 0.507
    },
    {
      "hablante": "Hablante B",
      "inicio": 591.65,
      "fin": 592.09,
      "duracion": 0.44,
      "texto": "Bueno.",
      "confianza": 0.86
    },
    {
      "hablante": "Hablante B",
      "inicio": 592.34,
      "fin": 602.84,
      "duracion": 10.5,
      "texto": "Bien, su email es ríosjosemaria5.com y va a recibir su facturación online a través del mail que nos proporcionó, ¿OK?",
      "confianza": 0.598
    },
    {
      "hablante": "Hablante B",
      "inicio": 602.86,
      "fin": 603.46,
      "duracion": 0.6,
      "texto": "Bueno, sí, perfecto.",
      "confianza": 0.277
    },
    {
      "hablante": "Hablante B",
      "inicio": 603.58,
      "fin": 603.78,
      "duracion": 0.2,
      "texto": "Perfecto.",
      "confianza": 0.173
    },
    {
      "hablante": "Hablante B",
      "inicio": 603.8,
      "fin": 606.32,
      "duracion": 2.52,
      "texto": "Desde el app ni me voy a estar ingresando a la sección servicios.",
      "confianza": 0.391
    },
    {
      "hablante": "Hablante B",
      "inicio": 606.34,
      "fin": 613.19,
      "duracion": 6.85,
      "texto": "Va a poder ver toda la información referida a su factura, ya sea ciclas, facturación, vencimiento y montos a par.",
      "confianza": 0.621
    },
    {
      "hablante": "Hablante B",
      "inicio": 613.21,
      "fin": 617.96,
      "duracion": 4.75,
      "texto": "Puede activar 20 días de regalo con una duración de 30 días disponible una vez por año.",
      "confianza": 0.594
    },
    {
      "hablante": "Hablante B",
      "inicio": 618.0,
      "fin": 620.33,
      "duracion": 2.32,
      "texto": "Se puede adherir al dedito automático si lo hiciera.",
      "confianza": 0.639
    },
    {
      "hablante": "Hablante B",
      "inicio": 620.47,
      "fin": 628.59,
      "duracion": 8.11,
      "texto": "y va a poder sumar puestos y llegan de regalo en cada línea móvil si es que llegue a aportar más de dos líneas registradas bajo el mismo titular, ¿sí?",
      "confianza": 0.499
    },
    {
      "hablante": "Hablante B",
      "inicio": 628.65,
      "fin": 628.83,
      "duracion": 0.18,
      "texto": "Sí, sí.",
      "confianza": 0.253
    },
    {
      "hablante": "Hablante B",
      "inicio": 628.85,
      "fin": 633.81,
      "duracion": 4.97,
      "texto": "Bien, una vez que la portabilidad acepte, su línea va a aportar a las 48 horas estábiles.",
      "confianza": 0.408
    },
    {
      "hablante": "Hablante B",
      "inicio": 634.27,
      "fin": 639.82,
      "duracion": 5.55,
      "texto": "Un día antes por mensaje a WhatsApp yo le voy a informar la fecha de portabilidad para que se quede tranquilo, ¿sí?",
      "confianza": 0.458
    },
    {
      "hablante": "Hablante B",
      "inicio": 639.84,
      "fin": 648.89,
      "duracion": 9.05,
      "texto": "Es importante que tú bloquees el chip antes de la fecha informada, de todas maneras se va a dar cuenta porque su línea entera deja de recibir señal y ahí debe escanear el código, ¿sí?",
      "confianza": 0.485
    },
    {
      "hablante": "Hablante B",
      "inicio": 649.08,
      "fin": 651.2,
      "duracion": 2.12,
      "texto": "Bueno, listo, perfecto.",
      "confianza": 0.095
    },
    {
      "hablante": "Hablante B",
      "inicio": 651.22,
      "fin": 654.04,
      "duracion": 2.82,
      "texto": "Le va a pedir que Valida entiera para activar este por seguridad.",
      "confianza": 0.65
    },
    {
      "hablante": "Hablante B",
      "inicio": 654.42,
      "fin": 658.87,
      "duracion": 4.45,
      "texto": "En caso de que no llegue la ventana señal, reinice el equipo y se comunica directamente conmigo, ¿OK?",
      "confianza": 0.517
    },
    {
      "hablante": "Hablante B",
      "inicio": 658.89,
      "fin": 660.83,
      "duracion": 1.94,
      "texto": "Bueno.",
      "confianza": 0.446
    },
    {
      "hablante": "Hablante B",
      "inicio": 660.85,
      "fin": 661.61,
      "duracion": 0.76,
      "texto": "Bien.",
      "confianza": 0.586
    },
    {
      "hablante": "Hablante B",
      "inicio": 661.63,
      "fin": 662.13,
      "duracion": 0.5,
      "texto": "¿Al WhatsApp?",
      "confianza": 0.126
    },
    {
      "hablante": "Hablante B",
      "inicio": 662.15,
      "fin": 664.64,
      "duracion": 2.48,
      "texto": "Sí, por este número nos vamos a estar comunicando.",
      "confianza": 0.616
    },
    {
      "hablante": "Hablante B",
      "inicio": 664.66,
      "fin": 668.96,
      "duracion": 4.31,
      "texto": "Se puede comunicar en cualquier momento del día conmigo, ¿sí?",
      "confianza": 0.399
    },
    {
      "hablante": "Hablante B",
      "inicio": 668.98,
      "fin": 669.98,
      "duracion": 1.0,
      "texto": "Bueno, perfecto.",
      "confianza": 0.208
    },
    {
      "hablante": "Hablante B",
      "inicio": 670.0,
      "fin": 673.99,
      "duracion": 3.99,
      "texto": "Por otro lado, dentro de los próximos días recibiré una encuesta de satisfacción por WhatsApp.",
      "confianza": 0.574
    },
    {
      "hablante": "Hablante B",
      "inicio": 674.33,
      "fin": 679.03,
      "duracion": 4.71,
      "texto": "Les solicito que por favor la complete, ya que su opinión es muy importante para la empresa y mi trabajo.",
      "confianza": 0.568
    },
    {
      "hablante": "Hablante B",
      "inicio": 679.57,
      "fin": 680.07,
      "duracion": 0.5,
      "texto": "Bien.",
      "confianza": 0.547
    },
    {
      "hablante": "Hablante B",
      "inicio": 680.09,
      "fin": 680.59,
      "duracion": 0.5,
      "texto": "Bueno.",
      "confianza": 0.356
    },
    {
      "hablante": "Hablante B",
      "inicio": 680.61,
      "fin": 681.57,
      "duracion": 0.96,
      "texto": "Esto sería todo.",
      "confianza": 0.296
    },
    {
      "hablante": "Hablante B",
      "inicio": 681.59,
      "fin": 685.94,
      "duracion": 4.35,
      "texto": "Yo te voy a pedir, por favor, José, que no le pases datos a ningún otro asesor que se vaya a comunicar.",
      "confianza": 0.618
    },
    {
      "hablante": "Hablante B",
      "inicio": 686.38,
      "fin": 692.3,
      "duracion": 5.91,
      "texto": "Si te piden el código, si te piden el VLE, no le pases datos a nadie, a no ser que me comunique yo, ¿sí?",
      "confianza": 0.523
    },
    {
      "hablante": "Hablante B",
      "inicio": 692.32,
      "fin": 693.48,
      "duracion": 1.16,
      "texto": "Bueno, perfecto.",
      "confianza": 0.2
    },
    {
      "hablante": "Hablante B",
      "inicio": 693.5,
      "fin": 694.06,
      "duracion": 0.56,
      "texto": "Perfecto.",
      "confianza": 0.452
    },
    {
      "hablante": "Hablante B",
      "inicio": 694.08,
      "fin": 696.85,
      "duracion": 2.77,
      "texto": "Entonces, bueno, yo ahora cargo otra vez el sistema y estamos hablando, ¿sí?",
      "confianza": 0.444
    },
    {
      "hablante": "Hablante B",
      "inicio": 696.87,
      "fin": 697.55,
      "duracion": 0.68,
      "texto": "Muchísimas gracias.",
      "confianza": 0.814
    },
    {
      "hablante": "Hablante B",
      "inicio": 697.73,
      "fin": 697.87,
      "duracion": 0.14,
      "texto": "Sí, sí.",
      "confianza": 0.022
    },
    {
      "hablante": "Hablante B",
      "inicio": 697.89,
      "fin": 699.83,
      "duracion": 1.94,
      "texto": "Y bienvenido a la compañía.",
      "confianza": 0.476
    },
    {
      "hablante": "Hablante B",
      "inicio": 699.85,
      "fin": 702.58,
      "duracion": 2.73,
      "texto": "Bueno, gracias.",
      "confianza": 0.196
    },
    {
      "hablante": "Hablante B",
      "inicio": 702.6,
      "fin": 705.81,
      "duracion": 3.21,
      "texto": "Hasta luego.",
      "confianza": 0.256
    },
    {
      "hablante": "Hablante B",
      "inicio": 705.83,
      "fin": 706.07,
      "duracion": 0.24,
      "texto": "Hasta luego.",
      "confianza": 0.084
    }
  ],
  "transcripcion_completa": "Hola, buenos días. Hablo con José María. Sí, se habla. ¿Cómo estás? Mi nombre es Delfina. Me estoy comunicando desde la área de beneficios y promociones de Movistar. Me asegura que estás en clara, ¿es correcto? Sí. Perfecto, le consulto. ¿Usted sabe ayer y hoy cuánto está pagando por su línea? Estoy pagando como 30 mil pesos por mes. ¿Sólo por la línea está pagando ese precio? Claro, la línea y bueno los gigas, todo eso que tengo. Todo lo que incluye el plan de entrances. Exacto. Ok, entonces usted debe ser de ocupar muchos gigas para estar parando ese precio, ¿no? Sí. Bueno, mire, le comento. Tengo unos planes muy económicos, sí, que le van a quedar a la mitad del precio de lo que está pagando actualmente. Es un plan que tiene 15 gigas de base y tiene 10 de regalo. Sí, tendría un total de 25 con WhatsApp gratis. Llaman a líderes a todas las compañías, incluyen el bloque Rubén al Mundo, por 11.232 pesos a Lina de Roy, ¿sí? Sí. ¿Qué le parece ese plan? No necesita más gigas. ¿Cuánto siga, me dijiste? Tendría 25 en total. Si no tengo 30 más 10 de regalo que le quedan en 12.750 o 50 más 10 de regalo que le quedan en 60 llegas por 14.257 pesos. Y eso siga que uno anuncia en el mes se van juntando o directamente se lo van sacando? No, no, no, mira, nosotros tenemos, gracias a Dios, nosotros tenemos el beneficio en el que usted puede guardar los días que ustedes orden y los puede ocupar en el siguiente mes, ¿sí? No desperdiciaría días. Claro. Eh... Sí, sí, sí, por ahí me gustaría... Sí, sí, por ahí me gustaría también bajar un poco más el precio de lo que es por mes. Claro, pero ahorrarse con el plan más alto que nosotros tenemos estaría ahorrando la mitad de lo que paga actualmente. Claro. Tú tendrías 60 gigas, ¿sí? Bueno, ¿y sigo con el mismo número? Exactamente, la portadilera es numerica. ¿Tenemos un cambio de numeración? Bueno. Bien, pues en febrero sí que no hay que en el proceso de ahorrarse. Oye, no sé si son otros que me siguran en el sistema, ¿sí? Sí, pero es que se medio como que se cortó, no escuché bien. Que le comento que voy a repasar primero los datos que me siguran en sistema. Sí. Ah, sí. Para saber que la titularidad sea correcta. Me siguran su nombre completo. José María Ríos. Correcto? Sí, sí, sí, correcto. Bien, perfecto. Su número de documento es 28 21 28 46. Sí, sí, a 28 212 8 46. Perfecto. Bien. Su número de línea es 2944416163. 2944416163. Perfecto. Bien. Y me figuré acá un correo electrónico que usted tuvo en la compañía, ¿no? Sí. No sé si es el actual. Esto se lo pido más que nada por el tema de la facturación. Es riojosemarido, José Mario, o José Mario. Sí, 5.5. No, es Ríos, José María. Ah, perfecto. Bien. Ríos, José María, cinco. Perfecto. Bien. Le consultó. ¿Ustedes están en qué provincia y qué localidad? Así yo le puedo enviarlo, que es el chip a una sucursal cercana y lo podría buscar en 48 a 72 horas sábiles. Sí, yo estoy en lo que es provincia de Río Negro, en la ciudad de San Carlos Bariloche. Perfecto, entonces, Barildo. ¿Te hago una consulta? Sí. Yo tengo el teléfono que no usa ChipBit, ¿eh? Ajá. ¿Qué pasa con eso? Ah, bien, es un escima, entonces. Sí. Ah, bueno, no se haga problema. Entonces, no hace falta que agarremos lo de la sucursal y le va a llegar directamente lo que es el QR por WhatsApp, ¿sí? Bueno. Bien, perfecto. Ahora lo que yo voy a hacer, le voy a mandar un mensajito por WhatsApp. Usted va a tener mi número y los vamos a estar comunicando por ahí también, ¿sí? Voy a crear como su asesora. Ahí les puse, hola, soy del cine de Movistar. Perfecto. Ahora lo que yo voy a hacer, entonces, ¿cuál plan va a querer al final? ¿Me dijiste el segundo de cuánto era, me dijiste? El, tengo el primero que es de 15 más 10, el otro es de 30 más 10 y el otro es de 50 más 10. No, creo que el de 30 más 10 se va a andar bien. Perfecto. ¿Y sale? Ese está en 12.750. ¿Y eso por cuántos meses? El plan es por seis meses. Yo le voy a brindar luego lo que es un número por el que usted puede gestionar otra promoción o desde el app también está la opción en edita, ¿sí? Bueno. Bien, perfecto. Bien, entonces ahora lo que yo voy a hacer, ¿Usted sabe sacar captura de pantalos? Sí. Bien, lo que voy a hacer es enviarle lo que es un código de portabilidad. Esto le avisa a su compañía actual que es claro que se va a cambiar de compañía bajo el mismo número, ¿sí? No se preocupe que no se va a quedar incomunicado en ningún momento, ¿ok? Bueno, perfecto. Bien. Yo se lo voy a enviar y le va a llegar por el 2-2-3 por mensaje de texto, ¿sí? Cuando se lo envíe, le pido por favor que le saque una captura de pantalla y me lo brinde por el chat de WhatsApp, ¿sí? Bueno, bueno, bueno, perfecto. Ahí le aviso cuando esté enviado, lo vamos a hacer todo en llamada. También le voy a hacer un cierre comercial, ¿sí? Cuando se lo envíe, se le van a empezar a ingresar lo que son llamadas mientras nosotros estamos hablando. Le pido por favor no las atienda que estamos corroborando que su línea esté activa, ¿ok? Y puede ser una interrupción en la portabilidad. Bueno. Ahí que está enviado. Ahí se me si le llega, ¿sí? A ver. Ok. Sí, sí. Bien. ¿Le puede sacarle una captura de pantalla y brindármelo por el chat de WhatsApp que le escribí? Bueno. Perfecto. Y si tiene a mano una foto del frente y el dorso de su DNI, la valido y luego la borra, ¿ok? Bueno. Genial, gracias. Ahí estoy sacando la copia. Sí, sí que eres tranquilo. Lo respiro. Bueno, en principio, porque... Estoy en torno de WhatsApp. Bueno. No está funcionando, dos por tres, las clínicas no entienden, los familiares tienen que pagar la consulta médica cuando van, porque ya no, en ese momento no están atendiendo a su familia. Lo mismo el hijo. Es decir, esas cosas siguen mal. Bueno, ahí tengo la captura. Bien, perfecto. Ahí tengo la captura y el código de portabilidad. Eso ya estaría. Y me faltaría lo que es la foto del frente y el dorso del DNI y ya estaríamos, ¿sí? Bueno. Ahí cuando me envíe eso, que le hago lo que es el cierre comercial, que es un texto que yo le leo en audio, ¿sí? Para que se le respete lo que son las condiciones del producto. OK. Bueno. Perfecto. Bien. A ver si se ve bien ahí. Sí se ve perfecto, no se da problema. A ver. Igual es parabilidad y identidad, así que no se preocupe, ¿sí? Bien. Bueno. A ver, lo que yo voy a hacer va a ser ver el cierre comercial, ¿sí? Esto lo leo de recorrido, son unas preguntas de sí o no. Cualquier cosa me pregunto al final cuando termine, ¿sí? Bueno, tal vez. Bien. Para recibir futuras promociones, ¿usted tiene internet de modo de estar en su casa actualmente? Sí. Ok. ¿Tiene internet de fibra óptica? Claro, fibra óptica. Bien, perfecto. Entonces, luego me voy a brindar lo que es la línea CISA que usted tiene de Movistar Hogar y le vamos a aplicar un descuento de cuatro mil pesos y le vamos a dar cuatro llevas más de alrededor en su línea móvil, ¿OK? Bueno. Perfecto. Estamos portando la línea dos nueve cuatro cuarenta y cuatro dieciséis ciento sesenta y tres a nombre y apellido del titular actual José María Ríos. Me confirma los últimos tres dígitos de su DNI, por favor. Sí, ocho cuarenta y seis. Perfecto. Su compañía es Poles Piero y me comentó que cuenta con factura mensual. ¿La factura está en su nombre o en el nombre de otra persona? A nombre mío. Perfecto. Entonces, el kit es un EFIN. Sí. Perfecto. Recuerde que va a estar recibiendo el código QR por WhatsApp para poder activar su línea, ¿sí? Bueno, perfecto. Le recuerdo que el costo del servicio al día de hoy es de 12.750 pesos porque contiene un descuento del 85 por ciento, fijo, por seis meses, ¿sí? Bueno. De 30 gigas de base con 10 de regalo por seis meses, por eso va a tener 40 durante toda la promoción. Bueno, perfecto. Recuerde que el servicio se le va a facturar a mesa orientada y los gigas de regalo se le van a habilitar 48 horas después de activar la línea, ¿sí? Bueno. Bien, su email es ríosjosemaria5.com y va a recibir su facturación online a través del mail que nos proporcionó, ¿OK? Bueno, sí, perfecto. Perfecto. Desde el app ni me voy a estar ingresando a la sección servicios. Va a poder ver toda la información referida a su factura, ya sea ciclas, facturación, vencimiento y montos a par. Puede activar 20 días de regalo con una duración de 30 días disponible una vez por año. Se puede adherir al dedito automático si lo hiciera. y va a poder sumar puestos y llegan de regalo en cada línea móvil si es que llegue a aportar más de dos líneas registradas bajo el mismo titular, ¿sí? Sí, sí. Bien, una vez que la portabilidad acepte, su línea va a aportar a las 48 horas estábiles. Un día antes por mensaje a WhatsApp yo le voy a informar la fecha de portabilidad para que se quede tranquilo, ¿sí? Es importante que tú bloquees el chip antes de la fecha informada, de todas maneras se va a dar cuenta porque su línea entera deja de recibir señal y ahí debe escanear el código, ¿sí? Bueno, listo, perfecto. Le va a pedir que Valida entiera para activar este por seguridad. En caso de que no llegue la ventana señal, reinice el equipo y se comunica directamente conmigo, ¿OK? Bueno. Bien. ¿Al WhatsApp? Sí, por este número nos vamos a estar comunicando. Se puede comunicar en cualquier momento del día conmigo, ¿sí? Bueno, perfecto. Por otro lado, dentro de los próximos días recibiré una encuesta de satisfacción por WhatsApp. Les solicito que por favor la complete, ya que su opinión es muy importante para la empresa y mi trabajo. Bien. Bueno. Esto sería todo. Yo te voy a pedir, por favor, José, que no le pases datos a ningún otro asesor que se vaya a comunicar. Si te piden el código, si te piden el VLE, no le pases datos a nadie, a no ser que me comunique yo, ¿sí? Bueno, perfecto. Perfecto. Entonces, bueno, yo ahora cargo otra vez el sistema y estamos hablando, ¿sí? Muchísimas gracias. Sí, sí. Y bienvenido a la compañía. Bueno, gracias. Hasta luego. Hasta luego.",
  "calidad": {
    "confianza_promedio": 0.504,
    "metodo_diarizacion": "pausas_fallback",
    "tiempo_procesamiento": 29.2
  },
  "metadata": {
    "modelo": "whisperx_medium",
    "diarizacion": "pausas",
    "dispositivo": "cuda",
    "fecha": "2026-02-18T23:59:21.769491",
    "version": "5.0_ecapa"
  }
}