{
  "archivo": "amza15_1_260212111229251_ACD_00335.wav",
  "duracion_segundos": 154.51,
  "num_segmentos": 36,
  "num_hablantes": 2,
  "hablantes": [
    "Hablante A",
    "Hablante B"
  ],
  "tiempo_por_hablante": {
    "Hablante A": 31.36,
    "Hablante B": 111.24
  },
  "idioma": "es",
  "conversacion": [
    {
      "hablante": "Hablante A",
      "inicio": 0.3,
      "fin": 4.22,
      "duracion": 3.92,
      "texto": "Hola, buen día Marcos.",
      "confianza": 0.516
    },
    {
      "hablante": "Hablante A",
      "inicio": 5.13,
      "fin": 5.93,
      "duracion": 0.8,
      "texto": "Marcos, mucho gusto.",
      "confianza": 0.755
    },
    {
      "hablante": "Hablante A",
      "inicio": 5.95,
      "fin": 8.61,
      "duracion": 2.66,
      "texto": "Mi nombre es Agustín, yo lo estoy llamando desde la área de calidad Movistar.",
      "confianza": 0.534
    },
    {
      "hablante": "Hablante A",
      "inicio": 8.63,
      "fin": 11.69,
      "duracion": 3.06,
      "texto": "¿Cómo le va todo bien?",
      "confianza": 0.41
    },
    {
      "hablante": "Hablante A",
      "inicio": 11.71,
      "fin": 11.91,
      "duracion": 0.2,
      "texto": "Todo bien.",
      "confianza": 0.042
    },
    {
      "hablante": "Hablante A",
      "inicio": 11.93,
      "fin": 12.76,
      "duracion": 0.82,
      "texto": "Vale, era mucho.",
      "confianza": 0.248
    },
    {
      "hablante": "Hablante A",
      "inicio": 12.78,
      "fin": 17.54,
      "duracion": 4.77,
      "texto": "Más que nada yo lo llamaba Marcos porque, mire, me figura acá en el sistema que usted fue parte de la compañía hace un tiempo atrás, ¿no?",
      "confianza": 0.543
    },
    {
      "hablante": "Hablante A",
      "inicio": 17.56,
      "fin": 20.18,
      "duracion": 2.62,
      "texto": "Y quería saber qué fue lo que lo llevó a cambiar, básicamente.",
      "confianza": 0.623
    },
    {
      "hablante": "Hablante A",
      "inicio": 20.2,
      "fin": 22.57,
      "duracion": 2.36,
      "texto": "¿Si tuvo un inconveniente, fue por otra oferta?",
      "confianza": 0.738
    },
    {
      "hablante": "Hablante A",
      "inicio": 22.85,
      "fin": 28.55,
      "duracion": 5.71,
      "texto": "Sí, porque había hablado de que me bajen el trecho y no me bajaron y igual tenía poca señal.",
      "confianza": 0.486
    },
    {
      "hablante": "Hablante A",
      "inicio": 29.46,
      "fin": 31.06,
      "duracion": 1.6,
      "texto": "Bien.",
      "confianza": 0.176
    },
    {
      "hablante": "Hablante A",
      "inicio": 31.08,
      "fin": 32.1,
      "duracion": 1.02,
      "texto": "La señal de consulta marco.",
      "confianza": 0.437
    },
    {
      "hablante": "Hablante A",
      "inicio": 32.12,
      "fin": 33.95,
      "duracion": 1.82,
      "texto": "¿Usted en qué localidad se encuentra hoy en día?",
      "confianza": 0.654
    },
    {
      "hablante": "Hablante B",
      "inicio": 36.07,
      "fin": 36.61,
      "duracion": 0.54,
      "texto": "En San Miguel de Tucumán.",
      "confianza": 0.031
    },
    {
      "hablante": "Hablante B",
      "inicio": 36.63,
      "fin": 37.61,
      "duracion": 0.98,
      "texto": "San Miguel de Tucumán.",
      "confianza": 0.355
    },
    {
      "hablante": "Hablante B",
      "inicio": 37.63,
      "fin": 38.47,
      "duracion": 0.84,
      "texto": "Bien, perfecto.",
      "confianza": 0.521
    },
    {
      "hablante": "Hablante B",
      "inicio": 38.49,
      "fin": 43.94,
      "duracion": 5.45,
      "texto": "Pero afuera, digamos, no en la capital, digamos.",
      "confianza": 0.139
    },
    {
      "hablante": "Hablante B",
      "inicio": 43.96,
      "fin": 48.59,
      "duracion": 4.63,
      "texto": "En San Miguel andaba, pero se dificultaba cuando se iba un poco más lejos a San Miguel.",
      "confianza": 0.603
    },
    {
      "hablante": "Hablante B",
      "inicio": 48.6,
      "fin": 50.03,
      "duracion": 1.42,
      "texto": "Exactamente.",
      "confianza": 0.6
    },
    {
      "hablante": "Hablante B",
      "inicio": 50.05,
      "fin": 58.56,
      "duracion": 8.51,
      "texto": "Bien, mire, yo le voy a decir cómo está la señal en toda la zona de San Miguel y en Tucumán en general porque, bueno, básicamente hemos usado que es una página que es libre de acceso.",
      "confianza": 0.703
    },
    {
      "hablante": "Hablante B",
      "inicio": 58.86,
      "fin": 60.22,
      "duracion": 1.36,
      "texto": "que muestra cómo está la cobertura.",
      "confianza": 0.707
    },
    {
      "hablante": "Hablante B",
      "inicio": 60.76,
      "fin": 72.97,
      "duracion": 12.21,
      "texto": "Mire, por ejemplo, hasta la zona de... Bueno, para el norte de Villar, vives en el huerto, vives a Las Flores, después más al este, Las Piedritas, más al sur, San Andrés.",
      "confianza": 0.546
    },
    {
      "hablante": "Hablante B",
      "inicio": 72.99,
      "fin": 76.47,
      "duracion": 3.48,
      "texto": "Bueno, toda esa zona, ese círculo, digamos que está la señal excelente.",
      "confianza": 0.63
    },
    {
      "hablante": "Hablante B",
      "inicio": 77.06,
      "fin": 84.04,
      "duracion": 6.99,
      "texto": "Si usted se aleja ya un poco más, no sé cuántos kilómetros serán, va a seguir teniendo señal, pero tiene un poco menos, eso sí.",
      "confianza": 0.705
    },
    {
      "hablante": "Hablante B",
      "inicio": 84.42,
      "fin": 88.63,
      "duracion": 4.2,
      "texto": "O sea, la señal se reduce un poco, pero no es que no hay, sino que hay pero a menor velocidad.",
      "confianza": 0.721
    },
    {
      "hablante": "Hablante B",
      "inicio": 89.25,
      "fin": 96.5,
      "duracion": 7.25,
      "texto": "Y ya si son más lejos, o sea, ya si tiene que mucho más lejos, llegando a los fujos y saltas, ahí ya si tienen pocas señales.",
      "confianza": 0.585
    },
    {
      "hablante": "Hablante B",
      "inicio": 97.9,
      "fin": 102.15,
      "duracion": 4.25,
      "texto": "Pero por mientras, en toda la zona aténtica de alrededor de San Miguel, la señal es muy buena.",
      "confianza": 0.647
    },
    {
      "hablante": "Hablante B",
      "inicio": 102.61,
      "fin": 106.83,
      "duracion": 4.22,
      "texto": "Sí, por eso ahí hemos mejorado un montón, porque se han restaurado todas las antenas del año pasado.",
      "confianza": 0.65
    },
    {
      "hablante": "Hablante B",
      "inicio": 107.39,
      "fin": 112.8,
      "duracion": 5.41,
      "texto": "Mi ilusión también me decía, Marcos, el tema de...",
      "confianza": 0.414
    },
    {
      "hablante": "Hablante B",
      "inicio": 112.82,
      "fin": 116.06,
      "duracion": 3.24,
      "texto": "El tema de 50, no se lo habían podido dar.",
      "confianza": 0.446
    },
    {
      "hablante": "Hablante B",
      "inicio": 116.08,
      "fin": 118.87,
      "duracion": 2.78,
      "texto": "Claro, yo andaba sin trabajo, bueno, por eso era más que nada.",
      "confianza": 0.379
    },
    {
      "hablante": "Hablante B",
      "inicio": 119.22,
      "fin": 147.49,
      "duracion": 28.27,
      "texto": "pero igual ahora estoy con claro y por el momento estoy bien digamos ok igualmente yo ahora Marcos, si le parece le pongo un mensajito de whatsapp porque uno nunca sabe que lo que puede pasar siempre me están mandando igual siempre me están mandando mensaje de whatsapp todos los días me mandan mensajes ah ok ok bueno Marcos, ahí lo voy a dejar la sentada tengo la promoción igual ahí",
      "confianza": 0.498
    },
    {
      "hablante": "Hablante B",
      "inicio": 148.6,
      "fin": 150.51,
      "duracion": 1.91,
      "texto": "Vale, ahí lo he ejercentado entonces, ¿sí?",
      "confianza": 0.562
    },
    {
      "hablante": "Hablante B",
      "inicio": 151.17,
      "fin": 153.06,
      "duracion": 1.89,
      "texto": "Que tengas buena vida.",
      "confianza": 0.494
    },
    {
      "hablante": "Hablante B",
      "inicio": 153.08,
      "fin": 153.56,
      "duracion": 0.48,
      "texto": "Chau.",
      "confianza": 0.293
    },
    {
      "hablante": "Hablante B",
      "inicio": 153.58,
      "fin": 154.51,
      "duracion": 0.93,
      "texto": "Vale, chau chau.",
      "confianza": 0.454
    }
  ],
  "transcripcion_completa": "Hola, buen día Marcos. Marcos, mucho gusto. Mi nombre es Agustín, yo lo estoy llamando desde la área de calidad Movistar. ¿Cómo le va todo bien? Todo bien. Vale, era mucho. Más que nada yo lo llamaba Marcos porque, mire, me figura acá en el sistema que usted fue parte de la compañía hace un tiempo atrás, ¿no? Y quería saber qué fue lo que lo llevó a cambiar, básicamente. ¿Si tuvo un inconveniente, fue por otra oferta? Sí, porque había hablado de que me bajen el trecho y no me bajaron y igual tenía poca señal. Bien. La señal de consulta marco. ¿Usted en qué localidad se encuentra hoy en día? En San Miguel de Tucumán. San Miguel de Tucumán. Bien, perfecto. Pero afuera, digamos, no en la capital, digamos. En San Miguel andaba, pero se dificultaba cuando se iba un poco más lejos a San Miguel. Exactamente. Bien, mire, yo le voy a decir cómo está la señal en toda la zona de San Miguel y en Tucumán en general porque, bueno, básicamente hemos usado que es una página que es libre de acceso. que muestra cómo está la cobertura. Mire, por ejemplo, hasta la zona de... Bueno, para el norte de Villar, vives en el huerto, vives a Las Flores, después más al este, Las Piedritas, más al sur, San Andrés. Bueno, toda esa zona, ese círculo, digamos que está la señal excelente. Si usted se aleja ya un poco más, no sé cuántos kilómetros serán, va a seguir teniendo señal, pero tiene un poco menos, eso sí. O sea, la señal se reduce un poco, pero no es que no hay, sino que hay pero a menor velocidad. Y ya si son más lejos, o sea, ya si tiene que mucho más lejos, llegando a los fujos y saltas, ahí ya si tienen pocas señales. Pero por mientras, en toda la zona aténtica de alrededor de San Miguel, la señal es muy buena. Sí, por eso ahí hemos mejorado un montón, porque se han restaurado todas las antenas del año pasado. Mi ilusión también me decía, Marcos, el tema de... El tema de 50, no se lo habían podido dar. Claro, yo andaba sin trabajo, bueno, por eso era más que nada. pero igual ahora estoy con claro y por el momento estoy bien digamos ok igualmente yo ahora Marcos, si le parece le pongo un mensajito de whatsapp porque uno nunca sabe que lo que puede pasar siempre me están mandando igual siempre me están mandando mensaje de whatsapp todos los días me mandan mensajes ah ok ok bueno Marcos, ahí lo voy a dejar la sentada tengo la promoción igual ahí Vale, ahí lo he ejercentado entonces, ¿sí? Que tengas buena vida. Chau. Vale, chau chau.",
  "calidad": {
    "confianza_promedio": 0.496,
    "metodo_diarizacion": "pausas_fallback",
    "tiempo_procesamiento": 10.8
  },
  "metadata": {
    "modelo": "whisperx_medium",
    "diarizacion": "pausas",
    "dispositivo": "cuda",
    "fecha": "2026-02-18T23:44:06.463372",
    "version": "5.0_ecapa"
  }
}