{
  "archivo": "amza13_1_260210114726223_MIT_01977.wav",
  "duracion_segundos": 758.51,
  "num_segmentos": 232,
  "num_hablantes": 2,
  "hablantes": [
    "Hablante A",
    "Hablante B"
  ],
  "tiempo_por_hablante": {
    "Hablante B": 112.6,
    "Hablante A": 520.13
  },
  "idioma": "es",
  "conversacion": [
    {
      "hablante": "Hablante B",
      "inicio": 10.29,
      "fin": 15.48,
      "duracion": 5.19,
      "texto": "¿Cómo andas?",
      "confianza": 0.284
    },
    {
      "hablante": "Hablante B",
      "inicio": 15.5,
      "fin": 16.38,
      "duracion": 0.88,
      "texto": "¿Cómo andas?",
      "confianza": 0.066
    },
    {
      "hablante": "Hablante B",
      "inicio": 16.4,
      "fin": 16.74,
      "duracion": 0.34,
      "texto": "¿Cómo andas?",
      "confianza": 0.161
    },
    {
      "hablante": "Hablante B",
      "inicio": 16.76,
      "fin": 17.14,
      "duracion": 0.38,
      "texto": "¿Cómo andas?",
      "confianza": 0.252
    },
    {
      "hablante": "Hablante B",
      "inicio": 17.16,
      "fin": 17.6,
      "duracion": 0.44,
      "texto": "¿Cómo andas?",
      "confianza": 0.44
    },
    {
      "hablante": "Hablante B",
      "inicio": 17.62,
      "fin": 18.02,
      "duracion": 0.4,
      "texto": "¿Cómo andas?",
      "confianza": 0.422
    },
    {
      "hablante": "Hablante B",
      "inicio": 18.04,
      "fin": 18.4,
      "duracion": 0.36,
      "texto": "¿Cómo andas?",
      "confianza": 0.36
    },
    {
      "hablante": "Hablante B",
      "inicio": 18.42,
      "fin": 18.86,
      "duracion": 0.44,
      "texto": "¿Cómo andas?",
      "confianza": 0.268
    },
    {
      "hablante": "Hablante B",
      "inicio": 18.88,
      "fin": 19.98,
      "duracion": 1.1,
      "texto": "¿Cómo andas?",
      "confianza": 0.213
    },
    {
      "hablante": "Hablante B",
      "inicio": 20.0,
      "fin": 20.66,
      "duracion": 0.66,
      "texto": "¿Cómo andas?",
      "confianza": 0.516
    },
    {
      "hablante": "Hablante B",
      "inicio": 20.7,
      "fin": 21.0,
      "duracion": 0.3,
      "texto": "¿Cómo andas?",
      "confianza": 0.27
    },
    {
      "hablante": "Hablante B",
      "inicio": 21.02,
      "fin": 21.36,
      "duracion": 0.34,
      "texto": "¿Cómo andas?",
      "confianza": 0.258
    },
    {
      "hablante": "Hablante B",
      "inicio": 21.38,
      "fin": 22.42,
      "duracion": 1.04,
      "texto": "¿Cómo andas?",
      "confianza": 0.554
    },
    {
      "hablante": "Hablante B",
      "inicio": 22.46,
      "fin": 23.06,
      "duracion": 0.6,
      "texto": "¿Cómo andas?",
      "confianza": 0.486
    },
    {
      "hablante": "Hablante B",
      "inicio": 23.74,
      "fin": 24.38,
      "duracion": 0.64,
      "texto": "¿Cómo andas?",
      "confianza": 0.252
    },
    {
      "hablante": "Hablante B",
      "inicio": 24.42,
      "fin": 24.68,
      "duracion": 0.26,
      "texto": "¿Cómo andas?",
      "confianza": 0.162
    },
    {
      "hablante": "Hablante B",
      "inicio": 24.7,
      "fin": 25.66,
      "duracion": 0.96,
      "texto": "¿Cómo andas?",
      "confianza": 0.358
    },
    {
      "hablante": "Hablante B",
      "inicio": 25.7,
      "fin": 26.18,
      "duracion": 0.48,
      "texto": "¿Cómo andas?",
      "confianza": 0.514
    },
    {
      "hablante": "Hablante B",
      "inicio": 26.2,
      "fin": 26.99,
      "duracion": 0.78,
      "texto": "¿Cómo andas?",
      "confianza": 0.18
    },
    {
      "hablante": "Hablante B",
      "inicio": 27.01,
      "fin": 27.27,
      "duracion": 0.26,
      "texto": "¿Cómo andas?",
      "confianza": 0.296
    },
    {
      "hablante": "Hablante B",
      "inicio": 27.29,
      "fin": 28.01,
      "duracion": 0.72,
      "texto": "¿Cómo andas?",
      "confianza": 0.404
    },
    {
      "hablante": "Hablante B",
      "inicio": 28.05,
      "fin": 28.51,
      "duracion": 0.46,
      "texto": "¿Cómo andas?",
      "confianza": 0.322
    },
    {
      "hablante": "Hablante B",
      "inicio": 28.53,
      "fin": 28.93,
      "duracion": 0.4,
      "texto": "¿Cómo andas?",
      "confianza": 0.262
    },
    {
      "hablante": "Hablante B",
      "inicio": 28.95,
      "fin": 29.27,
      "duracion": 0.32,
      "texto": "¿Cómo andas?",
      "confianza": 0.26
    },
    {
      "hablante": "Hablante B",
      "inicio": 29.29,
      "fin": 30.63,
      "duracion": 1.34,
      "texto": "¿Cómo andas?",
      "confianza": 0.334
    },
    {
      "hablante": "Hablante B",
      "inicio": 30.65,
      "fin": 31.31,
      "duracion": 0.66,
      "texto": "¿Cómo andas?",
      "confianza": 0.536
    },
    {
      "hablante": "Hablante B",
      "inicio": 31.91,
      "fin": 32.19,
      "duracion": 0.28,
      "texto": "¿Cómo andas?",
      "confianza": 0.298
    },
    {
      "hablante": "Hablante B",
      "inicio": 32.21,
      "fin": 32.91,
      "duracion": 0.7,
      "texto": "¿Cómo andas?",
      "confianza": 0.231
    },
    {
      "hablante": "Hablante B",
      "inicio": 32.93,
      "fin": 33.17,
      "duracion": 0.24,
      "texto": "¿Cómo andas?",
      "confianza": 0.002
    },
    {
      "hablante": "Hablante B",
      "inicio": 33.19,
      "fin": 33.45,
      "duracion": 0.26,
      "texto": "¿Cómo andas?",
      "confianza": 0.112
    },
    {
      "hablante": "Hablante B",
      "inicio": 33.47,
      "fin": 33.71,
      "duracion": 0.24,
      "texto": "¿Cómo andas?",
      "confianza": 0.006
    },
    {
      "hablante": "Hablante B",
      "inicio": 33.73,
      "fin": 34.11,
      "duracion": 0.38,
      "texto": "¿Cómo andas?",
      "confianza": 0.204
    },
    {
      "hablante": "Hablante B",
      "inicio": 34.13,
      "fin": 34.41,
      "duracion": 0.28,
      "texto": "¿Cómo andas?",
      "confianza": 0.257
    },
    {
      "hablante": "Hablante B",
      "inicio": 34.43,
      "fin": 34.69,
      "duracion": 0.26,
      "texto": "¿Cómo andas?",
      "confianza": 0.104
    },
    {
      "hablante": "Hablante B",
      "inicio": 34.71,
      "fin": 35.09,
      "duracion": 0.38,
      "texto": "¿Cómo andas?",
      "confianza": 0.412
    },
    {
      "hablante": "Hablante B",
      "inicio": 35.11,
      "fin": 35.65,
      "duracion": 0.54,
      "texto": "¿Cómo yas?",
      "confianza": 0.299
    },
    {
      "hablante": "Hablante B",
      "inicio": 35.67,
      "fin": 36.51,
      "duracion": 0.84,
      "texto": "¿Cómo yas?",
      "confianza": 0.13
    },
    {
      "hablante": "Hablante B",
      "inicio": 36.53,
      "fin": 36.73,
      "duracion": 0.2,
      "texto": "¿Cómo yas?",
      "confianza": 0.0
    },
    {
      "hablante": "Hablante B",
      "inicio": 36.76,
      "fin": 36.95,
      "duracion": 0.2,
      "texto": "¿Cómo yas?",
      "confianza": 0.0
    },
    {
      "hablante": "Hablante B",
      "inicio": 36.98,
      "fin": 37.17,
      "duracion": 0.2,
      "texto": "¿Cómo yas?",
      "confianza": 0.006
    },
    {
      "hablante": "Hablante B",
      "inicio": 37.2,
      "fin": 37.4,
      "duracion": 0.2,
      "texto": "¿Cómo yas?",
      "confianza": 0.061
    },
    {
      "hablante": "Hablante B",
      "inicio": 37.41,
      "fin": 37.62,
      "duracion": 0.2,
      "texto": "¿Cómo yas?",
      "confianza": 0.0
    },
    {
      "hablante": "Hablante B",
      "inicio": 37.63,
      "fin": 37.84,
      "duracion": 0.2,
      "texto": "¿Cómo yas?",
      "confianza": 0.006
    },
    {
      "hablante": "Hablante B",
      "inicio": 37.86,
      "fin": 38.06,
      "duracion": 0.2,
      "texto": "¿Cómo yas?",
      "confianza": 0.032
    },
    {
      "hablante": "Hablante B",
      "inicio": 38.08,
      "fin": 38.26,
      "duracion": 0.18,
      "texto": "¿Cómo yas",
      "confianza": 0.164
    },
    {
      "hablante": "Hablante B",
      "inicio": 38.51,
      "fin": 43.33,
      "duracion": 4.82,
      "texto": "tenga presente que todas las líneas mantendrían el mismo número y en ningún momento se quedarían incomunicadas, ¿sí?",
      "confianza": 0.685
    },
    {
      "hablante": "Hablante B",
      "inicio": 44.15,
      "fin": 45.63,
      "duracion": 1.48,
      "texto": "Seguirían con la compañía de Claro.",
      "confianza": 0.525
    },
    {
      "hablante": "Hablante B",
      "inicio": 45.97,
      "fin": 48.01,
      "duracion": 2.04,
      "texto": "No sé que le avisemos qué día le llega el chip, ¿sí?",
      "confianza": 0.613
    },
    {
      "hablante": "Hablante A",
      "inicio": 49.59,
      "fin": 49.94,
      "duracion": 0.34,
      "texto": "Perfecto.",
      "confianza": 0.235
    },
    {
      "hablante": "Hablante A",
      "inicio": 49.96,
      "fin": 51.78,
      "duracion": 1.82,
      "texto": "Serían 18, perfecto.",
      "confianza": 0.836
    },
    {
      "hablante": "Hablante A",
      "inicio": 53.08,
      "fin": 53.34,
      "duracion": 0.26,
      "texto": "Sí, perfecto.",
      "confianza": 0.029
    },
    {
      "hablante": "Hablante A",
      "inicio": 53.36,
      "fin": 53.82,
      "duracion": 0.46,
      "texto": "Exactamente.",
      "confianza": 0.645
    },
    {
      "hablante": "Hablante A",
      "inicio": 53.86,
      "fin": 61.85,
      "duracion": 7.99,
      "texto": "Usted tendría WhatsApp gratis, llamadas libres a cualquier compañía, América Precio Local, Rúmin en América, a un valor de 8.047 pesos, ¿sí?",
      "confianza": 0.699
    },
    {
      "hablante": "Hablante A",
      "inicio": 62.73,
      "fin": 64.43,
      "duracion": 1.7,
      "texto": "Y tenga presente...",
      "confianza": 0.629
    },
    {
      "hablante": "Hablante A",
      "inicio": 64.45,
      "fin": 68.09,
      "duracion": 3.64,
      "texto": "Esto es por seis meses, pero tenga presente que nosotros, antes del sexto mes,",
      "confianza": 0.712
    },
    {
      "hablante": "Hablante A",
      "inicio": 68.27,
      "fin": 76.2,
      "duracion": 7.93,
      "texto": "lo que hacemos es brindar el 0800 o atraer la aplicación de Mi Movistar para que usted pueda gestionar las promociones vigentes que hay en ese momento, ¿sí?",
      "confianza": 0.716
    },
    {
      "hablante": "Hablante A",
      "inicio": 76.66,
      "fin": 78.9,
      "duracion": 2.24,
      "texto": "Porque la idea es lograr fidelizar a los clientes.",
      "confianza": 0.625
    },
    {
      "hablante": "Hablante A",
      "inicio": 79.62,
      "fin": 84.29,
      "duracion": 4.67,
      "texto": "Tenga presente, María, usted pasaría más de dos líneas, ¿cierto?",
      "confianza": 0.724
    },
    {
      "hablante": "Hablante A",
      "inicio": 84.31,
      "fin": 87.07,
      "duracion": 2.76,
      "texto": "Sí, exactamente, serían tres líneas las que pasarían.",
      "confianza": 0.653
    },
    {
      "hablante": "Hablante A",
      "inicio": 87.13,
      "fin": 93.12,
      "duracion": 5.99,
      "texto": "En este caso se le arearía el plan familiar que son 4 GB de regalo para cada línea móvil.",
      "confianza": 0.752
    },
    {
      "hablante": "Hablante A",
      "inicio": 93.98,
      "fin": 97.3,
      "duracion": 3.32,
      "texto": "Es decir, que sería un total de 22 GB por línea, ¿sí?",
      "confianza": 0.636
    },
    {
      "hablante": "Hablante A",
      "inicio": 97.65,
      "fin": 108.81,
      "duracion": 11.16,
      "texto": "Y aparte, como usted está haciendo la portabilidad conmigo, le vamos a regalar lo que son 20 GB para cada línea, que lo pueden activar una vez por año.",
      "confianza": 0.758
    },
    {
      "hablante": "Hablante A",
      "inicio": 109.05,
      "fin": 113.34,
      "duracion": 4.29,
      "texto": "Es decir, que si usted quiere lo puede activar el mes que viene, la otra línea, por ejemplo, en julio.",
      "confianza": 0.781
    },
    {
      "hablante": "Hablante A",
      "inicio": 114.06,
      "fin": 118.0,
      "duracion": 3.95,
      "texto": "Es decir, que por un mes, tendrían un total de 42 GB, ¿sí?",
      "confianza": 0.507
    },
    {
      "hablante": "Hablante A",
      "inicio": 119.08,
      "fin": 120.35,
      "duracion": 1.26,
      "texto": "Perfecto, perfecto.",
      "confianza": 0.473
    },
    {
      "hablante": "Hablante A",
      "inicio": 120.61,
      "fin": 121.77,
      "duracion": 1.16,
      "texto": "La una consulta, María.",
      "confianza": 0.808
    },
    {
      "hablante": "Hablante A",
      "inicio": 122.09,
      "fin": 124.69,
      "duracion": 2.6,
      "texto": "Usted es la titular de las líneas, ¿cierto?",
      "confianza": 0.721
    },
    {
      "hablante": "Hablante A",
      "inicio": 124.71,
      "fin": 124.77,
      "duracion": 0.06,
      "texto": "Sí.",
      "confianza": 0.333
    },
    {
      "hablante": "Hablante A",
      "inicio": 125.24,
      "fin": 126.0,
      "duracion": 0.76,
      "texto": "Perfecto.",
      "confianza": 0.756
    },
    {
      "hablante": "Hablante A",
      "inicio": 126.02,
      "fin": 130.15,
      "duracion": 4.12,
      "texto": "Me figuran si están a María José Lambertucci, ¿es correcto?",
      "confianza": 0.706
    },
    {
      "hablante": "Hablante A",
      "inicio": 130.17,
      "fin": 130.67,
      "duracion": 0.5,
      "texto": "Es correcto.",
      "confianza": 0.574
    },
    {
      "hablante": "Hablante A",
      "inicio": 131.15,
      "fin": 135.13,
      "duracion": 3.98,
      "texto": "Y me fieron un correo, Majo Lambertucci, arroajotmail.com.",
      "confianza": 0.681
    },
    {
      "hablante": "Hablante A",
      "inicio": 135.31,
      "fin": 137.69,
      "duracion": 2.38,
      "texto": "¿Este correo lo sigue usando?",
      "confianza": 0.782
    },
    {
      "hablante": "Hablante A",
      "inicio": 137.72,
      "fin": 138.64,
      "duracion": 0.92,
      "texto": "Sí.",
      "confianza": 0.582
    },
    {
      "hablante": "Hablante A",
      "inicio": 138.66,
      "fin": 139.06,
      "duracion": 0.4,
      "texto": "Perfecto.",
      "confianza": 0.758
    },
    {
      "hablante": "Hablante A",
      "inicio": 139.26,
      "fin": 147.34,
      "duracion": 8.09,
      "texto": "María, en este caso, como usted es la persona titular de las líneas, lo único que vamos a necesitar sería una fotito del DNI, del frente y del dorso.",
      "confianza": 0.747
    },
    {
      "hablante": "Hablante A",
      "inicio": 147.53,
      "fin": 149.41,
      "duracion": 1.88,
      "texto": "Si usted quiere, me la puede enviar vía WhatsApp.",
      "confianza": 0.7
    },
    {
      "hablante": "Hablante A",
      "inicio": 149.57,
      "fin": 151.83,
      "duracion": 2.26,
      "texto": "Yo la espero en línea, ¿sí?",
      "confianza": 0.638
    },
    {
      "hablante": "Hablante A",
      "inicio": 151.85,
      "fin": 153.27,
      "duracion": 1.42,
      "texto": "Dale, espérame.",
      "confianza": 0.396
    },
    {
      "hablante": "Hablante A",
      "inicio": 153.29,
      "fin": 153.65,
      "duracion": 0.36,
      "texto": "Perfecto.",
      "confianza": 0.829
    },
    {
      "hablante": "Hablante A",
      "inicio": 153.69,
      "fin": 154.81,
      "duracion": 1.12,
      "texto": "Yo la espero, no hay problema.",
      "confianza": 0.524
    },
    {
      "hablante": "Hablante B",
      "inicio": 191.02,
      "fin": 203.84,
      "duracion": 12.82,
      "texto": "Perfecto María.",
      "confianza": 0.619
    },
    {
      "hablante": "Hablante B",
      "inicio": 204.0,
      "fin": 212.12,
      "duracion": 8.11,
      "texto": "La una consulta María, acá estoy verificando en el tema del sistema las líneas, si usted quiere se las puedo dictar para ver si están correctas, ¿sí?",
      "confianza": 0.753
    },
    {
      "hablante": "Hablante B",
      "inicio": 213.28,
      "fin": 218.49,
      "duracion": 5.21,
      "texto": "Dale, espérame que me voy fijando porque, a ver, espera, porque no me las acuerdo todas de memoria.",
      "confianza": 0.641
    },
    {
      "hablante": "Hablante B",
      "inicio": 218.81,
      "fin": 222.95,
      "duracion": 4.15,
      "texto": "Algunas sí y otras son de mis hijos.",
      "confianza": 0.504
    },
    {
      "hablante": "Hablante B",
      "inicio": 222.97,
      "fin": 225.84,
      "duracion": 2.86,
      "texto": "A ver, sí, espérame que estoy abriendo acá mientras tanto.",
      "confianza": 0.521
    },
    {
      "hablante": "Hablante B",
      "inicio": 225.86,
      "fin": 229.76,
      "duracion": 3.91,
      "texto": "No hay problema, ya la espero en línea, no hay problema.",
      "confianza": 0.272
    },
    {
      "hablante": "Hablante B",
      "inicio": 229.78,
      "fin": 231.96,
      "duracion": 2.18,
      "texto": "A ver, querés ir extenderme y te digo sí, sí.",
      "confianza": 0.429
    },
    {
      "hablante": "Hablante B",
      "inicio": 232.0,
      "fin": 232.37,
      "duracion": 0.36,
      "texto": "Perfecto.",
      "confianza": 0.894
    },
    {
      "hablante": "Hablante B",
      "inicio": 232.56,
      "fin": 240.76,
      "duracion": 8.19,
      "texto": "Me figura la que estamos hablando, que es la que termina en 7102, y me figura 1137 906 385.",
      "confianza": 0.608
    },
    {
      "hablante": "Hablante B",
      "inicio": 241.53,
      "fin": 242.75,
      "duracion": 1.22,
      "texto": "Sí, es esa.",
      "confianza": 0.572
    },
    {
      "hablante": "Hablante B",
      "inicio": 242.77,
      "fin": 243.23,
      "duracion": 0.46,
      "texto": "Perfecto.",
      "confianza": 0.714
    },
    {
      "hablante": "Hablante B",
      "inicio": 243.25,
      "fin": 245.43,
      "duracion": 2.18,
      "texto": "Y la otra me figura 11, 69, 10, 9, 31, 97.",
      "confianza": 0.826
    },
    {
      "hablante": "Hablante B",
      "inicio": 245.45,
      "fin": 246.03,
      "duracion": 0.58,
      "texto": "Sí, exacto.",
      "confianza": 0.344
    },
    {
      "hablante": "Hablante B",
      "inicio": 246.25,
      "fin": 250.56,
      "duracion": 4.3,
      "texto": "Estas tres líneas se tienen.",
      "confianza": 0.472
    },
    {
      "hablante": "Hablante B",
      "inicio": 250.92,
      "fin": 251.7,
      "duracion": 0.78,
      "texto": "Perfecto, María.",
      "confianza": 0.711
    },
    {
      "hablante": "Hablante B",
      "inicio": 251.76,
      "fin": 252.66,
      "duracion": 0.9,
      "texto": "Esperemos un segundito.",
      "confianza": 0.58
    },
    {
      "hablante": "Hablante B",
      "inicio": 253.78,
      "fin": 257.76,
      "duracion": 3.98,
      "texto": "Lo vamos a dejar asentado acá para ver si ganamos.",
      "confianza": 0.783
    },
    {
      "hablante": "Hablante B",
      "inicio": 257.78,
      "fin": 259.06,
      "duracion": 1.28,
      "texto": "¿Para la última me dijiste?",
      "confianza": 0.685
    },
    {
      "hablante": "Hablante A",
      "inicio": 260.59,
      "fin": 263.53,
      "duracion": 2.94,
      "texto": "11, 69, 10, 9, 31, 97.",
      "confianza": 0.803
    },
    {
      "hablante": "Hablante A",
      "inicio": 263.65,
      "fin": 267.13,
      "duracion": 3.48,
      "texto": "Claro, creo que esa es la de Nico.",
      "confianza": 0.637
    },
    {
      "hablante": "Hablante A",
      "inicio": 267.15,
      "fin": 268.35,
      "duracion": 1.2,
      "texto": "Espera, por las dudas que me fico.",
      "confianza": 0.566
    },
    {
      "hablante": "Hablante B",
      "inicio": 270.04,
      "fin": 270.18,
      "duracion": 0.14,
      "texto": "Espera.",
      "confianza": 0.062
    },
    {
      "hablante": "Hablante B",
      "inicio": 270.19,
      "fin": 271.54,
      "duracion": 1.34,
      "texto": "La espera en línea, no se haga problema.",
      "confianza": 0.39
    },
    {
      "hablante": "Hablante A",
      "inicio": 278.27,
      "fin": 290.42,
      "duracion": 12.16,
      "texto": "Ahora lo que vamos a hacer ya con esto finalizamos, yo le voy a enviar a usted lo que es el mensaje de portabilidad.",
      "confianza": 0.693
    },
    {
      "hablante": "Hablante A",
      "inicio": 290.64,
      "fin": 301.0,
      "duracion": 10.36,
      "texto": "Este mensaje lo que hace es que todas las líneas se pasen a movistar, mantengan el mismo número, en ningún momento se queden incomunicadas y no pierdan ningún tipo de contacto para que usted se quede tranquila.",
      "confianza": 0.773
    },
    {
      "hablante": "Hablante A",
      "inicio": 301.62,
      "fin": 310.39,
      "duracion": 8.77,
      "texto": "Este mensaje le va a llegar por los mensajes y textos comunes con el remitente 223 de Movistar para la seguridad de ustedes, ¿sí?",
      "confianza": 0.695
    },
    {
      "hablante": "Hablante A",
      "inicio": 310.41,
      "fin": 310.87,
      "duracion": 0.46,
      "texto": "Bien, bien, buenísimo.",
      "confianza": 0.107
    },
    {
      "hablante": "Hablante A",
      "inicio": 310.89,
      "fin": 315.14,
      "duracion": 4.25,
      "texto": "Yo voy a necesitar que usted me deje el numerito y ya con eso estaríamos, ¿sí?",
      "confianza": 0.389
    },
    {
      "hablante": "Hablante A",
      "inicio": 315.16,
      "fin": 316.66,
      "duracion": 1.5,
      "texto": "Dale, perfecto.",
      "confianza": 0.172
    },
    {
      "hablante": "Hablante A",
      "inicio": 316.68,
      "fin": 318.08,
      "duracion": 1.4,
      "texto": "Ya, esto es muy importante.",
      "confianza": 0.604
    },
    {
      "hablante": "Hablante A",
      "inicio": 318.26,
      "fin": 321.37,
      "duracion": 3.1,
      "texto": "Lo más probable es que en un ratito le empiecen a entrellamadas de números desconocidos.",
      "confianza": 0.456
    },
    {
      "hablante": "Hablante A",
      "inicio": 321.77,
      "fin": 326.51,
      "duracion": 4.75,
      "texto": "Yo les pido que ese llamar no los atiendan porque son del área técnica del Movistar, vele fijando que la línea está activa.",
      "confianza": 0.556
    },
    {
      "hablante": "Hablante A",
      "inicio": 327.27,
      "fin": 331.46,
      "duracion": 4.19,
      "texto": "Pero muchas veces lo que sucede es que se puede generar lo que es una doble facturación.",
      "confianza": 0.72
    },
    {
      "hablante": "Hablante A",
      "inicio": 331.64,
      "fin": 338.25,
      "duracion": 6.61,
      "texto": "Entonces, para evitar que usted se vaya a enojar conmigo o que vaya a ver este problema, le pido que no atiende a esas llamadas, ¿sí?",
      "confianza": 0.625
    },
    {
      "hablante": "Hablante A",
      "inicio": 338.27,
      "fin": 343.14,
      "duracion": 4.87,
      "texto": "En realidad, yo sé que los que me llaman no son de Movistar, son de claro la competencia, pero bueno, está bien.",
      "confianza": 0.624
    },
    {
      "hablante": "Hablante A",
      "inicio": 344.04,
      "fin": 348.21,
      "duracion": 4.17,
      "texto": "A ver, a veces ya hablan de Movistar, por eso le digo, ¿sí?",
      "confianza": 0.556
    },
    {
      "hablante": "Hablante A",
      "inicio": 348.23,
      "fin": 348.55,
      "duracion": 0.32,
      "texto": "Bueno, ahí.",
      "confianza": 0.175
    },
    {
      "hablante": "Hablante A",
      "inicio": 348.57,
      "fin": 348.75,
      "duracion": 0.18,
      "texto": "Perfecto.",
      "confianza": 0.024
    },
    {
      "hablante": "Hablante A",
      "inicio": 348.77,
      "fin": 350.57,
      "duracion": 1.8,
      "texto": "María, y le quería hacer otra consulta.",
      "confianza": 0.882
    },
    {
      "hablante": "Hablante A",
      "inicio": 350.87,
      "fin": 353.37,
      "duracion": 2.5,
      "texto": "Usted es de San Miguel, Buenos Aires, ¿cierto?",
      "confianza": 0.591
    },
    {
      "hablante": "Hablante A",
      "inicio": 353.85,
      "fin": 354.33,
      "duracion": 0.48,
      "texto": "Sí, exacto.",
      "confianza": 0.167
    },
    {
      "hablante": "Hablante A",
      "inicio": 354.36,
      "fin": 354.8,
      "duracion": 0.44,
      "texto": "Perfecto.",
      "confianza": 0.598
    },
    {
      "hablante": "Hablante A",
      "inicio": 354.81,
      "fin": 358.88,
      "duracion": 4.07,
      "texto": "Yo lo que le iba a decir ahora es que nosotros ahí en San Miguel,",
      "confianza": 0.66
    },
    {
      "hablante": "Hablante A",
      "inicio": 359.21,
      "fin": 361.72,
      "duracion": 2.5,
      "texto": "Tenemos lo que son tres sucursales de Movistar.",
      "confianza": 0.846
    },
    {
      "hablante": "Hablante A",
      "inicio": 361.96,
      "fin": 365.42,
      "duracion": 3.46,
      "texto": "Yo la puedo derivar para que directamente vaya a retirar los chips ahí, ¿sí?",
      "confianza": 0.725
    },
    {
      "hablante": "Hablante A",
      "inicio": 366.79,
      "fin": 368.35,
      "duracion": 1.56,
      "texto": "Perfecto, perfecto.",
      "confianza": 0.592
    },
    {
      "hablante": "Hablante A",
      "inicio": 368.37,
      "fin": 370.41,
      "duracion": 2.04,
      "texto": "Tenemos una en la calle Perón al 1173.",
      "confianza": 0.699
    },
    {
      "hablante": "Hablante A",
      "inicio": 370.43,
      "fin": 373.79,
      "duracion": 3.36,
      "texto": "1173, perfecto.",
      "confianza": 0.672
    },
    {
      "hablante": "Hablante A",
      "inicio": 373.81,
      "fin": 376.5,
      "duracion": 2.68,
      "texto": "¿Esa le queda cómoda?",
      "confianza": 0.655
    },
    {
      "hablante": "Hablante A",
      "inicio": 376.96,
      "fin": 378.26,
      "duracion": 1.3,
      "texto": "Porque si no, hay otra en la calle.",
      "confianza": 0.412
    },
    {
      "hablante": "Hablante A",
      "inicio": 378.28,
      "fin": 379.74,
      "duracion": 1.46,
      "texto": "¿Italia al 1201?",
      "confianza": 0.773
    },
    {
      "hablante": "Hablante A",
      "inicio": 379.76,
      "fin": 383.35,
      "duracion": 3.58,
      "texto": "No, esa me queda bien, la de Perón, 1173.",
      "confianza": 0.66
    },
    {
      "hablante": "Hablante A",
      "inicio": 383.37,
      "fin": 384.21,
      "duracion": 0.84,
      "texto": "Bueno, perfecto.",
      "confianza": 0.68
    },
    {
      "hablante": "Hablante A",
      "inicio": 384.35,
      "fin": 388.83,
      "duracion": 4.49,
      "texto": "Nosotros le vamos a avisar con un día en anticipación qué día tiene que ir a retirar los chips, ¿sí?",
      "confianza": 0.724
    },
    {
      "hablante": "Hablante A",
      "inicio": 389.22,
      "fin": 392.18,
      "duracion": 2.96,
      "texto": "Lo más probable es que sea para el día jueves o viernes.",
      "confianza": 0.686
    },
    {
      "hablante": "Hablante A",
      "inicio": 392.38,
      "fin": 394.85,
      "duracion": 2.46,
      "texto": "De igual manera, queda tranquila que yo le voy a avisar.",
      "confianza": 0.784
    },
    {
      "hablante": "Hablante A",
      "inicio": 395.33,
      "fin": 401.56,
      "duracion": 6.23,
      "texto": "Y quédese tranquila que la baraja con claro de las tres líneas se hace de manera simultánea para que en ningún momento se queden incomunicados, ¿sí?",
      "confianza": 0.697
    },
    {
      "hablante": "Hablante A",
      "inicio": 402.56,
      "fin": 408.85,
      "duracion": 6.29,
      "texto": "Bien, escúchame, si tengo el chip virtual, ¿viste este que sí y chip sirve o no?",
      "confianza": 0.243
    },
    {
      "hablante": "Hablante A",
      "inicio": 410.11,
      "fin": 410.63,
      "duracion": 0.52,
      "texto": "¿Cómo sería?",
      "confianza": 0.838
    },
    {
      "hablante": "Hablante A",
      "inicio": 410.79,
      "fin": 414.43,
      "duracion": 3.64,
      "texto": "O sea, ¿las tres líneas tienen chip físico o hay alguna que sea de SIM?",
      "confianza": 0.692
    },
    {
      "hablante": "Hablante A",
      "inicio": 415.68,
      "fin": 422.31,
      "duracion": 6.63,
      "texto": "Bueno, yo tengo eSIM, digamos, empecé pensando.",
      "confianza": 0.774
    },
    {
      "hablante": "Hablante A",
      "inicio": 423.65,
      "fin": 429.2,
      "duracion": 5.55,
      "texto": "Creo, espera, te tendría que decir, espérame un segundo que tendría que abrir.",
      "confianza": 0.712
    },
    {
      "hablante": "Hablante A",
      "inicio": 430.12,
      "fin": 441.82,
      "duracion": 11.7,
      "texto": "Claro, lo que me pasa a mí es que sé que tengo en mi celular tengo dos chips, uno físico y el otro que es, digamos, eSIM como para tener dos líneas en el mismo teléfono, ¿viste?",
      "confianza": 0.759
    },
    {
      "hablante": "Hablante A",
      "inicio": 441.9,
      "fin": 443.0,
      "duracion": 1.1,
      "texto": "Ah, claro.",
      "confianza": 0.168
    },
    {
      "hablante": "Hablante A",
      "inicio": 443.02,
      "fin": 445.07,
      "duracion": 2.04,
      "texto": "Bueno, en este caso, como eres físico, no hay problema.",
      "confianza": 0.681
    },
    {
      "hablante": "Hablante A",
      "inicio": 445.17,
      "fin": 446.39,
      "duracion": 1.22,
      "texto": "Se lo enviamos a usted, ¿sí?",
      "confianza": 0.679
    },
    {
      "hablante": "Hablante A",
      "inicio": 446.53,
      "fin": 448.83,
      "duracion": 2.3,
      "texto": "Así que con eso no habría problema, ¿sí?",
      "confianza": 0.56
    },
    {
      "hablante": "Hablante A",
      "inicio": 448.88,
      "fin": 449.56,
      "duracion": 0.68,
      "texto": "Bueno, dale.",
      "confianza": 0.672
    },
    {
      "hablante": "Hablante A",
      "inicio": 449.58,
      "fin": 450.3,
      "duracion": 0.72,
      "texto": "Perfecto.",
      "confianza": 0.687
    },
    {
      "hablante": "Hablante A",
      "inicio": 450.32,
      "fin": 452.12,
      "duracion": 1.8,
      "texto": "Y si por ahí hay chip, ¿hay problema?",
      "confianza": 0.438
    },
    {
      "hablante": "Hablante A",
      "inicio": 452.5,
      "fin": 455.13,
      "duracion": 2.62,
      "texto": "Te hago una pregunta, porque desde el último lo pido.",
      "confianza": 0.392
    },
    {
      "hablante": "Hablante A",
      "inicio": 455.15,
      "fin": 456.03,
      "duracion": 0.88,
      "texto": "No, no, no.",
      "confianza": 0.289
    },
    {
      "hablante": "Hablante A",
      "inicio": 456.05,
      "fin": 456.43,
      "duracion": 0.38,
      "texto": "Perfecto.",
      "confianza": 0.918
    },
    {
      "hablante": "Hablante A",
      "inicio": 456.53,
      "fin": 457.85,
      "duracion": 1.32,
      "texto": "Usted me avisa a ver a WhatsApp, ¿sí?",
      "confianza": 0.558
    },
    {
      "hablante": "Hablante A",
      "inicio": 458.01,
      "fin": 459.93,
      "duracion": 1.92,
      "texto": "Ahí le explico bien todo, pero quédese tranquila.",
      "confianza": 0.606
    },
    {
      "hablante": "Hablante A",
      "inicio": 460.07,
      "fin": 463.02,
      "duracion": 2.94,
      "texto": "Ahora le voy a enviarlo a ese mensaje de portabilidad, ¿sí?",
      "confianza": 0.618
    },
    {
      "hablante": "Hablante A",
      "inicio": 463.04,
      "fin": 463.78,
      "duracion": 0.74,
      "texto": "Dale.",
      "confianza": 0.698
    },
    {
      "hablante": "Hablante A",
      "inicio": 463.8,
      "fin": 464.5,
      "duracion": 0.7,
      "texto": "Perfecto.",
      "confianza": 0.732
    },
    {
      "hablante": "Hablante B",
      "inicio": 468.58,
      "fin": 470.14,
      "duracion": 1.56,
      "texto": "Yo la aviso cuando estés por llegar.",
      "confianza": 0.53
    },
    {
      "hablante": "Hablante B",
      "inicio": 470.16,
      "fin": 473.31,
      "duracion": 3.15,
      "texto": "A ver si demora un minutito en impactar.",
      "confianza": 0.685
    },
    {
      "hablante": "Hablante B",
      "inicio": 473.39,
      "fin": 474.13,
      "duracion": 0.74,
      "texto": "OK.",
      "confianza": 0.471
    },
    {
      "hablante": "Hablante B",
      "inicio": 474.15,
      "fin": 475.21,
      "duracion": 1.06,
      "texto": "Perfecto.",
      "confianza": 0.71
    },
    {
      "hablante": "Hablante B",
      "inicio": 475.23,
      "fin": 480.6,
      "duracion": 5.37,
      "texto": "Recuerde, señora María, que le va a llegar por mensaje de texto a su línea que usted la titular, ¿sí?",
      "confianza": 0.745
    },
    {
      "hablante": "Hablante A",
      "inicio": 482.54,
      "fin": 482.6,
      "duracion": 0.06,
      "texto": "Sí.",
      "confianza": 0.089
    },
    {
      "hablante": "Hablante A",
      "inicio": 482.62,
      "fin": 485.19,
      "duracion": 2.56,
      "texto": "Ahí fíjese, María, por los mensajes de texto.",
      "confianza": 0.705
    },
    {
      "hablante": "Hablante A",
      "inicio": 485.23,
      "fin": 487.55,
      "duracion": 2.32,
      "texto": "A ver si tarda un minutito, pero con eso ya estaríamos.",
      "confianza": 0.678
    },
    {
      "hablante": "Hablante A",
      "inicio": 488.47,
      "fin": 493.4,
      "duracion": 4.93,
      "texto": "Lo que hace es que todas las líneas se pasen y mantengan el mismo número, ¿sí?",
      "confianza": 0.753
    },
    {
      "hablante": "Hablante A",
      "inicio": 493.42,
      "fin": 493.92,
      "duracion": 0.5,
      "texto": "Sí.",
      "confianza": 0.564
    },
    {
      "hablante": "Hablante A",
      "inicio": 493.94,
      "fin": 496.56,
      "duracion": 2.62,
      "texto": "El número corresponde al 10-5-9-5-1.",
      "confianza": 0.485
    },
    {
      "hablante": "Hablante A",
      "inicio": 497.59,
      "fin": 502.6,
      "duracion": 5.01,
      "texto": "59 51 y la fecha de vencimiento puede ser que sea el 18 de febrero?",
      "confianza": 0.664
    },
    {
      "hablante": "Hablante A",
      "inicio": 503.78,
      "fin": 504.88,
      "duracion": 1.1,
      "texto": "No, el 19.",
      "confianza": 0.285
    },
    {
      "hablante": "Hablante A",
      "inicio": 504.9,
      "fin": 506.1,
      "duracion": 1.2,
      "texto": "Ah, 19, perfecto.",
      "confianza": 0.593
    },
    {
      "hablante": "Hablante A",
      "inicio": 506.12,
      "fin": 507.26,
      "duracion": 1.14,
      "texto": "Le hago una consulta, María.",
      "confianza": 0.517
    },
    {
      "hablante": "Hablante A",
      "inicio": 507.28,
      "fin": 509.58,
      "duracion": 2.3,
      "texto": "¿Usted sabe sacar captura de pantalla?",
      "confianza": 0.735
    },
    {
      "hablante": "Hablante A",
      "inicio": 510.87,
      "fin": 510.99,
      "duracion": 0.12,
      "texto": "Sí.",
      "confianza": 0.628
    },
    {
      "hablante": "Hablante A",
      "inicio": 511.73,
      "fin": 514.23,
      "duracion": 2.5,
      "texto": "¿Le podrá sacar una captura y me la mira vía whatsapp?",
      "confianza": 0.683
    },
    {
      "hablante": "Hablante A",
      "inicio": 514.25,
      "fin": 515.25,
      "duracion": 1.0,
      "texto": "Ya con eso estaríamos.",
      "confianza": 0.772
    },
    {
      "hablante": "Hablante B",
      "inicio": 517.25,
      "fin": 518.96,
      "duracion": 1.7,
      "texto": "Yo la espero en línea, no sea la problema.",
      "confianza": 0.757
    },
    {
      "hablante": "Hablante A",
      "inicio": 522.33,
      "fin": 530.14,
      "duracion": 7.81,
      "texto": "Ahí está.",
      "confianza": 0.272
    },
    {
      "hablante": "Hablante A",
      "inicio": 530.16,
      "fin": 530.64,
      "duracion": 0.48,
      "texto": "Perfecto.",
      "confianza": 0.766
    },
    {
      "hablante": "Hablante A",
      "inicio": 531.62,
      "fin": 536.59,
      "duracion": 4.97,
      "texto": "Ahora lo que vamos a hacer, María, y ya con esto finalizamos, yo le voy a leer lo que es el cierre comercial.",
      "confianza": 0.668
    },
    {
      "hablante": "Hablante A",
      "inicio": 536.85,
      "fin": 540.75,
      "duracion": 3.9,
      "texto": "El cierre comercial es el respaldo legal que usted va a tener con la compañía, ¿sí?",
      "confianza": 0.776
    },
    {
      "hablante": "Hablante A",
      "inicio": 541.3,
      "fin": 545.14,
      "duracion": 3.85,
      "texto": "Ya que las llamadas son grabadas tanto para la seguridad del vendedor como del cliente, ¿sí?",
      "confianza": 0.758
    },
    {
      "hablante": "Hablante A",
      "inicio": 545.6,
      "fin": 550.27,
      "duracion": 4.67,
      "texto": "Básicamente se repasa los datos del plan y algunos datos de usted y con eso estamos, ¿sí?",
      "confianza": 0.619
    },
    {
      "hablante": "Hablante A",
      "inicio": 550.29,
      "fin": 551.07,
      "duracion": 0.78,
      "texto": "Ahora lo que estamos.",
      "confianza": 0.496
    },
    {
      "hablante": "Hablante A",
      "inicio": 551.35,
      "fin": 557.9,
      "duracion": 6.55,
      "texto": "Para recibir futuras promociones, ¿Usted tiene Internet y Movistar?",
      "confianza": 0.683
    },
    {
      "hablante": "Hablante A",
      "inicio": 557.92,
      "fin": 559.68,
      "duracion": 1.76,
      "texto": "Tengo Movistar, sí.",
      "confianza": 0.326
    },
    {
      "hablante": "Hablante A",
      "inicio": 559.71,
      "fin": 560.87,
      "duracion": 1.16,
      "texto": "Perfecto.",
      "confianza": 0.419
    },
    {
      "hablante": "Hablante A",
      "inicio": 561.55,
      "fin": 562.09,
      "duracion": 0.54,
      "texto": "Perfecto.",
      "confianza": 0.624
    },
    {
      "hablante": "Hablante A",
      "inicio": 562.11,
      "fin": 566.53,
      "duracion": 4.43,
      "texto": "Después lo que voy a necesitar por WhatsApp, si usted quiere, me dicta lo que es la línea fija, ¿sí?",
      "confianza": 0.593
    },
    {
      "hablante": "Hablante A",
      "inicio": 567.39,
      "fin": 576.47,
      "duracion": 9.07,
      "texto": "Estamos formando la línea 11-55-92-7102, 11-37-906-385,",
      "confianza": 0.806
    },
    {
      "hablante": "Hablante A",
      "inicio": 576.82,
      "fin": 584.14,
      "duracion": 7.33,
      "texto": "Y 11691-931-97, a nombre de apellido del titular actual, María José Lambertucci.",
      "confianza": 0.635
    },
    {
      "hablante": "Hablante A",
      "inicio": 584.16,
      "fin": 589.71,
      "duracion": 5.55,
      "texto": "María, ¿me puede confirmar los últimos tres dígitos de su N.A.?",
      "confianza": 0.758
    },
    {
      "hablante": "Hablante A",
      "inicio": 589.95,
      "fin": 590.33,
      "duracion": 0.38,
      "texto": "4-7-1.",
      "confianza": 0.826
    },
    {
      "hablante": "Hablante A",
      "inicio": 590.79,
      "fin": 591.23,
      "duracion": 0.44,
      "texto": "Perfecto.",
      "confianza": 0.808
    },
    {
      "hablante": "Hablante A",
      "inicio": 591.29,
      "fin": 594.13,
      "duracion": 2.84,
      "texto": "Su compañía, es claro, me comentó que cuenta con factura mensual.",
      "confianza": 0.756
    },
    {
      "hablante": "Hablante A",
      "inicio": 594.15,
      "fin": 596.52,
      "duracion": 2.36,
      "texto": "¿La factura está en su nombre o a nombre de otra persona?",
      "confianza": 0.628
    },
    {
      "hablante": "Hablante A",
      "inicio": 597.6,
      "fin": 598.48,
      "duracion": 0.88,
      "texto": "A nombre mía.",
      "confianza": 0.668
    },
    {
      "hablante": "Hablante A",
      "inicio": 598.5,
      "fin": 599.02,
      "duracion": 0.52,
      "texto": "Perfecto.",
      "confianza": 0.791
    },
    {
      "hablante": "Hablante A",
      "inicio": 599.04,
      "fin": 603.7,
      "duracion": 4.66,
      "texto": "Los chips son todos físicos, me había dicho.",
      "confianza": 0.656
    },
    {
      "hablante": "Hablante A",
      "inicio": 604.17,
      "fin": 606.36,
      "duracion": 2.18,
      "texto": "Debería que sí, pero no sé.",
      "confianza": 0.124
    },
    {
      "hablante": "Hablante A",
      "inicio": 606.64,
      "fin": 606.82,
      "duracion": 0.18,
      "texto": "Perfecto.",
      "confianza": 0.027
    },
    {
      "hablante": "Hablante A",
      "inicio": 606.84,
      "fin": 607.46,
      "duracion": 0.62,
      "texto": "Bueno, bueno.",
      "confianza": 0.218
    },
    {
      "hablante": "Hablante A",
      "inicio": 607.48,
      "fin": 610.68,
      "duracion": 3.2,
      "texto": "Después cualquier cosita me avisaría WhatsApp, pero bueno, los chips son físicos.",
      "confianza": 0.584
    },
    {
      "hablante": "Hablante A",
      "inicio": 611.4,
      "fin": 616.93,
      "duracion": 5.53,
      "texto": "Usted va a retirar el chip en la calle Perón al 11-73 de San Miguel, Buenos Aires, ¿sí?",
      "confianza": 0.772
    },
    {
      "hablante": "Hablante A",
      "inicio": 618.13,
      "fin": 627.06,
      "duracion": 8.93,
      "texto": "Le recuerdo que el costo del servicio al día de hoy es del 8.047 pesos y usted va a encontrar con un descuento fijo de 6 meses del 85%, ¿sí?",
      "confianza": 0.727
    },
    {
      "hablante": "Hablante A",
      "inicio": 627.5,
      "fin": 631.77,
      "duracion": 4.27,
      "texto": "Son 8 GB de base más 10 GB de regalo con una oración de 6 meses",
      "confianza": 0.681
    },
    {
      "hablante": "Hablante A",
      "inicio": 632.03,
      "fin": 635.44,
      "duracion": 3.4,
      "texto": "Y estos últimos se habilitarán 48 horas después de activar la línea.",
      "confianza": 0.72
    },
    {
      "hablante": "Hablante A",
      "inicio": 636.0,
      "fin": 641.85,
      "duracion": 5.85,
      "texto": "A su correo, MajoLamertuccia.com, le va a estar llegando todo lo que es la facturación online, ¿sí?",
      "confianza": 0.766
    },
    {
      "hablante": "Hablante A",
      "inicio": 642.37,
      "fin": 659.15,
      "duracion": 16.79,
      "texto": "Ingresando a la sección Servicios, de la aplicación de mi movistar, usted va a poder ver toda la información referida a su factura, ya sea su ciclo de facturación, vencimiento, monto a pagar, va a poder activar los 20 GB de regalo, con una duración de 30 días disponibles una vez por año, va a poder adherirse al débito automático,",
      "confianza": 0.655
    },
    {
      "hablante": "Hablante A",
      "inicio": 659.44,
      "fin": 664.45,
      "duracion": 5.01,
      "texto": "Y también el sumar 4 GB de regalo en cada línea móvil registrada bajo el mismo titular, ¿sí?",
      "confianza": 0.666
    },
    {
      "hablante": "Hablante A",
      "inicio": 665.15,
      "fin": 668.77,
      "duracion": 3.62,
      "texto": "Una vez aprobada la portabilidad, su línea aportará las 48 horas árboles.",
      "confianza": 0.661
    },
    {
      "hablante": "Hablante A",
      "inicio": 668.79,
      "fin": 674.06,
      "duracion": 5.27,
      "texto": "Y un día antes, por mensaje WhatsApp, le vamos a estar informando la fecha portabilidad para que se quede tranquila.",
      "confianza": 0.677
    },
    {
      "hablante": "Hablante A",
      "inicio": 674.58,
      "fin": 677.38,
      "duracion": 2.8,
      "texto": "Es importante que usted no coloque el chip antes de la fecha informar.",
      "confianza": 0.714
    },
    {
      "hablante": "Hablante A",
      "inicio": 677.42,
      "fin": 682.09,
      "duracion": 4.67,
      "texto": "De todas maneras, se va a dar cuenta porque su línea de claro dejará de recibir señal y ahí es cuando debe colocarlo.",
      "confianza": 0.662
    },
    {
      "hablante": "Hablante A",
      "inicio": 682.55,
      "fin": 685.62,
      "duracion": 3.06,
      "texto": "Y les comento que por única vez deberá validar el ideal activarlo.",
      "confianza": 0.63
    },
    {
      "hablante": "Hablante A",
      "inicio": 685.8,
      "fin": 693.35,
      "duracion": 7.55,
      "texto": "Y en caso de que tenga alguna dificultad con la revalidación, inténtelo nuevamente con el que sea el 0800-321-76782, opción 4.",
      "confianza": 0.667
    },
    {
      "hablante": "Hablante A",
      "inicio": 693.89,
      "fin": 697.63,
      "duracion": 3.74,
      "texto": "Y le solicitamos que en caso de no levantar señal en el chip, reinicie el equipo.",
      "confianza": 0.638
    },
    {
      "hablante": "Hablante A",
      "inicio": 698.03,
      "fin": 702.06,
      "duracion": 4.02,
      "texto": "Por otro lado, dentro de los próximos días recibirá una encuesta de satisfacción por WhatsApp.",
      "confianza": 0.688
    },
    {
      "hablante": "Hablante A",
      "inicio": 702.08,
      "fin": 708.02,
      "duracion": 5.95,
      "texto": "Y le solicitamos, por favor, que la complete, ya que superior es muy importante para la empresa, ¿sí?",
      "confianza": 0.731
    },
    {
      "hablante": "Hablante A",
      "inicio": 708.04,
      "fin": 708.1,
      "duracion": 0.06,
      "texto": "Ok.",
      "confianza": 0.022
    },
    {
      "hablante": "Hablante A",
      "inicio": 708.12,
      "fin": 709.57,
      "duracion": 1.44,
      "texto": "Bueno, María, con eso ya sería todo.",
      "confianza": 0.658
    },
    {
      "hablante": "Hablante A",
      "inicio": 709.61,
      "fin": 711.19,
      "duracion": 1.58,
      "texto": "Yo le doy lo que les había venido a movistar.",
      "confianza": 0.57
    },
    {
      "hablante": "Hablante A",
      "inicio": 711.49,
      "fin": 713.61,
      "duracion": 2.12,
      "texto": "Y lo que le pido, María, que esto es muy importante,",
      "confianza": 0.767
    },
    {
      "hablante": "Hablante A",
      "inicio": 713.95,
      "fin": 724.53,
      "duracion": 10.59,
      "texto": "Si se vuelve a comunicar a otro asesor o de otro canal de Movistar, usted no le vaya a pasar ningún dato para que no se vaya a generar lo que es una doble portabilidad y no corran el riesgo de quedarse incomunicadas las líneas, ¿sí?",
      "confianza": 0.756
    },
    {
      "hablante": "Hablante A",
      "inicio": 725.26,
      "fin": 731.56,
      "duracion": 6.31,
      "texto": "Cualquier duda o consulta que usted tenga, usted me agenda y me habla la verdad que sea que yo voy a estar a su disposición, ¿sí?",
      "confianza": 0.649
    },
    {
      "hablante": "Hablante A",
      "inicio": 732.72,
      "fin": 734.24,
      "duracion": 1.52,
      "texto": "Ok, perfecto.",
      "confianza": 0.376
    },
    {
      "hablante": "Hablante A",
      "inicio": 734.26,
      "fin": 742.33,
      "duracion": 8.07,
      "texto": "Bueno, María, recuerde las llamadas de números desconocidos, por un ratito no atenderlas para evitar lo que es el tema de la doble facturación y cualquier duda usted me avisa, ¿sí?",
      "confianza": 0.681
    },
    {
      "hablante": "Hablante A",
      "inicio": 743.14,
      "fin": 755.35,
      "duracion": 12.21,
      "texto": "Bueno María, le doy la bienvenida a Movistar y recuerde que yo le voy a avisar qué día tiene que ir a retirar el chip y cualquier duda usted me avise y no pasa ningún dato para no correr ningún problema.",
      "confianza": 0.674
    },
    {
      "hablante": "Hablante A",
      "inicio": 755.57,
      "fin": 757.05,
      "duracion": 1.48,
      "texto": "Así os gusta María, le doy la bienvenida.",
      "confianza": 0.621
    },
    {
      "hablante": "Hablante A",
      "inicio": 757.09,
      "fin": 758.51,
      "duracion": 1.42,
      "texto": "Hasta luego.",
      "confianza": 0.746
    }
  ],
  "transcripcion_completa": "¿Cómo andas? ¿Cómo andas? ¿Cómo andas? ¿Cómo andas? ¿Cómo andas? ¿Cómo andas? ¿Cómo andas? ¿Cómo andas? ¿Cómo andas? ¿Cómo andas? ¿Cómo andas? ¿Cómo andas? ¿Cómo andas? ¿Cómo andas? ¿Cómo andas? ¿Cómo andas? ¿Cómo andas? ¿Cómo andas? ¿Cómo andas? ¿Cómo andas? ¿Cómo andas? ¿Cómo andas? ¿Cómo andas? ¿Cómo andas? ¿Cómo andas? ¿Cómo andas? ¿Cómo andas? ¿Cómo andas? ¿Cómo andas? ¿Cómo andas? ¿Cómo andas? ¿Cómo andas? ¿Cómo andas? ¿Cómo andas? ¿Cómo andas? ¿Cómo yas? ¿Cómo yas? ¿Cómo yas? ¿Cómo yas? ¿Cómo yas? ¿Cómo yas? ¿Cómo yas? ¿Cómo yas? ¿Cómo yas? ¿Cómo yas tenga presente que todas las líneas mantendrían el mismo número y en ningún momento se quedarían incomunicadas, ¿sí? Seguirían con la compañía de Claro. No sé que le avisemos qué día le llega el chip, ¿sí? Perfecto. Serían 18, perfecto. Sí, perfecto. Exactamente. Usted tendría WhatsApp gratis, llamadas libres a cualquier compañía, América Precio Local, Rúmin en América, a un valor de 8.047 pesos, ¿sí? Y tenga presente... Esto es por seis meses, pero tenga presente que nosotros, antes del sexto mes, lo que hacemos es brindar el 0800 o atraer la aplicación de Mi Movistar para que usted pueda gestionar las promociones vigentes que hay en ese momento, ¿sí? Porque la idea es lograr fidelizar a los clientes. Tenga presente, María, usted pasaría más de dos líneas, ¿cierto? Sí, exactamente, serían tres líneas las que pasarían. En este caso se le arearía el plan familiar que son 4 GB de regalo para cada línea móvil. Es decir, que sería un total de 22 GB por línea, ¿sí? Y aparte, como usted está haciendo la portabilidad conmigo, le vamos a regalar lo que son 20 GB para cada línea, que lo pueden activar una vez por año. Es decir, que si usted quiere lo puede activar el mes que viene, la otra línea, por ejemplo, en julio. Es decir, que por un mes, tendrían un total de 42 GB, ¿sí? Perfecto, perfecto. La una consulta, María. Usted es la titular de las líneas, ¿cierto? Sí. Perfecto. Me figuran si están a María José Lambertucci, ¿es correcto? Es correcto. Y me fieron un correo, Majo Lambertucci, arroajotmail.com. ¿Este correo lo sigue usando? Sí. Perfecto. María, en este caso, como usted es la persona titular de las líneas, lo único que vamos a necesitar sería una fotito del DNI, del frente y del dorso. Si usted quiere, me la puede enviar vía WhatsApp. Yo la espero en línea, ¿sí? Dale, espérame. Perfecto. Yo la espero, no hay problema. Perfecto María. La una consulta María, acá estoy verificando en el tema del sistema las líneas, si usted quiere se las puedo dictar para ver si están correctas, ¿sí? Dale, espérame que me voy fijando porque, a ver, espera, porque no me las acuerdo todas de memoria. Algunas sí y otras son de mis hijos. A ver, sí, espérame que estoy abriendo acá mientras tanto. No hay problema, ya la espero en línea, no hay problema. A ver, querés ir extenderme y te digo sí, sí. Perfecto. Me figura la que estamos hablando, que es la que termina en 7102, y me figura 1137 906 385. Sí, es esa. Perfecto. Y la otra me figura 11, 69, 10, 9, 31, 97. Sí, exacto. Estas tres líneas se tienen. Perfecto, María. Esperemos un segundito. Lo vamos a dejar asentado acá para ver si ganamos. ¿Para la última me dijiste? 11, 69, 10, 9, 31, 97. Claro, creo que esa es la de Nico. Espera, por las dudas que me fico. Espera. La espera en línea, no se haga problema. Ahora lo que vamos a hacer ya con esto finalizamos, yo le voy a enviar a usted lo que es el mensaje de portabilidad. Este mensaje lo que hace es que todas las líneas se pasen a movistar, mantengan el mismo número, en ningún momento se queden incomunicadas y no pierdan ningún tipo de contacto para que usted se quede tranquila. Este mensaje le va a llegar por los mensajes y textos comunes con el remitente 223 de Movistar para la seguridad de ustedes, ¿sí? Bien, bien, buenísimo. Yo voy a necesitar que usted me deje el numerito y ya con eso estaríamos, ¿sí? Dale, perfecto. Ya, esto es muy importante. Lo más probable es que en un ratito le empiecen a entrellamadas de números desconocidos. Yo les pido que ese llamar no los atiendan porque son del área técnica del Movistar, vele fijando que la línea está activa. Pero muchas veces lo que sucede es que se puede generar lo que es una doble facturación. Entonces, para evitar que usted se vaya a enojar conmigo o que vaya a ver este problema, le pido que no atiende a esas llamadas, ¿sí? En realidad, yo sé que los que me llaman no son de Movistar, son de claro la competencia, pero bueno, está bien. A ver, a veces ya hablan de Movistar, por eso le digo, ¿sí? Bueno, ahí. Perfecto. María, y le quería hacer otra consulta. Usted es de San Miguel, Buenos Aires, ¿cierto? Sí, exacto. Perfecto. Yo lo que le iba a decir ahora es que nosotros ahí en San Miguel, Tenemos lo que son tres sucursales de Movistar. Yo la puedo derivar para que directamente vaya a retirar los chips ahí, ¿sí? Perfecto, perfecto. Tenemos una en la calle Perón al 1173. 1173, perfecto. ¿Esa le queda cómoda? Porque si no, hay otra en la calle. ¿Italia al 1201? No, esa me queda bien, la de Perón, 1173. Bueno, perfecto. Nosotros le vamos a avisar con un día en anticipación qué día tiene que ir a retirar los chips, ¿sí? Lo más probable es que sea para el día jueves o viernes. De igual manera, queda tranquila que yo le voy a avisar. Y quédese tranquila que la baraja con claro de las tres líneas se hace de manera simultánea para que en ningún momento se queden incomunicados, ¿sí? Bien, escúchame, si tengo el chip virtual, ¿viste este que sí y chip sirve o no? ¿Cómo sería? O sea, ¿las tres líneas tienen chip físico o hay alguna que sea de SIM? Bueno, yo tengo eSIM, digamos, empecé pensando. Creo, espera, te tendría que decir, espérame un segundo que tendría que abrir. Claro, lo que me pasa a mí es que sé que tengo en mi celular tengo dos chips, uno físico y el otro que es, digamos, eSIM como para tener dos líneas en el mismo teléfono, ¿viste? Ah, claro. Bueno, en este caso, como eres físico, no hay problema. Se lo enviamos a usted, ¿sí? Así que con eso no habría problema, ¿sí? Bueno, dale. Perfecto. Y si por ahí hay chip, ¿hay problema? Te hago una pregunta, porque desde el último lo pido. No, no, no. Perfecto. Usted me avisa a ver a WhatsApp, ¿sí? Ahí le explico bien todo, pero quédese tranquila. Ahora le voy a enviarlo a ese mensaje de portabilidad, ¿sí? Dale. Perfecto. Yo la aviso cuando estés por llegar. A ver si demora un minutito en impactar. OK. Perfecto. Recuerde, señora María, que le va a llegar por mensaje de texto a su línea que usted la titular, ¿sí? Sí. Ahí fíjese, María, por los mensajes de texto. A ver si tarda un minutito, pero con eso ya estaríamos. Lo que hace es que todas las líneas se pasen y mantengan el mismo número, ¿sí? Sí. El número corresponde al 10-5-9-5-1. 59 51 y la fecha de vencimiento puede ser que sea el 18 de febrero? No, el 19. Ah, 19, perfecto. Le hago una consulta, María. ¿Usted sabe sacar captura de pantalla? Sí. ¿Le podrá sacar una captura y me la mira vía whatsapp? Ya con eso estaríamos. Yo la espero en línea, no sea la problema. Ahí está. Perfecto. Ahora lo que vamos a hacer, María, y ya con esto finalizamos, yo le voy a leer lo que es el cierre comercial. El cierre comercial es el respaldo legal que usted va a tener con la compañía, ¿sí? Ya que las llamadas son grabadas tanto para la seguridad del vendedor como del cliente, ¿sí? Básicamente se repasa los datos del plan y algunos datos de usted y con eso estamos, ¿sí? Ahora lo que estamos. Para recibir futuras promociones, ¿Usted tiene Internet y Movistar? Tengo Movistar, sí. Perfecto. Perfecto. Después lo que voy a necesitar por WhatsApp, si usted quiere, me dicta lo que es la línea fija, ¿sí? Estamos formando la línea 11-55-92-7102, 11-37-906-385, Y 11691-931-97, a nombre de apellido del titular actual, María José Lambertucci. María, ¿me puede confirmar los últimos tres dígitos de su N.A.? 4-7-1. Perfecto. Su compañía, es claro, me comentó que cuenta con factura mensual. ¿La factura está en su nombre o a nombre de otra persona? A nombre mía. Perfecto. Los chips son todos físicos, me había dicho. Debería que sí, pero no sé. Perfecto. Bueno, bueno. Después cualquier cosita me avisaría WhatsApp, pero bueno, los chips son físicos. Usted va a retirar el chip en la calle Perón al 11-73 de San Miguel, Buenos Aires, ¿sí? Le recuerdo que el costo del servicio al día de hoy es del 8.047 pesos y usted va a encontrar con un descuento fijo de 6 meses del 85%, ¿sí? Son 8 GB de base más 10 GB de regalo con una oración de 6 meses Y estos últimos se habilitarán 48 horas después de activar la línea. A su correo, MajoLamertuccia.com, le va a estar llegando todo lo que es la facturación online, ¿sí? Ingresando a la sección Servicios, de la aplicación de mi movistar, usted va a poder ver toda la información referida a su factura, ya sea su ciclo de facturación, vencimiento, monto a pagar, va a poder activar los 20 GB de regalo, con una duración de 30 días disponibles una vez por año, va a poder adherirse al débito automático, Y también el sumar 4 GB de regalo en cada línea móvil registrada bajo el mismo titular, ¿sí? Una vez aprobada la portabilidad, su línea aportará las 48 horas árboles. Y un día antes, por mensaje WhatsApp, le vamos a estar informando la fecha portabilidad para que se quede tranquila. Es importante que usted no coloque el chip antes de la fecha informar. De todas maneras, se va a dar cuenta porque su línea de claro dejará de recibir señal y ahí es cuando debe colocarlo. Y les comento que por única vez deberá validar el ideal activarlo. Y en caso de que tenga alguna dificultad con la revalidación, inténtelo nuevamente con el que sea el 0800-321-76782, opción 4. Y le solicitamos que en caso de no levantar señal en el chip, reinicie el equipo. Por otro lado, dentro de los próximos días recibirá una encuesta de satisfacción por WhatsApp. Y le solicitamos, por favor, que la complete, ya que superior es muy importante para la empresa, ¿sí? Ok. Bueno, María, con eso ya sería todo. Yo le doy lo que les había venido a movistar. Y lo que le pido, María, que esto es muy importante, Si se vuelve a comunicar a otro asesor o de otro canal de Movistar, usted no le vaya a pasar ningún dato para que no se vaya a generar lo que es una doble portabilidad y no corran el riesgo de quedarse incomunicadas las líneas, ¿sí? Cualquier duda o consulta que usted tenga, usted me agenda y me habla la verdad que sea que yo voy a estar a su disposición, ¿sí? Ok, perfecto. Bueno, María, recuerde las llamadas de números desconocidos, por un ratito no atenderlas para evitar lo que es el tema de la doble facturación y cualquier duda usted me avisa, ¿sí? Bueno María, le doy la bienvenida a Movistar y recuerde que yo le voy a avisar qué día tiene que ir a retirar el chip y cualquier duda usted me avise y no pasa ningún dato para no correr ningún problema. Así os gusta María, le doy la bienvenida. Hasta luego.",
  "calidad": {
    "confianza_promedio": 0.542,
    "metodo_diarizacion": "pausas_fallback",
    "tiempo_procesamiento": 30.7
  },
  "metadata": {
    "modelo": "whisperx_medium",
    "diarizacion": "pausas",
    "dispositivo": "cuda",
    "fecha": "2026-02-18T23:21:04.908028",
    "version": "5.0_ecapa"
  }
}