{
  "archivo": "amza13_1_260219121731725_ACD_16829.wav",
  "duracion_segundos": 340.49,
  "num_segmentos": 93,
  "num_hablantes": 2,
  "hablantes": [
    "Hablante A",
    "Hablante B"
  ],
  "tiempo_por_hablante": {
    "Hablante B": 174.81,
    "Hablante A": 119.61
  },
  "idioma": "es",
  "conversacion": [
    {
      "hablante": "Hablante B",
      "inicio": 1.6,
      "fin": 5.7,
      "duracion": 4.1,
      "texto": "Hola, buen día.",
      "confianza": 0.237
    },
    {
      "hablante": "Hablante B",
      "inicio": 5.72,
      "fin": 6.71,
      "duracion": 0.98,
      "texto": "¿Qué tal, Angusto Blanca?",
      "confianza": 0.539
    },
    {
      "hablante": "Hablante B",
      "inicio": 6.72,
      "fin": 7.51,
      "duracion": 0.78,
      "texto": "Mi nombre es Rodrigo.",
      "confianza": 0.592
    },
    {
      "hablante": "Hablante B",
      "inicio": 7.53,
      "fin": 8.51,
      "duracion": 0.98,
      "texto": "¿Cómo le van el día de hoy?",
      "confianza": 0.719
    },
    {
      "hablante": "Hablante B",
      "inicio": 8.53,
      "fin": 8.97,
      "duracion": 0.44,
      "texto": "¿Todo bien?",
      "confianza": 0.546
    },
    {
      "hablante": "Hablante B",
      "inicio": 9.83,
      "fin": 11.15,
      "duracion": 1.32,
      "texto": "Todo bien.",
      "confianza": 0.406
    },
    {
      "hablante": "Hablante B",
      "inicio": 11.17,
      "fin": 11.77,
      "duracion": 0.6,
      "texto": "Me alegro mucho.",
      "confianza": 0.499
    },
    {
      "hablante": "Hablante B",
      "inicio": 11.79,
      "fin": 14.07,
      "duracion": 2.28,
      "texto": "Nos estamos comunicando en el área de beneficios movistar.",
      "confianza": 0.637
    },
    {
      "hablante": "Hablante B",
      "inicio": 15.01,
      "fin": 20.54,
      "duracion": 5.53,
      "texto": "Tenemos para abrinar lo que es un plan de 18 GB a un valor de 10.730 pesos.",
      "confianza": 0.777
    },
    {
      "hablante": "Hablante B",
      "inicio": 20.56,
      "fin": 23.96,
      "duracion": 3.4,
      "texto": "Eso es un descuento exclusivo para los clientes de Claro.",
      "confianza": 0.768
    },
    {
      "hablante": "Hablante A",
      "inicio": 29.69,
      "fin": 29.79,
      "duracion": 0.1,
      "texto": "Hola.",
      "confianza": 0.013
    },
    {
      "hablante": "Hablante A",
      "inicio": 29.81,
      "fin": 31.05,
      "duracion": 1.24,
      "texto": "Sí, tengo presentes.",
      "confianza": 0.294
    },
    {
      "hablante": "Hablante A",
      "inicio": 31.5,
      "fin": 36.89,
      "duracion": 5.39,
      "texto": "Yo te digo claro.",
      "confianza": 0.114
    },
    {
      "hablante": "Hablante A",
      "inicio": 36.91,
      "fin": 38.77,
      "duracion": 1.86,
      "texto": "Este es un descuento para los clientes de Claro.",
      "confianza": 0.802
    },
    {
      "hablante": "Hablante A",
      "inicio": 39.01,
      "fin": 40.43,
      "duracion": 1.42,
      "texto": "Usted mantendría el mismo número.",
      "confianza": 0.918
    },
    {
      "hablante": "Hablante A",
      "inicio": 41.13,
      "fin": 44.74,
      "duracion": 3.6,
      "texto": "En ningún momento se quedarían comunicadas, señora Blanca, para que se quede tranquila.",
      "confianza": 0.782
    },
    {
      "hablante": "Hablante A",
      "inicio": 44.76,
      "fin": 49.59,
      "duracion": 4.83,
      "texto": "Y les enviaríamos el chip al domicilio, ¿sí?",
      "confianza": 0.673
    },
    {
      "hablante": "Hablante A",
      "inicio": 49.6,
      "fin": 52.15,
      "duracion": 2.54,
      "texto": "Sería un plan de 10 días.",
      "confianza": 0.499
    },
    {
      "hablante": "Hablante A",
      "inicio": 52.17,
      "fin": 54.97,
      "duracion": 2.8,
      "texto": "Yo tengo el Wi-Fi y tengo el internet también.",
      "confianza": 0.406
    },
    {
      "hablante": "Hablante A",
      "inicio": 54.99,
      "fin": 55.25,
      "duracion": 0.26,
      "texto": "Claro.",
      "confianza": 0.909
    },
    {
      "hablante": "Hablante A",
      "inicio": 55.47,
      "fin": 56.49,
      "duracion": 1.02,
      "texto": "Bueno, no hay problema.",
      "confianza": 0.744
    },
    {
      "hablante": "Hablante A",
      "inicio": 56.51,
      "fin": 57.59,
      "duracion": 1.08,
      "texto": "Usted quede así tranquila.",
      "confianza": 0.545
    },
    {
      "hablante": "Hablante A",
      "inicio": 57.9,
      "fin": 67.41,
      "duracion": 9.51,
      "texto": "que le podemos unir a lo que es un plan completo, o si no se puede pasar solamente la línea a movilizar, y puede seguir manteniendo la línea de claro de Welfare en caso de no tener cobertura, ¿sí?",
      "confianza": 0.65
    },
    {
      "hablante": "Hablante B",
      "inicio": 70.23,
      "fin": 76.52,
      "duracion": 6.29,
      "texto": "Tengo a presentar si era peor blanca, que sería un plan de 18 gigabytes en 10,730 pesos.",
      "confianza": 0.686
    },
    {
      "hablante": "Hablante B",
      "inicio": 76.54,
      "fin": 85.59,
      "duracion": 9.05,
      "texto": "Es un plan con muchos gigabytes a un valor muy económico, ¿sí?",
      "confianza": 0.69
    },
    {
      "hablante": "Hablante B",
      "inicio": 85.61,
      "fin": 86.41,
      "duracion": 0.8,
      "texto": "Sí, no, pero... Lo que pasa es que yo...",
      "confianza": 0.001
    },
    {
      "hablante": "Hablante B",
      "inicio": 86.43,
      "fin": 87.09,
      "duracion": 0.66,
      "texto": "Ustedes saben que toda la familia",
      "confianza": 0.025
    },
    {
      "hablante": "Hablante B",
      "inicio": 87.43,
      "fin": 92.01,
      "duracion": 4.59,
      "texto": "Tengo tres hijos, mis tres hijos, mis nietos, todo tiene movistar.",
      "confianza": 0.54
    },
    {
      "hablante": "Hablante B",
      "inicio": 92.03,
      "fin": 96.1,
      "duracion": 4.07,
      "texto": "Pero yo tuve siempre problemas con que no...",
      "confianza": 0.541
    },
    {
      "hablante": "Hablante B",
      "inicio": 96.12,
      "fin": 100.31,
      "duracion": 4.19,
      "texto": "Problemas de señal, problemas de que se cortaba, no sé por qué.",
      "confianza": 0.686
    },
    {
      "hablante": "Hablante B",
      "inicio": 100.33,
      "fin": 102.43,
      "duracion": 2.1,
      "texto": "Entonces, por eso me pasea, claro.",
      "confianza": 0.626
    },
    {
      "hablante": "Hablante B",
      "inicio": 102.45,
      "fin": 102.69,
      "duracion": 0.24,
      "texto": "Claro.",
      "confianza": 0.798
    },
    {
      "hablante": "Hablante B",
      "inicio": 102.89,
      "fin": 106.64,
      "duracion": 3.75,
      "texto": "Ten la presión de señalar blanca que hemos mejorado en ese aspecto.",
      "confianza": 0.785
    },
    {
      "hablante": "Hablante B",
      "inicio": 107.08,
      "fin": 108.92,
      "duracion": 1.84,
      "texto": "Hemos colocado lo que son nuevas antenas.",
      "confianza": 0.842
    },
    {
      "hablante": "Hablante B",
      "inicio": 108.94,
      "fin": 113.91,
      "duracion": 4.97,
      "texto": "Y ahora vienen los chips 5G+, que reexcepcionan mucho mejor la señal que antes, ¿sí?",
      "confianza": 0.696
    },
    {
      "hablante": "Hablante B",
      "inicio": 114.44,
      "fin": 117.79,
      "duracion": 3.34,
      "texto": "Así que usted no tendría ese problema, por así decirlo.",
      "confianza": 0.777
    },
    {
      "hablante": "Hablante B",
      "inicio": 117.87,
      "fin": 119.41,
      "duracion": 1.54,
      "texto": "Así que con eso quédese tranquila, ¿bien?",
      "confianza": 0.597
    },
    {
      "hablante": "Hablante B",
      "inicio": 120.31,
      "fin": 122.41,
      "duracion": 2.1,
      "texto": "Tenga presiente que usted mantendría el mismo número.",
      "confianza": 0.822
    },
    {
      "hablante": "Hablante B",
      "inicio": 122.71,
      "fin": 124.47,
      "duracion": 1.76,
      "texto": "En ningún momento se quedaría incomunicada.",
      "confianza": 0.838
    },
    {
      "hablante": "Hablante B",
      "inicio": 125.0,
      "fin": 133.03,
      "duracion": 8.03,
      "texto": "Se iría con la compañía de Clara hasta que el chip le llegue al domicilio, ¿sí?",
      "confianza": 0.618
    },
    {
      "hablante": "Hablante B",
      "inicio": 133.05,
      "fin": 133.67,
      "duracion": 0.62,
      "texto": "Sí, tendría que avisar a Clara.",
      "confianza": 0.012
    },
    {
      "hablante": "Hablante B",
      "inicio": 133.69,
      "fin": 135.59,
      "duracion": 1.9,
      "texto": "Usted no tiene que avisar nada.",
      "confianza": 0.804
    },
    {
      "hablante": "Hablante B",
      "inicio": 135.61,
      "fin": 137.59,
      "duracion": 1.98,
      "texto": "La baja se hace de manera simultánea.",
      "confianza": 0.802
    },
    {
      "hablante": "Hablante B",
      "inicio": 138.17,
      "fin": 139.55,
      "duracion": 1.38,
      "texto": "Con eso usted quédese tranquila.",
      "confianza": 0.712
    },
    {
      "hablante": "Hablante B",
      "inicio": 140.35,
      "fin": 144.4,
      "duracion": 4.05,
      "texto": "Una vez que le llega el chip, lo coloca y ahí nomás se hace la baja de manera simultánea.",
      "confianza": 0.658
    },
    {
      "hablante": "Hablante A",
      "inicio": 147.57,
      "fin": 156.98,
      "duracion": 9.41,
      "texto": "No, no tendría ningún tipo de problema, o sea, porque yo pagué, digamos... Ay, ya ni me acuerdo cuándo se vencía.",
      "confianza": 0.549
    },
    {
      "hablante": "Hablante A",
      "inicio": 158.14,
      "fin": 162.05,
      "duracion": 3.91,
      "texto": "Claro, no, querés ser tranquila, sino Blanca, que no tendría ningún problema con eso, ¿sí?",
      "confianza": 0.565
    },
    {
      "hablante": "Hablante B",
      "inicio": 163.83,
      "fin": 166.69,
      "duracion": 2.86,
      "texto": "Y tenga presente que la baja se hace de manera simultánea.",
      "confianza": 0.788
    },
    {
      "hablante": "Hablante B",
      "inicio": 167.31,
      "fin": 171.88,
      "duracion": 4.57,
      "texto": "Acá estoy verificando en el sistema, me figura Blanca Azucena Morillas, ¿correcto?",
      "confianza": 0.722
    },
    {
      "hablante": "Hablante B",
      "inicio": 172.84,
      "fin": 173.16,
      "duracion": 0.32,
      "texto": "Sí.",
      "confianza": 0.758
    },
    {
      "hablante": "Hablante B",
      "inicio": 173.82,
      "fin": 174.52,
      "duracion": 0.7,
      "texto": "Perfecto.",
      "confianza": 0.929
    },
    {
      "hablante": "Hablante B",
      "inicio": 174.81,
      "fin": 177.95,
      "duracion": 3.14,
      "texto": "Me figura, señora Blanca, la línea de usted que es la que te envía en 3762.",
      "confianza": 0.625
    },
    {
      "hablante": "Hablante B",
      "inicio": 177.99,
      "fin": 179.95,
      "duracion": 1.96,
      "texto": "¿Esto es correcto?",
      "confianza": 0.638
    },
    {
      "hablante": "Hablante B",
      "inicio": 181.29,
      "fin": 181.89,
      "duracion": 0.6,
      "texto": "Sí.",
      "confianza": 0.543
    },
    {
      "hablante": "Hablante B",
      "inicio": 181.91,
      "fin": 182.43,
      "duracion": 0.52,
      "texto": "Perfecto.",
      "confianza": 0.856
    },
    {
      "hablante": "Hablante B",
      "inicio": 182.51,
      "fin": 183.44,
      "duracion": 0.92,
      "texto": "Esperemos un segundito.",
      "confianza": 0.485
    },
    {
      "hablante": "Hablante A",
      "inicio": 185.04,
      "fin": 187.72,
      "duracion": 2.68,
      "texto": "Ahí la acabo de dejar, señora Blanca, por WhatsApp.",
      "confianza": 0.642
    },
    {
      "hablante": "Hablante B",
      "inicio": 189.26,
      "fin": 190.54,
      "duracion": 1.28,
      "texto": "Mi mensajito para que vean.",
      "confianza": 0.875
    },
    {
      "hablante": "Hablante B",
      "inicio": 190.62,
      "fin": 191.71,
      "duracion": 1.08,
      "texto": "Mi nombre es Rodrigo, ¿sí?",
      "confianza": 0.717
    },
    {
      "hablante": "Hablante A",
      "inicio": 193.85,
      "fin": 194.01,
      "duracion": 0.16,
      "texto": "Sí.",
      "confianza": 0.487
    },
    {
      "hablante": "Hablante A",
      "inicio": 194.03,
      "fin": 194.99,
      "duracion": 0.96,
      "texto": "Ahí se la acabo de enviar.",
      "confianza": 0.548
    },
    {
      "hablante": "Hablante A",
      "inicio": 195.01,
      "fin": 201.36,
      "duracion": 6.35,
      "texto": "Esperemos un segundito.",
      "confianza": 0.616
    },
    {
      "hablante": "Hablante A",
      "inicio": 201.42,
      "fin": 202.08,
      "duracion": 0.66,
      "texto": "Escúchame.",
      "confianza": 0.471
    },
    {
      "hablante": "Hablante A",
      "inicio": 202.34,
      "fin": 202.5,
      "duracion": 0.16,
      "texto": "Sí.",
      "confianza": 0.397
    },
    {
      "hablante": "Hablante A",
      "inicio": 202.53,
      "fin": 206.93,
      "duracion": 4.41,
      "texto": "¿Cómo?",
      "confianza": 0.148
    },
    {
      "hablante": "Hablante A",
      "inicio": 206.95,
      "fin": 208.61,
      "duracion": 1.66,
      "texto": "O sea, ¿cuántos me dijiste 10,500?",
      "confianza": 0.407
    },
    {
      "hablante": "Hablante A",
      "inicio": 208.63,
      "fin": 209.41,
      "duracion": 0.78,
      "texto": "10,730 pesos.",
      "confianza": 0.844
    },
    {
      "hablante": "Hablante A",
      "inicio": 210.22,
      "fin": 212.54,
      "duracion": 2.32,
      "texto": "¿Cuántos?",
      "confianza": 0.715
    },
    {
      "hablante": "Hablante A",
      "inicio": 212.56,
      "fin": 215.18,
      "duracion": 2.62,
      "texto": "10,730 pesos.",
      "confianza": 0.787
    },
    {
      "hablante": "Hablante A",
      "inicio": 215.22,
      "fin": 217.06,
      "duracion": 1.84,
      "texto": "Es un plan de 18 gigabytes.",
      "confianza": 0.656
    },
    {
      "hablante": "Hablante A",
      "inicio": 217.08,
      "fin": 220.47,
      "duracion": 3.38,
      "texto": "Usted tendría WhatsApp gratis, llamarán libres a cualquier compañía.",
      "confianza": 0.696
    },
    {
      "hablante": "Hablante A",
      "inicio": 221.13,
      "fin": 226.16,
      "duracion": 5.03,
      "texto": "Va a tener América a precio local, roaming en América, y va a tener la opción de guardar, pasar y pedir gigas.",
      "confianza": 0.705
    },
    {
      "hablante": "Hablante A",
      "inicio": 226.74,
      "fin": 231.96,
      "duracion": 5.23,
      "texto": "Es decir, que si a fin de mes usted le suena en gigas, los puede guardar y volver a reutilizar el mes próximo, ¿sí?",
      "confianza": 0.689
    },
    {
      "hablante": "Hablante A",
      "inicio": 233.34,
      "fin": 243.03,
      "duracion": 9.69,
      "texto": "Eso es una opción que tiene Movistar que está muy bueno porque quizás usted no es de usar muchos gigas y una vez que llega a fin de mes lo puede guardar y lo vuelve a reutilizar, ¿sí?",
      "confianza": 0.714
    },
    {
      "hablante": "Hablante A",
      "inicio": 243.06,
      "fin": 247.28,
      "duracion": 4.22,
      "texto": "Ahí fíjese, señora Blanca, si le llegó por WhatsApp el mensajito mío.",
      "confianza": 0.667
    },
    {
      "hablante": "Hablante B",
      "inicio": 249.62,
      "fin": 256.51,
      "duracion": 6.89,
      "texto": "Escúchame una cosa, ¿y este importe a pagar tiene un tope va aumentando?",
      "confianza": 0.453
    },
    {
      "hablante": "Hablante B",
      "inicio": 256.53,
      "fin": 257.23,
      "duracion": 0.7,
      "texto": "¿Cómo es?",
      "confianza": 0.43
    },
    {
      "hablante": "Hablante B",
      "inicio": 257.25,
      "fin": 263.22,
      "duracion": 5.97,
      "texto": "Tenga presión, señora Blanca, que por ejemplo, el mes pasado aumentó, que le diga, 300 pesos.",
      "confianza": 0.677
    },
    {
      "hablante": "Hablante B",
      "inicio": 263.65,
      "fin": 267.54,
      "duracion": 3.88,
      "texto": "Siempre lo que Movistar ha mejorado es que aumenta de manera paulativa, ¿sí?",
      "confianza": 0.8
    },
    {
      "hablante": "Hablante B",
      "inicio": 267.94,
      "fin": 273.97,
      "duracion": 6.03,
      "texto": "No son aumentos desmedidos para que los clientes logren fidelizarse con la compañía y estén mucho tiempo, que es la idea.",
      "confianza": 0.743
    },
    {
      "hablante": "Hablante B",
      "inicio": 274.41,
      "fin": 277.83,
      "duracion": 3.43,
      "texto": "La idea es que, bueno, usted pueda estar mucho tiempo y no se te haga que volver a ir, ¿sí?",
      "confianza": 0.642
    },
    {
      "hablante": "Hablante B",
      "inicio": 278.71,
      "fin": 280.71,
      "duracion": 2.0,
      "texto": "Siempre los aumentos son de manera paulativa.",
      "confianza": 0.822
    },
    {
      "hablante": "Hablante B",
      "inicio": 281.06,
      "fin": 283.68,
      "duracion": 2.62,
      "texto": "Como le digo anteriormente, el mes pasado subió 300 pesos, 400.",
      "confianza": 0.664
    },
    {
      "hablante": "Hablante B",
      "inicio": 283.74,
      "fin": 290.59,
      "duracion": 6.85,
      "texto": "Claro, es porque eso hace que lo fóis y casualmente",
      "confianza": 0.087
    },
    {
      "hablante": "Hablante B",
      "inicio": 290.77,
      "fin": 293.59,
      "duracion": 2.82,
      "texto": "me llamaron de claro para, ¿viste?",
      "confianza": 0.312
    },
    {
      "hablante": "Hablante B",
      "inicio": 293.61,
      "fin": 299.44,
      "duracion": 5.83,
      "texto": "Que te hacen por un año, no me acuerdo, 150, 150.",
      "confianza": 0.627
    },
    {
      "hablante": "Hablante B",
      "inicio": 299.86,
      "fin": 302.99,
      "duracion": 3.12,
      "texto": "Claro, usted va a tener lo que es el 85% por seis meses.",
      "confianza": 0.549
    },
    {
      "hablante": "Hablante B",
      "inicio": 303.05,
      "fin": 304.63,
      "duracion": 1.58,
      "texto": "Con eso usted va a quedarse tranquila, ¿sí?",
      "confianza": 0.575
    },
    {
      "hablante": "Hablante B",
      "inicio": 304.69,
      "fin": 305.61,
      "duracion": 0.92,
      "texto": "Usted va a tener un descuento.",
      "confianza": 0.49
    },
    {
      "hablante": "Hablante B",
      "inicio": 305.63,
      "fin": 320.19,
      "duracion": 14.56,
      "texto": "Y tenga presente, señora Blanca, que antes, por ejemplo, ante el sexto mes, lo que nosotros hacemos, le brindamos el 0800 de atención al cliente, o atraerla de la aplicación de MismoBestar, que quizá usted ya la conoce, puede gestionar las promociones vigentes que hay en ese momento, ¿sí?",
      "confianza": 0.702
    },
    {
      "hablante": "Hablante A",
      "inicio": 321.95,
      "fin": 324.96,
      "duracion": 3.01,
      "texto": "Así que con eso no habría problema.",
      "confianza": 0.405
    },
    {
      "hablante": "Hablante A",
      "inicio": 324.98,
      "fin": 329.19,
      "duracion": 4.21,
      "texto": "La una consulta blanca, ¿me escucha bien?",
      "confianza": 0.824
    },
    {
      "hablante": "Hablante A",
      "inicio": 329.21,
      "fin": 340.49,
      "duracion": 11.27,
      "texto": "Acá me figura que usted es José León Suárez, remedio de escalada a Buenos Aires.",
      "confianza": 0.557
    }
  ],
  "transcripcion_completa": "Hola, buen día. ¿Qué tal, Angusto Blanca? Mi nombre es Rodrigo. ¿Cómo le van el día de hoy? ¿Todo bien? Todo bien. Me alegro mucho. Nos estamos comunicando en el área de beneficios movistar. Tenemos para abrinar lo que es un plan de 18 GB a un valor de 10.730 pesos. Eso es un descuento exclusivo para los clientes de Claro. Hola. Sí, tengo presentes. Yo te digo claro. Este es un descuento para los clientes de Claro. Usted mantendría el mismo número. En ningún momento se quedarían comunicadas, señora Blanca, para que se quede tranquila. Y les enviaríamos el chip al domicilio, ¿sí? Sería un plan de 10 días. Yo tengo el Wi-Fi y tengo el internet también. Claro. Bueno, no hay problema. Usted quede así tranquila. que le podemos unir a lo que es un plan completo, o si no se puede pasar solamente la línea a movilizar, y puede seguir manteniendo la línea de claro de Welfare en caso de no tener cobertura, ¿sí? Tengo a presentar si era peor blanca, que sería un plan de 18 gigabytes en 10,730 pesos. Es un plan con muchos gigabytes a un valor muy económico, ¿sí? Sí, no, pero... Lo que pasa es que yo... Ustedes saben que toda la familia Tengo tres hijos, mis tres hijos, mis nietos, todo tiene movistar. Pero yo tuve siempre problemas con que no... Problemas de señal, problemas de que se cortaba, no sé por qué. Entonces, por eso me pasea, claro. Claro. Ten la presión de señalar blanca que hemos mejorado en ese aspecto. Hemos colocado lo que son nuevas antenas. Y ahora vienen los chips 5G+, que reexcepcionan mucho mejor la señal que antes, ¿sí? Así que usted no tendría ese problema, por así decirlo. Así que con eso quédese tranquila, ¿bien? Tenga presiente que usted mantendría el mismo número. En ningún momento se quedaría incomunicada. Se iría con la compañía de Clara hasta que el chip le llegue al domicilio, ¿sí? Sí, tendría que avisar a Clara. Usted no tiene que avisar nada. La baja se hace de manera simultánea. Con eso usted quédese tranquila. Una vez que le llega el chip, lo coloca y ahí nomás se hace la baja de manera simultánea. No, no tendría ningún tipo de problema, o sea, porque yo pagué, digamos... Ay, ya ni me acuerdo cuándo se vencía. Claro, no, querés ser tranquila, sino Blanca, que no tendría ningún problema con eso, ¿sí? Y tenga presente que la baja se hace de manera simultánea. Acá estoy verificando en el sistema, me figura Blanca Azucena Morillas, ¿correcto? Sí. Perfecto. Me figura, señora Blanca, la línea de usted que es la que te envía en 3762. ¿Esto es correcto? Sí. Perfecto. Esperemos un segundito. Ahí la acabo de dejar, señora Blanca, por WhatsApp. Mi mensajito para que vean. Mi nombre es Rodrigo, ¿sí? Sí. Ahí se la acabo de enviar. Esperemos un segundito. Escúchame. Sí. ¿Cómo? O sea, ¿cuántos me dijiste 10,500? 10,730 pesos. ¿Cuántos? 10,730 pesos. Es un plan de 18 gigabytes. Usted tendría WhatsApp gratis, llamarán libres a cualquier compañía. Va a tener América a precio local, roaming en América, y va a tener la opción de guardar, pasar y pedir gigas. Es decir, que si a fin de mes usted le suena en gigas, los puede guardar y volver a reutilizar el mes próximo, ¿sí? Eso es una opción que tiene Movistar que está muy bueno porque quizás usted no es de usar muchos gigas y una vez que llega a fin de mes lo puede guardar y lo vuelve a reutilizar, ¿sí? Ahí fíjese, señora Blanca, si le llegó por WhatsApp el mensajito mío. Escúchame una cosa, ¿y este importe a pagar tiene un tope va aumentando? ¿Cómo es? Tenga presión, señora Blanca, que por ejemplo, el mes pasado aumentó, que le diga, 300 pesos. Siempre lo que Movistar ha mejorado es que aumenta de manera paulativa, ¿sí? No son aumentos desmedidos para que los clientes logren fidelizarse con la compañía y estén mucho tiempo, que es la idea. La idea es que, bueno, usted pueda estar mucho tiempo y no se te haga que volver a ir, ¿sí? Siempre los aumentos son de manera paulativa. Como le digo anteriormente, el mes pasado subió 300 pesos, 400. Claro, es porque eso hace que lo fóis y casualmente me llamaron de claro para, ¿viste? Que te hacen por un año, no me acuerdo, 150, 150. Claro, usted va a tener lo que es el 85% por seis meses. Con eso usted va a quedarse tranquila, ¿sí? Usted va a tener un descuento. Y tenga presente, señora Blanca, que antes, por ejemplo, ante el sexto mes, lo que nosotros hacemos, le brindamos el 0800 de atención al cliente, o atraerla de la aplicación de MismoBestar, que quizá usted ya la conoce, puede gestionar las promociones vigentes que hay en ese momento, ¿sí? Así que con eso no habría problema. La una consulta blanca, ¿me escucha bien? Acá me figura que usted es José León Suárez, remedio de escalada a Buenos Aires.",
  "calidad": {
    "confianza_promedio": 0.605,
    "metodo_diarizacion": "pausas_fallback",
    "tiempo_procesamiento": 16.6
  },
  "metadata": {
    "modelo": "whisperx_medium",
    "diarizacion": "pausas",
    "dispositivo": "cuda",
    "fecha": "2026-02-21T13:36:59.313741",
    "version": "5.0_ecapa"
  }
}