{
  "archivo": "amza15_1_260209125945460_ACD_27245.wav",
  "duracion_segundos": 91.23,
  "num_segmentos": 31,
  "num_hablantes": 2,
  "hablantes": [
    "Hablante A",
    "Hablante B"
  ],
  "tiempo_por_hablante": {
    "Hablante A": 74.09,
    "Hablante B": 9.7
  },
  "idioma": "es",
  "conversacion": [
    {
      "hablante": "Hablante A",
      "inicio": 1.33,
      "fin": 2.19,
      "duracion": 0.86,
      "texto": "Hola.",
      "confianza": 0.422
    },
    {
      "hablante": "Hablante A",
      "inicio": 2.21,
      "fin": 4.45,
      "duracion": 2.24,
      "texto": "Hola, buen día, Marta.",
      "confianza": 0.483
    },
    {
      "hablante": "Hablante A",
      "inicio": 4.47,
      "fin": 5.11,
      "duracion": 0.64,
      "texto": "Sí, buen día.",
      "confianza": 0.143
    },
    {
      "hablante": "Hablante A",
      "inicio": 5.13,
      "fin": 5.95,
      "duracion": 0.82,
      "texto": "Marta, mucho gusto.",
      "confianza": 0.595
    },
    {
      "hablante": "Hablante A",
      "inicio": 5.97,
      "fin": 8.94,
      "duracion": 2.96,
      "texto": "Mi nombre es Abucin, yo le estoy llamando de la área calidad movistar.",
      "confianza": 0.561
    },
    {
      "hablante": "Hablante A",
      "inicio": 8.96,
      "fin": 9.44,
      "duracion": 0.48,
      "texto": "¿Cómo le va?",
      "confianza": 0.411
    },
    {
      "hablante": "Hablante A",
      "inicio": 9.46,
      "fin": 11.04,
      "duracion": 1.58,
      "texto": "¿Todo bien?",
      "confianza": 0.742
    },
    {
      "hablante": "Hablante A",
      "inicio": 11.06,
      "fin": 11.74,
      "duracion": 0.68,
      "texto": "Todo bien.",
      "confianza": 0.851
    },
    {
      "hablante": "Hablante A",
      "inicio": 12.62,
      "fin": 14.68,
      "duracion": 2.06,
      "texto": "Madera, mucho gusto.",
      "confianza": 0.171
    },
    {
      "hablante": "Hablante A",
      "inicio": 14.7,
      "fin": 15.5,
      "duracion": 0.8,
      "texto": "Yo también acá, trabajando.",
      "confianza": 0.172
    },
    {
      "hablante": "Hablante A",
      "inicio": 15.56,
      "fin": 19.3,
      "duracion": 3.74,
      "texto": "¿Cómo le va a ser, no?",
      "confianza": 0.097
    },
    {
      "hablante": "Hablante A",
      "inicio": 19.32,
      "fin": 24.71,
      "duracion": 5.39,
      "texto": "Marta, básicamente yo le he llamado a ustedes porque me firmaron el sistema que, bueno, usted fue justamente parte de la compañía hace un tiempo atrás.",
      "confianza": 0.598
    },
    {
      "hablante": "Hablante A",
      "inicio": 25.39,
      "fin": 30.59,
      "duracion": 5.2,
      "texto": "Quería saber qué fue lo que le ayudó a cambiar, no sé si recuerda, si fue un inconveniente, fue por otra oferta.",
      "confianza": 0.581
    },
    {
      "hablante": "Hablante A",
      "inicio": 31.03,
      "fin": 48.67,
      "duracion": 17.64,
      "texto": "Sí, no me acuerdo qué es, porque ahora yo tengo mi edad y mi hijo le está bancando todo, digamos, la parte de, digamos... Económica.",
      "confianza": 0.801
    },
    {
      "hablante": "Hablante A",
      "inicio": 48.71,
      "fin": 58.84,
      "duracion": 10.13,
      "texto": "La parte económica, sí, incluso el celular lo cambió él, todo, y lo está pagando él por eso.",
      "confianza": 0.687
    },
    {
      "hablante": "Hablante A",
      "inicio": 59.33,
      "fin": 59.81,
      "duracion": 0.48,
      "texto": "Dale.",
      "confianza": 0.84
    },
    {
      "hablante": "Hablante A",
      "inicio": 60.19,
      "fin": 69.44,
      "duracion": 9.25,
      "texto": "Mira, si le parece bien, eh, Marta, yo le puedo enviar lo que es un mensaje de WhatsApp y le mando las promociones que tenemos para que se las pueda compartir a su hijo.",
      "confianza": 0.643
    },
    {
      "hablante": "Hablante A",
      "inicio": 69.86,
      "fin": 74.59,
      "duracion": 4.72,
      "texto": "Justamente, si hasta puede pagar menos con esta promoción, por ahí le puede llegar a interesar, ¿no?",
      "confianza": 0.722
    },
    {
      "hablante": "Hablante A",
      "inicio": 75.05,
      "fin": 79.47,
      "duracion": 4.42,
      "texto": "Por cómo está la situación hoy en día, nunca viene mal.",
      "confianza": 0.649
    },
    {
      "hablante": "Hablante B",
      "inicio": 80.97,
      "fin": 81.09,
      "duracion": 0.12,
      "texto": "Bueno.",
      "confianza": 0.1
    },
    {
      "hablante": "Hablante B",
      "inicio": 81.11,
      "fin": 81.23,
      "duracion": 0.12,
      "texto": "Bueno.",
      "confianza": 0.004
    },
    {
      "hablante": "Hablante B",
      "inicio": 81.25,
      "fin": 82.19,
      "duracion": 0.94,
      "texto": "Gracias.",
      "confianza": 0.186
    },
    {
      "hablante": "Hablante B",
      "inicio": 82.21,
      "fin": 85.66,
      "duracion": 3.44,
      "texto": "Ahora se la envío, Marta, ¿sí?",
      "confianza": 0.294
    },
    {
      "hablante": "Hablante B",
      "inicio": 85.68,
      "fin": 85.84,
      "duracion": 0.16,
      "texto": "Gracias.",
      "confianza": 0.007
    },
    {
      "hablante": "Hablante B",
      "inicio": 85.86,
      "fin": 86.1,
      "duracion": 0.24,
      "texto": "Hasta luego.",
      "confianza": 0.01
    },
    {
      "hablante": "Hablante B",
      "inicio": 86.12,
      "fin": 86.22,
      "duracion": 0.1,
      "texto": "Dale.",
      "confianza": 0.238
    },
    {
      "hablante": "Hablante B",
      "inicio": 86.24,
      "fin": 88.14,
      "duracion": 1.9,
      "texto": "Estamos hablando.",
      "confianza": 0.462
    },
    {
      "hablante": "Hablante B",
      "inicio": 88.16,
      "fin": 88.38,
      "duracion": 0.22,
      "texto": "Chau, chau.",
      "confianza": 0.006
    },
    {
      "hablante": "Hablante B",
      "inicio": 88.4,
      "fin": 88.64,
      "duracion": 0.24,
      "texto": "Hasta luego.",
      "confianza": 0.003
    },
    {
      "hablante": "Hablante B",
      "inicio": 88.66,
      "fin": 88.88,
      "duracion": 0.22,
      "texto": "Chau, chau.",
      "confianza": 0.103
    },
    {
      "hablante": "Hablante B",
      "inicio": 89.23,
      "fin": 91.23,
      "duracion": 2.0,
      "texto": "Muchas gracias.",
      "confianza": 0.285
    }
  ],
  "transcripcion_completa": "Hola. Hola, buen día, Marta. Sí, buen día. Marta, mucho gusto. Mi nombre es Abucin, yo le estoy llamando de la área calidad movistar. ¿Cómo le va? ¿Todo bien? Todo bien. Madera, mucho gusto. Yo también acá, trabajando. ¿Cómo le va a ser, no? Marta, básicamente yo le he llamado a ustedes porque me firmaron el sistema que, bueno, usted fue justamente parte de la compañía hace un tiempo atrás. Quería saber qué fue lo que le ayudó a cambiar, no sé si recuerda, si fue un inconveniente, fue por otra oferta. Sí, no me acuerdo qué es, porque ahora yo tengo mi edad y mi hijo le está bancando todo, digamos, la parte de, digamos... Económica. La parte económica, sí, incluso el celular lo cambió él, todo, y lo está pagando él por eso. Dale. Mira, si le parece bien, eh, Marta, yo le puedo enviar lo que es un mensaje de WhatsApp y le mando las promociones que tenemos para que se las pueda compartir a su hijo. Justamente, si hasta puede pagar menos con esta promoción, por ahí le puede llegar a interesar, ¿no? Por cómo está la situación hoy en día, nunca viene mal. Bueno. Bueno. Gracias. Ahora se la envío, Marta, ¿sí? Gracias. Hasta luego. Dale. Estamos hablando. Chau, chau. Hasta luego. Chau, chau. Muchas gracias.",
  "calidad": {
    "confianza_promedio": 0.383,
    "metodo_diarizacion": "pausas_fallback",
    "tiempo_procesamiento": 8.5
  },
  "metadata": {
    "modelo": "whisperx_medium",
    "diarizacion": "pausas",
    "dispositivo": "cuda",
    "fecha": "2026-02-18T23:35:30.515223",
    "version": "5.0_ecapa"
  }
}