{
  "archivo": "amza15_1_260210144937358_ACD_37673.wav",
  "duracion_segundos": 318.69,
  "num_segmentos": 99,
  "num_hablantes": 2,
  "hablantes": [
    "Hablante A",
    "Hablante B"
  ],
  "tiempo_por_hablante": {
    "Hablante A": 226.37,
    "Hablante B": 52.93
  },
  "idioma": "es",
  "conversacion": [
    {
      "hablante": "Hablante A",
      "inicio": 0.03,
      "fin": 0.33,
      "duracion": 0.3,
      "texto": "Hola.",
      "confianza": 0.145
    },
    {
      "hablante": "Hablante A",
      "inicio": 0.35,
      "fin": 1.93,
      "duracion": 1.58,
      "texto": "Hola.",
      "confianza": 0.495
    },
    {
      "hablante": "Hablante A",
      "inicio": 1.95,
      "fin": 2.6,
      "duracion": 0.64,
      "texto": "Hola.",
      "confianza": 0.711
    },
    {
      "hablante": "Hablante A",
      "inicio": 2.62,
      "fin": 3.29,
      "duracion": 0.68,
      "texto": "Buen día, Olga.",
      "confianza": 0.676
    },
    {
      "hablante": "Hablante B",
      "inicio": 4.84,
      "fin": 4.9,
      "duracion": 0.06,
      "texto": "Sí.",
      "confianza": 0.143
    },
    {
      "hablante": "Hablante B",
      "inicio": 4.92,
      "fin": 5.62,
      "duracion": 0.7,
      "texto": "Olga, mucho gusto.",
      "confianza": 0.646
    },
    {
      "hablante": "Hablante B",
      "inicio": 5.64,
      "fin": 6.54,
      "duracion": 0.9,
      "texto": "Mi nombre es Agustín.",
      "confianza": 0.411
    },
    {
      "hablante": "Hablante B",
      "inicio": 6.56,
      "fin": 8.44,
      "duracion": 1.88,
      "texto": "Yo la estoy llamando de la área de calidad movistar.",
      "confianza": 0.569
    },
    {
      "hablante": "Hablante B",
      "inicio": 8.46,
      "fin": 9.0,
      "duracion": 0.54,
      "texto": "¿Cómo le va?",
      "confianza": 0.442
    },
    {
      "hablante": "Hablante B",
      "inicio": 9.02,
      "fin": 9.54,
      "duracion": 0.52,
      "texto": "¿Todo bien?",
      "confianza": 0.778
    },
    {
      "hablante": "Hablante A",
      "inicio": 12.31,
      "fin": 12.37,
      "duracion": 0.06,
      "texto": "Sí.",
      "confianza": 0.052
    },
    {
      "hablante": "Hablante A",
      "inicio": 12.39,
      "fin": 13.29,
      "duracion": 0.9,
      "texto": "Me alegra mucho.",
      "confianza": 0.652
    },
    {
      "hablante": "Hablante A",
      "inicio": 13.31,
      "fin": 18.02,
      "duracion": 4.71,
      "texto": "Sí, yo más que nada llamo Olga porque, mire, me figura acá en el sistema que usted fue parte de la compañía hace un tiempo, ¿no?",
      "confianza": 0.514
    },
    {
      "hablante": "Hablante A",
      "inicio": 18.52,
      "fin": 20.0,
      "duracion": 1.48,
      "texto": "Quería saber qué fue lo que le llevó a cambiar.",
      "confianza": 0.7
    },
    {
      "hablante": "Hablante A",
      "inicio": 20.24,
      "fin": 25.19,
      "duracion": 4.95,
      "texto": "No, no.",
      "confianza": 0.48
    },
    {
      "hablante": "Hablante A",
      "inicio": 25.21,
      "fin": 25.67,
      "duracion": 0.46,
      "texto": "Disculpame, disculpame.",
      "confianza": 0.006
    },
    {
      "hablante": "Hablante A",
      "inicio": 25.69,
      "fin": 26.21,
      "duracion": 0.52,
      "texto": "Porque yo pensé que era...",
      "confianza": 0.048
    },
    {
      "hablante": "Hablante A",
      "inicio": 27.07,
      "fin": 37.78,
      "duracion": 10.71,
      "texto": "Este, no, yo en la semana pasada hablé con una señorita ahí en Movistar, y yo tenía la empresa, claro, y me cambié a Movistar.",
      "confianza": 0.659
    },
    {
      "hablante": "Hablante A",
      "inicio": 38.64,
      "fin": 39.6,
      "duracion": 0.96,
      "texto": "Ah.",
      "confianza": 0.591
    },
    {
      "hablante": "Hablante A",
      "inicio": 40.2,
      "fin": 43.3,
      "duracion": 3.1,
      "texto": "El día que me llegó el chip de Movistar.",
      "confianza": 0.542
    },
    {
      "hablante": "Hablante A",
      "inicio": 43.32,
      "fin": 43.7,
      "duracion": 0.38,
      "texto": "Ah, buenísimo.",
      "confianza": 0.213
    },
    {
      "hablante": "Hablante A",
      "inicio": 44.27,
      "fin": 49.99,
      "duracion": 5.73,
      "texto": "Pero sí, no tan bueno, porque todavía no me han mandado ningún mensaje para que yo pueda cambiar el chip.",
      "confianza": 0.607
    },
    {
      "hablante": "Hablante A",
      "inicio": 51.01,
      "fin": 55.74,
      "duracion": 4.73,
      "texto": "O sea, ya te llegó el chip, pero no te han dicho, eso te llegó a tu casa, ¿no?",
      "confianza": 0.461
    },
    {
      "hablante": "Hablante A",
      "inicio": 56.17,
      "fin": 58.42,
      "duracion": 2.24,
      "texto": "Claro, me llegó el viernes por OCA.",
      "confianza": 0.266
    },
    {
      "hablante": "Hablante A",
      "inicio": 59.84,
      "fin": 60.32,
      "duracion": 0.48,
      "texto": "Por OCA.",
      "confianza": 0.415
    },
    {
      "hablante": "Hablante A",
      "inicio": 60.34,
      "fin": 64.05,
      "duracion": 3.7,
      "texto": "Bien, denme un segundo que ahí le voy a estar preguntando en el sistema.",
      "confianza": 0.522
    },
    {
      "hablante": "Hablante A",
      "inicio": 65.01,
      "fin": 65.97,
      "duracion": 0.96,
      "texto": "Bueno, aguardo un minuto.",
      "confianza": 0.568
    },
    {
      "hablante": "Hablante B",
      "inicio": 67.91,
      "fin": 69.13,
      "duracion": 1.22,
      "texto": "Yo tenía abono, claro.",
      "confianza": 0.755
    },
    {
      "hablante": "Hablante B",
      "inicio": 69.23,
      "fin": 71.86,
      "duracion": 2.62,
      "texto": "Me di de vasco a llevar el bono de abono.",
      "confianza": 0.687
    },
    {
      "hablante": "Hablante B",
      "inicio": 72.8,
      "fin": 72.96,
      "duracion": 0.16,
      "texto": "Sí.",
      "confianza": 0.367
    },
    {
      "hablante": "Hablante B",
      "inicio": 73.32,
      "fin": 79.67,
      "duracion": 6.35,
      "texto": "El abono y después entonces la señorita de claro me pasó a prepara.",
      "confianza": 0.747
    },
    {
      "hablante": "Hablante B",
      "inicio": 79.69,
      "fin": 83.11,
      "duracion": 3.42,
      "texto": "Entonces ahora yo estoy con una carga que me hicieron hacer una carga.",
      "confianza": 0.531
    },
    {
      "hablante": "Hablante B",
      "inicio": 83.77,
      "fin": 102.93,
      "duracion": 19.17,
      "texto": "pero ya había hablado con el señorita de Movistar y ella me hizo todos los trámites para cambiar de pago a abono a Movistar.",
      "confianza": 0.721
    },
    {
      "hablante": "Hablante B",
      "inicio": 103.09,
      "fin": 113.37,
      "duracion": 10.28,
      "texto": "Y tengo el chip acá sobre el escritorio y no en el teléfono porque según un mensaje que me mandaron tenía que esperar que me iban a mandar un mensaje",
      "confianza": 0.694
    },
    {
      "hablante": "Hablante B",
      "inicio": 113.57,
      "fin": 118.15,
      "duracion": 4.59,
      "texto": "avisándome cuándo podía cambiar el chip.",
      "confianza": 0.508
    },
    {
      "hablante": "Hablante B",
      "inicio": 118.21,
      "fin": 118.73,
      "duracion": 0.52,
      "texto": "Sí, exacto.",
      "confianza": 0.539
    },
    {
      "hablante": "Hablante A",
      "inicio": 122.7,
      "fin": 123.28,
      "duracion": 0.58,
      "texto": "Bueno, a ver qué me averiguo.",
      "confianza": 0.001
    },
    {
      "hablante": "Hablante A",
      "inicio": 123.3,
      "fin": 129.87,
      "duracion": 6.57,
      "texto": "Sí, acá me figura efectivamente que el sistema tiene tármites ya en movistar, o sea que eso ya está por aprobarse.",
      "confianza": 0.542
    },
    {
      "hablante": "Hablante A",
      "inicio": 130.31,
      "fin": 140.6,
      "duracion": 10.29,
      "texto": "Lo que sí es así, cuando uno se hace envío al domicilio, una vez que le llega el chip, puede demorar, siempre suele ser entre tres a cuatro días hábiles,",
      "confianza": 0.727
    },
    {
      "hablante": "Hablante A",
      "inicio": 140.97,
      "fin": 142.65,
      "duracion": 1.68,
      "texto": "para que se te active la línea.",
      "confianza": 0.352
    },
    {
      "hablante": "Hablante A",
      "inicio": 143.01,
      "fin": 143.31,
      "duracion": 0.3,
      "texto": "¿Por qué?",
      "confianza": 0.665
    },
    {
      "hablante": "Hablante A",
      "inicio": 143.88,
      "fin": 145.9,
      "duracion": 2.02,
      "texto": "Porque el Movistar, primeramente, se asegura...",
      "confianza": 0.704
    },
    {
      "hablante": "Hablante A",
      "inicio": 145.92,
      "fin": 147.64,
      "duracion": 1.72,
      "texto": "Las dos compañías están en un conjunto, en realidad.",
      "confianza": 0.541
    },
    {
      "hablante": "Hablante A",
      "inicio": 148.14,
      "fin": 151.83,
      "duracion": 3.69,
      "texto": "Las dos compañías se tienen que asegurar que usted ya tenga el chip bien recibido.",
      "confianza": 0.696
    },
    {
      "hablante": "Hablante A",
      "inicio": 151.93,
      "fin": 157.67,
      "duracion": 5.75,
      "texto": "Una vez que eso pasa, gente, igual, las dos empresas tienen que aloquer y todo, qué sé yo, se tarda un tiempo.",
      "confianza": 0.623
    },
    {
      "hablante": "Hablante A",
      "inicio": 158.07,
      "fin": 164.04,
      "duracion": 5.97,
      "texto": "Y ahí, una vez que eso pasa, ahí recién se le corta la estación de claro y ahí agarra con Movistar.",
      "confianza": 0.686
    },
    {
      "hablante": "Hablante A",
      "inicio": 165.16,
      "fin": 169.61,
      "duracion": 4.45,
      "texto": "Pero eso es lo que pasa, que siempre cuando es biodomisil, se tarda un poco más de lo normal.",
      "confianza": 0.693
    },
    {
      "hablante": "Hablante A",
      "inicio": 169.91,
      "fin": 172.16,
      "duracion": 2.25,
      "texto": "Bien, porque es una cuestión logística, nada más.",
      "confianza": 0.65
    },
    {
      "hablante": "Hablante A",
      "inicio": 172.18,
      "fin": 173.2,
      "duracion": 1.02,
      "texto": "No es como en el otro mundo.",
      "confianza": 0.482
    },
    {
      "hablante": "Hablante A",
      "inicio": 173.62,
      "fin": 174.61,
      "duracion": 0.98,
      "texto": "Espero que se tranquila.",
      "confianza": 0.7
    },
    {
      "hablante": "Hablante A",
      "inicio": 175.03,
      "fin": 179.8,
      "duracion": 4.78,
      "texto": "Generalmente, esto no es de sus tres o cuatro días habiles desde que le llevo el chip para que arranque con Movistar.",
      "confianza": 0.584
    },
    {
      "hablante": "Hablante A",
      "inicio": 181.06,
      "fin": 181.49,
      "duracion": 0.42,
      "texto": "Bien.",
      "confianza": 0.504
    },
    {
      "hablante": "Hablante A",
      "inicio": 181.51,
      "fin": 182.07,
      "duracion": 0.56,
      "texto": "Claro, pero...",
      "confianza": 0.34
    },
    {
      "hablante": "Hablante A",
      "inicio": 182.09,
      "fin": 184.28,
      "duracion": 2.19,
      "texto": "Así que puede que sea mañana o pasado.",
      "confianza": 0.582
    },
    {
      "hablante": "Hablante A",
      "inicio": 185.05,
      "fin": 192.72,
      "duracion": 7.67,
      "texto": "Bueno, pero me van a mandar un mensaje o me van a hablar para avisarme cuando cambio de sitio.",
      "confianza": 0.731
    },
    {
      "hablante": "Hablante A",
      "inicio": 192.74,
      "fin": 193.42,
      "duracion": 0.68,
      "texto": "Sí, sí, sí, sí.",
      "confianza": 0.279
    },
    {
      "hablante": "Hablante A",
      "inicio": 193.44,
      "fin": 194.02,
      "duracion": 0.58,
      "texto": "Eso si quiere.",
      "confianza": 0.543
    },
    {
      "hablante": "Hablante A",
      "inicio": 194.22,
      "fin": 199.35,
      "duracion": 5.13,
      "texto": "¿Usted tiene el número de envasar de la señorita que le ayudó con el trámite?",
      "confianza": 0.666
    },
    {
      "hablante": "Hablante A",
      "inicio": 199.37,
      "fin": 201.7,
      "duracion": 2.32,
      "texto": "No, porque yo hablo en 0800 y me atendía la señorita.",
      "confianza": 0.22
    },
    {
      "hablante": "Hablante A",
      "inicio": 202.06,
      "fin": 204.2,
      "duracion": 2.14,
      "texto": "Ah, miren.",
      "confianza": 0.216
    },
    {
      "hablante": "Hablante A",
      "inicio": 204.22,
      "fin": 204.38,
      "duracion": 0.16,
      "texto": "Sí, sí.",
      "confianza": 0.279
    },
    {
      "hablante": "Hablante A",
      "inicio": 204.4,
      "fin": 205.82,
      "duracion": 1.42,
      "texto": "Usted llamó perfecto.",
      "confianza": 0.697
    },
    {
      "hablante": "Hablante A",
      "inicio": 206.5,
      "fin": 209.79,
      "duracion": 3.29,
      "texto": "Claro, yo llame, exactamente, yo llame",
      "confianza": 0.443
    },
    {
      "hablante": "Hablante A",
      "inicio": 210.19,
      "fin": 230.94,
      "duracion": 20.75,
      "texto": "Ella me atendió, me informó sobre el plan, todo, entonces después me mandó el código de portabilidad, yo se lo pasé, le mandé por WhatsApp, me dijo ella que mandara la foto de mi documento, eso hice.",
      "confianza": 0.686
    },
    {
      "hablante": "Hablante A",
      "inicio": 230.96,
      "fin": 233.25,
      "duracion": 2.28,
      "texto": "Después me mandaron de la empresa.",
      "confianza": 0.764
    },
    {
      "hablante": "Hablante A",
      "inicio": 233.6,
      "fin": 243.81,
      "duracion": 10.21,
      "texto": "un mensajito que estaba todo ok y que me iban a mandar el chip.",
      "confianza": 0.042
    },
    {
      "hablante": "Hablante A",
      "inicio": 243.83,
      "fin": 244.55,
      "duracion": 0.72,
      "texto": "Bueno, el chip lo recibí el viernes.",
      "confianza": 0.003
    },
    {
      "hablante": "Hablante A",
      "inicio": 244.57,
      "fin": 244.67,
      "duracion": 0.1,
      "texto": "Bien.",
      "confianza": 0.001
    },
    {
      "hablante": "Hablante A",
      "inicio": 244.69,
      "fin": 251.04,
      "duracion": 6.35,
      "texto": "Olga, yo hoy le envié un mensaje por WhatsApp y le envié el número que es para los trámites de portabilidad ya iniciados, como es su caso.",
      "confianza": 0.664
    },
    {
      "hablante": "Hablante A",
      "inicio": 252.0,
      "fin": 254.04,
      "duracion": 2.04,
      "texto": "Ahí ustedes ya me lo atienden superrápido.",
      "confianza": 0.702
    },
    {
      "hablante": "Hablante A",
      "inicio": 254.28,
      "fin": 261.11,
      "duracion": 6.83,
      "texto": "Pongo a opción 4, después opción 1, y ahí pregunte justamente sobre cuándo que ya arranca a comunizar.",
      "confianza": 0.642
    },
    {
      "hablante": "Hablante A",
      "inicio": 261.13,
      "fin": 262.29,
      "duracion": 1.16,
      "texto": "Eso estuvo en el sistema.",
      "confianza": 0.692
    },
    {
      "hablante": "Hablante A",
      "inicio": 262.45,
      "fin": 264.22,
      "duracion": 1.76,
      "texto": "de Movistar de Casa Central.",
      "confianza": 0.624
    },
    {
      "hablante": "Hablante A",
      "inicio": 264.38,
      "fin": 266.54,
      "duracion": 2.16,
      "texto": "A mí no me estuvo, lamentablemente, sino se lo diría.",
      "confianza": 0.564
    },
    {
      "hablante": "Hablante A",
      "inicio": 267.36,
      "fin": 272.03,
      "duracion": 4.67,
      "texto": "Pero voy a llamar a ella y nomás le van a decir cuándo ya arranca con Movistar y a qué hora todo.",
      "confianza": 0.549
    },
    {
      "hablante": "Hablante A",
      "inicio": 273.33,
      "fin": 278.7,
      "duracion": 5.37,
      "texto": "Bueno, vos me mandas entonces el... Sí, se lo envié por WhatsApp, el 0800.",
      "confianza": 0.37
    },
    {
      "hablante": "Hablante A",
      "inicio": 279.14,
      "fin": 282.58,
      "duracion": 3.44,
      "texto": "Ahí se lo envié por WhatsApp.",
      "confianza": 0.357
    },
    {
      "hablante": "Hablante A",
      "inicio": 282.6,
      "fin": 284.45,
      "duracion": 1.84,
      "texto": "Así que bueno, ahí estaría a Olga.",
      "confianza": 0.556
    },
    {
      "hablante": "Hablante A",
      "inicio": 284.83,
      "fin": 288.83,
      "duracion": 4.01,
      "texto": "Bueno, ahí lo habéis venido con Movistar también.",
      "confianza": 0.342
    },
    {
      "hablante": "Hablante A",
      "inicio": 289.3,
      "fin": 293.35,
      "duracion": 4.05,
      "texto": "¿Qué número es?",
      "confianza": 0.375
    },
    {
      "hablante": "Hablante A",
      "inicio": 293.37,
      "fin": 295.21,
      "duracion": 1.84,
      "texto": "¿Qué número es?",
      "confianza": 0.35
    },
    {
      "hablante": "Hablante A",
      "inicio": 295.23,
      "fin": 295.69,
      "duracion": 0.46,
      "texto": "¿Me dijiste?",
      "confianza": 0.318
    },
    {
      "hablante": "Hablante A",
      "inicio": 295.71,
      "fin": 295.99,
      "duracion": 0.28,
      "texto": "¿0800?",
      "confianza": 0.811
    },
    {
      "hablante": "Hablante A",
      "inicio": 296.01,
      "fin": 296.73,
      "duracion": 0.72,
      "texto": "¿Cuánto?",
      "confianza": 0.526
    },
    {
      "hablante": "Hablante A",
      "inicio": 296.75,
      "fin": 297.37,
      "duracion": 0.62,
      "texto": "0800-321-76782.",
      "confianza": 0.825
    },
    {
      "hablante": "Hablante A",
      "inicio": 298.51,
      "fin": 303.04,
      "duracion": 4.53,
      "texto": "Ah, sí, porque yo llame 0800-321-0611, llame yo.",
      "confianza": 0.565
    },
    {
      "hablante": "Hablante A",
      "inicio": 303.06,
      "fin": 305.06,
      "duracion": 2.0,
      "texto": "Ya, bueno, es parecido.",
      "confianza": 0.573
    },
    {
      "hablante": "Hablante A",
      "inicio": 305.51,
      "fin": 306.15,
      "duracion": 0.64,
      "texto": "Es parecido.",
      "confianza": 0.789
    },
    {
      "hablante": "Hablante A",
      "inicio": 306.95,
      "fin": 309.53,
      "duracion": 2.58,
      "texto": "Así que puede contactar ahí.",
      "confianza": 0.596
    },
    {
      "hablante": "Hablante A",
      "inicio": 310.89,
      "fin": 311.49,
      "duracion": 0.6,
      "texto": "OK.",
      "confianza": 0.498
    },
    {
      "hablante": "Hablante A",
      "inicio": 311.89,
      "fin": 312.18,
      "duracion": 0.28,
      "texto": "Dale.",
      "confianza": 0.434
    },
    {
      "hablante": "Hablante A",
      "inicio": 312.2,
      "fin": 313.64,
      "duracion": 1.44,
      "texto": "Y agradezco muchísimo toda la información.",
      "confianza": 0.36
    },
    {
      "hablante": "Hablante A",
      "inicio": 313.76,
      "fin": 314.5,
      "duracion": 0.74,
      "texto": "Gracias a vos.",
      "confianza": 0.62
    },
    {
      "hablante": "Hablante A",
      "inicio": 314.56,
      "fin": 315.32,
      "duracion": 0.76,
      "texto": "Gracias, gracias.",
      "confianza": 0.53
    },
    {
      "hablante": "Hablante A",
      "inicio": 315.34,
      "fin": 316.16,
      "duracion": 0.82,
      "texto": "Dale, dale.",
      "confianza": 0.501
    },
    {
      "hablante": "Hablante A",
      "inicio": 316.18,
      "fin": 317.46,
      "duracion": 1.28,
      "texto": "Chau, chau.",
      "confianza": 0.403
    },
    {
      "hablante": "Hablante A",
      "inicio": 317.48,
      "fin": 317.94,
      "duracion": 0.46,
      "texto": "Chau, chau.",
      "confianza": 0.135
    },
    {
      "hablante": "Hablante A",
      "inicio": 317.96,
      "fin": 318.28,
      "duracion": 0.32,
      "texto": "Chau, chau.",
      "confianza": 0.178
    },
    {
      "hablante": "Hablante A",
      "inicio": 318.3,
      "fin": 318.69,
      "duracion": 0.38,
      "texto": "Hasta luego.",
      "confianza": 0.234
    }
  ],
  "transcripcion_completa": "Hola. Hola. Hola. Buen día, Olga. Sí. Olga, mucho gusto. Mi nombre es Agustín. Yo la estoy llamando de la área de calidad movistar. ¿Cómo le va? ¿Todo bien? Sí. Me alegra mucho. Sí, yo más que nada llamo Olga porque, mire, me figura acá en el sistema que usted fue parte de la compañía hace un tiempo, ¿no? Quería saber qué fue lo que le llevó a cambiar. No, no. Disculpame, disculpame. Porque yo pensé que era... Este, no, yo en la semana pasada hablé con una señorita ahí en Movistar, y yo tenía la empresa, claro, y me cambié a Movistar. Ah. El día que me llegó el chip de Movistar. Ah, buenísimo. Pero sí, no tan bueno, porque todavía no me han mandado ningún mensaje para que yo pueda cambiar el chip. O sea, ya te llegó el chip, pero no te han dicho, eso te llegó a tu casa, ¿no? Claro, me llegó el viernes por OCA. Por OCA. Bien, denme un segundo que ahí le voy a estar preguntando en el sistema. Bueno, aguardo un minuto. Yo tenía abono, claro. Me di de vasco a llevar el bono de abono. Sí. El abono y después entonces la señorita de claro me pasó a prepara. Entonces ahora yo estoy con una carga que me hicieron hacer una carga. pero ya había hablado con el señorita de Movistar y ella me hizo todos los trámites para cambiar de pago a abono a Movistar. Y tengo el chip acá sobre el escritorio y no en el teléfono porque según un mensaje que me mandaron tenía que esperar que me iban a mandar un mensaje avisándome cuándo podía cambiar el chip. Sí, exacto. Bueno, a ver qué me averiguo. Sí, acá me figura efectivamente que el sistema tiene tármites ya en movistar, o sea que eso ya está por aprobarse. Lo que sí es así, cuando uno se hace envío al domicilio, una vez que le llega el chip, puede demorar, siempre suele ser entre tres a cuatro días hábiles, para que se te active la línea. ¿Por qué? Porque el Movistar, primeramente, se asegura... Las dos compañías están en un conjunto, en realidad. Las dos compañías se tienen que asegurar que usted ya tenga el chip bien recibido. Una vez que eso pasa, gente, igual, las dos empresas tienen que aloquer y todo, qué sé yo, se tarda un tiempo. Y ahí, una vez que eso pasa, ahí recién se le corta la estación de claro y ahí agarra con Movistar. Pero eso es lo que pasa, que siempre cuando es biodomisil, se tarda un poco más de lo normal. Bien, porque es una cuestión logística, nada más. No es como en el otro mundo. Espero que se tranquila. Generalmente, esto no es de sus tres o cuatro días habiles desde que le llevo el chip para que arranque con Movistar. Bien. Claro, pero... Así que puede que sea mañana o pasado. Bueno, pero me van a mandar un mensaje o me van a hablar para avisarme cuando cambio de sitio. Sí, sí, sí, sí. Eso si quiere. ¿Usted tiene el número de envasar de la señorita que le ayudó con el trámite? No, porque yo hablo en 0800 y me atendía la señorita. Ah, miren. Sí, sí. Usted llamó perfecto. Claro, yo llame, exactamente, yo llame Ella me atendió, me informó sobre el plan, todo, entonces después me mandó el código de portabilidad, yo se lo pasé, le mandé por WhatsApp, me dijo ella que mandara la foto de mi documento, eso hice. Después me mandaron de la empresa. un mensajito que estaba todo ok y que me iban a mandar el chip. Bueno, el chip lo recibí el viernes. Bien. Olga, yo hoy le envié un mensaje por WhatsApp y le envié el número que es para los trámites de portabilidad ya iniciados, como es su caso. Ahí ustedes ya me lo atienden superrápido. Pongo a opción 4, después opción 1, y ahí pregunte justamente sobre cuándo que ya arranca a comunizar. Eso estuvo en el sistema. de Movistar de Casa Central. A mí no me estuvo, lamentablemente, sino se lo diría. Pero voy a llamar a ella y nomás le van a decir cuándo ya arranca con Movistar y a qué hora todo. Bueno, vos me mandas entonces el... Sí, se lo envié por WhatsApp, el 0800. Ahí se lo envié por WhatsApp. Así que bueno, ahí estaría a Olga. Bueno, ahí lo habéis venido con Movistar también. ¿Qué número es? ¿Qué número es? ¿Me dijiste? ¿0800? ¿Cuánto? 0800-321-76782. Ah, sí, porque yo llame 0800-321-0611, llame yo. Ya, bueno, es parecido. Es parecido. Así que puede contactar ahí. OK. Dale. Y agradezco muchísimo toda la información. Gracias a vos. Gracias, gracias. Dale, dale. Chau, chau. Chau, chau. Chau, chau. Hasta luego.",
  "calidad": {
    "confianza_promedio": 0.497,
    "metodo_diarizacion": "pausas_fallback",
    "tiempo_procesamiento": 16.5
  },
  "metadata": {
    "modelo": "whisperx_medium",
    "diarizacion": "pausas",
    "dispositivo": "cuda",
    "fecha": "2026-02-18T23:39:26.027502",
    "version": "5.0_ecapa"
  }
}