{
  "archivo": "amza10_1_260211164238500_ACD_78601.wav",
  "duracion_segundos": 176.24,
  "num_segmentos": 36,
  "num_hablantes": 2,
  "hablantes": [
    "Hablante A",
    "Hablante B"
  ],
  "tiempo_por_hablante": {
    "Hablante B": 150.39,
    "Hablante A": 2.4
  },
  "idioma": "es",
  "conversacion": [
    {
      "hablante": "Hablante B",
      "inicio": 1.69,
      "fin": 2.15,
      "duracion": 0.46,
      "texto": "Hola.",
      "confianza": 0.376
    },
    {
      "hablante": "Hablante B",
      "inicio": 2.83,
      "fin": 7.17,
      "duracion": 4.35,
      "texto": "Hola, ¿qué tal hablo con el número de Claudia?",
      "confianza": 0.656
    },
    {
      "hablante": "Hablante B",
      "inicio": 7.19,
      "fin": 9.0,
      "duracion": 1.8,
      "texto": "No.",
      "confianza": 0.582
    },
    {
      "hablante": "Hablante B",
      "inicio": 9.02,
      "fin": 9.28,
      "duracion": 0.26,
      "texto": "Ah, bien.",
      "confianza": 0.366
    },
    {
      "hablante": "Hablante B",
      "inicio": 9.3,
      "fin": 10.7,
      "duracion": 1.4,
      "texto": "¿Y con quién tengo el gusto de hablar?",
      "confianza": 0.523
    },
    {
      "hablante": "Hablante B",
      "inicio": 10.72,
      "fin": 15.93,
      "duracion": 5.21,
      "texto": "¿Con qué Claudia querés hablar?",
      "confianza": 0.299
    },
    {
      "hablante": "Hablante B",
      "inicio": 15.95,
      "fin": 17.49,
      "duracion": 1.54,
      "texto": "¿Claudia Morosi puede ser?",
      "confianza": 0.64
    },
    {
      "hablante": "Hablante B",
      "inicio": 18.59,
      "fin": 20.52,
      "duracion": 1.92,
      "texto": "Es mi esposa, María Claudia Morosi.",
      "confianza": 0.657
    },
    {
      "hablante": "Hablante B",
      "inicio": 21.14,
      "fin": 22.18,
      "duracion": 1.04,
      "texto": "Ah, bien, perfecto.",
      "confianza": 0.661
    },
    {
      "hablante": "Hablante B",
      "inicio": 22.2,
      "fin": 23.86,
      "duracion": 1.66,
      "texto": "Disculpe la equivocación.",
      "confianza": 0.867
    },
    {
      "hablante": "Hablante B",
      "inicio": 24.5,
      "fin": 28.79,
      "duracion": 4.29,
      "texto": "Bueno, mire, le hablaba porque hoy tenía un beneficio para brindarle.",
      "confianza": 0.766
    },
    {
      "hablante": "Hablante B",
      "inicio": 29.06,
      "fin": 38.75,
      "duracion": 9.69,
      "texto": "Ya que hoy encontramos con el 85% de descuento, ya que me aparece... ¿Está hablando de esta movida?",
      "confianza": 0.535
    },
    {
      "hablante": "Hablante B",
      "inicio": 38.77,
      "fin": 45.49,
      "duracion": 6.73,
      "texto": "Sí, exacto.",
      "confianza": 0.485
    },
    {
      "hablante": "Hablante B",
      "inicio": 45.51,
      "fin": 46.13,
      "duracion": 0.62,
      "texto": "No, quiero hacer una con usted.",
      "confianza": 0.004
    },
    {
      "hablante": "Hablante B",
      "inicio": 46.16,
      "fin": 53.04,
      "duracion": 6.89,
      "texto": "Bien, ¿me podría... ¿Me podría comentar cuál es el problema que usted ha tenido con la línea?",
      "confianza": 0.534
    },
    {
      "hablante": "Hablante B",
      "inicio": 53.06,
      "fin": 55.81,
      "duracion": 2.74,
      "texto": "Es que tuve toda la vida con ustedes,",
      "confianza": 0.529
    },
    {
      "hablante": "Hablante B",
      "inicio": 56.41,
      "fin": 86.33,
      "duracion": 29.92,
      "texto": "los seis equipos, este equipo que tenemos, y en el último tiempo se pasaron con el tema de cobrarnos, le damos las tarifas de servicio, y cuando pagamos descuento, porque éramos clientes, ya que nunca nos íbamos atrasados y nada por el retiro, no nos dieron nada y como, y yo me enteraba que en promociones había un montón de cosas para otros, menos para los clientes,",
      "confianza": 0.727
    },
    {
      "hablante": "Hablante B",
      "inicio": 86.92,
      "fin": 93.01,
      "duracion": 6.09,
      "texto": "que ya los tenía en cautismo tres, entonces decidimos irnos a la competencia.",
      "confianza": 0.679
    },
    {
      "hablante": "Hablante B",
      "inicio": 93.83,
      "fin": 99.81,
      "duracion": 5.99,
      "texto": "De 80 mil pesos que estaba pagando, 80, 90 mil pesos, estoy pagando 18 mil pesos.",
      "confianza": 0.625
    },
    {
      "hablante": "Hablante B",
      "inicio": 99.88,
      "fin": 107.5,
      "duracion": 7.63,
      "texto": "Te podés imaginar la diferencia y con el mismo servicio o mejor.",
      "confianza": 0.641
    },
    {
      "hablante": "Hablante B",
      "inicio": 108.19,
      "fin": 114.73,
      "duracion": 6.55,
      "texto": "Así que por eso necesariamente sigo atendiendo, porque me llaman todos los días de modo de estar,",
      "confianza": 0.603
    },
    {
      "hablante": "Hablante B",
      "inicio": 115.14,
      "fin": 117.96,
      "duracion": 2.82,
      "texto": "pero no quiero saber absolutamente nada con vos.",
      "confianza": 0.627
    },
    {
      "hablante": "Hablante B",
      "inicio": 118.56,
      "fin": 128.03,
      "duracion": 9.47,
      "texto": "Por más que me regalen las líneas, no me interesa porque ya fui cliente y no me supiero cuidar como cliente.",
      "confianza": 0.661
    },
    {
      "hablante": "Hablante B",
      "inicio": 128.05,
      "fin": 129.49,
      "duracion": 1.44,
      "texto": "No me lamento.",
      "confianza": 0.284
    },
    {
      "hablante": "Hablante B",
      "inicio": 129.51,
      "fin": 130.61,
      "duracion": 1.1,
      "texto": "Bien, perfectamente.",
      "confianza": 0.894
    },
    {
      "hablante": "Hablante B",
      "inicio": 130.71,
      "fin": 135.09,
      "duracion": 4.38,
      "texto": "Lo entiendo, lo sucedió y también le pido disculpas en nombre de la empresa.",
      "confianza": 0.732
    },
    {
      "hablante": "Hablante B",
      "inicio": 135.66,
      "fin": 137.34,
      "duracion": 1.68,
      "texto": "Sin embargo...",
      "confianza": 0.932
    },
    {
      "hablante": "Hablante B",
      "inicio": 137.36,
      "fin": 144.48,
      "duracion": 7.13,
      "texto": "No tienes nada que ver, pero vos preguntaste qué me pasó, yo te digo y te vuelvo a repetir, por más que me regalen las líneas,",
      "confianza": 0.587
    },
    {
      "hablante": "Hablante B",
      "inicio": 145.07,
      "fin": 151.14,
      "duracion": 6.07,
      "texto": "Sí, que tenga el descuento que tenga y que no vuelva a molestar.",
      "confianza": 0.341
    },
    {
      "hablante": "Hablante B",
      "inicio": 151.16,
      "fin": 152.76,
      "duracion": 1.6,
      "texto": "Bien, bueno, muchísimas gracias.",
      "confianza": 0.496
    },
    {
      "hablante": "Hablante B",
      "inicio": 153.44,
      "fin": 153.62,
      "duracion": 0.18,
      "texto": "No, nada.",
      "confianza": 0.215
    },
    {
      "hablante": "Hablante B",
      "inicio": 154.19,
      "fin": 157.09,
      "duracion": 2.9,
      "texto": "Y, bueno, gracias también por darme su motivo.",
      "confianza": 0.846
    },
    {
      "hablante": "Hablante B",
      "inicio": 158.41,
      "fin": 161.19,
      "duracion": 2.78,
      "texto": "Bueno, muchísimas gracias.",
      "confianza": 0.567
    },
    {
      "hablante": "Hablante A",
      "inicio": 163.68,
      "fin": 164.18,
      "duracion": 0.5,
      "texto": "Que tengas fortes, vale.",
      "confianza": 0.05
    },
    {
      "hablante": "Hablante A",
      "inicio": 164.2,
      "fin": 166.1,
      "duracion": 1.9,
      "texto": "Que estén muy bien.",
      "confianza": 0.416
    },
    {
      "hablante": "Hablante B",
      "inicio": 174.18,
      "fin": 176.24,
      "duracion": 2.06,
      "texto": "No, no.",
      "confianza": 0.56
    }
  ],
  "transcripcion_completa": "Hola. Hola, ¿qué tal hablo con el número de Claudia? No. Ah, bien. ¿Y con quién tengo el gusto de hablar? ¿Con qué Claudia querés hablar? ¿Claudia Morosi puede ser? Es mi esposa, María Claudia Morosi. Ah, bien, perfecto. Disculpe la equivocación. Bueno, mire, le hablaba porque hoy tenía un beneficio para brindarle. Ya que hoy encontramos con el 85% de descuento, ya que me aparece... ¿Está hablando de esta movida? Sí, exacto. No, quiero hacer una con usted. Bien, ¿me podría... ¿Me podría comentar cuál es el problema que usted ha tenido con la línea? Es que tuve toda la vida con ustedes, los seis equipos, este equipo que tenemos, y en el último tiempo se pasaron con el tema de cobrarnos, le damos las tarifas de servicio, y cuando pagamos descuento, porque éramos clientes, ya que nunca nos íbamos atrasados y nada por el retiro, no nos dieron nada y como, y yo me enteraba que en promociones había un montón de cosas para otros, menos para los clientes, que ya los tenía en cautismo tres, entonces decidimos irnos a la competencia. De 80 mil pesos que estaba pagando, 80, 90 mil pesos, estoy pagando 18 mil pesos. Te podés imaginar la diferencia y con el mismo servicio o mejor. Así que por eso necesariamente sigo atendiendo, porque me llaman todos los días de modo de estar, pero no quiero saber absolutamente nada con vos. Por más que me regalen las líneas, no me interesa porque ya fui cliente y no me supiero cuidar como cliente. No me lamento. Bien, perfectamente. Lo entiendo, lo sucedió y también le pido disculpas en nombre de la empresa. Sin embargo... No tienes nada que ver, pero vos preguntaste qué me pasó, yo te digo y te vuelvo a repetir, por más que me regalen las líneas, Sí, que tenga el descuento que tenga y que no vuelva a molestar. Bien, bueno, muchísimas gracias. No, nada. Y, bueno, gracias también por darme su motivo. Bueno, muchísimas gracias. Que tengas fortes, vale. Que estén muy bien. No, no.",
  "calidad": {
    "confianza_promedio": 0.555,
    "metodo_diarizacion": "pausas_fallback",
    "tiempo_procesamiento": 10.4
  },
  "metadata": {
    "modelo": "whisperx_medium",
    "diarizacion": "pausas",
    "dispositivo": "cuda",
    "fecha": "2026-02-18T22:38:18.669432",
    "version": "5.0_ecapa"
  }
}