{
  "archivo": "amza10_1_260219104444406_ACD_17119.wav",
  "duracion_segundos": 432.2,
  "num_segmentos": 128,
  "num_hablantes": 2,
  "hablantes": [
    "Hablante A",
    "Hablante B"
  ],
  "tiempo_por_hablante": {
    "Hablante B": 150.92,
    "Hablante A": 240.94
  },
  "idioma": "es",
  "conversacion": [
    {
      "hablante": "Hablante B",
      "inicio": 1.74,
      "fin": 3.6,
      "duracion": 1.86,
      "texto": "Hola, buenas días.",
      "confianza": 0.331
    },
    {
      "hablante": "Hablante B",
      "inicio": 3.62,
      "fin": 4.2,
      "duracion": 0.58,
      "texto": "Buenas días.",
      "confianza": 0.59
    },
    {
      "hablante": "Hablante B",
      "inicio": 4.58,
      "fin": 5.4,
      "duracion": 0.82,
      "texto": "¿Cómo estarás, un gusto?",
      "confianza": 0.393
    },
    {
      "hablante": "Hablante B",
      "inicio": 5.42,
      "fin": 6.26,
      "duracion": 0.84,
      "texto": "¿Hablo con Anavela?",
      "confianza": 0.719
    },
    {
      "hablante": "Hablante B",
      "inicio": 7.16,
      "fin": 7.68,
      "duracion": 0.52,
      "texto": "Sí, habla ella.",
      "confianza": 0.518
    },
    {
      "hablante": "Hablante B",
      "inicio": 7.7,
      "fin": 8.24,
      "duracion": 0.54,
      "texto": "¿Quién me habla?",
      "confianza": 0.48
    },
    {
      "hablante": "Hablante B",
      "inicio": 8.64,
      "fin": 9.22,
      "duracion": 0.58,
      "texto": "Sí, un gusto.",
      "confianza": 0.144
    },
    {
      "hablante": "Hablante B",
      "inicio": 9.24,
      "fin": 10.41,
      "duracion": 1.16,
      "texto": "Lourdes, ¿te habla de este lado?",
      "confianza": 0.446
    },
    {
      "hablante": "Hablante B",
      "inicio": 10.43,
      "fin": 10.73,
      "duracion": 0.3,
      "texto": "Sí.",
      "confianza": 0.729
    },
    {
      "hablante": "Hablante B",
      "inicio": 10.75,
      "fin": 11.71,
      "duracion": 0.96,
      "texto": "Te estoy llamando de latino.",
      "confianza": 0.52
    },
    {
      "hablante": "Hablante B",
      "inicio": 11.75,
      "fin": 20.48,
      "duracion": 8.73,
      "texto": "Bueno, recuperemos un estar porque queremos brindarte una oferta que tenemos a los 80% de los cuentos, ¿sí?",
      "confianza": 0.524
    },
    {
      "hablante": "Hablante B",
      "inicio": 20.5,
      "fin": 20.78,
      "duracion": 0.28,
      "texto": "Sí, es que no.",
      "confianza": 0.086
    },
    {
      "hablante": "Hablante B",
      "inicio": 20.8,
      "fin": 24.08,
      "duracion": 3.28,
      "texto": "¿Cómo, cómo?",
      "confianza": 0.38
    },
    {
      "hablante": "Hablante B",
      "inicio": 24.1,
      "fin": 24.4,
      "duracion": 0.3,
      "texto": "Perdón.",
      "confianza": 0.186
    },
    {
      "hablante": "Hablante B",
      "inicio": 24.42,
      "fin": 25.28,
      "duracion": 0.86,
      "texto": "Tres, cuatro líneas.",
      "confianza": 0.715
    },
    {
      "hablante": "Hablante A",
      "inicio": 27.59,
      "fin": 27.85,
      "duracion": 0.26,
      "texto": "Tres, cuatro.",
      "confianza": 0.048
    },
    {
      "hablante": "Hablante A",
      "inicio": 27.87,
      "fin": 31.69,
      "duracion": 3.82,
      "texto": "Dame un segundo que me corre del lugar porque hay mucho ruido acá y no te escucho bien.",
      "confianza": 0.509
    },
    {
      "hablante": "Hablante A",
      "inicio": 31.99,
      "fin": 36.0,
      "duracion": 4.0,
      "texto": "Puede ser de este lado también, que estamos varios.",
      "confianza": 0.289
    },
    {
      "hablante": "Hablante A",
      "inicio": 36.02,
      "fin": 36.16,
      "duracion": 0.14,
      "texto": "Ah, sí.",
      "confianza": 0.048
    },
    {
      "hablante": "Hablante A",
      "inicio": 36.18,
      "fin": 37.72,
      "duracion": 1.54,
      "texto": "Ahora sí, decime.",
      "confianza": 0.319
    },
    {
      "hablante": "Hablante A",
      "inicio": 37.74,
      "fin": 38.54,
      "duracion": 0.8,
      "texto": "Bien, Ana Narela.",
      "confianza": 0.219
    },
    {
      "hablante": "Hablante A",
      "inicio": 38.56,
      "fin": 43.08,
      "duracion": 4.53,
      "texto": "Bueno, que acá el sistema me figura una mica un montón, estás con cuatro líneas, no sé si eso sigue así.",
      "confianza": 0.525
    },
    {
      "hablante": "Hablante A",
      "inicio": 43.1,
      "fin": 45.09,
      "duracion": 1.98,
      "texto": "Sí, sí, sí, sí.",
      "confianza": 0.268
    },
    {
      "hablante": "Hablante A",
      "inicio": 45.73,
      "fin": 45.83,
      "duracion": 0.1,
      "texto": "Bien.",
      "confianza": 0.045
    },
    {
      "hablante": "Hablante A",
      "inicio": 45.85,
      "fin": 49.39,
      "duracion": 3.54,
      "texto": "Bien, Ana Narela, en este caso... Tengo una línea en Movistar igualmente.",
      "confianza": 0.653
    },
    {
      "hablante": "Hablante A",
      "inicio": 50.13,
      "fin": 52.49,
      "duracion": 2.36,
      "texto": "Ah, de estas cuatro, una es Movistar.",
      "confianza": 0.646
    },
    {
      "hablante": "Hablante A",
      "inicio": 52.51,
      "fin": 53.11,
      "duracion": 0.6,
      "texto": "No, no, no.",
      "confianza": 0.161
    },
    {
      "hablante": "Hablante A",
      "inicio": 53.13,
      "fin": 56.18,
      "duracion": 3.04,
      "texto": "Tengo una en Movistar y aparte tengo cuatro líneas más.",
      "confianza": 0.767
    },
    {
      "hablante": "Hablante A",
      "inicio": 56.44,
      "fin": 58.86,
      "duracion": 2.42,
      "texto": "Y aparte tengo...",
      "confianza": 0.72
    },
    {
      "hablante": "Hablante B",
      "inicio": 60.46,
      "fin": 63.82,
      "duracion": 3.36,
      "texto": "Con dos hijos, con internet y todo.",
      "confianza": 0.244
    },
    {
      "hablante": "Hablante B",
      "inicio": 63.84,
      "fin": 64.6,
      "duracion": 0.76,
      "texto": "Ok, bien.",
      "confianza": 0.648
    },
    {
      "hablante": "Hablante B",
      "inicio": 65.06,
      "fin": 88.95,
      "duracion": 23.88,
      "texto": "Bueno, mira, en ese caso, sí, le he de alentarte esta oferta que, bueno, no puedas escuchar, sí, son 8 gigas de grase con 10 gigas de reloj por 6 meses, sí, o sea, en total vas a tener 18 gigas mensual, sí, que te incluye este plan, Rooming en América, sí, que yo también he incluido, WhatsApp, Datix y todo limitado, sí, esto recuerda que es un 80% de cuento, así que te estaría quedando en 10.730 pesos, sí, por ejemplo, este plan, sí.",
      "confianza": 0.584
    },
    {
      "hablante": "Hablante B",
      "inicio": 89.54,
      "fin": 101.32,
      "duracion": 11.78,
      "texto": "En este caso, como vos por ejemplo, tenés más de dos líneas con el número tuyo, se te dan aparte 4GB extra, que sería como un plan familiar para cada línea móvil.",
      "confianza": 0.726
    },
    {
      "hablante": "Hablante B",
      "inicio": 101.34,
      "fin": 104.51,
      "duracion": 3.17,
      "texto": "Así que bueno, ya ahí se sumarían 28GB en total.",
      "confianza": 0.441
    },
    {
      "hablante": "Hablante B",
      "inicio": 104.55,
      "fin": 109.96,
      "duracion": 5.41,
      "texto": "Es una buena pregunta, porque a mí no me interesa tener tantos y ahora te explico por qué.",
      "confianza": 0.472
    },
    {
      "hablante": "Hablante B",
      "inicio": 110.61,
      "fin": 114.08,
      "duracion": 3.46,
      "texto": "Tengo internet en mi casa, tengo internet acá en mi trabajo.",
      "confianza": 0.628
    },
    {
      "hablante": "Hablante B",
      "inicio": 114.1,
      "fin": 124.91,
      "duracion": 10.81,
      "texto": "O sea, realmente nunca llego a consumir ni siquiera... Creo que tengo... Mi plan tiene tres gigas y no sé si me dan cuatro más de regalo y no sé cuánto y no termino gastando los tres.",
      "confianza": 0.733
    },
    {
      "hablante": "Hablante B",
      "inicio": 125.35,
      "fin": 129.71,
      "duracion": 4.36,
      "texto": "Para que te des una idea que no me atrapa tanto tener tantos gigas.",
      "confianza": 0.557
    },
    {
      "hablante": "Hablante B",
      "inicio": 129.77,
      "fin": 132.69,
      "duracion": 2.92,
      "texto": "Por ahí a mi hija, la más chiquita, que me interese más.",
      "confianza": 0.595
    },
    {
      "hablante": "Hablante B",
      "inicio": 133.31,
      "fin": 134.09,
      "duracion": 0.78,
      "texto": "Pero tengo una pregunta.",
      "confianza": 0.792
    },
    {
      "hablante": "Hablante B",
      "inicio": 134.11,
      "fin": 138.9,
      "duracion": 4.78,
      "texto": "¿Tenés alguna otra promoción con menos gigas y que sea más económico?",
      "confianza": 0.817
    },
    {
      "hablante": "Hablante B",
      "inicio": 139.28,
      "fin": 144.37,
      "duracion": 5.09,
      "texto": "Sí, mira, te brindo esta que es la más baja que me queda, ¿sí?",
      "confianza": 0.659
    },
    {
      "hablante": "Hablante B",
      "inicio": 144.39,
      "fin": 146.01,
      "duracion": 1.62,
      "texto": "Pero te hago una consulta mientras.",
      "confianza": 0.638
    },
    {
      "hablante": "Hablante B",
      "inicio": 146.03,
      "fin": 147.72,
      "duracion": 1.68,
      "texto": "¿Vos sos un autobusista?",
      "confianza": 0.548
    },
    {
      "hablante": "Hablante B",
      "inicio": 148.82,
      "fin": 149.84,
      "duracion": 1.02,
      "texto": "No, no, no, no.",
      "confianza": 0.755
    },
    {
      "hablante": "Hablante B",
      "inicio": 150.74,
      "fin": 153.84,
      "duracion": 3.1,
      "texto": "Tengo en el trabajo, soy responsable de inscriptos, tengo una empresa.",
      "confianza": 0.601
    },
    {
      "hablante": "Hablante B",
      "inicio": 155.23,
      "fin": 159.97,
      "duracion": 4.75,
      "texto": "Por eso te digo, acá tengo internet, que lo tengo al nombre de la empresa y tengo en mi casa al nombre mío.",
      "confianza": 0.621
    },
    {
      "hablante": "Hablante B",
      "inicio": 161.46,
      "fin": 162.22,
      "duracion": 0.76,
      "texto": "Bien, perfecto.",
      "confianza": 0.746
    },
    {
      "hablante": "Hablante B",
      "inicio": 162.32,
      "fin": 164.92,
      "duracion": 2.6,
      "texto": "Bueno, mira, te ofrezco la otra, sería en 4 GB.",
      "confianza": 0.68
    },
    {
      "hablante": "Hablante B",
      "inicio": 165.1,
      "fin": 167.06,
      "duracion": 1.96,
      "texto": "Parece que todos los clientes tienen bastante en llegar al tema.",
      "confianza": 0.485
    },
    {
      "hablante": "Hablante B",
      "inicio": 167.33,
      "fin": 170.53,
      "duracion": 3.2,
      "texto": "Son 4 GB y 10 GB aparte también por 6 meses.",
      "confianza": 0.636
    },
    {
      "hablante": "Hablante B",
      "inicio": 170.61,
      "fin": 173.54,
      "duracion": 2.92,
      "texto": "Quedan 12 GB con WhatsApp Gratis, todo limitado.",
      "confianza": 0.645
    },
    {
      "hablante": "Hablante B",
      "inicio": 173.56,
      "fin": 178.04,
      "duracion": 4.49,
      "texto": "Y ya también te queda con el 80% descuento en 7.780.",
      "confianza": 0.739
    },
    {
      "hablante": "Hablante A",
      "inicio": 179.61,
      "fin": 180.51,
      "duracion": 0.9,
      "texto": "Bueno, ¿ves algo así?",
      "confianza": 0.509
    },
    {
      "hablante": "Hablante A",
      "inicio": 180.53,
      "fin": 181.13,
      "duracion": 0.6,
      "texto": "Me interesa.",
      "confianza": 0.68
    },
    {
      "hablante": "Hablante A",
      "inicio": 181.19,
      "fin": 181.93,
      "duracion": 0.74,
      "texto": "Te explico por qué.",
      "confianza": 0.628
    },
    {
      "hablante": "Hablante A",
      "inicio": 182.31,
      "fin": 187.84,
      "duracion": 5.53,
      "texto": "Porque tengo cinco líneas de celular y dos teléfonos fijos con internet y todo.",
      "confianza": 0.805
    },
    {
      "hablante": "Hablante A",
      "inicio": 187.88,
      "fin": 191.2,
      "duracion": 3.32,
      "texto": "Gasto muchísima plata por mes solamente de teléfono.",
      "confianza": 0.614
    },
    {
      "hablante": "Hablante A",
      "inicio": 191.58,
      "fin": 194.84,
      "duracion": 3.26,
      "texto": "Entonces, por más que parezca poquito el descuento, para mí es un montón.",
      "confianza": 0.67
    },
    {
      "hablante": "Hablante A",
      "inicio": 195.33,
      "fin": 195.67,
      "duracion": 0.34,
      "texto": "Ajá.",
      "confianza": 0.394
    },
    {
      "hablante": "Hablante A",
      "inicio": 196.02,
      "fin": 203.47,
      "duracion": 7.45,
      "texto": "Me puede llevar a interesar, te digo la verdad, me puede llevar a interesar.",
      "confianza": 0.683
    },
    {
      "hablante": "Hablante A",
      "inicio": 203.49,
      "fin": 210.08,
      "duracion": 6.59,
      "texto": "Por ejemplo, yo acá tengo una de mis líneas, la tengo acá en el trabajo solamente para recibir llamadas.",
      "confianza": 0.765
    },
    {
      "hablante": "Hablante A",
      "inicio": 210.5,
      "fin": 216.05,
      "duracion": 5.55,
      "texto": "Un acto lo llega directamente, porque encima tengo internet y el teléfono no se mueve de acá.",
      "confianza": 0.635
    },
    {
      "hablante": "Hablante A",
      "inicio": 216.07,
      "fin": 218.94,
      "duracion": 2.87,
      "texto": "Ahora estoy pagando algo de 10.000 pesos.",
      "confianza": 0.733
    },
    {
      "hablante": "Hablante A",
      "inicio": 219.2,
      "fin": 222.53,
      "duracion": 3.32,
      "texto": "Y mira, si yo no me equivoco, el mes que viene ya me sube el aumento.",
      "confianza": 0.517
    },
    {
      "hablante": "Hablante A",
      "inicio": 223.15,
      "fin": 226.35,
      "duracion": 3.2,
      "texto": "Tengo un aumento en la línea, entonces dije, bueno, estoy por ver.",
      "confianza": 0.671
    },
    {
      "hablante": "Hablante A",
      "inicio": 226.37,
      "fin": 230.42,
      "duracion": 4.04,
      "texto": "Si no me bajan a lo que yo quiero, puede ser que me pueda llegar a cambiar otra vez de compañía.",
      "confianza": 0.694
    },
    {
      "hablante": "Hablante A",
      "inicio": 230.72,
      "fin": 234.94,
      "duracion": 4.22,
      "texto": "Porque en su momento estuve en Movistar y me cambié porque no me bajaban el...",
      "confianza": 0.72
    },
    {
      "hablante": "Hablante A",
      "inicio": 235.34,
      "fin": 236.44,
      "duracion": 1.1,
      "texto": "El valor, sí.",
      "confianza": 0.316
    },
    {
      "hablante": "Hablante A",
      "inicio": 236.46,
      "fin": 236.84,
      "duracion": 0.38,
      "texto": "Claro.",
      "confianza": 0.979
    },
    {
      "hablante": "Hablante A",
      "inicio": 236.96,
      "fin": 239.07,
      "duracion": 2.1,
      "texto": "Y también, me pasaba lo mismo que ahora, era mucho.",
      "confianza": 0.768
    },
    {
      "hablante": "Hablante A",
      "inicio": 239.09,
      "fin": 240.81,
      "duracion": 1.72,
      "texto": "Entonces digo, bueno, y cambio.",
      "confianza": 0.754
    },
    {
      "hablante": "Hablante A",
      "inicio": 241.05,
      "fin": 243.69,
      "duracion": 2.64,
      "texto": "Me convenía muchísimo más, terminaba pagando la mitad.",
      "confianza": 0.826
    },
    {
      "hablante": "Hablante A",
      "inicio": 244.03,
      "fin": 247.43,
      "duracion": 3.4,
      "texto": "Y pienso hacer lo mismo.",
      "confianza": 0.693
    },
    {
      "hablante": "Hablante A",
      "inicio": 247.73,
      "fin": 250.4,
      "duracion": 2.66,
      "texto": "Si me sirve, me pienso cambiar.",
      "confianza": 0.749
    },
    {
      "hablante": "Hablante A",
      "inicio": 250.41,
      "fin": 256.0,
      "duracion": 5.59,
      "texto": "Si vos querés, llámame mañana y te doy una respuesta.",
      "confianza": 0.708
    },
    {
      "hablante": "Hablante A",
      "inicio": 256.02,
      "fin": 261.71,
      "duracion": 5.69,
      "texto": "Yo hoy llamo a mi compañía, no me ofrecen nada, me cambio.",
      "confianza": 0.829
    },
    {
      "hablante": "Hablante A",
      "inicio": 261.73,
      "fin": 264.27,
      "duracion": 2.54,
      "texto": "Bueno, mira, hacemos una cosita, Ana Vera.",
      "confianza": 0.513
    },
    {
      "hablante": "Hablante A",
      "inicio": 264.29,
      "fin": 269.04,
      "duracion": 4.75,
      "texto": "Yo ahora, si querés, te voy a estar enviando un mensajito por WhatsApp, ¿sí?",
      "confianza": 0.591
    },
    {
      "hablante": "Hablante A",
      "inicio": 269.06,
      "fin": 271.72,
      "duracion": 2.66,
      "texto": "Lo último, si querés, te dejo la promo para que lo puedas ver más tranqui.",
      "confianza": 0.255
    },
    {
      "hablante": "Hablante A",
      "inicio": 271.94,
      "fin": 275.62,
      "duracion": 3.69,
      "texto": "Y de últimas sí, vos tenés una respuesta, obviamente.",
      "confianza": 0.429
    },
    {
      "hablante": "Hablante A",
      "inicio": 275.64,
      "fin": 276.73,
      "duracion": 1.08,
      "texto": "Te mando mensajito ahí.",
      "confianza": 0.23
    },
    {
      "hablante": "Hablante A",
      "inicio": 276.75,
      "fin": 278.95,
      "duracion": 2.2,
      "texto": "Le enviamos un mensaje y no hay drama, sí.",
      "confianza": 0.455
    },
    {
      "hablante": "Hablante A",
      "inicio": 278.97,
      "fin": 280.89,
      "duracion": 1.92,
      "texto": "Vale, perfecto, me parece perfecto.",
      "confianza": 0.479
    },
    {
      "hablante": "Hablante A",
      "inicio": 281.15,
      "fin": 285.1,
      "duracion": 3.94,
      "texto": "Y tengo una pregunta, en lo que es teléfono fijo o internet, tenés alguna, pero vos?",
      "confianza": 0.675
    },
    {
      "hablante": "Hablante A",
      "inicio": 285.12,
      "fin": 291.69,
      "duracion": 6.57,
      "texto": "También hacemos lo que es, sí, fibra óptica, pero bueno, habría que chequearse de cobertura, no sé si ya tuviste en un momento.",
      "confianza": 0.619
    },
    {
      "hablante": "Hablante A",
      "inicio": 292.13,
      "fin": 295.11,
      "duracion": 2.98,
      "texto": "Sí, sí, sí, ya lo tuve, ya lo tuve, por eso sé que tengo... Ah, bien.",
      "confianza": 0.503
    },
    {
      "hablante": "Hablante A",
      "inicio": 295.58,
      "fin": 301.79,
      "duracion": 6.21,
      "texto": "Bueno, mira, nosotros tenemos un combo, se le llama, que sería la fibra más una línea.",
      "confianza": 0.698
    },
    {
      "hablante": "Hablante A",
      "inicio": 302.01,
      "fin": 303.93,
      "duracion": 1.92,
      "texto": "En este caso, son cuatro líneas de claro.",
      "confianza": 0.662
    },
    {
      "hablante": "Hablante A",
      "inicio": 303.95,
      "fin": 306.84,
      "duracion": 2.88,
      "texto": "¿Es una fibra o querías en dos?",
      "confianza": 0.843
    },
    {
      "hablante": "Hablante B",
      "inicio": 309.26,
      "fin": 310.4,
      "duracion": 1.14,
      "texto": "Por ahora, una.",
      "confianza": 0.637
    },
    {
      "hablante": "Hablante B",
      "inicio": 310.42,
      "fin": 314.87,
      "duracion": 4.45,
      "texto": "Acá en el trabajo, no creo que la voy a dar de baja porque no la estaremos usando.",
      "confianza": 0.666
    },
    {
      "hablante": "Hablante B",
      "inicio": 315.41,
      "fin": 316.19,
      "duracion": 0.78,
      "texto": "Bueno, tengo un ejemplo.",
      "confianza": 0.624
    },
    {
      "hablante": "Hablante B",
      "inicio": 316.23,
      "fin": 322.1,
      "duracion": 5.87,
      "texto": "Sería un combo que entraría lo que es la fibra óptica de 300 megas, la velocidad, con una línea.",
      "confianza": 0.808
    },
    {
      "hablante": "Hablante B",
      "inicio": 322.4,
      "fin": 325.38,
      "duracion": 2.98,
      "texto": "Ahí te va a quedar con 20.000 pesos.",
      "confianza": 0.497
    },
    {
      "hablante": "Hablante B",
      "inicio": 325.52,
      "fin": 330.06,
      "duracion": 4.55,
      "texto": "Y ahí aparte que eran las tres líneas aparte que, bueno, a esa irían conectar de 7.780.",
      "confianza": 0.629
    },
    {
      "hablante": "Hablante B",
      "inicio": 330.1,
      "fin": 330.28,
      "duracion": 0.18,
      "texto": "Sí.",
      "confianza": 0.147
    },
    {
      "hablante": "Hablante B",
      "inicio": 330.3,
      "fin": 331.0,
      "duracion": 0.7,
      "texto": "Está bien, 20.000.",
      "confianza": 0.633
    },
    {
      "hablante": "Hablante A",
      "inicio": 333.05,
      "fin": 337.49,
      "duracion": 4.45,
      "texto": "Sí, me puede dar interés.",
      "confianza": 0.546
    },
    {
      "hablante": "Hablante A",
      "inicio": 337.51,
      "fin": 341.62,
      "duracion": 4.11,
      "texto": "¿Y si yo a eso le agrego cable o algo de eso?",
      "confianza": 0.583
    },
    {
      "hablante": "Hablante A",
      "inicio": 341.64,
      "fin": 343.86,
      "duracion": 2.22,
      "texto": "Bien, y después ya tenés lo que es la TV.",
      "confianza": 0.645
    },
    {
      "hablante": "Hablante A",
      "inicio": 343.88,
      "fin": 344.18,
      "duracion": 0.3,
      "texto": "Montar TV.",
      "confianza": 0.232
    },
    {
      "hablante": "Hablante A",
      "inicio": 345.32,
      "fin": 348.59,
      "duracion": 3.26,
      "texto": "Exacto, ahí la TV, por ejemplo, que te salga 11.000 y algo, según qué te requieras.",
      "confianza": 0.498
    },
    {
      "hablante": "Hablante A",
      "inicio": 349.05,
      "fin": 350.07,
      "duracion": 1.02,
      "texto": "Sí.",
      "confianza": 0.487
    },
    {
      "hablante": "Hablante A",
      "inicio": 350.09,
      "fin": 351.45,
      "duracion": 1.36,
      "texto": "Sí.",
      "confianza": 0.496
    },
    {
      "hablante": "Hablante A",
      "inicio": 351.47,
      "fin": 355.22,
      "duracion": 3.75,
      "texto": "¿Qué TV querías, más o menos, básico o de consumir?",
      "confianza": 0.583
    },
    {
      "hablante": "Hablante A",
      "inicio": 356.13,
      "fin": 359.56,
      "duracion": 3.43,
      "texto": "Mira, te digo la verdad, todo depende de lo que me ofrezcas.",
      "confianza": 0.568
    },
    {
      "hablante": "Hablante A",
      "inicio": 359.58,
      "fin": 370.42,
      "duracion": 10.85,
      "texto": "Por ejemplo, yo tengo en casa en este momento el cable normal, después mi marido se me pidió fútbol y aparte yo pago Disney, pago Netflix, un montón de cosas.",
      "confianza": 0.642
    },
    {
      "hablante": "Hablante A",
      "inicio": 370.78,
      "fin": 373.09,
      "duracion": 2.31,
      "texto": "O sea que para ahí tenés un combo y me conviene.",
      "confianza": 0.538
    },
    {
      "hablante": "Hablante A",
      "inicio": 373.51,
      "fin": 374.23,
      "duracion": 0.72,
      "texto": "Claro.",
      "confianza": 0.328
    },
    {
      "hablante": "Hablante A",
      "inicio": 374.25,
      "fin": 377.9,
      "duracion": 3.65,
      "texto": "Bueno, yo tengo, por ejemplo, la TV que te sale 11.600, ¿sí?",
      "confianza": 0.634
    },
    {
      "hablante": "Hablante A",
      "inicio": 378.34,
      "fin": 381.18,
      "duracion": 2.84,
      "texto": "Que sería por la TV normal, digamos, la básica.",
      "confianza": 0.683
    },
    {
      "hablante": "Hablante A",
      "inicio": 381.8,
      "fin": 382.16,
      "duracion": 0.36,
      "texto": "Sí, sí, la básica.",
      "confianza": 0.038
    },
    {
      "hablante": "Hablante A",
      "inicio": 382.18,
      "fin": 386.45,
      "duracion": 4.27,
      "texto": "Pero, después, tenés otro combo que, por ejemplo, te viene la TV más Disney.",
      "confianza": 0.689
    },
    {
      "hablante": "Hablante A",
      "inicio": 386.63,
      "fin": 388.19,
      "duracion": 1.56,
      "texto": "Ya te viene incluido, te quedan 16.700.",
      "confianza": 0.65
    },
    {
      "hablante": "Hablante A",
      "inicio": 388.47,
      "fin": 393.98,
      "duracion": 5.51,
      "texto": "Bueno, me conviene porque sabes cuántas se pueden dar a Disney, 18.000.",
      "confianza": 0.55
    },
    {
      "hablante": "Hablante A",
      "inicio": 394.0,
      "fin": 394.48,
      "duracion": 0.48,
      "texto": "¿Cuántas?",
      "confianza": 0.362
    },
    {
      "hablante": "Hablante A",
      "inicio": 394.5,
      "fin": 394.82,
      "duracion": 0.32,
      "texto": "Uh, un montón.",
      "confianza": 0.218
    },
    {
      "hablante": "Hablante A",
      "inicio": 395.33,
      "fin": 398.89,
      "duracion": 3.56,
      "texto": "Sí, porque hace mucho que lo tengo y ese es el problema de todas las aplicaciones.",
      "confianza": 0.711
    },
    {
      "hablante": "Hablante A",
      "inicio": 399.25,
      "fin": 410.78,
      "duracion": 11.53,
      "texto": "Cuando vos haces mucho que las tenés, no te bajan los precios y no tenés ni siquiera dónde mandar un mail para decirme, bueno, bájame o me capto, ¿entendés?",
      "confianza": 0.642
    },
    {
      "hablante": "Hablante A",
      "inicio": 410.8,
      "fin": 410.96,
      "duracion": 0.16,
      "texto": "Por eso.",
      "confianza": 0.03
    },
    {
      "hablante": "Hablante A",
      "inicio": 410.98,
      "fin": 414.91,
      "duracion": 3.92,
      "texto": "Claro, y bueno, sí, por ese lado igual te conviene este cap.",
      "confianza": 0.067
    },
    {
      "hablante": "Hablante A",
      "inicio": 414.93,
      "fin": 415.23,
      "duracion": 0.3,
      "texto": "Sí, sí, sí, sí.",
      "confianza": 0.03
    },
    {
      "hablante": "Hablante A",
      "inicio": 415.25,
      "fin": 416.69,
      "duracion": 1.44,
      "texto": "Bueno, entonces en pañada te mando un mensaje.",
      "confianza": 0.425
    },
    {
      "hablante": "Hablante A",
      "inicio": 417.61,
      "fin": 418.33,
      "duracion": 0.72,
      "texto": "Dale.",
      "confianza": 0.718
    },
    {
      "hablante": "Hablante A",
      "inicio": 418.35,
      "fin": 422.93,
      "duracion": 4.59,
      "texto": "Y te digo bien a ver, mandame lo de las dos cosas, mandame los dos tromos.",
      "confianza": 0.702
    },
    {
      "hablante": "Hablante A",
      "inicio": 423.63,
      "fin": 424.57,
      "duracion": 0.94,
      "texto": "Dale, perfecto.",
      "confianza": 0.546
    },
    {
      "hablante": "Hablante A",
      "inicio": 424.88,
      "fin": 432.2,
      "duracion": 7.33,
      "texto": "Bueno, muchas gracias.",
      "confianza": 0.571
    }
  ],
  "transcripcion_completa": "Hola, buenas días. Buenas días. ¿Cómo estarás, un gusto? ¿Hablo con Anavela? Sí, habla ella. ¿Quién me habla? Sí, un gusto. Lourdes, ¿te habla de este lado? Sí. Te estoy llamando de latino. Bueno, recuperemos un estar porque queremos brindarte una oferta que tenemos a los 80% de los cuentos, ¿sí? Sí, es que no. ¿Cómo, cómo? Perdón. Tres, cuatro líneas. Tres, cuatro. Dame un segundo que me corre del lugar porque hay mucho ruido acá y no te escucho bien. Puede ser de este lado también, que estamos varios. Ah, sí. Ahora sí, decime. Bien, Ana Narela. Bueno, que acá el sistema me figura una mica un montón, estás con cuatro líneas, no sé si eso sigue así. Sí, sí, sí, sí. Bien. Bien, Ana Narela, en este caso... Tengo una línea en Movistar igualmente. Ah, de estas cuatro, una es Movistar. No, no, no. Tengo una en Movistar y aparte tengo cuatro líneas más. Y aparte tengo... Con dos hijos, con internet y todo. Ok, bien. Bueno, mira, en ese caso, sí, le he de alentarte esta oferta que, bueno, no puedas escuchar, sí, son 8 gigas de grase con 10 gigas de reloj por 6 meses, sí, o sea, en total vas a tener 18 gigas mensual, sí, que te incluye este plan, Rooming en América, sí, que yo también he incluido, WhatsApp, Datix y todo limitado, sí, esto recuerda que es un 80% de cuento, así que te estaría quedando en 10.730 pesos, sí, por ejemplo, este plan, sí. En este caso, como vos por ejemplo, tenés más de dos líneas con el número tuyo, se te dan aparte 4GB extra, que sería como un plan familiar para cada línea móvil. Así que bueno, ya ahí se sumarían 28GB en total. Es una buena pregunta, porque a mí no me interesa tener tantos y ahora te explico por qué. Tengo internet en mi casa, tengo internet acá en mi trabajo. O sea, realmente nunca llego a consumir ni siquiera... Creo que tengo... Mi plan tiene tres gigas y no sé si me dan cuatro más de regalo y no sé cuánto y no termino gastando los tres. Para que te des una idea que no me atrapa tanto tener tantos gigas. Por ahí a mi hija, la más chiquita, que me interese más. Pero tengo una pregunta. ¿Tenés alguna otra promoción con menos gigas y que sea más económico? Sí, mira, te brindo esta que es la más baja que me queda, ¿sí? Pero te hago una consulta mientras. ¿Vos sos un autobusista? No, no, no, no. Tengo en el trabajo, soy responsable de inscriptos, tengo una empresa. Por eso te digo, acá tengo internet, que lo tengo al nombre de la empresa y tengo en mi casa al nombre mío. Bien, perfecto. Bueno, mira, te ofrezco la otra, sería en 4 GB. Parece que todos los clientes tienen bastante en llegar al tema. Son 4 GB y 10 GB aparte también por 6 meses. Quedan 12 GB con WhatsApp Gratis, todo limitado. Y ya también te queda con el 80% descuento en 7.780. Bueno, ¿ves algo así? Me interesa. Te explico por qué. Porque tengo cinco líneas de celular y dos teléfonos fijos con internet y todo. Gasto muchísima plata por mes solamente de teléfono. Entonces, por más que parezca poquito el descuento, para mí es un montón. Ajá. Me puede llevar a interesar, te digo la verdad, me puede llevar a interesar. Por ejemplo, yo acá tengo una de mis líneas, la tengo acá en el trabajo solamente para recibir llamadas. Un acto lo llega directamente, porque encima tengo internet y el teléfono no se mueve de acá. Ahora estoy pagando algo de 10.000 pesos. Y mira, si yo no me equivoco, el mes que viene ya me sube el aumento. Tengo un aumento en la línea, entonces dije, bueno, estoy por ver. Si no me bajan a lo que yo quiero, puede ser que me pueda llegar a cambiar otra vez de compañía. Porque en su momento estuve en Movistar y me cambié porque no me bajaban el... El valor, sí. Claro. Y también, me pasaba lo mismo que ahora, era mucho. Entonces digo, bueno, y cambio. Me convenía muchísimo más, terminaba pagando la mitad. Y pienso hacer lo mismo. Si me sirve, me pienso cambiar. Si vos querés, llámame mañana y te doy una respuesta. Yo hoy llamo a mi compañía, no me ofrecen nada, me cambio. Bueno, mira, hacemos una cosita, Ana Vera. Yo ahora, si querés, te voy a estar enviando un mensajito por WhatsApp, ¿sí? Lo último, si querés, te dejo la promo para que lo puedas ver más tranqui. Y de últimas sí, vos tenés una respuesta, obviamente. Te mando mensajito ahí. Le enviamos un mensaje y no hay drama, sí. Vale, perfecto, me parece perfecto. Y tengo una pregunta, en lo que es teléfono fijo o internet, tenés alguna, pero vos? También hacemos lo que es, sí, fibra óptica, pero bueno, habría que chequearse de cobertura, no sé si ya tuviste en un momento. Sí, sí, sí, ya lo tuve, ya lo tuve, por eso sé que tengo... Ah, bien. Bueno, mira, nosotros tenemos un combo, se le llama, que sería la fibra más una línea. En este caso, son cuatro líneas de claro. ¿Es una fibra o querías en dos? Por ahora, una. Acá en el trabajo, no creo que la voy a dar de baja porque no la estaremos usando. Bueno, tengo un ejemplo. Sería un combo que entraría lo que es la fibra óptica de 300 megas, la velocidad, con una línea. Ahí te va a quedar con 20.000 pesos. Y ahí aparte que eran las tres líneas aparte que, bueno, a esa irían conectar de 7.780. Sí. Está bien, 20.000. Sí, me puede dar interés. ¿Y si yo a eso le agrego cable o algo de eso? Bien, y después ya tenés lo que es la TV. Montar TV. Exacto, ahí la TV, por ejemplo, que te salga 11.000 y algo, según qué te requieras. Sí. Sí. ¿Qué TV querías, más o menos, básico o de consumir? Mira, te digo la verdad, todo depende de lo que me ofrezcas. Por ejemplo, yo tengo en casa en este momento el cable normal, después mi marido se me pidió fútbol y aparte yo pago Disney, pago Netflix, un montón de cosas. O sea que para ahí tenés un combo y me conviene. Claro. Bueno, yo tengo, por ejemplo, la TV que te sale 11.600, ¿sí? Que sería por la TV normal, digamos, la básica. Sí, sí, la básica. Pero, después, tenés otro combo que, por ejemplo, te viene la TV más Disney. Ya te viene incluido, te quedan 16.700. Bueno, me conviene porque sabes cuántas se pueden dar a Disney, 18.000. ¿Cuántas? Uh, un montón. Sí, porque hace mucho que lo tengo y ese es el problema de todas las aplicaciones. Cuando vos haces mucho que las tenés, no te bajan los precios y no tenés ni siquiera dónde mandar un mail para decirme, bueno, bájame o me capto, ¿entendés? Por eso. Claro, y bueno, sí, por ese lado igual te conviene este cap. Sí, sí, sí, sí. Bueno, entonces en pañada te mando un mensaje. Dale. Y te digo bien a ver, mandame lo de las dos cosas, mandame los dos tromos. Dale, perfecto. Bueno, muchas gracias.",
  "calidad": {
    "confianza_promedio": 0.542,
    "metodo_diarizacion": "pausas_fallback",
    "tiempo_procesamiento": 20.0
  },
  "metadata": {
    "modelo": "whisperx_medium",
    "diarizacion": "pausas",
    "dispositivo": "cuda",
    "fecha": "2026-02-21T13:27:16.453827",
    "version": "5.0_ecapa"
  }
}