{
  "archivo": "amza12_1_260212141745357_ACD_84027.wav",
  "duracion_segundos": 144.37,
  "num_segmentos": 39,
  "num_hablantes": 2,
  "hablantes": [
    "Hablante A",
    "Hablante B"
  ],
  "tiempo_por_hablante": {
    "Hablante B": 54.08,
    "Hablante A": 74.62
  },
  "idioma": "es",
  "conversacion": [
    {
      "hablante": "Hablante B",
      "inicio": 2.75,
      "fin": 3.83,
      "duracion": 1.08,
      "texto": "Hola.",
      "confianza": 0.471
    },
    {
      "hablante": "Hablante B",
      "inicio": 3.85,
      "fin": 6.57,
      "duracion": 2.72,
      "texto": "Hola, buen día.",
      "confianza": 0.365
    },
    {
      "hablante": "Hablante B",
      "inicio": 6.63,
      "fin": 6.93,
      "duracion": 0.3,
      "texto": "Hola.",
      "confianza": 0.411
    },
    {
      "hablante": "Hablante B",
      "inicio": 6.95,
      "fin": 7.35,
      "duracion": 0.4,
      "texto": "Buen día.",
      "confianza": 0.681
    },
    {
      "hablante": "Hablante B",
      "inicio": 7.69,
      "fin": 8.17,
      "duracion": 0.48,
      "texto": "¿Cómo estás?",
      "confianza": 0.718
    },
    {
      "hablante": "Hablante B",
      "inicio": 8.19,
      "fin": 9.44,
      "duracion": 1.24,
      "texto": "Buen día, me comunico con Pao.",
      "confianza": 0.62
    },
    {
      "hablante": "Hablante B",
      "inicio": 9.46,
      "fin": 9.73,
      "duracion": 0.28,
      "texto": "Hola.",
      "confianza": 0.612
    },
    {
      "hablante": "Hablante A",
      "inicio": 11.48,
      "fin": 12.72,
      "duracion": 1.24,
      "texto": "Eh, no, Ariel habla.",
      "confianza": 0.423
    },
    {
      "hablante": "Hablante A",
      "inicio": 12.82,
      "fin": 13.66,
      "duracion": 0.84,
      "texto": "Ariel, ¿cómo estás?",
      "confianza": 0.374
    },
    {
      "hablante": "Hablante A",
      "inicio": 13.68,
      "fin": 14.88,
      "duracion": 1.2,
      "texto": "No hay la tabla de ese lado.",
      "confianza": 0.474
    },
    {
      "hablante": "Hablante A",
      "inicio": 15.4,
      "fin": 17.64,
      "duracion": 2.24,
      "texto": "Me comunico de la vía de recuperación del cliente de Maurizal.",
      "confianza": 0.546
    },
    {
      "hablante": "Hablante A",
      "inicio": 17.66,
      "fin": 20.77,
      "duracion": 3.1,
      "texto": "¿Cómo estás?",
      "confianza": 0.52
    },
    {
      "hablante": "Hablante A",
      "inicio": 20.79,
      "fin": 20.97,
      "duracion": 0.18,
      "texto": "Ah, bien.",
      "confianza": 0.007
    },
    {
      "hablante": "Hablante A",
      "inicio": 20.99,
      "fin": 23.69,
      "duracion": 2.7,
      "texto": "No, no vamos a volver con Maurizal.",
      "confianza": 0.457
    },
    {
      "hablante": "Hablante A",
      "inicio": 23.71,
      "fin": 24.95,
      "duracion": 1.24,
      "texto": "¿Por qué razón no te interesa?",
      "confianza": 0.529
    },
    {
      "hablante": "Hablante A",
      "inicio": 25.97,
      "fin": 28.43,
      "duracion": 2.46,
      "texto": "Porque nos estafaron con la exalturación.",
      "confianza": 0.817
    },
    {
      "hablante": "Hablante A",
      "inicio": 28.73,
      "fin": 29.66,
      "duracion": 0.92,
      "texto": "dos veces.",
      "confianza": 0.366
    },
    {
      "hablante": "Hablante A",
      "inicio": 29.68,
      "fin": 32.96,
      "duracion": 3.28,
      "texto": "Entonces decidimos pagarlos y darle de baja.",
      "confianza": 0.693
    },
    {
      "hablante": "Hablante A",
      "inicio": 32.98,
      "fin": 36.98,
      "duracion": 4.01,
      "texto": "Antes de hacer eso, reclamábamos, hicimos todas las cosas.",
      "confianza": 0.753
    },
    {
      "hablante": "Hablante A",
      "inicio": 37.41,
      "fin": 50.9,
      "duracion": 13.5,
      "texto": "Nos dijeron que sí, que tenían razón, que nos habían equivocado, pero nunca nos descontaron ni nos devolvieron los que nos cobraron de baja.",
      "confianza": 0.637
    },
    {
      "hablante": "Hablante A",
      "inicio": 50.92,
      "fin": 51.58,
      "duracion": 0.66,
      "texto": "¿Eso hace cuánto sucedió?",
      "confianza": 0.087
    },
    {
      "hablante": "Hablante A",
      "inicio": 51.6,
      "fin": 52.95,
      "duracion": 1.34,
      "texto": "Esto fue, apenas nos salimos.",
      "confianza": 0.447
    },
    {
      "hablante": "Hablante A",
      "inicio": 52.97,
      "fin": 54.83,
      "duracion": 1.86,
      "texto": "Desde el año pasado, creo que fue.",
      "confianza": 0.452
    },
    {
      "hablante": "Hablante B",
      "inicio": 56.58,
      "fin": 78.8,
      "duracion": 22.22,
      "texto": "No, lo que pasa es que, mirá, te cuento.",
      "confianza": 0.551
    },
    {
      "hablante": "Hablante B",
      "inicio": 80.26,
      "fin": 83.89,
      "duracion": 3.62,
      "texto": "Yo entiendo el trabajo tuyo y vos no tenés nada que ver.",
      "confianza": 0.632
    },
    {
      "hablante": "Hablante B",
      "inicio": 83.91,
      "fin": 85.07,
      "duracion": 1.16,
      "texto": "Pero después de eso,",
      "confianza": 0.732
    },
    {
      "hablante": "Hablante B",
      "inicio": 85.28,
      "fin": 87.42,
      "duracion": 2.14,
      "texto": "Nos han vuelto locos con el teléfono.",
      "confianza": 0.566
    },
    {
      "hablante": "Hablante B",
      "inicio": 87.47,
      "fin": 92.17,
      "duracion": 4.71,
      "texto": "Pues sabes que antes no atendíamos llamadas que no conocíamos y todo.",
      "confianza": 0.592
    },
    {
      "hablante": "Hablante B",
      "inicio": 92.19,
      "fin": 97.08,
      "duracion": 4.89,
      "texto": "Ahora sí las atendemos porque como no... O sea, no queremos nada con movistar.",
      "confianza": 0.591
    },
    {
      "hablante": "Hablante B",
      "inicio": 97.52,
      "fin": 99.16,
      "duracion": 1.64,
      "texto": "Esa es la verdad, Mendoza.",
      "confianza": 0.549
    },
    {
      "hablante": "Hablante B",
      "inicio": 99.18,
      "fin": 101.62,
      "duracion": 2.44,
      "texto": "Entonces... Sí.",
      "confianza": 0.535
    },
    {
      "hablante": "Hablante B",
      "inicio": 101.7,
      "fin": 105.83,
      "duracion": 4.12,
      "texto": "Por ahí nos dicen a veces, bueno, que vamos a agendarla si no te llamas más.",
      "confianza": 0.504
    },
    {
      "hablante": "Hablante B",
      "inicio": 106.33,
      "fin": 106.97,
      "duracion": 0.64,
      "texto": "Bueno, perfecto.",
      "confianza": 0.655
    },
    {
      "hablante": "Hablante A",
      "inicio": 108.93,
      "fin": 113.22,
      "duracion": 4.28,
      "texto": "Ya la verdad es que no nos interesa volver a movistar porque hace mucho tiempo nos pasó lo mismo.",
      "confianza": 0.727
    },
    {
      "hablante": "Hablante A",
      "inicio": 114.06,
      "fin": 128.01,
      "duracion": 13.96,
      "texto": "A parte yo trabajo en un lugar donde me servía a movistar porque claro no tiene buena enseñanza pero decidimos salirnos y la verdad es que no volvemos nunca más a movistar.",
      "confianza": 0.693
    },
    {
      "hablante": "Hablante A",
      "inicio": 128.03,
      "fin": 128.37,
      "duracion": 0.34,
      "texto": "Esa es la verdad.",
      "confianza": 0.008
    },
    {
      "hablante": "Hablante A",
      "inicio": 128.39,
      "fin": 141.35,
      "duracion": 12.96,
      "texto": "Claro, tu has tenido una mala experiencia y no le has podido dar otra oportunidad, digamos, al servicio.",
      "confianza": 0.148
    },
    {
      "hablante": "Hablante A",
      "inicio": 141.37,
      "fin": 142.71,
      "duracion": 1.34,
      "texto": "Bueno, está otra consultra fílida o cicatreno expresiva por retora.",
      "confianza": 0.022
    },
    {
      "hablante": "Hablante A",
      "inicio": 143.4,
      "fin": 144.37,
      "duracion": 0.97,
      "texto": "Hola.",
      "confianza": 0.283
    }
  ],
  "transcripcion_completa": "Hola. Hola, buen día. Hola. Buen día. ¿Cómo estás? Buen día, me comunico con Pao. Hola. Eh, no, Ariel habla. Ariel, ¿cómo estás? No hay la tabla de ese lado. Me comunico de la vía de recuperación del cliente de Maurizal. ¿Cómo estás? Ah, bien. No, no vamos a volver con Maurizal. ¿Por qué razón no te interesa? Porque nos estafaron con la exalturación. dos veces. Entonces decidimos pagarlos y darle de baja. Antes de hacer eso, reclamábamos, hicimos todas las cosas. Nos dijeron que sí, que tenían razón, que nos habían equivocado, pero nunca nos descontaron ni nos devolvieron los que nos cobraron de baja. ¿Eso hace cuánto sucedió? Esto fue, apenas nos salimos. Desde el año pasado, creo que fue. No, lo que pasa es que, mirá, te cuento. Yo entiendo el trabajo tuyo y vos no tenés nada que ver. Pero después de eso, Nos han vuelto locos con el teléfono. Pues sabes que antes no atendíamos llamadas que no conocíamos y todo. Ahora sí las atendemos porque como no... O sea, no queremos nada con movistar. Esa es la verdad, Mendoza. Entonces... Sí. Por ahí nos dicen a veces, bueno, que vamos a agendarla si no te llamas más. Bueno, perfecto. Ya la verdad es que no nos interesa volver a movistar porque hace mucho tiempo nos pasó lo mismo. A parte yo trabajo en un lugar donde me servía a movistar porque claro no tiene buena enseñanza pero decidimos salirnos y la verdad es que no volvemos nunca más a movistar. Esa es la verdad. Claro, tu has tenido una mala experiencia y no le has podido dar otra oportunidad, digamos, al servicio. Bueno, está otra consultra fílida o cicatreno expresiva por retora. Hola.",
  "calidad": {
    "confianza_promedio": 0.494,
    "metodo_diarizacion": "pausas_fallback",
    "tiempo_procesamiento": 9.7
  },
  "metadata": {
    "modelo": "whisperx_medium",
    "diarizacion": "pausas",
    "dispositivo": "cuda",
    "fecha": "2026-02-18T23:13:22.509034",
    "version": "5.0_ecapa"
  }
}