{
  "archivo": "amza10_1_260220135723142_MIT_01973.wav",
  "duracion_segundos": 437.89,
  "num_segmentos": 98,
  "num_hablantes": 2,
  "hablantes": [
    "Hablante A",
    "Hablante B"
  ],
  "tiempo_por_hablante": {
    "Hablante B": 198.01,
    "Hablante A": 170.8
  },
  "idioma": "es",
  "conversacion": [
    {
      "hablante": "Hablante B",
      "inicio": 2.29,
      "fin": 9.08,
      "duracion": 6.79,
      "texto": "Hola.",
      "confianza": 0.717
    },
    {
      "hablante": "Hablante B",
      "inicio": 9.1,
      "fin": 11.46,
      "duracion": 2.36,
      "texto": "Hola, sí, Joel.",
      "confianza": 0.317
    },
    {
      "hablante": "Hablante B",
      "inicio": 11.48,
      "fin": 11.66,
      "duracion": 0.18,
      "texto": "Sí, sí.",
      "confianza": 0.253
    },
    {
      "hablante": "Hablante B",
      "inicio": 11.68,
      "fin": 12.86,
      "duracion": 1.18,
      "texto": "Ahora sí, ¿cómo le van?",
      "confianza": 0.615
    },
    {
      "hablante": "Hablante B",
      "inicio": 12.88,
      "fin": 16.79,
      "duracion": 3.91,
      "texto": "Bien, Lourdes debería notizar.",
      "confianza": 0.258
    },
    {
      "hablante": "Hablante B",
      "inicio": 16.81,
      "fin": 17.03,
      "duracion": 0.22,
      "texto": "Sí, dígame.",
      "confianza": 0.016
    },
    {
      "hablante": "Hablante B",
      "inicio": 17.05,
      "fin": 17.71,
      "duracion": 0.66,
      "texto": "Bien, Joel.",
      "confianza": 0.551
    },
    {
      "hablante": "Hablante B",
      "inicio": 17.73,
      "fin": 25.14,
      "duracion": 7.41,
      "texto": "Bueno, como habíamos quedado, sí, básicamente, bueno, le voy a comentar nuevamente el plan que le vendía ahí a su esposa.",
      "confianza": 0.625
    },
    {
      "hablante": "Hablante A",
      "inicio": 27.24,
      "fin": 27.3,
      "duracion": 0.06,
      "texto": "Sí.",
      "confianza": 0.016
    },
    {
      "hablante": "Hablante A",
      "inicio": 27.32,
      "fin": 29.36,
      "duracion": 2.04,
      "texto": "Te comento nuevamente, así que da toda la onda más.",
      "confianza": 0.543
    },
    {
      "hablante": "Hablante A",
      "inicio": 29.77,
      "fin": 35.45,
      "duracion": 5.69,
      "texto": "Bien, el plan sería entonces 8 gigas de base con 10 gigas a partir de regalos por 6 meses.",
      "confianza": 0.602
    },
    {
      "hablante": "Hablante A",
      "inicio": 35.87,
      "fin": 38.86,
      "duracion": 2.98,
      "texto": "En total, vamos a contar con 18 gigas mensual.",
      "confianza": 0.595
    },
    {
      "hablante": "Hablante A",
      "inicio": 39.44,
      "fin": 40.7,
      "duracion": 1.26,
      "texto": "¿Qué te cuesta este plan?",
      "confianza": 0.301
    },
    {
      "hablante": "Hablante A",
      "inicio": 40.72,
      "fin": 48.09,
      "duracion": 7.37,
      "texto": "Lo que es WhatsApp gratis, Rumin en América, si ya te lo he inscrito, y lo que es todo limitado, que tiene las llamadas y los mensajes.",
      "confianza": 0.633
    },
    {
      "hablante": "Hablante A",
      "inicio": 48.11,
      "fin": 57.68,
      "duracion": 9.57,
      "texto": "Esto recordá que es un descuento por 6 meses y con el 80%, o sea que te estaría quedando el plan en 10,730 pesos.",
      "confianza": 0.68
    },
    {
      "hablante": "Hablante A",
      "inicio": 57.7,
      "fin": 58.86,
      "duracion": 1.16,
      "texto": "¿Qué es el plan?",
      "confianza": 0.09
    },
    {
      "hablante": "Hablante A",
      "inicio": 59.35,
      "fin": 60.29,
      "duracion": 0.94,
      "texto": "Bueno.",
      "confianza": 0.5
    },
    {
      "hablante": "Hablante A",
      "inicio": 60.31,
      "fin": 61.15,
      "duracion": 0.84,
      "texto": "Bien.",
      "confianza": 0.8
    },
    {
      "hablante": "Hablante A",
      "inicio": 61.21,
      "fin": 65.72,
      "duracion": 4.51,
      "texto": "¿Sabéis el número que me digas para buscarlo en el sistema?",
      "confianza": 0.571
    },
    {
      "hablante": "Hablante A",
      "inicio": 65.82,
      "fin": 70.86,
      "duracion": 5.05,
      "texto": "Porque no lo tengo.",
      "confianza": 0.608
    },
    {
      "hablante": "Hablante A",
      "inicio": 70.91,
      "fin": 72.43,
      "duracion": 1.52,
      "texto": "Bueno, es 92.",
      "confianza": 0.46
    },
    {
      "hablante": "Hablante A",
      "inicio": 72.51,
      "fin": 72.77,
      "duracion": 0.26,
      "texto": "92.",
      "confianza": 0.799
    },
    {
      "hablante": "Hablante A",
      "inicio": 73.37,
      "fin": 74.99,
      "duracion": 1.62,
      "texto": "88.",
      "confianza": 0.792
    },
    {
      "hablante": "Hablante A",
      "inicio": 75.05,
      "fin": 76.13,
      "duracion": 1.08,
      "texto": "88.",
      "confianza": 0.86
    },
    {
      "hablante": "Hablante A",
      "inicio": 76.15,
      "fin": 77.76,
      "duracion": 1.6,
      "texto": "79.",
      "confianza": 0.622
    },
    {
      "hablante": "Hablante A",
      "inicio": 77.78,
      "fin": 77.94,
      "duracion": 0.16,
      "texto": "79.",
      "confianza": 0.772
    },
    {
      "hablante": "Hablante A",
      "inicio": 78.0,
      "fin": 78.22,
      "duracion": 0.22,
      "texto": "88.",
      "confianza": 0.786
    },
    {
      "hablante": "Hablante A",
      "inicio": 79.1,
      "fin": 80.14,
      "duracion": 1.04,
      "texto": "Bien.",
      "confianza": 0.58
    },
    {
      "hablante": "Hablante A",
      "inicio": 80.42,
      "fin": 81.95,
      "duracion": 1.52,
      "texto": "A esto te voy a buscar el sistema.",
      "confianza": 0.429
    },
    {
      "hablante": "Hablante A",
      "inicio": 82.07,
      "fin": 91.09,
      "duracion": 9.02,
      "texto": "Básicamente no sé si escuchaste cuando hablé ahí con tu mujer, pero bueno, es lo mismo en realidad, es chequeo de datos y después pedirte DNI, foto DNI para validar.",
      "confianza": 0.601
    },
    {
      "hablante": "Hablante A",
      "inicio": 91.11,
      "fin": 94.23,
      "duracion": 3.13,
      "texto": "Después te hago lo que es el cierre comercial y después te envío el código de portabilidad.",
      "confianza": 0.505
    },
    {
      "hablante": "Hablante A",
      "inicio": 94.51,
      "fin": 98.8,
      "duracion": 4.29,
      "texto": "Mientras tanto, no sé si me querés consultar algo respecto al plan, algo.",
      "confianza": 0.713
    },
    {
      "hablante": "Hablante A",
      "inicio": 99.2,
      "fin": 103.63,
      "duracion": 4.42,
      "texto": "No, no sé, ya escuché algo de la conversa que hice con ella.",
      "confianza": 0.54
    },
    {
      "hablante": "Hablante A",
      "inicio": 103.65,
      "fin": 104.95,
      "duracion": 1.3,
      "texto": "Sí, sí, escuché, escuché algo.",
      "confianza": 0.295
    },
    {
      "hablante": "Hablante A",
      "inicio": 104.97,
      "fin": 107.85,
      "duracion": 2.88,
      "texto": "Algo escuché, no todo, pero vale la parte.",
      "confianza": 0.493
    },
    {
      "hablante": "Hablante A",
      "inicio": 107.87,
      "fin": 115.52,
      "duracion": 7.65,
      "texto": "Sí, igual ya te tranquilo que te voy a comentar, y bueno, yo de cero, sí, porque así queda todo grabado en llamada también.",
      "confianza": 0.397
    },
    {
      "hablante": "Hablante A",
      "inicio": 115.54,
      "fin": 118.22,
      "duracion": 2.68,
      "texto": "Mientras tanto ahí te voy buscando, sí.",
      "confianza": 0.649
    },
    {
      "hablante": "Hablante A",
      "inicio": 118.24,
      "fin": 118.88,
      "duracion": 0.64,
      "texto": "Yo no te conozco.",
      "confianza": 0.354
    },
    {
      "hablante": "Hablante A",
      "inicio": 118.9,
      "fin": 123.09,
      "duracion": 4.18,
      "texto": "¿Colocamos la misma sucursal que colocamos que nos buscamos?",
      "confianza": 0.49
    },
    {
      "hablante": "Hablante A",
      "inicio": 123.11,
      "fin": 128.35,
      "duracion": 5.25,
      "texto": "Sí, sí, sí, sí, sí, sí, sí, sí, sí, sí, sí, sí, sí, sí, sí, sí, sí, sí, sí, sí, sí, sí, sí, sí, sí, sí, sí, sí, sí, sí, sí, sí, sí, sí, sí, sí, sí, sí, sí, sí, sí, sí, sí, sí, sí, sí, sí, sí, sí, sí, sí, sí, sí, sí, sí, sí",
      "confianza": 0.141
    },
    {
      "hablante": "Hablante A",
      "inicio": 128.75,
      "fin": 130.38,
      "duracion": 1.62,
      "texto": "Claro, por eso, por eso, por eso.",
      "confianza": 0.373
    },
    {
      "hablante": "Hablante A",
      "inicio": 130.9,
      "fin": 136.2,
      "duracion": 5.31,
      "texto": "De todas formas, cuando retiren, vayan los dos, cada uno con su VNI recordado, porque son diferentes titulares.",
      "confianza": 0.641
    },
    {
      "hablante": "Hablante A",
      "inicio": 136.22,
      "fin": 138.43,
      "duracion": 2.2,
      "texto": "Vos sos titulado de tu línea, ¿no?",
      "confianza": 0.115
    },
    {
      "hablante": "Hablante A",
      "inicio": 138.45,
      "fin": 139.25,
      "duracion": 0.8,
      "texto": "¿Cómo?",
      "confianza": 0.68
    },
    {
      "hablante": "Hablante A",
      "inicio": 139.27,
      "fin": 140.31,
      "duracion": 1.04,
      "texto": "Vos sos titulado de tu línea.",
      "confianza": 0.405
    },
    {
      "hablante": "Hablante B",
      "inicio": 141.97,
      "fin": 142.19,
      "duracion": 0.22,
      "texto": "Sí, sí, sí.",
      "confianza": 0.02
    },
    {
      "hablante": "Hablante B",
      "inicio": 142.21,
      "fin": 144.03,
      "duracion": 1.82,
      "texto": "O sea, la factura llega a nombre tuyo, no de tu mujer.",
      "confianza": 0.472
    },
    {
      "hablante": "Hablante B",
      "inicio": 144.57,
      "fin": 158.57,
      "duracion": 14.0,
      "texto": "A nombre mío, llegaba el titulo como treinta, tuve como treinta años movistar y por unas cosas de esto que el otro y, y, y bueno, esto ya se está yendo muy, muy de las manos, se me está yendo",
      "confianza": 0.584
    },
    {
      "hablante": "Hablante B",
      "inicio": 158.84,
      "fin": 164.05,
      "duracion": 5.21,
      "texto": "Como le dijera yo, lo interesa de movilizar y todo eso.",
      "confianza": 0.524
    },
    {
      "hablante": "Hablante B",
      "inicio": 164.07,
      "fin": 171.28,
      "duracion": 7.21,
      "texto": "Bueno, tenemos algunos inconvenientes y por eso, por eso, por ese motivo me cambié, claro.",
      "confianza": 0.742
    },
    {
      "hablante": "Hablante B",
      "inicio": 171.3,
      "fin": 172.88,
      "duracion": 1.58,
      "texto": "Claro.",
      "confianza": 0.24
    },
    {
      "hablante": "Hablante B",
      "inicio": 172.9,
      "fin": 173.12,
      "duracion": 0.22,
      "texto": "Ay, perdón.",
      "confianza": 0.061
    },
    {
      "hablante": "Hablante B",
      "inicio": 173.14,
      "fin": 175.98,
      "duracion": 2.84,
      "texto": "Bueno, tente tranquilo que eso no vas a tener ningún tipo de problema.",
      "confianza": 0.498
    },
    {
      "hablante": "Hablante B",
      "inicio": 176.1,
      "fin": 179.65,
      "duracion": 3.54,
      "texto": "Cualquier cosa, vos ya tenés mi contacto, sí, lo que sea.",
      "confianza": 0.693
    },
    {
      "hablante": "Hablante B",
      "inicio": 180.79,
      "fin": 185.9,
      "duracion": 5.11,
      "texto": "Y bueno, entre todo, como te digo, beneficios por esta mesa, así que se te va a estar respetando ese descuento, sí.",
      "confianza": 0.465
    },
    {
      "hablante": "Hablante B",
      "inicio": 186.58,
      "fin": 186.64,
      "duracion": 0.06,
      "texto": "Sí.",
      "confianza": 0.341
    },
    {
      "hablante": "Hablante B",
      "inicio": 186.97,
      "fin": 187.93,
      "duracion": 0.96,
      "texto": "Bien, Joel.",
      "confianza": 0.449
    },
    {
      "hablante": "Hablante B",
      "inicio": 187.95,
      "fin": 188.74,
      "duracion": 0.78,
      "texto": "A ver, aguardame.",
      "confianza": 0.615
    },
    {
      "hablante": "Hablante B",
      "inicio": 188.76,
      "fin": 190.2,
      "duracion": 1.44,
      "texto": "Quiero ver si hay tabu.",
      "confianza": 0.219
    },
    {
      "hablante": "Hablante B",
      "inicio": 190.22,
      "fin": 192.52,
      "duracion": 2.31,
      "texto": "Bien, acá me figura el sistema.",
      "confianza": 0.341
    },
    {
      "hablante": "Hablante B",
      "inicio": 192.54,
      "fin": 193.95,
      "duracion": 1.4,
      "texto": "Bien, me figura entonces.",
      "confianza": 0.408
    },
    {
      "hablante": "Hablante B",
      "inicio": 193.97,
      "fin": 195.07,
      "duracion": 1.1,
      "texto": "Vamos a pasar a validar, ¿sí?",
      "confianza": 0.714
    },
    {
      "hablante": "Hablante B",
      "inicio": 195.47,
      "fin": 200.74,
      "duracion": 5.27,
      "texto": "¿Dónde cumplido sería Joel Fernando Rivas Vásquez?",
      "confianza": 0.595
    },
    {
      "hablante": "Hablante B",
      "inicio": 200.76,
      "fin": 200.94,
      "duracion": 0.18,
      "texto": "Sí, doña.",
      "confianza": 0.052
    },
    {
      "hablante": "Hablante B",
      "inicio": 200.96,
      "fin": 201.16,
      "duracion": 0.2,
      "texto": "Bien.",
      "confianza": 0.83
    },
    {
      "hablante": "Hablante B",
      "inicio": 201.4,
      "fin": 203.81,
      "duracion": 2.41,
      "texto": "¿Tu fecha de nacimiento de figura que es el 30 de 5 de 1963?",
      "confianza": 0.578
    },
    {
      "hablante": "Hablante B",
      "inicio": 204.17,
      "fin": 206.74,
      "duracion": 2.57,
      "texto": "Sí, señor.",
      "confianza": 0.352
    },
    {
      "hablante": "Hablante B",
      "inicio": 207.14,
      "fin": 211.46,
      "duracion": 4.33,
      "texto": "Bien, y acá hay un correo que es danielabelendribach4.gmail.com.",
      "confianza": 0.499
    },
    {
      "hablante": "Hablante B",
      "inicio": 211.48,
      "fin": 217.49,
      "duracion": 6.01,
      "texto": "¿Es el mismo correo que buscamos anteriormente?",
      "confianza": 0.685
    },
    {
      "hablante": "Hablante B",
      "inicio": 217.51,
      "fin": 218.21,
      "duracion": 0.7,
      "texto": "Sí, sí, es el mismo de la piba, sí.",
      "confianza": 0.009
    },
    {
      "hablante": "Hablante B",
      "inicio": 218.23,
      "fin": 219.28,
      "duracion": 1.04,
      "texto": "Bien, perfecto.",
      "confianza": 0.7
    },
    {
      "hablante": "Hablante B",
      "inicio": 219.29,
      "fin": 223.0,
      "duracion": 3.71,
      "texto": "Entonces, seguimos con los mismos datos.",
      "confianza": 0.487
    },
    {
      "hablante": "Hablante B",
      "inicio": 223.02,
      "fin": 223.62,
      "duracion": 0.6,
      "texto": "Bien, ahora te comento.",
      "confianza": 0.234
    },
    {
      "hablante": "Hablante B",
      "inicio": 223.68,
      "fin": 228.47,
      "duracion": 4.79,
      "texto": "La línea que vamos a aportar sería 2995-493480.",
      "confianza": 0.763
    },
    {
      "hablante": "Hablante B",
      "inicio": 228.49,
      "fin": 229.25,
      "duracion": 0.76,
      "texto": "¿Sí?",
      "confianza": 0.337
    },
    {
      "hablante": "Hablante B",
      "inicio": 229.39,
      "fin": 232.45,
      "duracion": 3.06,
      "texto": "Recuerda que estáis manteniendo la línea.",
      "confianza": 0.524
    },
    {
      "hablante": "Hablante B",
      "inicio": 233.74,
      "fin": 234.34,
      "duracion": 0.6,
      "texto": "Sí, sí, sí.",
      "confianza": 0.254
    },
    {
      "hablante": "Hablante B",
      "inicio": 234.36,
      "fin": 234.82,
      "duracion": 0.46,
      "texto": "Sí, se corre, se corre.",
      "confianza": 0.064
    },
    {
      "hablante": "Hablante B",
      "inicio": 234.84,
      "fin": 236.1,
      "duracion": 1.26,
      "texto": "Entonces, eso es para quien quiera, ¿verdad?",
      "confianza": 0.149
    },
    {
      "hablante": "Hablante B",
      "inicio": 236.31,
      "fin": 238.64,
      "duracion": 2.32,
      "texto": "o en los contactos y todo eso.",
      "confianza": 0.136
    },
    {
      "hablante": "Hablante B",
      "inicio": 238.66,
      "fin": 239.78,
      "duracion": 1.12,
      "texto": "Claro, sí, sí, sí, no perdés nada igual.",
      "confianza": 0.326
    },
    {
      "hablante": "Hablante B",
      "inicio": 240.18,
      "fin": 246.39,
      "duracion": 6.21,
      "texto": "Bien, tendremos a estar enviando el chip a la sucursal de Movistar que sería en calle Almirante Brown al 102 DN Uqueno.",
      "confianza": 0.575
    },
    {
      "hablante": "Hablante B",
      "inicio": 246.41,
      "fin": 246.81,
      "duracion": 0.4,
      "texto": "Sí.",
      "confianza": 0.571
    },
    {
      "hablante": "Hablante B",
      "inicio": 246.83,
      "fin": 259.53,
      "duracion": 12.7,
      "texto": "Bien, yo te voy a dejar lo que es el link por WhatsApp de todas formas para que a vos te quede igualmente aceptado, pero bueno, con la que es la misma sucursal sí o no.",
      "confianza": 0.506
    },
    {
      "hablante": "Hablante B",
      "inicio": 259.55,
      "fin": 261.06,
      "duracion": 1.5,
      "texto": "Bien, ahí te lo estoy enviando por WhatsApp.",
      "confianza": 0.516
    },
    {
      "hablante": "Hablante B",
      "inicio": 261.71,
      "fin": 266.74,
      "duracion": 5.03,
      "texto": "Bien, ¿qué te voy a pedir mientras tanto que me puedas enviar lo que es una foto tuenei?",
      "confianza": 0.368
    },
    {
      "hablante": "Hablante B",
      "inicio": 266.76,
      "fin": 269.68,
      "duracion": 2.93,
      "texto": "Exacto, una foto tuenei-24 para validar identidad.",
      "confianza": 0.703
    },
    {
      "hablante": "Hablante A",
      "inicio": 271.45,
      "fin": 273.45,
      "duracion": 2.0,
      "texto": "¿Quieres que te envíe una foto?",
      "confianza": 0.137
    },
    {
      "hablante": "Hablante A",
      "inicio": 273.47,
      "fin": 276.61,
      "duracion": 3.14,
      "texto": "Ajá, una foto tuenei-24 para validar identidad.",
      "confianza": 0.765
    },
    {
      "hablante": "Hablante A",
      "inicio": 277.45,
      "fin": 285.05,
      "duracion": 7.59,
      "texto": "Si lo puedes enviar ahora en línea, eso es por WhatsApp donde estás hablando conmigo y lo eliminas en el caso de que te des confianza, no hay problema.",
      "confianza": 0.457
    },
    {
      "hablante": "Hablante A",
      "inicio": 285.07,
      "fin": 289.37,
      "duracion": 4.31,
      "texto": "Sí, lo tengo que eliminar porque yo no tengo su teléfono para llamar.",
      "confianza": 0.443
    },
    {
      "hablante": "Hablante A",
      "inicio": 290.26,
      "fin": 306.53,
      "duracion": 16.27,
      "texto": "No, no, no, te espero en línea porque lo valido yo y lo eliminas, ahí es automático.",
      "confianza": 0.649
    },
    {
      "hablante": "Hablante A",
      "inicio": 306.55,
      "fin": 312.2,
      "duracion": 5.65,
      "texto": "Te espero en línea.",
      "confianza": 0.467
    },
    {
      "hablante": "Hablante B",
      "inicio": 320.17,
      "fin": 328.64,
      "duracion": 8.47,
      "texto": "Ya ni cómo puedo ver la foto.",
      "confianza": 0.567
    },
    {
      "hablante": "Hablante B",
      "inicio": 328.66,
      "fin": 346.46,
      "duracion": 17.8,
      "texto": "No, pero.",
      "confianza": 0.912
    },
    {
      "hablante": "Hablante B",
      "inicio": 346.52,
      "fin": 349.9,
      "duracion": 3.38,
      "texto": "Tengo el documento que hacer la camioneta.",
      "confianza": 0.602
    },
    {
      "hablante": "Hablante A",
      "inicio": 381.14,
      "fin": 406.08,
      "duracion": 24.94,
      "texto": "... ...",
      "confianza": 0.665
    },
    {
      "hablante": "Hablante B",
      "inicio": 412.2,
      "fin": 437.89,
      "duracion": 25.69,
      "texto": "No, la verdad que no sé cómo es.",
      "confianza": 0.421
    }
  ],
  "transcripcion_completa": "Hola. Hola, sí, Joel. Sí, sí. Ahora sí, ¿cómo le van? Bien, Lourdes debería notizar. Sí, dígame. Bien, Joel. Bueno, como habíamos quedado, sí, básicamente, bueno, le voy a comentar nuevamente el plan que le vendía ahí a su esposa. Sí. Te comento nuevamente, así que da toda la onda más. Bien, el plan sería entonces 8 gigas de base con 10 gigas a partir de regalos por 6 meses. En total, vamos a contar con 18 gigas mensual. ¿Qué te cuesta este plan? Lo que es WhatsApp gratis, Rumin en América, si ya te lo he inscrito, y lo que es todo limitado, que tiene las llamadas y los mensajes. Esto recordá que es un descuento por 6 meses y con el 80%, o sea que te estaría quedando el plan en 10,730 pesos. ¿Qué es el plan? Bueno. Bien. ¿Sabéis el número que me digas para buscarlo en el sistema? Porque no lo tengo. Bueno, es 92. 92. 88. 88. 79. 79. 88. Bien. A esto te voy a buscar el sistema. Básicamente no sé si escuchaste cuando hablé ahí con tu mujer, pero bueno, es lo mismo en realidad, es chequeo de datos y después pedirte DNI, foto DNI para validar. Después te hago lo que es el cierre comercial y después te envío el código de portabilidad. Mientras tanto, no sé si me querés consultar algo respecto al plan, algo. No, no sé, ya escuché algo de la conversa que hice con ella. Sí, sí, escuché, escuché algo. Algo escuché, no todo, pero vale la parte. Sí, igual ya te tranquilo que te voy a comentar, y bueno, yo de cero, sí, porque así queda todo grabado en llamada también. Mientras tanto ahí te voy buscando, sí. Yo no te conozco. ¿Colocamos la misma sucursal que colocamos que nos buscamos? Sí, sí, sí, sí, sí, sí, sí, sí, sí, sí, sí, sí, sí, sí, sí, sí, sí, sí, sí, sí, sí, sí, sí, sí, sí, sí, sí, sí, sí, sí, sí, sí, sí, sí, sí, sí, sí, sí, sí, sí, sí, sí, sí, sí, sí, sí, sí, sí, sí, sí, sí, sí, sí, sí, sí, sí Claro, por eso, por eso, por eso. De todas formas, cuando retiren, vayan los dos, cada uno con su VNI recordado, porque son diferentes titulares. Vos sos titulado de tu línea, ¿no? ¿Cómo? Vos sos titulado de tu línea. Sí, sí, sí. O sea, la factura llega a nombre tuyo, no de tu mujer. A nombre mío, llegaba el titulo como treinta, tuve como treinta años movistar y por unas cosas de esto que el otro y, y, y bueno, esto ya se está yendo muy, muy de las manos, se me está yendo Como le dijera yo, lo interesa de movilizar y todo eso. Bueno, tenemos algunos inconvenientes y por eso, por eso, por ese motivo me cambié, claro. Claro. Ay, perdón. Bueno, tente tranquilo que eso no vas a tener ningún tipo de problema. Cualquier cosa, vos ya tenés mi contacto, sí, lo que sea. Y bueno, entre todo, como te digo, beneficios por esta mesa, así que se te va a estar respetando ese descuento, sí. Sí. Bien, Joel. A ver, aguardame. Quiero ver si hay tabu. Bien, acá me figura el sistema. Bien, me figura entonces. Vamos a pasar a validar, ¿sí? ¿Dónde cumplido sería Joel Fernando Rivas Vásquez? Sí, doña. Bien. ¿Tu fecha de nacimiento de figura que es el 30 de 5 de 1963? Sí, señor. Bien, y acá hay un correo que es danielabelendribach4.gmail.com. ¿Es el mismo correo que buscamos anteriormente? Sí, sí, es el mismo de la piba, sí. Bien, perfecto. Entonces, seguimos con los mismos datos. Bien, ahora te comento. La línea que vamos a aportar sería 2995-493480. ¿Sí? Recuerda que estáis manteniendo la línea. Sí, sí, sí. Sí, se corre, se corre. Entonces, eso es para quien quiera, ¿verdad? o en los contactos y todo eso. Claro, sí, sí, sí, no perdés nada igual. Bien, tendremos a estar enviando el chip a la sucursal de Movistar que sería en calle Almirante Brown al 102 DN Uqueno. Sí. Bien, yo te voy a dejar lo que es el link por WhatsApp de todas formas para que a vos te quede igualmente aceptado, pero bueno, con la que es la misma sucursal sí o no. Bien, ahí te lo estoy enviando por WhatsApp. Bien, ¿qué te voy a pedir mientras tanto que me puedas enviar lo que es una foto tuenei? Exacto, una foto tuenei-24 para validar identidad. ¿Quieres que te envíe una foto? Ajá, una foto tuenei-24 para validar identidad. Si lo puedes enviar ahora en línea, eso es por WhatsApp donde estás hablando conmigo y lo eliminas en el caso de que te des confianza, no hay problema. Sí, lo tengo que eliminar porque yo no tengo su teléfono para llamar. No, no, no, te espero en línea porque lo valido yo y lo eliminas, ahí es automático. Te espero en línea. Ya ni cómo puedo ver la foto. No, pero. Tengo el documento que hacer la camioneta. ... ... No, la verdad que no sé cómo es.",
  "calidad": {
    "confianza_promedio": 0.48,
    "metodo_diarizacion": "pausas_fallback",
    "tiempo_procesamiento": 19.3
  },
  "metadata": {
    "modelo": "whisperx_medium",
    "diarizacion": "pausas",
    "dispositivo": "cuda",
    "fecha": "2026-02-21T13:34:01.658693",
    "version": "5.0_ecapa"
  }
}