{
  "archivo": "amza14_1_260211120157336_ACD_24871.wav",
  "duracion_segundos": 134.61,
  "num_segmentos": 37,
  "num_hablantes": 2,
  "hablantes": [
    "Hablante A",
    "Hablante B"
  ],
  "tiempo_por_hablante": {
    "Hablante A": 92.01,
    "Hablante B": 27.51
  },
  "idioma": "es",
  "conversacion": [
    {
      "hablante": "Hablante A",
      "inicio": 0.03,
      "fin": 5.16,
      "duracion": 5.13,
      "texto": "Hola, buen día, hablo con Leonardo.",
      "confianza": 0.072
    },
    {
      "hablante": "Hablante A",
      "inicio": 5.18,
      "fin": 5.52,
      "duracion": 0.34,
      "texto": "Sí, ¿quién habla?",
      "confianza": 0.033
    },
    {
      "hablante": "Hablante A",
      "inicio": 5.54,
      "fin": 10.37,
      "duracion": 4.83,
      "texto": "Como le va a un gusto, mi nombre es Bruno, me estaba comunicando desde el área de recuperación del cliente de Movistar.",
      "confianza": 0.652
    },
    {
      "hablante": "Hablante A",
      "inicio": 11.45,
      "fin": 13.63,
      "duracion": 2.18,
      "texto": "Tenemos una promoción disponible para Cilínea.",
      "confianza": 0.736
    },
    {
      "hablante": "Hablante A",
      "inicio": 14.57,
      "fin": 16.67,
      "duracion": 2.1,
      "texto": "Actualmente tiene claro.",
      "confianza": 0.503
    },
    {
      "hablante": "Hablante A",
      "inicio": 16.69,
      "fin": 17.11,
      "duracion": 0.42,
      "texto": "A ver, contame.",
      "confianza": 0.191
    },
    {
      "hablante": "Hablante A",
      "inicio": 17.14,
      "fin": 28.03,
      "duracion": 10.89,
      "texto": "Bien, ya comentó, nosotros en principio tenemos una promoción con 8 gigas de base más 10 gigas de regalo, WhatsApp gratis a la línea de cualquier compañía, también Rumina en América en el caso de que viajen,",
      "confianza": 0.713
    },
    {
      "hablante": "Hablante A",
      "inicio": 28.2,
      "fin": 33.22,
      "duracion": 5.03,
      "texto": "Este tiene un descuento del 85% con precio final de 8.047 pesos.",
      "confianza": 0.826
    },
    {
      "hablante": "Hablante A",
      "inicio": 34.24,
      "fin": 37.09,
      "duracion": 2.84,
      "texto": "Este es un plan básico que tenemos.",
      "confianza": 0.84
    },
    {
      "hablante": "Hablante A",
      "inicio": 37.51,
      "fin": 42.59,
      "duracion": 5.09,
      "texto": "No sé la cantidad de gigas que tienen actualmente.",
      "confianza": 0.659
    },
    {
      "hablante": "Hablante A",
      "inicio": 42.61,
      "fin": 44.29,
      "duracion": 1.68,
      "texto": "Yo tampoco me acuerdo, creo que son ocho.",
      "confianza": 0.742
    },
    {
      "hablante": "Hablante A",
      "inicio": 45.17,
      "fin": 46.16,
      "duracion": 0.98,
      "texto": "Pero no me acuerdo.",
      "confianza": 0.602
    },
    {
      "hablante": "Hablante A",
      "inicio": 46.38,
      "fin": 47.48,
      "duracion": 1.1,
      "texto": "Seis, ocho.",
      "confianza": 0.537
    },
    {
      "hablante": "Hablante A",
      "inicio": 47.5,
      "fin": 51.02,
      "duracion": 3.52,
      "texto": "El tema es, tengo cuatro líneas.",
      "confianza": 0.615
    },
    {
      "hablante": "Hablante A",
      "inicio": 51.74,
      "fin": 53.4,
      "duracion": 1.66,
      "texto": "Como está diciendo, 8.000 por línea.",
      "confianza": 0.688
    },
    {
      "hablante": "Hablante A",
      "inicio": 53.98,
      "fin": 56.45,
      "duracion": 2.46,
      "texto": "Exactamente, 8.047 por línea.",
      "confianza": 0.9
    },
    {
      "hablante": "Hablante A",
      "inicio": 56.73,
      "fin": 61.72,
      "duracion": 4.99,
      "texto": "Si no ocupan muchos gigas, tenemos otro plan un poco más básico.",
      "confianza": 0.848
    },
    {
      "hablante": "Hablante A",
      "inicio": 61.76,
      "fin": 67.24,
      "duracion": 5.49,
      "texto": "Son 4 gigas de base más 10 gigas de regalo con WhatsApp gratis, hable el ir a cualquier compañía.",
      "confianza": 0.708
    },
    {
      "hablante": "Hablante A",
      "inicio": 67.28,
      "fin": 71.65,
      "duracion": 4.36,
      "texto": "Mientras 10 gigas, ¿por cuánto tiempo es el regalo?",
      "confianza": 0.393
    },
    {
      "hablante": "Hablante A",
      "inicio": 71.67,
      "fin": 76.06,
      "duracion": 4.39,
      "texto": "La duración del plan es por 6 meses, vos los vas a tener los gigas por los 6 meses.",
      "confianza": 0.701
    },
    {
      "hablante": "Hablante A",
      "inicio": 76.47,
      "fin": 81.32,
      "duracion": 4.85,
      "texto": "Luego de esos 6 meses, yo te brindo un chat en donde te brinda las nuevas promociones para el siguiente periodo.",
      "confianza": 0.687
    },
    {
      "hablante": "Hablante A",
      "inicio": 82.57,
      "fin": 84.53,
      "duracion": 1.96,
      "texto": "pero durante la promoción los vas a tener.",
      "confianza": 0.678
    },
    {
      "hablante": "Hablante A",
      "inicio": 84.81,
      "fin": 90.96,
      "duracion": 6.15,
      "texto": "Y en el caso de hacer la portailía además de una línea bajo el mismo titular, tenés cuatro yegas más de regalo en cada una.",
      "confianza": 0.822
    },
    {
      "hablante": "Hablante A",
      "inicio": 91.48,
      "fin": 96.91,
      "duracion": 5.43,
      "texto": "Bueno, ese último plan que te estaba comentando, el de cuatro de base más diez de regalo, está en $5,835.",
      "confianza": 0.686
    },
    {
      "hablante": "Hablante A",
      "inicio": 97.15,
      "fin": 101.29,
      "duracion": 4.14,
      "texto": "Bueno, está mi familia.",
      "confianza": 0.431
    },
    {
      "hablante": "Hablante B",
      "inicio": 103.19,
      "fin": 110.94,
      "duracion": 7.75,
      "texto": "Me fijo bien cuánto estamos pagando porque creo que lo estamos pagando 11, 12 o 15 pesos por línea.",
      "confianza": 0.62
    },
    {
      "hablante": "Hablante B",
      "inicio": 111.02,
      "fin": 112.51,
      "duracion": 1.48,
      "texto": "Estábamos pagando bastante.",
      "confianza": 0.591
    },
    {
      "hablante": "Hablante B",
      "inicio": 113.72,
      "fin": 115.34,
      "duracion": 1.62,
      "texto": "Vale.",
      "confianza": 0.53
    },
    {
      "hablante": "Hablante B",
      "inicio": 115.36,
      "fin": 119.19,
      "duracion": 3.83,
      "texto": "Mira, te voy a mandar un mensaje por WhatsApp o te voy a poner el lateral a Bruno de Movistar.",
      "confianza": 0.453
    },
    {
      "hablante": "Hablante B",
      "inicio": 119.65,
      "fin": 121.27,
      "duracion": 1.62,
      "texto": "Así ya te queda mi número.",
      "confianza": 0.526
    },
    {
      "hablante": "Hablante B",
      "inicio": 121.29,
      "fin": 121.39,
      "duracion": 0.1,
      "texto": "Vale.",
      "confianza": 0.015
    },
    {
      "hablante": "Hablante B",
      "inicio": 121.41,
      "fin": 124.03,
      "duracion": 2.62,
      "texto": "Y vos me mandás un mensajito o cualquier cosa por ahí, ¿te parece?",
      "confianza": 0.595
    },
    {
      "hablante": "Hablante B",
      "inicio": 124.98,
      "fin": 125.82,
      "duracion": 0.84,
      "texto": "Dale Bruno, gracias.",
      "confianza": 0.476
    },
    {
      "hablante": "Hablante B",
      "inicio": 126.24,
      "fin": 130.81,
      "duracion": 4.57,
      "texto": "Dale, genial Leonardo, que tengas buen día y bueno, cualquier cosa me mandás un mensajito, no hay problema.",
      "confianza": 0.743
    },
    {
      "hablante": "Hablante B",
      "inicio": 131.35,
      "fin": 132.75,
      "duracion": 1.4,
      "texto": "Fenómeno.",
      "confianza": 0.367
    },
    {
      "hablante": "Hablante B",
      "inicio": 132.77,
      "fin": 133.37,
      "duracion": 0.6,
      "texto": "Hasta luego, suerte.",
      "confianza": 0.285
    },
    {
      "hablante": "Hablante B",
      "inicio": 133.53,
      "fin": 134.61,
      "duracion": 1.08,
      "texto": "Hasta luego, buen día.",
      "confianza": 0.825
    }
  ],
  "transcripcion_completa": "Hola, buen día, hablo con Leonardo. Sí, ¿quién habla? Como le va a un gusto, mi nombre es Bruno, me estaba comunicando desde el área de recuperación del cliente de Movistar. Tenemos una promoción disponible para Cilínea. Actualmente tiene claro. A ver, contame. Bien, ya comentó, nosotros en principio tenemos una promoción con 8 gigas de base más 10 gigas de regalo, WhatsApp gratis a la línea de cualquier compañía, también Rumina en América en el caso de que viajen, Este tiene un descuento del 85% con precio final de 8.047 pesos. Este es un plan básico que tenemos. No sé la cantidad de gigas que tienen actualmente. Yo tampoco me acuerdo, creo que son ocho. Pero no me acuerdo. Seis, ocho. El tema es, tengo cuatro líneas. Como está diciendo, 8.000 por línea. Exactamente, 8.047 por línea. Si no ocupan muchos gigas, tenemos otro plan un poco más básico. Son 4 gigas de base más 10 gigas de regalo con WhatsApp gratis, hable el ir a cualquier compañía. Mientras 10 gigas, ¿por cuánto tiempo es el regalo? La duración del plan es por 6 meses, vos los vas a tener los gigas por los 6 meses. Luego de esos 6 meses, yo te brindo un chat en donde te brinda las nuevas promociones para el siguiente periodo. pero durante la promoción los vas a tener. Y en el caso de hacer la portailía además de una línea bajo el mismo titular, tenés cuatro yegas más de regalo en cada una. Bueno, ese último plan que te estaba comentando, el de cuatro de base más diez de regalo, está en $5,835. Bueno, está mi familia. Me fijo bien cuánto estamos pagando porque creo que lo estamos pagando 11, 12 o 15 pesos por línea. Estábamos pagando bastante. Vale. Mira, te voy a mandar un mensaje por WhatsApp o te voy a poner el lateral a Bruno de Movistar. Así ya te queda mi número. Vale. Y vos me mandás un mensajito o cualquier cosa por ahí, ¿te parece? Dale Bruno, gracias. Dale, genial Leonardo, que tengas buen día y bueno, cualquier cosa me mandás un mensajito, no hay problema. Fenómeno. Hasta luego, suerte. Hasta luego, buen día.",
  "calidad": {
    "confianza_promedio": 0.575,
    "metodo_diarizacion": "pausas_fallback",
    "tiempo_procesamiento": 9.7
  },
  "metadata": {
    "modelo": "whisperx_medium",
    "diarizacion": "pausas",
    "dispositivo": "cuda",
    "fecha": "2026-02-18T23:28:27.829718",
    "version": "5.0_ecapa"
  }
}