{
  "archivo": "amza12_1_260211163325858_ACD_68327.wav",
  "duracion_segundos": 205.05,
  "num_segmentos": 74,
  "num_hablantes": 2,
  "hablantes": [
    "Hablante A",
    "Hablante B"
  ],
  "tiempo_por_hablante": {
    "Hablante B": 19.4,
    "Hablante A": 158.26
  },
  "idioma": "es",
  "conversacion": [
    {
      "hablante": "Hablante B",
      "inicio": 2.41,
      "fin": 5.69,
      "duracion": 3.28,
      "texto": "Hola, ¿qué tal?",
      "confianza": 0.183
    },
    {
      "hablante": "Hablante B",
      "inicio": 5.71,
      "fin": 5.83,
      "duracion": 0.12,
      "texto": "Dilan.",
      "confianza": 0.001
    },
    {
      "hablante": "Hablante B",
      "inicio": 5.85,
      "fin": 6.33,
      "duracion": 0.48,
      "texto": "Hola, sí, buenas tardes.",
      "confianza": 0.002
    },
    {
      "hablante": "Hablante B",
      "inicio": 6.36,
      "fin": 6.62,
      "duracion": 0.26,
      "texto": "Hola, Dilan.",
      "confianza": 0.108
    },
    {
      "hablante": "Hablante B",
      "inicio": 6.63,
      "fin": 10.66,
      "duracion": 4.03,
      "texto": "Mi nombre es Luciana, me comunico para un beneficio del 85% en su línea.",
      "confianza": 0.748
    },
    {
      "hablante": "Hablante B",
      "inicio": 10.92,
      "fin": 14.43,
      "duracion": 3.51,
      "texto": "Actualmente, ¿usted es claro?",
      "confianza": 0.771
    },
    {
      "hablante": "Hablante B",
      "inicio": 14.45,
      "fin": 14.51,
      "duracion": 0.06,
      "texto": "Sí.",
      "confianza": 0.006
    },
    {
      "hablante": "Hablante B",
      "inicio": 14.53,
      "fin": 15.21,
      "duracion": 0.68,
      "texto": "Buenísimo.",
      "confianza": 0.868
    },
    {
      "hablante": "Hablante B",
      "inicio": 15.39,
      "fin": 18.53,
      "duracion": 3.14,
      "texto": "¿Y presenta lo que son recargas o usted tiene abono?",
      "confianza": 0.828
    },
    {
      "hablante": "Hablante B",
      "inicio": 19.77,
      "fin": 21.19,
      "duracion": 1.42,
      "texto": "No, no abono.",
      "confianza": 0.451
    },
    {
      "hablante": "Hablante B",
      "inicio": 21.21,
      "fin": 21.59,
      "duracion": 0.38,
      "texto": "Abono, bien.",
      "confianza": 0.428
    },
    {
      "hablante": "Hablante B",
      "inicio": 21.61,
      "fin": 23.66,
      "duracion": 2.04,
      "texto": "¿Y aproximadamente cuántas llegas se le está recargando?",
      "confianza": 0.648
    },
    {
      "hablante": "Hablante A",
      "inicio": 28.44,
      "fin": 29.05,
      "duracion": 0.6,
      "texto": "Yo de recarga no recargo nada.",
      "confianza": 0.039
    },
    {
      "hablante": "Hablante A",
      "inicio": 29.07,
      "fin": 31.71,
      "duracion": 2.64,
      "texto": "Claro, pero por ejemplo, lo que es el abono, ¿de cuántas llegas es?",
      "confianza": 0.657
    },
    {
      "hablante": "Hablante A",
      "inicio": 33.04,
      "fin": 33.18,
      "duracion": 0.14,
      "texto": "20.",
      "confianza": 0.688
    },
    {
      "hablante": "Hablante A",
      "inicio": 33.2,
      "fin": 35.94,
      "duracion": 2.74,
      "texto": "20 gigas, perfecto.",
      "confianza": 0.54
    },
    {
      "hablante": "Hablante A",
      "inicio": 35.96,
      "fin": 41.67,
      "duracion": 5.71,
      "texto": "Bueno, justamente lo estoy llamando lo que es Movistar, porque estamos, como le había comentado, con el 85% de descuento, ¿sí?",
      "confianza": 0.626
    },
    {
      "hablante": "Hablante A",
      "inicio": 42.51,
      "fin": 46.7,
      "duracion": 4.19,
      "texto": "La realidad es que, bueno, mucha gente, claro, se está pasando a Movistar justamente por ese beneficio.",
      "confianza": 0.707
    },
    {
      "hablante": "Hablante A",
      "inicio": 47.22,
      "fin": 48.46,
      "duracion": 1.24,
      "texto": "¿Bien?",
      "confianza": 0.587
    },
    {
      "hablante": "Hablante A",
      "inicio": 48.48,
      "fin": 51.97,
      "duracion": 3.49,
      "texto": "¿Usted actualmente, a ver, a ver, para qué utiliza lo que es un línea?",
      "confianza": 0.656
    },
    {
      "hablante": "Hablante A",
      "inicio": 52.17,
      "fin": 52.77,
      "duracion": 0.6,
      "texto": "¿Para trabajar?",
      "confianza": 0.768
    },
    {
      "hablante": "Hablante A",
      "inicio": 52.93,
      "fin": 55.85,
      "duracion": 2.92,
      "texto": "Sí, para trabajar.",
      "confianza": 0.238
    },
    {
      "hablante": "Hablante A",
      "inicio": 55.87,
      "fin": 56.41,
      "duracion": 0.54,
      "texto": "¿Para trabajar?",
      "confianza": 0.822
    },
    {
      "hablante": "Hablante A",
      "inicio": 56.44,
      "fin": 58.02,
      "duracion": 1.58,
      "texto": "O sea, lo utiliza bastante.",
      "confianza": 0.551
    },
    {
      "hablante": "Hablante A",
      "inicio": 58.82,
      "fin": 59.64,
      "duracion": 0.82,
      "texto": "Sí.",
      "confianza": 0.315
    },
    {
      "hablante": "Hablante A",
      "inicio": 59.66,
      "fin": 60.59,
      "duracion": 0.92,
      "texto": "Bien, perfecto.",
      "confianza": 0.593
    },
    {
      "hablante": "Hablante A",
      "inicio": 60.61,
      "fin": 73.54,
      "duracion": 12.94,
      "texto": "Bueno, mire, Dilan, justamente acá sí me estoy confirmando lo que es el beneficio que tiene, por ejemplo, una promoción que es de 15 degas de base más 10 de regalo, o sea, 25 en total, ¿sí?",
      "confianza": 0.545
    },
    {
      "hablante": "Hablante A",
      "inicio": 73.56,
      "fin": 77.61,
      "duracion": 4.05,
      "texto": "Él estaría quedando en unos 1.932 pesos, ¿bien?",
      "confianza": 0.593
    },
    {
      "hablante": "Hablante A",
      "inicio": 77.63,
      "fin": 80.81,
      "duracion": 3.19,
      "texto": "Cuenta con lo que es WhatsApp Gratis, llamadas libres a cualquier compañía.",
      "confianza": 0.662
    },
    {
      "hablante": "Hablante A",
      "inicio": 80.83,
      "fin": 82.76,
      "duracion": 1.92,
      "texto": "¿Usted actualmente cuánto está pagando?",
      "confianza": 0.664
    },
    {
      "hablante": "Hablante A",
      "inicio": 82.8,
      "fin": 87.86,
      "duracion": 5.07,
      "texto": "Lo que es claro.",
      "confianza": 0.689
    },
    {
      "hablante": "Hablante A",
      "inicio": 87.89,
      "fin": 88.75,
      "duracion": 0.86,
      "texto": "Por mí se está pagando alrededor de 10.000.",
      "confianza": 0.028
    },
    {
      "hablante": "Hablante A",
      "inicio": 89.4,
      "fin": 92.04,
      "duracion": 2.64,
      "texto": "Claro, es un precio bastante elevado, ¿sí?",
      "confianza": 0.578
    },
    {
      "hablante": "Hablante A",
      "inicio": 92.06,
      "fin": 95.01,
      "duracion": 2.94,
      "texto": "Entonces nada, la realidad es que bueno, mucha gente está aprovechando esta promoción.",
      "confianza": 0.633
    },
    {
      "hablante": "Hablante A",
      "inicio": 95.03,
      "fin": 98.51,
      "duracion": 3.48,
      "texto": "¿Usted de qué localidad es, Dylan?",
      "confianza": 0.668
    },
    {
      "hablante": "Hablante A",
      "inicio": 98.53,
      "fin": 99.77,
      "duracion": 1.24,
      "texto": "A ver, así puedo verificar.",
      "confianza": 0.452
    },
    {
      "hablante": "Hablante A",
      "inicio": 100.79,
      "fin": 107.02,
      "duracion": 6.23,
      "texto": "Yo de San Miguel, pero el tema es que como yo ando en la calle todo el día, no tengo señal como movistar.",
      "confianza": 0.609
    },
    {
      "hablante": "Hablante A",
      "inicio": 108.02,
      "fin": 109.24,
      "duracion": 1.22,
      "texto": "Claro.",
      "confianza": 0.572
    },
    {
      "hablante": "Hablante A",
      "inicio": 109.26,
      "fin": 112.95,
      "duracion": 3.68,
      "texto": "De hecho, el sector de la empresa es movistar y no tenemos señal.",
      "confianza": 0.44
    },
    {
      "hablante": "Hablante A",
      "inicio": 112.97,
      "fin": 114.89,
      "duracion": 1.92,
      "texto": "Por eso termino usando el mío.",
      "confianza": 0.533
    },
    {
      "hablante": "Hablante A",
      "inicio": 114.91,
      "fin": 116.25,
      "duracion": 1.34,
      "texto": "Claro, totalmente.",
      "confianza": 0.874
    },
    {
      "hablante": "Hablante A",
      "inicio": 116.69,
      "fin": 118.94,
      "duracion": 2.24,
      "texto": "A ver, ¿quiere que verifique lo que es la...",
      "confianza": 0.709
    },
    {
      "hablante": "Hablante A",
      "inicio": 119.22,
      "fin": 120.6,
      "duracion": 1.38,
      "texto": "lo que es la señal en la zona.",
      "confianza": 0.662
    },
    {
      "hablante": "Hablante A",
      "inicio": 121.88,
      "fin": 122.88,
      "duracion": 1.0,
      "texto": "No, no está acá en la zona.",
      "confianza": 0.466
    },
    {
      "hablante": "Hablante A",
      "inicio": 123.98,
      "fin": 125.43,
      "duracion": 1.44,
      "texto": "Yo ando por la Nub por todos lados.",
      "confianza": 0.589
    },
    {
      "hablante": "Hablante A",
      "inicio": 126.31,
      "fin": 129.63,
      "duracion": 3.32,
      "texto": "Claro, en cualquier... Bueno, raro que no funcione lo que es Movistar.",
      "confianza": 0.62
    },
    {
      "hablante": "Hablante A",
      "inicio": 130.57,
      "fin": 132.81,
      "duracion": 2.24,
      "texto": "La verdad es que entro en lo que es unos hiders.",
      "confianza": 0.404
    },
    {
      "hablante": "Hablante A",
      "inicio": 132.9,
      "fin": 134.82,
      "duracion": 1.92,
      "texto": "Yo vivía cerca ahí, con su cercuazo y vivía.",
      "confianza": 0.563
    },
    {
      "hablante": "Hablante A",
      "inicio": 135.42,
      "fin": 138.46,
      "duracion": 3.04,
      "texto": "Y nada, la realidad es que me funciona muy bien lo que es Movistar.",
      "confianza": 0.52
    },
    {
      "hablante": "Hablante A",
      "inicio": 139.24,
      "fin": 141.65,
      "duracion": 2.4,
      "texto": "Acá sí, en el trabajo.",
      "confianza": 0.465
    },
    {
      "hablante": "Hablante A",
      "inicio": 143.07,
      "fin": 143.91,
      "duracion": 0.84,
      "texto": "Bien, correcto.",
      "confianza": 0.486
    },
    {
      "hablante": "Hablante A",
      "inicio": 144.71,
      "fin": 148.11,
      "duracion": 3.4,
      "texto": "La mayoría no tengo señal y termino usando mi celular.",
      "confianza": 0.542
    },
    {
      "hablante": "Hablante A",
      "inicio": 148.99,
      "fin": 150.21,
      "duracion": 1.22,
      "texto": "Claro, claro, totalmente.",
      "confianza": 0.652
    },
    {
      "hablante": "Hablante A",
      "inicio": 150.61,
      "fin": 153.49,
      "duracion": 2.88,
      "texto": "Bueno, también lo que pueden ser es la configuración del celular, ¿sí?",
      "confianza": 0.696
    },
    {
      "hablante": "Hablante A",
      "inicio": 153.59,
      "fin": 157.94,
      "duracion": 4.34,
      "texto": "O que tal vez el chivo es muy viejo, ¿sí?",
      "confianza": 0.624
    },
    {
      "hablante": "Hablante A",
      "inicio": 157.96,
      "fin": 162.38,
      "duracion": 4.42,
      "texto": "No, mi compañero también tiene el monitor y les pasa lo mismo.",
      "confianza": 0.051
    },
    {
      "hablante": "Hablante A",
      "inicio": 162.4,
      "fin": 164.38,
      "duracion": 1.98,
      "texto": "Mire, qué raro, qué raro.",
      "confianza": 0.39
    },
    {
      "hablante": "Hablante A",
      "inicio": 164.4,
      "fin": 169.77,
      "duracion": 5.36,
      "texto": "Bueno, justamente sí, yo ahora le voy a estar recibiendo por lo que es WhatsApp para que tenga mi número por cualquier cosa.",
      "confianza": 0.723
    },
    {
      "hablante": "Hablante A",
      "inicio": 169.79,
      "fin": 175.25,
      "duracion": 5.47,
      "texto": "Pero nada, la realidad es que estaría increíble también que puedas aprovechar lo que es el beneficio, ¿sí?",
      "confianza": 0.639
    },
    {
      "hablante": "Hablante A",
      "inicio": 175.33,
      "fin": 178.88,
      "duracion": 3.54,
      "texto": "Por más que, por ejemplo, si vos me decís, Luciana, mira, no me funciona,",
      "confianza": 0.599
    },
    {
      "hablante": "Hablante A",
      "inicio": 179.09,
      "fin": 181.46,
      "duracion": 2.36,
      "texto": "En eso no hay ningún problema porque poder volver a lo que es claro.",
      "confianza": 0.601
    },
    {
      "hablante": "Hablante A",
      "inicio": 181.9,
      "fin": 185.2,
      "duracion": 3.3,
      "texto": "Bien, pero bueno, como te digo, estás pagando un precio bastante elevado.",
      "confianza": 0.595
    },
    {
      "hablante": "Hablante A",
      "inicio": 185.22,
      "fin": 189.59,
      "duracion": 4.37,
      "texto": "Yo te voy a escribir por WhatsApp, ¿te parece?",
      "confianza": 0.356
    },
    {
      "hablante": "Hablante A",
      "inicio": 189.61,
      "fin": 189.71,
      "duracion": 0.1,
      "texto": "Dale.",
      "confianza": 0.087
    },
    {
      "hablante": "Hablante A",
      "inicio": 189.73,
      "fin": 191.11,
      "duracion": 1.38,
      "texto": "Dale, perfecto, Dylan.",
      "confianza": 0.342
    },
    {
      "hablante": "Hablante A",
      "inicio": 191.13,
      "fin": 192.57,
      "duracion": 1.44,
      "texto": "Bueno, ahora le voy a estar escribiendo por WhatsApp.",
      "confianza": 0.428
    },
    {
      "hablante": "Hablante A",
      "inicio": 192.79,
      "fin": 198.16,
      "duracion": 5.37,
      "texto": "Cualquier duda, consulta, me dice y bueno, le voy a estar también enviando los planes, ¿sí?",
      "confianza": 0.545
    },
    {
      "hablante": "Hablante A",
      "inicio": 198.18,
      "fin": 199.1,
      "duracion": 0.92,
      "texto": "Dale, muchísimas gracias.",
      "confianza": 0.262
    },
    {
      "hablante": "Hablante A",
      "inicio": 199.12,
      "fin": 199.8,
      "duracion": 0.68,
      "texto": "No, un placer.",
      "confianza": 0.468
    },
    {
      "hablante": "Hablante A",
      "inicio": 199.9,
      "fin": 203.21,
      "duracion": 3.3,
      "texto": "Así que bueno, cualquier tu acita me puede avisar.",
      "confianza": 0.641
    },
    {
      "hablante": "Hablante A",
      "inicio": 203.22,
      "fin": 204.21,
      "duracion": 0.98,
      "texto": "Dale, gracias.",
      "confianza": 0.114
    },
    {
      "hablante": "Hablante A",
      "inicio": 204.23,
      "fin": 204.57,
      "duracion": 0.34,
      "texto": "Un placer, Dylan.",
      "confianza": 0.018
    },
    {
      "hablante": "Hablante A",
      "inicio": 204.59,
      "fin": 204.79,
      "duracion": 0.2,
      "texto": "Un placer.",
      "confianza": 0.004
    },
    {
      "hablante": "Hablante A",
      "inicio": 204.81,
      "fin": 205.05,
      "duracion": 0.24,
      "texto": "Hasta luego.",
      "confianza": 0.087
    }
  ],
  "transcripcion_completa": "Hola, ¿qué tal? Dilan. Hola, sí, buenas tardes. Hola, Dilan. Mi nombre es Luciana, me comunico para un beneficio del 85% en su línea. Actualmente, ¿usted es claro? Sí. Buenísimo. ¿Y presenta lo que son recargas o usted tiene abono? No, no abono. Abono, bien. ¿Y aproximadamente cuántas llegas se le está recargando? Yo de recarga no recargo nada. Claro, pero por ejemplo, lo que es el abono, ¿de cuántas llegas es? 20. 20 gigas, perfecto. Bueno, justamente lo estoy llamando lo que es Movistar, porque estamos, como le había comentado, con el 85% de descuento, ¿sí? La realidad es que, bueno, mucha gente, claro, se está pasando a Movistar justamente por ese beneficio. ¿Bien? ¿Usted actualmente, a ver, a ver, para qué utiliza lo que es un línea? ¿Para trabajar? Sí, para trabajar. ¿Para trabajar? O sea, lo utiliza bastante. Sí. Bien, perfecto. Bueno, mire, Dilan, justamente acá sí me estoy confirmando lo que es el beneficio que tiene, por ejemplo, una promoción que es de 15 degas de base más 10 de regalo, o sea, 25 en total, ¿sí? Él estaría quedando en unos 1.932 pesos, ¿bien? Cuenta con lo que es WhatsApp Gratis, llamadas libres a cualquier compañía. ¿Usted actualmente cuánto está pagando? Lo que es claro. Por mí se está pagando alrededor de 10.000. Claro, es un precio bastante elevado, ¿sí? Entonces nada, la realidad es que bueno, mucha gente está aprovechando esta promoción. ¿Usted de qué localidad es, Dylan? A ver, así puedo verificar. Yo de San Miguel, pero el tema es que como yo ando en la calle todo el día, no tengo señal como movistar. Claro. De hecho, el sector de la empresa es movistar y no tenemos señal. Por eso termino usando el mío. Claro, totalmente. A ver, ¿quiere que verifique lo que es la... lo que es la señal en la zona. No, no está acá en la zona. Yo ando por la Nub por todos lados. Claro, en cualquier... Bueno, raro que no funcione lo que es Movistar. La verdad es que entro en lo que es unos hiders. Yo vivía cerca ahí, con su cercuazo y vivía. Y nada, la realidad es que me funciona muy bien lo que es Movistar. Acá sí, en el trabajo. Bien, correcto. La mayoría no tengo señal y termino usando mi celular. Claro, claro, totalmente. Bueno, también lo que pueden ser es la configuración del celular, ¿sí? O que tal vez el chivo es muy viejo, ¿sí? No, mi compañero también tiene el monitor y les pasa lo mismo. Mire, qué raro, qué raro. Bueno, justamente sí, yo ahora le voy a estar recibiendo por lo que es WhatsApp para que tenga mi número por cualquier cosa. Pero nada, la realidad es que estaría increíble también que puedas aprovechar lo que es el beneficio, ¿sí? Por más que, por ejemplo, si vos me decís, Luciana, mira, no me funciona, En eso no hay ningún problema porque poder volver a lo que es claro. Bien, pero bueno, como te digo, estás pagando un precio bastante elevado. Yo te voy a escribir por WhatsApp, ¿te parece? Dale. Dale, perfecto, Dylan. Bueno, ahora le voy a estar escribiendo por WhatsApp. Cualquier duda, consulta, me dice y bueno, le voy a estar también enviando los planes, ¿sí? Dale, muchísimas gracias. No, un placer. Así que bueno, cualquier tu acita me puede avisar. Dale, gracias. Un placer, Dylan. Un placer. Hasta luego.",
  "calidad": {
    "confianza_promedio": 0.491,
    "metodo_diarizacion": "pausas_fallback",
    "tiempo_procesamiento": 12.1
  },
  "metadata": {
    "modelo": "whisperx_medium",
    "diarizacion": "pausas",
    "dispositivo": "cuda",
    "fecha": "2026-02-18T23:08:10.832335",
    "version": "5.0_ecapa"
  }
}