{
  "archivo": "amza16_1_260218125447166_ACD_51385.wav",
  "duracion_segundos": 232.08,
  "num_segmentos": 63,
  "num_hablantes": 2,
  "hablantes": [
    "Hablante A",
    "Hablante B"
  ],
  "tiempo_por_hablante": {
    "Hablante A": 95.44,
    "Hablante B": 85.68
  },
  "idioma": "es",
  "conversacion": [
    {
      "hablante": "Hablante A",
      "inicio": 0.03,
      "fin": 3.36,
      "duracion": 3.33,
      "texto": "Buenos días.",
      "confianza": 0.32
    },
    {
      "hablante": "Hablante A",
      "inicio": 3.38,
      "fin": 6.92,
      "duracion": 3.55,
      "texto": "Estoy hablando con Marina.",
      "confianza": 0.812
    },
    {
      "hablante": "Hablante A",
      "inicio": 7.54,
      "fin": 8.32,
      "duracion": 0.78,
      "texto": "Mi nombre es Delphina.",
      "confianza": 0.553
    },
    {
      "hablante": "Hablante A",
      "inicio": 8.35,
      "fin": 8.89,
      "duracion": 0.54,
      "texto": "¿Cómo le va?",
      "confianza": 0.691
    },
    {
      "hablante": "Hablante A",
      "inicio": 8.97,
      "fin": 12.17,
      "duracion": 3.21,
      "texto": "Me estoy comunicando desde el área de beneficios y promociones de Movistar.",
      "confianza": 0.59
    },
    {
      "hablante": "Hablante A",
      "inicio": 12.19,
      "fin": 14.88,
      "duracion": 2.68,
      "texto": "¿Ves figura que usted se encuentra en claro actualmente?",
      "confianza": 0.595
    },
    {
      "hablante": "Hablante A",
      "inicio": 14.9,
      "fin": 15.48,
      "duracion": 0.58,
      "texto": "¿Es correcto?",
      "confianza": 0.756
    },
    {
      "hablante": "Hablante A",
      "inicio": 16.64,
      "fin": 18.0,
      "duracion": 1.36,
      "texto": "Es correcto.",
      "confianza": 0.247
    },
    {
      "hablante": "Hablante A",
      "inicio": 18.02,
      "fin": 18.64,
      "duracion": 0.62,
      "texto": "Bien, perfecto.",
      "confianza": 0.704
    },
    {
      "hablante": "Hablante A",
      "inicio": 18.96,
      "fin": 19.61,
      "duracion": 0.64,
      "texto": "Te consulto.",
      "confianza": 0.768
    },
    {
      "hablante": "Hablante A",
      "inicio": 19.62,
      "fin": 25.37,
      "duracion": 5.75,
      "texto": "¿Vos actualmente cuánto estás parando por tus líneas en claro?",
      "confianza": 0.721
    },
    {
      "hablante": "Hablante A",
      "inicio": 25.39,
      "fin": 25.73,
      "duracion": 0.34,
      "texto": "Igual no tengo...",
      "confianza": 0.046
    },
    {
      "hablante": "Hablante A",
      "inicio": 25.88,
      "fin": 39.01,
      "duracion": 13.12,
      "texto": "No puedo usar Movistar o GAR porque no encuentro lugar para la línea.",
      "confianza": 0.237
    },
    {
      "hablante": "Hablante A",
      "inicio": 39.02,
      "fin": 41.47,
      "duracion": 2.44,
      "texto": "O sea, la fibra óptica.",
      "confianza": 0.113
    },
    {
      "hablante": "Hablante A",
      "inicio": 41.49,
      "fin": 46.46,
      "duracion": 4.97,
      "texto": "¿Usted no se pasa a Movistar porque no tiene cobertura de fibra óptica?",
      "confianza": 0.708
    },
    {
      "hablante": "Hablante A",
      "inicio": 46.88,
      "fin": 47.0,
      "duracion": 0.12,
      "texto": "Claro.",
      "confianza": 0.507
    },
    {
      "hablante": "Hablante A",
      "inicio": 47.02,
      "fin": 51.38,
      "duracion": 4.37,
      "texto": "¿Quiere tener todo en la misma compañía?",
      "confianza": 0.753
    },
    {
      "hablante": "Hablante A",
      "inicio": 51.89,
      "fin": 53.29,
      "duracion": 1.4,
      "texto": "Exacto.",
      "confianza": 0.141
    },
    {
      "hablante": "Hablante A",
      "inicio": 53.31,
      "fin": 56.17,
      "duracion": 2.86,
      "texto": "Bien, ¿me quiere brindar lo que es la dirección a ver si lo puedo corroborar?",
      "confianza": 0.532
    },
    {
      "hablante": "Hablante B",
      "inicio": 57.86,
      "fin": 61.82,
      "duracion": 3.96,
      "texto": "Como el verbo de mi madera.",
      "confianza": 0.297
    },
    {
      "hablante": "Hablante B",
      "inicio": 61.84,
      "fin": 63.7,
      "duracion": 1.86,
      "texto": "Sí, dígame la numeración.",
      "confianza": 0.47
    },
    {
      "hablante": "Hablante B",
      "inicio": 63.72,
      "fin": 65.57,
      "duracion": 1.84,
      "texto": "Cuarenta y nueve ochenta y dos.",
      "confianza": 0.312
    },
    {
      "hablante": "Hablante B",
      "inicio": 65.59,
      "fin": 66.53,
      "duracion": 0.94,
      "texto": "Ajá, bien.",
      "confianza": 0.776
    },
    {
      "hablante": "Hablante B",
      "inicio": 66.55,
      "fin": 73.44,
      "duracion": 6.89,
      "texto": "¿Esto es que es provincia y localidad?",
      "confianza": 0.462
    },
    {
      "hablante": "Hablante B",
      "inicio": 73.46,
      "fin": 73.64,
      "duracion": 0.18,
      "texto": "Perfecto.",
      "confianza": 0.017
    },
    {
      "hablante": "Hablante B",
      "inicio": 73.66,
      "fin": 80.23,
      "duracion": 6.57,
      "texto": "Bien, perfecto, dame un segundito, ahora lo corroboro, ¿sí?",
      "confianza": 0.485
    },
    {
      "hablante": "Hablante B",
      "inicio": 80.25,
      "fin": 80.37,
      "duracion": 0.12,
      "texto": "Bueno.",
      "confianza": 0.012
    },
    {
      "hablante": "Hablante B",
      "inicio": 80.39,
      "fin": 80.75,
      "duracion": 0.36,
      "texto": "A ver, ¿está bien?",
      "confianza": 0.081
    },
    {
      "hablante": "Hablante A",
      "inicio": 83.16,
      "fin": 88.66,
      "duracion": 5.51,
      "texto": "Así vemos si puede aprovechar también la promoción de la fibra para ir para las líneas, porque justo hoy tenemos un 85% descuento.",
      "confianza": 0.724
    },
    {
      "hablante": "Hablante A",
      "inicio": 88.84,
      "fin": 90.02,
      "duracion": 1.18,
      "texto": "Un segundo.",
      "confianza": 0.82
    },
    {
      "hablante": "Hablante B",
      "inicio": 102.16,
      "fin": 103.18,
      "duracion": 1.02,
      "texto": "Es una casa, ¿cierto?",
      "confianza": 0.767
    },
    {
      "hablante": "Hablante B",
      "inicio": 104.5,
      "fin": 105.42,
      "duracion": 0.92,
      "texto": "Cierto.",
      "confianza": 0.738
    },
    {
      "hablante": "Hablante B",
      "inicio": 105.44,
      "fin": 106.32,
      "duracion": 0.88,
      "texto": "Perfecto.",
      "confianza": 0.723
    },
    {
      "hablante": "Hablante B",
      "inicio": 106.34,
      "fin": 107.92,
      "duracion": 1.58,
      "texto": "Bien, ahí le corroboró, ¿sí?",
      "confianza": 0.383
    },
    {
      "hablante": "Hablante B",
      "inicio": 107.94,
      "fin": 108.64,
      "duracion": 0.7,
      "texto": "Dame un segundito.",
      "confianza": 0.188
    },
    {
      "hablante": "Hablante A",
      "inicio": 127.84,
      "fin": 138.86,
      "duracion": 11.02,
      "texto": "Ahí me van a confirmar del sistema si tiene o no cobertura.",
      "confianza": 0.63
    },
    {
      "hablante": "Hablante A",
      "inicio": 138.88,
      "fin": 147.39,
      "duracion": 8.51,
      "texto": "¿Hace cuánto que usted corrobó esto, si tenía o no?",
      "confianza": 0.673
    },
    {
      "hablante": "Hablante A",
      "inicio": 147.41,
      "fin": 151.46,
      "duracion": 4.05,
      "texto": "Y ya habrá ganas.",
      "confianza": 0.476
    },
    {
      "hablante": "Hablante A",
      "inicio": 151.48,
      "fin": 151.9,
      "duracion": 0.42,
      "texto": "Puede ser 20 días.",
      "confianza": 0.108
    },
    {
      "hablante": "Hablante A",
      "inicio": 151.92,
      "fin": 153.36,
      "duracion": 1.44,
      "texto": "OK, bien.",
      "confianza": 0.527
    },
    {
      "hablante": "Hablante A",
      "inicio": 153.38,
      "fin": 154.32,
      "duracion": 0.94,
      "texto": "A ver, damos un segundo.",
      "confianza": 0.373
    },
    {
      "hablante": "Hablante B",
      "inicio": 155.91,
      "fin": 177.85,
      "duracion": 21.94,
      "texto": "No, no tiene cobertura actualmente, es verdad.",
      "confianza": 0.756
    },
    {
      "hablante": "Hablante B",
      "inicio": 178.79,
      "fin": 181.79,
      "duracion": 3.0,
      "texto": "Ahí estuvieron chequeando.",
      "confianza": 0.325
    },
    {
      "hablante": "Hablante B",
      "inicio": 181.81,
      "fin": 185.66,
      "duracion": 3.84,
      "texto": "Porque no sé si es que no hay lugar o",
      "confianza": 0.652
    },
    {
      "hablante": "Hablante B",
      "inicio": 186.57,
      "fin": 194.0,
      "duracion": 7.43,
      "texto": "La cobertura está y... Miren, los postes están, ¿sí?",
      "confianza": 0.577
    },
    {
      "hablante": "Hablante B",
      "inicio": 194.02,
      "fin": 194.62,
      "duracion": 0.6,
      "texto": "Yo les explico.",
      "confianza": 0.311
    },
    {
      "hablante": "Hablante B",
      "inicio": 195.34,
      "fin": 199.12,
      "duracion": 3.79,
      "texto": "Los postes están puestos y está hecho al caballero todo, pero están en NN.",
      "confianza": 0.577
    },
    {
      "hablante": "Hablante B",
      "inicio": 199.4,
      "fin": 203.51,
      "duracion": 4.11,
      "texto": "Eso significa que se pueden activar en una semana, en dos semanas, ¿sí?",
      "confianza": 0.771
    },
    {
      "hablante": "Hablante B",
      "inicio": 203.89,
      "fin": 206.73,
      "duracion": 2.84,
      "texto": "Lo que yo puedo hacer es quedarme pendiente, ¿sí?",
      "confianza": 0.792
    },
    {
      "hablante": "Hablante B",
      "inicio": 206.75,
      "fin": 209.07,
      "duracion": 2.32,
      "texto": "A que se activen y yo ahí me comunico con usted.",
      "confianza": 0.759
    },
    {
      "hablante": "Hablante B",
      "inicio": 209.11,
      "fin": 209.87,
      "duracion": 0.76,
      "texto": "No tengo problema.",
      "confianza": 0.874
    },
    {
      "hablante": "Hablante A",
      "inicio": 211.94,
      "fin": 212.46,
      "duracion": 0.52,
      "texto": "Genial, estaría muy bueno.",
      "confianza": 0.048
    },
    {
      "hablante": "Hablante A",
      "inicio": 212.81,
      "fin": 213.99,
      "duracion": 1.18,
      "texto": "¿Qué te parece?",
      "confianza": 0.321
    },
    {
      "hablante": "Hablante A",
      "inicio": 214.01,
      "fin": 216.85,
      "duracion": 2.84,
      "texto": "¿Lo que son las líneas daría cuando tenga la fidelidad óptica correcta?",
      "confianza": 0.646
    },
    {
      "hablante": "Hablante A",
      "inicio": 218.02,
      "fin": 219.1,
      "duracion": 1.08,
      "texto": "Correcto, sí.",
      "confianza": 0.384
    },
    {
      "hablante": "Hablante A",
      "inicio": 219.12,
      "fin": 220.0,
      "duracion": 0.88,
      "texto": "Ah, bien, perfecto.",
      "confianza": 0.489
    },
    {
      "hablante": "Hablante A",
      "inicio": 220.02,
      "fin": 223.23,
      "duracion": 3.21,
      "texto": "Bueno, entonces igual le voy a dejar un mensajito por WhatsApp, así ya tiene mi número.",
      "confianza": 0.512
    },
    {
      "hablante": "Hablante B",
      "inicio": 224.75,
      "fin": 228.84,
      "duracion": 4.09,
      "texto": "Y apenas tenga fidelidad óptica, yo me comunico con usted, ¿sí?",
      "confianza": 0.471
    },
    {
      "hablante": "Hablante B",
      "inicio": 228.86,
      "fin": 229.38,
      "duracion": 0.52,
      "texto": "Bueno, diré amor, gracias.",
      "confianza": 0.03
    },
    {
      "hablante": "Hablante B",
      "inicio": 229.4,
      "fin": 229.58,
      "duracion": 0.18,
      "texto": "Perfecto.",
      "confianza": 0.044
    },
    {
      "hablante": "Hablante B",
      "inicio": 229.6,
      "fin": 230.34,
      "duracion": 0.74,
      "texto": "Que tenga lindo día.",
      "confianza": 0.489
    },
    {
      "hablante": "Hablante B",
      "inicio": 230.36,
      "fin": 231.32,
      "duracion": 0.96,
      "texto": "Hasta luego.",
      "confianza": 0.481
    },
    {
      "hablante": "Hablante B",
      "inicio": 231.34,
      "fin": 232.08,
      "duracion": 0.74,
      "texto": "Igualmente.",
      "confianza": 0.944
    }
  ],
  "transcripcion_completa": "Buenos días. Estoy hablando con Marina. Mi nombre es Delphina. ¿Cómo le va? Me estoy comunicando desde el área de beneficios y promociones de Movistar. ¿Ves figura que usted se encuentra en claro actualmente? ¿Es correcto? Es correcto. Bien, perfecto. Te consulto. ¿Vos actualmente cuánto estás parando por tus líneas en claro? Igual no tengo... No puedo usar Movistar o GAR porque no encuentro lugar para la línea. O sea, la fibra óptica. ¿Usted no se pasa a Movistar porque no tiene cobertura de fibra óptica? Claro. ¿Quiere tener todo en la misma compañía? Exacto. Bien, ¿me quiere brindar lo que es la dirección a ver si lo puedo corroborar? Como el verbo de mi madera. Sí, dígame la numeración. Cuarenta y nueve ochenta y dos. Ajá, bien. ¿Esto es que es provincia y localidad? Perfecto. Bien, perfecto, dame un segundito, ahora lo corroboro, ¿sí? Bueno. A ver, ¿está bien? Así vemos si puede aprovechar también la promoción de la fibra para ir para las líneas, porque justo hoy tenemos un 85% descuento. Un segundo. Es una casa, ¿cierto? Cierto. Perfecto. Bien, ahí le corroboró, ¿sí? Dame un segundito. Ahí me van a confirmar del sistema si tiene o no cobertura. ¿Hace cuánto que usted corrobó esto, si tenía o no? Y ya habrá ganas. Puede ser 20 días. OK, bien. A ver, damos un segundo. No, no tiene cobertura actualmente, es verdad. Ahí estuvieron chequeando. Porque no sé si es que no hay lugar o La cobertura está y... Miren, los postes están, ¿sí? Yo les explico. Los postes están puestos y está hecho al caballero todo, pero están en NN. Eso significa que se pueden activar en una semana, en dos semanas, ¿sí? Lo que yo puedo hacer es quedarme pendiente, ¿sí? A que se activen y yo ahí me comunico con usted. No tengo problema. Genial, estaría muy bueno. ¿Qué te parece? ¿Lo que son las líneas daría cuando tenga la fidelidad óptica correcta? Correcto, sí. Ah, bien, perfecto. Bueno, entonces igual le voy a dejar un mensajito por WhatsApp, así ya tiene mi número. Y apenas tenga fidelidad óptica, yo me comunico con usted, ¿sí? Bueno, diré amor, gracias. Perfecto. Que tenga lindo día. Hasta luego. Igualmente.",
  "calidad": {
    "confianza_promedio": 0.493,
    "metodo_diarizacion": "pausas_fallback",
    "tiempo_procesamiento": 11.6
  },
  "metadata": {
    "modelo": "whisperx_medium",
    "diarizacion": "pausas",
    "dispositivo": "cuda",
    "fecha": "2026-02-18T23:59:33.379695",
    "version": "5.0_ecapa"
  }
}