{
  "archivo": "amza12_1_260213130713482_MIT_01978.wav",
  "duracion_segundos": 631.24,
  "num_segmentos": 170,
  "num_hablantes": 2,
  "hablantes": [
    "Hablante A",
    "Hablante B"
  ],
  "tiempo_por_hablante": {
    "Hablante B": 189.47,
    "Hablante A": 350.86
  },
  "idioma": "es",
  "conversacion": [
    {
      "hablante": "Hablante B",
      "inicio": 19.17,
      "fin": 19.61,
      "duracion": 0.44,
      "texto": "Hola.",
      "confianza": 0.197
    },
    {
      "hablante": "Hablante B",
      "inicio": 20.27,
      "fin": 21.81,
      "duracion": 1.54,
      "texto": "Hola, ¿cómo estás?",
      "confianza": 0.475
    },
    {
      "hablante": "Hablante B",
      "inicio": 21.83,
      "fin": 23.65,
      "duracion": 1.82,
      "texto": "Lo había tirado dentro de Marte de una menos veinte.",
      "confianza": 0.449
    },
    {
      "hablante": "Hablante A",
      "inicio": 27.08,
      "fin": 29.64,
      "duracion": 2.56,
      "texto": "Ah, ¿cómo estás?",
      "confianza": 0.242
    },
    {
      "hablante": "Hablante A",
      "inicio": 29.66,
      "fin": 29.88,
      "duracion": 0.22,
      "texto": "¿Todo bien?",
      "confianza": 0.008
    },
    {
      "hablante": "Hablante A",
      "inicio": 29.9,
      "fin": 30.2,
      "duracion": 0.3,
      "texto": "Todo bien, bro.",
      "confianza": 0.01
    },
    {
      "hablante": "Hablante A",
      "inicio": 30.23,
      "fin": 33.09,
      "duracion": 2.86,
      "texto": "Bueno, contame un poco.",
      "confianza": 0.204
    },
    {
      "hablante": "Hablante A",
      "inicio": 33.11,
      "fin": 33.31,
      "duracion": 0.2,
      "texto": "De cuánto.",
      "confianza": 0.047
    },
    {
      "hablante": "Hablante A",
      "inicio": 33.33,
      "fin": 35.75,
      "duracion": 2.42,
      "texto": "Me vas a dar un plan de cuánto gigas.",
      "confianza": 0.391
    },
    {
      "hablante": "Hablante A",
      "inicio": 35.77,
      "fin": 37.78,
      "duracion": 2.0,
      "texto": "Tenemos dos planes disponibles en oferta.",
      "confianza": 0.712
    },
    {
      "hablante": "Hablante A",
      "inicio": 37.82,
      "fin": 44.25,
      "duracion": 6.43,
      "texto": "El primero es un plan de 8 gigas de base más 10 de regalo por seis meses en 10.720, ¿sí?",
      "confianza": 0.684
    },
    {
      "hablante": "Hablante A",
      "inicio": 44.56,
      "fin": 45.95,
      "duracion": 1.38,
      "texto": "¿Cuáles son los beneficios de este plan?",
      "confianza": 0.495
    },
    {
      "hablante": "Hablante A",
      "inicio": 46.05,
      "fin": 50.25,
      "duracion": 4.2,
      "texto": "Que vos vas a tener no solamente WhatsApp gratis, también son más ilimitadas.",
      "confianza": 0.477
    },
    {
      "hablante": "Hablante A",
      "inicio": 50.27,
      "fin": 52.11,
      "duracion": 1.84,
      "texto": "América, precios locales y Romina en América, ¿sí?",
      "confianza": 0.535
    },
    {
      "hablante": "Hablante A",
      "inicio": 52.81,
      "fin": 54.78,
      "duracion": 1.96,
      "texto": "La verdad es que está súper completo, tiene un montón de rigas.",
      "confianza": 0.462
    },
    {
      "hablante": "Hablante A",
      "inicio": 55.04,
      "fin": 64.93,
      "duracion": 9.89,
      "texto": "No sé si vos abonabas los 30.000 pesos solo por tu plan o por tu otro plan, o por tu otro plan más.",
      "confianza": 0.539
    },
    {
      "hablante": "Hablante A",
      "inicio": 64.95,
      "fin": 65.27,
      "duracion": 0.32,
      "texto": "¿Otra línea más?",
      "confianza": 0.002
    },
    {
      "hablante": "Hablante A",
      "inicio": 65.29,
      "fin": 65.81,
      "duracion": 0.52,
      "texto": "Vamos a poner rigas.",
      "confianza": 0.076
    },
    {
      "hablante": "Hablante A",
      "inicio": 65.85,
      "fin": 67.11,
      "duracion": 1.26,
      "texto": "Solo por tú.",
      "confianza": 0.258
    },
    {
      "hablante": "Hablante A",
      "inicio": 67.13,
      "fin": 67.63,
      "duracion": 0.5,
      "texto": "Bien, ¿cómo te digo?",
      "confianza": 0.233
    },
    {
      "hablante": "Hablante A",
      "inicio": 67.65,
      "fin": 71.48,
      "duracion": 3.82,
      "texto": "Este plan está súper completo, no sé si vos necesitabas más rigas o esta cantidad de rigas está bien.",
      "confianza": 0.519
    },
    {
      "hablante": "Hablante A",
      "inicio": 71.5,
      "fin": 74.3,
      "duracion": 2.8,
      "texto": "Y el otro plan, ¿cuántos?",
      "confianza": 0.283
    },
    {
      "hablante": "Hablante A",
      "inicio": 74.75,
      "fin": 76.03,
      "duracion": 1.28,
      "texto": "El otro es un poco más bajo.",
      "confianza": 0.691
    },
    {
      "hablante": "Hablante A",
      "inicio": 76.42,
      "fin": 78.04,
      "duracion": 1.62,
      "texto": "Es un plan de 4 días de base.",
      "confianza": 0.598
    },
    {
      "hablante": "Hablante A",
      "inicio": 78.06,
      "fin": 80.8,
      "duracion": 2.75,
      "texto": "Es más bajo.",
      "confianza": 0.248
    },
    {
      "hablante": "Hablante A",
      "inicio": 80.82,
      "fin": 81.39,
      "duracion": 0.56,
      "texto": "Yo pensé que era más grande.",
      "confianza": 0.008
    },
    {
      "hablante": "Hablante A",
      "inicio": 81.41,
      "fin": 81.62,
      "duracion": 0.22,
      "texto": "No, no, no.",
      "confianza": 0.019
    },
    {
      "hablante": "Hablante A",
      "inicio": 81.64,
      "fin": 82.67,
      "duracion": 1.02,
      "texto": "Es más bajo.",
      "confianza": 0.823
    },
    {
      "hablante": "Hablante A",
      "inicio": 82.69,
      "fin": 85.95,
      "duracion": 3.27,
      "texto": "De todas maneras, te cuento que tenemos un plan más alto también.",
      "confianza": 0.677
    },
    {
      "hablante": "Hablante A",
      "inicio": 87.09,
      "fin": 91.38,
      "duracion": 4.29,
      "texto": "Es un plan de 15 días de base, más 10 del regalo por 6 meses.",
      "confianza": 0.691
    },
    {
      "hablante": "Hablante A",
      "inicio": 92.16,
      "fin": 96.17,
      "duracion": 4.01,
      "texto": "Tiene todos los mismos beneficios que te expliqué recién con la diferencia que tiene Rombina el Mundo.",
      "confianza": 0.696
    },
    {
      "hablante": "Hablante A",
      "inicio": 96.19,
      "fin": 99.6,
      "duracion": 3.41,
      "texto": "Y él con todo ese plan,",
      "confianza": 0.65
    },
    {
      "hablante": "Hablante A",
      "inicio": 99.98,
      "fin": 105.75,
      "duracion": 5.77,
      "texto": "Tiene un 70% de descuento y te quedaría en 23.865, ¿sí?",
      "confianza": 0.696
    },
    {
      "hablante": "Hablante A",
      "inicio": 105.77,
      "fin": 108.11,
      "duracion": 2.34,
      "texto": "Es más costoso porque no está con el 80 como el otro.",
      "confianza": 0.573
    },
    {
      "hablante": "Hablante B",
      "inicio": 110.37,
      "fin": 113.48,
      "duracion": 3.1,
      "texto": "Para 23.600.",
      "confianza": 0.746
    },
    {
      "hablante": "Hablante B",
      "inicio": 113.56,
      "fin": 115.68,
      "duracion": 2.12,
      "texto": "¿De cuánto tiempo?",
      "confianza": 0.266
    },
    {
      "hablante": "Hablante B",
      "inicio": 115.7,
      "fin": 117.24,
      "duracion": 1.54,
      "texto": "La promoción dura seis meses.",
      "confianza": 0.513
    },
    {
      "hablante": "Hablante B",
      "inicio": 117.76,
      "fin": 119.94,
      "duracion": 2.18,
      "texto": "El descuento fijo lo tenés durante seis meses.",
      "confianza": 0.531
    },
    {
      "hablante": "Hablante B",
      "inicio": 120.36,
      "fin": 125.11,
      "duracion": 4.75,
      "texto": "Como te explicaba recién... ¿Y si no, cuánto sale ese plan?",
      "confianza": 0.411
    },
    {
      "hablante": "Hablante B",
      "inicio": 125.13,
      "fin": 126.93,
      "duracion": 1.8,
      "texto": "No, es que nunca te van a cobrar el precio real.",
      "confianza": 0.56
    },
    {
      "hablante": "Hablante B",
      "inicio": 126.95,
      "fin": 129.85,
      "duracion": 2.9,
      "texto": "Siempre te van a dar un descuento para que no te bates de la compañía.",
      "confianza": 0.695
    },
    {
      "hablante": "Hablante A",
      "inicio": 131.47,
      "fin": 134.45,
      "duracion": 2.98,
      "texto": "Yo te cuento cómo es.",
      "confianza": 0.145
    },
    {
      "hablante": "Hablante A",
      "inicio": 134.47,
      "fin": 138.82,
      "duracion": 4.34,
      "texto": "Yo me voy de la compañía porque yo me voy a Brasil.",
      "confianza": 0.539
    },
    {
      "hablante": "Hablante A",
      "inicio": 138.84,
      "fin": 150.55,
      "duracion": 11.71,
      "texto": "A Brasil no pido rooming, no habilito el teléfono para nada, nunca, pero me cobraron el rooming.",
      "confianza": 0.688
    },
    {
      "hablante": "Hablante A",
      "inicio": 150.57,
      "fin": 152.63,
      "duracion": 2.06,
      "texto": "Perfecto.",
      "confianza": 0.47
    },
    {
      "hablante": "Hablante A",
      "inicio": 152.65,
      "fin": 159.64,
      "duracion": 6.99,
      "texto": "Entonces, la realidad es que yo le dije, yo tengo palabras, si vos me cobraste el rooming, yo me voy de la compañía.",
      "confianza": 0.506
    },
    {
      "hablante": "Hablante A",
      "inicio": 160.39,
      "fin": 162.22,
      "duracion": 1.82,
      "texto": "Claro, sí, sí, sí, sí.",
      "confianza": 0.224
    },
    {
      "hablante": "Hablante A",
      "inicio": 162.24,
      "fin": 162.58,
      "duracion": 0.34,
      "texto": "¿Va bien?",
      "confianza": 0.494
    },
    {
      "hablante": "Hablante A",
      "inicio": 163.84,
      "fin": 163.9,
      "duracion": 0.06,
      "texto": "Sí.",
      "confianza": 0.272
    },
    {
      "hablante": "Hablante A",
      "inicio": 163.92,
      "fin": 167.16,
      "duracion": 3.24,
      "texto": "Y acá voy a hacer exactamente lo mismo con vos.",
      "confianza": 0.619
    },
    {
      "hablante": "Hablante A",
      "inicio": 167.18,
      "fin": 171.62,
      "duracion": 4.44,
      "texto": "¿Qué otro beneficio me podés dar para que yo vuelva a la compañía?",
      "confianza": 0.635
    },
    {
      "hablante": "Hablante A",
      "inicio": 172.54,
      "fin": 174.21,
      "duracion": 1.66,
      "texto": "Yo acepto lo que vos me estás proponiendo.",
      "confianza": 0.421
    },
    {
      "hablante": "Hablante A",
      "inicio": 174.51,
      "fin": 176.57,
      "duracion": 2.06,
      "texto": "Listo, me gusta lo que vos me estás proponiendo.",
      "confianza": 0.577
    },
    {
      "hablante": "Hablante A",
      "inicio": 177.51,
      "fin": 177.57,
      "duracion": 0.06,
      "texto": "Sí.",
      "confianza": 0.051
    },
    {
      "hablante": "Hablante A",
      "inicio": 177.59,
      "fin": 184.84,
      "duracion": 7.25,
      "texto": "23.000 rooming llamadas 15 GB, llamadas de rooming en todo el mundo.",
      "confianza": 0.568
    },
    {
      "hablante": "Hablante A",
      "inicio": 185.36,
      "fin": 185.92,
      "duracion": 0.56,
      "texto": "Lo acepto.",
      "confianza": 0.438
    },
    {
      "hablante": "Hablante A",
      "inicio": 186.36,
      "fin": 188.54,
      "duracion": 2.18,
      "texto": "Listo, ese es el plan que quiero.",
      "confianza": 0.447
    },
    {
      "hablante": "Hablante A",
      "inicio": 188.56,
      "fin": 190.18,
      "duracion": 1.62,
      "texto": "Aparte de eso, ¿qué me vas a dar?",
      "confianza": 0.501
    },
    {
      "hablante": "Hablante A",
      "inicio": 191.33,
      "fin": 196.51,
      "duracion": 5.19,
      "texto": "¿Qué es lo que querés o qué es lo que buscas que te demuestre?",
      "confianza": 0.549
    },
    {
      "hablante": "Hablante A",
      "inicio": 196.53,
      "fin": 204.59,
      "duracion": 8.05,
      "texto": "Un mes sin cargo que fue lo que me costó a mí el cargo cero, que fue lo que me costó a mí el rooming.",
      "confianza": 0.649
    },
    {
      "hablante": "Hablante A",
      "inicio": 204.63,
      "fin": 210.86,
      "duracion": 6.23,
      "texto": "Bien, eso no te lo puedo gestionar yo desde acá, yo te puedo brindar el plan, ¿sí?",
      "confianza": 0.548
    },
    {
      "hablante": "Hablante A",
      "inicio": 210.88,
      "fin": 210.94,
      "duracion": 0.06,
      "texto": "Sí.",
      "confianza": 0.313
    },
    {
      "hablante": "Hablante A",
      "inicio": 211.88,
      "fin": 213.5,
      "duracion": 1.62,
      "texto": "Si lo pudieras hacer, te lo haría, ¿no?",
      "confianza": 0.628
    },
    {
      "hablante": "Hablante A",
      "inicio": 213.54,
      "fin": 214.86,
      "duracion": 1.32,
      "texto": "Lo haría el plan a ese...",
      "confianza": 0.578
    },
    {
      "hablante": "Hablante A",
      "inicio": 214.88,
      "fin": 220.63,
      "duracion": 5.75,
      "texto": "No, es que bueno, y si no, ¿y si no vos qué me ofrecés para que yo vuelva?",
      "confianza": 0.324
    },
    {
      "hablante": "Hablante A",
      "inicio": 220.65,
      "fin": 221.87,
      "duracion": 1.22,
      "texto": "No me haces el mes.",
      "confianza": 0.501
    },
    {
      "hablante": "Hablante A",
      "inicio": 221.89,
      "fin": 223.39,
      "duracion": 1.5,
      "texto": "Listo, ¿qué me das para que yo vuelva?",
      "confianza": 0.438
    },
    {
      "hablante": "Hablante A",
      "inicio": 223.91,
      "fin": 225.41,
      "duracion": 1.5,
      "texto": "Te puedo dar este descuento que te explica más.",
      "confianza": 0.632
    },
    {
      "hablante": "Hablante A",
      "inicio": 226.52,
      "fin": 234.89,
      "duracion": 8.37,
      "texto": "Depende de dónde quieras salir, pero te puedo dar el plan con el 70% descuento, que para mí es el ideal, porque vas a gastar mucho menos dinero, ¿sí?",
      "confianza": 0.678
    },
    {
      "hablante": "Hablante A",
      "inicio": 235.39,
      "fin": 238.63,
      "duracion": 3.24,
      "texto": "Tenés bastante chiga y tenés drogómini incluido, ¿sí?",
      "confianza": 0.652
    },
    {
      "hablante": "Hablante A",
      "inicio": 238.67,
      "fin": 241.63,
      "duracion": 2.96,
      "texto": "Entonces, si vos el día de mañana vas a salir del país,",
      "confianza": 0.642
    },
    {
      "hablante": "Hablante A",
      "inicio": 242.14,
      "fin": 247.66,
      "duracion": 5.53,
      "texto": "No vas a gastar de tus datos, sino que vas a tener un paquete de datos para eso, justamente.",
      "confianza": 0.288
    },
    {
      "hablante": "Hablante A",
      "inicio": 247.69,
      "fin": 251.91,
      "duracion": 4.23,
      "texto": "Para que no te cobren dólares, digamos.",
      "confianza": 0.653
    },
    {
      "hablante": "Hablante A",
      "inicio": 251.93,
      "fin": 262.05,
      "duracion": 10.11,
      "texto": "Me encanta, pero sigo sin que Movistar me retribuya el mes que yo perdí con el tema del pago del río.",
      "confianza": 0.733
    },
    {
      "hablante": "Hablante A",
      "inicio": 262.06,
      "fin": 262.31,
      "duracion": 0.24,
      "texto": "Claro.",
      "confianza": 0.563
    },
    {
      "hablante": "Hablante A",
      "inicio": 262.67,
      "fin": 267.44,
      "duracion": 4.77,
      "texto": "No, en eso, mira, soy sincera, si lo pudiera hacer dos, no tengo problema de encarlártelo.",
      "confianza": 0.638
    },
    {
      "hablante": "Hablante A",
      "inicio": 267.92,
      "fin": 273.17,
      "duracion": 5.25,
      "texto": "Pero como no me encargo de esa parte de doble, que te puedo brindar, como te digo, es el plan con el descuento.",
      "confianza": 0.584
    },
    {
      "hablante": "Hablante A",
      "inicio": 273.19,
      "fin": 278.5,
      "duracion": 5.31,
      "texto": "Hace algo diferente, ¿sabes cuántas veces me llaman por día desde Modistar?",
      "confianza": 0.512
    },
    {
      "hablante": "Hablante A",
      "inicio": 279.26,
      "fin": 294.2,
      "duracion": 14.93,
      "texto": "Hoy tuviste la suerte de que te atiendas, muchas veces no la atiendas, muchas veces las escucho, muchas veces me hiciste, y de verdad, nada, y yo te falto el respeto porque no seas más insistente, borren mi número del listado.",
      "confianza": 0.618
    },
    {
      "hablante": "Hablante A",
      "inicio": 294.22,
      "fin": 298.54,
      "duracion": 4.32,
      "texto": "Bueno, ¿sabes cuántas veces me llaman a molestar a mí para que yo vuelva?",
      "confianza": 0.616
    },
    {
      "hablante": "Hablante A",
      "inicio": 298.56,
      "fin": 305.07,
      "duracion": 6.51,
      "texto": "No menos de dos o tres veces al día, a lo largo de los últimos tres años, a bien que más o menos.",
      "confianza": 0.67
    },
    {
      "hablante": "Hablante A",
      "inicio": 305.42,
      "fin": 308.12,
      "duracion": 2.7,
      "texto": "tiempo más y dos años y pico.",
      "confianza": 0.169
    },
    {
      "hablante": "Hablante A",
      "inicio": 308.14,
      "fin": 308.46,
      "duracion": 0.32,
      "texto": "¿Está bien?",
      "confianza": 0.392
    },
    {
      "hablante": "Hablante A",
      "inicio": 309.0,
      "fin": 311.0,
      "duracion": 2.0,
      "texto": "¿Sabés cuánto apreté en mi idioma y estaré en mí?",
      "confianza": 0.359
    },
    {
      "hablante": "Hablante B",
      "inicio": 313.91,
      "fin": 317.91,
      "duracion": 4.0,
      "texto": "No, si tú entiendes, tú entiendes y tú también exagerarás lo mismo que vos.",
      "confianza": 0.366
    },
    {
      "hablante": "Hablante B",
      "inicio": 318.37,
      "fin": 323.42,
      "duracion": 5.05,
      "texto": "Hacé algo, o sea, vos ya lo tenés vendido, el paquete.",
      "confianza": 0.581
    },
    {
      "hablante": "Hablante B",
      "inicio": 323.44,
      "fin": 327.08,
      "duracion": 3.64,
      "texto": "Y el más caro, no tenés el más barato, tenés el más caro.",
      "confianza": 0.447
    },
    {
      "hablante": "Hablante B",
      "inicio": 327.1,
      "fin": 327.4,
      "duracion": 0.3,
      "texto": "Sí.",
      "confianza": 0.465
    },
    {
      "hablante": "Hablante B",
      "inicio": 327.42,
      "fin": 328.68,
      "duracion": 1.26,
      "texto": "¿Está bien?",
      "confianza": 0.455
    },
    {
      "hablante": "Hablante B",
      "inicio": 328.7,
      "fin": 332.32,
      "duracion": 3.62,
      "texto": "Voy por el más caro que en el rooming para todo el mundo.",
      "confianza": 0.662
    },
    {
      "hablante": "Hablante B",
      "inicio": 333.75,
      "fin": 333.81,
      "duracion": 0.06,
      "texto": "Sí.",
      "confianza": 0.329
    },
    {
      "hablante": "Hablante B",
      "inicio": 334.22,
      "fin": 342.11,
      "duracion": 7.89,
      "texto": "Hablar con tu jefe, hablar con tu supervisor, hacer esa cosa con... O sea, ese comentario.",
      "confianza": 0.533
    },
    {
      "hablante": "Hablante B",
      "inicio": 342.13,
      "fin": 345.0,
      "duracion": 2.86,
      "texto": "Dicen, mira, esta persona está aceptando volver.",
      "confianza": 0.605
    },
    {
      "hablante": "Hablante B",
      "inicio": 345.36,
      "fin": 348.78,
      "duracion": 3.42,
      "texto": "Pero Movistar me cobró y ustedes lo tienen agendado todo eso.",
      "confianza": 0.65
    },
    {
      "hablante": "Hablante B",
      "inicio": 349.1,
      "fin": 350.68,
      "duracion": 1.58,
      "texto": "O sea, lo que yo estoy diciendo es mentira.",
      "confianza": 0.24
    },
    {
      "hablante": "Hablante A",
      "inicio": 352.29,
      "fin": 358.81,
      "duracion": 6.53,
      "texto": "Entonces, ¿cuánta plata gastó Movistar en llamar a este cliente durante tanto tiempo?",
      "confianza": 0.584
    },
    {
      "hablante": "Hablante A",
      "inicio": 359.13,
      "fin": 373.05,
      "duracion": 13.92,
      "texto": "Y aparte, la realidad es que si yo hoy, la verdad que no me pongo, pero si yo hoy pudiese tener la posibilidad de mandarme una carta de documento para que no me llamen más, se la mandaría.",
      "confianza": 0.61
    },
    {
      "hablante": "Hablante A",
      "inicio": 373.53,
      "fin": 375.67,
      "duracion": 2.14,
      "texto": "Porque mi tema es siempre el mismo.",
      "confianza": 0.647
    },
    {
      "hablante": "Hablante A",
      "inicio": 376.19,
      "fin": 379.16,
      "duracion": 2.96,
      "texto": "Ustedes me cobraron algo del cual yo no usé.",
      "confianza": 0.708
    },
    {
      "hablante": "Hablante B",
      "inicio": 381.14,
      "fin": 386.33,
      "duracion": 5.19,
      "texto": "Digo ustedes porque vos representas a Movistar ahora que estoy hablando, ¿no?",
      "confianza": 0.444
    },
    {
      "hablante": "Hablante B",
      "inicio": 386.35,
      "fin": 388.37,
      "duracion": 2.02,
      "texto": "No porque vos temas de la culpa.",
      "confianza": 0.093
    },
    {
      "hablante": "Hablante B",
      "inicio": 388.39,
      "fin": 388.53,
      "duracion": 0.14,
      "texto": "Sí, sí.",
      "confianza": 0.151
    },
    {
      "hablante": "Hablante B",
      "inicio": 389.0,
      "fin": 391.38,
      "duracion": 2.38,
      "texto": "Pero, ¿me entiendes lo que yo digo?",
      "confianza": 0.629
    },
    {
      "hablante": "Hablante B",
      "inicio": 391.4,
      "fin": 392.44,
      "duracion": 1.04,
      "texto": "O sea, habla con tu jefe.",
      "confianza": 0.44
    },
    {
      "hablante": "Hablante B",
      "inicio": 392.46,
      "fin": 394.63,
      "duracion": 2.16,
      "texto": "Dice, mira, acá esta persona la vuelve.",
      "confianza": 0.446
    },
    {
      "hablante": "Hablante B",
      "inicio": 394.65,
      "fin": 396.13,
      "duracion": 1.48,
      "texto": "¿Pero sabes cuál es el tema?",
      "confianza": 0.616
    },
    {
      "hablante": "Hablante B",
      "inicio": 396.49,
      "fin": 403.19,
      "duracion": 6.71,
      "texto": "Se fue por esto, está aceptando, me está comprando un plan más caro, me está... Acepto.",
      "confianza": 0.682
    },
    {
      "hablante": "Hablante B",
      "inicio": 403.21,
      "fin": 403.51,
      "duracion": 0.3,
      "texto": "Listo.",
      "confianza": 0.889
    },
    {
      "hablante": "Hablante B",
      "inicio": 404.58,
      "fin": 409.16,
      "duracion": 4.58,
      "texto": "Pero, ¿tienes que le deuda en lo que le pagaron, le cobraron de más?",
      "confianza": 0.573
    },
    {
      "hablante": "Hablante B",
      "inicio": 409.18,
      "fin": 416.19,
      "duracion": 7.01,
      "texto": "Y lo que vos me estás ofreciendo es lo mismo que lo ofreció esa cualquiera que decidió irse sin ninguna consecuencia.",
      "confianza": 0.649
    },
    {
      "hablante": "Hablante B",
      "inicio": 417.03,
      "fin": 420.43,
      "duracion": 3.4,
      "texto": "Lo mío fue consecuente, porque yo para dar lo de baja lo tuve que pagar.",
      "confianza": 0.619
    },
    {
      "hablante": "Hablante B",
      "inicio": 421.71,
      "fin": 424.56,
      "duracion": 2.84,
      "texto": "Claro, claro.",
      "confianza": 0.304
    },
    {
      "hablante": "Hablante B",
      "inicio": 425.08,
      "fin": 427.84,
      "duracion": 2.76,
      "texto": "Y hoy yo estoy pagando más caro y no me importa.",
      "confianza": 0.754
    },
    {
      "hablante": "Hablante B",
      "inicio": 428.22,
      "fin": 431.43,
      "duracion": 3.2,
      "texto": "Yo quiero que me devuelvan el mes que me cobraron de más.",
      "confianza": 0.57
    },
    {
      "hablante": "Hablante B",
      "inicio": 431.44,
      "fin": 432.08,
      "duracion": 0.64,
      "texto": "O sea, el mes.",
      "confianza": 0.586
    },
    {
      "hablante": "Hablante B",
      "inicio": 433.03,
      "fin": 436.23,
      "duracion": 3.2,
      "texto": "Valía casi igual el rooming que el abono que yo tenía.",
      "confianza": 0.579
    },
    {
      "hablante": "Hablante A",
      "inicio": 438.07,
      "fin": 440.77,
      "duracion": 2.7,
      "texto": "La verdad, también no me gusta que me roben la plata.",
      "confianza": 0.527
    },
    {
      "hablante": "Hablante A",
      "inicio": 440.94,
      "fin": 448.09,
      "duracion": 7.15,
      "texto": "Hoy por hoy me puedes decir, bueno, pero te la estás robando claro con una tarifa más cara.",
      "confianza": 0.699
    },
    {
      "hablante": "Hablante A",
      "inicio": 448.61,
      "fin": 450.49,
      "duracion": 1.88,
      "texto": "No me interesa, yo la acepto.",
      "confianza": 0.522
    },
    {
      "hablante": "Hablante B",
      "inicio": 452.8,
      "fin": 459.85,
      "duracion": 7.05,
      "texto": "Pero ya no pude tener la posibilidad de decir todo lo que te estoy diciendo vos, pero a mí me dijeron, no, usted lo usó y páguelo, y si no le va a quedar la deuda.",
      "confianza": 0.521
    },
    {
      "hablante": "Hablante B",
      "inicio": 461.01,
      "fin": 463.73,
      "duracion": 2.72,
      "texto": "OK, mira que si yo lo pago, yo me voy.",
      "confianza": 0.531
    },
    {
      "hablante": "Hablante B",
      "inicio": 463.75,
      "fin": 467.22,
      "duracion": 3.46,
      "texto": "Listo, me quedó la deuda, me la facturaron.",
      "confianza": 0.428
    },
    {
      "hablante": "Hablante B",
      "inicio": 467.24,
      "fin": 468.52,
      "duracion": 1.28,
      "texto": "Esto no fue...",
      "confianza": 0.168
    },
    {
      "hablante": "Hablante B",
      "inicio": 468.89,
      "fin": 471.13,
      "duracion": 2.24,
      "texto": "Y ahora sí, aceptando volver.",
      "confianza": 0.77
    },
    {
      "hablante": "Hablante B",
      "inicio": 471.65,
      "fin": 474.62,
      "duracion": 2.97,
      "texto": "Pero tiene que tener una consecuencia para la empresa.",
      "confianza": 0.747
    },
    {
      "hablante": "Hablante B",
      "inicio": 474.88,
      "fin": 483.99,
      "duracion": 9.12,
      "texto": "No puede ser siempre que el usuario sea el castillado en este caso.",
      "confianza": 0.489
    },
    {
      "hablante": "Hablante B",
      "inicio": 484.01,
      "fin": 484.91,
      "duracion": 0.9,
      "texto": "Claro, yo te entiendo, entiendo totalmente.",
      "confianza": 0.135
    },
    {
      "hablante": "Hablante B",
      "inicio": 485.01,
      "fin": 485.81,
      "duracion": 0.8,
      "texto": "Vamos a hacer así.",
      "confianza": 0.553
    },
    {
      "hablante": "Hablante B",
      "inicio": 486.51,
      "fin": 488.72,
      "duracion": 2.2,
      "texto": "Vos ya me entendiste, me escuchaste.",
      "confianza": 0.624
    },
    {
      "hablante": "Hablante B",
      "inicio": 488.74,
      "fin": 493.96,
      "duracion": 5.23,
      "texto": "La verdad que agradezco la buena creación, la buena voluntad de tener.",
      "confianza": 0.724
    },
    {
      "hablante": "Hablante B",
      "inicio": 494.52,
      "fin": 499.69,
      "duracion": 5.17,
      "texto": "me vendiste en teoría de plan más caro, está todo bárbaro.",
      "confianza": 0.685
    },
    {
      "hablante": "Hablante B",
      "inicio": 500.11,
      "fin": 509.48,
      "duracion": 9.37,
      "texto": "Habla con tu jefe, decirle, mira, lo vuelvo a recuperar, pero quiere que le paguen de vuelta lo que le sacaron, que no fue usado.",
      "confianza": 0.604
    },
    {
      "hablante": "Hablante B",
      "inicio": 510.06,
      "fin": 510.86,
      "duracion": 0.8,
      "texto": "Usado.",
      "confianza": 0.311
    },
    {
      "hablante": "Hablante B",
      "inicio": 510.88,
      "fin": 515.43,
      "duracion": 4.55,
      "texto": "Ustedes no aceptan, Movistar no acepta que en algún momento se pueden equivocar.",
      "confianza": 0.587
    },
    {
      "hablante": "Hablante B",
      "inicio": 515.89,
      "fin": 518.72,
      "duracion": 2.82,
      "texto": "Y se equivocaron, porque yo no lo usé.",
      "confianza": 0.36
    },
    {
      "hablante": "Hablante B",
      "inicio": 518.74,
      "fin": 521.86,
      "duracion": 3.12,
      "texto": "Bien, mira, lo que puedo hacer es que mi supervisor hable con vos.",
      "confianza": 0.481
    },
    {
      "hablante": "Hablante B",
      "inicio": 523.26,
      "fin": 525.78,
      "duracion": 2.52,
      "texto": "En un ratito para que justo te preocupes.",
      "confianza": 0.548
    },
    {
      "hablante": "Hablante A",
      "inicio": 527.34,
      "fin": 530.37,
      "duracion": 3.02,
      "texto": "Para que me digas justamente esto.",
      "confianza": 0.334
    },
    {
      "hablante": "Hablante A",
      "inicio": 530.39,
      "fin": 531.19,
      "duracion": 0.8,
      "texto": "Dame un minuto por favor.",
      "confianza": 0.412
    },
    {
      "hablante": "Hablante A",
      "inicio": 532.53,
      "fin": 537.76,
      "duracion": 5.23,
      "texto": "Y aparte le voy a decir que tuviste una previsión excelente.",
      "confianza": 0.526
    },
    {
      "hablante": "Hablante A",
      "inicio": 538.2,
      "fin": 539.74,
      "duracion": 1.54,
      "texto": "Porque fue así.",
      "confianza": 0.253
    },
    {
      "hablante": "Hablante A",
      "inicio": 540.0,
      "fin": 540.21,
      "duracion": 0.2,
      "texto": "Fue así.",
      "confianza": 0.14
    },
    {
      "hablante": "Hablante A",
      "inicio": 540.23,
      "fin": 545.27,
      "duracion": 5.05,
      "texto": "Muchos, si te van a poner la venta, te cortan y ya cuando le decís eso, ya fue.",
      "confianza": 0.586
    },
    {
      "hablante": "Hablante A",
      "inicio": 545.29,
      "fin": 546.62,
      "duracion": 1.32,
      "texto": "Y vos me llegaste escuchando.",
      "confianza": 0.44
    },
    {
      "hablante": "Hablante A",
      "inicio": 547.36,
      "fin": 554.25,
      "duracion": 6.89,
      "texto": "Claro, justamente la idea es que los clientes también se puedan descargar y decirle justamente cuál fue la molestia y por qué se fueron de la empresa.",
      "confianza": 0.642
    },
    {
      "hablante": "Hablante A",
      "inicio": 554.75,
      "fin": 559.46,
      "duracion": 4.71,
      "texto": "Porque justamente, por eso, llamamos de la área correspondiente, ¿sí?",
      "confianza": 0.705
    },
    {
      "hablante": "Hablante A",
      "inicio": 559.48,
      "fin": 560.76,
      "duracion": 1.28,
      "texto": "Sí, sí.",
      "confianza": 0.456
    },
    {
      "hablante": "Hablante A",
      "inicio": 560.78,
      "fin": 561.42,
      "duracion": 0.64,
      "texto": "Bien, perfecto.",
      "confianza": 0.358
    },
    {
      "hablante": "Hablante A",
      "inicio": 561.94,
      "fin": 563.08,
      "duracion": 1.14,
      "texto": "Bueno, hace eso.",
      "confianza": 0.614
    },
    {
      "hablante": "Hablante A",
      "inicio": 563.1,
      "fin": 566.15,
      "duracion": 3.04,
      "texto": "Vos decísles que me llamen el nombre.",
      "confianza": 0.349
    },
    {
      "hablante": "Hablante A",
      "inicio": 566.91,
      "fin": 568.59,
      "duracion": 1.68,
      "texto": "Yo a veces ni atiendo a los números que no tengo generado.",
      "confianza": 0.173
    },
    {
      "hablante": "Hablante A",
      "inicio": 569.23,
      "fin": 570.49,
      "duracion": 1.26,
      "texto": "Pero hoy los voy a atender.",
      "confianza": 0.479
    },
    {
      "hablante": "Hablante A",
      "inicio": 570.66,
      "fin": 582.69,
      "duracion": 12.03,
      "texto": "Decirle, mirá, no sé cómo se llama la supervisora, me llamo Andrea o Juan, que le llamo de parte de Noelia, yo le voy a decir, la verdad me atendí excelente porque fue así, fue así.",
      "confianza": 0.537
    },
    {
      "hablante": "Hablante A",
      "inicio": 583.57,
      "fin": 585.55,
      "duracion": 1.98,
      "texto": "Y yo no vuelvo por esto y esto.",
      "confianza": 0.682
    },
    {
      "hablante": "Hablante A",
      "inicio": 585.67,
      "fin": 590.06,
      "duracion": 4.38,
      "texto": "Ustedes me dan el mes sin cargo como corresponde y yo vuelvo a la empresa.",
      "confianza": 0.689
    },
    {
      "hablante": "Hablante A",
      "inicio": 591.52,
      "fin": 592.58,
      "duracion": 1.06,
      "texto": "Listo, es así, es así.",
      "confianza": 0.196
    },
    {
      "hablante": "Hablante A",
      "inicio": 592.6,
      "fin": 595.2,
      "duracion": 2.6,
      "texto": "Y con el plan más caro de 23.000...",
      "confianza": 0.746
    },
    {
      "hablante": "Hablante A",
      "inicio": 595.22,
      "fin": 600.67,
      "duracion": 5.45,
      "texto": "No, no, no, tengo planes más altos, tengo un plan de 50.000.",
      "confianza": 0.203
    },
    {
      "hablante": "Hablante A",
      "inicio": 601.17,
      "fin": 606.83,
      "duracion": 5.66,
      "texto": "Pero no estoy ni siquiera quedándome con el primero ni el segundo, me estoy quedando con el tercero.",
      "confianza": 0.575
    },
    {
      "hablante": "Hablante B",
      "inicio": 610.22,
      "fin": 610.94,
      "duracion": 0.72,
      "texto": "Claro, claro.",
      "confianza": 0.286
    },
    {
      "hablante": "Hablante B",
      "inicio": 610.96,
      "fin": 611.06,
      "duracion": 0.1,
      "texto": "Bien.",
      "confianza": 0.004
    },
    {
      "hablante": "Hablante B",
      "inicio": 611.08,
      "fin": 611.16,
      "duracion": 0.08,
      "texto": "¿Eh?",
      "confianza": 0.064
    },
    {
      "hablante": "Hablante B",
      "inicio": 611.18,
      "fin": 611.4,
      "duracion": 0.22,
      "texto": "¿Te parece?",
      "confianza": 0.034
    },
    {
      "hablante": "Hablante B",
      "inicio": 611.42,
      "fin": 613.06,
      "duracion": 1.64,
      "texto": "Ahí cuando mis supervisoras se desocupe, le digo que esto es lo mismo.",
      "confianza": 0.116
    },
    {
      "hablante": "Hablante B",
      "inicio": 614.22,
      "fin": 620.61,
      "duracion": 6.39,
      "texto": "Contarle un poco cómo es y seguramente nos vamos a llegar a Hugo en Puerto.",
      "confianza": 0.617
    },
    {
      "hablante": "Hablante B",
      "inicio": 620.63,
      "fin": 621.33,
      "duracion": 0.7,
      "texto": "Bueno, vale.",
      "confianza": 0.255
    },
    {
      "hablante": "Hablante B",
      "inicio": 621.35,
      "fin": 621.99,
      "duracion": 0.64,
      "texto": "Dale, dale, estamos en contacto.",
      "confianza": 0.037
    },
    {
      "hablante": "Hablante B",
      "inicio": 622.01,
      "fin": 628.51,
      "duracion": 6.51,
      "texto": "Dico, te agradezco muchísimo tomando un beso y excelente atención.",
      "confianza": 0.414
    },
    {
      "hablante": "Hablante B",
      "inicio": 628.53,
      "fin": 628.7,
      "duracion": 0.16,
      "texto": "Gracias.",
      "confianza": 0.128
    },
    {
      "hablante": "Hablante B",
      "inicio": 630.18,
      "fin": 631.24,
      "duracion": 1.07,
      "texto": "hasta luego.",
      "confianza": 0.298
    }
  ],
  "transcripcion_completa": "Hola. Hola, ¿cómo estás? Lo había tirado dentro de Marte de una menos veinte. Ah, ¿cómo estás? ¿Todo bien? Todo bien, bro. Bueno, contame un poco. De cuánto. Me vas a dar un plan de cuánto gigas. Tenemos dos planes disponibles en oferta. El primero es un plan de 8 gigas de base más 10 de regalo por seis meses en 10.720, ¿sí? ¿Cuáles son los beneficios de este plan? Que vos vas a tener no solamente WhatsApp gratis, también son más ilimitadas. América, precios locales y Romina en América, ¿sí? La verdad es que está súper completo, tiene un montón de rigas. No sé si vos abonabas los 30.000 pesos solo por tu plan o por tu otro plan, o por tu otro plan más. ¿Otra línea más? Vamos a poner rigas. Solo por tú. Bien, ¿cómo te digo? Este plan está súper completo, no sé si vos necesitabas más rigas o esta cantidad de rigas está bien. Y el otro plan, ¿cuántos? El otro es un poco más bajo. Es un plan de 4 días de base. Es más bajo. Yo pensé que era más grande. No, no, no. Es más bajo. De todas maneras, te cuento que tenemos un plan más alto también. Es un plan de 15 días de base, más 10 del regalo por 6 meses. Tiene todos los mismos beneficios que te expliqué recién con la diferencia que tiene Rombina el Mundo. Y él con todo ese plan, Tiene un 70% de descuento y te quedaría en 23.865, ¿sí? Es más costoso porque no está con el 80 como el otro. Para 23.600. ¿De cuánto tiempo? La promoción dura seis meses. El descuento fijo lo tenés durante seis meses. Como te explicaba recién... ¿Y si no, cuánto sale ese plan? No, es que nunca te van a cobrar el precio real. Siempre te van a dar un descuento para que no te bates de la compañía. Yo te cuento cómo es. Yo me voy de la compañía porque yo me voy a Brasil. A Brasil no pido rooming, no habilito el teléfono para nada, nunca, pero me cobraron el rooming. Perfecto. Entonces, la realidad es que yo le dije, yo tengo palabras, si vos me cobraste el rooming, yo me voy de la compañía. Claro, sí, sí, sí, sí. ¿Va bien? Sí. Y acá voy a hacer exactamente lo mismo con vos. ¿Qué otro beneficio me podés dar para que yo vuelva a la compañía? Yo acepto lo que vos me estás proponiendo. Listo, me gusta lo que vos me estás proponiendo. Sí. 23.000 rooming llamadas 15 GB, llamadas de rooming en todo el mundo. Lo acepto. Listo, ese es el plan que quiero. Aparte de eso, ¿qué me vas a dar? ¿Qué es lo que querés o qué es lo que buscas que te demuestre? Un mes sin cargo que fue lo que me costó a mí el cargo cero, que fue lo que me costó a mí el rooming. Bien, eso no te lo puedo gestionar yo desde acá, yo te puedo brindar el plan, ¿sí? Sí. Si lo pudieras hacer, te lo haría, ¿no? Lo haría el plan a ese... No, es que bueno, y si no, ¿y si no vos qué me ofrecés para que yo vuelva? No me haces el mes. Listo, ¿qué me das para que yo vuelva? Te puedo dar este descuento que te explica más. Depende de dónde quieras salir, pero te puedo dar el plan con el 70% descuento, que para mí es el ideal, porque vas a gastar mucho menos dinero, ¿sí? Tenés bastante chiga y tenés drogómini incluido, ¿sí? Entonces, si vos el día de mañana vas a salir del país, No vas a gastar de tus datos, sino que vas a tener un paquete de datos para eso, justamente. Para que no te cobren dólares, digamos. Me encanta, pero sigo sin que Movistar me retribuya el mes que yo perdí con el tema del pago del río. Claro. No, en eso, mira, soy sincera, si lo pudiera hacer dos, no tengo problema de encarlártelo. Pero como no me encargo de esa parte de doble, que te puedo brindar, como te digo, es el plan con el descuento. Hace algo diferente, ¿sabes cuántas veces me llaman por día desde Modistar? Hoy tuviste la suerte de que te atiendas, muchas veces no la atiendas, muchas veces las escucho, muchas veces me hiciste, y de verdad, nada, y yo te falto el respeto porque no seas más insistente, borren mi número del listado. Bueno, ¿sabes cuántas veces me llaman a molestar a mí para que yo vuelva? No menos de dos o tres veces al día, a lo largo de los últimos tres años, a bien que más o menos. tiempo más y dos años y pico. ¿Está bien? ¿Sabés cuánto apreté en mi idioma y estaré en mí? No, si tú entiendes, tú entiendes y tú también exagerarás lo mismo que vos. Hacé algo, o sea, vos ya lo tenés vendido, el paquete. Y el más caro, no tenés el más barato, tenés el más caro. Sí. ¿Está bien? Voy por el más caro que en el rooming para todo el mundo. Sí. Hablar con tu jefe, hablar con tu supervisor, hacer esa cosa con... O sea, ese comentario. Dicen, mira, esta persona está aceptando volver. Pero Movistar me cobró y ustedes lo tienen agendado todo eso. O sea, lo que yo estoy diciendo es mentira. Entonces, ¿cuánta plata gastó Movistar en llamar a este cliente durante tanto tiempo? Y aparte, la realidad es que si yo hoy, la verdad que no me pongo, pero si yo hoy pudiese tener la posibilidad de mandarme una carta de documento para que no me llamen más, se la mandaría. Porque mi tema es siempre el mismo. Ustedes me cobraron algo del cual yo no usé. Digo ustedes porque vos representas a Movistar ahora que estoy hablando, ¿no? No porque vos temas de la culpa. Sí, sí. Pero, ¿me entiendes lo que yo digo? O sea, habla con tu jefe. Dice, mira, acá esta persona la vuelve. ¿Pero sabes cuál es el tema? Se fue por esto, está aceptando, me está comprando un plan más caro, me está... Acepto. Listo. Pero, ¿tienes que le deuda en lo que le pagaron, le cobraron de más? Y lo que vos me estás ofreciendo es lo mismo que lo ofreció esa cualquiera que decidió irse sin ninguna consecuencia. Lo mío fue consecuente, porque yo para dar lo de baja lo tuve que pagar. Claro, claro. Y hoy yo estoy pagando más caro y no me importa. Yo quiero que me devuelvan el mes que me cobraron de más. O sea, el mes. Valía casi igual el rooming que el abono que yo tenía. La verdad, también no me gusta que me roben la plata. Hoy por hoy me puedes decir, bueno, pero te la estás robando claro con una tarifa más cara. No me interesa, yo la acepto. Pero ya no pude tener la posibilidad de decir todo lo que te estoy diciendo vos, pero a mí me dijeron, no, usted lo usó y páguelo, y si no le va a quedar la deuda. OK, mira que si yo lo pago, yo me voy. Listo, me quedó la deuda, me la facturaron. Esto no fue... Y ahora sí, aceptando volver. Pero tiene que tener una consecuencia para la empresa. No puede ser siempre que el usuario sea el castillado en este caso. Claro, yo te entiendo, entiendo totalmente. Vamos a hacer así. Vos ya me entendiste, me escuchaste. La verdad que agradezco la buena creación, la buena voluntad de tener. me vendiste en teoría de plan más caro, está todo bárbaro. Habla con tu jefe, decirle, mira, lo vuelvo a recuperar, pero quiere que le paguen de vuelta lo que le sacaron, que no fue usado. Usado. Ustedes no aceptan, Movistar no acepta que en algún momento se pueden equivocar. Y se equivocaron, porque yo no lo usé. Bien, mira, lo que puedo hacer es que mi supervisor hable con vos. En un ratito para que justo te preocupes. Para que me digas justamente esto. Dame un minuto por favor. Y aparte le voy a decir que tuviste una previsión excelente. Porque fue así. Fue así. Muchos, si te van a poner la venta, te cortan y ya cuando le decís eso, ya fue. Y vos me llegaste escuchando. Claro, justamente la idea es que los clientes también se puedan descargar y decirle justamente cuál fue la molestia y por qué se fueron de la empresa. Porque justamente, por eso, llamamos de la área correspondiente, ¿sí? Sí, sí. Bien, perfecto. Bueno, hace eso. Vos decísles que me llamen el nombre. Yo a veces ni atiendo a los números que no tengo generado. Pero hoy los voy a atender. Decirle, mirá, no sé cómo se llama la supervisora, me llamo Andrea o Juan, que le llamo de parte de Noelia, yo le voy a decir, la verdad me atendí excelente porque fue así, fue así. Y yo no vuelvo por esto y esto. Ustedes me dan el mes sin cargo como corresponde y yo vuelvo a la empresa. Listo, es así, es así. Y con el plan más caro de 23.000... No, no, no, tengo planes más altos, tengo un plan de 50.000. Pero no estoy ni siquiera quedándome con el primero ni el segundo, me estoy quedando con el tercero. Claro, claro. Bien. ¿Eh? ¿Te parece? Ahí cuando mis supervisoras se desocupe, le digo que esto es lo mismo. Contarle un poco cómo es y seguramente nos vamos a llegar a Hugo en Puerto. Bueno, vale. Dale, dale, estamos en contacto. Dico, te agradezco muchísimo tomando un beso y excelente atención. Gracias. hasta luego.",
  "calidad": {
    "confianza_promedio": 0.466,
    "metodo_diarizacion": "pausas_fallback",
    "tiempo_procesamiento": 26.2
  },
  "metadata": {
    "modelo": "whisperx_medium",
    "diarizacion": "pausas",
    "dispositivo": "cuda",
    "fecha": "2026-02-18T23:17:47.696469",
    "version": "5.0_ecapa"
  }
}