{
  "archivo": "amza10_1_260218141351454_MIT_01948.wav",
  "duracion_segundos": 78.1,
  "num_segmentos": 20,
  "num_hablantes": 2,
  "hablantes": [
    "Hablante A",
    "Hablante B"
  ],
  "tiempo_por_hablante": {
    "Hablante B": 45.34,
    "Hablante A": 0.88
  },
  "idioma": "es",
  "conversacion": [
    {
      "hablante": "Hablante B",
      "inicio": 19.27,
      "fin": 21.77,
      "duracion": 2.5,
      "texto": "Hola, buenos días.",
      "confianza": 0.34
    },
    {
      "hablante": "Hablante B",
      "inicio": 21.79,
      "fin": 23.02,
      "duracion": 1.22,
      "texto": "Jonathan?",
      "confianza": 0.668
    },
    {
      "hablante": "Hablante B",
      "inicio": 23.04,
      "fin": 23.76,
      "duracion": 0.72,
      "texto": "Hola, buenos días.",
      "confianza": 0.409
    },
    {
      "hablante": "Hablante B",
      "inicio": 23.78,
      "fin": 24.9,
      "duracion": 1.12,
      "texto": "Sí, Jonathan.",
      "confianza": 0.392
    },
    {
      "hablante": "Hablante B",
      "inicio": 24.92,
      "fin": 26.62,
      "duracion": 1.7,
      "texto": "¿Cómo estás?",
      "confianza": 0.694
    },
    {
      "hablante": "Hablante B",
      "inicio": 26.64,
      "fin": 27.98,
      "duracion": 1.34,
      "texto": "Lourdes, te hablé de Booster.",
      "confianza": 0.631
    },
    {
      "hablante": "Hablante B",
      "inicio": 28.0,
      "fin": 31.19,
      "duracion": 3.19,
      "texto": "No sé si te vas a acordar de mí, hablamos hace un par de días.",
      "confianza": 0.536
    },
    {
      "hablante": "Hablante B",
      "inicio": 32.31,
      "fin": 36.06,
      "duracion": 3.75,
      "texto": "Teníamos para alentarte un 85% descuento en la línea.",
      "confianza": 0.818
    },
    {
      "hablante": "Hablante B",
      "inicio": 37.42,
      "fin": 40.03,
      "duracion": 2.6,
      "texto": "No sé, ¿cuánto estás abonando?",
      "confianza": 0.417
    },
    {
      "hablante": "Hablante B",
      "inicio": 41.24,
      "fin": 45.26,
      "duracion": 4.02,
      "texto": "¿Me enviaste algo por email, algo así o por WhatsApp?",
      "confianza": 0.48
    },
    {
      "hablante": "Hablante B",
      "inicio": 45.28,
      "fin": 48.55,
      "duracion": 3.26,
      "texto": "Sí, yo también envío una oferta antigua que ya caducó.",
      "confianza": 0.495
    },
    {
      "hablante": "Hablante B",
      "inicio": 48.61,
      "fin": 52.35,
      "duracion": 3.74,
      "texto": "Ahora tenemos una oferta más económica, está bastante buena, es el 85% de descuento.",
      "confianza": 0.522
    },
    {
      "hablante": "Hablante B",
      "inicio": 52.45,
      "fin": 57.14,
      "duracion": 4.69,
      "texto": "Bueno, vamos a hacer algo.",
      "confianza": 0.722
    },
    {
      "hablante": "Hablante B",
      "inicio": 57.38,
      "fin": 63.68,
      "duracion": 6.31,
      "texto": "Si querés, envíame la actual y yo la examino y te respondo.",
      "confianza": 0.823
    },
    {
      "hablante": "Hablante B",
      "inicio": 63.7,
      "fin": 65.07,
      "duracion": 1.36,
      "texto": "Te lo aseguro que te respondo.",
      "confianza": 0.682
    },
    {
      "hablante": "Hablante B",
      "inicio": 65.09,
      "fin": 66.03,
      "duracion": 0.94,
      "texto": "Dale, dale porfa.",
      "confianza": 0.6
    },
    {
      "hablante": "Hablante B",
      "inicio": 66.05,
      "fin": 67.05,
      "duracion": 1.0,
      "texto": "Dale, espere ahí tu respuesta.",
      "confianza": 0.46
    },
    {
      "hablante": "Hablante B",
      "inicio": 67.15,
      "fin": 67.55,
      "duracion": 0.4,
      "texto": "Gracias.",
      "confianza": 0.683
    },
    {
      "hablante": "Hablante B",
      "inicio": 68.23,
      "fin": 69.71,
      "duracion": 1.48,
      "texto": "Vale, chao.",
      "confianza": 0.737
    },
    {
      "hablante": "Hablante A",
      "inicio": 77.22,
      "fin": 78.1,
      "duracion": 0.88,
      "texto": "Sí, claro.",
      "confianza": 0.445
    }
  ],
  "transcripcion_completa": "Hola, buenos días. Jonathan? Hola, buenos días. Sí, Jonathan. ¿Cómo estás? Lourdes, te hablé de Booster. No sé si te vas a acordar de mí, hablamos hace un par de días. Teníamos para alentarte un 85% descuento en la línea. No sé, ¿cuánto estás abonando? ¿Me enviaste algo por email, algo así o por WhatsApp? Sí, yo también envío una oferta antigua que ya caducó. Ahora tenemos una oferta más económica, está bastante buena, es el 85% de descuento. Bueno, vamos a hacer algo. Si querés, envíame la actual y yo la examino y te respondo. Te lo aseguro que te respondo. Dale, dale porfa. Dale, espere ahí tu respuesta. Gracias. Vale, chao. Sí, claro.",
  "calidad": {
    "confianza_promedio": 0.578,
    "metodo_diarizacion": "pausas_fallback",
    "tiempo_procesamiento": 7.3
  },
  "metadata": {
    "modelo": "whisperx_medium",
    "diarizacion": "pausas",
    "dispositivo": "cuda",
    "fecha": "2026-02-21T13:25:58.022456",
    "version": "5.0_ecapa"
  }
}