{
  "archivo": "amza16_1_260212112053595_MIT_01990.wav",
  "duracion_segundos": 375.35,
  "num_segmentos": 98,
  "num_hablantes": 2,
  "hablantes": [
    "Hablante A",
    "Hablante B"
  ],
  "tiempo_por_hablante": {
    "Hablante A": 130.48,
    "Hablante B": 181.72
  },
  "idioma": "es",
  "conversacion": [
    {
      "hablante": "Hablante A",
      "inicio": 0.03,
      "fin": 16.8,
      "duracion": 16.76,
      "texto": "Ya me quiero en...",
      "confianza": 0.746
    },
    {
      "hablante": "Hablante B",
      "inicio": 18.42,
      "fin": 19.14,
      "duracion": 0.72,
      "texto": "Yo ahora voy a vender una.",
      "confianza": 0.261
    },
    {
      "hablante": "Hablante B",
      "inicio": 19.16,
      "fin": 19.26,
      "duracion": 0.1,
      "texto": "Hola.",
      "confianza": 0.087
    },
    {
      "hablante": "Hablante B",
      "inicio": 19.28,
      "fin": 20.04,
      "duracion": 0.76,
      "texto": "Hola, Carlos.",
      "confianza": 0.144
    },
    {
      "hablante": "Hablante B",
      "inicio": 20.06,
      "fin": 20.18,
      "duracion": 0.12,
      "texto": "Sí.",
      "confianza": 0.37
    },
    {
      "hablante": "Hablante B",
      "inicio": 20.22,
      "fin": 22.1,
      "duracion": 1.88,
      "texto": "No hay problema, no hay problema, quédate tranquilo.",
      "confianza": 0.54
    },
    {
      "hablante": "Hablante B",
      "inicio": 22.52,
      "fin": 29.73,
      "duracion": 7.21,
      "texto": "Bueno, mira, lo que son las ofertas que te había comentado ayer a día de hoy cambiaron, sí, hoy tenemos un 80% de descuento.",
      "confianza": 0.651
    },
    {
      "hablante": "Hablante B",
      "inicio": 30.15,
      "fin": 37.82,
      "duracion": 7.67,
      "texto": "lo que es el plan que el de 4 gigas con 10 de regalo te queda en 7.790, ¿sí?",
      "confianza": 0.513
    },
    {
      "hablante": "Hablante B",
      "inicio": 37.84,
      "fin": 39.72,
      "duracion": 1.88,
      "texto": "Sí, sí, con eso estaría bien.",
      "confianza": 0.155
    },
    {
      "hablante": "Hablante B",
      "inicio": 39.74,
      "fin": 42.91,
      "duracion": 3.16,
      "texto": "Ah, bueno, perfecto, con 14 gigas estarías bien.",
      "confianza": 0.409
    },
    {
      "hablante": "Hablante B",
      "inicio": 42.93,
      "fin": 44.11,
      "duracion": 1.18,
      "texto": "Sí, perfecto.",
      "confianza": 0.651
    },
    {
      "hablante": "Hablante B",
      "inicio": 44.15,
      "fin": 49.34,
      "duracion": 5.19,
      "texto": "Perfecto, entonces, bueno, te voy a corroborar nosotros que me figuren en el sistema, ¿sí?",
      "confianza": 0.727
    },
    {
      "hablante": "Hablante B",
      "inicio": 49.35,
      "fin": 57.87,
      "duracion": 8.51,
      "texto": "Bueno, sí, yo seguramente debo estar registrado porque encima tengo una línea, mi nombre, que es línea, digamos, línea de...",
      "confianza": 0.552
    },
    {
      "hablante": "Hablante B",
      "inicio": 59.18,
      "fin": 62.3,
      "duracion": 3.12,
      "texto": "de línea, de la casa, teléfono de casa, ¿viste?",
      "confianza": 0.485
    },
    {
      "hablante": "Hablante B",
      "inicio": 62.32,
      "fin": 65.71,
      "duracion": 3.38,
      "texto": "Ah, ¿usted tiene internet de movistar?",
      "confianza": 0.772
    },
    {
      "hablante": "Hablante B",
      "inicio": 65.73,
      "fin": 70.65,
      "duracion": 4.93,
      "texto": "No, no tengo internet, solo teléfono.",
      "confianza": 0.488
    },
    {
      "hablante": "Hablante B",
      "inicio": 70.67,
      "fin": 71.01,
      "duracion": 0.34,
      "texto": "Ah, líneas fijas.",
      "confianza": 0.026
    },
    {
      "hablante": "Hablante B",
      "inicio": 71.03,
      "fin": 71.25,
      "duracion": 0.22,
      "texto": "Línea fija.",
      "confianza": 0.014
    },
    {
      "hablante": "Hablante B",
      "inicio": 71.28,
      "fin": 72.52,
      "duracion": 1.24,
      "texto": "Ah, perfecto, perfecto.",
      "confianza": 0.617
    },
    {
      "hablante": "Hablante B",
      "inicio": 72.54,
      "fin": 76.56,
      "duracion": 4.03,
      "texto": "Sí, sí, figura que es el sistema, que tiene algo activo.",
      "confianza": 0.559
    },
    {
      "hablante": "Hablante B",
      "inicio": 76.58,
      "fin": 80.85,
      "duracion": 4.27,
      "texto": "Bien, me figura, su nombre completo, Carlos Gabriel Simonini.",
      "confianza": 0.505
    },
    {
      "hablante": "Hablante B",
      "inicio": 80.87,
      "fin": 80.93,
      "duracion": 0.06,
      "texto": "Sí.",
      "confianza": 0.017
    },
    {
      "hablante": "Hablante B",
      "inicio": 80.95,
      "fin": 82.61,
      "duracion": 1.66,
      "texto": "Bien, su número de documento 28-061-395.",
      "confianza": 0.515
    },
    {
      "hablante": "Hablante B",
      "inicio": 82.89,
      "fin": 86.86,
      "duracion": 3.96,
      "texto": "Sí, sí, es el mismo.",
      "confianza": 0.378
    },
    {
      "hablante": "Hablante B",
      "inicio": 87.0,
      "fin": 89.27,
      "duracion": 2.26,
      "texto": "Bien, ¿la fecha de nacimiento es 20 de 4 de 1980?",
      "confianza": 0.537
    },
    {
      "hablante": "Hablante B",
      "inicio": 89.31,
      "fin": 89.43,
      "duracion": 0.12,
      "texto": "Sí.",
      "confianza": 0.524
    },
    {
      "hablante": "Hablante B",
      "inicio": 89.55,
      "fin": 89.97,
      "duracion": 0.42,
      "texto": "Perfecto.",
      "confianza": 0.307
    },
    {
      "hablante": "Hablante B",
      "inicio": 89.99,
      "fin": 97.55,
      "duracion": 7.57,
      "texto": "Bien, ¿y su... Me desfigura en su correo electrónico?",
      "confianza": 0.591
    },
    {
      "hablante": "Hablante B",
      "inicio": 98.33,
      "fin": 104.64,
      "duracion": 6.31,
      "texto": "No sé si es el actual, es cachorridermeamigo.com Este mismo.",
      "confianza": 0.68
    },
    {
      "hablante": "Hablante B",
      "inicio": 104.68,
      "fin": 105.06,
      "duracion": 0.38,
      "texto": "Perfecto.",
      "confianza": 0.826
    },
    {
      "hablante": "Hablante B",
      "inicio": 105.36,
      "fin": 107.02,
      "duracion": 1.66,
      "texto": "Bien, ¿usted está en Buenos Aires?",
      "confianza": 0.668
    },
    {
      "hablante": "Hablante B",
      "inicio": 107.04,
      "fin": 108.3,
      "duracion": 1.26,
      "texto": "¿En qué localidad?",
      "confianza": 0.589
    },
    {
      "hablante": "Hablante A",
      "inicio": 109.8,
      "fin": 113.33,
      "duracion": 3.52,
      "texto": "Ahora no le da, lo podría Rafa Alcantar.",
      "confianza": 0.315
    },
    {
      "hablante": "Hablante A",
      "inicio": 113.35,
      "fin": 113.87,
      "duracion": 0.52,
      "texto": "¿De Cotonde?",
      "confianza": 0.415
    },
    {
      "hablante": "Hablante A",
      "inicio": 115.19,
      "fin": 116.37,
      "duracion": 1.18,
      "texto": "Rafa Alcantar se va a matar.",
      "confianza": 0.314
    },
    {
      "hablante": "Hablante A",
      "inicio": 116.86,
      "fin": 117.62,
      "duracion": 0.76,
      "texto": "Ah, perfecto.",
      "confianza": 0.634
    },
    {
      "hablante": "Hablante A",
      "inicio": 117.9,
      "fin": 128.74,
      "duracion": 10.84,
      "texto": "Yo te consulto esto porque mi idea sería enviarle lo que es el chip a un de los sucursales que usted tenga de Movistar cercano para que te lo pueda buscar en 48 a 72 horas hábiles, ¿sí?",
      "confianza": 0.573
    },
    {
      "hablante": "Hablante A",
      "inicio": 128.75,
      "fin": 132.1,
      "duracion": 3.35,
      "texto": "Sí, de último lo puedes buscar por morón que a mí me queda más cómodo.",
      "confianza": 0.488
    },
    {
      "hablante": "Hablante A",
      "inicio": 132.12,
      "fin": 133.1,
      "duracion": 0.98,
      "texto": "Ah, bueno, perfecto.",
      "confianza": 0.337
    },
    {
      "hablante": "Hablante A",
      "inicio": 133.26,
      "fin": 139.83,
      "duracion": 6.57,
      "texto": "Mientras que tenga línea, mientras que yo no me quede sin la línea, está todo bien.",
      "confianza": 0.38
    },
    {
      "hablante": "Hablante A",
      "inicio": 139.85,
      "fin": 141.4,
      "duracion": 1.54,
      "texto": "Todo el paso lo repito.",
      "confianza": 0.57
    },
    {
      "hablante": "Hablante A",
      "inicio": 141.44,
      "fin": 144.72,
      "duracion": 3.28,
      "texto": "Nunca se va a quedar incomunicado, así que quédense tranquilos.",
      "confianza": 0.576
    },
    {
      "hablante": "Hablante A",
      "inicio": 145.0,
      "fin": 148.03,
      "duracion": 3.02,
      "texto": "La baja del modelo se va a dar cuando usted cambie el chip.",
      "confianza": 0.644
    },
    {
      "hablante": "Hablante A",
      "inicio": 148.05,
      "fin": 150.79,
      "duracion": 2.74,
      "texto": "Yo lo voy a revisar el día, ¿sí?",
      "confianza": 0.401
    },
    {
      "hablante": "Hablante A",
      "inicio": 150.81,
      "fin": 150.87,
      "duracion": 0.06,
      "texto": "Ok.",
      "confianza": 0.085
    },
    {
      "hablante": "Hablante A",
      "inicio": 150.89,
      "fin": 153.72,
      "duracion": 2.83,
      "texto": "Después no me queda ninguna deuda, por un claro, ¿no?",
      "confianza": 0.419
    },
    {
      "hablante": "Hablante A",
      "inicio": 153.74,
      "fin": 154.1,
      "duracion": 0.36,
      "texto": "No, no.",
      "confianza": 0.426
    },
    {
      "hablante": "Hablante A",
      "inicio": 154.12,
      "fin": 155.52,
      "duracion": 1.4,
      "texto": "Usted pagó la última factura.",
      "confianza": 0.785
    },
    {
      "hablante": "Hablante B",
      "inicio": 158.0,
      "fin": 158.48,
      "duracion": 0.48,
      "texto": "Y está la cabeza tapada.",
      "confianza": 0.018
    },
    {
      "hablante": "Hablante B",
      "inicio": 158.5,
      "fin": 159.02,
      "duracion": 0.52,
      "texto": "Ah, entonces sí, ya está.",
      "confianza": 0.058
    },
    {
      "hablante": "Hablante B",
      "inicio": 159.04,
      "fin": 162.37,
      "duracion": 3.32,
      "texto": "No sea problema porque usted, como mucho, ya el lunes va a hacer Modestar.",
      "confianza": 0.539
    },
    {
      "hablante": "Hablante B",
      "inicio": 162.51,
      "fin": 164.49,
      "duracion": 1.98,
      "texto": "Sí, es bastante rápido lo que es la portadilla.",
      "confianza": 0.45
    },
    {
      "hablante": "Hablante B",
      "inicio": 165.07,
      "fin": 165.17,
      "duracion": 0.1,
      "texto": "Bien.",
      "confianza": 0.201
    },
    {
      "hablante": "Hablante B",
      "inicio": 165.52,
      "fin": 172.99,
      "duracion": 7.47,
      "texto": "Tengo dos en Morán, las dos que tengo y tengo que poner una sí o sí, tengo que dejar una sentada por protocolo.",
      "confianza": 0.634
    },
    {
      "hablante": "Hablante B",
      "inicio": 173.13,
      "fin": 175.05,
      "duracion": 1.92,
      "texto": "Tengo una en la calle del 9 de julio del 194.",
      "confianza": 0.595
    },
    {
      "hablante": "Hablante B",
      "inicio": 175.07,
      "fin": 183.02,
      "duracion": 7.95,
      "texto": "Sí, también la otra creo que está en Río Dabia, ¿no?",
      "confianza": 0.383
    },
    {
      "hablante": "Hablante B",
      "inicio": 183.04,
      "fin": 183.84,
      "duracion": 0.8,
      "texto": "Sí, al 183-44.",
      "confianza": 0.378
    },
    {
      "hablante": "Hablante B",
      "inicio": 184.86,
      "fin": 191.37,
      "duracion": 6.51,
      "texto": "Me parece que es la de Río Dabia, imagínate.",
      "confianza": 0.124
    },
    {
      "hablante": "Hablante B",
      "inicio": 191.39,
      "fin": 193.47,
      "duracion": 2.08,
      "texto": "Bien, entonces ponemos la de Río Dabia.",
      "confianza": 0.749
    },
    {
      "hablante": "Hablante B",
      "inicio": 194.06,
      "fin": 198.29,
      "duracion": 4.23,
      "texto": "No, en la otra, la otra.",
      "confianza": 0.223
    },
    {
      "hablante": "Hablante B",
      "inicio": 198.31,
      "fin": 198.65,
      "duracion": 0.34,
      "texto": "La de 9 de julio.",
      "confianza": 0.019
    },
    {
      "hablante": "Hablante B",
      "inicio": 198.67,
      "fin": 198.97,
      "duracion": 0.3,
      "texto": "9 de julio, sí.",
      "confianza": 0.011
    },
    {
      "hablante": "Hablante B",
      "inicio": 198.99,
      "fin": 201.87,
      "duracion": 2.88,
      "texto": "Porque estamos un mes más antes del centro, me parece.",
      "confianza": 0.184
    },
    {
      "hablante": "Hablante B",
      "inicio": 201.89,
      "fin": 203.59,
      "duracion": 1.7,
      "texto": "Ok, 9 de julio al 194 de Morón.",
      "confianza": 0.579
    },
    {
      "hablante": "Hablante B",
      "inicio": 203.61,
      "fin": 208.42,
      "duracion": 4.81,
      "texto": "Bien, perfecto.",
      "confianza": 0.262
    },
    {
      "hablante": "Hablante B",
      "inicio": 208.44,
      "fin": 213.81,
      "duracion": 5.37,
      "texto": "Bien, ahora lo que yo voy a hacer va a ser enviarle lo que es un código de portabilidad, ¿sí?",
      "confianza": 0.673
    },
    {
      "hablante": "Hablante B",
      "inicio": 213.83,
      "fin": 216.87,
      "duracion": 3.04,
      "texto": "Esto le va a llegar por mensaje de textores del 223.",
      "confianza": 0.621
    },
    {
      "hablante": "Hablante B",
      "inicio": 217.35,
      "fin": 223.1,
      "duracion": 5.75,
      "texto": "A ese mensajito yo necesito que usted le saque una captura de pantalla y me lo brinde por el chat de WhatsApp, ¿sí?",
      "confianza": 0.542
    },
    {
      "hablante": "Hablante B",
      "inicio": 223.12,
      "fin": 223.24,
      "duracion": 0.12,
      "texto": "Bueno.",
      "confianza": 0.168
    },
    {
      "hablante": "Hablante B",
      "inicio": 223.57,
      "fin": 230.22,
      "duracion": 6.65,
      "texto": "Bien, cuando se lo envíe, le van a empezar a ingresar lo que son llamadas de números desconocidos o números que usted no tiene agendados.",
      "confianza": 0.732
    },
    {
      "hablante": "Hablante B",
      "inicio": 230.58,
      "fin": 237.03,
      "duracion": 6.45,
      "texto": "Le pido por favor, no los atienda porque estamos corroborando que usted tenga la línea activa, ¿sí?",
      "confianza": 0.529
    },
    {
      "hablante": "Hablante B",
      "inicio": 237.05,
      "fin": 238.93,
      "duracion": 1.88,
      "texto": "Bien, ahí le aviso cuando esté enviado.",
      "confianza": 0.625
    },
    {
      "hablante": "Hablante B",
      "inicio": 238.95,
      "fin": 247.06,
      "duracion": 8.11,
      "texto": "Dame un segundo.",
      "confianza": 0.163
    },
    {
      "hablante": "Hablante B",
      "inicio": 247.08,
      "fin": 247.7,
      "duracion": 0.62,
      "texto": "Ya está enviado.",
      "confianza": 0.194
    },
    {
      "hablante": "Hablante B",
      "inicio": 248.38,
      "fin": 249.58,
      "duracion": 1.2,
      "texto": "Ahí se me sirve el dedo.",
      "confianza": 0.521
    },
    {
      "hablante": "Hablante A",
      "inicio": 254.54,
      "fin": 256.64,
      "duracion": 2.1,
      "texto": "Ahí me fijo, dame un segundo.",
      "confianza": 0.093
    },
    {
      "hablante": "Hablante A",
      "inicio": 256.66,
      "fin": 257.78,
      "duracion": 1.12,
      "texto": "Sí, tómese su tiempo, no el problema.",
      "confianza": 0.603
    },
    {
      "hablante": "Hablante B",
      "inicio": 261.69,
      "fin": 263.33,
      "duracion": 1.64,
      "texto": "No, por ahora no me sube nada.",
      "confianza": 0.408
    },
    {
      "hablante": "Hablante B",
      "inicio": 263.35,
      "fin": 264.85,
      "duracion": 1.5,
      "texto": "¿No le llenas?",
      "confianza": 0.445
    },
    {
      "hablante": "Hablante B",
      "inicio": 264.87,
      "fin": 268.6,
      "duracion": 3.73,
      "texto": "Bien, deme un segundo.",
      "confianza": 0.454
    },
    {
      "hablante": "Hablante A",
      "inicio": 271.46,
      "fin": 271.88,
      "duracion": 0.42,
      "texto": "Deme un segundo, ¿sí?",
      "confianza": 0.003
    },
    {
      "hablante": "Hablante A",
      "inicio": 271.9,
      "fin": 272.14,
      "duracion": 0.24,
      "texto": "Ahí me sube.",
      "confianza": 0.004
    },
    {
      "hablante": "Hablante A",
      "inicio": 272.16,
      "fin": 276.69,
      "duracion": 4.53,
      "texto": "Ah, buenísimo, perfecto.",
      "confianza": 0.57
    },
    {
      "hablante": "Hablante A",
      "inicio": 276.71,
      "fin": 279.69,
      "duracion": 2.98,
      "texto": "¿Tenemos que hacer una captura después o ahora?",
      "confianza": 0.347
    },
    {
      "hablante": "Hablante A",
      "inicio": 279.71,
      "fin": 281.05,
      "duracion": 1.34,
      "texto": "Ahora, si me lo querés pasar ahora mejor.",
      "confianza": 0.588
    },
    {
      "hablante": "Hablante A",
      "inicio": 281.07,
      "fin": 283.84,
      "duracion": 2.76,
      "texto": "Y te pido una foto del frente y el dorso de tu N.I.",
      "confianza": 0.722
    },
    {
      "hablante": "Hablante A",
      "inicio": 284.0,
      "fin": 287.77,
      "duracion": 3.76,
      "texto": "y luego ya la borra, ¿sí?",
      "confianza": 0.571
    },
    {
      "hablante": "Hablante A",
      "inicio": 287.85,
      "fin": 293.68,
      "duracion": 5.83,
      "texto": "No hay problema.",
      "confianza": 0.544
    },
    {
      "hablante": "Hablante A",
      "inicio": 293.7,
      "fin": 295.94,
      "duracion": 2.24,
      "texto": "Para porque no me parece.",
      "confianza": 0.211
    },
    {
      "hablante": "Hablante A",
      "inicio": 295.96,
      "fin": 312.86,
      "duracion": 16.9,
      "texto": "Sí, no sea problema, lo espero.",
      "confianza": 0.584
    },
    {
      "hablante": "Hablante B",
      "inicio": 316.1,
      "fin": 318.0,
      "duracion": 1.9,
      "texto": "Vamos, un segundo.",
      "confianza": 0.223
    },
    {
      "hablante": "Hablante B",
      "inicio": 318.02,
      "fin": 318.72,
      "duracion": 0.7,
      "texto": "Sí, sí, tranquilo.",
      "confianza": 0.367
    },
    {
      "hablante": "Hablante A",
      "inicio": 334.05,
      "fin": 335.59,
      "duracion": 1.54,
      "texto": "¿Te lo mando a tu WhatsApp?",
      "confianza": 0.35
    },
    {
      "hablante": "Hablante A",
      "inicio": 335.61,
      "fin": 337.33,
      "duracion": 1.72,
      "texto": "Sí, a mi WhatsApp, al que estábamos hablando.",
      "confianza": 0.57
    },
    {
      "hablante": "Hablante A",
      "inicio": 338.19,
      "fin": 339.5,
      "duracion": 1.3,
      "texto": "Y las fotos del DNI también.",
      "confianza": 0.636
    },
    {
      "hablante": "Hablante B",
      "inicio": 345.26,
      "fin": 345.36,
      "duracion": 0.1,
      "texto": "Eh...",
      "confianza": 0.2
    },
    {
      "hablante": "Hablante A",
      "inicio": 353.34,
      "fin": 354.41,
      "duracion": 1.06,
      "texto": "Perfecto.",
      "confianza": 0.776
    },
    {
      "hablante": "Hablante A",
      "inicio": 354.43,
      "fin": 375.35,
      "duracion": 20.93,
      "texto": "Ahí estoy validando lo que es el código, que eso está perfecto.",
      "confianza": 0.572
    }
  ],
  "transcripcion_completa": "Ya me quiero en... Yo ahora voy a vender una. Hola. Hola, Carlos. Sí. No hay problema, no hay problema, quédate tranquilo. Bueno, mira, lo que son las ofertas que te había comentado ayer a día de hoy cambiaron, sí, hoy tenemos un 80% de descuento. lo que es el plan que el de 4 gigas con 10 de regalo te queda en 7.790, ¿sí? Sí, sí, con eso estaría bien. Ah, bueno, perfecto, con 14 gigas estarías bien. Sí, perfecto. Perfecto, entonces, bueno, te voy a corroborar nosotros que me figuren en el sistema, ¿sí? Bueno, sí, yo seguramente debo estar registrado porque encima tengo una línea, mi nombre, que es línea, digamos, línea de... de línea, de la casa, teléfono de casa, ¿viste? Ah, ¿usted tiene internet de movistar? No, no tengo internet, solo teléfono. Ah, líneas fijas. Línea fija. Ah, perfecto, perfecto. Sí, sí, figura que es el sistema, que tiene algo activo. Bien, me figura, su nombre completo, Carlos Gabriel Simonini. Sí. Bien, su número de documento 28-061-395. Sí, sí, es el mismo. Bien, ¿la fecha de nacimiento es 20 de 4 de 1980? Sí. Perfecto. Bien, ¿y su... Me desfigura en su correo electrónico? No sé si es el actual, es cachorridermeamigo.com Este mismo. Perfecto. Bien, ¿usted está en Buenos Aires? ¿En qué localidad? Ahora no le da, lo podría Rafa Alcantar. ¿De Cotonde? Rafa Alcantar se va a matar. Ah, perfecto. Yo te consulto esto porque mi idea sería enviarle lo que es el chip a un de los sucursales que usted tenga de Movistar cercano para que te lo pueda buscar en 48 a 72 horas hábiles, ¿sí? Sí, de último lo puedes buscar por morón que a mí me queda más cómodo. Ah, bueno, perfecto. Mientras que tenga línea, mientras que yo no me quede sin la línea, está todo bien. Todo el paso lo repito. Nunca se va a quedar incomunicado, así que quédense tranquilos. La baja del modelo se va a dar cuando usted cambie el chip. Yo lo voy a revisar el día, ¿sí? Ok. Después no me queda ninguna deuda, por un claro, ¿no? No, no. Usted pagó la última factura. Y está la cabeza tapada. Ah, entonces sí, ya está. No sea problema porque usted, como mucho, ya el lunes va a hacer Modestar. Sí, es bastante rápido lo que es la portadilla. Bien. Tengo dos en Morán, las dos que tengo y tengo que poner una sí o sí, tengo que dejar una sentada por protocolo. Tengo una en la calle del 9 de julio del 194. Sí, también la otra creo que está en Río Dabia, ¿no? Sí, al 183-44. Me parece que es la de Río Dabia, imagínate. Bien, entonces ponemos la de Río Dabia. No, en la otra, la otra. La de 9 de julio. 9 de julio, sí. Porque estamos un mes más antes del centro, me parece. Ok, 9 de julio al 194 de Morón. Bien, perfecto. Bien, ahora lo que yo voy a hacer va a ser enviarle lo que es un código de portabilidad, ¿sí? Esto le va a llegar por mensaje de textores del 223. A ese mensajito yo necesito que usted le saque una captura de pantalla y me lo brinde por el chat de WhatsApp, ¿sí? Bueno. Bien, cuando se lo envíe, le van a empezar a ingresar lo que son llamadas de números desconocidos o números que usted no tiene agendados. Le pido por favor, no los atienda porque estamos corroborando que usted tenga la línea activa, ¿sí? Bien, ahí le aviso cuando esté enviado. Dame un segundo. Ya está enviado. Ahí se me sirve el dedo. Ahí me fijo, dame un segundo. Sí, tómese su tiempo, no el problema. No, por ahora no me sube nada. ¿No le llenas? Bien, deme un segundo. Deme un segundo, ¿sí? Ahí me sube. Ah, buenísimo, perfecto. ¿Tenemos que hacer una captura después o ahora? Ahora, si me lo querés pasar ahora mejor. Y te pido una foto del frente y el dorso de tu N.I. y luego ya la borra, ¿sí? No hay problema. Para porque no me parece. Sí, no sea problema, lo espero. Vamos, un segundo. Sí, sí, tranquilo. ¿Te lo mando a tu WhatsApp? Sí, a mi WhatsApp, al que estábamos hablando. Y las fotos del DNI también. Eh... Perfecto. Ahí estoy validando lo que es el código, que eso está perfecto.",
  "calidad": {
    "confianza_promedio": 0.431,
    "metodo_diarizacion": "pausas_fallback",
    "tiempo_procesamiento": 16.6
  },
  "metadata": {
    "modelo": "whisperx_medium",
    "diarizacion": "pausas",
    "dispositivo": "cuda",
    "fecha": "2026-02-18T23:56:11.502831",
    "version": "5.0_ecapa"
  }
}