{
  "archivo": "amza10_1_260213121710904_ACD_31107.wav",
  "duracion_segundos": 91.21,
  "num_segmentos": 25,
  "num_hablantes": 2,
  "hablantes": [
    "Hablante A",
    "Hablante B"
  ],
  "tiempo_por_hablante": {
    "Hablante B": 58.2,
    "Hablante A": 17.69
  },
  "idioma": "es",
  "conversacion": [
    {
      "hablante": "Hablante B",
      "inicio": 1.72,
      "fin": 5.25,
      "duracion": 3.53,
      "texto": "Hola, buenos días.",
      "confianza": 0.065
    },
    {
      "hablante": "Hablante B",
      "inicio": 5.27,
      "fin": 5.45,
      "duracion": 0.18,
      "texto": "Buen día.",
      "confianza": 0.011
    },
    {
      "hablante": "Hablante B",
      "inicio": 5.47,
      "fin": 7.11,
      "duracion": 1.64,
      "texto": "Hola, sí, buenos días.",
      "confianza": 0.263
    },
    {
      "hablante": "Hablante B",
      "inicio": 7.13,
      "fin": 7.83,
      "duracion": 0.7,
      "texto": "Sí, buen día.",
      "confianza": 0.455
    },
    {
      "hablante": "Hablante B",
      "inicio": 8.6,
      "fin": 9.74,
      "duracion": 1.14,
      "texto": "¿Cómo están?",
      "confianza": 0.348
    },
    {
      "hablante": "Hablante B",
      "inicio": 9.76,
      "fin": 13.39,
      "duracion": 3.63,
      "texto": "Lourdes, hablaste de una bonificación en tu línea.",
      "confianza": 0.71
    },
    {
      "hablante": "Hablante B",
      "inicio": 13.41,
      "fin": 16.26,
      "duracion": 2.85,
      "texto": "¿Estás en claro que también es correcto?",
      "confianza": 0.625
    },
    {
      "hablante": "Hablante A",
      "inicio": 18.08,
      "fin": 18.14,
      "duracion": 0.06,
      "texto": "Sí.",
      "confianza": 0.327
    },
    {
      "hablante": "Hablante B",
      "inicio": 20.2,
      "fin": 24.14,
      "duracion": 3.94,
      "texto": "Bien, nosotros lo dinamos para... queríamos darte lo que es una oferta así.",
      "confianza": 0.338
    },
    {
      "hablante": "Hablante B",
      "inicio": 24.5,
      "fin": 29.77,
      "duracion": 5.27,
      "texto": "¿Qué tenemos de 80% de descuento con un plan de ocho siglas de antes?",
      "confianza": 0.45
    },
    {
      "hablante": "Hablante B",
      "inicio": 29.79,
      "fin": 30.55,
      "duracion": 0.76,
      "texto": "Alguien llega a la red.",
      "confianza": 0.07
    },
    {
      "hablante": "Hablante B",
      "inicio": 30.57,
      "fin": 34.23,
      "duracion": 3.66,
      "texto": "Se escucha como un eco.",
      "confianza": 0.25
    },
    {
      "hablante": "Hablante B",
      "inicio": 34.25,
      "fin": 34.37,
      "duracion": 0.12,
      "texto": "¿Cómo?",
      "confianza": 0.075
    },
    {
      "hablante": "Hablante B",
      "inicio": 34.39,
      "fin": 35.53,
      "duracion": 1.14,
      "texto": "Se escucha como un eco.",
      "confianza": 0.765
    },
    {
      "hablante": "Hablante B",
      "inicio": 35.55,
      "fin": 39.2,
      "duracion": 3.64,
      "texto": "Ya me quería cambiar la línea y movistar, escucho como un eco.",
      "confianza": 0.731
    },
    {
      "hablante": "Hablante B",
      "inicio": 39.22,
      "fin": 46.07,
      "duracion": 6.85,
      "texto": "Entonces, quiere decir que es mala la línea.",
      "confianza": 0.414
    },
    {
      "hablante": "Hablante B",
      "inicio": 46.09,
      "fin": 46.39,
      "duracion": 0.3,
      "texto": "¿Cómo?",
      "confianza": 0.182
    },
    {
      "hablante": "Hablante B",
      "inicio": 46.41,
      "fin": 46.73,
      "duracion": 0.32,
      "texto": "No entendí.",
      "confianza": 0.108
    },
    {
      "hablante": "Hablante A",
      "inicio": 48.33,
      "fin": 53.27,
      "duracion": 4.95,
      "texto": "Te escucho como tres veces en la misma palabra porque está dando un eco.",
      "confianza": 0.736
    },
    {
      "hablante": "Hablante B",
      "inicio": 57.18,
      "fin": 62.87,
      "duracion": 5.69,
      "texto": "Y si el servicio es así, no, no me lo ofrezcas.",
      "confianza": 0.771
    },
    {
      "hablante": "Hablante B",
      "inicio": 62.89,
      "fin": 67.35,
      "duracion": 4.47,
      "texto": "No entiendo, en su línea es claro que escuchas.",
      "confianza": 0.392
    },
    {
      "hablante": "Hablante B",
      "inicio": 67.37,
      "fin": 70.36,
      "duracion": 2.98,
      "texto": "No, todo lo que me llaman yo escucho bien.",
      "confianza": 0.637
    },
    {
      "hablante": "Hablante B",
      "inicio": 70.38,
      "fin": 74.36,
      "duracion": 3.99,
      "texto": "Estoy hablando de un dramador que anda perfecto.",
      "confianza": 0.446
    },
    {
      "hablante": "Hablante B",
      "inicio": 74.38,
      "fin": 75.79,
      "duracion": 1.4,
      "texto": "Después me decís que se va a desmovizar.",
      "confianza": 0.181
    },
    {
      "hablante": "Hablante A",
      "inicio": 78.53,
      "fin": 91.21,
      "duracion": 12.68,
      "texto": "¿Alguien habla atrás?",
      "confianza": 0.611
    }
  ],
  "transcripcion_completa": "Hola, buenos días. Buen día. Hola, sí, buenos días. Sí, buen día. ¿Cómo están? Lourdes, hablaste de una bonificación en tu línea. ¿Estás en claro que también es correcto? Sí. Bien, nosotros lo dinamos para... queríamos darte lo que es una oferta así. ¿Qué tenemos de 80% de descuento con un plan de ocho siglas de antes? Alguien llega a la red. Se escucha como un eco. ¿Cómo? Se escucha como un eco. Ya me quería cambiar la línea y movistar, escucho como un eco. Entonces, quiere decir que es mala la línea. ¿Cómo? No entendí. Te escucho como tres veces en la misma palabra porque está dando un eco. Y si el servicio es así, no, no me lo ofrezcas. No entiendo, en su línea es claro que escuchas. No, todo lo que me llaman yo escucho bien. Estoy hablando de un dramador que anda perfecto. Después me decís que se va a desmovizar. ¿Alguien habla atrás?",
  "calidad": {
    "confianza_promedio": 0.398,
    "metodo_diarizacion": "pausas_fallback",
    "tiempo_procesamiento": 7.6
  },
  "metadata": {
    "modelo": "whisperx_medium",
    "diarizacion": "pausas",
    "dispositivo": "cuda",
    "fecha": "2026-02-18T22:49:11.152660",
    "version": "5.0_ecapa"
  }
}