{
  "archivo": "amza12_1_260210130142951_ACD_42509.wav",
  "duracion_segundos": 110.97,
  "num_segmentos": 37,
  "num_hablantes": 2,
  "hablantes": [
    "Hablante A",
    "Hablante B"
  ],
  "tiempo_por_hablante": {
    "Hablante A": 63.76,
    "Hablante B": 32.1
  },
  "idioma": "es",
  "conversacion": [
    {
      "hablante": "Hablante A",
      "inicio": 0.03,
      "fin": 2.49,
      "duracion": 2.46,
      "texto": "Hola.",
      "confianza": 0.191
    },
    {
      "hablante": "Hablante A",
      "inicio": 2.51,
      "fin": 3.23,
      "duracion": 0.72,
      "texto": "Hola, buenos días.",
      "confianza": 0.686
    },
    {
      "hablante": "Hablante A",
      "inicio": 3.27,
      "fin": 3.72,
      "duracion": 0.44,
      "texto": "¿Cómo estás?",
      "confianza": 0.446
    },
    {
      "hablante": "Hablante A",
      "inicio": 3.74,
      "fin": 6.76,
      "duracion": 3.02,
      "texto": "¿Me comunico con Raúl?",
      "confianza": 0.679
    },
    {
      "hablante": "Hablante A",
      "inicio": 6.78,
      "fin": 6.86,
      "duracion": 0.08,
      "texto": "¿Sí?",
      "confianza": 0.04
    },
    {
      "hablante": "Hablante A",
      "inicio": 6.88,
      "fin": 7.96,
      "duracion": 1.08,
      "texto": "Raúl, cómo le va buen día.",
      "confianza": 0.539
    },
    {
      "hablante": "Hablante A",
      "inicio": 7.98,
      "fin": 9.02,
      "duracion": 1.04,
      "texto": "Noelia es mi nombre.",
      "confianza": 0.283
    },
    {
      "hablante": "Hablante A",
      "inicio": 9.04,
      "fin": 11.43,
      "duracion": 2.38,
      "texto": "Me estoy comunicando del área de beneficios móviles.",
      "confianza": 0.668
    },
    {
      "hablante": "Hablante A",
      "inicio": 11.45,
      "fin": 14.75,
      "duracion": 3.3,
      "texto": "¿Cómo estás?",
      "confianza": 0.682
    },
    {
      "hablante": "Hablante A",
      "inicio": 14.77,
      "fin": 15.39,
      "duracion": 0.62,
      "texto": "Yo no te escucho bien.",
      "confianza": 0.161
    },
    {
      "hablante": "Hablante A",
      "inicio": 16.51,
      "fin": 20.86,
      "duracion": 4.35,
      "texto": "Me comunico del área de beneficios móviles.",
      "confianza": 0.669
    },
    {
      "hablante": "Hablante A",
      "inicio": 20.88,
      "fin": 21.34,
      "duracion": 0.46,
      "texto": "¿Me escuchas mejor ahí?",
      "confianza": 0.009
    },
    {
      "hablante": "Hablante A",
      "inicio": 21.36,
      "fin": 21.78,
      "duracion": 0.42,
      "texto": "Sí, ahora te escucho.",
      "confianza": 0.038
    },
    {
      "hablante": "Hablante A",
      "inicio": 21.8,
      "fin": 26.75,
      "duracion": 4.95,
      "texto": "Me estoy comunicando con vos el día de hoy porque tenemos un 85% de descuento para brindarle a tu línea, ¿sí?",
      "confianza": 0.606
    },
    {
      "hablante": "Hablante A",
      "inicio": 27.45,
      "fin": 29.11,
      "duracion": 1.66,
      "texto": "Actualmente estás en claro, ¿es correcto?",
      "confianza": 0.612
    },
    {
      "hablante": "Hablante B",
      "inicio": 30.96,
      "fin": 40.04,
      "duracion": 9.07,
      "texto": "No me puedo pasar porque yo saqué equipo de claro y no terminé de pagar.",
      "confianza": 0.463
    },
    {
      "hablante": "Hablante B",
      "inicio": 40.06,
      "fin": 41.5,
      "duracion": 1.44,
      "texto": "¿Hace cuánto sacaste los equipos?",
      "confianza": 0.726
    },
    {
      "hablante": "Hablante A",
      "inicio": 43.34,
      "fin": 45.58,
      "duracion": 2.24,
      "texto": "Hara como cuatro meses.",
      "confianza": 0.852
    },
    {
      "hablante": "Hablante A",
      "inicio": 45.6,
      "fin": 52.49,
      "duracion": 6.89,
      "texto": "Igual no se sabía que de todas maneras, más tarde que uno saca un equipo en claro, por ley vos podés cambiarte de compañía a cada 30 días.",
      "confianza": 0.708
    },
    {
      "hablante": "Hablante A",
      "inicio": 53.58,
      "fin": 58.2,
      "duracion": 4.63,
      "texto": "Si querés cambiarte de compañía lo podés hacer tranquilamente y podés seguir pagando el equipo en cuotas.",
      "confianza": 0.658
    },
    {
      "hablante": "Hablante A",
      "inicio": 59.04,
      "fin": 60.88,
      "duracion": 1.84,
      "texto": "Lo hemos hecho con muchos clientes.",
      "confianza": 0.747
    },
    {
      "hablante": "Hablante A",
      "inicio": 62.06,
      "fin": 63.98,
      "duracion": 1.92,
      "texto": "No, pero te agradezco.",
      "confianza": 0.582
    },
    {
      "hablante": "Hablante A",
      "inicio": 64.79,
      "fin": 67.49,
      "duracion": 2.7,
      "texto": "Yo cuando termine de pagar, recién me iba a pasar.",
      "confianza": 0.446
    },
    {
      "hablante": "Hablante A",
      "inicio": 67.51,
      "fin": 68.57,
      "duracion": 1.06,
      "texto": "Yo sé que estoy pagando mucho.",
      "confianza": 0.616
    },
    {
      "hablante": "Hablante B",
      "inicio": 70.33,
      "fin": 73.74,
      "duracion": 3.4,
      "texto": "Hoy la promo que está re buena.",
      "confianza": 0.639
    },
    {
      "hablante": "Hablante B",
      "inicio": 73.8,
      "fin": 80.19,
      "duracion": 6.39,
      "texto": "Imagínate que el plan más alto, que es el de 50 gigas, que tiene 10 de regalos, está en 14.257.",
      "confianza": 0.677
    },
    {
      "hablante": "Hablante B",
      "inicio": 80.34,
      "fin": 87.05,
      "duracion": 6.71,
      "texto": "Igual, no te agradezco, pero no me quiero meter más en quilombo.",
      "confianza": 0.567
    },
    {
      "hablante": "Hablante B",
      "inicio": 87.25,
      "fin": 89.02,
      "duracion": 1.76,
      "texto": "Cuando termine de pagar, me paso.",
      "confianza": 0.708
    },
    {
      "hablante": "Hablante B",
      "inicio": 89.55,
      "fin": 92.88,
      "duracion": 3.33,
      "texto": "Bueno, ¿te ha dado una consulta fibra óptica tan ofrecido para tu hogar?",
      "confianza": 0.613
    },
    {
      "hablante": "Hablante A",
      "inicio": 95.32,
      "fin": 96.7,
      "duracion": 1.38,
      "texto": "Sí, sí, sí, tengo, tengo.",
      "confianza": 0.186
    },
    {
      "hablante": "Hablante A",
      "inicio": 96.72,
      "fin": 98.47,
      "duracion": 1.74,
      "texto": "¿Tenés de claro?",
      "confianza": 0.668
    },
    {
      "hablante": "Hablante A",
      "inicio": 98.49,
      "fin": 103.24,
      "duracion": 4.75,
      "texto": "De claro, sí, tengo todo, todo, todo, todo el combo completo tengo de claro.",
      "confianza": 0.709
    },
    {
      "hablante": "Hablante A",
      "inicio": 103.26,
      "fin": 104.28,
      "duracion": 1.02,
      "texto": "Vale, perfecto.",
      "confianza": 0.548
    },
    {
      "hablante": "Hablante A",
      "inicio": 104.3,
      "fin": 106.02,
      "duracion": 1.72,
      "texto": "Le voy a dejar asentado, ¿sí?",
      "confianza": 0.129
    },
    {
      "hablante": "Hablante A",
      "inicio": 106.04,
      "fin": 107.6,
      "duracion": 1.56,
      "texto": "No, por favor, que si has venido.",
      "confianza": 0.493
    },
    {
      "hablante": "Hablante A",
      "inicio": 107.62,
      "fin": 110.15,
      "duracion": 2.53,
      "texto": "Muchas gracias, que tengas buen día, hasta luego.",
      "confianza": 0.42
    },
    {
      "hablante": "Hablante A",
      "inicio": 110.17,
      "fin": 110.97,
      "duracion": 0.8,
      "texto": "Igualmente, igualmente.",
      "confianza": 0.576
    }
  ],
  "transcripcion_completa": "Hola. Hola, buenos días. ¿Cómo estás? ¿Me comunico con Raúl? ¿Sí? Raúl, cómo le va buen día. Noelia es mi nombre. Me estoy comunicando del área de beneficios móviles. ¿Cómo estás? Yo no te escucho bien. Me comunico del área de beneficios móviles. ¿Me escuchas mejor ahí? Sí, ahora te escucho. Me estoy comunicando con vos el día de hoy porque tenemos un 85% de descuento para brindarle a tu línea, ¿sí? Actualmente estás en claro, ¿es correcto? No me puedo pasar porque yo saqué equipo de claro y no terminé de pagar. ¿Hace cuánto sacaste los equipos? Hara como cuatro meses. Igual no se sabía que de todas maneras, más tarde que uno saca un equipo en claro, por ley vos podés cambiarte de compañía a cada 30 días. Si querés cambiarte de compañía lo podés hacer tranquilamente y podés seguir pagando el equipo en cuotas. Lo hemos hecho con muchos clientes. No, pero te agradezco. Yo cuando termine de pagar, recién me iba a pasar. Yo sé que estoy pagando mucho. Hoy la promo que está re buena. Imagínate que el plan más alto, que es el de 50 gigas, que tiene 10 de regalos, está en 14.257. Igual, no te agradezco, pero no me quiero meter más en quilombo. Cuando termine de pagar, me paso. Bueno, ¿te ha dado una consulta fibra óptica tan ofrecido para tu hogar? Sí, sí, sí, tengo, tengo. ¿Tenés de claro? De claro, sí, tengo todo, todo, todo, todo el combo completo tengo de claro. Vale, perfecto. Le voy a dejar asentado, ¿sí? No, por favor, que si has venido. Muchas gracias, que tengas buen día, hasta luego. Igualmente, igualmente.",
  "calidad": {
    "confianza_promedio": 0.515,
    "metodo_diarizacion": "pausas_fallback",
    "tiempo_procesamiento": 8.8
  },
  "metadata": {
    "modelo": "whisperx_medium",
    "diarizacion": "pausas",
    "dispositivo": "cuda",
    "fecha": "2026-02-18T23:01:43.427000",
    "version": "5.0_ecapa"
  }
}