{
  "archivo": "amza15_1_260209101514490_ACD_70681.wav",
  "duracion_segundos": 148.72,
  "num_segmentos": 40,
  "num_hablantes": 2,
  "hablantes": [
    "Hablante A",
    "Hablante B"
  ],
  "tiempo_por_hablante": {
    "Hablante A": 105.24,
    "Hablante B": 15.45
  },
  "idioma": "es",
  "conversacion": [
    {
      "hablante": "Hablante A",
      "inicio": 0.25,
      "fin": 4.16,
      "duracion": 3.91,
      "texto": "Hola, buen día Juan Humberto.",
      "confianza": 0.457
    },
    {
      "hablante": "Hablante B",
      "inicio": 5.84,
      "fin": 5.94,
      "duracion": 0.1,
      "texto": "Sí.",
      "confianza": 0.399
    },
    {
      "hablante": "Hablante B",
      "inicio": 5.96,
      "fin": 10.35,
      "duracion": 4.39,
      "texto": "Juan, mucho gusto, mi nombre es Agustín, yo lo estoy llamando desde el área de calidad movistar, ¿cómo le va todo bien?",
      "confianza": 0.511
    },
    {
      "hablante": "Hablante A",
      "inicio": 13.39,
      "fin": 13.75,
      "duracion": 0.36,
      "texto": "Ah, sí, está bien.",
      "confianza": 0.026
    },
    {
      "hablante": "Hablante A",
      "inicio": 13.77,
      "fin": 14.11,
      "duracion": 0.34,
      "texto": "Vale, mucho.",
      "confianza": 0.201
    },
    {
      "hablante": "Hablante A",
      "inicio": 14.13,
      "fin": 19.08,
      "duracion": 4.95,
      "texto": "Juan, mire, yo básicamente te lo llamo porque me figura acá en el sistema que usted fue parte de la compañía hace tiempo atrás, ¿no?",
      "confianza": 0.541
    },
    {
      "hablante": "Hablante A",
      "inicio": 19.38,
      "fin": 26.47,
      "duracion": 7.09,
      "texto": "Y quería saber qué fue lo que lo había llevado a cambiar, si tuvo algún inconveniente, si fue por otra oferta.",
      "confianza": 0.548
    },
    {
      "hablante": "Hablante A",
      "inicio": 26.49,
      "fin": 27.05,
      "duracion": 0.56,
      "texto": "Un montón de inconvenientes.",
      "confianza": 0.006
    },
    {
      "hablante": "Hablante A",
      "inicio": 27.07,
      "fin": 28.87,
      "duracion": 1.8,
      "texto": "Ajá, con respecto a qué, por ejemplo.",
      "confianza": 0.206
    },
    {
      "hablante": "Hablante A",
      "inicio": 29.51,
      "fin": 30.87,
      "duracion": 1.36,
      "texto": "Ah, y te traen un llamado.",
      "confianza": 0.431
    },
    {
      "hablante": "Hablante A",
      "inicio": 31.47,
      "fin": 32.94,
      "duracion": 1.46,
      "texto": "Sí, para volver, pero no.",
      "confianza": 0.862
    },
    {
      "hablante": "Hablante B",
      "inicio": 36.14,
      "fin": 38.58,
      "duracion": 2.44,
      "texto": "No te interesa, pero ¿podrías escuchar las promociones por lo menos?",
      "confianza": 0.506
    },
    {
      "hablante": "Hablante A",
      "inicio": 40.26,
      "fin": 41.2,
      "duracion": 0.94,
      "texto": "Sí, sí, pero ¿sabes qué pasa?",
      "confianza": 0.351
    },
    {
      "hablante": "Hablante A",
      "inicio": 41.3,
      "fin": 45.17,
      "duracion": 3.86,
      "texto": "Que poneles, vos me decís una promoción.",
      "confianza": 0.754
    },
    {
      "hablante": "Hablante A",
      "inicio": 46.07,
      "fin": 46.13,
      "duracion": 0.06,
      "texto": "Sí.",
      "confianza": 0.05
    },
    {
      "hablante": "Hablante A",
      "inicio": 46.15,
      "fin": 51.57,
      "duracion": 5.43,
      "texto": "A los tres meses que borro la promoción nadie se hace cargo de nada, ¿no?",
      "confianza": 0.632
    },
    {
      "hablante": "Hablante A",
      "inicio": 51.59,
      "fin": 59.18,
      "duracion": 7.59,
      "texto": "No, no, no, no, no, no, no, no, no, no, no, no, no, no, no, no, no, no, no, no, no, no, no, no, no, no, no, no, no, no, no, no, no,",
      "confianza": 0.405
    },
    {
      "hablante": "Hablante A",
      "inicio": 59.92,
      "fin": 61.0,
      "duracion": 1.08,
      "texto": "con respecto a ese tema.",
      "confianza": 0.362
    },
    {
      "hablante": "Hablante A",
      "inicio": 61.72,
      "fin": 69.75,
      "duracion": 8.03,
      "texto": "Bien, igualmente, bueno, acá es cuál me sirve el tema de que vos por última vez subiste en 2022, o sea, ya tres, cuatro años, ya pasó un buen tiempo.",
      "confianza": 0.555
    },
    {
      "hablante": "Hablante A",
      "inicio": 70.31,
      "fin": 71.57,
      "duracion": 1.26,
      "texto": "Yo te comento para que lo sepas.",
      "confianza": 0.721
    },
    {
      "hablante": "Hablante A",
      "inicio": 71.73,
      "fin": 73.94,
      "duracion": 2.2,
      "texto": "Hoy en día, ¿cómo trabajamos acá?",
      "confianza": 0.732
    },
    {
      "hablante": "Hablante A",
      "inicio": 73.96,
      "fin": 77.08,
      "duracion": 3.12,
      "texto": "La verdad que yo ese tiempo no estaba trabajando acá, llevo seis meses.",
      "confianza": 0.399
    },
    {
      "hablante": "Hablante A",
      "inicio": 77.74,
      "fin": 85.17,
      "duracion": 7.43,
      "texto": "Pero hoy en día, por ejemplo, nosotros hacemos, antes de hacer una venta, se hace un cierre comercial, que es un contrato que queda todo grabado en la misma llamada,",
      "confianza": 0.584
    },
    {
      "hablante": "Hablante A",
      "inicio": 85.49,
      "fin": 90.01,
      "duracion": 4.52,
      "texto": "para que justamente se respete siempre lo que es la promoción acordada.",
      "confianza": 0.736
    },
    {
      "hablante": "Hablante A",
      "inicio": 90.73,
      "fin": 95.06,
      "duracion": 4.33,
      "texto": "Hoy en día se trabaja de esa manera, no sé cómo va a haber sido en ese momento, la verdad, no tengo ni idea.",
      "confianza": 0.48
    },
    {
      "hablante": "Hablante A",
      "inicio": 95.84,
      "fin": 99.08,
      "duracion": 3.24,
      "texto": "Pero en hoy en día sí sé que se trabaja de esa manera porque es lo que hacemos nosotros.",
      "confianza": 0.567
    },
    {
      "hablante": "Hablante A",
      "inicio": 99.34,
      "fin": 110.09,
      "duracion": 10.75,
      "texto": "Hacemos un contrato comercial, eso queda de todo grabar la llamada y de esa manera tanto el vendeor como la persona que contrata el servicio, o sea, se asegura que están haciendo bien las cosas, ¿no?",
      "confianza": 0.7
    },
    {
      "hablante": "Hablante A",
      "inicio": 111.54,
      "fin": 116.69,
      "duracion": 5.15,
      "texto": "Sí, mis hermanos se pasaron a movistar porque también hubo problemas con ellos y todos nos pasamos claro.",
      "confianza": 0.597
    },
    {
      "hablante": "Hablante A",
      "inicio": 117.51,
      "fin": 120.71,
      "duracion": 3.2,
      "texto": "Y ellos los convencieron y se pasaron.",
      "confianza": 0.602
    },
    {
      "hablante": "Hablante A",
      "inicio": 120.73,
      "fin": 121.13,
      "duracion": 0.4,
      "texto": "Bien.",
      "confianza": 0.574
    },
    {
      "hablante": "Hablante A",
      "inicio": 121.15,
      "fin": 122.39,
      "duracion": 1.24,
      "texto": "Y teniendo los mismos problemas.",
      "confianza": 0.559
    },
    {
      "hablante": "Hablante A",
      "inicio": 122.67,
      "fin": 124.92,
      "duracion": 2.24,
      "texto": "Es mentira que le pasan una tesora, me dice.",
      "confianza": 0.568
    },
    {
      "hablante": "Hablante A",
      "inicio": 125.74,
      "fin": 130.18,
      "duracion": 4.44,
      "texto": "Porque ellos me dijeron, mira, ¿sabés que no habrá movistar cambió, te dan una tesora?",
      "confianza": 0.586
    },
    {
      "hablante": "Hablante A",
      "inicio": 131.0,
      "fin": 133.01,
      "duracion": 2.0,
      "texto": "Y después me dijeron, ¿sabés que era todo mentira?",
      "confianza": 0.41
    },
    {
      "hablante": "Hablante B",
      "inicio": 134.97,
      "fin": 138.72,
      "duracion": 3.75,
      "texto": "O sea, estoy al tanto de todo.",
      "confianza": 0.513
    },
    {
      "hablante": "Hablante B",
      "inicio": 138.74,
      "fin": 141.06,
      "duracion": 2.32,
      "texto": "Ok, bueno, no sé qué habrá pasado con ellos, pero bueno.",
      "confianza": 0.52
    },
    {
      "hablante": "Hablante B",
      "inicio": 141.43,
      "fin": 143.28,
      "duracion": 1.85,
      "texto": "Bueno, ahí yo lo voy a dejar asentado, ¿sí?",
      "confianza": 0.485
    },
    {
      "hablante": "Hablante A",
      "inicio": 145.43,
      "fin": 146.33,
      "duracion": 0.9,
      "texto": "Dale, que tengas buen día.",
      "confianza": 0.518
    },
    {
      "hablante": "Hablante B",
      "inicio": 148.1,
      "fin": 148.32,
      "duracion": 0.22,
      "texto": "Igualmente.",
      "confianza": 0.037
    },
    {
      "hablante": "Hablante B",
      "inicio": 148.34,
      "fin": 148.72,
      "duracion": 0.38,
      "texto": "Chau, chau.",
      "confianza": 0.378
    }
  ],
  "transcripcion_completa": "Hola, buen día Juan Humberto. Sí. Juan, mucho gusto, mi nombre es Agustín, yo lo estoy llamando desde el área de calidad movistar, ¿cómo le va todo bien? Ah, sí, está bien. Vale, mucho. Juan, mire, yo básicamente te lo llamo porque me figura acá en el sistema que usted fue parte de la compañía hace tiempo atrás, ¿no? Y quería saber qué fue lo que lo había llevado a cambiar, si tuvo algún inconveniente, si fue por otra oferta. Un montón de inconvenientes. Ajá, con respecto a qué, por ejemplo. Ah, y te traen un llamado. Sí, para volver, pero no. No te interesa, pero ¿podrías escuchar las promociones por lo menos? Sí, sí, pero ¿sabes qué pasa? Que poneles, vos me decís una promoción. Sí. A los tres meses que borro la promoción nadie se hace cargo de nada, ¿no? No, no, no, no, no, no, no, no, no, no, no, no, no, no, no, no, no, no, no, no, no, no, no, no, no, no, no, no, no, no, no, no, no, con respecto a ese tema. Bien, igualmente, bueno, acá es cuál me sirve el tema de que vos por última vez subiste en 2022, o sea, ya tres, cuatro años, ya pasó un buen tiempo. Yo te comento para que lo sepas. Hoy en día, ¿cómo trabajamos acá? La verdad que yo ese tiempo no estaba trabajando acá, llevo seis meses. Pero hoy en día, por ejemplo, nosotros hacemos, antes de hacer una venta, se hace un cierre comercial, que es un contrato que queda todo grabado en la misma llamada, para que justamente se respete siempre lo que es la promoción acordada. Hoy en día se trabaja de esa manera, no sé cómo va a haber sido en ese momento, la verdad, no tengo ni idea. Pero en hoy en día sí sé que se trabaja de esa manera porque es lo que hacemos nosotros. Hacemos un contrato comercial, eso queda de todo grabar la llamada y de esa manera tanto el vendeor como la persona que contrata el servicio, o sea, se asegura que están haciendo bien las cosas, ¿no? Sí, mis hermanos se pasaron a movistar porque también hubo problemas con ellos y todos nos pasamos claro. Y ellos los convencieron y se pasaron. Bien. Y teniendo los mismos problemas. Es mentira que le pasan una tesora, me dice. Porque ellos me dijeron, mira, ¿sabés que no habrá movistar cambió, te dan una tesora? Y después me dijeron, ¿sabés que era todo mentira? O sea, estoy al tanto de todo. Ok, bueno, no sé qué habrá pasado con ellos, pero bueno. Bueno, ahí yo lo voy a dejar asentado, ¿sí? Dale, que tengas buen día. Igualmente. Chau, chau.",
  "calidad": {
    "confianza_promedio": 0.477,
    "metodo_diarizacion": "pausas_fallback",
    "tiempo_procesamiento": 10.7
  },
  "metadata": {
    "modelo": "whisperx_medium",
    "diarizacion": "pausas",
    "dispositivo": "cuda",
    "fecha": "2026-02-18T23:33:10.933461",
    "version": "5.0_ecapa"
  }
}