{
  "archivo": "amza12_1_260211124525143_ACD_95127.wav",
  "duracion_segundos": 143.0,
  "num_segmentos": 44,
  "num_hablantes": 2,
  "hablantes": [
    "Hablante A",
    "Hablante B"
  ],
  "tiempo_por_hablante": {
    "Hablante A": 33.62,
    "Hablante B": 80.58
  },
  "idioma": "es",
  "conversacion": [
    {
      "hablante": "Hablante A",
      "inicio": 1.21,
      "fin": 4.4,
      "duracion": 3.19,
      "texto": "Buenos días.",
      "confianza": 0.172
    },
    {
      "hablante": "Hablante A",
      "inicio": 4.42,
      "fin": 4.72,
      "duracion": 0.3,
      "texto": "Buenos días.",
      "confianza": 0.351
    },
    {
      "hablante": "Hablante A",
      "inicio": 4.74,
      "fin": 7.72,
      "duracion": 2.98,
      "texto": "¿Me comunicó con las líneas de Silvia?",
      "confianza": 0.622
    },
    {
      "hablante": "Hablante A",
      "inicio": 7.74,
      "fin": 8.42,
      "duracion": 0.68,
      "texto": "No.",
      "confianza": 0.482
    },
    {
      "hablante": "Hablante A",
      "inicio": 8.44,
      "fin": 9.59,
      "duracion": 1.14,
      "texto": "¿Con quién tengo el gusto de hablar?",
      "confianza": 0.538
    },
    {
      "hablante": "Hablante B",
      "inicio": 11.43,
      "fin": 11.65,
      "duracion": 0.22,
      "texto": "Fabián.",
      "confianza": 0.147
    },
    {
      "hablante": "Hablante B",
      "inicio": 11.67,
      "fin": 12.35,
      "duracion": 0.68,
      "texto": "Fabián, ¿cómo estás?",
      "confianza": 0.347
    },
    {
      "hablante": "Hablante B",
      "inicio": 12.37,
      "fin": 13.21,
      "duracion": 0.84,
      "texto": "No, él es mi nombre.",
      "confianza": 0.418
    },
    {
      "hablante": "Hablante B",
      "inicio": 13.49,
      "fin": 19.1,
      "duracion": 5.61,
      "texto": "Me comunicó de la idea de recuperar clientes, movilizar casas.",
      "confianza": 0.566
    },
    {
      "hablante": "Hablante B",
      "inicio": 19.12,
      "fin": 19.52,
      "duracion": 0.4,
      "texto": "Está bien.",
      "confianza": 0.198
    },
    {
      "hablante": "Hablante B",
      "inicio": 20.1,
      "fin": 25.63,
      "duracion": 5.53,
      "texto": "Me estaba comunicando con usted el día de hoy porque no me figura el sistema que usted actualmente tiene claro, ¿es correcto?",
      "confianza": 0.497
    },
    {
      "hablante": "Hablante B",
      "inicio": 27.0,
      "fin": 34.12,
      "duracion": 7.13,
      "texto": "Bien, queríamos brindarle una nueva promoción, en este caso con un 85% de descuento, no sé si actualmente tenés claro que era bueno, ¿verdad?",
      "confianza": 0.588
    },
    {
      "hablante": "Hablante A",
      "inicio": 36.39,
      "fin": 36.45,
      "duracion": 0.06,
      "texto": "Sí.",
      "confianza": 0.146
    },
    {
      "hablante": "Hablante A",
      "inicio": 36.47,
      "fin": 39.79,
      "duracion": 3.32,
      "texto": "Bien, coméntame más o menos cuándo estás pagando en tu línea para poder brindarte algo mejor.",
      "confianza": 0.612
    },
    {
      "hablante": "Hablante B",
      "inicio": 42.49,
      "fin": 44.44,
      "duracion": 1.94,
      "texto": "La verdad es que no hay idea, porque me viene el resumen de la tarjeta y no hay que estar pagado.",
      "confianza": 0.009
    },
    {
      "hablante": "Hablante B",
      "inicio": 44.46,
      "fin": 45.42,
      "duracion": 0.96,
      "texto": "Ah, si es de derecho automático.",
      "confianza": 0.31
    },
    {
      "hablante": "Hablante B",
      "inicio": 46.8,
      "fin": 46.86,
      "duracion": 0.06,
      "texto": "Sí.",
      "confianza": 0.094
    },
    {
      "hablante": "Hablante B",
      "inicio": 46.88,
      "fin": 47.86,
      "duracion": 0.98,
      "texto": "No hay problema, perfecto.",
      "confianza": 0.491
    },
    {
      "hablante": "Hablante B",
      "inicio": 48.32,
      "fin": 52.51,
      "duracion": 4.18,
      "texto": "Bien, en este caso de cuento sí que tenemos varias promos para brindarte, sí.",
      "confianza": 0.793
    },
    {
      "hablante": "Hablante B",
      "inicio": 53.11,
      "fin": 56.21,
      "duracion": 3.1,
      "texto": "La mejor digamos que tenemos actualmente, sí,",
      "confianza": 0.733
    },
    {
      "hablante": "Hablante B",
      "inicio": 56.56,
      "fin": 60.51,
      "duracion": 3.95,
      "texto": "Es un plan de 15 gigas de base con 10 de regalo por seis meses en 11.932.",
      "confianza": 0.724
    },
    {
      "hablante": "Hablante B",
      "inicio": 60.53,
      "fin": 61.95,
      "duracion": 1.42,
      "texto": "No sé si te parece bien, te parece mucho.",
      "confianza": 0.244
    },
    {
      "hablante": "Hablante B",
      "inicio": 62.01,
      "fin": 71.62,
      "duracion": 9.61,
      "texto": "No lo sé, porque la verdad, con claro que estoy, estoy bien.",
      "confianza": 0.281
    },
    {
      "hablante": "Hablante B",
      "inicio": 71.64,
      "fin": 71.92,
      "duracion": 0.28,
      "texto": "Ahora te digo.",
      "confianza": 0.008
    },
    {
      "hablante": "Hablante B",
      "inicio": 71.94,
      "fin": 75.49,
      "duracion": 3.54,
      "texto": "Bien, en este caso, lo bueno de este plan es que tiene lo que es roaming incluido al mundo.",
      "confianza": 0.649
    },
    {
      "hablante": "Hablante B",
      "inicio": 75.57,
      "fin": 80.85,
      "duracion": 5.29,
      "texto": "Si vos te vas por el país, lo vas a poder utilizar, ¿sí?",
      "confianza": 0.609
    },
    {
      "hablante": "Hablante B",
      "inicio": 81.71,
      "fin": 81.85,
      "duracion": 0.14,
      "texto": "Sí, sí.",
      "confianza": 0.128
    },
    {
      "hablante": "Hablante B",
      "inicio": 81.87,
      "fin": 86.4,
      "duracion": 4.53,
      "texto": "Me desfigura que vos actualmente estás pagando 42.871.57.",
      "confianza": 0.544
    },
    {
      "hablante": "Hablante B",
      "inicio": 86.63,
      "fin": 92.06,
      "duracion": 5.43,
      "texto": "No sé si es solamente por tu línea o tenés algún otro servicio ahí.",
      "confianza": 0.503
    },
    {
      "hablante": "Hablante B",
      "inicio": 92.08,
      "fin": 93.88,
      "duracion": 1.8,
      "texto": "No, tengo el Internet.",
      "confianza": 0.165
    },
    {
      "hablante": "Hablante B",
      "inicio": 93.9,
      "fin": 99.97,
      "duracion": 6.07,
      "texto": "Bien, en este caso también tenemos lo que es Internet Movistar para venderte a tan solo 20.000 pesos, los 600 megas.",
      "confianza": 0.659
    },
    {
      "hablante": "Hablante A",
      "inicio": 107.48,
      "fin": 108.57,
      "duracion": 1.08,
      "texto": "Pero no pasa que ahí donde yo estoy no llega Movistar.",
      "confianza": 0.0
    },
    {
      "hablante": "Hablante A",
      "inicio": 108.59,
      "fin": 110.19,
      "duracion": 1.6,
      "texto": "Bueno, ¿y la línea te interesaría?",
      "confianza": 0.636
    },
    {
      "hablante": "Hablante A",
      "inicio": 110.21,
      "fin": 113.75,
      "duracion": 3.55,
      "texto": "Porque la verdad es que está funcionando bastante con ambos servicios.",
      "confianza": 0.651
    },
    {
      "hablante": "Hablante A",
      "inicio": 114.21,
      "fin": 118.13,
      "duracion": 3.92,
      "texto": "No, no, lo que pasa es que después no sé cómo voy a pagarlo, claro, por eso.",
      "confianza": 0.422
    },
    {
      "hablante": "Hablante A",
      "inicio": 118.15,
      "fin": 119.89,
      "duracion": 1.74,
      "texto": "¿Cómo?",
      "confianza": 0.46
    },
    {
      "hablante": "Hablante A",
      "inicio": 119.91,
      "fin": 121.45,
      "duracion": 1.54,
      "texto": "Que no, te digo, te agradezco.",
      "confianza": 0.597
    },
    {
      "hablante": "Hablante A",
      "inicio": 122.64,
      "fin": 125.66,
      "duracion": 3.02,
      "texto": "Bien, ¿por qué razón no te interesa si te ofrezco a poner algo más económico?",
      "confianza": 0.442
    },
    {
      "hablante": "Hablante B",
      "inicio": 128.68,
      "fin": 129.5,
      "duracion": 0.82,
      "texto": "No, es que estoy bien con claro, por eso.",
      "confianza": 0.003
    },
    {
      "hablante": "Hablante B",
      "inicio": 129.52,
      "fin": 134.63,
      "duracion": 5.11,
      "texto": "Bien, de todas maneras, tenemos dos planes más económicos también para poder brindarte, ¿sí?",
      "confianza": 0.58
    },
    {
      "hablante": "Hablante B",
      "inicio": 134.65,
      "fin": 135.61,
      "duracion": 0.96,
      "texto": "Sí, si tú te ofrezcas igual.",
      "confianza": 0.174
    },
    {
      "hablante": "Hablante A",
      "inicio": 137.45,
      "fin": 140.52,
      "duracion": 3.06,
      "texto": "Mande mensaje a Movistar y aviso.",
      "confianza": 0.513
    },
    {
      "hablante": "Hablante A",
      "inicio": 140.54,
      "fin": 142.46,
      "duracion": 1.92,
      "texto": "Vale, muchas gracias por tu tiempo, ¿sí?",
      "confianza": 0.436
    },
    {
      "hablante": "Hablante A",
      "inicio": 142.48,
      "fin": 143.0,
      "duracion": 0.52,
      "texto": "De nada.",
      "confianza": 0.33
    }
  ],
  "transcripcion_completa": "Buenos días. Buenos días. ¿Me comunicó con las líneas de Silvia? No. ¿Con quién tengo el gusto de hablar? Fabián. Fabián, ¿cómo estás? No, él es mi nombre. Me comunicó de la idea de recuperar clientes, movilizar casas. Está bien. Me estaba comunicando con usted el día de hoy porque no me figura el sistema que usted actualmente tiene claro, ¿es correcto? Bien, queríamos brindarle una nueva promoción, en este caso con un 85% de descuento, no sé si actualmente tenés claro que era bueno, ¿verdad? Sí. Bien, coméntame más o menos cuándo estás pagando en tu línea para poder brindarte algo mejor. La verdad es que no hay idea, porque me viene el resumen de la tarjeta y no hay que estar pagado. Ah, si es de derecho automático. Sí. No hay problema, perfecto. Bien, en este caso de cuento sí que tenemos varias promos para brindarte, sí. La mejor digamos que tenemos actualmente, sí, Es un plan de 15 gigas de base con 10 de regalo por seis meses en 11.932. No sé si te parece bien, te parece mucho. No lo sé, porque la verdad, con claro que estoy, estoy bien. Ahora te digo. Bien, en este caso, lo bueno de este plan es que tiene lo que es roaming incluido al mundo. Si vos te vas por el país, lo vas a poder utilizar, ¿sí? Sí, sí. Me desfigura que vos actualmente estás pagando 42.871.57. No sé si es solamente por tu línea o tenés algún otro servicio ahí. No, tengo el Internet. Bien, en este caso también tenemos lo que es Internet Movistar para venderte a tan solo 20.000 pesos, los 600 megas. Pero no pasa que ahí donde yo estoy no llega Movistar. Bueno, ¿y la línea te interesaría? Porque la verdad es que está funcionando bastante con ambos servicios. No, no, lo que pasa es que después no sé cómo voy a pagarlo, claro, por eso. ¿Cómo? Que no, te digo, te agradezco. Bien, ¿por qué razón no te interesa si te ofrezco a poner algo más económico? No, es que estoy bien con claro, por eso. Bien, de todas maneras, tenemos dos planes más económicos también para poder brindarte, ¿sí? Sí, si tú te ofrezcas igual. Mande mensaje a Movistar y aviso. Vale, muchas gracias por tu tiempo, ¿sí? De nada.",
  "calidad": {
    "confianza_promedio": 0.416,
    "metodo_diarizacion": "pausas_fallback",
    "tiempo_procesamiento": 10.2
  },
  "metadata": {
    "modelo": "whisperx_medium",
    "diarizacion": "pausas",
    "dispositivo": "cuda",
    "fecha": "2026-02-18T23:05:58.513068",
    "version": "5.0_ecapa"
  }
}