{
  "archivo": "amza10_1_260212125441544_ACD_75071.wav",
  "duracion_segundos": 65.02,
  "num_segmentos": 22,
  "num_hablantes": 2,
  "hablantes": [
    "Hablante A",
    "Hablante B"
  ],
  "tiempo_por_hablante": {
    "Hablante B": 41.43,
    "Hablante A": 13.95
  },
  "idioma": "es",
  "conversacion": [
    {
      "hablante": "Hablante B",
      "inicio": 1.92,
      "fin": 4.7,
      "duracion": 2.78,
      "texto": "Hola, buenas días.",
      "confianza": 0.217
    },
    {
      "hablante": "Hablante B",
      "inicio": 4.72,
      "fin": 5.04,
      "duracion": 0.32,
      "texto": "Sí, buenas días.",
      "confianza": 0.058
    },
    {
      "hablante": "Hablante B",
      "inicio": 5.06,
      "fin": 5.54,
      "duracion": 0.48,
      "texto": "Buen día.",
      "confianza": 0.758
    },
    {
      "hablante": "Hablante B",
      "inicio": 5.57,
      "fin": 6.55,
      "duracion": 0.98,
      "texto": "¿Cómo estás, Lourdes?",
      "confianza": 0.428
    },
    {
      "hablante": "Hablante B",
      "inicio": 6.59,
      "fin": 7.95,
      "duracion": 1.36,
      "texto": "En este lado hablo con Rodrigo.",
      "confianza": 0.456
    },
    {
      "hablante": "Hablante B",
      "inicio": 8.97,
      "fin": 10.27,
      "duracion": 1.3,
      "texto": "Sí, correcto.",
      "confianza": 0.332
    },
    {
      "hablante": "Hablante B",
      "inicio": 10.29,
      "fin": 11.05,
      "duracion": 0.76,
      "texto": "Rodrigo, un gusto.",
      "confianza": 0.421
    },
    {
      "hablante": "Hablante B",
      "inicio": 11.07,
      "fin": 11.95,
      "duracion": 0.88,
      "texto": "¿Me ponías en contacto?",
      "confianza": 0.752
    },
    {
      "hablante": "Hablante B",
      "inicio": 12.11,
      "fin": 16.68,
      "duracion": 4.56,
      "texto": "Sí, porque tenemos lo que es una bonificación con un 80% de cuenta para tus líneas, sí.",
      "confianza": 0.742
    },
    {
      "hablante": "Hablante B",
      "inicio": 17.38,
      "fin": 19.12,
      "duracion": 1.74,
      "texto": "Veo que estás en clara actualmente.",
      "confianza": 0.698
    },
    {
      "hablante": "Hablante A",
      "inicio": 20.68,
      "fin": 21.74,
      "duracion": 1.06,
      "texto": "Sí, correcto.",
      "confianza": 0.157
    },
    {
      "hablante": "Hablante A",
      "inicio": 21.76,
      "fin": 24.36,
      "duracion": 2.6,
      "texto": "Bien, háganme fuera que, Rodrigo, tenés dos líneas.",
      "confianza": 0.668
    },
    {
      "hablante": "Hablante A",
      "inicio": 24.48,
      "fin": 28.35,
      "duracion": 3.86,
      "texto": "No sé si sigas y activo.",
      "confianza": 0.505
    },
    {
      "hablante": "Hablante A",
      "inicio": 28.37,
      "fin": 29.11,
      "duracion": 0.74,
      "texto": "No, tengo cuatro.",
      "confianza": 0.301
    },
    {
      "hablante": "Hablante A",
      "inicio": 30.2,
      "fin": 30.72,
      "duracion": 0.52,
      "texto": "Ok.",
      "confianza": 0.306
    },
    {
      "hablante": "Hablante A",
      "inicio": 30.74,
      "fin": 35.91,
      "duracion": 5.17,
      "texto": "Bueno, mirá, me asegura la que termina en 83-42 y esta con la que hablo que es 52-41, ¿sí?",
      "confianza": 0.536
    },
    {
      "hablante": "Hablante B",
      "inicio": 37.63,
      "fin": 47.52,
      "duracion": 9.89,
      "texto": "Bien, Rodrigo, te comento que nosotros la promoción que tenemos, sí, son 8 gigas de base, sí, y 10 gigas de regalos por 6 meses.",
      "confianza": 0.579
    },
    {
      "hablante": "Hablante B",
      "inicio": 47.54,
      "fin": 50.63,
      "duracion": 3.08,
      "texto": "Mira, en este momento no puedo hablar.",
      "confianza": 0.499
    },
    {
      "hablante": "Hablante B",
      "inicio": 50.65,
      "fin": 53.15,
      "duracion": 2.5,
      "texto": "Dale, ¿en qué hora te puedo dar mal?",
      "confianza": 0.538
    },
    {
      "hablante": "Hablante B",
      "inicio": 53.17,
      "fin": 55.27,
      "duracion": 2.1,
      "texto": "Estoy hasta las 3, ¿verdad?",
      "confianza": 0.234
    },
    {
      "hablante": "Hablante B",
      "inicio": 55.29,
      "fin": 56.73,
      "duracion": 1.44,
      "texto": "Mira, mañana más temprano.",
      "confianza": 0.624
    },
    {
      "hablante": "Hablante B",
      "inicio": 57.76,
      "fin": 65.02,
      "duracion": 7.26,
      "texto": "Bueno, te dejo un mensaje que te dejo por WhatsApp para que lo puedas ir viendo y avisar.",
      "confianza": 0.5
    }
  ],
  "transcripcion_completa": "Hola, buenas días. Sí, buenas días. Buen día. ¿Cómo estás, Lourdes? En este lado hablo con Rodrigo. Sí, correcto. Rodrigo, un gusto. ¿Me ponías en contacto? Sí, porque tenemos lo que es una bonificación con un 80% de cuenta para tus líneas, sí. Veo que estás en clara actualmente. Sí, correcto. Bien, háganme fuera que, Rodrigo, tenés dos líneas. No sé si sigas y activo. No, tengo cuatro. Ok. Bueno, mirá, me asegura la que termina en 83-42 y esta con la que hablo que es 52-41, ¿sí? Bien, Rodrigo, te comento que nosotros la promoción que tenemos, sí, son 8 gigas de base, sí, y 10 gigas de regalos por 6 meses. Mira, en este momento no puedo hablar. Dale, ¿en qué hora te puedo dar mal? Estoy hasta las 3, ¿verdad? Mira, mañana más temprano. Bueno, te dejo un mensaje que te dejo por WhatsApp para que lo puedas ir viendo y avisar.",
  "calidad": {
    "confianza_promedio": 0.469,
    "metodo_diarizacion": "pausas_fallback",
    "tiempo_procesamiento": 7.3
  },
  "metadata": {
    "modelo": "whisperx_medium",
    "diarizacion": "pausas",
    "dispositivo": "cuda",
    "fecha": "2026-02-18T22:42:44.781171",
    "version": "5.0_ecapa"
  }
}