{
  "archivo": "amza10_1_260212113210500_ACD_72955.wav",
  "duracion_segundos": 91.43,
  "num_segmentos": 27,
  "num_hablantes": 2,
  "hablantes": [
    "Hablante A",
    "Hablante B"
  ],
  "tiempo_por_hablante": {
    "Hablante A": 17.29,
    "Hablante B": 60.04
  },
  "idioma": "es",
  "conversacion": [
    {
      "hablante": "Hablante A",
      "inicio": 0.03,
      "fin": 2.83,
      "duracion": 2.8,
      "texto": "¿Hablo con Diego?",
      "confianza": 0.732
    },
    {
      "hablante": "Hablante A",
      "inicio": 2.85,
      "fin": 3.16,
      "duracion": 0.3,
      "texto": "Sí.",
      "confianza": 0.741
    },
    {
      "hablante": "Hablante A",
      "inicio": 3.9,
      "fin": 5.84,
      "duracion": 1.94,
      "texto": "Diego, un gusto, Lourdes, te hablo de este lado.",
      "confianza": 0.604
    },
    {
      "hablante": "Hablante A",
      "inicio": 6.14,
      "fin": 12.53,
      "duracion": 6.39,
      "texto": "Me ponía en contacto para brindarte una bonificación en la línea móvil, sí, desde la área de recupero de Movistar, la nueva gestión.",
      "confianza": 0.659
    },
    {
      "hablante": "Hablante B",
      "inicio": 15.35,
      "fin": 17.66,
      "duracion": 2.3,
      "texto": "No voy a volver a Movistar, te agradezco mucho.",
      "confianza": 0.37
    },
    {
      "hablante": "Hablante B",
      "inicio": 17.68,
      "fin": 21.5,
      "duracion": 3.83,
      "texto": "No, quería consultarle por qué se había ido de la empresa y qué fue lo que le sucedió.",
      "confianza": 0.641
    },
    {
      "hablante": "Hablante B",
      "inicio": 21.84,
      "fin": 28.55,
      "duracion": 6.71,
      "texto": "Mira, sinceramente, además de que me tienen podrido llamarme todos los días,",
      "confianza": 0.726
    },
    {
      "hablante": "Hablante B",
      "inicio": 29.17,
      "fin": 31.8,
      "duracion": 2.62,
      "texto": "porque me llaman todos los días más de una vez al día.",
      "confianza": 0.69
    },
    {
      "hablante": "Hablante B",
      "inicio": 32.78,
      "fin": 46.4,
      "duracion": 13.62,
      "texto": "Además de eso, que ya les estoy teniendo bronca, además de eso, cuando yo, después de tantos años de tener movistar, pedí que tuviera una consideración, no la tuvieron.",
      "confianza": 0.682
    },
    {
      "hablante": "Hablante B",
      "inicio": 47.12,
      "fin": 48.56,
      "duracion": 1.44,
      "texto": "Me estaban matando con el precio.",
      "confianza": 0.806
    },
    {
      "hablante": "Hablante B",
      "inicio": 49.36,
      "fin": 53.83,
      "duracion": 4.47,
      "texto": "Te das cuenta y ahora me ofrecen un precio bueno.",
      "confianza": 0.845
    },
    {
      "hablante": "Hablante B",
      "inicio": 54.89,
      "fin": 55.57,
      "duracion": 0.68,
      "texto": "Y además,",
      "confianza": 0.964
    },
    {
      "hablante": "Hablante B",
      "inicio": 55.73,
      "fin": 63.47,
      "duracion": 7.73,
      "texto": "La única línea que me quedaba de Movistar, que era de mi hijo, yo la pagaba todos los meses y todos los meses le cortaba los datos por falta de pago.",
      "confianza": 0.755
    },
    {
      "hablante": "Hablante B",
      "inicio": 64.23,
      "fin": 66.01,
      "duracion": 1.78,
      "texto": "Así que no quiero saber nada más con Movistar.",
      "confianza": 0.659
    },
    {
      "hablante": "Hablante B",
      "inicio": 66.73,
      "fin": 68.39,
      "duracion": 1.66,
      "texto": "Si vos podías anotar para que no me llamen.",
      "confianza": 0.295
    },
    {
      "hablante": "Hablante B",
      "inicio": 68.41,
      "fin": 69.52,
      "duracion": 1.1,
      "texto": "Yo también he tenido esa mala experiencia.",
      "confianza": 0.375
    },
    {
      "hablante": "Hablante B",
      "inicio": 69.67,
      "fin": 74.1,
      "duracion": 4.43,
      "texto": "Veo que esto fue en el año veinte, veintidós.",
      "confianza": 0.536
    },
    {
      "hablante": "Hablante B",
      "inicio": 74.12,
      "fin": 74.62,
      "duracion": 0.5,
      "texto": "O sea, fue un montón, sí.",
      "confianza": 0.025
    },
    {
      "hablante": "Hablante B",
      "inicio": 74.64,
      "fin": 74.7,
      "duracion": 0.06,
      "texto": "Sí.",
      "confianza": 0.012
    },
    {
      "hablante": "Hablante B",
      "inicio": 74.72,
      "fin": 74.94,
      "duracion": 0.22,
      "texto": "Pero bueno.",
      "confianza": 0.01
    },
    {
      "hablante": "Hablante B",
      "inicio": 74.96,
      "fin": 75.18,
      "duracion": 0.22,
      "texto": "No, no, no.",
      "confianza": 0.139
    },
    {
      "hablante": "Hablante B",
      "inicio": 75.2,
      "fin": 76.14,
      "duracion": 0.94,
      "texto": "La línea de mi hijo.",
      "confianza": 0.476
    },
    {
      "hablante": "Hablante B",
      "inicio": 76.16,
      "fin": 76.78,
      "duracion": 0.62,
      "texto": "No, no, no, no.",
      "confianza": 0.654
    },
    {
      "hablante": "Hablante B",
      "inicio": 77.11,
      "fin": 78.77,
      "duracion": 1.66,
      "texto": "La línea de mi hijo la debió bajar este mes.",
      "confianza": 0.63
    },
    {
      "hablante": "Hablante B",
      "inicio": 79.75,
      "fin": 83.19,
      "duracion": 3.45,
      "texto": "Así que no me digas eso porque desde ahora es el problema.",
      "confianza": 0.647
    },
    {
      "hablante": "Hablante A",
      "inicio": 85.55,
      "fin": 88.62,
      "duracion": 3.07,
      "texto": "Así que por favor, no me llames más, por favor.",
      "confianza": 0.572
    },
    {
      "hablante": "Hablante A",
      "inicio": 88.64,
      "fin": 91.43,
      "duracion": 2.79,
      "texto": "Gracias.",
      "confianza": 0.874
    }
  ],
  "transcripcion_completa": "¿Hablo con Diego? Sí. Diego, un gusto, Lourdes, te hablo de este lado. Me ponía en contacto para brindarte una bonificación en la línea móvil, sí, desde la área de recupero de Movistar, la nueva gestión. No voy a volver a Movistar, te agradezco mucho. No, quería consultarle por qué se había ido de la empresa y qué fue lo que le sucedió. Mira, sinceramente, además de que me tienen podrido llamarme todos los días, porque me llaman todos los días más de una vez al día. Además de eso, que ya les estoy teniendo bronca, además de eso, cuando yo, después de tantos años de tener movistar, pedí que tuviera una consideración, no la tuvieron. Me estaban matando con el precio. Te das cuenta y ahora me ofrecen un precio bueno. Y además, La única línea que me quedaba de Movistar, que era de mi hijo, yo la pagaba todos los meses y todos los meses le cortaba los datos por falta de pago. Así que no quiero saber nada más con Movistar. Si vos podías anotar para que no me llamen. Yo también he tenido esa mala experiencia. Veo que esto fue en el año veinte, veintidós. O sea, fue un montón, sí. Sí. Pero bueno. No, no, no. La línea de mi hijo. No, no, no, no. La línea de mi hijo la debió bajar este mes. Así que no me digas eso porque desde ahora es el problema. Así que por favor, no me llames más, por favor. Gracias.",
  "calidad": {
    "confianza_promedio": 0.56,
    "metodo_diarizacion": "pausas_fallback",
    "tiempo_procesamiento": 8.8
  },
  "metadata": {
    "modelo": "whisperx_medium",
    "diarizacion": "pausas",
    "dispositivo": "cuda",
    "fecha": "2026-02-18T22:41:48.360653",
    "version": "5.0_ecapa"
  }
}