{
  "archivo": "amza12_1_260212131746869_ACD_61959.wav",
  "duracion_segundos": 1132.79,
  "num_segmentos": 280,
  "num_hablantes": 2,
  "hablantes": [
    "Hablante A",
    "Hablante B"
  ],
  "tiempo_por_hablante": {
    "Hablante A": 566.2,
    "Hablante B": 422.22
  },
  "idioma": "es",
  "conversacion": [
    {
      "hablante": "Hablante A",
      "inicio": 0.03,
      "fin": 7.06,
      "duracion": 7.03,
      "texto": "Hola, buenos días.",
      "confianza": 0.325
    },
    {
      "hablante": "Hablante A",
      "inicio": 7.08,
      "fin": 8.3,
      "duracion": 1.22,
      "texto": "¿Cómo le va?",
      "confianza": 0.169
    },
    {
      "hablante": "Hablante A",
      "inicio": 8.32,
      "fin": 8.78,
      "duracion": 0.46,
      "texto": "Me comunico con Gladys.",
      "confianza": 0.011
    },
    {
      "hablante": "Hablante A",
      "inicio": 8.8,
      "fin": 8.98,
      "duracion": 0.18,
      "texto": "Buen día.",
      "confianza": 0.014
    },
    {
      "hablante": "Hablante A",
      "inicio": 9.0,
      "fin": 9.38,
      "duracion": 0.38,
      "texto": "No, Gladys no está.",
      "confianza": 0.04
    },
    {
      "hablante": "Hablante A",
      "inicio": 9.4,
      "fin": 9.66,
      "duracion": 0.26,
      "texto": "¿Cómo estás?",
      "confianza": 0.098
    },
    {
      "hablante": "Hablante A",
      "inicio": 9.68,
      "fin": 9.9,
      "duracion": 0.22,
      "texto": "Buen día.",
      "confianza": 0.217
    },
    {
      "hablante": "Hablante A",
      "inicio": 9.92,
      "fin": 11.22,
      "duracion": 1.3,
      "texto": "Noel, te hablé de este lado.",
      "confianza": 0.591
    },
    {
      "hablante": "Hablante A",
      "inicio": 11.24,
      "fin": 11.76,
      "duracion": 0.52,
      "texto": "¿Cómo estás?",
      "confianza": 0.51
    },
    {
      "hablante": "Hablante A",
      "inicio": 11.78,
      "fin": 12.92,
      "duracion": 1.14,
      "texto": "¿Sos el usuario de esta línea?",
      "confianza": 0.672
    },
    {
      "hablante": "Hablante B",
      "inicio": 16.63,
      "fin": 16.69,
      "duracion": 0.06,
      "texto": "Sí.",
      "confianza": 0.009
    },
    {
      "hablante": "Hablante B",
      "inicio": 16.71,
      "fin": 17.01,
      "duracion": 0.3,
      "texto": "Bien, perfecto.",
      "confianza": 0.022
    },
    {
      "hablante": "Hablante B",
      "inicio": 17.03,
      "fin": 17.49,
      "duracion": 0.46,
      "texto": "¿Cómo es tu nombre?",
      "confianza": 0.343
    },
    {
      "hablante": "Hablante A",
      "inicio": 20.89,
      "fin": 21.05,
      "duracion": 0.16,
      "texto": "Horacio.",
      "confianza": 0.007
    },
    {
      "hablante": "Hablante A",
      "inicio": 21.07,
      "fin": 21.27,
      "duracion": 0.2,
      "texto": "Hola, tío.",
      "confianza": 0.226
    },
    {
      "hablante": "Hablante A",
      "inicio": 21.29,
      "fin": 22.17,
      "duracion": 0.88,
      "texto": "¿Cómo estás?",
      "confianza": 0.546
    },
    {
      "hablante": "Hablante A",
      "inicio": 22.19,
      "fin": 23.25,
      "duracion": 1.06,
      "texto": "Noel, te hablé de este lado.",
      "confianza": 0.609
    },
    {
      "hablante": "Hablante A",
      "inicio": 23.29,
      "fin": 27.88,
      "duracion": 4.58,
      "texto": "Te quería brindar lo que es una promoción con el 80% de descuento para tu línea, ¿sí?",
      "confianza": 0.625
    },
    {
      "hablante": "Hablante B",
      "inicio": 30.2,
      "fin": 31.7,
      "duracion": 1.5,
      "texto": "¿De qué empresa me estás hablando?",
      "confianza": 0.508
    },
    {
      "hablante": "Hablante B",
      "inicio": 32.15,
      "fin": 33.25,
      "duracion": 1.1,
      "texto": "De Movistar, me comunico.",
      "confianza": 0.659
    },
    {
      "hablante": "Hablante B",
      "inicio": 33.27,
      "fin": 40.08,
      "duracion": 6.81,
      "texto": "¿Cómo estás?",
      "confianza": 0.374
    },
    {
      "hablante": "Hablante B",
      "inicio": 40.1,
      "fin": 40.42,
      "duracion": 0.32,
      "texto": "Ah, de Movistar.",
      "confianza": 0.015
    },
    {
      "hablante": "Hablante B",
      "inicio": 40.44,
      "fin": 40.58,
      "duracion": 0.14,
      "texto": "Bien.",
      "confianza": 0.353
    },
    {
      "hablante": "Hablante B",
      "inicio": 40.6,
      "fin": 41.5,
      "duracion": 0.9,
      "texto": "Eh... Sí, de SIC.",
      "confianza": 0.213
    },
    {
      "hablante": "Hablante B",
      "inicio": 41.52,
      "fin": 41.98,
      "duracion": 0.46,
      "texto": "Bien, perfecto.",
      "confianza": 0.451
    },
    {
      "hablante": "Hablante B",
      "inicio": 42.04,
      "fin": 46.14,
      "duracion": 4.1,
      "texto": "Me sigo en el sistema que actualmente tiene en claro y quería brindarte algo mejor, ¿sí?, a tu compañía.",
      "confianza": 0.633
    },
    {
      "hablante": "Hablante A",
      "inicio": 48.67,
      "fin": 50.91,
      "duracion": 2.24,
      "texto": "No es actualmente en claro cuánto estamos abonando, más o menos.",
      "confianza": 0.505
    },
    {
      "hablante": "Hablante B",
      "inicio": 54.34,
      "fin": 56.7,
      "duracion": 2.36,
      "texto": "No, tiráme la puerta, ¿eh?",
      "confianza": 0.159
    },
    {
      "hablante": "Hablante B",
      "inicio": 56.72,
      "fin": 58.32,
      "duracion": 1.6,
      "texto": "Bien, tenemos dos promos disponibles.",
      "confianza": 0.51
    },
    {
      "hablante": "Hablante B",
      "inicio": 58.72,
      "fin": 63.45,
      "duracion": 4.73,
      "texto": "En este caso tenemos una promo de 8GB de base más 10 de regalo por 6 meses en 10.720.",
      "confianza": 0.536
    },
    {
      "hablante": "Hablante B",
      "inicio": 63.47,
      "fin": 73.16,
      "duracion": 9.69,
      "texto": "Esa es la primera, que lo bueno que no solamente tiene 2GB de regalo, sino que además tiene América Precio Local y Rowmin en América.",
      "confianza": 0.675
    },
    {
      "hablante": "Hablante B",
      "inicio": 73.18,
      "fin": 79.64,
      "duracion": 6.47,
      "texto": "Y después tenemos una promo un poco más económica, que es un plan de 4GB de base y 10 de regalo por 6 meses en 7.790.",
      "confianza": 0.582
    },
    {
      "hablante": "Hablante B",
      "inicio": 80.25,
      "fin": 86.85,
      "duracion": 6.61,
      "texto": "Ambos planes tienen un descuento del 80% para que puedas disfrutar vosotros.",
      "confianza": 0.592
    },
    {
      "hablante": "Hablante B",
      "inicio": 86.87,
      "fin": 88.59,
      "duracion": 1.72,
      "texto": "Por cuántos meses es el...",
      "confianza": 0.077
    },
    {
      "hablante": "Hablante B",
      "inicio": 89.4,
      "fin": 91.54,
      "duracion": 2.14,
      "texto": "La promoción dura 6 meses.",
      "confianza": 0.116
    },
    {
      "hablante": "Hablante B",
      "inicio": 91.56,
      "fin": 94.59,
      "duracion": 3.02,
      "texto": "El descuento 80%, el 80% es durante 6 meses.",
      "confianza": 0.549
    },
    {
      "hablante": "Hablante B",
      "inicio": 94.61,
      "fin": 100.55,
      "duracion": 5.95,
      "texto": "Nunca igual llegamos a pagar el plan real porque siempre vamos a tener un descuento en molsar.",
      "confianza": 0.717
    },
    {
      "hablante": "Hablante B",
      "inicio": 100.57,
      "fin": 102.41,
      "duracion": 1.84,
      "texto": "Pero bueno, es para que lo tengas en cuenta.",
      "confianza": 0.485
    },
    {
      "hablante": "Hablante B",
      "inicio": 102.57,
      "fin": 106.28,
      "duracion": 3.7,
      "texto": "Además, me estoy cifrando el sistema y tienen más de una línea de nombre de Gladius.",
      "confianza": 0.623
    },
    {
      "hablante": "Hablante B",
      "inicio": 107.16,
      "fin": 112.66,
      "duracion": 5.51,
      "texto": "En este caso, si te basa más de una línea su nombre, tendría 4 gigas más de regalo en cada línea móvil.",
      "confianza": 0.747
    },
    {
      "hablante": "Hablante B",
      "inicio": 112.9,
      "fin": 115.21,
      "duracion": 2.3,
      "texto": "Esos gigas no tendrían vencimiento.",
      "confianza": 0.601
    },
    {
      "hablante": "Hablante A",
      "inicio": 116.97,
      "fin": 123.62,
      "duracion": 6.65,
      "texto": "Bien, mira, a mí sí me interesa, bueno, en el caso de Iglesias lo estuve dando al otro día y no, ya no, no quiere cambiar.",
      "confianza": 0.423
    },
    {
      "hablante": "Hablante A",
      "inicio": 124.32,
      "fin": 125.22,
      "duracion": 0.9,
      "texto": "Bueno.",
      "confianza": 0.522
    },
    {
      "hablante": "Hablante A",
      "inicio": 125.25,
      "fin": 130.03,
      "duracion": 4.79,
      "texto": "Pero a mí sí me interesa y bueno, he apoderado la línea directamente, sí.",
      "confianza": 0.541
    },
    {
      "hablante": "Hablante A",
      "inicio": 130.05,
      "fin": 138.9,
      "duracion": 8.85,
      "texto": "Sí, igualmente, como vos sos el usuario de esta línea, puedes hacer el trámite de todas maneras, así que no habría problema.",
      "confianza": 0.555
    },
    {
      "hablante": "Hablante A",
      "inicio": 138.92,
      "fin": 139.02,
      "duracion": 0.1,
      "texto": "Bien.",
      "confianza": 0.041
    },
    {
      "hablante": "Hablante A",
      "inicio": 139.04,
      "fin": 142.75,
      "duracion": 3.7,
      "texto": "Bien, decime, entonces, ¿cuál de los dos planes fue el que más te interesa?",
      "confianza": 0.57
    },
    {
      "hablante": "Hablante B",
      "inicio": 144.99,
      "fin": 148.71,
      "duracion": 3.72,
      "texto": "Y vamos a arrancar con el más bajo para probar.",
      "confianza": 0.638
    },
    {
      "hablante": "Hablante B",
      "inicio": 148.73,
      "fin": 154.8,
      "duracion": 6.07,
      "texto": "Y ahí después vemos que cuando se compran los face masks vemos que... Te voy a dar una recomendación.",
      "confianza": 0.317
    },
    {
      "hablante": "Hablante B",
      "inicio": 154.82,
      "fin": 158.6,
      "duracion": 3.78,
      "texto": "Si es por un tema de recomendación, te recomendaría que lo hagas más que nada por el D8.",
      "confianza": 0.645
    },
    {
      "hablante": "Hablante B",
      "inicio": 159.38,
      "fin": 165.45,
      "duracion": 6.07,
      "texto": "Por si te vas por el país, algún lado de América, por la que puedas disfrutar el Raúm y que está incluido aquí.",
      "confianza": 0.707
    },
    {
      "hablante": "Hablante B",
      "inicio": 165.91,
      "fin": 171.3,
      "duracion": 5.39,
      "texto": "Porque si, por ejemplo, no sé, te entra a un Mestera, ahora sí, te sale de Imperivista, y tú ahora sí, y de aquí, de algún lado.",
      "confianza": 0.413
    },
    {
      "hablante": "Hablante B",
      "inicio": 172.38,
      "fin": 177.18,
      "duracion": 4.81,
      "texto": "No tiene el roaming incluido en ese plan y vas a tener que pagar la parte, es mucho más caro.",
      "confianza": 0.517
    },
    {
      "hablante": "Hablante B",
      "inicio": 177.2,
      "fin": 180.65,
      "duracion": 3.44,
      "texto": "Yo te recomendaría que empieces por el D8 y cualquier cosa te puedes bajar al D4.",
      "confianza": 0.722
    },
    {
      "hablante": "Hablante A",
      "inicio": 183.41,
      "fin": 187.42,
      "duracion": 4.01,
      "texto": "Bueno, ¿cuándo puedo pasar al D4 en caso de que no?",
      "confianza": 0.447
    },
    {
      "hablante": "Hablante A",
      "inicio": 187.44,
      "fin": 188.7,
      "duracion": 1.26,
      "texto": "Cuando tengas la línea.",
      "confianza": 0.365
    },
    {
      "hablante": "Hablante A",
      "inicio": 188.72,
      "fin": 190.96,
      "duracion": 2.24,
      "texto": "En realidad ya no estoy con ningún lado.",
      "confianza": 0.24
    },
    {
      "hablante": "Hablante A",
      "inicio": 190.98,
      "fin": 193.03,
      "duracion": 2.04,
      "texto": "¿Cuándo se cumplen los seis meses?",
      "confianza": 0.391
    },
    {
      "hablante": "Hablante A",
      "inicio": 193.04,
      "fin": 193.65,
      "duracion": 0.6,
      "texto": "No, no, no.",
      "confianza": 0.384
    },
    {
      "hablante": "Hablante A",
      "inicio": 193.67,
      "fin": 196.01,
      "duracion": 2.34,
      "texto": "El primer mes lo puedes hacer desde la aplicación.",
      "confianza": 0.696
    },
    {
      "hablante": "Hablante B",
      "inicio": 198.45,
      "fin": 200.22,
      "duracion": 1.76,
      "texto": "Bien.",
      "confianza": 0.769
    },
    {
      "hablante": "Hablante B",
      "inicio": 200.24,
      "fin": 200.34,
      "duracion": 0.1,
      "texto": "Bien.",
      "confianza": 0.019
    },
    {
      "hablante": "Hablante B",
      "inicio": 200.35,
      "fin": 201.44,
      "duracion": 1.08,
      "texto": "Entonces vamos a los días.",
      "confianza": 0.404
    },
    {
      "hablante": "Hablante B",
      "inicio": 201.74,
      "fin": 204.64,
      "duracion": 2.9,
      "texto": "Primero que nada, saber de dónde sos actualmente, de qué localidad.",
      "confianza": 0.604
    },
    {
      "hablante": "Hablante B",
      "inicio": 206.0,
      "fin": 208.09,
      "duracion": 2.08,
      "texto": "De qué provincia y localidad.",
      "confianza": 0.342
    },
    {
      "hablante": "Hablante A",
      "inicio": 209.77,
      "fin": 221.11,
      "duracion": 11.34,
      "texto": "Provincia de Neuquén, ciudad de Aluminia.",
      "confianza": 0.286
    },
    {
      "hablante": "Hablante A",
      "inicio": 221.13,
      "fin": 222.83,
      "duracion": 1.7,
      "texto": "Aluminia.",
      "confianza": 0.175
    },
    {
      "hablante": "Hablante A",
      "inicio": 222.85,
      "fin": 227.01,
      "duracion": 4.17,
      "texto": "Esto es del centro de la ciudad.",
      "confianza": 0.285
    },
    {
      "hablante": "Hablante A",
      "inicio": 227.03,
      "fin": 227.47,
      "duracion": 0.44,
      "texto": "¿Cómo?",
      "confianza": 0.451
    },
    {
      "hablante": "Hablante A",
      "inicio": 227.69,
      "fin": 237.58,
      "duracion": 9.89,
      "texto": "¿Tienes que ir al centro del Neuquén o estás más alejado?",
      "confianza": 0.113
    },
    {
      "hablante": "Hablante A",
      "inicio": 237.6,
      "fin": 237.93,
      "duracion": 0.32,
      "texto": "Sí, más alejado.",
      "confianza": 0.044
    },
    {
      "hablante": "Hablante A",
      "inicio": 237.94,
      "fin": 239.35,
      "duracion": 1.4,
      "texto": "A ver.",
      "confianza": 0.256
    },
    {
      "hablante": "Hablante A",
      "inicio": 239.37,
      "fin": 240.09,
      "duracion": 0.72,
      "texto": "Pues estoy buscando.",
      "confianza": 0.526
    },
    {
      "hablante": "Hablante A",
      "inicio": 240.11,
      "fin": 242.27,
      "duracion": 2.16,
      "texto": "Aluminé y no me sale la sucursal.",
      "confianza": 0.744
    },
    {
      "hablante": "Hablante A",
      "inicio": 242.33,
      "fin": 243.67,
      "duracion": 1.34,
      "texto": "La sucursal me sale, claro.",
      "confianza": 0.681
    },
    {
      "hablante": "Hablante A",
      "inicio": 244.37,
      "fin": 246.06,
      "duracion": 1.68,
      "texto": "Me sale la sucursal directamente en el centro.",
      "confianza": 0.564
    },
    {
      "hablante": "Hablante A",
      "inicio": 246.38,
      "fin": 250.54,
      "duracion": 4.17,
      "texto": "Pero no te das problema, te la podemos enviar a mi sitio, ¿sí?",
      "confianza": 0.594
    },
    {
      "hablante": "Hablante A",
      "inicio": 250.56,
      "fin": 250.66,
      "duracion": 0.1,
      "texto": "Bien.",
      "confianza": 0.032
    },
    {
      "hablante": "Hablante A",
      "inicio": 250.68,
      "fin": 254.97,
      "duracion": 4.28,
      "texto": "Entonces, decime por favor tu dirección.",
      "confianza": 0.51
    },
    {
      "hablante": "Hablante A",
      "inicio": 254.99,
      "fin": 256.35,
      "duracion": 1.36,
      "texto": "¿Dónde querés que te mandemos?",
      "confianza": 0.559
    },
    {
      "hablante": "Hablante A",
      "inicio": 256.94,
      "fin": 262.16,
      "duracion": 5.23,
      "texto": "¿4 de Caballería?",
      "confianza": 0.569
    },
    {
      "hablante": "Hablante A",
      "inicio": 262.18,
      "fin": 262.4,
      "duracion": 0.22,
      "texto": "Sí.",
      "confianza": 0.393
    },
    {
      "hablante": "Hablante A",
      "inicio": 262.74,
      "fin": 264.52,
      "duracion": 1.78,
      "texto": "¿315?",
      "confianza": 0.655
    },
    {
      "hablante": "Hablante B",
      "inicio": 266.17,
      "fin": 269.21,
      "duracion": 3.04,
      "texto": "Es Avenida 4 de Caballería 315.",
      "confianza": 0.599
    },
    {
      "hablante": "Hablante B",
      "inicio": 269.35,
      "fin": 275.92,
      "duracion": 6.57,
      "texto": "Esto está entre Christian Jubert, puede ser, y Rim 26.",
      "confianza": 0.481
    },
    {
      "hablante": "Hablante A",
      "inicio": 277.82,
      "fin": 279.04,
      "duracion": 1.22,
      "texto": "Sí, perfecto.",
      "confianza": 0.36
    },
    {
      "hablante": "Hablante A",
      "inicio": 279.06,
      "fin": 285.89,
      "duracion": 6.83,
      "texto": "Bien, esto lo voy a guardar.",
      "confianza": 0.13
    },
    {
      "hablante": "Hablante A",
      "inicio": 285.91,
      "fin": 286.47,
      "duracion": 0.56,
      "texto": "Un minuto.",
      "confianza": 0.18
    },
    {
      "hablante": "Hablante A",
      "inicio": 286.86,
      "fin": 288.28,
      "duracion": 1.42,
      "texto": "Está perfecto.",
      "confianza": 0.118
    },
    {
      "hablante": "Hablante A",
      "inicio": 288.3,
      "fin": 288.64,
      "duracion": 0.34,
      "texto": "Bien.",
      "confianza": 0.562
    },
    {
      "hablante": "Hablante A",
      "inicio": 288.66,
      "fin": 291.0,
      "duracion": 2.34,
      "texto": "Entonces, la línea está a nombre de Gladys.",
      "confianza": 0.843
    },
    {
      "hablante": "Hablante A",
      "inicio": 291.22,
      "fin": 292.64,
      "duracion": 1.42,
      "texto": "La línea que tenés es Abono.",
      "confianza": 0.623
    },
    {
      "hablante": "Hablante A",
      "inicio": 292.66,
      "fin": 297.13,
      "duracion": 4.46,
      "texto": "Y tenés un chip, perdón, un chip físico, ¿verdad?",
      "confianza": 0.643
    },
    {
      "hablante": "Hablante A",
      "inicio": 297.15,
      "fin": 298.37,
      "duracion": 1.22,
      "texto": "Un chip que se coloca en el celular.",
      "confianza": 0.471
    },
    {
      "hablante": "Hablante B",
      "inicio": 299.91,
      "fin": 300.75,
      "duracion": 0.84,
      "texto": "Sí.",
      "confianza": 0.722
    },
    {
      "hablante": "Hablante B",
      "inicio": 300.77,
      "fin": 302.05,
      "duracion": 1.28,
      "texto": "Bien, perfecto.",
      "confianza": 0.628
    },
    {
      "hablante": "Hablante B",
      "inicio": 302.07,
      "fin": 303.67,
      "duracion": 1.6,
      "texto": "Ambos paso a paso, entonces.",
      "confianza": 0.537
    },
    {
      "hablante": "Hablante B",
      "inicio": 304.39,
      "fin": 306.0,
      "duracion": 1.6,
      "texto": "Bien.",
      "confianza": 0.899
    },
    {
      "hablante": "Hablante B",
      "inicio": 306.01,
      "fin": 310.88,
      "duracion": 4.87,
      "texto": "Entonces, Abono, te voy a escribir a tu número de teléfono, que es el 294, que termina en 788.",
      "confianza": 0.584
    },
    {
      "hablante": "Hablante B",
      "inicio": 310.94,
      "fin": 316.63,
      "duracion": 5.69,
      "texto": "Te voy a poner, hola, querido Eliana de Movistar, si querés ponérmela en altavoz.",
      "confianza": 0.499
    },
    {
      "hablante": "Hablante B",
      "inicio": 317.28,
      "fin": 325.21,
      "duracion": 7.93,
      "texto": "Lo más reciendo grabado, así para tu tranquilidad y la mía, de que lo que te estoy ofreciendo está totalmente grabado.",
      "confianza": 0.611
    },
    {
      "hablante": "Hablante B",
      "inicio": 325.23,
      "fin": 341.21,
      "duracion": 15.98,
      "texto": "Me puedes aljendar, mi nombre es Noelia, por si tenés alguna consulta, primero, grabar eso, y segundo, voy a necesitar si me mandes la foto del DNI de Gladys del frente y del dorso, ya que es la titular, solamente 30 segundos y luego la borrar, ¿sí?",
      "confianza": 0.667
    },
    {
      "hablante": "Hablante B",
      "inicio": 341.23,
      "fin": 344.33,
      "duracion": 3.1,
      "texto": "Solamente para validar su identidad, por lo que es la titular, justamente.",
      "confianza": 0.68
    },
    {
      "hablante": "Hablante A",
      "inicio": 346.41,
      "fin": 355.98,
      "duracion": 9.57,
      "texto": "No hay problema, lo necesito que lo haga.",
      "confianza": 0.36
    },
    {
      "hablante": "Hablante A",
      "inicio": 356.0,
      "fin": 361.34,
      "duracion": 5.35,
      "texto": "No, en el caso del DNI no lo tengo ahora porque igual no está.",
      "confianza": 0.463
    },
    {
      "hablante": "Hablante A",
      "inicio": 361.36,
      "fin": 367.23,
      "duracion": 5.87,
      "texto": "Ah, bueno, y en cuanto me la puedes conseguir más o menos?",
      "confianza": 0.554
    },
    {
      "hablante": "Hablante A",
      "inicio": 367.25,
      "fin": 368.45,
      "duracion": 1.2,
      "texto": "A partir de las 15 horas.",
      "confianza": 0.654
    },
    {
      "hablante": "Hablante A",
      "inicio": 369.29,
      "fin": 369.99,
      "duracion": 0.7,
      "texto": "Bien, perfecto.",
      "confianza": 0.514
    },
    {
      "hablante": "Hablante A",
      "inicio": 370.01,
      "fin": 370.85,
      "duracion": 0.84,
      "texto": "Bueno, no hay problema.",
      "confianza": 0.271
    },
    {
      "hablante": "Hablante A",
      "inicio": 371.27,
      "fin": 372.75,
      "duracion": 1.48,
      "texto": "Bueno, entonces vamos a hacer otra cosa.",
      "confianza": 0.456
    },
    {
      "hablante": "Hablante A",
      "inicio": 373.29,
      "fin": 381.8,
      "duracion": 8.51,
      "texto": "Te voy a mandar un mensajito de texto a tu número de teléfono, que termina en 788, con un código de portabilidad, ¿sí?",
      "confianza": 0.653
    },
    {
      "hablante": "Hablante A",
      "inicio": 382.16,
      "fin": 395.04,
      "duracion": 12.88,
      "texto": "Si has hecho de la portabilidad antes, no sé si no creo que te corres, pero es justamente un mensaje de texto del número más 223 que te dice que tu código de portabilidad es para el prestador MVF, ¿sí?",
      "confianza": 0.576
    },
    {
      "hablante": "Hablante A",
      "inicio": 395.06,
      "fin": 398.76,
      "duracion": 3.7,
      "texto": "Sí, fíjate si se regó, dónde tiene que haber regado.",
      "confianza": 0.548
    },
    {
      "hablante": "Hablante A",
      "inicio": 398.78,
      "fin": 402.06,
      "duracion": 3.28,
      "texto": "Necesito que ese mensajito me lo mandes como captura de pantalla, ¿sí?",
      "confianza": 0.557
    },
    {
      "hablante": "Hablante A",
      "inicio": 402.67,
      "fin": 422.26,
      "duracion": 19.59,
      "texto": "Y el código es 8539.",
      "confianza": 0.59
    },
    {
      "hablante": "Hablante A",
      "inicio": 422.44,
      "fin": 431.09,
      "duracion": 8.65,
      "texto": "Bueno, necesito que me mandes una captura de pantalla de ese mensaje o me lo copies y me lo pees en el chat del que estamos hablando.",
      "confianza": 0.63
    },
    {
      "hablante": "Hablante B",
      "inicio": 433.42,
      "fin": 454.6,
      "duracion": 21.19,
      "texto": "¿Te dirías una referencia de tu domicilio, de los colores en las paredes de tu casa?",
      "confianza": 0.549
    },
    {
      "hablante": "Hablante B",
      "inicio": 454.62,
      "fin": 461.65,
      "duracion": 7.03,
      "texto": "Sí, pegado a una bicicletería, hay una bicicletería pegada acá, a mi domicilio.",
      "confianza": 0.502
    },
    {
      "hablante": "Hablante A",
      "inicio": 464.14,
      "fin": 466.69,
      "duracion": 2.54,
      "texto": "A ver, lo voy a buscar en el mapa.",
      "confianza": 0.436
    },
    {
      "hablante": "Hablante A",
      "inicio": 467.01,
      "fin": 468.75,
      "duracion": 1.74,
      "texto": "A ver, al lado de una bicicletería.",
      "confianza": 0.528
    },
    {
      "hablante": "Hablante A",
      "inicio": 468.81,
      "fin": 471.59,
      "duracion": 2.78,
      "texto": "A ver, me figura.",
      "confianza": 0.749
    },
    {
      "hablante": "Hablante A",
      "inicio": 472.39,
      "fin": 474.45,
      "duracion": 2.06,
      "texto": "¿Una casa color celeste puede ser?",
      "confianza": 0.603
    },
    {
      "hablante": "Hablante A",
      "inicio": 474.47,
      "fin": 475.19,
      "duracion": 0.72,
      "texto": "¿O verde agua?",
      "confianza": 0.631
    },
    {
      "hablante": "Hablante B",
      "inicio": 481.7,
      "fin": 481.8,
      "duracion": 0.1,
      "texto": "No.",
      "confianza": 0.651
    },
    {
      "hablante": "Hablante B",
      "inicio": 482.66,
      "fin": 489.67,
      "duracion": 7.01,
      "texto": "¿Tiene un portón de revés o algo así?",
      "confianza": 0.177
    },
    {
      "hablante": "Hablante B",
      "inicio": 489.69,
      "fin": 489.95,
      "duracion": 0.26,
      "texto": "Perdón.",
      "confianza": 0.201
    },
    {
      "hablante": "Hablante B",
      "inicio": 490.07,
      "fin": 491.19,
      "duracion": 1.12,
      "texto": "A ver, me voy a ir más a la esquina.",
      "confianza": 0.455
    },
    {
      "hablante": "Hablante B",
      "inicio": 491.53,
      "fin": 492.31,
      "duracion": 0.78,
      "texto": "A ver qué hay acá.",
      "confianza": 0.364
    },
    {
      "hablante": "Hablante B",
      "inicio": 493.39,
      "fin": 494.99,
      "duracion": 1.6,
      "texto": "¿Tenés como un gimnasio en la esquina?",
      "confianza": 0.22
    },
    {
      "hablante": "Hablante B",
      "inicio": 495.01,
      "fin": 497.95,
      "duracion": 2.94,
      "texto": "¿Puede ser?",
      "confianza": 0.464
    },
    {
      "hablante": "Hablante B",
      "inicio": 497.97,
      "fin": 499.42,
      "duracion": 1.44,
      "texto": "No, antes del gimnasio.",
      "confianza": 0.249
    },
    {
      "hablante": "Hablante B",
      "inicio": 500.88,
      "fin": 503.56,
      "duracion": 2.68,
      "texto": "¿Antes del gimnasio?",
      "confianza": 0.115
    },
    {
      "hablante": "Hablante B",
      "inicio": 503.58,
      "fin": 503.64,
      "duracion": 0.06,
      "texto": "Ok.",
      "confianza": 0.125
    },
    {
      "hablante": "Hablante B",
      "inicio": 503.66,
      "fin": 513.87,
      "duracion": 10.21,
      "texto": "Tengo una casa verde con puerta de madera, una casa blanca, unas rejas y después tengo una casa verde de agua.",
      "confianza": 0.69
    },
    {
      "hablante": "Hablante B",
      "inicio": 514.57,
      "fin": 519.18,
      "duracion": 4.61,
      "texto": "No sé si estoy bien ubicada, pero ahora te voy a mandar una foto en tu WhatsApp, así me decís vos.",
      "confianza": 0.391
    },
    {
      "hablante": "Hablante A",
      "inicio": 521.62,
      "fin": 525.79,
      "duracion": 4.17,
      "texto": "Me dijiste, ¿este número lo agendas?",
      "confianza": 0.613
    },
    {
      "hablante": "Hablante A",
      "inicio": 525.81,
      "fin": 528.75,
      "duracion": 2.94,
      "texto": "No, no, agenda mi WhatsApp.",
      "confianza": 0.566
    },
    {
      "hablante": "Hablante A",
      "inicio": 528.77,
      "fin": 531.24,
      "duracion": 2.46,
      "texto": "El número que te mandé, ¿viste el mensajito de texto que te mandé?",
      "confianza": 0.671
    },
    {
      "hablante": "Hablante A",
      "inicio": 531.53,
      "fin": 533.16,
      "duracion": 1.62,
      "texto": "Me mandé una captura de pantalla.",
      "confianza": 0.682
    },
    {
      "hablante": "Hablante A",
      "inicio": 534.38,
      "fin": 537.04,
      "duracion": 2.66,
      "texto": "A mi WhatsApp, que es el que te escribí.",
      "confianza": 0.445
    },
    {
      "hablante": "Hablante A",
      "inicio": 537.06,
      "fin": 538.26,
      "duracion": 1.2,
      "texto": "Ahí te mando un putito de vuelta.",
      "confianza": 0.606
    },
    {
      "hablante": "Hablante B",
      "inicio": 541.97,
      "fin": 549.28,
      "duracion": 7.31,
      "texto": "Te voy a mandar la foto que veo yo para ver si me decís cuál de esas casas es, porque a ver...",
      "confianza": 0.55
    },
    {
      "hablante": "Hablante B",
      "inicio": 549.92,
      "fin": 565.2,
      "duracion": 15.28,
      "texto": "Las fotos desde el septiembre de 2025 están básicamente actualizadas.",
      "confianza": 0.705
    },
    {
      "hablante": "Hablante B",
      "inicio": 565.22,
      "fin": 565.28,
      "duracion": 0.06,
      "texto": "Sí.",
      "confianza": 0.216
    },
    {
      "hablante": "Hablante B",
      "inicio": 565.3,
      "fin": 569.45,
      "duracion": 4.15,
      "texto": "Porque a ese me pasa que la dirección no está bien con la ubicación.",
      "confianza": 0.7
    },
    {
      "hablante": "Hablante A",
      "inicio": 577.15,
      "fin": 577.62,
      "duracion": 0.46,
      "texto": "Como que sale... Claro.",
      "confianza": 0.01
    },
    {
      "hablante": "Hablante A",
      "inicio": 577.63,
      "fin": 577.77,
      "duracion": 0.14,
      "texto": "No, no.",
      "confianza": 0.234
    },
    {
      "hablante": "Hablante A",
      "inicio": 577.8,
      "fin": 579.76,
      "duracion": 1.96,
      "texto": "¿Ves que termina la ubicación en ese número?",
      "confianza": 0.577
    },
    {
      "hablante": "Hablante A",
      "inicio": 579.92,
      "fin": 583.99,
      "duracion": 4.07,
      "texto": "Vale, por favor, dame la ubicación y el mensaje.",
      "confianza": 0.682
    },
    {
      "hablante": "Hablante A",
      "inicio": 584.03,
      "fin": 601.93,
      "duracion": 17.9,
      "texto": "Por favor.",
      "confianza": 0.624
    },
    {
      "hablante": "Hablante B",
      "inicio": 609.35,
      "fin": 610.98,
      "duracion": 1.62,
      "texto": "Bien, ahí te la envié a su número.",
      "confianza": 0.569
    },
    {
      "hablante": "Hablante B",
      "inicio": 611.18,
      "fin": 616.7,
      "duracion": 5.53,
      "texto": "A ver, aguarda un momento.",
      "confianza": 0.426
    },
    {
      "hablante": "Hablante B",
      "inicio": 616.72,
      "fin": 619.93,
      "duracion": 3.2,
      "texto": "A ver, sí.",
      "confianza": 0.282
    },
    {
      "hablante": "Hablante B",
      "inicio": 619.95,
      "fin": 624.3,
      "duracion": 4.35,
      "texto": "Perfecto.",
      "confianza": 0.382
    },
    {
      "hablante": "Hablante B",
      "inicio": 624.32,
      "fin": 636.15,
      "duracion": 11.84,
      "texto": "Ahí va el número que voy a mandar.",
      "confianza": 0.464
    },
    {
      "hablante": "Hablante A",
      "inicio": 638.12,
      "fin": 645.05,
      "duracion": 6.93,
      "texto": "¿Pudiste sacarle un poco el mensajito?",
      "confianza": 0.357
    },
    {
      "hablante": "Hablante A",
      "inicio": 645.08,
      "fin": 657.51,
      "duracion": 12.44,
      "texto": "No, es que no importa.",
      "confianza": 0.33
    },
    {
      "hablante": "Hablante A",
      "inicio": 657.55,
      "fin": 657.83,
      "duracion": 0.28,
      "texto": "Bueno.",
      "confianza": 0.362
    },
    {
      "hablante": "Hablante A",
      "inicio": 657.85,
      "fin": 658.39,
      "duracion": 0.54,
      "texto": "¡No!",
      "confianza": 0.563
    },
    {
      "hablante": "Hablante A",
      "inicio": 658.41,
      "fin": 660.16,
      "duracion": 1.74,
      "texto": "¡Cortar la nada!",
      "confianza": 0.575
    },
    {
      "hablante": "Hablante A",
      "inicio": 660.76,
      "fin": 663.38,
      "duracion": 2.62,
      "texto": "¡Vamos!",
      "confianza": 0.513
    },
    {
      "hablante": "Hablante A",
      "inicio": 663.42,
      "fin": 664.22,
      "duracion": 0.8,
      "texto": "¡Vamos!",
      "confianza": 0.469
    },
    {
      "hablante": "Hablante A",
      "inicio": 664.24,
      "fin": 664.68,
      "duracion": 0.44,
      "texto": "¡Vamos!",
      "confianza": 0.193
    },
    {
      "hablante": "Hablante A",
      "inicio": 664.7,
      "fin": 664.96,
      "duracion": 0.26,
      "texto": "¡Vamos!",
      "confianza": 0.162
    },
    {
      "hablante": "Hablante A",
      "inicio": 664.98,
      "fin": 665.2,
      "duracion": 0.22,
      "texto": "¡Vamos!",
      "confianza": 0.159
    },
    {
      "hablante": "Hablante A",
      "inicio": 665.68,
      "fin": 666.12,
      "duracion": 0.44,
      "texto": "¡Vamos!",
      "confianza": 0.236
    },
    {
      "hablante": "Hablante B",
      "inicio": 668.92,
      "fin": 681.5,
      "duracion": 12.57,
      "texto": "Sí, cerca, ¿eh?",
      "confianza": 0.76
    },
    {
      "hablante": "Hablante B",
      "inicio": 681.6,
      "fin": 690.35,
      "duracion": 8.75,
      "texto": "Y por lo que sale marcado.",
      "confianza": 0.511
    },
    {
      "hablante": "Hablante B",
      "inicio": 690.37,
      "fin": 693.85,
      "duracion": 3.48,
      "texto": "A ver.",
      "confianza": 0.593
    },
    {
      "hablante": "Hablante A",
      "inicio": 697.96,
      "fin": 706.12,
      "duracion": 8.15,
      "texto": "Es una casa de esquina, ¿el atrido al visto puede estar ahí?",
      "confianza": 0.466
    },
    {
      "hablante": "Hablante A",
      "inicio": 706.13,
      "fin": 708.94,
      "duracion": 2.8,
      "texto": "Sí, a ver.",
      "confianza": 0.179
    },
    {
      "hablante": "Hablante A",
      "inicio": 708.96,
      "fin": 712.24,
      "duracion": 3.29,
      "texto": "Se figura, alumina, espacio de barro y arte.",
      "confianza": 0.363
    },
    {
      "hablante": "Hablante A",
      "inicio": 712.78,
      "fin": 714.31,
      "duracion": 1.52,
      "texto": "Ahí me salió la gomería que me decía.",
      "confianza": 0.57
    },
    {
      "hablante": "Hablante A",
      "inicio": 714.47,
      "fin": 715.89,
      "duracion": 1.42,
      "texto": "¿Es una bicicletería?",
      "confianza": 0.69
    },
    {
      "hablante": "Hablante B",
      "inicio": 718.85,
      "fin": 718.91,
      "duracion": 0.06,
      "texto": "Sí.",
      "confianza": 0.029
    },
    {
      "hablante": "Hablante B",
      "inicio": 718.93,
      "fin": 719.11,
      "duracion": 0.18,
      "texto": "Ah, bien.",
      "confianza": 0.022
    },
    {
      "hablante": "Hablante B",
      "inicio": 719.13,
      "fin": 725.14,
      "duracion": 6.01,
      "texto": "¿De la bicicletería me hiciste al lado?",
      "confianza": 0.483
    },
    {
      "hablante": "Hablante B",
      "inicio": 725.16,
      "fin": 725.52,
      "duracion": 0.36,
      "texto": "Sí, pegado en eso.",
      "confianza": 0.015
    },
    {
      "hablante": "Hablante B",
      "inicio": 725.54,
      "fin": 726.08,
      "duracion": 0.54,
      "texto": "Ah, ok.",
      "confianza": 0.504
    },
    {
      "hablante": "Hablante B",
      "inicio": 726.2,
      "fin": 727.25,
      "duracion": 1.04,
      "texto": "Pegado hacia la esquina.",
      "confianza": 0.19
    },
    {
      "hablante": "Hablante A",
      "inicio": 731.66,
      "fin": 733.8,
      "duracion": 2.14,
      "texto": "Una casa rosa al lado.",
      "confianza": 0.744
    },
    {
      "hablante": "Hablante A",
      "inicio": 734.81,
      "fin": 737.21,
      "duracion": 2.4,
      "texto": "No sé si es rosa o roja.",
      "confianza": 0.343
    },
    {
      "hablante": "Hablante A",
      "inicio": 737.23,
      "fin": 739.39,
      "duracion": 2.16,
      "texto": "Sí, roja.",
      "confianza": 0.472
    },
    {
      "hablante": "Hablante A",
      "inicio": 740.33,
      "fin": 742.6,
      "duracion": 2.26,
      "texto": "Y al lado tiene como un barajo abierto.",
      "confianza": 0.589
    },
    {
      "hablante": "Hablante B",
      "inicio": 745.22,
      "fin": 747.26,
      "duracion": 2.04,
      "texto": "Sí.",
      "confianza": 0.408
    },
    {
      "hablante": "Hablante B",
      "inicio": 747.28,
      "fin": 747.34,
      "duracion": 0.06,
      "texto": "Ok.",
      "confianza": 0.011
    },
    {
      "hablante": "Hablante B",
      "inicio": 747.36,
      "fin": 753.31,
      "duracion": 5.95,
      "texto": "Es para dejarlo directamente adjuntado al mapa.",
      "confianza": 0.571
    },
    {
      "hablante": "Hablante B",
      "inicio": 753.33,
      "fin": 753.71,
      "duracion": 0.38,
      "texto": "Bien, perfecto.",
      "confianza": 0.076
    },
    {
      "hablante": "Hablante B",
      "inicio": 753.73,
      "fin": 755.65,
      "duracion": 1.92,
      "texto": "Entonces ahora vamos al cierre comercial.",
      "confianza": 0.411
    },
    {
      "hablante": "Hablante A",
      "inicio": 757.37,
      "fin": 757.67,
      "duracion": 0.3,
      "texto": "Bien.",
      "confianza": 0.69
    },
    {
      "hablante": "Hablante A",
      "inicio": 758.61,
      "fin": 779.46,
      "duracion": 20.85,
      "texto": "Estamos portando tu línea, que era 294-5-9-9-4-2-5-5-0-1-8-8, nombre y apellido, y la titular actual, Currumil Gladys Mabel, y me confirmas los últimos 3 dígitos de su DNI, por favor.",
      "confianza": 0.623
    },
    {
      "hablante": "Hablante A",
      "inicio": 779.48,
      "fin": 779.75,
      "duracion": 0.26,
      "texto": "¿Te lo sabes?",
      "confianza": 0.007
    },
    {
      "hablante": "Hablante A",
      "inicio": 779.76,
      "fin": 779.83,
      "duracion": 0.06,
      "texto": "Sí.",
      "confianza": 0.13
    },
    {
      "hablante": "Hablante A",
      "inicio": 779.85,
      "fin": 779.9,
      "duracion": 0.06,
      "texto": "39.",
      "confianza": 0.19
    },
    {
      "hablante": "Hablante A",
      "inicio": 779.92,
      "fin": 780.23,
      "duracion": 0.3,
      "texto": "Perfecto.",
      "confianza": 0.3
    },
    {
      "hablante": "Hablante A",
      "inicio": 780.29,
      "fin": 787.24,
      "duracion": 6.95,
      "texto": "Su compañera actual es clara, me comentas que viene una factura fija, nombre de edad, y que tiene un chip físico, un chip fuerte para la barra del celular.",
      "confianza": 0.622
    },
    {
      "hablante": "Hablante B",
      "inicio": 788.87,
      "fin": 795.86,
      "duracion": 6.99,
      "texto": "Bien, vamos al principio entonces a Avenida 4 de Camatría 315, esto es de Aluminé, la provincia de Neuquén.",
      "confianza": 0.624
    },
    {
      "hablante": "Hablante A",
      "inicio": 798.42,
      "fin": 806.74,
      "duracion": 8.31,
      "texto": "Bien, me comentaste entonces que las paredes de la casa son rojas, sí, y tiene una puerta blanca, ¿verdad?",
      "confianza": 0.756
    },
    {
      "hablante": "Hablante A",
      "inicio": 807.54,
      "fin": 812.96,
      "duracion": 5.43,
      "texto": "Puerta irrejable y ventanas blancas, perfecto.",
      "confianza": 0.689
    },
    {
      "hablante": "Hablante A",
      "inicio": 812.98,
      "fin": 815.79,
      "duracion": 2.8,
      "texto": "Dame un segundo, entonces así seguimos, bien.",
      "confianza": 0.357
    },
    {
      "hablante": "Hablante A",
      "inicio": 816.14,
      "fin": 822.73,
      "duracion": 6.59,
      "texto": "Te recuerdo que el costo del servicio al día de hoy es de 10.720, es un plan de 8 días de base, más 10 de regalo por 6 meses.",
      "confianza": 0.659
    },
    {
      "hablante": "Hablante A",
      "inicio": 823.23,
      "fin": 830.06,
      "duracion": 6.83,
      "texto": "Vas a tener WhatsApp gratis llamada hasta cualquier compañía, un giga para juegos, América Presi local y roaming en América, ¿sí?",
      "confianza": 0.731
    },
    {
      "hablante": "Hablante A",
      "inicio": 830.52,
      "fin": 837.47,
      "duracion": 6.95,
      "texto": "Y se plantea un descuento fijo durante 6 meses del 80%, que va a hacer que el día de riajuan es 10.720, ¿sí?",
      "confianza": 0.605
    },
    {
      "hablante": "Hablante A",
      "inicio": 837.49,
      "fin": 838.11,
      "duracion": 0.62,
      "texto": "Bien.",
      "confianza": 0.665
    },
    {
      "hablante": "Hablante A",
      "inicio": 838.13,
      "fin": 840.3,
      "duracion": 2.16,
      "texto": "Me figura un mail, te lo digo, ¿cuál es?",
      "confianza": 0.675
    },
    {
      "hablante": "Hablante A",
      "inicio": 840.8,
      "fin": 843.58,
      "duracion": 2.78,
      "texto": "Que dice que es Gladys Conigriaga Currumil.",
      "confianza": 0.537
    },
    {
      "hablante": "Hablante A",
      "inicio": 844.02,
      "fin": 845.46,
      "duracion": 1.44,
      "texto": "¿Una roba de email que usted ha tomado?",
      "confianza": 0.073
    },
    {
      "hablante": "Hablante A",
      "inicio": 845.48,
      "fin": 850.99,
      "duracion": 5.51,
      "texto": "¿Está bien o te pongo otro email?",
      "confianza": 0.552
    },
    {
      "hablante": "Hablante A",
      "inicio": 851.01,
      "fin": 852.07,
      "duracion": 1.06,
      "texto": "No, eso mismo está bien.",
      "confianza": 0.351
    },
    {
      "hablante": "Hablante A",
      "inicio": 852.09,
      "fin": 854.07,
      "duracion": 1.98,
      "texto": "¿Eso mismo está bien?",
      "confianza": 0.324
    },
    {
      "hablante": "Hablante A",
      "inicio": 854.09,
      "fin": 854.27,
      "duracion": 0.18,
      "texto": "Perfecto.",
      "confianza": 0.064
    },
    {
      "hablante": "Hablante A",
      "inicio": 854.29,
      "fin": 855.49,
      "duracion": 1.2,
      "texto": "Bien, dame un segundo entonces.",
      "confianza": 0.38
    },
    {
      "hablante": "Hablante A",
      "inicio": 856.35,
      "fin": 857.7,
      "duracion": 1.34,
      "texto": "Bien, ¿y cómo te lees una alternativa?",
      "confianza": 0.454
    },
    {
      "hablante": "Hablante A",
      "inicio": 857.72,
      "fin": 861.94,
      "duracion": 4.23,
      "texto": "¿Puedo poner uno de los dos, de los otros dos que están ahí aguardados?",
      "confianza": 0.683
    },
    {
      "hablante": "Hablante A",
      "inicio": 861.96,
      "fin": 862.34,
      "duracion": 0.38,
      "texto": "¿Te parece?",
      "confianza": 0.582
    },
    {
      "hablante": "Hablante A",
      "inicio": 862.36,
      "fin": 867.61,
      "duracion": 5.25,
      "texto": "¿Me asegura 1 en 890?",
      "confianza": 0.637
    },
    {
      "hablante": "Hablante A",
      "inicio": 867.63,
      "fin": 867.87,
      "duracion": 0.24,
      "texto": "0890.",
      "confianza": 0.71
    },
    {
      "hablante": "Hablante A",
      "inicio": 868.21,
      "fin": 870.35,
      "duracion": 2.14,
      "texto": "Dale, perfecto.",
      "confianza": 0.745
    },
    {
      "hablante": "Hablante A",
      "inicio": 870.37,
      "fin": 873.74,
      "duracion": 3.37,
      "texto": "Bien, ahí el email te vamos a estar enviando lo que es la calculación online, ¿sí?",
      "confianza": 0.592
    },
    {
      "hablante": "Hablante B",
      "inicio": 875.32,
      "fin": 885.28,
      "duracion": 9.96,
      "texto": "Bien, ingresando a la sección Servicios de la Aplicación, vamos a poder ver toda la información referida a tu factura.",
      "confianza": 0.572
    },
    {
      "hablante": "Hablante B",
      "inicio": 885.32,
      "fin": 885.98,
      "duracion": 0.66,
      "texto": "Además de eso...",
      "confianza": 0.716
    },
    {
      "hablante": "Hablante B",
      "inicio": 886.48,
      "fin": 891.21,
      "duracion": 4.73,
      "texto": "Perdón, ¿me dijiste el día de donde realizar el pago?",
      "confianza": 0.347
    },
    {
      "hablante": "Hablante B",
      "inicio": 891.23,
      "fin": 891.81,
      "duracion": 0.58,
      "texto": "No, no, no.",
      "confianza": 0.477
    },
    {
      "hablante": "Hablante B",
      "inicio": 892.43,
      "fin": 900.52,
      "duracion": 8.09,
      "texto": "Te comento que desde la relación mismo avistado vas a poder ver toda la información referida a tu cultura, desde los ciclos, los beneficios, el crecimiento y los montos a parada.",
      "confianza": 0.416
    },
    {
      "hablante": "Hablante B",
      "inicio": 900.54,
      "fin": 905.3,
      "duracion": 4.76,
      "texto": "Además, vas a poder activar 20 días de regalo con una duración de 30 días, dudarte una vez al año.",
      "confianza": 0.481
    },
    {
      "hablante": "Hablante A",
      "inicio": 907.57,
      "fin": 917.36,
      "duracion": 9.79,
      "texto": "Ves a poder adherir al débito automático y si se quiere pasar a otra línea en nombre de Daylight, vas a poder sumar 4 días de regalo en cada línea móvil, ¿sí?",
      "confianza": 0.426
    },
    {
      "hablante": "Hablante A",
      "inicio": 917.38,
      "fin": 917.56,
      "duracion": 0.18,
      "texto": "Muy bien.",
      "confianza": 0.006
    },
    {
      "hablante": "Hablante A",
      "inicio": 917.58,
      "fin": 917.68,
      "duracion": 0.1,
      "texto": "Bien.",
      "confianza": 0.122
    },
    {
      "hablante": "Hablante A",
      "inicio": 917.7,
      "fin": 922.32,
      "duracion": 4.62,
      "texto": "Te cuento también que una vez aprobada la portabilidad, tu línea se portará entre 7 y 10 días hábiles.",
      "confianza": 0.627
    },
    {
      "hablante": "Hablante A",
      "inicio": 922.54,
      "fin": 927.56,
      "duracion": 5.03,
      "texto": "Un día antes, por mensaje de WhatsApp, te vamos a estar informando la fecha de la portabilidad para que vos te quedes tranquilo.",
      "confianza": 0.632
    },
    {
      "hablante": "Hablante A",
      "inicio": 928.23,
      "fin": 930.93,
      "duracion": 2.7,
      "texto": "Es importante que usted no coloque aquí para tener la fecha informada.",
      "confianza": 0.527
    },
    {
      "hablante": "Hablante A",
      "inicio": 931.39,
      "fin": 938.38,
      "duracion": 6.99,
      "texto": "De toda manera, te vamos a dar cuenta porque tu línea de creado va a dejar de recibir el señal y ahí es cuando debes colocarlo, ¿sí?",
      "confianza": 0.567
    },
    {
      "hablante": "Hablante A",
      "inicio": 938.4,
      "fin": 940.68,
      "duracion": 2.28,
      "texto": "Bien.",
      "confianza": 0.279
    },
    {
      "hablante": "Hablante A",
      "inicio": 940.7,
      "fin": 940.76,
      "duracion": 0.06,
      "texto": "Ok.",
      "confianza": 0.029
    },
    {
      "hablante": "Hablante A",
      "inicio": 940.78,
      "fin": 952.34,
      "duracion": 11.56,
      "texto": "Te comento que por única vez van a tener que validar el día de activarlo y en caso de que tengas alguna dificultad con la validación, no intentad nuevamente de comunicar al 0800-321-76182 opción 4, ¿sí?",
      "confianza": 0.556
    },
    {
      "hablante": "Hablante A",
      "inicio": 952.71,
      "fin": 956.39,
      "duracion": 3.69,
      "texto": "Te solicitamos que en caso de no levantar señal en el chimbray, inicies el equipo, ¿sí?",
      "confianza": 0.43
    },
    {
      "hablante": "Hablante A",
      "inicio": 957.04,
      "fin": 961.94,
      "duracion": 4.91,
      "texto": "Y dentro de los próximos días te lo vas a recibir lo que es una encuesta de satisfacción por medir mensaje de texto.",
      "confianza": 0.567
    },
    {
      "hablante": "Hablante A",
      "inicio": 962.48,
      "fin": 970.08,
      "duracion": 7.59,
      "texto": "Te solicito que por favor la completes ya que tu opinión es muy importante para el emprendimiento, ¿sí?",
      "confianza": 0.539
    },
    {
      "hablante": "Hablante A",
      "inicio": 970.1,
      "fin": 970.22,
      "duracion": 0.12,
      "texto": "Bueno.",
      "confianza": 0.006
    },
    {
      "hablante": "Hablante A",
      "inicio": 970.24,
      "fin": 970.34,
      "duracion": 0.1,
      "texto": "Bien.",
      "confianza": 0.039
    },
    {
      "hablante": "Hablante A",
      "inicio": 970.36,
      "fin": 972.46,
      "duracion": 2.1,
      "texto": "Me voy a mandar una pregunta por WhatsApp.",
      "confianza": 0.626
    },
    {
      "hablante": "Hablante A",
      "inicio": 972.48,
      "fin": 975.78,
      "duracion": 3.3,
      "texto": "Necesito que me respondas por sí o por no, ¿sí?",
      "confianza": 0.532
    },
    {
      "hablante": "Hablante A",
      "inicio": 975.8,
      "fin": 980.79,
      "duracion": 4.99,
      "texto": "Así damos cómo construir la venta.",
      "confianza": 0.606
    },
    {
      "hablante": "Hablante A",
      "inicio": 981.09,
      "fin": 985.0,
      "duracion": 3.9,
      "texto": "Mi marrón va conmigo.",
      "confianza": 0.274
    },
    {
      "hablante": "Hablante A",
      "inicio": 985.02,
      "fin": 986.64,
      "duracion": 1.62,
      "texto": "Dame un segundo, por favor.",
      "confianza": 0.411
    },
    {
      "hablante": "Hablante A",
      "inicio": 986.66,
      "fin": 991.44,
      "duracion": 4.78,
      "texto": "Necesito que me respondas en el mismo, en el mismo WhatsApp, ¿sí?",
      "confianza": 0.462
    },
    {
      "hablante": "Hablante A",
      "inicio": 991.46,
      "fin": 991.52,
      "duracion": 0.06,
      "texto": "Sí.",
      "confianza": 0.153
    },
    {
      "hablante": "Hablante A",
      "inicio": 991.54,
      "fin": 994.99,
      "duracion": 3.44,
      "texto": "Consulta, Enolia.",
      "confianza": 0.641
    },
    {
      "hablante": "Hablante A",
      "inicio": 995.01,
      "fin": 999.29,
      "duracion": 4.28,
      "texto": "La línea viene directamente a nombre mío o si va a venir...",
      "confianza": 0.569
    },
    {
      "hablante": "Hablante A",
      "inicio": 999.31,
      "fin": 1005.92,
      "duracion": 6.61,
      "texto": "Va a seguir a nombre de Ilaís, va a seguir a nombre de Ilaís, pero tú puedes hacer el cambio de titularidad una vez que ya está activa la línea, ¿sí?",
      "confianza": 0.519
    },
    {
      "hablante": "Hablante A",
      "inicio": 1005.94,
      "fin": 1008.06,
      "duracion": 2.12,
      "texto": "Cuando ya tengas activa la línea,",
      "confianza": 0.658
    },
    {
      "hablante": "Hablante A",
      "inicio": 1008.84,
      "fin": 1013.38,
      "duracion": 4.54,
      "texto": "Ahí te puedes comunicar a través del WhatsApp con Movistar, si quieres me haces acordar y yo te ayudo.",
      "confianza": 0.412
    },
    {
      "hablante": "Hablante A",
      "inicio": 1014.54,
      "fin": 1026.07,
      "duracion": 11.53,
      "texto": "A través de WhatsApp podés hacer el cambio de titularidad, la verdad que es muy fácil, es un papel que tenés que firmar, firman ambos, la red y vos, con tus datos, después te pide una foto del documento y puedes hacer el cambio de titularidad.",
      "confianza": 0.604
    },
    {
      "hablante": "Hablante A",
      "inicio": 1026.09,
      "fin": 1029.49,
      "duracion": 3.4,
      "texto": "Es muy, muy fácil.",
      "confianza": 0.361
    },
    {
      "hablante": "Hablante A",
      "inicio": 1029.51,
      "fin": 1031.6,
      "duracion": 2.08,
      "texto": "La verdad es que es todo por WhatsApp.",
      "confianza": 0.118
    },
    {
      "hablante": "Hablante A",
      "inicio": 1031.62,
      "fin": 1031.72,
      "duracion": 0.1,
      "texto": "Bien.",
      "confianza": 0.004
    },
    {
      "hablante": "Hablante A",
      "inicio": 1031.74,
      "fin": 1032.04,
      "duracion": 0.3,
      "texto": "Bien, perfecto.",
      "confianza": 0.012
    },
    {
      "hablante": "Hablante A",
      "inicio": 1032.06,
      "fin": 1038.62,
      "duracion": 6.57,
      "texto": "Bien, solamente responderme a ese mensajito que te mandé, por sí o por no, y damos como concluido entonces lo que es la venta.",
      "confianza": 0.536
    },
    {
      "hablante": "Hablante A",
      "inicio": 1039.13,
      "fin": 1064.51,
      "duracion": 25.38,
      "texto": "Y bueno, a la apenas de la titular, que es Leif, me mandas la foto del DNI de Leif, ¿sí?",
      "confianza": 0.607
    },
    {
      "hablante": "Hablante A",
      "inicio": 1064.53,
      "fin": 1065.03,
      "duracion": 0.5,
      "texto": "Por favor.",
      "confianza": 0.951
    },
    {
      "hablante": "Hablante B",
      "inicio": 1068.79,
      "fin": 1078.43,
      "duracion": 9.63,
      "texto": "¿Qué documentación tenés que buscar en el sistema?",
      "confianza": 0.61
    },
    {
      "hablante": "Hablante B",
      "inicio": 1078.45,
      "fin": 1079.71,
      "duracion": 1.26,
      "texto": "No, lo que tenía que buscar lo busqué.",
      "confianza": 0.475
    },
    {
      "hablante": "Hablante B",
      "inicio": 1079.77,
      "fin": 1088.72,
      "duracion": 8.95,
      "texto": "Solamente era para ver si el DNI estaba.",
      "confianza": 0.733
    },
    {
      "hablante": "Hablante B",
      "inicio": 1088.74,
      "fin": 1090.97,
      "duracion": 2.22,
      "texto": "¿Lo encontraste?",
      "confianza": 0.21
    },
    {
      "hablante": "Hablante B",
      "inicio": 1090.99,
      "fin": 1092.77,
      "duracion": 1.78,
      "texto": "Sí, sí, lo encontré.",
      "confianza": 0.143
    },
    {
      "hablante": "Hablante B",
      "inicio": 1092.79,
      "fin": 1096.88,
      "duracion": 4.09,
      "texto": "Bueno, vos a qué hora me decís más o menos que vas a estar...",
      "confianza": 0.479
    },
    {
      "hablante": "Hablante B",
      "inicio": 1097.55,
      "fin": 1101.33,
      "duracion": 3.79,
      "texto": "¿Con el DNI de Larín para que me lo mandes?",
      "confianza": 0.152
    },
    {
      "hablante": "Hablante B",
      "inicio": 1101.35,
      "fin": 1103.39,
      "duracion": 2.04,
      "texto": "A partir de las 15 horas.",
      "confianza": 0.248
    },
    {
      "hablante": "Hablante B",
      "inicio": 1103.41,
      "fin": 1104.28,
      "duracion": 0.86,
      "texto": "¿A partir de las 15?",
      "confianza": 0.558
    },
    {
      "hablante": "Hablante B",
      "inicio": 1104.8,
      "fin": 1108.86,
      "duracion": 4.07,
      "texto": "Bueno, te pido por favor que a las 15 entonces me mandes la foto del DNI de ella, que es la titular.",
      "confianza": 0.641
    },
    {
      "hablante": "Hablante B",
      "inicio": 1109.5,
      "fin": 1116.49,
      "duracion": 6.99,
      "texto": "Así lo dejo también adjuntado junto a la venta, ¿sí?",
      "confianza": 0.615
    },
    {
      "hablante": "Hablante B",
      "inicio": 1116.53,
      "fin": 1117.84,
      "duracion": 1.3,
      "texto": "Perfecto.",
      "confianza": 0.523
    },
    {
      "hablante": "Hablante B",
      "inicio": 1117.89,
      "fin": 1118.48,
      "duracion": 0.58,
      "texto": "Vale, muchas gracias.",
      "confianza": 0.25
    },
    {
      "hablante": "Hablante B",
      "inicio": 1118.5,
      "fin": 1119.64,
      "duracion": 1.14,
      "texto": "Ha sido un placer hablar con vos.",
      "confianza": 0.172
    },
    {
      "hablante": "Hablante B",
      "inicio": 1119.66,
      "fin": 1125.2,
      "duracion": 5.55,
      "texto": "Yo los datos ellos los tenía en el sistema, así que era solamente para que me ayudas el OK.",
      "confianza": 0.548
    },
    {
      "hablante": "Hablante B",
      "inicio": 1125.22,
      "fin": 1126.33,
      "duracion": 1.1,
      "texto": "Así que es todo.",
      "confianza": 0.241
    },
    {
      "hablante": "Hablante B",
      "inicio": 1126.35,
      "fin": 1127.05,
      "duracion": 0.7,
      "texto": "Muchas gracias.",
      "confianza": 0.664
    },
    {
      "hablante": "Hablante B",
      "inicio": 1127.53,
      "fin": 1131.76,
      "duracion": 4.22,
      "texto": "Espero un lindo día y bienvenido.",
      "confianza": 0.687
    },
    {
      "hablante": "Hablante B",
      "inicio": 1131.78,
      "fin": 1132.26,
      "duracion": 0.48,
      "texto": "Gracias.",
      "confianza": 0.293
    },
    {
      "hablante": "Hablante B",
      "inicio": 1132.28,
      "fin": 1132.79,
      "duracion": 0.5,
      "texto": "Hasta luego.",
      "confianza": 0.25
    }
  ],
  "transcripcion_completa": "Hola, buenos días. ¿Cómo le va? Me comunico con Gladys. Buen día. No, Gladys no está. ¿Cómo estás? Buen día. Noel, te hablé de este lado. ¿Cómo estás? ¿Sos el usuario de esta línea? Sí. Bien, perfecto. ¿Cómo es tu nombre? Horacio. Hola, tío. ¿Cómo estás? Noel, te hablé de este lado. Te quería brindar lo que es una promoción con el 80% de descuento para tu línea, ¿sí? ¿De qué empresa me estás hablando? De Movistar, me comunico. ¿Cómo estás? Ah, de Movistar. Bien. Eh... Sí, de SIC. Bien, perfecto. Me sigo en el sistema que actualmente tiene en claro y quería brindarte algo mejor, ¿sí?, a tu compañía. No es actualmente en claro cuánto estamos abonando, más o menos. No, tiráme la puerta, ¿eh? Bien, tenemos dos promos disponibles. En este caso tenemos una promo de 8GB de base más 10 de regalo por 6 meses en 10.720. Esa es la primera, que lo bueno que no solamente tiene 2GB de regalo, sino que además tiene América Precio Local y Rowmin en América. Y después tenemos una promo un poco más económica, que es un plan de 4GB de base y 10 de regalo por 6 meses en 7.790. Ambos planes tienen un descuento del 80% para que puedas disfrutar vosotros. Por cuántos meses es el... La promoción dura 6 meses. El descuento 80%, el 80% es durante 6 meses. Nunca igual llegamos a pagar el plan real porque siempre vamos a tener un descuento en molsar. Pero bueno, es para que lo tengas en cuenta. Además, me estoy cifrando el sistema y tienen más de una línea de nombre de Gladius. En este caso, si te basa más de una línea su nombre, tendría 4 gigas más de regalo en cada línea móvil. Esos gigas no tendrían vencimiento. Bien, mira, a mí sí me interesa, bueno, en el caso de Iglesias lo estuve dando al otro día y no, ya no, no quiere cambiar. Bueno. Pero a mí sí me interesa y bueno, he apoderado la línea directamente, sí. Sí, igualmente, como vos sos el usuario de esta línea, puedes hacer el trámite de todas maneras, así que no habría problema. Bien. Bien, decime, entonces, ¿cuál de los dos planes fue el que más te interesa? Y vamos a arrancar con el más bajo para probar. Y ahí después vemos que cuando se compran los face masks vemos que... Te voy a dar una recomendación. Si es por un tema de recomendación, te recomendaría que lo hagas más que nada por el D8. Por si te vas por el país, algún lado de América, por la que puedas disfrutar el Raúm y que está incluido aquí. Porque si, por ejemplo, no sé, te entra a un Mestera, ahora sí, te sale de Imperivista, y tú ahora sí, y de aquí, de algún lado. No tiene el roaming incluido en ese plan y vas a tener que pagar la parte, es mucho más caro. Yo te recomendaría que empieces por el D8 y cualquier cosa te puedes bajar al D4. Bueno, ¿cuándo puedo pasar al D4 en caso de que no? Cuando tengas la línea. En realidad ya no estoy con ningún lado. ¿Cuándo se cumplen los seis meses? No, no, no. El primer mes lo puedes hacer desde la aplicación. Bien. Bien. Entonces vamos a los días. Primero que nada, saber de dónde sos actualmente, de qué localidad. De qué provincia y localidad. Provincia de Neuquén, ciudad de Aluminia. Aluminia. Esto es del centro de la ciudad. ¿Cómo? ¿Tienes que ir al centro del Neuquén o estás más alejado? Sí, más alejado. A ver. Pues estoy buscando. Aluminé y no me sale la sucursal. La sucursal me sale, claro. Me sale la sucursal directamente en el centro. Pero no te das problema, te la podemos enviar a mi sitio, ¿sí? Bien. Entonces, decime por favor tu dirección. ¿Dónde querés que te mandemos? ¿4 de Caballería? Sí. ¿315? Es Avenida 4 de Caballería 315. Esto está entre Christian Jubert, puede ser, y Rim 26. Sí, perfecto. Bien, esto lo voy a guardar. Un minuto. Está perfecto. Bien. Entonces, la línea está a nombre de Gladys. La línea que tenés es Abono. Y tenés un chip, perdón, un chip físico, ¿verdad? Un chip que se coloca en el celular. Sí. Bien, perfecto. Ambos paso a paso, entonces. Bien. Entonces, Abono, te voy a escribir a tu número de teléfono, que es el 294, que termina en 788. Te voy a poner, hola, querido Eliana de Movistar, si querés ponérmela en altavoz. Lo más reciendo grabado, así para tu tranquilidad y la mía, de que lo que te estoy ofreciendo está totalmente grabado. Me puedes aljendar, mi nombre es Noelia, por si tenés alguna consulta, primero, grabar eso, y segundo, voy a necesitar si me mandes la foto del DNI de Gladys del frente y del dorso, ya que es la titular, solamente 30 segundos y luego la borrar, ¿sí? Solamente para validar su identidad, por lo que es la titular, justamente. No hay problema, lo necesito que lo haga. No, en el caso del DNI no lo tengo ahora porque igual no está. Ah, bueno, y en cuanto me la puedes conseguir más o menos? A partir de las 15 horas. Bien, perfecto. Bueno, no hay problema. Bueno, entonces vamos a hacer otra cosa. Te voy a mandar un mensajito de texto a tu número de teléfono, que termina en 788, con un código de portabilidad, ¿sí? Si has hecho de la portabilidad antes, no sé si no creo que te corres, pero es justamente un mensaje de texto del número más 223 que te dice que tu código de portabilidad es para el prestador MVF, ¿sí? Sí, fíjate si se regó, dónde tiene que haber regado. Necesito que ese mensajito me lo mandes como captura de pantalla, ¿sí? Y el código es 8539. Bueno, necesito que me mandes una captura de pantalla de ese mensaje o me lo copies y me lo pees en el chat del que estamos hablando. ¿Te dirías una referencia de tu domicilio, de los colores en las paredes de tu casa? Sí, pegado a una bicicletería, hay una bicicletería pegada acá, a mi domicilio. A ver, lo voy a buscar en el mapa. A ver, al lado de una bicicletería. A ver, me figura. ¿Una casa color celeste puede ser? ¿O verde agua? No. ¿Tiene un portón de revés o algo así? Perdón. A ver, me voy a ir más a la esquina. A ver qué hay acá. ¿Tenés como un gimnasio en la esquina? ¿Puede ser? No, antes del gimnasio. ¿Antes del gimnasio? Ok. Tengo una casa verde con puerta de madera, una casa blanca, unas rejas y después tengo una casa verde de agua. No sé si estoy bien ubicada, pero ahora te voy a mandar una foto en tu WhatsApp, así me decís vos. Me dijiste, ¿este número lo agendas? No, no, agenda mi WhatsApp. El número que te mandé, ¿viste el mensajito de texto que te mandé? Me mandé una captura de pantalla. A mi WhatsApp, que es el que te escribí. Ahí te mando un putito de vuelta. Te voy a mandar la foto que veo yo para ver si me decís cuál de esas casas es, porque a ver... Las fotos desde el septiembre de 2025 están básicamente actualizadas. Sí. Porque a ese me pasa que la dirección no está bien con la ubicación. Como que sale... Claro. No, no. ¿Ves que termina la ubicación en ese número? Vale, por favor, dame la ubicación y el mensaje. Por favor. Bien, ahí te la envié a su número. A ver, aguarda un momento. A ver, sí. Perfecto. Ahí va el número que voy a mandar. ¿Pudiste sacarle un poco el mensajito? No, es que no importa. Bueno. ¡No! ¡Cortar la nada! ¡Vamos! ¡Vamos! ¡Vamos! ¡Vamos! ¡Vamos! ¡Vamos! Sí, cerca, ¿eh? Y por lo que sale marcado. A ver. Es una casa de esquina, ¿el atrido al visto puede estar ahí? Sí, a ver. Se figura, alumina, espacio de barro y arte. Ahí me salió la gomería que me decía. ¿Es una bicicletería? Sí. Ah, bien. ¿De la bicicletería me hiciste al lado? Sí, pegado en eso. Ah, ok. Pegado hacia la esquina. Una casa rosa al lado. No sé si es rosa o roja. Sí, roja. Y al lado tiene como un barajo abierto. Sí. Ok. Es para dejarlo directamente adjuntado al mapa. Bien, perfecto. Entonces ahora vamos al cierre comercial. Bien. Estamos portando tu línea, que era 294-5-9-9-4-2-5-5-0-1-8-8, nombre y apellido, y la titular actual, Currumil Gladys Mabel, y me confirmas los últimos 3 dígitos de su DNI, por favor. ¿Te lo sabes? Sí. 39. Perfecto. Su compañera actual es clara, me comentas que viene una factura fija, nombre de edad, y que tiene un chip físico, un chip fuerte para la barra del celular. Bien, vamos al principio entonces a Avenida 4 de Camatría 315, esto es de Aluminé, la provincia de Neuquén. Bien, me comentaste entonces que las paredes de la casa son rojas, sí, y tiene una puerta blanca, ¿verdad? Puerta irrejable y ventanas blancas, perfecto. Dame un segundo, entonces así seguimos, bien. Te recuerdo que el costo del servicio al día de hoy es de 10.720, es un plan de 8 días de base, más 10 de regalo por 6 meses. Vas a tener WhatsApp gratis llamada hasta cualquier compañía, un giga para juegos, América Presi local y roaming en América, ¿sí? Y se plantea un descuento fijo durante 6 meses del 80%, que va a hacer que el día de riajuan es 10.720, ¿sí? Bien. Me figura un mail, te lo digo, ¿cuál es? Que dice que es Gladys Conigriaga Currumil. ¿Una roba de email que usted ha tomado? ¿Está bien o te pongo otro email? No, eso mismo está bien. ¿Eso mismo está bien? Perfecto. Bien, dame un segundo entonces. Bien, ¿y cómo te lees una alternativa? ¿Puedo poner uno de los dos, de los otros dos que están ahí aguardados? ¿Te parece? ¿Me asegura 1 en 890? 0890. Dale, perfecto. Bien, ahí el email te vamos a estar enviando lo que es la calculación online, ¿sí? Bien, ingresando a la sección Servicios de la Aplicación, vamos a poder ver toda la información referida a tu factura. Además de eso... Perdón, ¿me dijiste el día de donde realizar el pago? No, no, no. Te comento que desde la relación mismo avistado vas a poder ver toda la información referida a tu cultura, desde los ciclos, los beneficios, el crecimiento y los montos a parada. Además, vas a poder activar 20 días de regalo con una duración de 30 días, dudarte una vez al año. Ves a poder adherir al débito automático y si se quiere pasar a otra línea en nombre de Daylight, vas a poder sumar 4 días de regalo en cada línea móvil, ¿sí? Muy bien. Bien. Te cuento también que una vez aprobada la portabilidad, tu línea se portará entre 7 y 10 días hábiles. Un día antes, por mensaje de WhatsApp, te vamos a estar informando la fecha de la portabilidad para que vos te quedes tranquilo. Es importante que usted no coloque aquí para tener la fecha informada. De toda manera, te vamos a dar cuenta porque tu línea de creado va a dejar de recibir el señal y ahí es cuando debes colocarlo, ¿sí? Bien. Ok. Te comento que por única vez van a tener que validar el día de activarlo y en caso de que tengas alguna dificultad con la validación, no intentad nuevamente de comunicar al 0800-321-76182 opción 4, ¿sí? Te solicitamos que en caso de no levantar señal en el chimbray, inicies el equipo, ¿sí? Y dentro de los próximos días te lo vas a recibir lo que es una encuesta de satisfacción por medir mensaje de texto. Te solicito que por favor la completes ya que tu opinión es muy importante para el emprendimiento, ¿sí? Bueno. Bien. Me voy a mandar una pregunta por WhatsApp. Necesito que me respondas por sí o por no, ¿sí? Así damos cómo construir la venta. Mi marrón va conmigo. Dame un segundo, por favor. Necesito que me respondas en el mismo, en el mismo WhatsApp, ¿sí? Sí. Consulta, Enolia. La línea viene directamente a nombre mío o si va a venir... Va a seguir a nombre de Ilaís, va a seguir a nombre de Ilaís, pero tú puedes hacer el cambio de titularidad una vez que ya está activa la línea, ¿sí? Cuando ya tengas activa la línea, Ahí te puedes comunicar a través del WhatsApp con Movistar, si quieres me haces acordar y yo te ayudo. A través de WhatsApp podés hacer el cambio de titularidad, la verdad que es muy fácil, es un papel que tenés que firmar, firman ambos, la red y vos, con tus datos, después te pide una foto del documento y puedes hacer el cambio de titularidad. Es muy, muy fácil. La verdad es que es todo por WhatsApp. Bien. Bien, perfecto. Bien, solamente responderme a ese mensajito que te mandé, por sí o por no, y damos como concluido entonces lo que es la venta. Y bueno, a la apenas de la titular, que es Leif, me mandas la foto del DNI de Leif, ¿sí? Por favor. ¿Qué documentación tenés que buscar en el sistema? No, lo que tenía que buscar lo busqué. Solamente era para ver si el DNI estaba. ¿Lo encontraste? Sí, sí, lo encontré. Bueno, vos a qué hora me decís más o menos que vas a estar... ¿Con el DNI de Larín para que me lo mandes? A partir de las 15 horas. ¿A partir de las 15? Bueno, te pido por favor que a las 15 entonces me mandes la foto del DNI de ella, que es la titular. Así lo dejo también adjuntado junto a la venta, ¿sí? Perfecto. Vale, muchas gracias. Ha sido un placer hablar con vos. Yo los datos ellos los tenía en el sistema, así que era solamente para que me ayudas el OK. Así que es todo. Muchas gracias. Espero un lindo día y bienvenido. Gracias. Hasta luego.",
  "calidad": {
    "confianza_promedio": 0.443,
    "metodo_diarizacion": "pausas_fallback",
    "tiempo_procesamiento": 42.8
  },
  "metadata": {
    "modelo": "whisperx_medium",
    "diarizacion": "pausas",
    "dispositivo": "cuda",
    "fecha": "2026-02-18T23:13:05.064107",
    "version": "5.0_ecapa"
  }
}