{
  "archivo": "amza10_1_260212103209885_ACD_73391.wav",
  "duracion_segundos": 78.3,
  "num_segmentos": 28,
  "num_hablantes": 2,
  "hablantes": [
    "Hablante A",
    "Hablante B"
  ],
  "tiempo_por_hablante": {
    "Hablante A": 0.56,
    "Hablante B": 70.47
  },
  "idioma": "es",
  "conversacion": [
    {
      "hablante": "Hablante A",
      "inicio": 0.25,
      "fin": 0.81,
      "duracion": 0.56,
      "texto": "Hola.",
      "confianza": 0.407
    },
    {
      "hablante": "Hablante B",
      "inicio": 3.35,
      "fin": 3.71,
      "duracion": 0.36,
      "texto": "Hola, un buen día.",
      "confianza": 0.002
    },
    {
      "hablante": "Hablante B",
      "inicio": 3.73,
      "fin": 4.13,
      "duracion": 0.4,
      "texto": "Hablo con Guillermo.",
      "confianza": 0.008
    },
    {
      "hablante": "Hablante B",
      "inicio": 4.16,
      "fin": 4.74,
      "duracion": 0.58,
      "texto": "Sí, ¿quién habla?",
      "confianza": 0.472
    },
    {
      "hablante": "Hablante B",
      "inicio": 5.48,
      "fin": 6.74,
      "duracion": 1.26,
      "texto": "Lourdes, ¿cómo va Guillermo?",
      "confianza": 0.209
    },
    {
      "hablante": "Hablante B",
      "inicio": 6.76,
      "fin": 7.1,
      "duracion": 0.34,
      "texto": "¿Todo bien?",
      "confianza": 0.638
    },
    {
      "hablante": "Hablante B",
      "inicio": 7.58,
      "fin": 9.26,
      "duracion": 1.68,
      "texto": "Me contacto en la media de respeto.",
      "confianza": 0.435
    },
    {
      "hablante": "Hablante B",
      "inicio": 9.28,
      "fin": 12.22,
      "duracion": 2.94,
      "texto": "¿Tienes que comenzar la conversación?",
      "confianza": 0.474
    },
    {
      "hablante": "Hablante B",
      "inicio": 12.24,
      "fin": 16.43,
      "duracion": 4.19,
      "texto": "No, no, no te agradezco.",
      "confianza": 0.513
    },
    {
      "hablante": "Hablante B",
      "inicio": 16.45,
      "fin": 17.01,
      "duracion": 0.56,
      "texto": "No te puedo atender, ¿sabes?",
      "confianza": 0.036
    },
    {
      "hablante": "Hablante B",
      "inicio": 17.03,
      "fin": 17.65,
      "duracion": 0.62,
      "texto": "Bien, contame.",
      "confianza": 0.766
    },
    {
      "hablante": "Hablante B",
      "inicio": 17.67,
      "fin": 20.7,
      "duracion": 3.02,
      "texto": "¿Por qué no estabas interesado, Guillermo?",
      "confianza": 0.576
    },
    {
      "hablante": "Hablante B",
      "inicio": 20.78,
      "fin": 21.66,
      "duracion": 0.88,
      "texto": "No, no, no.",
      "confianza": 0.646
    },
    {
      "hablante": "Hablante B",
      "inicio": 21.68,
      "fin": 27.87,
      "duracion": 6.19,
      "texto": "Te agradezco, te agradezco.",
      "confianza": 0.446
    },
    {
      "hablante": "Hablante B",
      "inicio": 27.89,
      "fin": 28.11,
      "duracion": 0.22,
      "texto": "Chao, chao.",
      "confianza": 0.02
    },
    {
      "hablante": "Hablante B",
      "inicio": 28.13,
      "fin": 28.91,
      "duracion": 0.78,
      "texto": "Te consulto para dejarlo centrado, ¿sí?",
      "confianza": 0.054
    },
    {
      "hablante": "Hablante B",
      "inicio": 29.23,
      "fin": 34.03,
      "duracion": 4.81,
      "texto": "No me interesa, ya tuve movistar y no quiero volver.",
      "confianza": 0.552
    },
    {
      "hablante": "Hablante B",
      "inicio": 34.05,
      "fin": 36.86,
      "duracion": 2.8,
      "texto": "No me interesa.",
      "confianza": 0.518
    },
    {
      "hablante": "Hablante B",
      "inicio": 36.88,
      "fin": 40.62,
      "duracion": 3.75,
      "texto": "Bueno, igual ve lo que te fuiste hace, en el año 2024, así hace un montón.",
      "confianza": 0.664
    },
    {
      "hablante": "Hablante B",
      "inicio": 40.72,
      "fin": 49.84,
      "duracion": 9.11,
      "texto": "Por eso te estamos volviendo a contactar, sí, justamente porque esta es una nueva sesión y le dirás que vos puedas volver a operar el servicio, sí, con una bonificación que se esté ofreciendo con el 80% de puestos.",
      "confianza": 0.62
    },
    {
      "hablante": "Hablante B",
      "inicio": 49.85,
      "fin": 51.32,
      "duracion": 1.46,
      "texto": "Es que no me interesa.",
      "confianza": 0.822
    },
    {
      "hablante": "Hablante B",
      "inicio": 51.88,
      "fin": 54.98,
      "duracion": 3.1,
      "texto": "No me interesa, estoy viendo donde estoy.",
      "confianza": 0.599
    },
    {
      "hablante": "Hablante B",
      "inicio": 55.0,
      "fin": 57.1,
      "duracion": 2.1,
      "texto": "Bueno, dale, que tengas... Movistar.",
      "confianza": 0.701
    },
    {
      "hablante": "Hablante B",
      "inicio": 57.64,
      "fin": 59.51,
      "duracion": 1.86,
      "texto": "No, no estoy porque no estuve bien.",
      "confianza": 0.663
    },
    {
      "hablante": "Hablante B",
      "inicio": 59.99,
      "fin": 61.71,
      "duracion": 1.72,
      "texto": "Estoy bien, así que no me interesa.",
      "confianza": 0.689
    },
    {
      "hablante": "Hablante B",
      "inicio": 62.51,
      "fin": 63.99,
      "duracion": 1.48,
      "texto": "Dale, listo, le dejo registrar.",
      "confianza": 0.426
    },
    {
      "hablante": "Hablante B",
      "inicio": 64.01,
      "fin": 65.2,
      "duracion": 1.18,
      "texto": "Listo, gracias.",
      "confianza": 0.606
    },
    {
      "hablante": "Hablante B",
      "inicio": 65.22,
      "fin": 78.3,
      "duracion": 13.08,
      "texto": "¿Podrías cortar, por favor?",
      "confianza": 0.076
    }
  ],
  "transcripcion_completa": "Hola. Hola, un buen día. Hablo con Guillermo. Sí, ¿quién habla? Lourdes, ¿cómo va Guillermo? ¿Todo bien? Me contacto en la media de respeto. ¿Tienes que comenzar la conversación? No, no, no te agradezco. No te puedo atender, ¿sabes? Bien, contame. ¿Por qué no estabas interesado, Guillermo? No, no, no. Te agradezco, te agradezco. Chao, chao. Te consulto para dejarlo centrado, ¿sí? No me interesa, ya tuve movistar y no quiero volver. No me interesa. Bueno, igual ve lo que te fuiste hace, en el año 2024, así hace un montón. Por eso te estamos volviendo a contactar, sí, justamente porque esta es una nueva sesión y le dirás que vos puedas volver a operar el servicio, sí, con una bonificación que se esté ofreciendo con el 80% de puestos. Es que no me interesa. No me interesa, estoy viendo donde estoy. Bueno, dale, que tengas... Movistar. No, no estoy porque no estuve bien. Estoy bien, así que no me interesa. Dale, listo, le dejo registrar. Listo, gracias. ¿Podrías cortar, por favor?",
  "calidad": {
    "confianza_promedio": 0.451,
    "metodo_diarizacion": "pausas_fallback",
    "tiempo_procesamiento": 8.0
  },
  "metadata": {
    "modelo": "whisperx_medium",
    "diarizacion": "pausas",
    "dispositivo": "cuda",
    "fecha": "2026-02-18T22:40:03.588204",
    "version": "5.0_ecapa"
  }
}