{
  "archivo": "amza12_1_260210103852668_ACD_07687.wav",
  "duracion_segundos": 63.2,
  "num_segmentos": 23,
  "num_hablantes": 1,
  "hablantes": [
    "Hablante A"
  ],
  "tiempo_por_hablante": {
    "Hablante A": 58.79
  },
  "idioma": "es",
  "conversacion": [
    {
      "hablante": "Hablante A",
      "inicio": 0.03,
      "fin": 0.41,
      "duracion": 0.38,
      "texto": "Buenos días.",
      "confianza": 0.199
    },
    {
      "hablante": "Hablante A",
      "inicio": 1.35,
      "fin": 1.87,
      "duracion": 0.52,
      "texto": "Buenos días.",
      "confianza": 0.433
    },
    {
      "hablante": "Hablante A",
      "inicio": 2.98,
      "fin": 4.6,
      "duracion": 1.62,
      "texto": "Buenos días, ¿cómo estás?",
      "confianza": 0.397
    },
    {
      "hablante": "Hablante A",
      "inicio": 4.62,
      "fin": 6.54,
      "duracion": 1.92,
      "texto": "¿Me comunico con Nicolás?",
      "confianza": 0.614
    },
    {
      "hablante": "Hablante A",
      "inicio": 6.56,
      "fin": 6.62,
      "duracion": 0.06,
      "texto": "Sí.",
      "confianza": 0.469
    },
    {
      "hablante": "Hablante A",
      "inicio": 7.38,
      "fin": 8.08,
      "duracion": 0.7,
      "texto": "Nicolás, ¿cómo estás?",
      "confianza": 0.494
    },
    {
      "hablante": "Hablante A",
      "inicio": 8.1,
      "fin": 9.18,
      "duracion": 1.08,
      "texto": "No, ya te hablé de este lado.",
      "confianza": 0.414
    },
    {
      "hablante": "Hablante A",
      "inicio": 9.26,
      "fin": 11.95,
      "duracion": 2.68,
      "texto": "Me estoy comunicando de la idea de recuperar clientes.",
      "confianza": 0.536
    },
    {
      "hablante": "Hablante A",
      "inicio": 11.97,
      "fin": 13.63,
      "duracion": 1.66,
      "texto": "¿Cómo le va?",
      "confianza": 0.188
    },
    {
      "hablante": "Hablante A",
      "inicio": 13.65,
      "fin": 15.59,
      "duracion": 1.94,
      "texto": "Sí, miren, todo bien.",
      "confianza": 0.272
    },
    {
      "hablante": "Hablante A",
      "inicio": 15.61,
      "fin": 21.98,
      "duracion": 6.37,
      "texto": "Pero nada, te lo digo a vos como te lo digo a los chicos que me llaman tres veces por día.",
      "confianza": 0.412
    },
    {
      "hablante": "Hablante A",
      "inicio": 22.0,
      "fin": 22.06,
      "duracion": 0.06,
      "texto": "Sí.",
      "confianza": 0.019
    },
    {
      "hablante": "Hablante A",
      "inicio": 22.08,
      "fin": 24.02,
      "duracion": 1.94,
      "texto": "No me interesa pasarme.",
      "confianza": 0.547
    },
    {
      "hablante": "Hablante A",
      "inicio": 24.04,
      "fin": 25.68,
      "duracion": 1.64,
      "texto": "La verdad es que yo hago todo lo que me llaman.",
      "confianza": 0.112
    },
    {
      "hablante": "Hablante A",
      "inicio": 25.7,
      "fin": 29.55,
      "duracion": 3.84,
      "texto": "Bueno, es un arreglo particular porque tenemos una promo con el 85% de descuento.",
      "confianza": 0.472
    },
    {
      "hablante": "Hablante A",
      "inicio": 29.9,
      "fin": 33.45,
      "duracion": 3.55,
      "texto": "No me interesa en este momento.",
      "confianza": 0.261
    },
    {
      "hablante": "Hablante A",
      "inicio": 33.47,
      "fin": 38.07,
      "duracion": 4.61,
      "texto": "¿Alguna persona que sepa que se quiera cambiar de compañía o quiera adquirir fibra óptica?",
      "confianza": 0.598
    },
    {
      "hablante": "Hablante A",
      "inicio": 38.09,
      "fin": 47.14,
      "duracion": 9.05,
      "texto": "Los que conozco yo siento su lugar, pero no podría faltar mi contacto tampoco.",
      "confianza": 0.577
    },
    {
      "hablante": "Hablante A",
      "inicio": 47.16,
      "fin": 53.15,
      "duracion": 5.99,
      "texto": "Te arreglo esto el llamado, pero la verdad que el domingo también me manda la musiquita con los ocultadores.",
      "confianza": 0.543
    },
    {
      "hablante": "Hablante A",
      "inicio": 53.47,
      "fin": 56.94,
      "duracion": 3.47,
      "texto": "No hay problema.",
      "confianza": 0.469
    },
    {
      "hablante": "Hablante A",
      "inicio": 56.96,
      "fin": 59.3,
      "duracion": 2.34,
      "texto": "Muchas gracias.",
      "confianza": 0.531
    },
    {
      "hablante": "Hablante A",
      "inicio": 59.8,
      "fin": 62.15,
      "duracion": 2.34,
      "texto": "Que tengas buen día, hasta luego.",
      "confianza": 0.551
    },
    {
      "hablante": "Hablante A",
      "inicio": 62.17,
      "fin": 63.2,
      "duracion": 1.03,
      "texto": "Igualmente.",
      "confianza": 0.851
    }
  ],
  "transcripcion_completa": "Buenos días. Buenos días. Buenos días, ¿cómo estás? ¿Me comunico con Nicolás? Sí. Nicolás, ¿cómo estás? No, ya te hablé de este lado. Me estoy comunicando de la idea de recuperar clientes. ¿Cómo le va? Sí, miren, todo bien. Pero nada, te lo digo a vos como te lo digo a los chicos que me llaman tres veces por día. Sí. No me interesa pasarme. La verdad es que yo hago todo lo que me llaman. Bueno, es un arreglo particular porque tenemos una promo con el 85% de descuento. No me interesa en este momento. ¿Alguna persona que sepa que se quiera cambiar de compañía o quiera adquirir fibra óptica? Los que conozco yo siento su lugar, pero no podría faltar mi contacto tampoco. Te arreglo esto el llamado, pero la verdad que el domingo también me manda la musiquita con los ocultadores. No hay problema. Muchas gracias. Que tengas buen día, hasta luego. Igualmente.",
  "calidad": {
    "confianza_promedio": 0.433,
    "metodo_diarizacion": "pausas_fallback",
    "tiempo_procesamiento": 7.5
  },
  "metadata": {
    "modelo": "whisperx_medium",
    "diarizacion": "pausas",
    "dispositivo": "cuda",
    "fecha": "2026-02-18T22:59:38.164938",
    "version": "5.0_ecapa"
  }
}