{
  "archivo": "amza15_1_260209133530380_ACD_34873.wav",
  "duracion_segundos": 232.42,
  "num_segmentos": 66,
  "num_hablantes": 2,
  "hablantes": [
    "Hablante A",
    "Hablante B"
  ],
  "tiempo_por_hablante": {
    "Hablante B": 139.15,
    "Hablante A": 53.57
  },
  "idioma": "es",
  "conversacion": [
    {
      "hablante": "Hablante B",
      "inicio": 2.33,
      "fin": 5.33,
      "duracion": 3.01,
      "texto": "Hola, buen día, Ángel.",
      "confianza": 0.074
    },
    {
      "hablante": "Hablante B",
      "inicio": 5.35,
      "fin": 6.05,
      "duracion": 0.7,
      "texto": "Ángel, mucho gusto.",
      "confianza": 0.32
    },
    {
      "hablante": "Hablante B",
      "inicio": 6.09,
      "fin": 6.81,
      "duracion": 0.72,
      "texto": "Mi nombre es Agustín.",
      "confianza": 0.504
    },
    {
      "hablante": "Hablante B",
      "inicio": 6.91,
      "fin": 8.9,
      "duracion": 1.98,
      "texto": "Yo lo estoy llamando desde el área de calidad movistar.",
      "confianza": 0.432
    },
    {
      "hablante": "Hablante B",
      "inicio": 8.94,
      "fin": 9.48,
      "duracion": 0.54,
      "texto": "¿Cómo le va?",
      "confianza": 0.391
    },
    {
      "hablante": "Hablante B",
      "inicio": 9.5,
      "fin": 10.04,
      "duracion": 0.54,
      "texto": "¿Todo bien?",
      "confianza": 0.788
    },
    {
      "hablante": "Hablante A",
      "inicio": 12.62,
      "fin": 12.98,
      "duracion": 0.36,
      "texto": "Sí, sí, está bien.",
      "confianza": 0.01
    },
    {
      "hablante": "Hablante A",
      "inicio": 13.0,
      "fin": 13.75,
      "duracion": 0.74,
      "texto": "Muy bien, muchísimas gracias.",
      "confianza": 0.071
    },
    {
      "hablante": "Hablante A",
      "inicio": 13.77,
      "fin": 19.0,
      "duracion": 5.23,
      "texto": "Más que nada yo lo llamo Ángel porque, mire, me juzgué de estar en este sistema que usted fue parte de la compañía hace un tiempo atrás, ¿no?",
      "confianza": 0.561
    },
    {
      "hablante": "Hablante A",
      "inicio": 19.48,
      "fin": 23.56,
      "duracion": 4.09,
      "texto": "Quería saber si lo llevó a cambiar, si tuvo algún inconveniente, si fue por otra oferta.",
      "confianza": 0.587
    },
    {
      "hablante": "Hablante B",
      "inicio": 27.47,
      "fin": 28.03,
      "duracion": 0.56,
      "texto": "Sí, fue por algo más barato.",
      "confianza": 0.026
    },
    {
      "hablante": "Hablante B",
      "inicio": 28.45,
      "fin": 29.39,
      "duracion": 0.94,
      "texto": "fue algo más barato.",
      "confianza": 0.164
    },
    {
      "hablante": "Hablante B",
      "inicio": 29.41,
      "fin": 33.34,
      "duracion": 3.93,
      "texto": "Y la verdad que me parece lógico, no venía, estamos en Argentina y uno tiene que ir donde más le conviene.",
      "confianza": 0.678
    },
    {
      "hablante": "Hablante B",
      "inicio": 33.86,
      "fin": 35.56,
      "duracion": 1.7,
      "texto": "Era así.",
      "confianza": 0.451
    },
    {
      "hablante": "Hablante B",
      "inicio": 35.96,
      "fin": 43.99,
      "duracion": 8.03,
      "texto": "Bueno, justamente por eso yo lo estoy grabando, porque bueno, como hace un año más o menos que se fue la compañía, bueno, primeramente queríamos ofrecerles disculpas, por ahí nos fuimos tan competitivos.",
      "confianza": 0.507
    },
    {
      "hablante": "Hablante B",
      "inicio": 44.03,
      "fin": 52.76,
      "duracion": 8.73,
      "texto": "Y segundo, como sabemos que usted fue un excelente que viene acá en la empresa, de ella sería justamente poder recuperarlo como cliente, vinandolo es lo mejor que tenemos en la compañía.",
      "confianza": 0.607
    },
    {
      "hablante": "Hablante B",
      "inicio": 53.22,
      "fin": 58.05,
      "duracion": 4.83,
      "texto": "O sea, una promoción exclusiva para usted, para que pague menos lo que está pagando actualmente,",
      "confianza": 0.584
    },
    {
      "hablante": "Hablante B",
      "inicio": 58.22,
      "fin": 59.34,
      "duracion": 1.12,
      "texto": "y tenga más beneficio.",
      "confianza": 0.796
    },
    {
      "hablante": "Hablante B",
      "inicio": 59.36,
      "fin": 59.94,
      "duracion": 0.58,
      "texto": "¿Bien?",
      "confianza": 0.779
    },
    {
      "hablante": "Hablante B",
      "inicio": 60.46,
      "fin": 61.0,
      "duracion": 0.54,
      "texto": "Le consulto.",
      "confianza": 0.626
    },
    {
      "hablante": "Hablante B",
      "inicio": 61.02,
      "fin": 63.7,
      "duracion": 2.68,
      "texto": "Usted es el mío, Ángel, ¿para qué utiliza el celular?",
      "confianza": 0.486
    },
    {
      "hablante": "Hablante B",
      "inicio": 63.73,
      "fin": 64.71,
      "duracion": 0.98,
      "texto": "¿Trabaja con el celular?",
      "confianza": 0.575
    },
    {
      "hablante": "Hablante B",
      "inicio": 64.73,
      "fin": 66.61,
      "duracion": 1.88,
      "texto": "¿Lo usa para Facebook, por ejemplo?",
      "confianza": 0.671
    },
    {
      "hablante": "Hablante B",
      "inicio": 66.63,
      "fin": 75.26,
      "duracion": 8.63,
      "texto": "¿O qué uso le suele dar?",
      "confianza": 0.502
    },
    {
      "hablante": "Hablante B",
      "inicio": 75.28,
      "fin": 76.73,
      "duracion": 1.44,
      "texto": "Normal, lo uso normal.",
      "confianza": 0.061
    },
    {
      "hablante": "Hablante B",
      "inicio": 76.75,
      "fin": 77.15,
      "duracion": 0.4,
      "texto": "Trabajar y Facebook.",
      "confianza": 0.033
    },
    {
      "hablante": "Hablante B",
      "inicio": 77.17,
      "fin": 78.29,
      "duracion": 1.12,
      "texto": "Ángel llama en el trabajo.",
      "confianza": 0.437
    },
    {
      "hablante": "Hablante B",
      "inicio": 78.31,
      "fin": 78.79,
      "duracion": 0.48,
      "texto": "Lo llama en el trabajo.",
      "confianza": 0.053
    },
    {
      "hablante": "Hablante B",
      "inicio": 78.81,
      "fin": 79.49,
      "duracion": 0.68,
      "texto": "Perfecto.",
      "confianza": 0.256
    },
    {
      "hablante": "Hablante B",
      "inicio": 79.51,
      "fin": 80.09,
      "duracion": 0.58,
      "texto": "Bien.",
      "confianza": 0.907
    },
    {
      "hablante": "Hablante B",
      "inicio": 80.11,
      "fin": 83.28,
      "duracion": 3.17,
      "texto": "En este caso, Ángel, yo creo que lo que le puedo recomendar son dos planes.",
      "confianza": 0.603
    },
    {
      "hablante": "Hablante B",
      "inicio": 83.36,
      "fin": 85.32,
      "duracion": 1.96,
      "texto": "Sí, hay dos que tienen promoción muy interesantes.",
      "confianza": 0.56
    },
    {
      "hablante": "Hablante B",
      "inicio": 85.64,
      "fin": 89.4,
      "duracion": 3.77,
      "texto": "Por ejemplo, este plan es el más completo de los dos, que te viene con 18GB.",
      "confianza": 0.669
    },
    {
      "hablante": "Hablante B",
      "inicio": 90.12,
      "fin": 92.99,
      "duracion": 2.86,
      "texto": "Bien, son 8 de base, más bien, regalo por 6 meses.",
      "confianza": 0.574
    },
    {
      "hablante": "Hablante B",
      "inicio": 93.01,
      "fin": 93.91,
      "duracion": 0.9,
      "texto": "Es una buena cantidad.",
      "confianza": 0.628
    },
    {
      "hablante": "Hablante B",
      "inicio": 93.93,
      "fin": 97.86,
      "duracion": 3.93,
      "texto": "Le viene también para lo que es WhatsApp Gratis, ya más limitadas a cualquier compañía.",
      "confianza": 0.407
    },
    {
      "hablante": "Hablante B",
      "inicio": 98.62,
      "fin": 103.1,
      "duracion": 4.49,
      "texto": "Tiene también un giga para Free Fire, que no creo que lo juegue, pero por ahí si tiene un hijo, sobrino, lo puedes jugar.",
      "confianza": 0.51
    },
    {
      "hablante": "Hablante B",
      "inicio": 103.7,
      "fin": 115.44,
      "duracion": 11.74,
      "texto": "Tiene América Mesa Local, Rummel en América, no sé si usted suele viajar mucho fuera del país o si se va a vacaciones, por ejemplo, si se lo permite el bolsillo, para tener la posibilidad de conectarse fuera del país también, eso está muy bueno.",
      "confianza": 0.562
    },
    {
      "hablante": "Hablante B",
      "inicio": 115.76,
      "fin": 118.78,
      "duracion": 3.02,
      "texto": "Y también tiene guardar, pasarte y gigas, ¿bien?",
      "confianza": 0.623
    },
    {
      "hablante": "Hablante B",
      "inicio": 118.8,
      "fin": 123.13,
      "duracion": 4.33,
      "texto": "Y adentro que va, si a usted, por ejemplo, le sobran gigas de plan base, se le van a guardar automáticamente al mes que viene.",
      "confianza": 0.461
    },
    {
      "hablante": "Hablante B",
      "inicio": 123.71,
      "fin": 128.02,
      "duracion": 4.31,
      "texto": "Cosas que usted nunca tenga que andar recargando ni nada, y siempre se va a recitar todo el plan.",
      "confianza": 0.552
    },
    {
      "hablante": "Hablante B",
      "inicio": 128.04,
      "fin": 136.63,
      "duracion": 8.59,
      "texto": "Por ejemplo, en este plan, al día de hoy, con 18 gigas, le quedan 10.720 pesos, y tiene lo que es un descuento del 80%, ¿bien?",
      "confianza": 0.567
    },
    {
      "hablante": "Hablante A",
      "inicio": 138.87,
      "fin": 143.96,
      "duracion": 5.09,
      "texto": "Si no, también le tengo un plan que tiene un poquito menos, son 14 gigas, que son cuatro evas, se más 10 regalos.",
      "confianza": 0.651
    },
    {
      "hablante": "Hablante A",
      "inicio": 144.62,
      "fin": 149.74,
      "duracion": 5.13,
      "texto": "que no tiene Roomi ni América Peso Local, ese está en $7,790.",
      "confianza": 0.666
    },
    {
      "hablante": "Hablante A",
      "inicio": 151.01,
      "fin": 153.79,
      "duracion": 2.78,
      "texto": "Eso es $3,000 menos que el anterior, pero tiene $4,000 menos.",
      "confianza": 0.59
    },
    {
      "hablante": "Hablante A",
      "inicio": 154.59,
      "fin": 157.06,
      "duracion": 2.46,
      "texto": "No sé, por ejemplo, Ángel, ¿usted con cuál plan se ve mejor?",
      "confianza": 0.5
    },
    {
      "hablante": "Hablante A",
      "inicio": 157.07,
      "fin": 162.74,
      "duracion": 5.67,
      "texto": "¿Se ve mejor con el de $10,000 o el de $7,000?",
      "confianza": 0.475
    },
    {
      "hablante": "Hablante A",
      "inicio": 162.76,
      "fin": 171.4,
      "duracion": 8.63,
      "texto": "Y por ahora, quizá más adelante.",
      "confianza": 0.161
    },
    {
      "hablante": "Hablante A",
      "inicio": 171.42,
      "fin": 172.06,
      "duracion": 0.64,
      "texto": "Ahora ya...",
      "confianza": 0.494
    },
    {
      "hablante": "Hablante B",
      "inicio": 174.72,
      "fin": 177.08,
      "duracion": 2.36,
      "texto": "Bien, o sea, usted vendido ahora está en caro, me dice.",
      "confianza": 0.449
    },
    {
      "hablante": "Hablante A",
      "inicio": 178.69,
      "fin": 179.91,
      "duracion": 1.22,
      "texto": "¿Y cuánto está mandando vendida?",
      "confianza": 0.592
    },
    {
      "hablante": "Hablante B",
      "inicio": 182.55,
      "fin": 187.28,
      "duracion": 4.73,
      "texto": "Yo estoy pagando veinte.",
      "confianza": 0.305
    },
    {
      "hablante": "Hablante B",
      "inicio": 187.3,
      "fin": 187.94,
      "duracion": 0.64,
      "texto": "¿Veinte mil?",
      "confianza": 0.838
    },
    {
      "hablante": "Hablante B",
      "inicio": 188.04,
      "fin": 189.38,
      "duracion": 1.34,
      "texto": "¿Pero solamente por su línea?",
      "confianza": 0.75
    },
    {
      "hablante": "Hablante A",
      "inicio": 197.63,
      "fin": 198.19,
      "duracion": 0.56,
      "texto": "No, si tengo otro beneficio.",
      "confianza": 0.004
    },
    {
      "hablante": "Hablante A",
      "inicio": 198.21,
      "fin": 204.34,
      "duracion": 6.13,
      "texto": "O sea, lo que más beneficio es que diga lo que te dan la mayoría de la compañía, pero por ahora voy a dejar así, no estoy.",
      "confianza": 0.305
    },
    {
      "hablante": "Hablante A",
      "inicio": 205.23,
      "fin": 210.08,
      "duracion": 4.84,
      "texto": "No es así, o sea, usted me dice que va a tener los mismos beneficios pero acá puede pagar tres veces menos.",
      "confianza": 0.555
    },
    {
      "hablante": "Hablante B",
      "inicio": 212.1,
      "fin": 212.22,
      "duracion": 0.12,
      "texto": "Claro.",
      "confianza": 0.244
    },
    {
      "hablante": "Hablante B",
      "inicio": 212.7,
      "fin": 215.72,
      "duracion": 3.02,
      "texto": "Y no le interesa pagar tres veces menos por el mismo beneficio.",
      "confianza": 0.701
    },
    {
      "hablante": "Hablante B",
      "inicio": 215.74,
      "fin": 224.23,
      "duracion": 8.49,
      "texto": "Y por ahora lo voy a dejar como estoy.",
      "confianza": 0.598
    },
    {
      "hablante": "Hablante B",
      "inicio": 224.25,
      "fin": 224.89,
      "duracion": 0.64,
      "texto": "Igual te agradezco mucho, ¿eh?",
      "confianza": 0.095
    },
    {
      "hablante": "Hablante B",
      "inicio": 224.91,
      "fin": 225.61,
      "duracion": 0.7,
      "texto": "A ver cómo esto me prende, Ángel.",
      "confianza": 0.067
    },
    {
      "hablante": "Hablante B",
      "inicio": 225.63,
      "fin": 228.9,
      "duracion": 3.26,
      "texto": "Bueno, igual yo ya le mandé un mensajito de WhatsApp.",
      "confianza": 0.306
    },
    {
      "hablante": "Hablante B",
      "inicio": 228.92,
      "fin": 231.16,
      "duracion": 2.24,
      "texto": "Dale, dale, cualcosita te hablo, gracias.",
      "confianza": 0.23
    },
    {
      "hablante": "Hablante B",
      "inicio": 231.18,
      "fin": 232.18,
      "duracion": 1.0,
      "texto": "Dale, chau, chau.",
      "confianza": 0.158
    },
    {
      "hablante": "Hablante B",
      "inicio": 232.2,
      "fin": 232.42,
      "duracion": 0.22,
      "texto": "Chau, chau.",
      "confianza": 0.12
    }
  ],
  "transcripcion_completa": "Hola, buen día, Ángel. Ángel, mucho gusto. Mi nombre es Agustín. Yo lo estoy llamando desde el área de calidad movistar. ¿Cómo le va? ¿Todo bien? Sí, sí, está bien. Muy bien, muchísimas gracias. Más que nada yo lo llamo Ángel porque, mire, me juzgué de estar en este sistema que usted fue parte de la compañía hace un tiempo atrás, ¿no? Quería saber si lo llevó a cambiar, si tuvo algún inconveniente, si fue por otra oferta. Sí, fue por algo más barato. fue algo más barato. Y la verdad que me parece lógico, no venía, estamos en Argentina y uno tiene que ir donde más le conviene. Era así. Bueno, justamente por eso yo lo estoy grabando, porque bueno, como hace un año más o menos que se fue la compañía, bueno, primeramente queríamos ofrecerles disculpas, por ahí nos fuimos tan competitivos. Y segundo, como sabemos que usted fue un excelente que viene acá en la empresa, de ella sería justamente poder recuperarlo como cliente, vinandolo es lo mejor que tenemos en la compañía. O sea, una promoción exclusiva para usted, para que pague menos lo que está pagando actualmente, y tenga más beneficio. ¿Bien? Le consulto. Usted es el mío, Ángel, ¿para qué utiliza el celular? ¿Trabaja con el celular? ¿Lo usa para Facebook, por ejemplo? ¿O qué uso le suele dar? Normal, lo uso normal. Trabajar y Facebook. Ángel llama en el trabajo. Lo llama en el trabajo. Perfecto. Bien. En este caso, Ángel, yo creo que lo que le puedo recomendar son dos planes. Sí, hay dos que tienen promoción muy interesantes. Por ejemplo, este plan es el más completo de los dos, que te viene con 18GB. Bien, son 8 de base, más bien, regalo por 6 meses. Es una buena cantidad. Le viene también para lo que es WhatsApp Gratis, ya más limitadas a cualquier compañía. Tiene también un giga para Free Fire, que no creo que lo juegue, pero por ahí si tiene un hijo, sobrino, lo puedes jugar. Tiene América Mesa Local, Rummel en América, no sé si usted suele viajar mucho fuera del país o si se va a vacaciones, por ejemplo, si se lo permite el bolsillo, para tener la posibilidad de conectarse fuera del país también, eso está muy bueno. Y también tiene guardar, pasarte y gigas, ¿bien? Y adentro que va, si a usted, por ejemplo, le sobran gigas de plan base, se le van a guardar automáticamente al mes que viene. Cosas que usted nunca tenga que andar recargando ni nada, y siempre se va a recitar todo el plan. Por ejemplo, en este plan, al día de hoy, con 18 gigas, le quedan 10.720 pesos, y tiene lo que es un descuento del 80%, ¿bien? Si no, también le tengo un plan que tiene un poquito menos, son 14 gigas, que son cuatro evas, se más 10 regalos. que no tiene Roomi ni América Peso Local, ese está en $7,790. Eso es $3,000 menos que el anterior, pero tiene $4,000 menos. No sé, por ejemplo, Ángel, ¿usted con cuál plan se ve mejor? ¿Se ve mejor con el de $10,000 o el de $7,000? Y por ahora, quizá más adelante. Ahora ya... Bien, o sea, usted vendido ahora está en caro, me dice. ¿Y cuánto está mandando vendida? Yo estoy pagando veinte. ¿Veinte mil? ¿Pero solamente por su línea? No, si tengo otro beneficio. O sea, lo que más beneficio es que diga lo que te dan la mayoría de la compañía, pero por ahora voy a dejar así, no estoy. No es así, o sea, usted me dice que va a tener los mismos beneficios pero acá puede pagar tres veces menos. Claro. Y no le interesa pagar tres veces menos por el mismo beneficio. Y por ahora lo voy a dejar como estoy. Igual te agradezco mucho, ¿eh? A ver cómo esto me prende, Ángel. Bueno, igual yo ya le mandé un mensajito de WhatsApp. Dale, dale, cualcosita te hablo, gracias. Dale, chau, chau. Chau, chau.",
  "calidad": {
    "confianza_promedio": 0.447,
    "metodo_diarizacion": "pausas_fallback",
    "tiempo_procesamiento": 13.3
  },
  "metadata": {
    "modelo": "whisperx_medium",
    "diarizacion": "pausas",
    "dispositivo": "cuda",
    "fecha": "2026-02-18T23:35:55.455471",
    "version": "5.0_ecapa"
  }
}