{
  "archivo": "amza13_1_260209102511623_ACD_05707.wav",
  "duracion_segundos": 1196.0,
  "num_segmentos": 299,
  "num_hablantes": 2,
  "hablantes": [
    "Hablante A",
    "Hablante B"
  ],
  "tiempo_por_hablante": {
    "Hablante A": 587.86,
    "Hablante B": 405.13
  },
  "idioma": "es",
  "conversacion": [
    {
      "hablante": "Hablante A",
      "inicio": 0.67,
      "fin": 2.33,
      "duracion": 1.66,
      "texto": "Hola.",
      "confianza": 0.365
    },
    {
      "hablante": "Hablante A",
      "inicio": 2.35,
      "fin": 2.75,
      "duracion": 0.4,
      "texto": "Hola, buen día.",
      "confianza": 0.479
    },
    {
      "hablante": "Hablante A",
      "inicio": 2.77,
      "fin": 5.9,
      "duracion": 3.12,
      "texto": "¿Algo con el señor Francisco?",
      "confianza": 0.51
    },
    {
      "hablante": "Hablante A",
      "inicio": 5.92,
      "fin": 5.98,
      "duracion": 0.06,
      "texto": "Sí.",
      "confianza": 0.027
    },
    {
      "hablante": "Hablante A",
      "inicio": 6.0,
      "fin": 6.6,
      "duracion": 0.6,
      "texto": "¿Qué tal, Gusto?",
      "confianza": 0.645
    },
    {
      "hablante": "Hablante A",
      "inicio": 6.64,
      "fin": 7.4,
      "duracion": 0.76,
      "texto": "Mi nombre es Rodrigo.",
      "confianza": 0.504
    },
    {
      "hablante": "Hablante A",
      "inicio": 7.42,
      "fin": 8.28,
      "duracion": 0.86,
      "texto": "¿Cómo le va el día de hoy?",
      "confianza": 0.794
    },
    {
      "hablante": "Hablante A",
      "inicio": 8.32,
      "fin": 9.9,
      "duracion": 1.58,
      "texto": "¿Todo bien?",
      "confianza": 0.869
    },
    {
      "hablante": "Hablante A",
      "inicio": 9.96,
      "fin": 10.96,
      "duracion": 1.0,
      "texto": "Todo bien.",
      "confianza": 0.416
    },
    {
      "hablante": "Hablante A",
      "inicio": 10.99,
      "fin": 13.29,
      "duracion": 2.3,
      "texto": "Nos estamos comunicando del área de beneficio movilizar.",
      "confianza": 0.675
    },
    {
      "hablante": "Hablante A",
      "inicio": 14.17,
      "fin": 19.22,
      "duracion": 5.05,
      "texto": "Tenemos para ordenar lo que es un plan de 18 GB a un valor de 10.730 pesos.",
      "confianza": 0.784
    },
    {
      "hablante": "Hablante B",
      "inicio": 24.36,
      "fin": 26.65,
      "duracion": 2.28,
      "texto": "Es un descuento exclusivo para los clientes de Claro.",
      "confianza": 0.757
    },
    {
      "hablante": "Hablante B",
      "inicio": 27.27,
      "fin": 39.42,
      "duracion": 12.15,
      "texto": "tenga presente que usted mantendría el mismo número y en ningún momento se quedaría incomunicado, ¿sí?",
      "confianza": 0.672
    },
    {
      "hablante": "Hablante B",
      "inicio": 39.44,
      "fin": 39.5,
      "duracion": 0.06,
      "texto": "Sí.",
      "confianza": 0.259
    },
    {
      "hablante": "Hablante B",
      "inicio": 39.52,
      "fin": 54.24,
      "duracion": 14.72,
      "texto": "Tenga presente que el trámite es muy rápido, lo podemos hacer en tres minutitos, y como le dije anteriormente, usted, bueno, en ningún momento se quedaría incomunicado, seguiría con el mismo número, y bueno, la idea es que usted, bueno, pueda probar lo que es este servicio y esta promoción que tenemos por el día de hoy, ¿sí?",
      "confianza": 0.645
    },
    {
      "hablante": "Hablante A",
      "inicio": 57.96,
      "fin": 61.09,
      "duracion": 3.12,
      "texto": "Bueno, en serio.",
      "confianza": 0.05
    },
    {
      "hablante": "Hablante A",
      "inicio": 61.11,
      "fin": 61.37,
      "duracion": 0.26,
      "texto": "Perfecto.",
      "confianza": 0.093
    },
    {
      "hablante": "Hablante A",
      "inicio": 61.39,
      "fin": 62.43,
      "duracion": 1.04,
      "texto": "Perfecto, le hago una consulta.",
      "confianza": 0.605
    },
    {
      "hablante": "Hablante A",
      "inicio": 62.47,
      "fin": 66.05,
      "duracion": 3.59,
      "texto": "Me figura Francisco Javier Torres, ¿es correcto?",
      "confianza": 0.652
    },
    {
      "hablante": "Hablante B",
      "inicio": 68.24,
      "fin": 68.58,
      "duracion": 0.34,
      "texto": "Sí, correcto.",
      "confianza": 0.08
    },
    {
      "hablante": "Hablante B",
      "inicio": 68.6,
      "fin": 69.46,
      "duracion": 0.86,
      "texto": "Perfecto, Francisco.",
      "confianza": 0.66
    },
    {
      "hablante": "Hablante B",
      "inicio": 70.78,
      "fin": 73.28,
      "duracion": 2.5,
      "texto": "Bueno, le paso a explicar el plan, ¿sí?",
      "confianza": 0.704
    },
    {
      "hablante": "Hablante B",
      "inicio": 73.3,
      "fin": 83.24,
      "duracion": 9.93,
      "texto": "Sería entonces un plan de lo que es 18 GB, donde usted tendría WhatsApp gratis, llamadas libres a cualquier compañía, América Precio Local y Rummen en América, ¿sí?",
      "confianza": 0.661
    },
    {
      "hablante": "Hablante B",
      "inicio": 83.26,
      "fin": 86.6,
      "duracion": 3.34,
      "texto": "Todo esto a un valor de 10.720 pesos.",
      "confianza": 0.768
    },
    {
      "hablante": "Hablante B",
      "inicio": 86.94,
      "fin": 88.36,
      "duracion": 1.42,
      "texto": "Le hago una consulta a Francisco.",
      "confianza": 0.68
    },
    {
      "hablante": "Hablante B",
      "inicio": 88.38,
      "fin": 93.33,
      "duracion": 4.95,
      "texto": "¿Usted pasaría otra línea o solamente pasaría esta línea?",
      "confianza": 0.79
    },
    {
      "hablante": "Hablante B",
      "inicio": 93.35,
      "fin": 93.71,
      "duracion": 0.36,
      "texto": "No, esta línea no.",
      "confianza": 0.002
    },
    {
      "hablante": "Hablante B",
      "inicio": 93.73,
      "fin": 94.97,
      "duracion": 1.24,
      "texto": "Perfecto, perfecto.",
      "confianza": 0.905
    },
    {
      "hablante": "Hablante B",
      "inicio": 95.01,
      "fin": 95.73,
      "duracion": 0.72,
      "texto": "Esperemos un segundito.",
      "confianza": 0.378
    },
    {
      "hablante": "Hablante B",
      "inicio": 95.75,
      "fin": 98.75,
      "duracion": 3.0,
      "texto": "Ahora le voy a dejar un mensajito por WhatsApp para que sepa que soy yo, ¿sí?",
      "confianza": 0.584
    },
    {
      "hablante": "Hablante A",
      "inicio": 106.91,
      "fin": 107.37,
      "duracion": 0.46,
      "texto": "¿Me escucha, Francisco?",
      "confianza": 0.0
    },
    {
      "hablante": "Hablante A",
      "inicio": 107.39,
      "fin": 108.45,
      "duracion": 1.06,
      "texto": "Sí, me escucha.",
      "confianza": 0.687
    },
    {
      "hablante": "Hablante B",
      "inicio": 110.53,
      "fin": 110.91,
      "duracion": 0.38,
      "texto": "Perfecto.",
      "confianza": 0.866
    },
    {
      "hablante": "Hablante B",
      "inicio": 111.07,
      "fin": 114.6,
      "duracion": 3.53,
      "texto": "Ahí le acabo de dejar lo que es el plan por WhatsApp, ¿sí?",
      "confianza": 0.632
    },
    {
      "hablante": "Hablante A",
      "inicio": 116.77,
      "fin": 117.89,
      "duracion": 1.12,
      "texto": "para que sepa que soy yo.",
      "confianza": 0.728
    },
    {
      "hablante": "Hablante A",
      "inicio": 118.13,
      "fin": 119.42,
      "duracion": 1.28,
      "texto": "Ahí le acabo de dejar el mensajito.",
      "confianza": 0.472
    },
    {
      "hablante": "Hablante A",
      "inicio": 120.06,
      "fin": 121.3,
      "duracion": 1.24,
      "texto": "La una consulta, Francisco.",
      "confianza": 0.751
    },
    {
      "hablante": "Hablante A",
      "inicio": 121.32,
      "fin": 125.9,
      "duracion": 4.59,
      "texto": "¿Usted de qué localidad es?",
      "confianza": 0.502
    },
    {
      "hablante": "Hablante A",
      "inicio": 125.92,
      "fin": 126.36,
      "duracion": 0.44,
      "texto": "San Miguel de Tucumán.",
      "confianza": 0.014
    },
    {
      "hablante": "Hablante A",
      "inicio": 126.38,
      "fin": 126.64,
      "duracion": 0.26,
      "texto": "Perfecto.",
      "confianza": 0.192
    },
    {
      "hablante": "Hablante A",
      "inicio": 126.66,
      "fin": 138.62,
      "duracion": 11.95,
      "texto": "Esperemos un segundito.",
      "confianza": 0.538
    },
    {
      "hablante": "Hablante A",
      "inicio": 138.64,
      "fin": 142.06,
      "duracion": 3.42,
      "texto": "San Miguel de Tucumán me dijo, ¿cierto?",
      "confianza": 0.222
    },
    {
      "hablante": "Hablante A",
      "inicio": 142.08,
      "fin": 142.14,
      "duracion": 0.06,
      "texto": "Sí.",
      "confianza": 0.05
    },
    {
      "hablante": "Hablante A",
      "inicio": 142.16,
      "fin": 142.56,
      "duracion": 0.4,
      "texto": "Perfecto.",
      "confianza": 0.801
    },
    {
      "hablante": "Hablante A",
      "inicio": 143.24,
      "fin": 146.53,
      "duracion": 3.28,
      "texto": "En este caso, le podemos enviar el chip por lo que es Correo Andriani, ¿sí?",
      "confianza": 0.741
    },
    {
      "hablante": "Hablante A",
      "inicio": 146.88,
      "fin": 158.57,
      "duracion": 11.7,
      "texto": "Usted me tendría que dictar lo que es el tema de la dirección de su domicilio y ahí le vas a estar llegando el chip, ¿sí?",
      "confianza": 0.765
    },
    {
      "hablante": "Hablante A",
      "inicio": 158.59,
      "fin": 163.56,
      "duracion": 4.97,
      "texto": "Siacrabuco 34, tercero A. Siacrabuco 34.",
      "confianza": 0.325
    },
    {
      "hablante": "Hablante A",
      "inicio": 163.58,
      "fin": 164.34,
      "duracion": 0.76,
      "texto": "Sí, tercero A.",
      "confianza": 0.479
    },
    {
      "hablante": "Hablante A",
      "inicio": 164.46,
      "fin": 164.66,
      "duracion": 0.2,
      "texto": "Tercero A.",
      "confianza": 0.115
    },
    {
      "hablante": "Hablante A",
      "inicio": 164.68,
      "fin": 165.08,
      "duracion": 0.4,
      "texto": "Perfecto.",
      "confianza": 0.741
    },
    {
      "hablante": "Hablante A",
      "inicio": 165.14,
      "fin": 175.14,
      "duracion": 9.99,
      "texto": "Esperemos un segundito.",
      "confianza": 0.461
    },
    {
      "hablante": "Hablante A",
      "inicio": 175.16,
      "fin": 175.66,
      "duracion": 0.5,
      "texto": "Perfecto.",
      "confianza": 0.369
    },
    {
      "hablante": "Hablante A",
      "inicio": 175.68,
      "fin": 176.7,
      "duracion": 1.02,
      "texto": "Esperemos un segundito.",
      "confianza": 0.419
    },
    {
      "hablante": "Hablante B",
      "inicio": 201.75,
      "fin": 202.94,
      "duracion": 1.18,
      "texto": "La una consulta.",
      "confianza": 0.641
    },
    {
      "hablante": "Hablante B",
      "inicio": 202.96,
      "fin": 204.92,
      "duracion": 1.96,
      "texto": "¿Por qué no me escribió la dirección?",
      "confianza": 0.769
    },
    {
      "hablante": "Hablante B",
      "inicio": 204.94,
      "fin": 206.06,
      "duracion": 1.12,
      "texto": "La estoy buscando.",
      "confianza": 0.563
    },
    {
      "hablante": "Hablante B",
      "inicio": 206.24,
      "fin": 207.79,
      "duracion": 1.54,
      "texto": "Usted me dijo Chacabuco 34.",
      "confianza": 0.698
    },
    {
      "hablante": "Hablante B",
      "inicio": 207.97,
      "fin": 213.19,
      "duracion": 5.23,
      "texto": "Chacabuco 34, tercer oeste.",
      "confianza": 0.467
    },
    {
      "hablante": "Hablante B",
      "inicio": 213.22,
      "fin": 216.42,
      "duracion": 3.21,
      "texto": "Está en el centro de Santiago de Tucumán.",
      "confianza": 0.431
    },
    {
      "hablante": "Hablante B",
      "inicio": 216.44,
      "fin": 218.56,
      "duracion": 2.12,
      "texto": "Entre 24 y el quiebre quizás todo va bien.",
      "confianza": 0.455
    },
    {
      "hablante": "Hablante A",
      "inicio": 226.63,
      "fin": 239.34,
      "duracion": 12.72,
      "texto": "Claro, porque me figuro una dirección en la calle de Chacabuco al 34, pero me figuro entre la calle El Pasaje Centenario y Avenía Leandro Alem.",
      "confianza": 0.667
    },
    {
      "hablante": "Hablante A",
      "inicio": 239.36,
      "fin": 247.39,
      "duracion": 8.03,
      "texto": "Chacabuco, 34, tercero A, entre 24 de septiembre y Crisóstomo Álvarez.",
      "confianza": 0.586
    },
    {
      "hablante": "Hablante A",
      "inicio": 247.41,
      "fin": 253.62,
      "duracion": 6.21,
      "texto": "A una cuadra de la Plaza Central de la Plaza Interpretencia que es la Plaza Central de Chacabuco.",
      "confianza": 0.434
    },
    {
      "hablante": "Hablante A",
      "inicio": 253.66,
      "fin": 254.02,
      "duracion": 0.36,
      "texto": "Perfecto.",
      "confianza": 0.598
    },
    {
      "hablante": "Hablante A",
      "inicio": 254.04,
      "fin": 255.2,
      "duracion": 1.16,
      "texto": "A ver, esperemos un segundito.",
      "confianza": 0.372
    },
    {
      "hablante": "Hablante B",
      "inicio": 262.99,
      "fin": 267.46,
      "duracion": 4.47,
      "texto": "Si, se la vamos a enviar al domicilio.",
      "confianza": 0.529
    },
    {
      "hablante": "Hablante A",
      "inicio": 282.94,
      "fin": 284.7,
      "duracion": 1.76,
      "texto": "Te hago dos preguntas.",
      "confianza": 0.506
    },
    {
      "hablante": "Hablante A",
      "inicio": 284.72,
      "fin": 284.78,
      "duracion": 0.06,
      "texto": "Sí.",
      "confianza": 0.362
    },
    {
      "hablante": "Hablante B",
      "inicio": 287.35,
      "fin": 290.03,
      "duracion": 2.68,
      "texto": "Claro, puede ser que la caire sea batalla del Chacabuco.",
      "confianza": 0.757
    },
    {
      "hablante": "Hablante B",
      "inicio": 291.46,
      "fin": 301.5,
      "duracion": 10.04,
      "texto": "Claro, por eso no le encontraba lo que es el sistema, porque claro, yo ponía el Chacabuco solo, pero es batalla de Chacabuco.",
      "confianza": 0.755
    },
    {
      "hablante": "Hablante B",
      "inicio": 301.52,
      "fin": 302.72,
      "duracion": 1.2,
      "texto": "Perfecto, le hago una consulta.",
      "confianza": 0.525
    },
    {
      "hablante": "Hablante B",
      "inicio": 302.74,
      "fin": 310.04,
      "duracion": 7.29,
      "texto": "¿Entre qué calle me dijo que era?",
      "confianza": 0.594
    },
    {
      "hablante": "Hablante B",
      "inicio": 310.06,
      "fin": 310.4,
      "duracion": 0.34,
      "texto": "24 de septiembre.",
      "confianza": 0.062
    },
    {
      "hablante": "Hablante B",
      "inicio": 310.42,
      "fin": 312.3,
      "duracion": 1.88,
      "texto": "Perfecto.",
      "confianza": 0.305
    },
    {
      "hablante": "Hablante B",
      "inicio": 312.38,
      "fin": 314.14,
      "duracion": 1.76,
      "texto": "Perfecto, ahora vamos a dejar asentado, ¿sí?",
      "confianza": 0.565
    },
    {
      "hablante": "Hablante A",
      "inicio": 323.22,
      "fin": 327.06,
      "duracion": 3.84,
      "texto": "Perfecto, hasta el sistema él lo encontró, así que a este domicilio se lo enviaríamos, ¿sí?",
      "confianza": 0.614
    },
    {
      "hablante": "Hablante A",
      "inicio": 327.08,
      "fin": 334.27,
      "duracion": 7.19,
      "texto": "A la calle Batalla de Chacabujo, al 34, tercero A.",
      "confianza": 0.638
    },
    {
      "hablante": "Hablante A",
      "inicio": 334.29,
      "fin": 335.27,
      "duracion": 0.98,
      "texto": "La una consulta.",
      "confianza": 0.803
    },
    {
      "hablante": "Hablante A",
      "inicio": 335.51,
      "fin": 336.78,
      "duracion": 1.26,
      "texto": "A ver, esperemos un segundito.",
      "confianza": 0.502
    },
    {
      "hablante": "Hablante A",
      "inicio": 337.16,
      "fin": 338.42,
      "duracion": 1.26,
      "texto": "La una consulta, Francisco.",
      "confianza": 0.802
    },
    {
      "hablante": "Hablante A",
      "inicio": 338.64,
      "fin": 340.9,
      "duracion": 2.26,
      "texto": "Esta línea está en claro con un plan abono, ¿cierto?",
      "confianza": 0.819
    },
    {
      "hablante": "Hablante A",
      "inicio": 341.14,
      "fin": 343.88,
      "duracion": 2.74,
      "texto": "No es preparada.",
      "confianza": 0.931
    },
    {
      "hablante": "Hablante A",
      "inicio": 343.9,
      "fin": 351.25,
      "duracion": 7.35,
      "texto": "Perfecto, en este caso, como usted es el titular de la línea, lo único que vamos a necesitar sería una fotito del DNI de la persona titular, en este caso usted,",
      "confianza": 0.715
    },
    {
      "hablante": "Hablante A",
      "inicio": 351.55,
      "fin": 357.44,
      "duracion": 5.89,
      "texto": "del frente y del dorso si cargamos una solicitud, si usted quiere me la puede enviar vía WhatsApp y yo la espero en línea, ¿sí?",
      "confianza": 0.714
    },
    {
      "hablante": "Hablante B",
      "inicio": 364.01,
      "fin": 364.79,
      "duracion": 0.78,
      "texto": "No, en línea no, te la mando enseguida.",
      "confianza": 0.016
    },
    {
      "hablante": "Hablante B",
      "inicio": 364.81,
      "fin": 367.99,
      "duracion": 3.18,
      "texto": "Claro, pasa que la necesitamos ahora si dejamos todo cargado, Francisco.",
      "confianza": 0.705
    },
    {
      "hablante": "Hablante B",
      "inicio": 369.31,
      "fin": 373.18,
      "duracion": 3.86,
      "texto": "Bueno, ahora te la mando en un rato, cinco minutos.",
      "confianza": 0.296
    },
    {
      "hablante": "Hablante B",
      "inicio": 373.2,
      "fin": 373.84,
      "duracion": 0.64,
      "texto": "Bueno, perfecto, Francisco.",
      "confianza": 0.127
    },
    {
      "hablante": "Hablante B",
      "inicio": 374.38,
      "fin": 378.64,
      "duracion": 4.26,
      "texto": "Perfecto, tenga presión de que esto se lo vamos a enviar por lo que es correr a Adriani, ¿sí?",
      "confianza": 0.671
    },
    {
      "hablante": "Hablante B",
      "inicio": 379.42,
      "fin": 382.06,
      "duracion": 2.64,
      "texto": "¿Cuánto más o menos llegan?",
      "confianza": 0.43
    },
    {
      "hablante": "Hablante B",
      "inicio": 382.08,
      "fin": 383.8,
      "duracion": 1.72,
      "texto": "Estaría llegando esta semana.",
      "confianza": 0.575
    },
    {
      "hablante": "Hablante B",
      "inicio": 385.0,
      "fin": 387.7,
      "duracion": 2.7,
      "texto": "Al fin de esta semana.",
      "confianza": 0.423
    },
    {
      "hablante": "Hablante B",
      "inicio": 387.73,
      "fin": 387.85,
      "duracion": 0.12,
      "texto": "Bien.",
      "confianza": 0.16
    },
    {
      "hablante": "Hablante B",
      "inicio": 387.87,
      "fin": 388.55,
      "duracion": 0.68,
      "texto": "Otra pregunta.",
      "confianza": 0.502
    },
    {
      "hablante": "Hablante B",
      "inicio": 388.83,
      "fin": 393.79,
      "duracion": 4.97,
      "texto": "¿Cuál es el número de la tercera cliente de ustedes?",
      "confianza": 0.605
    },
    {
      "hablante": "Hablante B",
      "inicio": 393.85,
      "fin": 395.76,
      "duracion": 1.9,
      "texto": "Si quieres, se lo dejo por vía WhatsApp.",
      "confianza": 0.711
    },
    {
      "hablante": "Hablante B",
      "inicio": 396.34,
      "fin": 399.12,
      "duracion": 2.78,
      "texto": "Ahí se lo copio.",
      "confianza": 0.518
    },
    {
      "hablante": "Hablante B",
      "inicio": 399.48,
      "fin": 400.74,
      "duracion": 1.26,
      "texto": "Listo, mandámoslo por WhatsApp.",
      "confianza": 0.197
    },
    {
      "hablante": "Hablante B",
      "inicio": 400.76,
      "fin": 401.82,
      "duracion": 1.06,
      "texto": "Y otra cosa.",
      "confianza": 0.499
    },
    {
      "hablante": "Hablante B",
      "inicio": 401.84,
      "fin": 403.63,
      "duracion": 1.78,
      "texto": "Sí que se haría y se lo puedo desviar.",
      "confianza": 0.582
    },
    {
      "hablante": "Hablante B",
      "inicio": 403.65,
      "fin": 404.75,
      "duracion": 1.1,
      "texto": "Fíjate si le llegó, Francisco.",
      "confianza": 0.452
    },
    {
      "hablante": "Hablante A",
      "inicio": 410.43,
      "fin": 413.33,
      "duracion": 2.9,
      "texto": "No, bueno, no sé.",
      "confianza": 0.364
    },
    {
      "hablante": "Hablante A",
      "inicio": 413.35,
      "fin": 415.66,
      "duracion": 2.3,
      "texto": "Ya lo voy a hacer si digo.",
      "confianza": 0.242
    },
    {
      "hablante": "Hablante A",
      "inicio": 415.68,
      "fin": 418.36,
      "duracion": 2.68,
      "texto": "Y otra pregunta.",
      "confianza": 0.779
    },
    {
      "hablante": "Hablante A",
      "inicio": 418.38,
      "fin": 421.46,
      "duracion": 3.08,
      "texto": "¿Tengo tiempo de permanencia con usted esto?",
      "confianza": 0.622
    },
    {
      "hablante": "Hablante A",
      "inicio": 421.48,
      "fin": 425.55,
      "duracion": 4.06,
      "texto": "No, quiero decir tranquilo que en ninguna compañía usted va a tener lo que es un contrato de permanencia.",
      "confianza": 0.601
    },
    {
      "hablante": "Hablante A",
      "inicio": 426.14,
      "fin": 428.33,
      "duracion": 2.18,
      "texto": "Usted puede estar en el tiempo que usted desee.",
      "confianza": 0.653
    },
    {
      "hablante": "Hablante A",
      "inicio": 428.35,
      "fin": 436.01,
      "duracion": 7.67,
      "texto": "La idea no es que pueda estar mucho tiempo porque, bueno, la idea es lograr fidelizar a los clientes y que estén mucho tiempo en la compañía, ¿sí?",
      "confianza": 0.749
    },
    {
      "hablante": "Hablante A",
      "inicio": 436.03,
      "fin": 438.24,
      "duracion": 2.2,
      "texto": "Sí, pero, bueno.",
      "confianza": 0.515
    },
    {
      "hablante": "Hablante A",
      "inicio": 438.26,
      "fin": 439.9,
      "duracion": 1.64,
      "texto": "No puedo dar para charlar hasta que lo acabo.",
      "confianza": 0.334
    },
    {
      "hablante": "Hablante A",
      "inicio": 440.23,
      "fin": 446.58,
      "duracion": 6.35,
      "texto": "Las compañías no les interesa tener clientes fieles, les interesa el número.",
      "confianza": 0.674
    },
    {
      "hablante": "Hablante A",
      "inicio": 446.6,
      "fin": 460.39,
      "duracion": 13.8,
      "texto": "Entonces, cada una vez que tienen, te empiezan a aumentar, te empiezan a aumentar, te empiezan a aumentar y si te pasas para otra compañía, pagas mucho menos que lo que venís pagando.",
      "confianza": 0.456
    },
    {
      "hablante": "Hablante A",
      "inicio": 460.41,
      "fin": 466.8,
      "duracion": 6.39,
      "texto": "Usted quiere decir tranquilo que, bueno, movistar en ello ha mejorado, hemos hecho lo que es una autocrítica y la idea es mantener a los clientes, ¿sí?",
      "confianza": 0.667
    },
    {
      "hablante": "Hablante A",
      "inicio": 466.84,
      "fin": 468.7,
      "duracion": 1.86,
      "texto": "Por eso le brindamos un plan exclusivo,",
      "confianza": 0.754
    },
    {
      "hablante": "Hablante A",
      "inicio": 468.99,
      "fin": 476.96,
      "duracion": 7.97,
      "texto": "que son muchas gigabytes a un valor muy bajo, y bueno, la idea es que se pueda quedar con nosotros, ¿sí?",
      "confianza": 0.624
    },
    {
      "hablante": "Hablante A",
      "inicio": 476.98,
      "fin": 477.32,
      "duracion": 0.34,
      "texto": "Bueno, ahí mismo.",
      "confianza": 0.001
    },
    {
      "hablante": "Hablante A",
      "inicio": 477.34,
      "fin": 478.74,
      "duracion": 1.4,
      "texto": "Perfecto, le hago una consulta a Francisco.",
      "confianza": 0.333
    },
    {
      "hablante": "Hablante A",
      "inicio": 479.3,
      "fin": 483.83,
      "duracion": 4.53,
      "texto": "Lo que tendríamos que hacer, porque ahí le acabo de enviar un mensaje vía WhatsApp, pero no le llega por Internet.",
      "confianza": 0.802
    },
    {
      "hablante": "Hablante A",
      "inicio": 483.89,
      "fin": 489.86,
      "duracion": 5.97,
      "texto": "¿Usted ahora tiene Internet o está sin datos?",
      "confianza": 0.653
    },
    {
      "hablante": "Hablante A",
      "inicio": 489.88,
      "fin": 490.5,
      "duracion": 0.62,
      "texto": "No sé, sí, tendría que tenerlo.",
      "confianza": 0.032
    },
    {
      "hablante": "Hablante A",
      "inicio": 490.51,
      "fin": 497.75,
      "duracion": 7.23,
      "texto": "Claro, porque le acabo de enviar el mensajito y no le llegó con los dos tildes, solamente me figura uno como que está incomunicado, por así decirlo.",
      "confianza": 0.815
    },
    {
      "hablante": "Hablante A",
      "inicio": 498.59,
      "fin": 504.93,
      "duracion": 6.35,
      "texto": "Y bueno, siga dando el tope a la mierda, ¿qué quieres que te diga?",
      "confianza": 0.266
    },
    {
      "hablante": "Hablante A",
      "inicio": 504.95,
      "fin": 506.19,
      "duracion": 1.24,
      "texto": "Además estoy con Wifi acá.",
      "confianza": 0.368
    },
    {
      "hablante": "Hablante A",
      "inicio": 506.65,
      "fin": 508.5,
      "duracion": 1.84,
      "texto": "No estoy ni siquiera con los datos del teléfono.",
      "confianza": 0.611
    },
    {
      "hablante": "Hablante A",
      "inicio": 509.28,
      "fin": 509.84,
      "duracion": 0.56,
      "texto": "Claro, no entiendo.",
      "confianza": 0.349
    },
    {
      "hablante": "Hablante A",
      "inicio": 509.92,
      "fin": 510.7,
      "duracion": 0.78,
      "texto": "Bueno, no hay problema.",
      "confianza": 0.364
    },
    {
      "hablante": "Hablante A",
      "inicio": 511.14,
      "fin": 514.0,
      "duracion": 2.86,
      "texto": "Lo que vamos a hacer ahora, Francisco, ¿a mí me escucha bien?",
      "confianza": 0.741
    },
    {
      "hablante": "Hablante B",
      "inicio": 515.54,
      "fin": 515.68,
      "duracion": 0.14,
      "texto": "Sí, sí.",
      "confianza": 0.012
    },
    {
      "hablante": "Hablante B",
      "inicio": 515.7,
      "fin": 520.13,
      "duracion": 4.42,
      "texto": "Bueno, nosotros el team, entonces, se lo vamos a enviar a lo que es la calle Batalla de Chacabuco, al 34, 3A.",
      "confianza": 0.625
    },
    {
      "hablante": "Hablante B",
      "inicio": 520.17,
      "fin": 522.97,
      "duracion": 2.8,
      "texto": "La una consulta, ¿es un departamento?",
      "confianza": 0.732
    },
    {
      "hablante": "Hablante A",
      "inicio": 524.75,
      "fin": 526.86,
      "duracion": 2.1,
      "texto": "Sí, es un departamento, tercero A, te dije.",
      "confianza": 0.643
    },
    {
      "hablante": "Hablante A",
      "inicio": 527.02,
      "fin": 531.17,
      "duracion": 4.15,
      "texto": "Perfecto, acá lo dejamos asentado, ¿sí?",
      "confianza": 0.506
    },
    {
      "hablante": "Hablante A",
      "inicio": 531.19,
      "fin": 537.11,
      "duracion": 5.93,
      "texto": "Lo otro que vamos a hacer, Francisco, para que, bueno, tenga presente, le hagamos enviar lo que es el mensaje de portabilidad.",
      "confianza": 0.734
    },
    {
      "hablante": "Hablante A",
      "inicio": 537.63,
      "fin": 556.08,
      "duracion": 18.45,
      "texto": "Lo que hace este mensaje de portabilidad es que usted separe a movizar, pero mantenga el mismo número, mantenga lo que son los mismos contactos, no se vaya a quedar incomunicado en ningún momento, y, bueno, también se hace lo que es la baja de manera simultánea con Claro una vez que le lleguen los chips, así con eso usted no tendría que hacer absolutamente nada, ¿bien?",
      "confianza": 0.734
    },
    {
      "hablante": "Hablante A",
      "inicio": 556.1,
      "fin": 556.2,
      "duracion": 0.1,
      "texto": "Bien.",
      "confianza": 0.2
    },
    {
      "hablante": "Hablante A",
      "inicio": 556.55,
      "fin": 557.35,
      "duracion": 0.8,
      "texto": "Perfecto.",
      "confianza": 0.822
    },
    {
      "hablante": "Hablante A",
      "inicio": 557.37,
      "fin": 564.38,
      "duracion": 7.01,
      "texto": "Este mensaje de portabilidad, Francisco, le va a estar llegando por lo que son los mensajes de texto.",
      "confianza": 0.763
    },
    {
      "hablante": "Hablante A",
      "inicio": 564.4,
      "fin": 564.84,
      "duracion": 0.44,
      "texto": "Perfecto.",
      "confianza": 0.783
    },
    {
      "hablante": "Hablante A",
      "inicio": 564.88,
      "fin": 570.15,
      "duracion": 5.27,
      "texto": "Lo único que vamos a necesitar es que usted nos los dicte y ya con eso estaríamos, ¿sí?",
      "confianza": 0.689
    },
    {
      "hablante": "Hablante A",
      "inicio": 570.17,
      "fin": 577.19,
      "duracion": 7.03,
      "texto": "Tenga presión de que el mensaje no se envía ni por lo que es WhatsApp ni por Mercado Pago para que usted se quede tranquilo, ¿sí?",
      "confianza": 0.719
    },
    {
      "hablante": "Hablante A",
      "inicio": 577.37,
      "fin": 582.8,
      "duracion": 5.42,
      "texto": "Se le envía por lo que son mensaje de texto con el remitente 223 de Movistar para que usted se quede tranquilo, ¿bien?",
      "confianza": 0.738
    },
    {
      "hablante": "Hablante B",
      "inicio": 584.44,
      "fin": 584.5,
      "duracion": 0.06,
      "texto": "Sí.",
      "confianza": 0.292
    },
    {
      "hablante": "Hablante B",
      "inicio": 585.36,
      "fin": 590.73,
      "duracion": 5.37,
      "texto": "La facturación me la van también por un mensaje de texto.",
      "confianza": 0.527
    },
    {
      "hablante": "Hablante B",
      "inicio": 591.07,
      "fin": 593.07,
      "duracion": 2.0,
      "texto": "La facturación la 1 consulta Francisco.",
      "confianza": 0.706
    },
    {
      "hablante": "Hablante B",
      "inicio": 593.09,
      "fin": 595.59,
      "duracion": 2.5,
      "texto": "¿Usted cuenta con algún correo electrónico que me diga?",
      "confianza": 0.786
    },
    {
      "hablante": "Hablante A",
      "inicio": 598.27,
      "fin": 602.24,
      "duracion": 3.97,
      "texto": "Sí, pero prefiero que me lo manden por mensaje de texto.",
      "confianza": 0.443
    },
    {
      "hablante": "Hablante A",
      "inicio": 602.26,
      "fin": 607.59,
      "duracion": 5.33,
      "texto": "Perfecto, se la vamos a enviar, pero también vamos a necesitar lo que es un correo electrónico para dejarlo sentado en sistema.",
      "confianza": 0.74
    },
    {
      "hablante": "Hablante B",
      "inicio": 611.99,
      "fin": 614.04,
      "duracion": 2.04,
      "texto": "Javier Torres.",
      "confianza": 0.391
    },
    {
      "hablante": "Hablante B",
      "inicio": 614.06,
      "fin": 614.18,
      "duracion": 0.12,
      "texto": "Sí.",
      "confianza": 0.5
    },
    {
      "hablante": "Hablante B",
      "inicio": 614.2,
      "fin": 614.42,
      "duracion": 0.22,
      "texto": ".es.",
      "confianza": 0.185
    },
    {
      "hablante": "Hablante B",
      "inicio": 614.44,
      "fin": 614.64,
      "duracion": 0.2,
      "texto": ".es.",
      "confianza": 0.831
    },
    {
      "hablante": "Hablante B",
      "inicio": 615.82,
      "fin": 623.28,
      "duracion": 7.47,
      "texto": "Perfecto.",
      "confianza": 0.853
    },
    {
      "hablante": "Hablante B",
      "inicio": 623.3,
      "fin": 624.95,
      "duracion": 1.64,
      "texto": "Perfecto, espérame un segundito.",
      "confianza": 0.529
    },
    {
      "hablante": "Hablante A",
      "inicio": 629.25,
      "fin": 631.77,
      "duracion": 2.52,
      "texto": "Perfecto, Francisco, ahí lo dejamos asentado, ¿sí?",
      "confianza": 0.557
    },
    {
      "hablante": "Hablante A",
      "inicio": 631.79,
      "fin": 636.52,
      "duracion": 4.73,
      "texto": "Y la línea que pasaría sería la de usted la que termina en 6924, ¿cierto?",
      "confianza": 0.645
    },
    {
      "hablante": "Hablante A",
      "inicio": 636.54,
      "fin": 637.74,
      "duracion": 1.2,
      "texto": "Correcto.",
      "confianza": 0.45
    },
    {
      "hablante": "Hablante A",
      "inicio": 637.76,
      "fin": 639.62,
      "duracion": 1.86,
      "texto": "Perfecto, acá lo vamos a dejar asentado.",
      "confianza": 0.607
    },
    {
      "hablante": "Hablante A",
      "inicio": 640.73,
      "fin": 643.21,
      "duracion": 2.48,
      "texto": "Escúchame, entonces la factura",
      "confianza": 0.681
    },
    {
      "hablante": "Hablante A",
      "inicio": 644.05,
      "fin": 648.71,
      "duracion": 4.67,
      "texto": "y los eh eh ¿Cómo son los CR?",
      "confianza": 0.111
    },
    {
      "hablante": "Hablante A",
      "inicio": 648.73,
      "fin": 652.94,
      "duracion": 4.2,
      "texto": "Y tenga presente que sería en el caso de hacer la portabilidad hoy a treinta días.",
      "confianza": 0.774
    },
    {
      "hablante": "Hablante A",
      "inicio": 653.2,
      "fin": 657.3,
      "duracion": 4.11,
      "texto": "Así que con eso quedés de tranquilo y también lo puedas ver a través de la aplicación Mi Movistar.",
      "confianza": 0.656
    },
    {
      "hablante": "Hablante A",
      "inicio": 657.87,
      "fin": 662.31,
      "duracion": 4.44,
      "texto": "Esa aplicación.",
      "confianza": 0.568
    },
    {
      "hablante": "Hablante A",
      "inicio": 662.33,
      "fin": 664.01,
      "duracion": 1.68,
      "texto": "O sea que los CR sería a las alturas.",
      "confianza": 0.025
    },
    {
      "hablante": "Hablante A",
      "inicio": 664.03,
      "fin": 665.31,
      "duracion": 1.28,
      "texto": "Claro, aproximadamente.",
      "confianza": 0.901
    },
    {
      "hablante": "Hablante A",
      "inicio": 665.67,
      "fin": 670.36,
      "duracion": 4.69,
      "texto": "Tenga presente que trae la aplicación Mi Movistar, usted puede gestionar todo eso para que se quede tranquilo, ¿Sí?",
      "confianza": 0.756
    },
    {
      "hablante": "Hablante A",
      "inicio": 671.76,
      "fin": 686.72,
      "duracion": 14.97,
      "texto": "Sí, sí, pero yo no voy a estar entrando, yo necesito que me manden los mensajes cuando vense, entonces yo con ese mensajito vea la factura, porque la factura de papel no me la van a mandar, y yo le voy a apretar el pago y lo pague.",
      "confianza": 0.472
    },
    {
      "hablante": "Hablante A",
      "inicio": 686.74,
      "fin": 688.4,
      "duracion": 1.66,
      "texto": "Perfecto, perfecto, Francisco.",
      "confianza": 0.786
    },
    {
      "hablante": "Hablante A",
      "inicio": 688.89,
      "fin": 697.14,
      "duracion": 8.25,
      "texto": "Tenga presente, Francisco, que a través, esto se lo digo como un tip, que a mí me ha servido, a través de mi reclado pago, usted puede pagar lo que es la factura, ¿sí?",
      "confianza": 0.638
    },
    {
      "hablante": "Hablante A",
      "inicio": 697.32,
      "fin": 723.74,
      "duracion": 26.41,
      "texto": "No, no, no, no, no, no, no, no, no, no, no, no, no, no, no, no, no, no, no, no, no, no, no, no, no, no, no, no, no, no, no, no, no, no, no, no, no, no, no, no, no, no, no, no, no, no, no, no, no, no, no, no, no, no, no, no, no, no, no, no, no, no, no, no, no, no, no, no, no, no, no, no, no, no, no, no, no, no, no, no, no, no, no, no, no, no, no, no, no, no, no, no, no, no, no, no, no, no, no, no, no, no, no, no, no, no, no, no, no, no, no, no,",
      "confianza": 0.374
    },
    {
      "hablante": "Hablante A",
      "inicio": 724.12,
      "fin": 724.74,
      "duracion": 0.62,
      "texto": "Perfecto.",
      "confianza": 0.682
    },
    {
      "hablante": "Hablante A",
      "inicio": 724.88,
      "fin": 726.24,
      "duracion": 1.36,
      "texto": "Lo que sí, esto es muy importante.",
      "confianza": 0.784
    },
    {
      "hablante": "Hablante A",
      "inicio": 726.34,
      "fin": 730.11,
      "duracion": 3.77,
      "texto": "Lo más probable, Francisco, es que en un rato le empiecen a entrar llamadas de números desconocidos.",
      "confianza": 0.694
    },
    {
      "hablante": "Hablante A",
      "inicio": 730.73,
      "fin": 733.65,
      "duracion": 2.92,
      "texto": "Son del área técnica de movilizar, verificando que la línea está activa.",
      "confianza": 0.754
    },
    {
      "hablante": "Hablante A",
      "inicio": 734.11,
      "fin": 736.04,
      "duracion": 1.92,
      "texto": "Pero yo le pido que esa llamada no las atienda.",
      "confianza": 0.726
    },
    {
      "hablante": "Hablante A",
      "inicio": 736.4,
      "fin": 739.36,
      "duracion": 2.96,
      "texto": "Porque muchas veces se puede gestionar lo que es una doble facturación.",
      "confianza": 0.71
    },
    {
      "hablante": "Hablante A",
      "inicio": 739.88,
      "fin": 750.06,
      "duracion": 10.17,
      "texto": "Entonces, para evitar que ustedes se vayan a bajar conmigo, para evitar ese pequeño inconveniente o que se tiene una doble portabilidad, le pido que esa llamada no las atienda, ¿sí?",
      "confianza": 0.683
    },
    {
      "hablante": "Hablante A",
      "inicio": 750.08,
      "fin": 753.18,
      "duracion": 3.1,
      "texto": "Cualquier duda o consulta que usted tenga, me avisa la vía WhatsApp, ¿bien?",
      "confianza": 0.627
    },
    {
      "hablante": "Hablante A",
      "inicio": 754.61,
      "fin": 755.77,
      "duracion": 1.16,
      "texto": "Bueno.",
      "confianza": 0.294
    },
    {
      "hablante": "Hablante A",
      "inicio": 755.79,
      "fin": 757.24,
      "duracion": 1.44,
      "texto": "Perfecto, Francisco.",
      "confianza": 0.699
    },
    {
      "hablante": "Hablante A",
      "inicio": 757.28,
      "fin": 760.42,
      "duracion": 3.14,
      "texto": "Ahora lo que vamos a hacer, le voy a enviar lo que es el mensaje de portabilidad, ¿sí?",
      "confianza": 0.731
    },
    {
      "hablante": "Hablante A",
      "inicio": 760.98,
      "fin": 766.53,
      "duracion": 5.55,
      "texto": "Este mensaje le va a llegar por los mensajes de texto común, ¿sí?",
      "confianza": 0.711
    },
    {
      "hablante": "Hablante A",
      "inicio": 766.55,
      "fin": 766.73,
      "duracion": 0.18,
      "texto": "Sí.",
      "confianza": 0.381
    },
    {
      "hablante": "Hablante A",
      "inicio": 766.75,
      "fin": 768.0,
      "duracion": 1.24,
      "texto": "Perfecto.",
      "confianza": 0.642
    },
    {
      "hablante": "Hablante A",
      "inicio": 768.02,
      "fin": 770.6,
      "duracion": 2.58,
      "texto": "Yo le aviso cuando se lo envíe y ya con esto finalizaríamos.",
      "confianza": 0.795
    },
    {
      "hablante": "Hablante A",
      "inicio": 770.96,
      "fin": 777.85,
      "duracion": 6.89,
      "texto": "Este mensaje es para que usted mantenga la misma línea y en ningún momento se quede incumunicado, ¿sí?",
      "confianza": 0.726
    },
    {
      "hablante": "Hablante A",
      "inicio": 777.87,
      "fin": 777.93,
      "duracion": 0.06,
      "texto": "Ok.",
      "confianza": 0.075
    },
    {
      "hablante": "Hablante A",
      "inicio": 777.95,
      "fin": 779.36,
      "duracion": 1.4,
      "texto": "Perfecto, esperemos un segundito.",
      "confianza": 0.5
    },
    {
      "hablante": "Hablante B",
      "inicio": 784.26,
      "fin": 803.39,
      "duracion": 19.12,
      "texto": "Ahí, Francisco, fíjese por los mensajes de texto común.",
      "confianza": 0.781
    },
    {
      "hablante": "Hablante B",
      "inicio": 803.41,
      "fin": 803.51,
      "duracion": 0.1,
      "texto": "Hola.",
      "confianza": 0.021
    },
    {
      "hablante": "Hablante B",
      "inicio": 803.53,
      "fin": 812.0,
      "duracion": 8.47,
      "texto": "Sí, Francisco, fíjese por los mensajes de texto común, le va a llegar con el remitente 223 de movistar.",
      "confianza": 0.633
    },
    {
      "hablante": "Hablante B",
      "inicio": 812.02,
      "fin": 812.08,
      "duracion": 0.06,
      "texto": "OK.",
      "confianza": 0.331
    },
    {
      "hablante": "Hablante A",
      "inicio": 815.18,
      "fin": 829.35,
      "duracion": 14.17,
      "texto": "¿Listo entonces?",
      "confianza": 0.08
    },
    {
      "hablante": "Hablante A",
      "inicio": 829.37,
      "fin": 829.47,
      "duracion": 0.1,
      "texto": "Hola.",
      "confianza": 0.0
    },
    {
      "hablante": "Hablante A",
      "inicio": 829.49,
      "fin": 829.55,
      "duracion": 0.06,
      "texto": "Sí.",
      "confianza": 0.0
    },
    {
      "hablante": "Hablante A",
      "inicio": 829.57,
      "fin": 830.41,
      "duracion": 0.84,
      "texto": "Terminamos ya, te mando la foto del email.",
      "confianza": 0.005
    },
    {
      "hablante": "Hablante A",
      "inicio": 830.43,
      "fin": 832.21,
      "duracion": 1.78,
      "texto": "Bueno, perfecto, Francisco, perfecto.",
      "confianza": 0.452
    },
    {
      "hablante": "Hablante A",
      "inicio": 832.31,
      "fin": 836.76,
      "duracion": 4.44,
      "texto": "Lo que vamos a hacer ahora, y ya con esto finalizamos, le voy a leer lo que es el cierre comercial, ¿sí?",
      "confianza": 0.746
    },
    {
      "hablante": "Hablante A",
      "inicio": 838.04,
      "fin": 842.38,
      "duracion": 4.34,
      "texto": "El cierre comercial, básicamente, es un respaldo legal que usted va a tener con la compañía del Movistar.",
      "confianza": 0.772
    },
    {
      "hablante": "Hablante B",
      "inicio": 844.37,
      "fin": 848.66,
      "duracion": 4.29,
      "texto": "Tenga presente que las llamadas son grabadas tanto para la seguridad del cliente como del vendedor.",
      "confianza": 0.726
    },
    {
      "hablante": "Hablante B",
      "inicio": 848.68,
      "fin": 854.06,
      "duracion": 5.39,
      "texto": "Y tenga presente que el cierre comercial es el respaldo legal que usted va a tener.",
      "confianza": 0.638
    },
    {
      "hablante": "Hablante B",
      "inicio": 854.18,
      "fin": 858.69,
      "duracion": 4.51,
      "texto": "Se repasan los datos del plan, algunos datos de usted y con eso ya finalizamos, ¿sí?",
      "confianza": 0.697
    },
    {
      "hablante": "Hablante B",
      "inicio": 858.71,
      "fin": 860.89,
      "duracion": 2.18,
      "texto": "Ahora empiezo.",
      "confianza": 0.782
    },
    {
      "hablante": "Hablante B",
      "inicio": 860.91,
      "fin": 862.43,
      "duracion": 1.52,
      "texto": "Para recibir futuras promociones.",
      "confianza": 0.666
    },
    {
      "hablante": "Hablante B",
      "inicio": 862.46,
      "fin": 864.94,
      "duracion": 2.48,
      "texto": "¿Usted, Francisco, tiene internet movistar en el hogar?",
      "confianza": 0.677
    },
    {
      "hablante": "Hablante A",
      "inicio": 868.54,
      "fin": 868.6,
      "duracion": 0.06,
      "texto": "No.",
      "confianza": 0.385
    },
    {
      "hablante": "Hablante A",
      "inicio": 868.62,
      "fin": 869.04,
      "duracion": 0.42,
      "texto": "Perfecto.",
      "confianza": 0.858
    },
    {
      "hablante": "Hablante A",
      "inicio": 869.48,
      "fin": 873.25,
      "duracion": 3.77,
      "texto": "Estamos portando la línea 381-536.",
      "confianza": 0.794
    },
    {
      "hablante": "Hablante A",
      "inicio": 873.75,
      "fin": 879.38,
      "duracion": 5.63,
      "texto": "6924, a nombre y apellido del titular actual, Francisco Javier Torres.",
      "confianza": 0.663
    },
    {
      "hablante": "Hablante A",
      "inicio": 879.4,
      "fin": 885.07,
      "duracion": 5.67,
      "texto": "Francisco, ¿me puede confirmar los últimos tres dígitos de su N.I.?",
      "confianza": 0.771
    },
    {
      "hablante": "Hablante A",
      "inicio": 885.09,
      "fin": 885.15,
      "duracion": 0.06,
      "texto": "64.",
      "confianza": 0.078
    },
    {
      "hablante": "Hablante A",
      "inicio": 885.17,
      "fin": 885.73,
      "duracion": 0.56,
      "texto": "Perfecto.",
      "confianza": 0.185
    },
    {
      "hablante": "Hablante A",
      "inicio": 885.75,
      "fin": 887.47,
      "duracion": 1.72,
      "texto": "Me comentó que cuenta con factura mensual.",
      "confianza": 0.78
    },
    {
      "hablante": "Hablante A",
      "inicio": 887.49,
      "fin": 889.68,
      "duracion": 2.18,
      "texto": "¿La factura está a su nombre o a nombre de otra persona?",
      "confianza": 0.638
    },
    {
      "hablante": "Hablante B",
      "inicio": 891.46,
      "fin": 891.7,
      "duracion": 0.24,
      "texto": "A mi nombre.",
      "confianza": 0.017
    },
    {
      "hablante": "Hablante B",
      "inicio": 891.72,
      "fin": 892.1,
      "duracion": 0.38,
      "texto": "Perfecto.",
      "confianza": 0.535
    },
    {
      "hablante": "Hablante B",
      "inicio": 892.12,
      "fin": 895.3,
      "duracion": 3.18,
      "texto": "¿Su chip es físico?",
      "confianza": 0.426
    },
    {
      "hablante": "Hablante B",
      "inicio": 895.33,
      "fin": 895.38,
      "duracion": 0.06,
      "texto": "Sí.",
      "confianza": 0.047
    },
    {
      "hablante": "Hablante B",
      "inicio": 895.4,
      "fin": 895.85,
      "duracion": 0.44,
      "texto": "Perfecto.",
      "confianza": 0.78
    },
    {
      "hablante": "Hablante B",
      "inicio": 895.87,
      "fin": 899.79,
      "duracion": 3.93,
      "texto": "Entonces usted va a recibir su chip en la calle Batega, Chacabuco, al 34.",
      "confianza": 0.702
    },
    {
      "hablante": "Hablante B",
      "inicio": 900.19,
      "fin": 909.17,
      "duracion": 8.97,
      "texto": "Entre las calles, Avenida 24 de septiembre y Quirozosomo Álvarez, de la localidad de San Miguel de Tucumán, con código postal 4000.",
      "confianza": 0.753
    },
    {
      "hablante": "Hablante A",
      "inicio": 911.37,
      "fin": 914.36,
      "duracion": 2.99,
      "texto": "Y le recuerdo que... Sí, perfecto.",
      "confianza": 0.622
    },
    {
      "hablante": "Hablante A",
      "inicio": 914.42,
      "fin": 922.37,
      "duracion": 7.95,
      "texto": "Le recuerdo que el costo del servicio al día de hoy es de 10.720 pesos, y usted va a tener un descuento fijo por seis meses del 80%, ¿sí?",
      "confianza": 0.711
    },
    {
      "hablante": "Hablante A",
      "inicio": 922.39,
      "fin": 924.63,
      "duracion": 2.24,
      "texto": "Que son 40 de 2.880 pesos.",
      "confianza": 0.62
    },
    {
      "hablante": "Hablante A",
      "inicio": 924.9,
      "fin": 928.76,
      "duracion": 3.87,
      "texto": "¿Son 8 GB de base más 10 GB de regalo por una duración de 6 meses?",
      "confianza": 0.691
    },
    {
      "hablante": "Hablante B",
      "inicio": 932.71,
      "fin": 948.85,
      "duracion": 16.14,
      "texto": "Ah, para, para, para, para, para, para, para, para, para, para, para, para, para, para, para, para, para, para, para, para, para, para, para, para, para, para, para, para, para, para, para, para, para, para, para, para, para, para, para, para, para, para, para, para, para, para, para, para, para, para, para, para, para, para, para, para, para, para, para, para, para, para, para, para, para, para, para, para, para, para, para, para, para, para, para, para, para, para, para, para, para, para, para, para, para, para, para, para, para, para, para, para, para, para, para, para, para, para, para, para, para,",
      "confianza": 0.166
    },
    {
      "hablante": "Hablante B",
      "inicio": 949.43,
      "fin": 955.7,
      "duracion": 6.27,
      "texto": "Bueno, no, para que me estoy recontra calentando.",
      "confianza": 0.554
    },
    {
      "hablante": "Hablante B",
      "inicio": 955.72,
      "fin": 957.76,
      "duracion": 2.04,
      "texto": "¿Cuánto vale el plan que me estás ofreciendo?",
      "confianza": 0.704
    },
    {
      "hablante": "Hablante B",
      "inicio": 957.78,
      "fin": 959.89,
      "duracion": 2.1,
      "texto": "¿Cuánto vale?",
      "confianza": 0.589
    },
    {
      "hablante": "Hablante B",
      "inicio": 959.91,
      "fin": 961.43,
      "duracion": 1.52,
      "texto": "100 de cuento.",
      "confianza": 0.134
    },
    {
      "hablante": "Hablante B",
      "inicio": 961.45,
      "fin": 962.09,
      "duracion": 0.64,
      "texto": "100 de cuento.",
      "confianza": 0.72
    },
    {
      "hablante": "Hablante B",
      "inicio": 962.11,
      "fin": 962.77,
      "duracion": 0.66,
      "texto": "¿Cuánto vale?",
      "confianza": 0.792
    },
    {
      "hablante": "Hablante B",
      "inicio": 963.35,
      "fin": 966.78,
      "duracion": 3.42,
      "texto": "Francisco, ¿me habéis parado un segundo?",
      "confianza": 0.28
    },
    {
      "hablante": "Hablante B",
      "inicio": 966.8,
      "fin": 968.22,
      "duracion": 1.42,
      "texto": "Sí, porque dame lo que yo te pregunto.",
      "confianza": 0.459
    },
    {
      "hablante": "Hablante B",
      "inicio": 968.54,
      "fin": 970.46,
      "duracion": 1.92,
      "texto": "¿Cuánto vale el plan 100 de cuento?",
      "confianza": 0.542
    },
    {
      "hablante": "Hablante B",
      "inicio": 971.08,
      "fin": 975.53,
      "duracion": 4.45,
      "texto": "Primero que nada, le estoy explicando el plan y usted está entendiendo algo que no es...",
      "confianza": 0.739
    },
    {
      "hablante": "Hablante B",
      "inicio": 976.42,
      "fin": 978.48,
      "duracion": 2.06,
      "texto": "Bueno, contestame entonces lo que te pregunto.",
      "confianza": 0.651
    },
    {
      "hablante": "Hablante B",
      "inicio": 978.5,
      "fin": 980.28,
      "duracion": 1.78,
      "texto": "¿Vos me podés contestar una pregunta sencilla?",
      "confianza": 0.473
    },
    {
      "hablante": "Hablante B",
      "inicio": 980.3,
      "fin": 984.61,
      "duracion": 4.3,
      "texto": "¿Cuánto vale el plan que me estás ofreciendo sin descuento?",
      "confianza": 0.695
    },
    {
      "hablante": "Hablante B",
      "inicio": 985.43,
      "fin": 988.89,
      "duracion": 3.46,
      "texto": "El plan sin descuento vale, como le dije anteriormente, 53.600 pesos.",
      "confianza": 0.74
    },
    {
      "hablante": "Hablante B",
      "inicio": 988.91,
      "fin": 991.36,
      "duracion": 2.44,
      "texto": "Usted va a tener un descuento.",
      "confianza": 0.45
    },
    {
      "hablante": "Hablante B",
      "inicio": 991.38,
      "fin": 995.62,
      "duracion": 4.25,
      "texto": "No va a dar ninguna portabilidad, queda todo anulado.",
      "confianza": 0.546
    },
    {
      "hablante": "Hablante B",
      "inicio": 995.64,
      "fin": 999.5,
      "duracion": 3.86,
      "texto": "Claro, está entendiendo algo que no es, por eso le digo.",
      "confianza": 0.579
    },
    {
      "hablante": "Hablante B",
      "inicio": 999.52,
      "fin": 1003.15,
      "duracion": 3.62,
      "texto": "Estoy entendiendo perfecto, que va anulado.",
      "confianza": 0.606
    },
    {
      "hablante": "Hablante B",
      "inicio": 1003.19,
      "fin": 1005.35,
      "duracion": 2.16,
      "texto": "No está entendiendo bien.",
      "confianza": 0.339
    },
    {
      "hablante": "Hablante B",
      "inicio": 1005.37,
      "fin": 1006.27,
      "duracion": 0.9,
      "texto": "Voy a pagar 10.000.",
      "confianza": 0.468
    },
    {
      "hablante": "Hablante B",
      "inicio": 1006.54,
      "fin": 1007.8,
      "duracion": 1.26,
      "texto": "No lo creo.",
      "confianza": 0.69
    },
    {
      "hablante": "Hablante B",
      "inicio": 1007.82,
      "fin": 1008.42,
      "duracion": 0.6,
      "texto": "No es así.",
      "confianza": 0.759
    },
    {
      "hablante": "Hablante B",
      "inicio": 1009.9,
      "fin": 1010.65,
      "duracion": 0.74,
      "texto": "¿Cómo es, a ver?",
      "confianza": 0.483
    },
    {
      "hablante": "Hablante B",
      "inicio": 1011.05,
      "fin": 1012.43,
      "duracion": 1.38,
      "texto": "No es así, por eso le estoy explicando.",
      "confianza": 0.609
    },
    {
      "hablante": "Hablante B",
      "inicio": 1012.45,
      "fin": 1015.45,
      "duracion": 3.0,
      "texto": "Pero en general le pido que se tranquilice, ¿sí?",
      "confianza": 0.723
    },
    {
      "hablante": "Hablante B",
      "inicio": 1015.47,
      "fin": 1017.84,
      "duracion": 2.36,
      "texto": "No, porque me siento engañado.",
      "confianza": 0.707
    },
    {
      "hablante": "Hablante B",
      "inicio": 1018.66,
      "fin": 1019.62,
      "duracion": 0.96,
      "texto": "Me estás ofreciendo un plan.",
      "confianza": 0.51
    },
    {
      "hablante": "Hablante B",
      "inicio": 1019.68,
      "fin": 1029.13,
      "duracion": 9.45,
      "texto": "Yo voy a decir que voy a pagarles 1.700 pesos y ahora me estás diciendo que esos 1.700 pesos los voy a pagar nada más que durante seis meses porque después voy a pagar 52.000 pesos.",
      "confianza": 0.594
    },
    {
      "hablante": "Hablante B",
      "inicio": 1029.21,
      "fin": 1032.41,
      "duracion": 3.2,
      "texto": "No, no es así.",
      "confianza": 0.39
    },
    {
      "hablante": "Hablante B",
      "inicio": 1032.43,
      "fin": 1033.58,
      "duracion": 1.14,
      "texto": "¿Qué estoy entendiendo mal?",
      "confianza": 0.488
    },
    {
      "hablante": "Hablante B",
      "inicio": 1034.81,
      "fin": 1040.03,
      "duracion": 5.23,
      "texto": "Lo que les estoy tratando de explicar es que el valor del plan es de 10.720 pesos, ¿sí?",
      "confianza": 0.495
    },
    {
      "hablante": "Hablante B",
      "inicio": 1041.41,
      "fin": 1044.52,
      "duracion": 3.1,
      "texto": "Usted por seis meses tendría lo que es el descuento de los 80%.",
      "confianza": 0.731
    },
    {
      "hablante": "Hablante B",
      "inicio": 1044.54,
      "fin": 1058.19,
      "duracion": 13.66,
      "texto": "Ante el sextombre, lo que nosotros hacemos con los clientes para que usted se quede tranquilo, por eso le he dado que no me dejó terminar de explicarle, es que le brindamos lo que es el 0800 para lo que es el tema de promociones vigentes que hay en ese momento.",
      "confianza": 0.638
    },
    {
      "hablante": "Hablante B",
      "inicio": 1058.54,
      "fin": 1060.6,
      "duracion": 2.06,
      "texto": "Con eso usted quede tranquilo.",
      "confianza": 0.175
    },
    {
      "hablante": "Hablante B",
      "inicio": 1060.62,
      "fin": 1061.22,
      "duracion": 0.6,
      "texto": "No me interesa.",
      "confianza": 0.344
    },
    {
      "hablante": "Hablante B",
      "inicio": 1062.28,
      "fin": 1065.0,
      "duracion": 2.72,
      "texto": "No, no me interesa, me has engañado.",
      "confianza": 0.512
    },
    {
      "hablante": "Hablante B",
      "inicio": 1065.02,
      "fin": 1066.6,
      "duracion": 1.58,
      "texto": "No, le pido que se tranquille.",
      "confianza": 0.266
    },
    {
      "hablante": "Hablante B",
      "inicio": 1066.62,
      "fin": 1073.55,
      "duracion": 6.93,
      "texto": "Me has engañado todo el tiempo, muchacho, que te quites un pelotudo, ¿no?",
      "confianza": 0.487
    },
    {
      "hablante": "Hablante B",
      "inicio": 1073.57,
      "fin": 1074.13,
      "duracion": 0.56,
      "texto": "No, no.",
      "confianza": 0.294
    },
    {
      "hablante": "Hablante B",
      "inicio": 1074.15,
      "fin": 1076.71,
      "duracion": 2.56,
      "texto": "¿Vos me ofreces un plan de 10.700 pesos?",
      "confianza": 0.649
    },
    {
      "hablante": "Hablante B",
      "inicio": 1077.02,
      "fin": 1087.63,
      "duracion": 10.61,
      "texto": "Que ahora me decís, en realidad es el plan más de 52.000, pero como son buenitos, durante seis meses me van a hacer un descuento y yo voy a terminar pagando nada más que 10.700.",
      "confianza": 0.572
    },
    {
      "hablante": "Hablante B",
      "inicio": 1087.84,
      "fin": 1097.22,
      "duracion": 9.37,
      "texto": "Ahora, si usted se duerme, camarón, dentro de cien meses me viene una factura de 52 mil pesos que va a tener que pagar porque si no lo vamos a mandar a la albera así.",
      "confianza": 0.668
    },
    {
      "hablante": "Hablante B",
      "inicio": 1097.86,
      "fin": 1099.44,
      "duracion": 1.58,
      "texto": "No es así.",
      "confianza": 0.353
    },
    {
      "hablante": "Hablante B",
      "inicio": 1100.68,
      "fin": 1104.15,
      "duracion": 3.46,
      "texto": "No es así.",
      "confianza": 0.58
    },
    {
      "hablante": "Hablante B",
      "inicio": 1104.17,
      "fin": 1105.51,
      "duracion": 1.34,
      "texto": "No es así.",
      "confianza": 0.338
    },
    {
      "hablante": "Hablante B",
      "inicio": 1105.61,
      "fin": 1107.19,
      "duracion": 1.58,
      "texto": "No es así.",
      "confianza": 0.547
    },
    {
      "hablante": "Hablante B",
      "inicio": 1107.21,
      "fin": 1110.73,
      "duracion": 3.52,
      "texto": "¿Eso es lo que tengo que entender o estoy tonto yo?",
      "confianza": 0.66
    },
    {
      "hablante": "Hablante B",
      "inicio": 1111.13,
      "fin": 1114.78,
      "duracion": 3.64,
      "texto": "Lo que usted tiene que saber, primero que nada, se tiene que tranquilizar porque le estoy hablando bien.",
      "confianza": 0.729
    },
    {
      "hablante": "Hablante A",
      "inicio": 1116.82,
      "fin": 1122.79,
      "duracion": 5.97,
      "texto": "Y segundo, lo que le estoy tratando de explicar es que el valor del penal es de diez mil setecientos veinte pesos.",
      "confianza": 0.674
    },
    {
      "hablante": "Hablante A",
      "inicio": 1122.81,
      "fin": 1124.21,
      "duracion": 1.4,
      "texto": "Usted por ser...",
      "confianza": 0.855
    },
    {
      "hablante": "Hablante A",
      "inicio": 1124.23,
      "fin": 1125.55,
      "duracion": 1.32,
      "texto": "No, no es el valor.",
      "confianza": 0.218
    },
    {
      "hablante": "Hablante A",
      "inicio": 1125.57,
      "fin": 1125.87,
      "duracion": 0.3,
      "texto": "No es el valor.",
      "confianza": 0.022
    },
    {
      "hablante": "Hablante A",
      "inicio": 1125.89,
      "fin": 1126.45,
      "duracion": 0.56,
      "texto": "Sí, es el valor.",
      "confianza": 0.704
    },
    {
      "hablante": "Hablante A",
      "inicio": 1126.49,
      "fin": 1127.55,
      "duracion": 1.06,
      "texto": "Si usted va a tener la promoción por...",
      "confianza": 0.589
    },
    {
      "hablante": "Hablante A",
      "inicio": 1127.57,
      "fin": 1132.28,
      "duracion": 4.71,
      "texto": "No, es el valor que no voy a pagar porque... Bueno, Francisco, no hay problema.",
      "confianza": 0.437
    },
    {
      "hablante": "Hablante A",
      "inicio": 1132.3,
      "fin": 1133.32,
      "duracion": 1.02,
      "texto": "Sabe que ya está, listo.",
      "confianza": 0.533
    },
    {
      "hablante": "Hablante A",
      "inicio": 1133.4,
      "fin": 1139.77,
      "duracion": 6.37,
      "texto": "No lo... O sea, le estoy tratando de explicar y no tiene sentido porque se pone nervioso y le estoy explicando bien.",
      "confianza": 0.646
    },
    {
      "hablante": "Hablante A",
      "inicio": 1141.02,
      "fin": 1146.98,
      "duracion": 5.97,
      "texto": "Sí, me estás explicando bien, pero es una mala forma de comercializar, muchachos.",
      "confianza": 0.65
    },
    {
      "hablante": "Hablante A",
      "inicio": 1147.79,
      "fin": 1149.77,
      "duracion": 1.98,
      "texto": "Es una mala forma de comercializar.",
      "confianza": 0.846
    },
    {
      "hablante": "Hablante A",
      "inicio": 1150.33,
      "fin": 1151.95,
      "duracion": 1.62,
      "texto": "Porque el valor no es ese.",
      "confianza": 0.762
    },
    {
      "hablante": "Hablante A",
      "inicio": 1152.37,
      "fin": 1154.82,
      "duracion": 2.44,
      "texto": "El valor en la factura va a decir 52.000 pesos.",
      "confianza": 0.69
    },
    {
      "hablante": "Hablante A",
      "inicio": 1154.84,
      "fin": 1163.11,
      "duracion": 8.27,
      "texto": "El valor del plan no es de 10.700 pesos.",
      "confianza": 0.621
    },
    {
      "hablante": "Hablante A",
      "inicio": 1163.51,
      "fin": 1165.79,
      "duracion": 2.28,
      "texto": "El valor del plan es de 52.000 pesos.",
      "confianza": 0.691
    },
    {
      "hablante": "Hablante A",
      "inicio": 1166.25,
      "fin": 1169.45,
      "duracion": 3.2,
      "texto": "No, ese no es el valor del plan, porque usted va a tener siempre el descuento.",
      "confianza": 0.702
    },
    {
      "hablante": "Hablante A",
      "inicio": 1169.69,
      "fin": 1170.79,
      "duracion": 1.1,
      "texto": "por 6 meses el 80%.",
      "confianza": 0.587
    },
    {
      "hablante": "Hablante A",
      "inicio": 1170.85,
      "fin": 1175.41,
      "duracion": 4.57,
      "texto": "Pero te das cuenta que no sabes expresarte.",
      "confianza": 0.569
    },
    {
      "hablante": "Hablante A",
      "inicio": 1175.8,
      "fin": 1186.25,
      "duracion": 10.45,
      "texto": "Si yo te digo, mira, este auto vale 20.000 pesos, pero por ser vos lo vas a pagar 10.000.",
      "confianza": 0.77
    },
    {
      "hablante": "Hablante A",
      "inicio": 1186.27,
      "fin": 1187.49,
      "duracion": 1.22,
      "texto": "¿Cuánto vale el auto?",
      "confianza": 0.684
    },
    {
      "hablante": "Hablante A",
      "inicio": 1187.51,
      "fin": 1188.05,
      "duracion": 0.54,
      "texto": "No hay problema.",
      "confianza": 0.227
    },
    {
      "hablante": "Hablante A",
      "inicio": 1188.07,
      "fin": 1190.85,
      "duracion": 2.78,
      "texto": "Si le dejo las formas, le dejo las formas y le voy a whatsapp.",
      "confianza": 0.419
    },
    {
      "hablante": "Hablante A",
      "inicio": 1191.01,
      "fin": 1192.86,
      "duracion": 1.84,
      "texto": "Si leyende sea en algún futuro me avisa, ¿sí?",
      "confianza": 0.525
    },
    {
      "hablante": "Hablante A",
      "inicio": 1193.9,
      "fin": 1194.64,
      "duracion": 0.74,
      "texto": "Listo.",
      "confianza": 0.46
    },
    {
      "hablante": "Hablante A",
      "inicio": 1194.66,
      "fin": 1195.5,
      "duracion": 0.84,
      "texto": "Ha sido un gusto.",
      "confianza": 0.566
    },
    {
      "hablante": "Hablante A",
      "inicio": 1195.52,
      "fin": 1196.0,
      "duracion": 0.48,
      "texto": "Hasta luego.",
      "confianza": 0.445
    }
  ],
  "transcripcion_completa": "Hola. Hola, buen día. ¿Algo con el señor Francisco? Sí. ¿Qué tal, Gusto? Mi nombre es Rodrigo. ¿Cómo le va el día de hoy? ¿Todo bien? Todo bien. Nos estamos comunicando del área de beneficio movilizar. Tenemos para ordenar lo que es un plan de 18 GB a un valor de 10.730 pesos. Es un descuento exclusivo para los clientes de Claro. tenga presente que usted mantendría el mismo número y en ningún momento se quedaría incomunicado, ¿sí? Sí. Tenga presente que el trámite es muy rápido, lo podemos hacer en tres minutitos, y como le dije anteriormente, usted, bueno, en ningún momento se quedaría incomunicado, seguiría con el mismo número, y bueno, la idea es que usted, bueno, pueda probar lo que es este servicio y esta promoción que tenemos por el día de hoy, ¿sí? Bueno, en serio. Perfecto. Perfecto, le hago una consulta. Me figura Francisco Javier Torres, ¿es correcto? Sí, correcto. Perfecto, Francisco. Bueno, le paso a explicar el plan, ¿sí? Sería entonces un plan de lo que es 18 GB, donde usted tendría WhatsApp gratis, llamadas libres a cualquier compañía, América Precio Local y Rummen en América, ¿sí? Todo esto a un valor de 10.720 pesos. Le hago una consulta a Francisco. ¿Usted pasaría otra línea o solamente pasaría esta línea? No, esta línea no. Perfecto, perfecto. Esperemos un segundito. Ahora le voy a dejar un mensajito por WhatsApp para que sepa que soy yo, ¿sí? ¿Me escucha, Francisco? Sí, me escucha. Perfecto. Ahí le acabo de dejar lo que es el plan por WhatsApp, ¿sí? para que sepa que soy yo. Ahí le acabo de dejar el mensajito. La una consulta, Francisco. ¿Usted de qué localidad es? San Miguel de Tucumán. Perfecto. Esperemos un segundito. San Miguel de Tucumán me dijo, ¿cierto? Sí. Perfecto. En este caso, le podemos enviar el chip por lo que es Correo Andriani, ¿sí? Usted me tendría que dictar lo que es el tema de la dirección de su domicilio y ahí le vas a estar llegando el chip, ¿sí? Siacrabuco 34, tercero A. Siacrabuco 34. Sí, tercero A. Tercero A. Perfecto. Esperemos un segundito. Perfecto. Esperemos un segundito. La una consulta. ¿Por qué no me escribió la dirección? La estoy buscando. Usted me dijo Chacabuco 34. Chacabuco 34, tercer oeste. Está en el centro de Santiago de Tucumán. Entre 24 y el quiebre quizás todo va bien. Claro, porque me figuro una dirección en la calle de Chacabuco al 34, pero me figuro entre la calle El Pasaje Centenario y Avenía Leandro Alem. Chacabuco, 34, tercero A, entre 24 de septiembre y Crisóstomo Álvarez. A una cuadra de la Plaza Central de la Plaza Interpretencia que es la Plaza Central de Chacabuco. Perfecto. A ver, esperemos un segundito. Si, se la vamos a enviar al domicilio. Te hago dos preguntas. Sí. Claro, puede ser que la caire sea batalla del Chacabuco. Claro, por eso no le encontraba lo que es el sistema, porque claro, yo ponía el Chacabuco solo, pero es batalla de Chacabuco. Perfecto, le hago una consulta. ¿Entre qué calle me dijo que era? 24 de septiembre. Perfecto. Perfecto, ahora vamos a dejar asentado, ¿sí? Perfecto, hasta el sistema él lo encontró, así que a este domicilio se lo enviaríamos, ¿sí? A la calle Batalla de Chacabujo, al 34, tercero A. La una consulta. A ver, esperemos un segundito. La una consulta, Francisco. Esta línea está en claro con un plan abono, ¿cierto? No es preparada. Perfecto, en este caso, como usted es el titular de la línea, lo único que vamos a necesitar sería una fotito del DNI de la persona titular, en este caso usted, del frente y del dorso si cargamos una solicitud, si usted quiere me la puede enviar vía WhatsApp y yo la espero en línea, ¿sí? No, en línea no, te la mando enseguida. Claro, pasa que la necesitamos ahora si dejamos todo cargado, Francisco. Bueno, ahora te la mando en un rato, cinco minutos. Bueno, perfecto, Francisco. Perfecto, tenga presión de que esto se lo vamos a enviar por lo que es correr a Adriani, ¿sí? ¿Cuánto más o menos llegan? Estaría llegando esta semana. Al fin de esta semana. Bien. Otra pregunta. ¿Cuál es el número de la tercera cliente de ustedes? Si quieres, se lo dejo por vía WhatsApp. Ahí se lo copio. Listo, mandámoslo por WhatsApp. Y otra cosa. Sí que se haría y se lo puedo desviar. Fíjate si le llegó, Francisco. No, bueno, no sé. Ya lo voy a hacer si digo. Y otra pregunta. ¿Tengo tiempo de permanencia con usted esto? No, quiero decir tranquilo que en ninguna compañía usted va a tener lo que es un contrato de permanencia. Usted puede estar en el tiempo que usted desee. La idea no es que pueda estar mucho tiempo porque, bueno, la idea es lograr fidelizar a los clientes y que estén mucho tiempo en la compañía, ¿sí? Sí, pero, bueno. No puedo dar para charlar hasta que lo acabo. Las compañías no les interesa tener clientes fieles, les interesa el número. Entonces, cada una vez que tienen, te empiezan a aumentar, te empiezan a aumentar, te empiezan a aumentar y si te pasas para otra compañía, pagas mucho menos que lo que venís pagando. Usted quiere decir tranquilo que, bueno, movistar en ello ha mejorado, hemos hecho lo que es una autocrítica y la idea es mantener a los clientes, ¿sí? Por eso le brindamos un plan exclusivo, que son muchas gigabytes a un valor muy bajo, y bueno, la idea es que se pueda quedar con nosotros, ¿sí? Bueno, ahí mismo. Perfecto, le hago una consulta a Francisco. Lo que tendríamos que hacer, porque ahí le acabo de enviar un mensaje vía WhatsApp, pero no le llega por Internet. ¿Usted ahora tiene Internet o está sin datos? No sé, sí, tendría que tenerlo. Claro, porque le acabo de enviar el mensajito y no le llegó con los dos tildes, solamente me figura uno como que está incomunicado, por así decirlo. Y bueno, siga dando el tope a la mierda, ¿qué quieres que te diga? Además estoy con Wifi acá. No estoy ni siquiera con los datos del teléfono. Claro, no entiendo. Bueno, no hay problema. Lo que vamos a hacer ahora, Francisco, ¿a mí me escucha bien? Sí, sí. Bueno, nosotros el team, entonces, se lo vamos a enviar a lo que es la calle Batalla de Chacabuco, al 34, 3A. La una consulta, ¿es un departamento? Sí, es un departamento, tercero A, te dije. Perfecto, acá lo dejamos asentado, ¿sí? Lo otro que vamos a hacer, Francisco, para que, bueno, tenga presente, le hagamos enviar lo que es el mensaje de portabilidad. Lo que hace este mensaje de portabilidad es que usted separe a movizar, pero mantenga el mismo número, mantenga lo que son los mismos contactos, no se vaya a quedar incomunicado en ningún momento, y, bueno, también se hace lo que es la baja de manera simultánea con Claro una vez que le lleguen los chips, así con eso usted no tendría que hacer absolutamente nada, ¿bien? Bien. Perfecto. Este mensaje de portabilidad, Francisco, le va a estar llegando por lo que son los mensajes de texto. Perfecto. Lo único que vamos a necesitar es que usted nos los dicte y ya con eso estaríamos, ¿sí? Tenga presión de que el mensaje no se envía ni por lo que es WhatsApp ni por Mercado Pago para que usted se quede tranquilo, ¿sí? Se le envía por lo que son mensaje de texto con el remitente 223 de Movistar para que usted se quede tranquilo, ¿bien? Sí. La facturación me la van también por un mensaje de texto. La facturación la 1 consulta Francisco. ¿Usted cuenta con algún correo electrónico que me diga? Sí, pero prefiero que me lo manden por mensaje de texto. Perfecto, se la vamos a enviar, pero también vamos a necesitar lo que es un correo electrónico para dejarlo sentado en sistema. Javier Torres. Sí. .es. .es. Perfecto. Perfecto, espérame un segundito. Perfecto, Francisco, ahí lo dejamos asentado, ¿sí? Y la línea que pasaría sería la de usted la que termina en 6924, ¿cierto? Correcto. Perfecto, acá lo vamos a dejar asentado. Escúchame, entonces la factura y los eh eh ¿Cómo son los CR? Y tenga presente que sería en el caso de hacer la portabilidad hoy a treinta días. Así que con eso quedés de tranquilo y también lo puedas ver a través de la aplicación Mi Movistar. Esa aplicación. O sea que los CR sería a las alturas. Claro, aproximadamente. Tenga presente que trae la aplicación Mi Movistar, usted puede gestionar todo eso para que se quede tranquilo, ¿Sí? Sí, sí, pero yo no voy a estar entrando, yo necesito que me manden los mensajes cuando vense, entonces yo con ese mensajito vea la factura, porque la factura de papel no me la van a mandar, y yo le voy a apretar el pago y lo pague. Perfecto, perfecto, Francisco. Tenga presente, Francisco, que a través, esto se lo digo como un tip, que a mí me ha servido, a través de mi reclado pago, usted puede pagar lo que es la factura, ¿sí? No, no, no, no, no, no, no, no, no, no, no, no, no, no, no, no, no, no, no, no, no, no, no, no, no, no, no, no, no, no, no, no, no, no, no, no, no, no, no, no, no, no, no, no, no, no, no, no, no, no, no, no, no, no, no, no, no, no, no, no, no, no, no, no, no, no, no, no, no, no, no, no, no, no, no, no, no, no, no, no, no, no, no, no, no, no, no, no, no, no, no, no, no, no, no, no, no, no, no, no, no, no, no, no, no, no, no, no, no, no, no, no, Perfecto. Lo que sí, esto es muy importante. Lo más probable, Francisco, es que en un rato le empiecen a entrar llamadas de números desconocidos. Son del área técnica de movilizar, verificando que la línea está activa. Pero yo le pido que esa llamada no las atienda. Porque muchas veces se puede gestionar lo que es una doble facturación. Entonces, para evitar que ustedes se vayan a bajar conmigo, para evitar ese pequeño inconveniente o que se tiene una doble portabilidad, le pido que esa llamada no las atienda, ¿sí? Cualquier duda o consulta que usted tenga, me avisa la vía WhatsApp, ¿bien? Bueno. Perfecto, Francisco. Ahora lo que vamos a hacer, le voy a enviar lo que es el mensaje de portabilidad, ¿sí? Este mensaje le va a llegar por los mensajes de texto común, ¿sí? Sí. Perfecto. Yo le aviso cuando se lo envíe y ya con esto finalizaríamos. Este mensaje es para que usted mantenga la misma línea y en ningún momento se quede incumunicado, ¿sí? Ok. Perfecto, esperemos un segundito. Ahí, Francisco, fíjese por los mensajes de texto común. Hola. Sí, Francisco, fíjese por los mensajes de texto común, le va a llegar con el remitente 223 de movistar. OK. ¿Listo entonces? Hola. Sí. Terminamos ya, te mando la foto del email. Bueno, perfecto, Francisco, perfecto. Lo que vamos a hacer ahora, y ya con esto finalizamos, le voy a leer lo que es el cierre comercial, ¿sí? El cierre comercial, básicamente, es un respaldo legal que usted va a tener con la compañía del Movistar. Tenga presente que las llamadas son grabadas tanto para la seguridad del cliente como del vendedor. Y tenga presente que el cierre comercial es el respaldo legal que usted va a tener. Se repasan los datos del plan, algunos datos de usted y con eso ya finalizamos, ¿sí? Ahora empiezo. Para recibir futuras promociones. ¿Usted, Francisco, tiene internet movistar en el hogar? No. Perfecto. Estamos portando la línea 381-536. 6924, a nombre y apellido del titular actual, Francisco Javier Torres. Francisco, ¿me puede confirmar los últimos tres dígitos de su N.I.? 64. Perfecto. Me comentó que cuenta con factura mensual. ¿La factura está a su nombre o a nombre de otra persona? A mi nombre. Perfecto. ¿Su chip es físico? Sí. Perfecto. Entonces usted va a recibir su chip en la calle Batega, Chacabuco, al 34. Entre las calles, Avenida 24 de septiembre y Quirozosomo Álvarez, de la localidad de San Miguel de Tucumán, con código postal 4000. Y le recuerdo que... Sí, perfecto. Le recuerdo que el costo del servicio al día de hoy es de 10.720 pesos, y usted va a tener un descuento fijo por seis meses del 80%, ¿sí? Que son 40 de 2.880 pesos. ¿Son 8 GB de base más 10 GB de regalo por una duración de 6 meses? Ah, para, para, para, para, para, para, para, para, para, para, para, para, para, para, para, para, para, para, para, para, para, para, para, para, para, para, para, para, para, para, para, para, para, para, para, para, para, para, para, para, para, para, para, para, para, para, para, para, para, para, para, para, para, para, para, para, para, para, para, para, para, para, para, para, para, para, para, para, para, para, para, para, para, para, para, para, para, para, para, para, para, para, para, para, para, para, para, para, para, para, para, para, para, para, para, para, para, para, para, para, para, Bueno, no, para que me estoy recontra calentando. ¿Cuánto vale el plan que me estás ofreciendo? ¿Cuánto vale? 100 de cuento. 100 de cuento. ¿Cuánto vale? Francisco, ¿me habéis parado un segundo? Sí, porque dame lo que yo te pregunto. ¿Cuánto vale el plan 100 de cuento? Primero que nada, le estoy explicando el plan y usted está entendiendo algo que no es... Bueno, contestame entonces lo que te pregunto. ¿Vos me podés contestar una pregunta sencilla? ¿Cuánto vale el plan que me estás ofreciendo sin descuento? El plan sin descuento vale, como le dije anteriormente, 53.600 pesos. Usted va a tener un descuento. No va a dar ninguna portabilidad, queda todo anulado. Claro, está entendiendo algo que no es, por eso le digo. Estoy entendiendo perfecto, que va anulado. No está entendiendo bien. Voy a pagar 10.000. No lo creo. No es así. ¿Cómo es, a ver? No es así, por eso le estoy explicando. Pero en general le pido que se tranquilice, ¿sí? No, porque me siento engañado. Me estás ofreciendo un plan. Yo voy a decir que voy a pagarles 1.700 pesos y ahora me estás diciendo que esos 1.700 pesos los voy a pagar nada más que durante seis meses porque después voy a pagar 52.000 pesos. No, no es así. ¿Qué estoy entendiendo mal? Lo que les estoy tratando de explicar es que el valor del plan es de 10.720 pesos, ¿sí? Usted por seis meses tendría lo que es el descuento de los 80%. Ante el sextombre, lo que nosotros hacemos con los clientes para que usted se quede tranquilo, por eso le he dado que no me dejó terminar de explicarle, es que le brindamos lo que es el 0800 para lo que es el tema de promociones vigentes que hay en ese momento. Con eso usted quede tranquilo. No me interesa. No, no me interesa, me has engañado. No, le pido que se tranquille. Me has engañado todo el tiempo, muchacho, que te quites un pelotudo, ¿no? No, no. ¿Vos me ofreces un plan de 10.700 pesos? Que ahora me decís, en realidad es el plan más de 52.000, pero como son buenitos, durante seis meses me van a hacer un descuento y yo voy a terminar pagando nada más que 10.700. Ahora, si usted se duerme, camarón, dentro de cien meses me viene una factura de 52 mil pesos que va a tener que pagar porque si no lo vamos a mandar a la albera así. No es así. No es así. No es así. No es así. ¿Eso es lo que tengo que entender o estoy tonto yo? Lo que usted tiene que saber, primero que nada, se tiene que tranquilizar porque le estoy hablando bien. Y segundo, lo que le estoy tratando de explicar es que el valor del penal es de diez mil setecientos veinte pesos. Usted por ser... No, no es el valor. No es el valor. Sí, es el valor. Si usted va a tener la promoción por... No, es el valor que no voy a pagar porque... Bueno, Francisco, no hay problema. Sabe que ya está, listo. No lo... O sea, le estoy tratando de explicar y no tiene sentido porque se pone nervioso y le estoy explicando bien. Sí, me estás explicando bien, pero es una mala forma de comercializar, muchachos. Es una mala forma de comercializar. Porque el valor no es ese. El valor en la factura va a decir 52.000 pesos. El valor del plan no es de 10.700 pesos. El valor del plan es de 52.000 pesos. No, ese no es el valor del plan, porque usted va a tener siempre el descuento. por 6 meses el 80%. Pero te das cuenta que no sabes expresarte. Si yo te digo, mira, este auto vale 20.000 pesos, pero por ser vos lo vas a pagar 10.000. ¿Cuánto vale el auto? No hay problema. Si le dejo las formas, le dejo las formas y le voy a whatsapp. Si leyende sea en algún futuro me avisa, ¿sí? Listo. Ha sido un gusto. Hasta luego.",
  "calidad": {
    "confianza_promedio": 0.547,
    "metodo_diarizacion": "pausas_fallback",
    "tiempo_procesamiento": 45.6
  },
  "metadata": {
    "modelo": "whisperx_medium",
    "diarizacion": "pausas",
    "dispositivo": "cuda",
    "fecha": "2026-02-18T23:20:34.211623",
    "version": "5.0_ecapa"
  }
}