{
  "archivo": "amza10_1_260219144751473_ACD_34737.wav",
  "duracion_segundos": 66.44,
  "num_segmentos": 18,
  "num_hablantes": 1,
  "hablantes": [
    "Hablante A"
  ],
  "tiempo_por_hablante": {
    "Hablante A": 64.46
  },
  "idioma": "es",
  "conversacion": [
    {
      "hablante": "Hablante A",
      "inicio": 0.03,
      "fin": 3.6,
      "duracion": 3.56,
      "texto": "Hola, buenas tardes.",
      "confianza": 0.309
    },
    {
      "hablante": "Hablante A",
      "inicio": 3.62,
      "fin": 4.74,
      "duracion": 1.12,
      "texto": "Sí, buenas tardes.",
      "confianza": 0.247
    },
    {
      "hablante": "Hablante A",
      "inicio": 4.76,
      "fin": 5.3,
      "duracion": 0.54,
      "texto": "¿Cómo estás?",
      "confianza": 0.538
    },
    {
      "hablante": "Hablante A",
      "inicio": 5.44,
      "fin": 6.14,
      "duracion": 0.7,
      "texto": "Un gusto, Lourdes.",
      "confianza": 0.47
    },
    {
      "hablante": "Hablante A",
      "inicio": 6.16,
      "fin": 9.42,
      "duracion": 3.26,
      "texto": "¿Tal vez te hablo con Claudia?",
      "confianza": 0.652
    },
    {
      "hablante": "Hablante A",
      "inicio": 9.44,
      "fin": 9.8,
      "duracion": 0.36,
      "texto": "Sí, a la vez está.",
      "confianza": 0.06
    },
    {
      "hablante": "Hablante A",
      "inicio": 9.82,
      "fin": 10.59,
      "duracion": 0.76,
      "texto": "Claudia, un gusto.",
      "confianza": 0.526
    },
    {
      "hablante": "Hablante A",
      "inicio": 10.81,
      "fin": 20.4,
      "duracion": 9.59,
      "texto": "Mira, antes de que me cortes, que ya bastante me han cortado, es la más para regular lo que es una bonificación que tenemos por un 80%, por eso te recuerdo, ¿sí?",
      "confianza": 0.485
    },
    {
      "hablante": "Hablante A",
      "inicio": 20.42,
      "fin": 25.51,
      "duracion": 5.09,
      "texto": "¿Cuál es la idea también que, obviamente, veas y te conviene realmente este plan, que lo puedas escuchar, sí?",
      "confianza": 0.575
    },
    {
      "hablante": "Hablante A",
      "inicio": 26.23,
      "fin": 29.21,
      "duracion": 2.98,
      "texto": "¿Vos habéis estado en Clarof actualmente?",
      "confianza": 0.567
    },
    {
      "hablante": "Hablante A",
      "inicio": 29.53,
      "fin": 37.34,
      "duracion": 7.81,
      "texto": "Sí, estoy en claro y estoy bien, la verdad no te quiero cortar pero te agradezco la oferta, no me interesa.",
      "confianza": 0.456
    },
    {
      "hablante": "Hablante A",
      "inicio": 37.42,
      "fin": 44.17,
      "duracion": 6.75,
      "texto": "Bien, es por un tema económico o es por otro tema que hayas tenido alguna mala experiencia y no quieras.",
      "confianza": 0.548
    },
    {
      "hablante": "Hablante A",
      "inicio": 44.19,
      "fin": 44.85,
      "duracion": 0.66,
      "texto": "Sí, exactamente, tú lo has dicho.",
      "confianza": 0.003
    },
    {
      "hablante": "Hablante A",
      "inicio": 44.87,
      "fin": 46.79,
      "duracion": 1.92,
      "texto": "Mala experiencia, bien.",
      "confianza": 0.204
    },
    {
      "hablante": "Hablante A",
      "inicio": 46.81,
      "fin": 55.37,
      "duracion": 8.55,
      "texto": "Pero veo, Klau que te pusiste en el año 2024, sí, te comento que bueno, esa es una nueva gestión, claramente le da que Klau te pueda hablar por el zapillo, por así decirlo.",
      "confianza": 0.566
    },
    {
      "hablante": "Hablante A",
      "inicio": 55.58,
      "fin": 59.32,
      "duracion": 3.74,
      "texto": "Y después del año se va todo al taxi.",
      "confianza": 0.529
    },
    {
      "hablante": "Hablante A",
      "inicio": 59.34,
      "fin": 65.79,
      "duracion": 6.45,
      "texto": "No, mira, tengo el riesgo.",
      "confianza": 0.401
    },
    {
      "hablante": "Hablante A",
      "inicio": 65.81,
      "fin": 66.44,
      "duracion": 0.62,
      "texto": "Muchas gracias.",
      "confianza": 0.175
    }
  ],
  "transcripcion_completa": "Hola, buenas tardes. Sí, buenas tardes. ¿Cómo estás? Un gusto, Lourdes. ¿Tal vez te hablo con Claudia? Sí, a la vez está. Claudia, un gusto. Mira, antes de que me cortes, que ya bastante me han cortado, es la más para regular lo que es una bonificación que tenemos por un 80%, por eso te recuerdo, ¿sí? ¿Cuál es la idea también que, obviamente, veas y te conviene realmente este plan, que lo puedas escuchar, sí? ¿Vos habéis estado en Clarof actualmente? Sí, estoy en claro y estoy bien, la verdad no te quiero cortar pero te agradezco la oferta, no me interesa. Bien, es por un tema económico o es por otro tema que hayas tenido alguna mala experiencia y no quieras. Sí, exactamente, tú lo has dicho. Mala experiencia, bien. Pero veo, Klau que te pusiste en el año 2024, sí, te comento que bueno, esa es una nueva gestión, claramente le da que Klau te pueda hablar por el zapillo, por así decirlo. Y después del año se va todo al taxi. No, mira, tengo el riesgo. Muchas gracias.",
  "calidad": {
    "confianza_promedio": 0.406,
    "metodo_diarizacion": "pausas_fallback",
    "tiempo_procesamiento": 7.8
  },
  "metadata": {
    "modelo": "whisperx_medium",
    "diarizacion": "pausas",
    "dispositivo": "cuda",
    "fecha": "2026-02-21T13:30:00.787759",
    "version": "5.0_ecapa"
  }
}