{
  "archivo": "amza12_1_260211162145974_ACD_55989.wav",
  "duracion_segundos": 294.81,
  "num_segmentos": 86,
  "num_hablantes": 2,
  "hablantes": [
    "Hablante A",
    "Hablante B"
  ],
  "tiempo_por_hablante": {
    "Hablante B": 53.56,
    "Hablante A": 192.1
  },
  "idioma": "es",
  "conversacion": [
    {
      "hablante": "Hablante B",
      "inicio": 2.51,
      "fin": 9.16,
      "duracion": 6.65,
      "texto": "Hola.",
      "confianza": 0.179
    },
    {
      "hablante": "Hablante B",
      "inicio": 9.18,
      "fin": 9.28,
      "duracion": 0.1,
      "texto": "Hola.",
      "confianza": 0.0
    },
    {
      "hablante": "Hablante B",
      "inicio": 9.3,
      "fin": 9.76,
      "duracion": 0.46,
      "texto": "Hola, ¿qué tal, Ariana?",
      "confianza": 0.0
    },
    {
      "hablante": "Hablante B",
      "inicio": 9.78,
      "fin": 10.3,
      "duracion": 0.52,
      "texto": "¿Cómo estás?",
      "confianza": 0.093
    },
    {
      "hablante": "Hablante B",
      "inicio": 10.32,
      "fin": 10.64,
      "duracion": 0.32,
      "texto": "Bien, todo bien.",
      "confianza": 0.003
    },
    {
      "hablante": "Hablante B",
      "inicio": 10.66,
      "fin": 10.87,
      "duracion": 0.2,
      "texto": "Buenísimo.",
      "confianza": 0.003
    },
    {
      "hablante": "Hablante B",
      "inicio": 10.88,
      "fin": 11.87,
      "duracion": 0.98,
      "texto": "Bueno, mi nombre es Luciana.",
      "confianza": 0.499
    },
    {
      "hablante": "Hablante B",
      "inicio": 11.93,
      "fin": 15.87,
      "duracion": 3.95,
      "texto": "Sí, me comunico porque tenemos un beneficio del 85% para su línea.",
      "confianza": 0.804
    },
    {
      "hablante": "Hablante B",
      "inicio": 15.89,
      "fin": 19.54,
      "duracion": 3.64,
      "texto": "¿Usted actualmente es claro?",
      "confianza": 0.796
    },
    {
      "hablante": "Hablante B",
      "inicio": 19.56,
      "fin": 19.62,
      "duracion": 0.06,
      "texto": "Sí.",
      "confianza": 0.031
    },
    {
      "hablante": "Hablante B",
      "inicio": 19.64,
      "fin": 20.88,
      "duracion": 1.24,
      "texto": "Bien, perfecto.",
      "confianza": 0.771
    },
    {
      "hablante": "Hablante B",
      "inicio": 20.9,
      "fin": 24.67,
      "duracion": 3.77,
      "texto": "¿Y tiene abono o hace recarga?",
      "confianza": 0.388
    },
    {
      "hablante": "Hablante B",
      "inicio": 24.69,
      "fin": 25.39,
      "duracion": 0.7,
      "texto": "No, abono.",
      "confianza": 0.108
    },
    {
      "hablante": "Hablante B",
      "inicio": 25.41,
      "fin": 25.67,
      "duracion": 0.26,
      "texto": "Abono, bien.",
      "confianza": 0.232
    },
    {
      "hablante": "Hablante B",
      "inicio": 25.69,
      "fin": 26.85,
      "duracion": 1.16,
      "texto": "¿Y actualmente cuánto llega?",
      "confianza": 0.508
    },
    {
      "hablante": "Hablante B",
      "inicio": 26.87,
      "fin": 29.09,
      "duracion": 2.22,
      "texto": "¿Sabes cuántas más o menos se le está recargando?",
      "confianza": 0.654
    },
    {
      "hablante": "Hablante A",
      "inicio": 30.73,
      "fin": 34.87,
      "duracion": 4.14,
      "texto": "No, si te digo la verdad no recuerdo cuánto.",
      "confianza": 0.444
    },
    {
      "hablante": "Hablante A",
      "inicio": 34.89,
      "fin": 35.97,
      "duracion": 1.08,
      "texto": "Bien, no hay problema en eso.",
      "confianza": 0.472
    },
    {
      "hablante": "Hablante A",
      "inicio": 37.15,
      "fin": 39.02,
      "duracion": 1.86,
      "texto": "Actualmente ¿para qué utilizas lo que es la línea?",
      "confianza": 0.7
    },
    {
      "hablante": "Hablante A",
      "inicio": 39.03,
      "fin": 40.26,
      "duracion": 1.22,
      "texto": "¿Para trabajar?",
      "confianza": 0.883
    },
    {
      "hablante": "Hablante A",
      "inicio": 40.28,
      "fin": 43.08,
      "duracion": 2.8,
      "texto": "¿Para ver videos?",
      "confianza": 0.581
    },
    {
      "hablante": "Hablante A",
      "inicio": 43.1,
      "fin": 45.72,
      "duracion": 2.62,
      "texto": "Sí, sí, trabajar, ver videos.",
      "confianza": 0.477
    },
    {
      "hablante": "Hablante A",
      "inicio": 45.74,
      "fin": 47.48,
      "duracion": 1.74,
      "texto": "Bien, perfecto, o sea, ¿la utilizas bastante?",
      "confianza": 0.58
    },
    {
      "hablante": "Hablante B",
      "inicio": 49.73,
      "fin": 49.87,
      "duracion": 0.14,
      "texto": "Sí, sí.",
      "confianza": 0.017
    },
    {
      "hablante": "Hablante B",
      "inicio": 49.89,
      "fin": 51.97,
      "duracion": 2.08,
      "texto": "Bien, bueno, justamente sí.",
      "confianza": 0.468
    },
    {
      "hablante": "Hablante B",
      "inicio": 51.99,
      "fin": 57.49,
      "duracion": 5.51,
      "texto": "Yo le llamaba adentro lo que es un movistar, como le había comentado, tenemos un 85% de descuentos, ¿sí?",
      "confianza": 0.651
    },
    {
      "hablante": "Hablante B",
      "inicio": 57.78,
      "fin": 61.02,
      "duracion": 3.24,
      "texto": "hoy por hoy, así que nada, la realidad es que estaría increíble que lo puedas aprovechar.",
      "confianza": 0.655
    },
    {
      "hablante": "Hablante B",
      "inicio": 61.04,
      "fin": 62.0,
      "duracion": 0.96,
      "texto": "¿Bien?",
      "confianza": 0.623
    },
    {
      "hablante": "Hablante B",
      "inicio": 62.06,
      "fin": 63.87,
      "duracion": 1.8,
      "texto": "Actualmente, ¿cuánto está abonando usted, señora?",
      "confianza": 0.686
    },
    {
      "hablante": "Hablante A",
      "inicio": 67.45,
      "fin": 70.07,
      "duracion": 2.62,
      "texto": "No me acuerdo si 23, 27.",
      "confianza": 0.581
    },
    {
      "hablante": "Hablante A",
      "inicio": 70.09,
      "fin": 73.46,
      "duracion": 3.36,
      "texto": "23, 27, perfecto.",
      "confianza": 0.73
    },
    {
      "hablante": "Hablante A",
      "inicio": 73.48,
      "fin": 73.8,
      "duracion": 0.32,
      "texto": "Sí, algo de eso.",
      "confianza": 0.011
    },
    {
      "hablante": "Hablante A",
      "inicio": 73.82,
      "fin": 77.06,
      "duracion": 3.24,
      "texto": "Bien, bueno, justamente sí, el día de hoy... ¿De ustedes cuánto lo tienen?",
      "confianza": 0.226
    },
    {
      "hablante": "Hablante A",
      "inicio": 77.08,
      "fin": 84.81,
      "duracion": 7.73,
      "texto": "Bien, el día de hoy tiene lo que es una promoción, sí, como lo había comentado, del 85% de descuento, de lo que son 15 días de base,",
      "confianza": 0.692
    },
    {
      "hablante": "Hablante A",
      "inicio": 85.01,
      "fin": 90.72,
      "duracion": 5.71,
      "texto": "Bien, y tienes de regalo, o sea que en total le darían 25 gigas a 11.932 pesos.",
      "confianza": 0.529
    },
    {
      "hablante": "Hablante A",
      "inicio": 90.74,
      "fin": 93.91,
      "duracion": 3.16,
      "texto": "Sí, o sea, menos de la mitad, literalmente.",
      "confianza": 0.666
    },
    {
      "hablante": "Hablante A",
      "inicio": 94.59,
      "fin": 98.11,
      "duracion": 3.53,
      "texto": "Ahora, este beneficio lo que le incluye es WhatsApp Gratis, que quiere decir esto.",
      "confianza": 0.554
    },
    {
      "hablante": "Hablante A",
      "inicio": 98.13,
      "fin": 104.64,
      "duracion": 6.51,
      "texto": "Si usted, por ejemplo, es una persona que pone el trabajo o que se utiliza mucho WhatsApp, sí, no le va a usar las gigas.",
      "confianza": 0.731
    },
    {
      "hablante": "Hablante A",
      "inicio": 104.68,
      "fin": 107.75,
      "duracion": 3.06,
      "texto": "Es decir, que usted va a tener las gigas para lo que usted quiera.",
      "confianza": 0.691
    },
    {
      "hablante": "Hablante A",
      "inicio": 108.17,
      "fin": 108.49,
      "duracion": 0.32,
      "texto": "Bien.",
      "confianza": 0.862
    },
    {
      "hablante": "Hablante A",
      "inicio": 108.79,
      "fin": 115.54,
      "duracion": 6.75,
      "texto": "El WhatsApp lo tiene 100% gratis, y por ahí claro lo que pasa es que dicen que es gratis, pero sin embargo se utilizan lo que sean gigas.",
      "confianza": 0.749
    },
    {
      "hablante": "Hablante A",
      "inicio": 116.64,
      "fin": 118.06,
      "duracion": 1.42,
      "texto": "Entonces ese es un gran problema.",
      "confianza": 0.386
    },
    {
      "hablante": "Hablante A",
      "inicio": 118.83,
      "fin": 130.02,
      "duracion": 11.2,
      "texto": "Mucha gente por ahí, claro, nos han llamado y que se quejan de que por ahí las gigas no alcanzan, o bueno, también uno paga y a fin de mes las gigas desaparecen, ¿verdad?",
      "confianza": 0.7
    },
    {
      "hablante": "Hablante A",
      "inicio": 130.04,
      "fin": 131.3,
      "duracion": 1.26,
      "texto": "Sí, a mí a veces no me alcanzan gigas.",
      "confianza": 0.058
    },
    {
      "hablante": "Hablante A",
      "inicio": 131.32,
      "fin": 132.04,
      "duracion": 0.72,
      "texto": "Totalmente.",
      "confianza": 0.964
    },
    {
      "hablante": "Hablante A",
      "inicio": 132.43,
      "fin": 137.09,
      "duracion": 4.67,
      "texto": "Justamente, bueno, por eso mismo, usted estará en este momento pagando un precio bastante elevado.",
      "confianza": 0.713
    },
    {
      "hablante": "Hablante A",
      "inicio": 137.39,
      "fin": 140.08,
      "duracion": 2.68,
      "texto": "Y para que no le alcance la realidad es que es una parrilla de plata.",
      "confianza": 0.663
    },
    {
      "hablante": "Hablante A",
      "inicio": 140.78,
      "fin": 143.98,
      "duracion": 3.21,
      "texto": "Así que, bueno, ¿qué es lo que es ese plan?",
      "confianza": 0.531
    },
    {
      "hablante": "Hablante A",
      "inicio": 144.06,
      "fin": 147.49,
      "duracion": 3.42,
      "texto": "La verdad es que es bastante con chivas y está bastante económico.",
      "confianza": 0.642
    },
    {
      "hablante": "Hablante A",
      "inicio": 147.75,
      "fin": 151.29,
      "duracion": 3.54,
      "texto": "En 11.932 pesos, sí, más de la mitad.",
      "confianza": 0.798
    },
    {
      "hablante": "Hablante A",
      "inicio": 151.31,
      "fin": 158.08,
      "duracion": 6.77,
      "texto": "¿Y este plan cuánto duraría, un año?",
      "confianza": 0.078
    },
    {
      "hablante": "Hablante A",
      "inicio": 158.1,
      "fin": 164.23,
      "duracion": 6.13,
      "texto": "Bien, duran seis meses, pero cuando será el mes 5, sí, el mes 5, finalizando el mes 5,",
      "confianza": 0.672
    },
    {
      "hablante": "Hablante A",
      "inicio": 164.41,
      "fin": 167.67,
      "duracion": 3.26,
      "texto": "Usted quédese tranquila, que va a estar en contacto 100% conmigo, ¿sí?",
      "confianza": 0.557
    },
    {
      "hablante": "Hablante A",
      "inicio": 167.69,
      "fin": 175.82,
      "duracion": 8.13,
      "texto": "Ahora le voy a mandar lo que es un mensajito por, a ver, por WhatsApp, para que usted tenga mi número, ¿sí?",
      "confianza": 0.636
    },
    {
      "hablante": "Hablante A",
      "inicio": 175.84,
      "fin": 176.64,
      "duracion": 0.8,
      "texto": "¿Sabe para qué?",
      "confianza": 0.799
    },
    {
      "hablante": "Hablante A",
      "inicio": 176.68,
      "fin": 182.99,
      "duracion": 6.31,
      "texto": "Porque le quiero comentar a mi novia, porque los dos tenemos claro, para ver si podemos hacer el cambio los dos.",
      "confianza": 0.656
    },
    {
      "hablante": "Hablante A",
      "inicio": 183.45,
      "fin": 184.25,
      "duracion": 0.8,
      "texto": "Perfecto.",
      "confianza": 0.639
    },
    {
      "hablante": "Hablante A",
      "inicio": 184.65,
      "fin": 187.77,
      "duracion": 3.12,
      "texto": "Sí, la realidad es que, bueno, están pagando un precio bastante elevado.",
      "confianza": 0.746
    },
    {
      "hablante": "Hablante A",
      "inicio": 188.37,
      "fin": 188.85,
      "duracion": 0.48,
      "texto": "A ver.",
      "confianza": 0.556
    },
    {
      "hablante": "Hablante A",
      "inicio": 188.88,
      "fin": 190.42,
      "duracion": 1.54,
      "texto": "Sí, por eso.",
      "confianza": 0.767
    },
    {
      "hablante": "Hablante A",
      "inicio": 190.44,
      "fin": 194.08,
      "duracion": 3.64,
      "texto": "Por eso te digo, por ahí, para hacer el cambio los dos.",
      "confianza": 0.73
    },
    {
      "hablante": "Hablante A",
      "inicio": 194.55,
      "fin": 198.31,
      "duracion": 3.76,
      "texto": "Si vos me mandas la información por WhatsApp.",
      "confianza": 0.515
    },
    {
      "hablante": "Hablante A",
      "inicio": 199.53,
      "fin": 203.52,
      "duracion": 3.99,
      "texto": "Porque eso es para hacer el cambio de portabilidad, nada más, ¿no es cierto?",
      "confianza": 0.652
    },
    {
      "hablante": "Hablante A",
      "inicio": 204.18,
      "fin": 207.54,
      "duracion": 3.36,
      "texto": "Pero conservamos el mismo número, todo igual.",
      "confianza": 0.685
    },
    {
      "hablante": "Hablante A",
      "inicio": 207.97,
      "fin": 208.63,
      "duracion": 0.66,
      "texto": "Totalmente.",
      "confianza": 0.943
    },
    {
      "hablante": "Hablante A",
      "inicio": 208.95,
      "fin": 209.99,
      "duracion": 1.04,
      "texto": "Está en lo correcto, Adriana.",
      "confianza": 0.714
    },
    {
      "hablante": "Hablante A",
      "inicio": 210.35,
      "fin": 214.61,
      "duracion": 4.27,
      "texto": "Si vos me podés mandar por WhatsApp la información y eso.",
      "confianza": 0.571
    },
    {
      "hablante": "Hablante A",
      "inicio": 214.63,
      "fin": 215.5,
      "duracion": 0.86,
      "texto": "Sí, no hay ningún problema.",
      "confianza": 0.578
    },
    {
      "hablante": "Hablante A",
      "inicio": 215.53,
      "fin": 216.94,
      "duracion": 1.4,
      "texto": "Ahí ya la estoy escribiendo.",
      "confianza": 0.575
    },
    {
      "hablante": "Hablante B",
      "inicio": 221.66,
      "fin": 222.78,
      "duracion": 1.12,
      "texto": "Ahí está, alguien manda un WhatsApp.",
      "confianza": 0.347
    },
    {
      "hablante": "Hablante B",
      "inicio": 223.13,
      "fin": 227.18,
      "duracion": 4.05,
      "texto": "Ahí confirma si le ha llegado.",
      "confianza": 0.09
    },
    {
      "hablante": "Hablante A",
      "inicio": 241.58,
      "fin": 241.72,
      "duracion": 0.14,
      "texto": "Ah, sí.",
      "confianza": 0.037
    },
    {
      "hablante": "Hablante A",
      "inicio": 241.74,
      "fin": 242.5,
      "duracion": 0.76,
      "texto": "Sí, bueno, perfecto.",
      "confianza": 0.249
    },
    {
      "hablante": "Hablante A",
      "inicio": 242.52,
      "fin": 243.16,
      "duracion": 0.64,
      "texto": "Bueno, buenísimo.",
      "confianza": 0.537
    },
    {
      "hablante": "Hablante A",
      "inicio": 243.18,
      "fin": 244.58,
      "duracion": 1.4,
      "texto": "Este es mi número personal, ¿sí?",
      "confianza": 0.551
    },
    {
      "hablante": "Hablante A",
      "inicio": 244.74,
      "fin": 250.28,
      "duracion": 5.55,
      "texto": "Como le había comentado, mi nombre es Luciana, me muevo la agenda y me he encargado de hacerlo, que es su asesora personal.",
      "confianza": 0.607
    },
    {
      "hablante": "Hablante A",
      "inicio": 250.34,
      "fin": 252.79,
      "duracion": 2.44,
      "texto": "Si cualquier duda o consulta me puede decir, no hay ningún problema.",
      "confianza": 0.696
    },
    {
      "hablante": "Hablante A",
      "inicio": 253.17,
      "fin": 260.84,
      "duracion": 7.67,
      "texto": "Lo que es el beneficio hasta el día de hoy, así que bueno, aproximadamente en que hora usted podría hablar con su marido.",
      "confianza": 0.552
    },
    {
      "hablante": "Hablante A",
      "inicio": 262.08,
      "fin": 268.67,
      "duracion": 6.59,
      "texto": "Sí, yo ahora en un ratito, hablo con él, con él en media hora, viste, como se está bañando.",
      "confianza": 0.65
    },
    {
      "hablante": "Hablante A",
      "inicio": 269.58,
      "fin": 269.76,
      "duracion": 0.18,
      "texto": "Perfecto.",
      "confianza": 0.064
    },
    {
      "hablante": "Hablante A",
      "inicio": 269.78,
      "fin": 274.14,
      "duracion": 4.37,
      "texto": "Cuando sale, lo hablamos en tema y te escribo, ¿te parece?",
      "confianza": 0.759
    },
    {
      "hablante": "Hablante A",
      "inicio": 274.16,
      "fin": 277.85,
      "duracion": 3.69,
      "texto": "Yo ahora le envío la información a través de WhatsApp y usted cualquiera me hará risa, ¿sí?",
      "confianza": 0.597
    },
    {
      "hablante": "Hablante A",
      "inicio": 278.92,
      "fin": 282.76,
      "duracion": 3.84,
      "texto": "Un placer enorme.",
      "confianza": 0.75
    },
    {
      "hablante": "Hablante A",
      "inicio": 282.96,
      "fin": 283.58,
      "duracion": 0.62,
      "texto": "Hasta luego.",
      "confianza": 0.704
    },
    {
      "hablante": "Hablante B",
      "inicio": 286.35,
      "fin": 294.59,
      "duracion": 8.23,
      "texto": "Gracias.",
      "confianza": 0.216
    },
    {
      "hablante": "Hablante B",
      "inicio": 294.61,
      "fin": 294.81,
      "duracion": 0.2,
      "texto": "Un placer.",
      "confianza": 0.074
    }
  ],
  "transcripcion_completa": "Hola. Hola. Hola, ¿qué tal, Ariana? ¿Cómo estás? Bien, todo bien. Buenísimo. Bueno, mi nombre es Luciana. Sí, me comunico porque tenemos un beneficio del 85% para su línea. ¿Usted actualmente es claro? Sí. Bien, perfecto. ¿Y tiene abono o hace recarga? No, abono. Abono, bien. ¿Y actualmente cuánto llega? ¿Sabes cuántas más o menos se le está recargando? No, si te digo la verdad no recuerdo cuánto. Bien, no hay problema en eso. Actualmente ¿para qué utilizas lo que es la línea? ¿Para trabajar? ¿Para ver videos? Sí, sí, trabajar, ver videos. Bien, perfecto, o sea, ¿la utilizas bastante? Sí, sí. Bien, bueno, justamente sí. Yo le llamaba adentro lo que es un movistar, como le había comentado, tenemos un 85% de descuentos, ¿sí? hoy por hoy, así que nada, la realidad es que estaría increíble que lo puedas aprovechar. ¿Bien? Actualmente, ¿cuánto está abonando usted, señora? No me acuerdo si 23, 27. 23, 27, perfecto. Sí, algo de eso. Bien, bueno, justamente sí, el día de hoy... ¿De ustedes cuánto lo tienen? Bien, el día de hoy tiene lo que es una promoción, sí, como lo había comentado, del 85% de descuento, de lo que son 15 días de base, Bien, y tienes de regalo, o sea que en total le darían 25 gigas a 11.932 pesos. Sí, o sea, menos de la mitad, literalmente. Ahora, este beneficio lo que le incluye es WhatsApp Gratis, que quiere decir esto. Si usted, por ejemplo, es una persona que pone el trabajo o que se utiliza mucho WhatsApp, sí, no le va a usar las gigas. Es decir, que usted va a tener las gigas para lo que usted quiera. Bien. El WhatsApp lo tiene 100% gratis, y por ahí claro lo que pasa es que dicen que es gratis, pero sin embargo se utilizan lo que sean gigas. Entonces ese es un gran problema. Mucha gente por ahí, claro, nos han llamado y que se quejan de que por ahí las gigas no alcanzan, o bueno, también uno paga y a fin de mes las gigas desaparecen, ¿verdad? Sí, a mí a veces no me alcanzan gigas. Totalmente. Justamente, bueno, por eso mismo, usted estará en este momento pagando un precio bastante elevado. Y para que no le alcance la realidad es que es una parrilla de plata. Así que, bueno, ¿qué es lo que es ese plan? La verdad es que es bastante con chivas y está bastante económico. En 11.932 pesos, sí, más de la mitad. ¿Y este plan cuánto duraría, un año? Bien, duran seis meses, pero cuando será el mes 5, sí, el mes 5, finalizando el mes 5, Usted quédese tranquila, que va a estar en contacto 100% conmigo, ¿sí? Ahora le voy a mandar lo que es un mensajito por, a ver, por WhatsApp, para que usted tenga mi número, ¿sí? ¿Sabe para qué? Porque le quiero comentar a mi novia, porque los dos tenemos claro, para ver si podemos hacer el cambio los dos. Perfecto. Sí, la realidad es que, bueno, están pagando un precio bastante elevado. A ver. Sí, por eso. Por eso te digo, por ahí, para hacer el cambio los dos. Si vos me mandas la información por WhatsApp. Porque eso es para hacer el cambio de portabilidad, nada más, ¿no es cierto? Pero conservamos el mismo número, todo igual. Totalmente. Está en lo correcto, Adriana. Si vos me podés mandar por WhatsApp la información y eso. Sí, no hay ningún problema. Ahí ya la estoy escribiendo. Ahí está, alguien manda un WhatsApp. Ahí confirma si le ha llegado. Ah, sí. Sí, bueno, perfecto. Bueno, buenísimo. Este es mi número personal, ¿sí? Como le había comentado, mi nombre es Luciana, me muevo la agenda y me he encargado de hacerlo, que es su asesora personal. Si cualquier duda o consulta me puede decir, no hay ningún problema. Lo que es el beneficio hasta el día de hoy, así que bueno, aproximadamente en que hora usted podría hablar con su marido. Sí, yo ahora en un ratito, hablo con él, con él en media hora, viste, como se está bañando. Perfecto. Cuando sale, lo hablamos en tema y te escribo, ¿te parece? Yo ahora le envío la información a través de WhatsApp y usted cualquiera me hará risa, ¿sí? Un placer enorme. Hasta luego. Gracias. Un placer.",
  "calidad": {
    "confianza_promedio": 0.528,
    "metodo_diarizacion": "pausas_fallback",
    "tiempo_procesamiento": 14.8
  },
  "metadata": {
    "modelo": "whisperx_medium",
    "diarizacion": "pausas",
    "dispositivo": "cuda",
    "fecha": "2026-02-18T23:07:58.721451",
    "version": "5.0_ecapa"
  }
}