{
  "archivo": "amza14_1_260212130455983_ACD_13627.wav",
  "duracion_segundos": 105.57,
  "num_segmentos": 33,
  "num_hablantes": 2,
  "hablantes": [
    "Hablante A",
    "Hablante B"
  ],
  "tiempo_por_hablante": {
    "Hablante A": 11.92,
    "Hablante B": 79.97
  },
  "idioma": "es",
  "conversacion": [
    {
      "hablante": "Hablante A",
      "inicio": 1.2,
      "fin": 3.62,
      "duracion": 2.42,
      "texto": "Hola, buen día.",
      "confianza": 0.056
    },
    {
      "hablante": "Hablante A",
      "inicio": 3.64,
      "fin": 3.98,
      "duracion": 0.34,
      "texto": "Hablo con Pamela.",
      "confianza": 0.002
    },
    {
      "hablante": "Hablante A",
      "inicio": 4.0,
      "fin": 4.58,
      "duracion": 0.58,
      "texto": "Sí, de parte.",
      "confianza": 0.411
    },
    {
      "hablante": "Hablante A",
      "inicio": 5.04,
      "fin": 5.58,
      "duracion": 0.54,
      "texto": "¿Cómo estás?",
      "confianza": 0.558
    },
    {
      "hablante": "Hablante A",
      "inicio": 5.6,
      "fin": 5.94,
      "duracion": 0.34,
      "texto": "Un gusto.",
      "confianza": 0.797
    },
    {
      "hablante": "Hablante A",
      "inicio": 5.96,
      "fin": 6.72,
      "duracion": 0.76,
      "texto": "Mi nombre es Bruno.",
      "confianza": 0.666
    },
    {
      "hablante": "Hablante A",
      "inicio": 6.8,
      "fin": 9.87,
      "duracion": 3.06,
      "texto": "Estamos comunicando desde la área de recupero de clientes movizados.",
      "confianza": 0.644
    },
    {
      "hablante": "Hablante A",
      "inicio": 10.97,
      "fin": 11.03,
      "duracion": 0.06,
      "texto": "Sí.",
      "confianza": 0.218
    },
    {
      "hablante": "Hablante A",
      "inicio": 11.05,
      "fin": 13.05,
      "duracion": 2.0,
      "texto": "Tenemos una promo disponible para tu línea.",
      "confianza": 0.861
    },
    {
      "hablante": "Hablante A",
      "inicio": 13.07,
      "fin": 14.89,
      "duracion": 1.82,
      "texto": "¿Actualmente tenés claro?",
      "confianza": 0.782
    },
    {
      "hablante": "Hablante B",
      "inicio": 17.42,
      "fin": 17.48,
      "duracion": 0.06,
      "texto": "Sí.",
      "confianza": 0.275
    },
    {
      "hablante": "Hablante B",
      "inicio": 17.5,
      "fin": 21.34,
      "duracion": 3.85,
      "texto": "Bien, Pamela, nosotros hoy tenemos una promoción del 80% de descuento.",
      "confianza": 0.682
    },
    {
      "hablante": "Hablante B",
      "inicio": 21.88,
      "fin": 24.69,
      "duracion": 2.8,
      "texto": "Es un plan de 8 GB de base con 10 GB de regalo.",
      "confianza": 0.804
    },
    {
      "hablante": "Hablante B",
      "inicio": 25.29,
      "fin": 26.09,
      "duracion": 0.8,
      "texto": "WhatsApp y gratis.",
      "confianza": 0.492
    },
    {
      "hablante": "Hablante B",
      "inicio": 26.11,
      "fin": 27.29,
      "duracion": 1.18,
      "texto": "Habla libre de cualquier compañía.",
      "confianza": 0.752
    },
    {
      "hablante": "Hablante B",
      "inicio": 27.35,
      "fin": 29.73,
      "duracion": 2.38,
      "texto": "También tenés Lumina en América en el caso de que viajes.",
      "confianza": 0.71
    },
    {
      "hablante": "Hablante B",
      "inicio": 29.95,
      "fin": 31.37,
      "duracion": 1.42,
      "texto": "en 10.720.",
      "confianza": 0.743
    },
    {
      "hablante": "Hablante B",
      "inicio": 32.41,
      "fin": 34.73,
      "duracion": 2.32,
      "texto": "No sé vos la cantidad de gigas que tenés actualmente.",
      "confianza": 0.722
    },
    {
      "hablante": "Hablante B",
      "inicio": 36.22,
      "fin": 51.49,
      "duracion": 15.27,
      "texto": "Actualmente tengo siete y estoy pagando... Ay, no te quiero mentir, pero no más de... Sí, no más de seis mil, siete mil pesos.",
      "confianza": 0.345
    },
    {
      "hablante": "Hablante B",
      "inicio": 51.51,
      "fin": 52.57,
      "duracion": 1.06,
      "texto": "Bien, bien.",
      "confianza": 0.614
    },
    {
      "hablante": "Hablante B",
      "inicio": 52.59,
      "fin": 56.02,
      "duracion": 3.42,
      "texto": "Porque tengo cuatro líneas, por eso.",
      "confianza": 0.866
    },
    {
      "hablante": "Hablante B",
      "inicio": 56.04,
      "fin": 59.72,
      "duracion": 3.68,
      "texto": "Bien, nosotros tenemos un plan más básico que más o menos",
      "confianza": 0.741
    },
    {
      "hablante": "Hablante B",
      "inicio": 60.07,
      "fin": 69.61,
      "duracion": 9.53,
      "texto": "se asemeja a la cantidad de gigas que tenés, es un plan de 4 gigas de base con 10 más de regalos, con WhatsApp gratis a la liera de cualquier compañía, también en $7,790.",
      "confianza": 0.703
    },
    {
      "hablante": "Hablante B",
      "inicio": 69.63,
      "fin": 76.78,
      "duracion": 7.15,
      "texto": "Bueno, y en el caso de hacer la portabilidad de más de una línea bajo un mismo titular, tendrías 4 gigas extra en cada una.",
      "confianza": 0.717
    },
    {
      "hablante": "Hablante B",
      "inicio": 77.78,
      "fin": 80.04,
      "duracion": 2.26,
      "texto": "Podrías tener hasta 18 gigas en $7,790.",
      "confianza": 0.575
    },
    {
      "hablante": "Hablante B",
      "inicio": 80.2,
      "fin": 86.47,
      "duracion": 6.27,
      "texto": "Ok, vos tú te has informado que no me lo podés mandar por WhatsApp, por eso voy a seguir afando.",
      "confianza": 0.168
    },
    {
      "hablante": "Hablante B",
      "inicio": 86.49,
      "fin": 88.47,
      "duracion": 1.98,
      "texto": "Dale, Pamela, yo hoy te mando un WhatsApp.",
      "confianza": 0.336
    },
    {
      "hablante": "Hablante B",
      "inicio": 88.49,
      "fin": 89.13,
      "duracion": 0.64,
      "texto": "¿Me lo envías por WhatsApp?",
      "confianza": 0.201
    },
    {
      "hablante": "Hablante B",
      "inicio": 89.62,
      "fin": 97.53,
      "duracion": 7.91,
      "texto": "Y yo consulto con las otras líneas restantes y coge cosas, manejando la terapia por los cambios.",
      "confianza": 0.567
    },
    {
      "hablante": "Hablante B",
      "inicio": 98.66,
      "fin": 101.24,
      "duracion": 2.59,
      "texto": "Dale, dale, yo ahí tengo mis mensajitos y ya tenés mi número.",
      "confianza": 0.378
    },
    {
      "hablante": "Hablante B",
      "inicio": 101.84,
      "fin": 103.41,
      "duracion": 1.56,
      "texto": "Dale, dale, perfecto, gracias.",
      "confianza": 0.546
    },
    {
      "hablante": "Hablante B",
      "inicio": 103.43,
      "fin": 104.31,
      "duracion": 0.88,
      "texto": "Buen día, hasta luego.",
      "confianza": 0.787
    },
    {
      "hablante": "Hablante B",
      "inicio": 104.61,
      "fin": 105.57,
      "duracion": 0.96,
      "texto": "Igualmente, buen día.",
      "confianza": 0.621
    }
  ],
  "transcripcion_completa": "Hola, buen día. Hablo con Pamela. Sí, de parte. ¿Cómo estás? Un gusto. Mi nombre es Bruno. Estamos comunicando desde la área de recupero de clientes movizados. Sí. Tenemos una promo disponible para tu línea. ¿Actualmente tenés claro? Sí. Bien, Pamela, nosotros hoy tenemos una promoción del 80% de descuento. Es un plan de 8 GB de base con 10 GB de regalo. WhatsApp y gratis. Habla libre de cualquier compañía. También tenés Lumina en América en el caso de que viajes. en 10.720. No sé vos la cantidad de gigas que tenés actualmente. Actualmente tengo siete y estoy pagando... Ay, no te quiero mentir, pero no más de... Sí, no más de seis mil, siete mil pesos. Bien, bien. Porque tengo cuatro líneas, por eso. Bien, nosotros tenemos un plan más básico que más o menos se asemeja a la cantidad de gigas que tenés, es un plan de 4 gigas de base con 10 más de regalos, con WhatsApp gratis a la liera de cualquier compañía, también en $7,790. Bueno, y en el caso de hacer la portabilidad de más de una línea bajo un mismo titular, tendrías 4 gigas extra en cada una. Podrías tener hasta 18 gigas en $7,790. Ok, vos tú te has informado que no me lo podés mandar por WhatsApp, por eso voy a seguir afando. Dale, Pamela, yo hoy te mando un WhatsApp. ¿Me lo envías por WhatsApp? Y yo consulto con las otras líneas restantes y coge cosas, manejando la terapia por los cambios. Dale, dale, yo ahí tengo mis mensajitos y ya tenés mi número. Dale, dale, perfecto, gracias. Buen día, hasta luego. Igualmente, buen día.",
  "calidad": {
    "confianza_promedio": 0.556,
    "metodo_diarizacion": "pausas_fallback",
    "tiempo_procesamiento": 9.3
  },
  "metadata": {
    "modelo": "whisperx_medium",
    "diarizacion": "pausas",
    "dispositivo": "cuda",
    "fecha": "2026-02-18T23:30:36.764636",
    "version": "5.0_ecapa"
  }
}