{
  "archivo": "amza10_1_260209112957312_ACD_27729.wav",
  "duracion_segundos": 101.3,
  "num_segmentos": 32,
  "num_hablantes": 1,
  "hablantes": [
    "Hablante A"
  ],
  "tiempo_por_hablante": {
    "Hablante A": 92.6
  },
  "idioma": "es",
  "conversacion": [
    {
      "hablante": "Hablante A",
      "inicio": 1.5,
      "fin": 9.19,
      "duracion": 7.69,
      "texto": "¿Quién habla?",
      "confianza": 0.538
    },
    {
      "hablante": "Hablante A",
      "inicio": 9.21,
      "fin": 9.83,
      "duracion": 0.62,
      "texto": "¿Quién habla?",
      "confianza": 0.548
    },
    {
      "hablante": "Hablante A",
      "inicio": 9.85,
      "fin": 13.16,
      "duracion": 3.31,
      "texto": "¿Quién habla?",
      "confianza": 0.448
    },
    {
      "hablante": "Hablante A",
      "inicio": 13.24,
      "fin": 14.94,
      "duracion": 1.7,
      "texto": "¿Quién habla?",
      "confianza": 0.512
    },
    {
      "hablante": "Hablante A",
      "inicio": 15.26,
      "fin": 16.74,
      "duracion": 1.48,
      "texto": "¿Quién habla?",
      "confianza": 0.44
    },
    {
      "hablante": "Hablante A",
      "inicio": 16.76,
      "fin": 19.63,
      "duracion": 2.86,
      "texto": "¿Quién habla?",
      "confianza": 0.612
    },
    {
      "hablante": "Hablante A",
      "inicio": 19.65,
      "fin": 22.29,
      "duracion": 2.64,
      "texto": "¿Quién habla?",
      "confianza": 0.572
    },
    {
      "hablante": "Hablante A",
      "inicio": 22.91,
      "fin": 27.34,
      "duracion": 4.43,
      "texto": "No, no, gracias, señorita, gracias.",
      "confianza": 0.482
    },
    {
      "hablante": "Hablante A",
      "inicio": 27.36,
      "fin": 31.73,
      "duracion": 4.37,
      "texto": "Estuve en un hospital y me resultó horrible siempre en movistas.",
      "confianza": 0.351
    },
    {
      "hablante": "Hablante A",
      "inicio": 31.75,
      "fin": 35.83,
      "duracion": 4.09,
      "texto": "Gracias, le agradezco.",
      "confianza": 0.574
    },
    {
      "hablante": "Hablante A",
      "inicio": 35.85,
      "fin": 38.76,
      "duracion": 2.91,
      "texto": "Le agradezco, por favor, no me llames más.",
      "confianza": 0.46
    },
    {
      "hablante": "Hablante A",
      "inicio": 38.78,
      "fin": 41.02,
      "duracion": 2.24,
      "texto": "Tengo cinco llamadas todos los días.",
      "confianza": 0.684
    },
    {
      "hablante": "Hablante A",
      "inicio": 41.4,
      "fin": 45.31,
      "duracion": 3.91,
      "texto": "Por favor, no me llames más que la voy a denunciar en defensa del consumidor.",
      "confianza": 0.489
    },
    {
      "hablante": "Hablante A",
      "inicio": 45.81,
      "fin": 48.09,
      "duracion": 2.28,
      "texto": "Bueno, no me amenaces porque estoy trabajando todo.",
      "confianza": 0.563
    },
    {
      "hablante": "Hablante A",
      "inicio": 48.38,
      "fin": 55.6,
      "duracion": 7.22,
      "texto": "No, sí la amenazo porque no me deja de molestar y estoy de vacaciones y usted me está molestando toda mi vida.",
      "confianza": 0.482
    },
    {
      "hablante": "Hablante A",
      "inicio": 55.62,
      "fin": 64.18,
      "duracion": 8.56,
      "texto": "No, no, tengo todas las cuevas para ir a llamar en defeso de continuidad y en manchalos.",
      "confianza": 0.63
    },
    {
      "hablante": "Hablante A",
      "inicio": 64.2,
      "fin": 66.52,
      "duracion": 2.33,
      "texto": "Todos los días me llaman cinco veces.",
      "confianza": 0.38
    },
    {
      "hablante": "Hablante A",
      "inicio": 66.5,
      "fin": 69.87,
      "duracion": 3.37,
      "texto": "No quiero que nada como esta.",
      "confianza": 0.634
    },
    {
      "hablante": "Hablante A",
      "inicio": 69.89,
      "fin": 70.43,
      "duracion": 0.54,
      "texto": "Basta.",
      "confianza": 0.427
    },
    {
      "hablante": "Hablante A",
      "inicio": 70.45,
      "fin": 71.55,
      "duracion": 1.1,
      "texto": "No, no y no.",
      "confianza": 0.729
    },
    {
      "hablante": "Hablante A",
      "inicio": 71.67,
      "fin": 72.01,
      "duracion": 0.34,
      "texto": "Basta.",
      "confianza": 0.95
    },
    {
      "hablante": "Hablante A",
      "inicio": 72.53,
      "fin": 78.5,
      "duracion": 5.97,
      "texto": "La de voy a desbordar en defensa del consumidor porque este es hostigamiento, señorita.",
      "confianza": 0.61
    },
    {
      "hablante": "Hablante A",
      "inicio": 79.74,
      "fin": 80.86,
      "duracion": 1.12,
      "texto": "Hostigamiento.",
      "confianza": 0.313
    },
    {
      "hablante": "Hablante A",
      "inicio": 80.88,
      "fin": 83.01,
      "duracion": 2.12,
      "texto": "Bueno, lea la ley de defensa del consumidor.",
      "confianza": 0.45
    },
    {
      "hablante": "Hablante A",
      "inicio": 83.79,
      "fin": 85.85,
      "duracion": 2.06,
      "texto": "Lea la ley de defensa del consumidor.",
      "confianza": 0.342
    },
    {
      "hablante": "Hablante A",
      "inicio": 86.21,
      "fin": 87.83,
      "duracion": 1.62,
      "texto": "Hostigamiento.",
      "confianza": 0.544
    },
    {
      "hablante": "Hablante A",
      "inicio": 88.17,
      "fin": 90.46,
      "duracion": 2.28,
      "texto": "Le vamos a pagar una multa.",
      "confianza": 0.515
    },
    {
      "hablante": "Hablante A",
      "inicio": 90.48,
      "fin": 93.84,
      "duracion": 3.36,
      "texto": "Está deteniendo la lista de todas las personas que me llaman.",
      "confianza": 0.442
    },
    {
      "hablante": "Hablante A",
      "inicio": 93.88,
      "fin": 95.22,
      "duracion": 1.34,
      "texto": "Bueno, perfecto.",
      "confianza": 0.606
    },
    {
      "hablante": "Hablante A",
      "inicio": 95.26,
      "fin": 95.98,
      "duracion": 0.72,
      "texto": "Que tengas buen día.",
      "confianza": 0.652
    },
    {
      "hablante": "Hablante A",
      "inicio": 97.27,
      "fin": 99.28,
      "duracion": 2.02,
      "texto": "No, pésimo día con usted.",
      "confianza": 0.639
    },
    {
      "hablante": "Hablante A",
      "inicio": 99.3,
      "fin": 101.3,
      "duracion": 2.0,
      "texto": "No hace falta que lo merite, que tenga buen día, chao.",
      "confianza": 0.505
    }
  ],
  "transcripcion_completa": "¿Quién habla? ¿Quién habla? ¿Quién habla? ¿Quién habla? ¿Quién habla? ¿Quién habla? ¿Quién habla? No, no, gracias, señorita, gracias. Estuve en un hospital y me resultó horrible siempre en movistas. Gracias, le agradezco. Le agradezco, por favor, no me llames más. Tengo cinco llamadas todos los días. Por favor, no me llames más que la voy a denunciar en defensa del consumidor. Bueno, no me amenaces porque estoy trabajando todo. No, sí la amenazo porque no me deja de molestar y estoy de vacaciones y usted me está molestando toda mi vida. No, no, tengo todas las cuevas para ir a llamar en defeso de continuidad y en manchalos. Todos los días me llaman cinco veces. No quiero que nada como esta. Basta. No, no y no. Basta. La de voy a desbordar en defensa del consumidor porque este es hostigamiento, señorita. Hostigamiento. Bueno, lea la ley de defensa del consumidor. Lea la ley de defensa del consumidor. Hostigamiento. Le vamos a pagar una multa. Está deteniendo la lista de todas las personas que me llaman. Bueno, perfecto. Que tengas buen día. No, pésimo día con usted. No hace falta que lo merite, que tenga buen día, chao.",
  "calidad": {
    "confianza_promedio": 0.535,
    "metodo_diarizacion": "pausas_fallback",
    "tiempo_procesamiento": 8.3
  },
  "metadata": {
    "modelo": "whisperx_medium",
    "diarizacion": "pausas",
    "dispositivo": "cuda",
    "fecha": "2026-02-18T22:28:23.144286",
    "version": "5.0_ecapa"
  }
}