{
  "archivo": "amza14_1_260219115326528_ACD_58727.wav",
  "duracion_segundos": 62.07,
  "num_segmentos": 22,
  "num_hablantes": 2,
  "hablantes": [
    "Hablante A",
    "Hablante B"
  ],
  "tiempo_por_hablante": {
    "Hablante A": 14.22,
    "Hablante B": 36.06
  },
  "idioma": "es",
  "conversacion": [
    {
      "hablante": "Hablante A",
      "inicio": 0.03,
      "fin": 5.2,
      "duracion": 5.17,
      "texto": "Hola, buen día.",
      "confianza": 0.206
    },
    {
      "hablante": "Hablante A",
      "inicio": 5.22,
      "fin": 5.52,
      "duracion": 0.3,
      "texto": "Hablo con Juan.",
      "confianza": 0.032
    },
    {
      "hablante": "Hablante A",
      "inicio": 5.54,
      "fin": 6.1,
      "duracion": 0.56,
      "texto": "¿Cómo le va?",
      "confianza": 0.458
    },
    {
      "hablante": "Hablante A",
      "inicio": 6.12,
      "fin": 6.42,
      "duracion": 0.3,
      "texto": "Un gusto.",
      "confianza": 0.778
    },
    {
      "hablante": "Hablante A",
      "inicio": 6.48,
      "fin": 7.26,
      "duracion": 0.78,
      "texto": "Mi nombre es Bruno.",
      "confianza": 0.647
    },
    {
      "hablante": "Hablante A",
      "inicio": 7.3,
      "fin": 10.33,
      "duracion": 3.03,
      "texto": "Me estaba comunicando desde el área de recuperar clientes Movistar.",
      "confianza": 0.653
    },
    {
      "hablante": "Hablante A",
      "inicio": 11.41,
      "fin": 13.41,
      "duracion": 2.0,
      "texto": "Tenemos una promo disponible para su línea.",
      "confianza": 0.867
    },
    {
      "hablante": "Hablante B",
      "inicio": 15.3,
      "fin": 19.12,
      "duracion": 3.83,
      "texto": "Actualmente tiene claro.",
      "confianza": 0.813
    },
    {
      "hablante": "Hablante B",
      "inicio": 19.14,
      "fin": 19.21,
      "duracion": 0.06,
      "texto": "Sí.",
      "confianza": 0.148
    },
    {
      "hablante": "Hablante B",
      "inicio": 19.23,
      "fin": 19.79,
      "duracion": 0.56,
      "texto": "Bien, Juan.",
      "confianza": 0.742
    },
    {
      "hablante": "Hablante B",
      "inicio": 19.81,
      "fin": 22.83,
      "duracion": 3.03,
      "texto": "Nosotros el día de hoy tenemos una promoción del 80 por ciento.",
      "confianza": 0.583
    },
    {
      "hablante": "Hablante B",
      "inicio": 23.08,
      "fin": 28.15,
      "duracion": 5.07,
      "texto": "Es un plan, el más básico que tengo son cuatro gigas de base y diez gigas de regalo.",
      "confianza": 0.801
    },
    {
      "hablante": "Hablante B",
      "inicio": 28.17,
      "fin": 31.45,
      "duracion": 3.29,
      "texto": "WhatsApp gratis a hablarle a cualquier compañía en 7.780.",
      "confianza": 0.563
    },
    {
      "hablante": "Hablante B",
      "inicio": 31.47,
      "fin": 38.26,
      "duracion": 6.79,
      "texto": "¿Usted qué cantidad de gigas ocupa o tiene actualmente?",
      "confianza": 0.633
    },
    {
      "hablante": "Hablante B",
      "inicio": 38.28,
      "fin": 39.7,
      "duracion": 1.42,
      "texto": "Los siete más diez gratis.",
      "confianza": 0.251
    },
    {
      "hablante": "Hablante B",
      "inicio": 39.73,
      "fin": 41.29,
      "duracion": 1.56,
      "texto": "Bien, ¿y cuánto estás pagando?",
      "confianza": 0.694
    },
    {
      "hablante": "Hablante A",
      "inicio": 47.5,
      "fin": 49.58,
      "duracion": 2.08,
      "texto": "11 mil y pico de eso, pero ustedes han portado muy mal conmigo.",
      "confianza": 0.06
    },
    {
      "hablante": "Hablante B",
      "inicio": 51.25,
      "fin": 52.53,
      "duracion": 1.28,
      "texto": "¿Qué pasó, Juan?",
      "confianza": 0.541
    },
    {
      "hablante": "Hablante B",
      "inicio": 52.55,
      "fin": 53.62,
      "duracion": 1.06,
      "texto": "¿Qué problema tuvo?",
      "confianza": 0.354
    },
    {
      "hablante": "Hablante B",
      "inicio": 53.92,
      "fin": 60.16,
      "duracion": 6.24,
      "texto": "Justamente me dieron una promoción y al tiempito me grabaron y ahora tengo que pagar 25.",
      "confianza": 0.692
    },
    {
      "hablante": "Hablante B",
      "inicio": 60.18,
      "fin": 61.55,
      "duracion": 1.37,
      "texto": "Bueno, chau.",
      "confianza": 0.342
    },
    {
      "hablante": "Hablante B",
      "inicio": 61.56,
      "fin": 62.07,
      "duracion": 0.5,
      "texto": "Nos vemos.",
      "confianza": 0.573
    }
  ],
  "transcripcion_completa": "Hola, buen día. Hablo con Juan. ¿Cómo le va? Un gusto. Mi nombre es Bruno. Me estaba comunicando desde el área de recuperar clientes Movistar. Tenemos una promo disponible para su línea. Actualmente tiene claro. Sí. Bien, Juan. Nosotros el día de hoy tenemos una promoción del 80 por ciento. Es un plan, el más básico que tengo son cuatro gigas de base y diez gigas de regalo. WhatsApp gratis a hablarle a cualquier compañía en 7.780. ¿Usted qué cantidad de gigas ocupa o tiene actualmente? Los siete más diez gratis. Bien, ¿y cuánto estás pagando? 11 mil y pico de eso, pero ustedes han portado muy mal conmigo. ¿Qué pasó, Juan? ¿Qué problema tuvo? Justamente me dieron una promoción y al tiempito me grabaron y ahora tengo que pagar 25. Bueno, chau. Nos vemos.",
  "calidad": {
    "confianza_promedio": 0.52,
    "metodo_diarizacion": "pausas_fallback",
    "tiempo_procesamiento": 6.8
  },
  "metadata": {
    "modelo": "whisperx_medium",
    "diarizacion": "pausas",
    "dispositivo": "cuda",
    "fecha": "2026-02-21T13:41:29.011608",
    "version": "5.0_ecapa"
  }
}