{
  "archivo": "amza12_1_260209143926072_ACD_27301.wav",
  "duracion_segundos": 63.08,
  "num_segmentos": 21,
  "num_hablantes": 2,
  "hablantes": [
    "Hablante A",
    "Hablante B"
  ],
  "tiempo_por_hablante": {
    "Hablante A": 7.29,
    "Hablante B": 49.55
  },
  "idioma": "es",
  "conversacion": [
    {
      "hablante": "Hablante A",
      "inicio": 0.32,
      "fin": 5.85,
      "duracion": 5.53,
      "texto": "Hola, buenos días.",
      "confianza": 0.233
    },
    {
      "hablante": "Hablante A",
      "inicio": 5.87,
      "fin": 6.05,
      "duracion": 0.18,
      "texto": "Buen día.",
      "confianza": 0.027
    },
    {
      "hablante": "Hablante A",
      "inicio": 6.07,
      "fin": 6.57,
      "duracion": 0.5,
      "texto": "¿Cómo le va?",
      "confianza": 0.526
    },
    {
      "hablante": "Hablante A",
      "inicio": 6.59,
      "fin": 7.67,
      "duracion": 1.08,
      "texto": "¿Me comunico con Óscar?",
      "confianza": 0.707
    },
    {
      "hablante": "Hablante B",
      "inicio": 9.99,
      "fin": 12.0,
      "duracion": 2.0,
      "texto": "No, no se encuentra.",
      "confianza": 0.174
    },
    {
      "hablante": "Hablante B",
      "inicio": 12.02,
      "fin": 12.32,
      "duracion": 0.3,
      "texto": "¿Tiene cositas?",
      "confianza": 0.014
    },
    {
      "hablante": "Hablante B",
      "inicio": 12.34,
      "fin": 13.08,
      "duracion": 0.74,
      "texto": "No, ella está de este lado.",
      "confianza": 0.234
    },
    {
      "hablante": "Hablante B",
      "inicio": 13.1,
      "fin": 13.56,
      "duracion": 0.46,
      "texto": "¿Cómo está?",
      "confianza": 0.696
    },
    {
      "hablante": "Hablante B",
      "inicio": 14.18,
      "fin": 16.12,
      "duracion": 1.94,
      "texto": "Espero brindarte un beneficio en tu línea.",
      "confianza": 0.652
    },
    {
      "hablante": "Hablante B",
      "inicio": 16.14,
      "fin": 23.59,
      "duracion": 7.45,
      "texto": "Me asegura que actualmente está en clara y tenemos un 80% de descuento para la línea.",
      "confianza": 0.722
    },
    {
      "hablante": "Hablante B",
      "inicio": 23.61,
      "fin": 25.4,
      "duracion": 1.78,
      "texto": "¿Vos me hablás de qué empresa?",
      "confianza": 0.305
    },
    {
      "hablante": "Hablante B",
      "inicio": 25.42,
      "fin": 26.68,
      "duracion": 1.26,
      "texto": "De Movistar, me comunico.",
      "confianza": 0.727
    },
    {
      "hablante": "Hablante B",
      "inicio": 27.35,
      "fin": 31.56,
      "duracion": 4.2,
      "texto": "Ah, mira, por el momento no nos vamos a pasar de línea.",
      "confianza": 0.78
    },
    {
      "hablante": "Hablante B",
      "inicio": 31.58,
      "fin": 34.24,
      "duracion": 2.66,
      "texto": "¿Por qué razon no me interesa?",
      "confianza": 0.385
    },
    {
      "hablante": "Hablante B",
      "inicio": 34.26,
      "fin": 36.56,
      "duracion": 2.3,
      "texto": "No, porque me sale más caro.",
      "confianza": 0.629
    },
    {
      "hablante": "Hablante B",
      "inicio": 36.58,
      "fin": 38.24,
      "duracion": 1.66,
      "texto": "¿Cuánto estás pagando en clara actualmente?",
      "confianza": 0.353
    },
    {
      "hablante": "Hablante B",
      "inicio": 39.27,
      "fin": 46.15,
      "duracion": 6.89,
      "texto": "En su momento lo pedí y no me lo dieron, entonces me tuve que ir a la compañía que me ha facilitado.",
      "confianza": 0.631
    },
    {
      "hablante": "Hablante B",
      "inicio": 46.29,
      "fin": 48.58,
      "duracion": 2.28,
      "texto": "Claro, eso lo entiendo.",
      "confianza": 0.462
    },
    {
      "hablante": "Hablante B",
      "inicio": 48.6,
      "fin": 50.56,
      "duracion": 1.96,
      "texto": "¿Usted actualmente en clara cuánto abona?",
      "confianza": 0.76
    },
    {
      "hablante": "Hablante B",
      "inicio": 51.28,
      "fin": 62.34,
      "duracion": 11.05,
      "texto": "No, por el momento no estoy en el trabajo, no te puedo hablar mucho, pero por el momento no nos vamos a pasar a movistar.",
      "confianza": 0.785
    },
    {
      "hablante": "Hablante B",
      "inicio": 62.46,
      "fin": 63.08,
      "duracion": 0.62,
      "texto": "Te agradezco.",
      "confianza": 0.4
    }
  ],
  "transcripcion_completa": "Hola, buenos días. Buen día. ¿Cómo le va? ¿Me comunico con Óscar? No, no se encuentra. ¿Tiene cositas? No, ella está de este lado. ¿Cómo está? Espero brindarte un beneficio en tu línea. Me asegura que actualmente está en clara y tenemos un 80% de descuento para la línea. ¿Vos me hablás de qué empresa? De Movistar, me comunico. Ah, mira, por el momento no nos vamos a pasar de línea. ¿Por qué razon no me interesa? No, porque me sale más caro. ¿Cuánto estás pagando en clara actualmente? En su momento lo pedí y no me lo dieron, entonces me tuve que ir a la compañía que me ha facilitado. Claro, eso lo entiendo. ¿Usted actualmente en clara cuánto abona? No, por el momento no estoy en el trabajo, no te puedo hablar mucho, pero por el momento no nos vamos a pasar a movistar. Te agradezco.",
  "calidad": {
    "confianza_promedio": 0.486,
    "metodo_diarizacion": "pausas_fallback",
    "tiempo_procesamiento": 7.5
  },
  "metadata": {
    "modelo": "whisperx_medium",
    "diarizacion": "pausas",
    "dispositivo": "cuda",
    "fecha": "2026-02-18T22:59:19.783572",
    "version": "5.0_ecapa"
  }
}