{
  "archivo": "amza10_1_260209132017054_ACD_89197.wav",
  "duracion_segundos": 61.09,
  "num_segmentos": 29,
  "num_hablantes": 2,
  "hablantes": [
    "Hablante A",
    "Hablante B"
  ],
  "tiempo_por_hablante": {
    "Hablante A": 40.23,
    "Hablante B": 13.2
  },
  "idioma": "es",
  "conversacion": [
    {
      "hablante": "Hablante A",
      "inicio": 0.03,
      "fin": 4.43,
      "duracion": 4.4,
      "texto": "Hola, ¿buen día?",
      "confianza": 0.064
    },
    {
      "hablante": "Hablante A",
      "inicio": 4.46,
      "fin": 4.96,
      "duracion": 0.5,
      "texto": "Buen día, ¿quién habla?",
      "confianza": 0.201
    },
    {
      "hablante": "Hablante A",
      "inicio": 4.98,
      "fin": 5.74,
      "duracion": 0.76,
      "texto": "¿Cómo estás, Lourdes?",
      "confianza": 0.228
    },
    {
      "hablante": "Hablante A",
      "inicio": 5.76,
      "fin": 6.4,
      "duracion": 0.64,
      "texto": "Hablo de este lado.",
      "confianza": 0.524
    },
    {
      "hablante": "Hablante A",
      "inicio": 6.94,
      "fin": 9.76,
      "duracion": 2.82,
      "texto": "Llamada para brindarte lo que es una bonificación en tu línea.",
      "confianza": 0.713
    },
    {
      "hablante": "Hablante A",
      "inicio": 9.8,
      "fin": 14.95,
      "duracion": 5.14,
      "texto": "Estás en clara, ¿correcto?",
      "confianza": 0.397
    },
    {
      "hablante": "Hablante A",
      "inicio": 14.96,
      "fin": 15.04,
      "duracion": 0.08,
      "texto": "Ajá.",
      "confianza": 0.071
    },
    {
      "hablante": "Hablante A",
      "inicio": 15.06,
      "fin": 22.39,
      "duracion": 7.33,
      "texto": "Bien, nosotros queríamos brindarte un plan que tenemos con un 80% descuento que te queda en 10.720 pesos, ¿sí?",
      "confianza": 0.743
    },
    {
      "hablante": "Hablante A",
      "inicio": 22.41,
      "fin": 25.55,
      "duracion": 3.14,
      "texto": "Son 8 rebates y es real lo que tenemos por 6 meses.",
      "confianza": 0.636
    },
    {
      "hablante": "Hablante A",
      "inicio": 25.88,
      "fin": 28.32,
      "duracion": 2.44,
      "texto": "Compañías con 18 gigas en total, ¿sí?",
      "confianza": 0.63
    },
    {
      "hablante": "Hablante A",
      "inicio": 28.89,
      "fin": 31.45,
      "duracion": 2.56,
      "texto": "Esta oferta, bueno, es solamente para los clientes de Claro.",
      "confianza": 0.661
    },
    {
      "hablante": "Hablante A",
      "inicio": 31.59,
      "fin": 32.71,
      "duracion": 1.12,
      "texto": "Sí, sería portabilidad.",
      "confianza": 0.459
    },
    {
      "hablante": "Hablante A",
      "inicio": 33.15,
      "fin": 34.81,
      "duracion": 1.66,
      "texto": "No sé exactamente en qué planta tenés en Claro.",
      "confianza": 0.478
    },
    {
      "hablante": "Hablante A",
      "inicio": 35.99,
      "fin": 36.67,
      "duracion": 0.68,
      "texto": "No, nosotros no.",
      "confianza": 0.319
    },
    {
      "hablante": "Hablante A",
      "inicio": 36.69,
      "fin": 36.95,
      "duracion": 0.26,
      "texto": "Claro.",
      "confianza": 0.906
    },
    {
      "hablante": "Hablante A",
      "inicio": 37.31,
      "fin": 40.26,
      "duracion": 2.94,
      "texto": "Dice la portabilidad también.",
      "confianza": 0.599
    },
    {
      "hablante": "Hablante A",
      "inicio": 40.28,
      "fin": 40.54,
      "duracion": 0.26,
      "texto": "Claro, claro.",
      "confianza": 0.033
    },
    {
      "hablante": "Hablante A",
      "inicio": 40.56,
      "fin": 41.52,
      "duracion": 0.96,
      "texto": "Esto es de Movistar.",
      "confianza": 0.818
    },
    {
      "hablante": "Hablante A",
      "inicio": 41.78,
      "fin": 43.54,
      "duracion": 1.76,
      "texto": "La oferta es para los clientes de Claro.",
      "confianza": 0.743
    },
    {
      "hablante": "Hablante A",
      "inicio": 43.8,
      "fin": 44.58,
      "duracion": 0.78,
      "texto": "Por eso te consulto.",
      "confianza": 0.543
    },
    {
      "hablante": "Hablante B",
      "inicio": 46.34,
      "fin": 47.87,
      "duracion": 1.52,
      "texto": "Ah, ustedes no están...",
      "confianza": 0.29
    },
    {
      "hablante": "Hablante B",
      "inicio": 47.88,
      "fin": 49.03,
      "duracion": 1.14,
      "texto": "No, está bien.",
      "confianza": 0.128
    },
    {
      "hablante": "Hablante B",
      "inicio": 49.05,
      "fin": 49.39,
      "duracion": 0.34,
      "texto": "Gracias, también.",
      "confianza": 0.012
    },
    {
      "hablante": "Hablante B",
      "inicio": 49.41,
      "fin": 49.67,
      "duracion": 0.26,
      "texto": "Bien.",
      "confianza": 0.518
    },
    {
      "hablante": "Hablante B",
      "inicio": 49.69,
      "fin": 50.85,
      "duracion": 1.16,
      "texto": "¿Has tenido alguna mala experiencia?",
      "confianza": 0.507
    },
    {
      "hablante": "Hablante B",
      "inicio": 50.87,
      "fin": 52.85,
      "duracion": 1.98,
      "texto": "¿Por qué motivó a no estarías interesado?",
      "confianza": 0.633
    },
    {
      "hablante": "Hablante B",
      "inicio": 53.47,
      "fin": 56.95,
      "duracion": 3.48,
      "texto": "Sí, tuve mala experiencia con Movistar dos veces y con los amigos de la música.",
      "confianza": 0.441
    },
    {
      "hablante": "Hablante B",
      "inicio": 57.74,
      "fin": 60.44,
      "duracion": 2.7,
      "texto": "No sé qué.",
      "confianza": 0.307
    },
    {
      "hablante": "Hablante B",
      "inicio": 60.46,
      "fin": 61.09,
      "duracion": 0.62,
      "texto": "Gracias.",
      "confianza": 0.39
    }
  ],
  "transcripcion_completa": "Hola, ¿buen día? Buen día, ¿quién habla? ¿Cómo estás, Lourdes? Hablo de este lado. Llamada para brindarte lo que es una bonificación en tu línea. Estás en clara, ¿correcto? Ajá. Bien, nosotros queríamos brindarte un plan que tenemos con un 80% descuento que te queda en 10.720 pesos, ¿sí? Son 8 rebates y es real lo que tenemos por 6 meses. Compañías con 18 gigas en total, ¿sí? Esta oferta, bueno, es solamente para los clientes de Claro. Sí, sería portabilidad. No sé exactamente en qué planta tenés en Claro. No, nosotros no. Claro. Dice la portabilidad también. Claro, claro. Esto es de Movistar. La oferta es para los clientes de Claro. Por eso te consulto. Ah, ustedes no están... No, está bien. Gracias, también. Bien. ¿Has tenido alguna mala experiencia? ¿Por qué motivó a no estarías interesado? Sí, tuve mala experiencia con Movistar dos veces y con los amigos de la música. No sé qué. Gracias.",
  "calidad": {
    "confianza_promedio": 0.448,
    "metodo_diarizacion": "pausas_fallback",
    "tiempo_procesamiento": 8.1
  },
  "metadata": {
    "modelo": "whisperx_medium",
    "diarizacion": "pausas",
    "dispositivo": "cuda",
    "fecha": "2026-02-18T22:29:52.805425",
    "version": "5.0_ecapa"
  }
}