{
  "archivo": "amza13_1_260211115707823_ACD_14277.wav",
  "duracion_segundos": 74.37,
  "num_segmentos": 31,
  "num_hablantes": 2,
  "hablantes": [
    "Hablante A",
    "Hablante B"
  ],
  "tiempo_por_hablante": {
    "Hablante B": 21.28,
    "Hablante A": 34.02
  },
  "idioma": "es",
  "conversacion": [
    {
      "hablante": "Hablante B",
      "inicio": 2.26,
      "fin": 3.88,
      "duracion": 1.62,
      "texto": "Buen día a los nacionales, Patricia.",
      "confianza": 0.252
    },
    {
      "hablante": "Hablante A",
      "inicio": 6.04,
      "fin": 6.1,
      "duracion": 0.06,
      "texto": "Sí.",
      "confianza": 0.081
    },
    {
      "hablante": "Hablante A",
      "inicio": 6.12,
      "fin": 6.5,
      "duracion": 0.38,
      "texto": "¿Qué tal?",
      "confianza": 0.7
    },
    {
      "hablante": "Hablante A",
      "inicio": 6.54,
      "fin": 6.9,
      "duracion": 0.36,
      "texto": "Un gusto.",
      "confianza": 0.766
    },
    {
      "hablante": "Hablante A",
      "inicio": 6.92,
      "fin": 7.62,
      "duracion": 0.7,
      "texto": "Mi nombre es Rodrigo.",
      "confianza": 0.499
    },
    {
      "hablante": "Hablante A",
      "inicio": 7.64,
      "fin": 8.71,
      "duracion": 1.06,
      "texto": "¿Cómo le van el día de hoy?",
      "confianza": 0.662
    },
    {
      "hablante": "Hablante A",
      "inicio": 8.72,
      "fin": 9.09,
      "duracion": 0.36,
      "texto": "¿Todo bien?",
      "confianza": 0.529
    },
    {
      "hablante": "Hablante B",
      "inicio": 11.27,
      "fin": 11.41,
      "duracion": 0.14,
      "texto": "Sí, sí.",
      "confianza": 0.016
    },
    {
      "hablante": "Hablante B",
      "inicio": 11.43,
      "fin": 11.67,
      "duracion": 0.24,
      "texto": "Bien, bien.",
      "confianza": 0.115
    },
    {
      "hablante": "Hablante B",
      "inicio": 11.69,
      "fin": 13.93,
      "duracion": 2.24,
      "texto": "Nos estamos comunicando del área de beneficio de movilizar.",
      "confianza": 0.519
    },
    {
      "hablante": "Hablante B",
      "inicio": 14.27,
      "fin": 19.07,
      "duracion": 4.8,
      "texto": "Tenemos para vender lo que es un plan de 18 GB en 8.047 pesos.",
      "confianza": 0.768
    },
    {
      "hablante": "Hablante A",
      "inicio": 21.5,
      "fin": 21.58,
      "duracion": 0.08,
      "texto": "Ajá.",
      "confianza": 0.002
    },
    {
      "hablante": "Hablante A",
      "inicio": 21.6,
      "fin": 23.86,
      "duracion": 2.26,
      "texto": "Esto es una descuenta exclusiva para los clientes de Claro.",
      "confianza": 0.464
    },
    {
      "hablante": "Hablante A",
      "inicio": 24.5,
      "fin": 26.6,
      "duracion": 2.1,
      "texto": "Es una presencia en la que uno tendría el mismo número.",
      "confianza": 0.412
    },
    {
      "hablante": "Hablante A",
      "inicio": 26.88,
      "fin": 28.66,
      "duracion": 1.78,
      "texto": "En ningún momento se quedaría incomunicada.",
      "confianza": 0.682
    },
    {
      "hablante": "Hablante A",
      "inicio": 29.45,
      "fin": 31.39,
      "duracion": 1.94,
      "texto": "Y le enviaremos el chip al domicilio.",
      "confianza": 0.665
    },
    {
      "hablante": "Hablante A",
      "inicio": 32.47,
      "fin": 38.53,
      "duracion": 6.07,
      "texto": "Mira, yo ahora estoy trabajando.",
      "confianza": 0.229
    },
    {
      "hablante": "Hablante A",
      "inicio": 38.55,
      "fin": 42.64,
      "duracion": 4.09,
      "texto": "Claro, tengo que decirle a Patricia que ella me llamaba muy rápido para no quitarle tiempo.",
      "confianza": 0.587
    },
    {
      "hablante": "Hablante B",
      "inicio": 44.14,
      "fin": 49.1,
      "duracion": 4.97,
      "texto": "Sí, pero trabajo en un hospital.",
      "confianza": 0.064
    },
    {
      "hablante": "Hablante B",
      "inicio": 49.12,
      "fin": 49.38,
      "duracion": 0.26,
      "texto": "Claro, claro.",
      "confianza": 0.0
    },
    {
      "hablante": "Hablante B",
      "inicio": 49.4,
      "fin": 50.02,
      "duracion": 0.62,
      "texto": "Es un pasillo y todos me paran.",
      "confianza": 0.006
    },
    {
      "hablante": "Hablante B",
      "inicio": 50.04,
      "fin": 51.34,
      "duracion": 1.3,
      "texto": "La una consulta a Patricia.",
      "confianza": 0.694
    },
    {
      "hablante": "Hablante B",
      "inicio": 51.73,
      "fin": 56.81,
      "duracion": 5.09,
      "texto": "¿Quiere que le deje las promos vía WhatsApp o le parece que realicemos el trámite ahora que son solamente dos minutitos?",
      "confianza": 0.738
    },
    {
      "hablante": "Hablante A",
      "inicio": 59.87,
      "fin": 60.84,
      "duracion": 0.96,
      "texto": "No, no, no, no puedo, estoy por abrir una bolsa.",
      "confianza": 0.019
    },
    {
      "hablante": "Hablante A",
      "inicio": 60.98,
      "fin": 63.85,
      "duracion": 2.87,
      "texto": "y tenemos que hablar con una persona que está dentro.",
      "confianza": 0.589
    },
    {
      "hablante": "Hablante A",
      "inicio": 63.87,
      "fin": 65.53,
      "duracion": 1.66,
      "texto": "Mantenme la promoción.",
      "confianza": 0.331
    },
    {
      "hablante": "Hablante A",
      "inicio": 65.55,
      "fin": 66.31,
      "duracion": 0.76,
      "texto": "Perfecto.",
      "confianza": 0.434
    },
    {
      "hablante": "Hablante A",
      "inicio": 66.33,
      "fin": 69.72,
      "duracion": 3.39,
      "texto": "Mi nombre es Rodrigo Patricia, le voy a dejar todo por WhatsApp, escrito, ¿sí?",
      "confianza": 0.483
    },
    {
      "hablante": "Hablante A",
      "inicio": 71.18,
      "fin": 72.84,
      "duracion": 1.66,
      "texto": "Bueno, bueno.",
      "confianza": 0.62
    },
    {
      "hablante": "Hablante A",
      "inicio": 72.86,
      "fin": 73.47,
      "duracion": 0.6,
      "texto": "Gracias.",
      "confianza": 0.357
    },
    {
      "hablante": "Hablante A",
      "inicio": 73.49,
      "fin": 74.37,
      "duracion": 0.88,
      "texto": "Hasta luego.",
      "confianza": 0.744
    }
  ],
  "transcripcion_completa": "Buen día a los nacionales, Patricia. Sí. ¿Qué tal? Un gusto. Mi nombre es Rodrigo. ¿Cómo le van el día de hoy? ¿Todo bien? Sí, sí. Bien, bien. Nos estamos comunicando del área de beneficio de movilizar. Tenemos para vender lo que es un plan de 18 GB en 8.047 pesos. Ajá. Esto es una descuenta exclusiva para los clientes de Claro. Es una presencia en la que uno tendría el mismo número. En ningún momento se quedaría incomunicada. Y le enviaremos el chip al domicilio. Mira, yo ahora estoy trabajando. Claro, tengo que decirle a Patricia que ella me llamaba muy rápido para no quitarle tiempo. Sí, pero trabajo en un hospital. Claro, claro. Es un pasillo y todos me paran. La una consulta a Patricia. ¿Quiere que le deje las promos vía WhatsApp o le parece que realicemos el trámite ahora que son solamente dos minutitos? No, no, no, no puedo, estoy por abrir una bolsa. y tenemos que hablar con una persona que está dentro. Mantenme la promoción. Perfecto. Mi nombre es Rodrigo Patricia, le voy a dejar todo por WhatsApp, escrito, ¿sí? Bueno, bueno. Gracias. Hasta luego.",
  "calidad": {
    "confianza_promedio": 0.434,
    "metodo_diarizacion": "pausas_fallback",
    "tiempo_procesamiento": 8.0
  },
  "metadata": {
    "modelo": "whisperx_medium",
    "diarizacion": "pausas",
    "dispositivo": "cuda",
    "fecha": "2026-02-18T23:21:28.102848",
    "version": "5.0_ecapa"
  }
}