{
  "archivo": "amza14_1_260218113229454_MIT_01993.wav",
  "duracion_segundos": 172.12,
  "num_segmentos": 30,
  "num_hablantes": 2,
  "hablantes": [
    "Hablante A",
    "Hablante B"
  ],
  "tiempo_por_hablante": {
    "Hablante B": 58.7,
    "Hablante A": 80.21
  },
  "idioma": "es",
  "conversacion": [
    {
      "hablante": "Hablante B",
      "inicio": 13.11,
      "fin": 16.47,
      "duracion": 3.36,
      "texto": "Hola, sí.",
      "confianza": 0.264
    },
    {
      "hablante": "Hablante B",
      "inicio": 16.49,
      "fin": 18.21,
      "duracion": 1.72,
      "texto": "Bruno, ¿cómo estás?",
      "confianza": 0.61
    },
    {
      "hablante": "Hablante B",
      "inicio": 18.23,
      "fin": 21.96,
      "duracion": 3.72,
      "texto": "Disculpa que recién te llamé y me dio el contestador, por eso volví a llamar.",
      "confianza": 0.619
    },
    {
      "hablante": "Hablante A",
      "inicio": 25.5,
      "fin": 26.32,
      "duracion": 0.82,
      "texto": "Te hago una consulta.",
      "confianza": 0.795
    },
    {
      "hablante": "Hablante A",
      "inicio": 26.5,
      "fin": 32.59,
      "duracion": 6.09,
      "texto": "No sé si este Gmail que tengo en el sistema es el que tenés actualmente, jasmaniprado3.com.",
      "confianza": 0.638
    },
    {
      "hablante": "Hablante A",
      "inicio": 32.61,
      "fin": 34.17,
      "duracion": 1.56,
      "texto": "No sé si ese es correcto.",
      "confianza": 0.626
    },
    {
      "hablante": "Hablante A",
      "inicio": 35.25,
      "fin": 36.35,
      "duracion": 1.1,
      "texto": "Correcto.",
      "confianza": 0.796
    },
    {
      "hablante": "Hablante A",
      "inicio": 36.37,
      "fin": 36.95,
      "duracion": 0.58,
      "texto": "Bien, genial.",
      "confianza": 0.749
    },
    {
      "hablante": "Hablante A",
      "inicio": 36.97,
      "fin": 38.27,
      "duracion": 1.3,
      "texto": "Entonces, dejamos ese mismo.",
      "confianza": 0.749
    },
    {
      "hablante": "Hablante A",
      "inicio": 38.73,
      "fin": 42.04,
      "duracion": 3.3,
      "texto": "Por ahí mismo te va a llegar lo que es el QR del SIM.",
      "confianza": 0.691
    },
    {
      "hablante": "Hablante A",
      "inicio": 42.91,
      "fin": 52.95,
      "duracion": 10.04,
      "texto": "Jasmany, voy a enviarte el mensaje de portabilidad.",
      "confianza": 0.794
    },
    {
      "hablante": "Hablante A",
      "inicio": 53.15,
      "fin": 56.63,
      "duracion": 3.48,
      "texto": "Eso es para que vos mantengas el mismo número pasándote de una compañía a otra.",
      "confianza": 0.747
    },
    {
      "hablante": "Hablante B",
      "inicio": 58.23,
      "fin": 62.84,
      "duracion": 4.61,
      "texto": "Esto va a llegar desde un mensaje común, para el prestación que es Movistar.",
      "confianza": 0.257
    },
    {
      "hablante": "Hablante B",
      "inicio": 63.54,
      "fin": 68.71,
      "duracion": 5.17,
      "texto": "Esto voy a necesitar que me pases una captura por WhatsApp.",
      "confianza": 0.52
    },
    {
      "hablante": "Hablante B",
      "inicio": 68.75,
      "fin": 71.21,
      "duracion": 2.46,
      "texto": "Una captura de ese mensajito que te voy a enviar.",
      "confianza": 0.655
    },
    {
      "hablante": "Hablante B",
      "inicio": 71.43,
      "fin": 88.58,
      "duracion": 17.15,
      "texto": "Ahí te lo envío y vos verificarás si te llega, ¿sí?",
      "confianza": 0.547
    },
    {
      "hablante": "Hablante B",
      "inicio": 88.61,
      "fin": 94.14,
      "duracion": 5.53,
      "texto": "Únicamente tenés esta línea, ¿verdad?",
      "confianza": 0.825
    },
    {
      "hablante": "Hablante B",
      "inicio": 94.16,
      "fin": 94.26,
      "duracion": 0.1,
      "texto": "Bien.",
      "confianza": 0.2
    },
    {
      "hablante": "Hablante A",
      "inicio": 97.99,
      "fin": 99.85,
      "duracion": 1.86,
      "texto": "Bien, ahí el mensajito está enviado.",
      "confianza": 0.651
    },
    {
      "hablante": "Hablante A",
      "inicio": 99.91,
      "fin": 120.75,
      "duracion": 20.84,
      "texto": "Si puedes verificar en los mensajes de texto si te llegó, genial.",
      "confianza": 0.738
    },
    {
      "hablante": "Hablante A",
      "inicio": 120.79,
      "fin": 125.08,
      "duracion": 4.28,
      "texto": "Bien, empiezo por sacarle una captura y mandamela por WhatsApp.",
      "confianza": 0.544
    },
    {
      "hablante": "Hablante B",
      "inicio": 127.91,
      "fin": 142.79,
      "duracion": 14.88,
      "texto": "No puedo hacerlo sin el mensaje de portabilidad.",
      "confianza": 0.726
    },
    {
      "hablante": "Hablante A",
      "inicio": 144.81,
      "fin": 148.84,
      "duracion": 4.03,
      "texto": "En este caso se iba a tener que acercarse directamente a una sucursal entonces.",
      "confianza": 0.63
    },
    {
      "hablante": "Hablante A",
      "inicio": 149.46,
      "fin": 155.69,
      "duracion": 6.23,
      "texto": "Claro, sí, sí, porque dejamos vos, sabes, las cosas que pasan justamente con ese tipo de cosas.",
      "confianza": 0.375
    },
    {
      "hablante": "Hablante A",
      "inicio": 155.71,
      "fin": 160.15,
      "duracion": 4.45,
      "texto": "Claro, igual si usted busca un mensaje de portabilidad en Google, ¿sabe?",
      "confianza": 0.648
    },
    {
      "hablante": "Hablante A",
      "inicio": 160.17,
      "fin": 162.03,
      "duracion": 1.86,
      "texto": "Segura lo que es, pero bueno, no hay problema.",
      "confianza": 0.718
    },
    {
      "hablante": "Hablante A",
      "inicio": 162.73,
      "fin": 166.98,
      "duracion": 4.25,
      "texto": "Yasmani, no tengo forma de hacerlo sin el mensaje de portabilidad.",
      "confianza": 0.8
    },
    {
      "hablante": "Hablante A",
      "inicio": 167.94,
      "fin": 169.18,
      "duracion": 1.24,
      "texto": "Claro, entiendo.",
      "confianza": 0.468
    },
    {
      "hablante": "Hablante A",
      "inicio": 169.2,
      "fin": 170.52,
      "duracion": 1.32,
      "texto": "Muchas gracias, Bruno, que tengas buen día.",
      "confianza": 0.125
    },
    {
      "hablante": "Hablante A",
      "inicio": 170.54,
      "fin": 172.12,
      "duracion": 1.58,
      "texto": "Que tengas buen día, hasta luego.",
      "confianza": 0.641
    }
  ],
  "transcripcion_completa": "Hola, sí. Bruno, ¿cómo estás? Disculpa que recién te llamé y me dio el contestador, por eso volví a llamar. Te hago una consulta. No sé si este Gmail que tengo en el sistema es el que tenés actualmente, jasmaniprado3.com. No sé si ese es correcto. Correcto. Bien, genial. Entonces, dejamos ese mismo. Por ahí mismo te va a llegar lo que es el QR del SIM. Jasmany, voy a enviarte el mensaje de portabilidad. Eso es para que vos mantengas el mismo número pasándote de una compañía a otra. Esto va a llegar desde un mensaje común, para el prestación que es Movistar. Esto voy a necesitar que me pases una captura por WhatsApp. Una captura de ese mensajito que te voy a enviar. Ahí te lo envío y vos verificarás si te llega, ¿sí? Únicamente tenés esta línea, ¿verdad? Bien. Bien, ahí el mensajito está enviado. Si puedes verificar en los mensajes de texto si te llegó, genial. Bien, empiezo por sacarle una captura y mandamela por WhatsApp. No puedo hacerlo sin el mensaje de portabilidad. En este caso se iba a tener que acercarse directamente a una sucursal entonces. Claro, sí, sí, porque dejamos vos, sabes, las cosas que pasan justamente con ese tipo de cosas. Claro, igual si usted busca un mensaje de portabilidad en Google, ¿sabe? Segura lo que es, pero bueno, no hay problema. Yasmani, no tengo forma de hacerlo sin el mensaje de portabilidad. Claro, entiendo. Muchas gracias, Bruno, que tengas buen día. Que tengas buen día, hasta luego.",
  "calidad": {
    "confianza_promedio": 0.605,
    "metodo_diarizacion": "pausas_fallback",
    "tiempo_procesamiento": 9.9
  },
  "metadata": {
    "modelo": "whisperx_medium",
    "diarizacion": "pausas",
    "dispositivo": "cuda",
    "fecha": "2026-02-18T23:32:38.786282",
    "version": "5.0_ecapa"
  }
}