{
  "archivo": "amza12_1_260212104856482_ACD_24511.wav",
  "duracion_segundos": 448.67,
  "num_segmentos": 122,
  "num_hablantes": 2,
  "hablantes": [
    "Hablante A",
    "Hablante B"
  ],
  "tiempo_por_hablante": {
    "Hablante A": 41.48,
    "Hablante B": 375.85
  },
  "idioma": "es",
  "conversacion": [
    {
      "hablante": "Hablante A",
      "inicio": 0.84,
      "fin": 1.44,
      "duracion": 0.6,
      "texto": "Hola.",
      "confianza": 0.339
    },
    {
      "hablante": "Hablante A",
      "inicio": 1.46,
      "fin": 2.42,
      "duracion": 0.96,
      "texto": "Hola, buenos días.",
      "confianza": 0.118
    },
    {
      "hablante": "Hablante A",
      "inicio": 2.44,
      "fin": 2.68,
      "duracion": 0.24,
      "texto": "¿Cómo estás?",
      "confianza": 0.12
    },
    {
      "hablante": "Hablante A",
      "inicio": 3.2,
      "fin": 7.61,
      "duracion": 4.4,
      "texto": "¿Me comunicó con las líneas de Lucia?",
      "confianza": 0.692
    },
    {
      "hablante": "Hablante A",
      "inicio": 7.63,
      "fin": 7.69,
      "duracion": 0.06,
      "texto": "Sí.",
      "confianza": 0.265
    },
    {
      "hablante": "Hablante A",
      "inicio": 7.71,
      "fin": 8.23,
      "duracion": 0.52,
      "texto": "Lucia, ¿cómo estás?",
      "confianza": 0.423
    },
    {
      "hablante": "Hablante A",
      "inicio": 8.25,
      "fin": 9.33,
      "duracion": 1.08,
      "texto": "No haría que hablar de ese lado.",
      "confianza": 0.271
    },
    {
      "hablante": "Hablante A",
      "inicio": 9.35,
      "fin": 11.89,
      "duracion": 2.54,
      "texto": "Me estoy comunicando de la idea de recuperar y de reanudar.",
      "confianza": 0.36
    },
    {
      "hablante": "Hablante A",
      "inicio": 11.91,
      "fin": 17.22,
      "duracion": 5.3,
      "texto": "¿Cómo estás?",
      "confianza": 0.27
    },
    {
      "hablante": "Hablante A",
      "inicio": 17.24,
      "fin": 17.3,
      "duracion": 0.06,
      "texto": "Sí.",
      "confianza": 0.108
    },
    {
      "hablante": "Hablante A",
      "inicio": 17.32,
      "fin": 23.14,
      "duracion": 5.83,
      "texto": "Me figura el sistema que actualmente estás en claro y que querías, bueno, que estás abonando bastante para poder brindarte algo mejor.",
      "confianza": 0.721
    },
    {
      "hablante": "Hablante B",
      "inicio": 26.91,
      "fin": 26.97,
      "duracion": 0.06,
      "texto": "Sí.",
      "confianza": 0.333
    },
    {
      "hablante": "Hablante B",
      "inicio": 27.62,
      "fin": 30.09,
      "duracion": 2.46,
      "texto": "Coméntame más o menos cuándo estás pagando en clara actualmente.",
      "confianza": 0.639
    },
    {
      "hablante": "Hablante B",
      "inicio": 30.21,
      "fin": 35.47,
      "duracion": 5.27,
      "texto": "Si tenés una sola línea para poder más o menos que te puedo brindar, que sea mejor de la que tenés ahora.",
      "confianza": 0.539
    },
    {
      "hablante": "Hablante A",
      "inicio": 37.16,
      "fin": 50.96,
      "duracion": 13.8,
      "texto": "Yo tengo dos líneas en clara y tengo, no sé cuánto pago, una pago seis mil y algo y la otra pago como 13.",
      "confianza": 0.459
    },
    {
      "hablante": "Hablante A",
      "inicio": 50.98,
      "fin": 51.24,
      "duracion": 0.26,
      "texto": "OK, perfecto.",
      "confianza": 0.026
    },
    {
      "hablante": "Hablante A",
      "inicio": 51.26,
      "fin": 54.52,
      "duracion": 3.27,
      "texto": "Bien, en este caso tenemos varias formas para brindarte.",
      "confianza": 0.56
    },
    {
      "hablante": "Hablante A",
      "inicio": 55.43,
      "fin": 57.99,
      "duracion": 2.56,
      "texto": "La de 13, el texto, ¿verdad?",
      "confianza": 0.609
    },
    {
      "hablante": "Hablante B",
      "inicio": 61.34,
      "fin": 68.53,
      "duracion": 7.19,
      "texto": "Bien, en este caso tenemos un plan de 8 kilos de base más 10 de regalo por 6 meses en 10,720 pesos, ¿sí?",
      "confianza": 0.578
    },
    {
      "hablante": "Hablante B",
      "inicio": 68.55,
      "fin": 70.75,
      "duracion": 2.2,
      "texto": "Esta es una de las respuestas que tengo.",
      "confianza": 0.727
    },
    {
      "hablante": "Hablante B",
      "inicio": 71.33,
      "fin": 77.7,
      "duracion": 6.37,
      "texto": "Y la otra es un plan de 4 kilos de base más 10 de regalo por 6 meses en 7,790, ¿sí?",
      "confianza": 0.588
    },
    {
      "hablante": "Hablante B",
      "inicio": 78.12,
      "fin": 81.54,
      "duracion": 3.42,
      "texto": "Lo bueno es que como tenés dos líneas, ambas líneas a tu nombre,",
      "confianza": 0.593
    },
    {
      "hablante": "Hablante B",
      "inicio": 81.77,
      "fin": 87.54,
      "duracion": 5.77,
      "texto": "tendrías cuatro siglas de regalo en cada línea móvil, que son aparte de las siglas que tenías por seis meses.",
      "confianza": 0.542
    },
    {
      "hablante": "Hablante B",
      "inicio": 87.56,
      "fin": 90.72,
      "duracion": 3.16,
      "texto": "Y estas siglas, como te cuento, no tendrían vencimiento.",
      "confianza": 0.635
    },
    {
      "hablante": "Hablante B",
      "inicio": 90.84,
      "fin": 93.31,
      "duracion": 2.46,
      "texto": "Entonces, te quedarían con vosotras y vosotras te valdrás del empresa.",
      "confianza": 0.449
    },
    {
      "hablante": "Hablante B",
      "inicio": 93.33,
      "fin": 99.87,
      "duracion": 6.55,
      "texto": "Ah.",
      "confianza": 0.455
    },
    {
      "hablante": "Hablante B",
      "inicio": 99.89,
      "fin": 100.25,
      "duracion": 0.36,
      "texto": "Eso es lo bueno.",
      "confianza": 0.077
    },
    {
      "hablante": "Hablante B",
      "inicio": 100.27,
      "fin": 102.88,
      "duracion": 2.6,
      "texto": "Mira, tengo que decirle que este juego tiene una deuda igual, ¿sí?",
      "confianza": 0.412
    },
    {
      "hablante": "Hablante B",
      "inicio": 102.9,
      "fin": 107.62,
      "duracion": 4.73,
      "texto": "Se hayan traído seis cintas, por eso es que no es justo... ¿Con Movistar tenés una deuda?",
      "confianza": 0.424
    },
    {
      "hablante": "Hablante B",
      "inicio": 107.64,
      "fin": 110.37,
      "duracion": 2.72,
      "texto": "Eso se podría hacer.",
      "confianza": 0.406
    },
    {
      "hablante": "Hablante B",
      "inicio": 110.39,
      "fin": 111.21,
      "duracion": 0.82,
      "texto": "Pero, principalmente,",
      "confianza": 0.267
    },
    {
      "hablante": "Hablante B",
      "inicio": 111.81,
      "fin": 118.72,
      "duracion": 6.91,
      "texto": "Aquí estamos, yo quiero averiguar si quiero poner el Movistar Hogar.",
      "confianza": 0.415
    },
    {
      "hablante": "Hablante B",
      "inicio": 118.74,
      "fin": 127.41,
      "duracion": 8.67,
      "texto": "Bueno, ahora pásame tu dirección, así veremos la cobertura de todas.",
      "confianza": 0.486
    },
    {
      "hablante": "Hablante B",
      "inicio": 127.43,
      "fin": 131.53,
      "duracion": 4.1,
      "texto": "Ya sabés que yo todavía no... Es por donde... Dígame si puedo mudar.",
      "confianza": 0.464
    },
    {
      "hablante": "Hablante B",
      "inicio": 131.65,
      "fin": 134.62,
      "duracion": 2.96,
      "texto": "Todavía no me acuerdo la dirección, ¿viste?",
      "confianza": 0.622
    },
    {
      "hablante": "Hablante B",
      "inicio": 134.64,
      "fin": 136.86,
      "duracion": 2.22,
      "texto": "Bueno, dale.",
      "confianza": 0.491
    },
    {
      "hablante": "Hablante B",
      "inicio": 136.88,
      "fin": 141.34,
      "duracion": 4.47,
      "texto": "Y diría más o menos saber cuántos están los planes.",
      "confianza": 0.491
    },
    {
      "hablante": "Hablante B",
      "inicio": 141.66,
      "fin": 151.01,
      "duracion": 9.35,
      "texto": "Para que tengan una idea, sería por Carlos Castalles y Watt, más o menos.",
      "confianza": 0.611
    },
    {
      "hablante": "Hablante B",
      "inicio": 151.03,
      "fin": 152.9,
      "duracion": 1.86,
      "texto": "¿Y?",
      "confianza": 0.812
    },
    {
      "hablante": "Hablante B",
      "inicio": 152.92,
      "fin": 153.02,
      "duracion": 0.1,
      "texto": "¿Y?",
      "confianza": 0.216
    },
    {
      "hablante": "Hablante B",
      "inicio": 153.04,
      "fin": 153.3,
      "duracion": 0.26,
      "texto": "Y Watt.",
      "confianza": 0.301
    },
    {
      "hablante": "Hablante B",
      "inicio": 154.4,
      "fin": 156.2,
      "duracion": 1.8,
      "texto": "Watt.",
      "confianza": 0.585
    },
    {
      "hablante": "Hablante B",
      "inicio": 156.22,
      "fin": 156.38,
      "duracion": 0.16,
      "texto": "OK.",
      "confianza": 0.474
    },
    {
      "hablante": "Hablante B",
      "inicio": 156.6,
      "fin": 161.01,
      "duracion": 4.41,
      "texto": "¿Esto es una casa nueva, no?",
      "confianza": 0.314
    },
    {
      "hablante": "Hablante B",
      "inicio": 161.03,
      "fin": 161.09,
      "duracion": 0.06,
      "texto": "Sí.",
      "confianza": 0.004
    },
    {
      "hablante": "Hablante B",
      "inicio": 161.11,
      "fin": 165.85,
      "duracion": 4.75,
      "texto": "Bueno, ahora voy a averiguar más o menos si tenemos como altura, pero me parece que sí, que no habría problema.",
      "confianza": 0.396
    },
    {
      "hablante": "Hablante B",
      "inicio": 167.23,
      "fin": 167.43,
      "duracion": 0.2,
      "texto": "Bien.",
      "confianza": 0.478
    },
    {
      "hablante": "Hablante B",
      "inicio": 167.92,
      "fin": 176.17,
      "duracion": 8.25,
      "texto": "Te voy a comentar, si, que no me figura...",
      "confianza": 0.663
    },
    {
      "hablante": "Hablante B",
      "inicio": 176.19,
      "fin": 176.33,
      "duracion": 0.14,
      "texto": "Perdón.",
      "confianza": 0.133
    },
    {
      "hablante": "Hablante B",
      "inicio": 176.35,
      "fin": 176.73,
      "duracion": 0.38,
      "texto": "¿Hola?",
      "confianza": 0.358
    },
    {
      "hablante": "Hablante B",
      "inicio": 176.75,
      "fin": 176.89,
      "duracion": 0.14,
      "texto": "Perdón.",
      "confianza": 0.281
    },
    {
      "hablante": "Hablante B",
      "inicio": 176.99,
      "fin": 179.43,
      "duracion": 2.44,
      "texto": "Estaba terminando.",
      "confianza": 0.188
    },
    {
      "hablante": "Hablante B",
      "inicio": 179.45,
      "fin": 179.78,
      "duracion": 0.32,
      "texto": "No hay problema.",
      "confianza": 0.019
    },
    {
      "hablante": "Hablante B",
      "inicio": 179.79,
      "fin": 183.9,
      "duracion": 4.11,
      "texto": "Me figura que no tenés deuda de movistar, así que con eso quedate tranquila.",
      "confianza": 0.598
    },
    {
      "hablante": "Hablante B",
      "inicio": 183.92,
      "fin": 188.31,
      "duracion": 4.39,
      "texto": "¿Hace cuánto te habías ido a movistar y por qué te habías quedado la deuda?",
      "confianza": 0.414
    },
    {
      "hablante": "Hablante B",
      "inicio": 188.33,
      "fin": 191.99,
      "duracion": 3.66,
      "texto": "No, sí, sí, yo sé que la tengo la deuda, ¿eh?",
      "confianza": 0.483
    },
    {
      "hablante": "Hablante B",
      "inicio": 192.01,
      "fin": 193.47,
      "duracion": 1.46,
      "texto": "Porque no pagué.",
      "confianza": 0.578
    },
    {
      "hablante": "Hablante B",
      "inicio": 193.87,
      "fin": 201.9,
      "duracion": 8.03,
      "texto": "Me había quedado la última cuota sin pagar, que eran, no sé, 4.000 pesos en ese momento, digo.",
      "confianza": 0.509
    },
    {
      "hablante": "Hablante B",
      "inicio": 201.92,
      "fin": 209.75,
      "duracion": 7.83,
      "texto": "Me asegura, claro, que te fueron los 24, pero registrados bajo tu DNI, no me aseguran nada.",
      "confianza": 0.521
    },
    {
      "hablante": "Hablante B",
      "inicio": 209.77,
      "fin": 223.09,
      "duracion": 13.31,
      "texto": "Lo que pasa es que no, lo patricló, lo buscó el del TNT, justamente porque habrían algunos que tenían deuda por sus últimas facturas, entonces, directamente, como que se los han eliminado las facturas para que puedan volver a molestar.",
      "confianza": 0.555
    },
    {
      "hablante": "Hablante B",
      "inicio": 224.01,
      "fin": 226.25,
      "duracion": 2.24,
      "texto": "Ah, bueno.",
      "confianza": 0.264
    },
    {
      "hablante": "Hablante B",
      "inicio": 226.28,
      "fin": 229.26,
      "duracion": 2.98,
      "texto": "¿Y más o menos cuánto está el plano?",
      "confianza": 0.222
    },
    {
      "hablante": "Hablante B",
      "inicio": 229.72,
      "fin": 231.02,
      "duracion": 1.3,
      "texto": "No sé cómo se le dice.",
      "confianza": 0.354
    },
    {
      "hablante": "Hablante B",
      "inicio": 231.04,
      "fin": 238.09,
      "duracion": 7.05,
      "texto": "Así de la óptica, de la OSTAR, actualmente la tenés en plan de 600 meas al mismo precio que una de 300 meas.",
      "confianza": 0.572
    },
    {
      "hablante": "Hablante B",
      "inicio": 238.15,
      "fin": 242.53,
      "duracion": 4.38,
      "texto": "En este caso, te quedaría en 20.000 pesos.",
      "confianza": 0.825
    },
    {
      "hablante": "Hablante B",
      "inicio": 242.55,
      "fin": 246.3,
      "duracion": 3.74,
      "texto": "Si no me equivoco, también activando una línea en Movistar, ¿sí?",
      "confianza": 0.434
    },
    {
      "hablante": "Hablante B",
      "inicio": 246.34,
      "fin": 246.76,
      "duracion": 0.42,
      "texto": "Ahí te digo.",
      "confianza": 0.473
    },
    {
      "hablante": "Hablante B",
      "inicio": 247.06,
      "fin": 247.3,
      "duracion": 0.24,
      "texto": "¿Cómo?",
      "confianza": 0.416
    },
    {
      "hablante": "Hablante B",
      "inicio": 247.32,
      "fin": 248.16,
      "duracion": 0.84,
      "texto": "¿Sabés qué?",
      "confianza": 0.142
    },
    {
      "hablante": "Hablante B",
      "inicio": 248.18,
      "fin": 250.44,
      "duracion": 2.26,
      "texto": "Porque estoy en el colectivo encima.",
      "confianza": 0.457
    },
    {
      "hablante": "Hablante B",
      "inicio": 250.46,
      "fin": 251.08,
      "duracion": 0.62,
      "texto": "Sí, no hay problema.",
      "confianza": 0.491
    },
    {
      "hablante": "Hablante B",
      "inicio": 251.86,
      "fin": 260.11,
      "duracion": 8.25,
      "texto": "Bien, tenemos una promo que tiene el mismo valor, la de 300 meas que la de 600 meas, ¿sí?",
      "confianza": 0.552
    },
    {
      "hablante": "Hablante B",
      "inicio": 260.13,
      "fin": 260.19,
      "duracion": 0.06,
      "texto": "Sí.",
      "confianza": 0.094
    },
    {
      "hablante": "Hablante B",
      "inicio": 260.21,
      "fin": 262.59,
      "duracion": 2.38,
      "texto": "O sea, si vas con la de cualquiera de las dos te queda el mismo valor.",
      "confianza": 0.375
    },
    {
      "hablante": "Hablante B",
      "inicio": 262.61,
      "fin": 265.9,
      "duracion": 3.29,
      "texto": "Por ejemplo, la de 600 meas se queda en 24,000, ¿sí?",
      "confianza": 0.608
    },
    {
      "hablante": "Hablante B",
      "inicio": 265.92,
      "fin": 275.13,
      "duracion": 9.21,
      "texto": "Pero como vos vas a hacer la portabilidad de las líneas, te quedaría en 20,000, porque te hace un descuento de 4,000 pesos la que tenés, la línea de molestado de gran.",
      "confianza": 0.571
    },
    {
      "hablante": "Hablante B",
      "inicio": 275.15,
      "fin": 276.5,
      "duracion": 1.34,
      "texto": "Sí, ¿por cuánto tiempo?",
      "confianza": 0.583
    },
    {
      "hablante": "Hablante B",
      "inicio": 277.46,
      "fin": 279.22,
      "duracion": 1.76,
      "texto": "Las promociones son durante seis meses.",
      "confianza": 0.524
    },
    {
      "hablante": "Hablante B",
      "inicio": 279.24,
      "fin": 281.14,
      "duracion": 1.9,
      "texto": "El descuento fijo también es por seis meses.",
      "confianza": 0.551
    },
    {
      "hablante": "Hablante B",
      "inicio": 281.46,
      "fin": 283.62,
      "duracion": 2.16,
      "texto": "Así que, con eso, quédate súper tranquila.",
      "confianza": 0.495
    },
    {
      "hablante": "Hablante B",
      "inicio": 283.64,
      "fin": 288.71,
      "duracion": 5.07,
      "texto": "Si de ahora vas a necesitar que se siga manteniendo un descuento, justamente te puedes comunicar cómo estar.",
      "confianza": 0.63
    },
    {
      "hablante": "Hablante B",
      "inicio": 288.73,
      "fin": 297.38,
      "duracion": 8.65,
      "texto": "Antes de cumplido seis meses, será el cuento igual, porque te va a dar alguna alerta.",
      "confianza": 0.491
    },
    {
      "hablante": "Hablante B",
      "inicio": 297.4,
      "fin": 297.54,
      "duracion": 0.14,
      "texto": "Ah, ok.",
      "confianza": 0.055
    },
    {
      "hablante": "Hablante B",
      "inicio": 297.56,
      "fin": 300.69,
      "duracion": 3.12,
      "texto": "No te puede faltar también el aplicación.",
      "confianza": 0.469
    },
    {
      "hablante": "Hablante B",
      "inicio": 300.71,
      "fin": 304.59,
      "duracion": 3.88,
      "texto": "¿Y con qué sería solamente el pan de internet?",
      "confianza": 0.307
    },
    {
      "hablante": "Hablante B",
      "inicio": 305.27,
      "fin": 310.69,
      "duracion": 5.43,
      "texto": "Tenés dos meses gratis de TV también.",
      "confianza": 0.258
    },
    {
      "hablante": "Hablante B",
      "inicio": 310.71,
      "fin": 310.91,
      "duracion": 0.2,
      "texto": "Ah, bueno.",
      "confianza": 0.07
    },
    {
      "hablante": "Hablante B",
      "inicio": 310.93,
      "fin": 312.14,
      "duracion": 1.2,
      "texto": "Perfecto.",
      "confianza": 0.547
    },
    {
      "hablante": "Hablante B",
      "inicio": 312.16,
      "fin": 315.62,
      "duracion": 3.46,
      "texto": "En este caso, ¿de qué localidad sos?",
      "confianza": 0.716
    },
    {
      "hablante": "Hablante B",
      "inicio": 315.64,
      "fin": 321.57,
      "duracion": 5.93,
      "texto": "También de Isidro Casanova.",
      "confianza": 0.395
    },
    {
      "hablante": "Hablante B",
      "inicio": 321.59,
      "fin": 321.91,
      "duracion": 0.32,
      "texto": "Isidro Casanova.",
      "confianza": 0.006
    },
    {
      "hablante": "Hablante B",
      "inicio": 321.93,
      "fin": 322.45,
      "duracion": 0.52,
      "texto": "Esa es la misma dirección.",
      "confianza": 0.006
    },
    {
      "hablante": "Hablante B",
      "inicio": 322.47,
      "fin": 323.47,
      "duracion": 1.0,
      "texto": "Ah, perfecto.",
      "confianza": 0.286
    },
    {
      "hablante": "Hablante B",
      "inicio": 323.49,
      "fin": 332.06,
      "duracion": 8.57,
      "texto": "Sí, de todas maneras, el sitio lo enviamos a la sucursal más cercana a tu homicidio, ¿sí?",
      "confianza": 0.479
    },
    {
      "hablante": "Hablante B",
      "inicio": 332.08,
      "fin": 332.83,
      "duracion": 0.74,
      "texto": "Dame un segundo.",
      "confianza": 0.187
    },
    {
      "hablante": "Hablante B",
      "inicio": 333.83,
      "fin": 335.38,
      "duracion": 1.54,
      "texto": "Así te he dicho, ¿cuál es?",
      "confianza": 0.608
    },
    {
      "hablante": "Hablante B",
      "inicio": 335.88,
      "fin": 340.86,
      "duracion": 4.99,
      "texto": "La sucursal más cercana que tenés es la de San Justo.",
      "confianza": 0.565
    },
    {
      "hablante": "Hablante B",
      "inicio": 340.88,
      "fin": 341.64,
      "duracion": 0.76,
      "texto": "¿Te queda cómodo?",
      "confianza": 0.468
    },
    {
      "hablante": "Hablante B",
      "inicio": 342.14,
      "fin": 346.55,
      "duracion": 4.4,
      "texto": "¿Desde San Justo Shopping?",
      "confianza": 0.605
    },
    {
      "hablante": "Hablante B",
      "inicio": 346.57,
      "fin": 347.87,
      "duracion": 1.3,
      "texto": "¿Cuál es?",
      "confianza": 0.186
    },
    {
      "hablante": "Hablante B",
      "inicio": 347.89,
      "fin": 353.3,
      "duracion": 5.41,
      "texto": "¿Cómo?",
      "confianza": 0.561
    },
    {
      "hablante": "Hablante B",
      "inicio": 353.32,
      "fin": 354.58,
      "duracion": 1.26,
      "texto": "Me escucho entrecuartado.",
      "confianza": 0.528
    },
    {
      "hablante": "Hablante B",
      "inicio": 355.04,
      "fin": 359.04,
      "duracion": 4.0,
      "texto": "No es cortabilidad todavía.",
      "confianza": 0.271
    },
    {
      "hablante": "Hablante B",
      "inicio": 360.08,
      "fin": 360.81,
      "duracion": 0.72,
      "texto": "Yo tengo que esperar un poco más.",
      "confianza": 0.071
    },
    {
      "hablante": "Hablante B",
      "inicio": 361.87,
      "fin": 366.29,
      "duracion": 4.43,
      "texto": "Mira, te conviene contratar la portabilidad con el descuento del 80%, que es este que tenemos hoy.",
      "confianza": 0.571
    },
    {
      "hablante": "Hablante B",
      "inicio": 366.95,
      "fin": 381.01,
      "duracion": 14.05,
      "texto": "Y cuando vos la te cambies de casa, ahí me avisas para hacer lo de la fibra óptica, porque igual el descuento lo vas a mantener para la fibra óptica.",
      "confianza": 0.575
    },
    {
      "hablante": "Hablante B",
      "inicio": 381.03,
      "fin": 382.73,
      "duracion": 1.7,
      "texto": "Bien, ¿por qué razón no te gustaría hacerlo?",
      "confianza": 0.622
    },
    {
      "hablante": "Hablante B",
      "inicio": 382.75,
      "fin": 383.91,
      "duracion": 1.16,
      "texto": "Tú sabes que tiene un buen descuento.",
      "confianza": 0.522
    },
    {
      "hablante": "Hablante B",
      "inicio": 383.93,
      "fin": 391.84,
      "duracion": 7.91,
      "texto": "¿Por qué razón no te gustaría hacer la portabilidad ahora?",
      "confianza": 0.704
    },
    {
      "hablante": "Hablante B",
      "inicio": 392.46,
      "fin": 400.73,
      "duracion": 8.27,
      "texto": "Mira, hagamos una cosa.",
      "confianza": 0.52
    },
    {
      "hablante": "Hablante B",
      "inicio": 400.75,
      "fin": 413.95,
      "duracion": 13.2,
      "texto": "¿Vos en qué momento tenéis ocupación?",
      "confianza": 0.471
    },
    {
      "hablante": "Hablante B",
      "inicio": 414.09,
      "fin": 422.16,
      "duracion": 8.07,
      "texto": "Si no, te vuelvo a dar más para poder escucharte bien porque se escucha entre cortados.",
      "confianza": 0.466
    },
    {
      "hablante": "Hablante B",
      "inicio": 422.85,
      "fin": 426.04,
      "duracion": 3.19,
      "texto": "Sí, sí, porque soy el colectivo y por la tarde, podría ser.",
      "confianza": 0.563
    },
    {
      "hablante": "Hablante B",
      "inicio": 426.56,
      "fin": 431.37,
      "duracion": 4.81,
      "texto": "¿Te puedo llamar a las dos de la tarde con él?",
      "confianza": 0.428
    },
    {
      "hablante": "Hablante B",
      "inicio": 431.38,
      "fin": 431.56,
      "duracion": 0.18,
      "texto": "Sí, dale.",
      "confianza": 0.113
    },
    {
      "hablante": "Hablante B",
      "inicio": 431.58,
      "fin": 432.05,
      "duracion": 0.46,
      "texto": "Vale, sí.",
      "confianza": 0.142
    },
    {
      "hablante": "Hablante B",
      "inicio": 432.07,
      "fin": 436.95,
      "duracion": 4.89,
      "texto": "Ahora te escribí por WhatsApp, si te queda mi número y luego nos contactamos a las dos, ¿sí?",
      "confianza": 0.46
    },
    {
      "hablante": "Hablante B",
      "inicio": 436.97,
      "fin": 437.8,
      "duracion": 0.82,
      "texto": "Dale, dale, dale, por favor.",
      "confianza": 0.184
    },
    {
      "hablante": "Hablante B",
      "inicio": 437.81,
      "fin": 441.6,
      "duracion": 3.79,
      "texto": "Así nos entendemos mejor.",
      "confianza": 0.634
    },
    {
      "hablante": "Hablante B",
      "inicio": 441.62,
      "fin": 447.99,
      "duracion": 6.37,
      "texto": "Muchas gracias, Lucía, que tengas buen día.",
      "confianza": 0.667
    },
    {
      "hablante": "Hablante B",
      "inicio": 448.01,
      "fin": 448.41,
      "duracion": 0.4,
      "texto": "Gracias, igualmente.",
      "confianza": 0.008
    },
    {
      "hablante": "Hablante B",
      "inicio": 448.43,
      "fin": 448.67,
      "duracion": 0.24,
      "texto": "Hasta luego.",
      "confianza": 0.092
    }
  ],
  "transcripcion_completa": "Hola. Hola, buenos días. ¿Cómo estás? ¿Me comunicó con las líneas de Lucia? Sí. Lucia, ¿cómo estás? No haría que hablar de ese lado. Me estoy comunicando de la idea de recuperar y de reanudar. ¿Cómo estás? Sí. Me figura el sistema que actualmente estás en claro y que querías, bueno, que estás abonando bastante para poder brindarte algo mejor. Sí. Coméntame más o menos cuándo estás pagando en clara actualmente. Si tenés una sola línea para poder más o menos que te puedo brindar, que sea mejor de la que tenés ahora. Yo tengo dos líneas en clara y tengo, no sé cuánto pago, una pago seis mil y algo y la otra pago como 13. OK, perfecto. Bien, en este caso tenemos varias formas para brindarte. La de 13, el texto, ¿verdad? Bien, en este caso tenemos un plan de 8 kilos de base más 10 de regalo por 6 meses en 10,720 pesos, ¿sí? Esta es una de las respuestas que tengo. Y la otra es un plan de 4 kilos de base más 10 de regalo por 6 meses en 7,790, ¿sí? Lo bueno es que como tenés dos líneas, ambas líneas a tu nombre, tendrías cuatro siglas de regalo en cada línea móvil, que son aparte de las siglas que tenías por seis meses. Y estas siglas, como te cuento, no tendrían vencimiento. Entonces, te quedarían con vosotras y vosotras te valdrás del empresa. Ah. Eso es lo bueno. Mira, tengo que decirle que este juego tiene una deuda igual, ¿sí? Se hayan traído seis cintas, por eso es que no es justo... ¿Con Movistar tenés una deuda? Eso se podría hacer. Pero, principalmente, Aquí estamos, yo quiero averiguar si quiero poner el Movistar Hogar. Bueno, ahora pásame tu dirección, así veremos la cobertura de todas. Ya sabés que yo todavía no... Es por donde... Dígame si puedo mudar. Todavía no me acuerdo la dirección, ¿viste? Bueno, dale. Y diría más o menos saber cuántos están los planes. Para que tengan una idea, sería por Carlos Castalles y Watt, más o menos. ¿Y? ¿Y? Y Watt. Watt. OK. ¿Esto es una casa nueva, no? Sí. Bueno, ahora voy a averiguar más o menos si tenemos como altura, pero me parece que sí, que no habría problema. Bien. Te voy a comentar, si, que no me figura... Perdón. ¿Hola? Perdón. Estaba terminando. No hay problema. Me figura que no tenés deuda de movistar, así que con eso quedate tranquila. ¿Hace cuánto te habías ido a movistar y por qué te habías quedado la deuda? No, sí, sí, yo sé que la tengo la deuda, ¿eh? Porque no pagué. Me había quedado la última cuota sin pagar, que eran, no sé, 4.000 pesos en ese momento, digo. Me asegura, claro, que te fueron los 24, pero registrados bajo tu DNI, no me aseguran nada. Lo que pasa es que no, lo patricló, lo buscó el del TNT, justamente porque habrían algunos que tenían deuda por sus últimas facturas, entonces, directamente, como que se los han eliminado las facturas para que puedan volver a molestar. Ah, bueno. ¿Y más o menos cuánto está el plano? No sé cómo se le dice. Así de la óptica, de la OSTAR, actualmente la tenés en plan de 600 meas al mismo precio que una de 300 meas. En este caso, te quedaría en 20.000 pesos. Si no me equivoco, también activando una línea en Movistar, ¿sí? Ahí te digo. ¿Cómo? ¿Sabés qué? Porque estoy en el colectivo encima. Sí, no hay problema. Bien, tenemos una promo que tiene el mismo valor, la de 300 meas que la de 600 meas, ¿sí? Sí. O sea, si vas con la de cualquiera de las dos te queda el mismo valor. Por ejemplo, la de 600 meas se queda en 24,000, ¿sí? Pero como vos vas a hacer la portabilidad de las líneas, te quedaría en 20,000, porque te hace un descuento de 4,000 pesos la que tenés, la línea de molestado de gran. Sí, ¿por cuánto tiempo? Las promociones son durante seis meses. El descuento fijo también es por seis meses. Así que, con eso, quédate súper tranquila. Si de ahora vas a necesitar que se siga manteniendo un descuento, justamente te puedes comunicar cómo estar. Antes de cumplido seis meses, será el cuento igual, porque te va a dar alguna alerta. Ah, ok. No te puede faltar también el aplicación. ¿Y con qué sería solamente el pan de internet? Tenés dos meses gratis de TV también. Ah, bueno. Perfecto. En este caso, ¿de qué localidad sos? También de Isidro Casanova. Isidro Casanova. Esa es la misma dirección. Ah, perfecto. Sí, de todas maneras, el sitio lo enviamos a la sucursal más cercana a tu homicidio, ¿sí? Dame un segundo. Así te he dicho, ¿cuál es? La sucursal más cercana que tenés es la de San Justo. ¿Te queda cómodo? ¿Desde San Justo Shopping? ¿Cuál es? ¿Cómo? Me escucho entrecuartado. No es cortabilidad todavía. Yo tengo que esperar un poco más. Mira, te conviene contratar la portabilidad con el descuento del 80%, que es este que tenemos hoy. Y cuando vos la te cambies de casa, ahí me avisas para hacer lo de la fibra óptica, porque igual el descuento lo vas a mantener para la fibra óptica. Bien, ¿por qué razón no te gustaría hacerlo? Tú sabes que tiene un buen descuento. ¿Por qué razón no te gustaría hacer la portabilidad ahora? Mira, hagamos una cosa. ¿Vos en qué momento tenéis ocupación? Si no, te vuelvo a dar más para poder escucharte bien porque se escucha entre cortados. Sí, sí, porque soy el colectivo y por la tarde, podría ser. ¿Te puedo llamar a las dos de la tarde con él? Sí, dale. Vale, sí. Ahora te escribí por WhatsApp, si te queda mi número y luego nos contactamos a las dos, ¿sí? Dale, dale, dale, por favor. Así nos entendemos mejor. Muchas gracias, Lucía, que tengas buen día. Gracias, igualmente. Hasta luego.",
  "calidad": {
    "confianza_promedio": 0.418,
    "metodo_diarizacion": "pausas_fallback",
    "tiempo_procesamiento": 19.3
  },
  "metadata": {
    "modelo": "whisperx_medium",
    "diarizacion": "pausas",
    "dispositivo": "cuda",
    "fecha": "2026-02-18T23:10:50.932038",
    "version": "5.0_ecapa"
  }
}