{
  "archivo": "amza10_1_260209125325009_ACD_05515.wav",
  "duracion_segundos": 78.52,
  "num_segmentos": 29,
  "num_hablantes": 2,
  "hablantes": [
    "Hablante A",
    "Hablante B"
  ],
  "tiempo_por_hablante": {
    "Hablante A": 33.45,
    "Hablante B": 38.84
  },
  "idioma": "es",
  "conversacion": [
    {
      "hablante": "Hablante A",
      "inicio": 0.03,
      "fin": 3.67,
      "duracion": 3.64,
      "texto": "Hola, buenos días.",
      "confianza": 0.405
    },
    {
      "hablante": "Hablante A",
      "inicio": 3.69,
      "fin": 8.28,
      "duracion": 4.58,
      "texto": "Habló con Juan Pablo.",
      "confianza": 0.282
    },
    {
      "hablante": "Hablante A",
      "inicio": 8.3,
      "fin": 8.58,
      "duracion": 0.28,
      "texto": "¿Quién habla?",
      "confianza": 0.354
    },
    {
      "hablante": "Hablante A",
      "inicio": 8.6,
      "fin": 9.24,
      "duracion": 0.64,
      "texto": "Lourdes, ¿cómo estás?",
      "confianza": 0.148
    },
    {
      "hablante": "Hablante A",
      "inicio": 9.26,
      "fin": 17.37,
      "duracion": 8.11,
      "texto": "Me ponía en contacto del área de recuperación de movistar, la nueva gestión.",
      "confianza": 0.609
    },
    {
      "hablante": "Hablante A",
      "inicio": 17.39,
      "fin": 17.63,
      "duracion": 0.24,
      "texto": "¿Cómo estás?",
      "confianza": 0.004
    },
    {
      "hablante": "Hablante A",
      "inicio": 17.65,
      "fin": 17.83,
      "duracion": 0.18,
      "texto": "¿Qué tal?",
      "confianza": 0.029
    },
    {
      "hablante": "Hablante A",
      "inicio": 17.85,
      "fin": 18.85,
      "duracion": 1.0,
      "texto": "Todo bien.",
      "confianza": 0.367
    },
    {
      "hablante": "Hablante A",
      "inicio": 18.87,
      "fin": 23.35,
      "duracion": 4.48,
      "texto": "Me he contactado así, Juan, porque tenemos un 80% de descuento para pintarte en la línea.",
      "confianza": 0.721
    },
    {
      "hablante": "Hablante A",
      "inicio": 23.37,
      "fin": 26.92,
      "duracion": 3.54,
      "texto": "¿Estás en claro o no?",
      "confianza": 0.728
    },
    {
      "hablante": "Hablante B",
      "inicio": 28.52,
      "fin": 35.9,
      "duracion": 7.39,
      "texto": "Bien, a ver, sí, es un buen activo.",
      "confianza": 0.415
    },
    {
      "hablante": "Hablante B",
      "inicio": 35.98,
      "fin": 36.28,
      "duracion": 0.3,
      "texto": "Comentadme.",
      "confianza": 0.202
    },
    {
      "hablante": "Hablante B",
      "inicio": 36.3,
      "fin": 42.09,
      "duracion": 5.79,
      "texto": "Bien, tenemos una oferta en sí, al día de hoy, que son 8 de base y 10 reales por 6 meses, donde vas a contar mensual con 18 tribus, ¿sí?",
      "confianza": 0.395
    },
    {
      "hablante": "Hablante B",
      "inicio": 42.49,
      "fin": 47.62,
      "duracion": 5.12,
      "texto": "Ya te disfruté este plan, lo que es WhatsApp Gratis y Roomin en abril.",
      "confianza": 0.594
    },
    {
      "hablante": "Hablante B",
      "inicio": 47.64,
      "fin": 49.54,
      "duracion": 1.9,
      "texto": "Y todo el dinero, ¿sí?",
      "confianza": 0.084
    },
    {
      "hablante": "Hablante B",
      "inicio": 49.56,
      "fin": 56.38,
      "duracion": 6.83,
      "texto": "Te queda ahí el valor de 10.720 pesos, este plan Juan, los 18 tribus.",
      "confianza": 0.528
    },
    {
      "hablante": "Hablante B",
      "inicio": 56.41,
      "fin": 56.89,
      "duracion": 0.48,
      "texto": "Bien.",
      "confianza": 0.612
    },
    {
      "hablante": "Hablante B",
      "inicio": 57.05,
      "fin": 59.44,
      "duracion": 2.38,
      "texto": "Me interesa, pero no te puedo atender ahora.",
      "confianza": 0.77
    },
    {
      "hablante": "Hablante B",
      "inicio": 59.55,
      "fin": 64.58,
      "duracion": 5.03,
      "texto": "¿Hay alguna forma de que me llamen más tarde?",
      "confianza": 0.606
    },
    {
      "hablante": "Hablante B",
      "inicio": 65.24,
      "fin": 65.6,
      "duracion": 0.36,
      "texto": "Sí, obvio.",
      "confianza": 0.599
    },
    {
      "hablante": "Hablante B",
      "inicio": 65.62,
      "fin": 67.43,
      "duracion": 1.8,
      "texto": "Estoy hasta las 3, acá en la oficina.",
      "confianza": 0.532
    },
    {
      "hablante": "Hablante B",
      "inicio": 67.49,
      "fin": 68.95,
      "duracion": 1.46,
      "texto": "Quiero decir, puedes hablar.",
      "confianza": 0.609
    },
    {
      "hablante": "Hablante A",
      "inicio": 70.53,
      "fin": 73.09,
      "duracion": 2.56,
      "texto": "Llámame a las 1 y media, 2.",
      "confianza": 0.537
    },
    {
      "hablante": "Hablante A",
      "inicio": 73.11,
      "fin": 73.63,
      "duracion": 0.52,
      "texto": "Dale.",
      "confianza": 0.477
    },
    {
      "hablante": "Hablante A",
      "inicio": 73.65,
      "fin": 74.23,
      "duracion": 0.58,
      "texto": "Listo, Juan.",
      "confianza": 0.746
    },
    {
      "hablante": "Hablante A",
      "inicio": 74.33,
      "fin": 75.78,
      "duracion": 1.44,
      "texto": "Muchas gracias.",
      "confianza": 0.589
    },
    {
      "hablante": "Hablante A",
      "inicio": 76.78,
      "fin": 77.46,
      "duracion": 0.68,
      "texto": "Gracias.",
      "confianza": 0.66
    },
    {
      "hablante": "Hablante A",
      "inicio": 77.52,
      "fin": 78.34,
      "duracion": 0.82,
      "texto": "Que tengas buen día.",
      "confianza": 0.642
    },
    {
      "hablante": "Hablante A",
      "inicio": 78.36,
      "fin": 78.52,
      "duracion": 0.16,
      "texto": "Gracias.",
      "confianza": 0.125
    }
  ],
  "transcripcion_completa": "Hola, buenos días. Habló con Juan Pablo. ¿Quién habla? Lourdes, ¿cómo estás? Me ponía en contacto del área de recuperación de movistar, la nueva gestión. ¿Cómo estás? ¿Qué tal? Todo bien. Me he contactado así, Juan, porque tenemos un 80% de descuento para pintarte en la línea. ¿Estás en claro o no? Bien, a ver, sí, es un buen activo. Comentadme. Bien, tenemos una oferta en sí, al día de hoy, que son 8 de base y 10 reales por 6 meses, donde vas a contar mensual con 18 tribus, ¿sí? Ya te disfruté este plan, lo que es WhatsApp Gratis y Roomin en abril. Y todo el dinero, ¿sí? Te queda ahí el valor de 10.720 pesos, este plan Juan, los 18 tribus. Bien. Me interesa, pero no te puedo atender ahora. ¿Hay alguna forma de que me llamen más tarde? Sí, obvio. Estoy hasta las 3, acá en la oficina. Quiero decir, puedes hablar. Llámame a las 1 y media, 2. Dale. Listo, Juan. Muchas gracias. Gracias. Que tengas buen día. Gracias.",
  "calidad": {
    "confianza_promedio": 0.461,
    "metodo_diarizacion": "pausas_fallback",
    "tiempo_procesamiento": 7.9
  },
  "metadata": {
    "modelo": "whisperx_medium",
    "diarizacion": "pausas",
    "dispositivo": "cuda",
    "fecha": "2026-02-18T22:29:33.731304",
    "version": "5.0_ecapa"
  }
}