{
  "archivo": "amza16_1_260209130441619_ACD_42261.wav",
  "duracion_segundos": 67.57,
  "num_segmentos": 28,
  "num_hablantes": 2,
  "hablantes": [
    "Hablante A",
    "Hablante B"
  ],
  "tiempo_por_hablante": {
    "Hablante A": 30.36,
    "Hablante B": 25.26
  },
  "idioma": "es",
  "conversacion": [
    {
      "hablante": "Hablante A",
      "inicio": 1.2,
      "fin": 4.5,
      "duracion": 3.3,
      "texto": "Hola, buenos días.",
      "confianza": 0.063
    },
    {
      "hablante": "Hablante A",
      "inicio": 4.52,
      "fin": 4.58,
      "duracion": 0.06,
      "texto": "Sí.",
      "confianza": 0.02
    },
    {
      "hablante": "Hablante A",
      "inicio": 4.6,
      "fin": 7.58,
      "duracion": 2.98,
      "texto": "Estoy hablando con Verónica.",
      "confianza": 0.728
    },
    {
      "hablante": "Hablante A",
      "inicio": 7.7,
      "fin": 8.62,
      "duracion": 0.92,
      "texto": "Sí, exacto.",
      "confianza": 0.328
    },
    {
      "hablante": "Hablante A",
      "inicio": 8.64,
      "fin": 9.19,
      "duracion": 0.54,
      "texto": "¿Cómo te va?",
      "confianza": 0.751
    },
    {
      "hablante": "Hablante A",
      "inicio": 9.22,
      "fin": 10.13,
      "duracion": 0.9,
      "texto": "Mi nombre es Delfina.",
      "confianza": 0.756
    },
    {
      "hablante": "Hablante A",
      "inicio": 10.33,
      "fin": 13.57,
      "duracion": 3.24,
      "texto": "Yo me estoy comunicando desde el área de recupero de clientes de Movistar.",
      "confianza": 0.616
    },
    {
      "hablante": "Hablante A",
      "inicio": 14.09,
      "fin": 19.64,
      "duracion": 5.55,
      "texto": "Me figura que actualmente estás en claro, ¿es correcto?",
      "confianza": 0.688
    },
    {
      "hablante": "Hablante A",
      "inicio": 19.66,
      "fin": 19.8,
      "duracion": 0.14,
      "texto": "Sí, sí.",
      "confianza": 0.0
    },
    {
      "hablante": "Hablante A",
      "inicio": 19.82,
      "fin": 20.24,
      "duracion": 0.42,
      "texto": "Estoy con la empresa.",
      "confianza": 0.009
    },
    {
      "hablante": "Hablante A",
      "inicio": 20.26,
      "fin": 20.66,
      "duracion": 0.4,
      "texto": "Perfecto.",
      "confianza": 0.822
    },
    {
      "hablante": "Hablante A",
      "inicio": 20.8,
      "fin": 25.03,
      "duracion": 4.23,
      "texto": "¿Usted actualmente sabe cuánto está bonando por su línea y cuántos gigas tiene en su plan?",
      "confianza": 0.672
    },
    {
      "hablante": "Hablante B",
      "inicio": 27.11,
      "fin": 31.5,
      "duracion": 4.39,
      "texto": "Y estoy abonando la mínima, que son $5,000 pesos.",
      "confianza": 0.682
    },
    {
      "hablante": "Hablante B",
      "inicio": 32.48,
      "fin": 35.87,
      "duracion": 3.38,
      "texto": "Y de las llegas, ahorita no me recuerdo cuánto son.",
      "confianza": 0.601
    },
    {
      "hablante": "Hablante B",
      "inicio": 35.88,
      "fin": 41.27,
      "duracion": 5.39,
      "texto": "Pero me adaptece como para todo el mes y todavía me sobra.",
      "confianza": 0.835
    },
    {
      "hablante": "Hablante B",
      "inicio": 41.29,
      "fin": 42.11,
      "duracion": 0.82,
      "texto": "Ajá.",
      "confianza": 0.822
    },
    {
      "hablante": "Hablante B",
      "inicio": 42.13,
      "fin": 42.59,
      "duracion": 0.46,
      "texto": "Bien.",
      "confianza": 0.925
    },
    {
      "hablante": "Hablante B",
      "inicio": 42.71,
      "fin": 42.77,
      "duracion": 0.06,
      "texto": "Sí.",
      "confianza": 0.001
    },
    {
      "hablante": "Hablante B",
      "inicio": 42.79,
      "fin": 46.2,
      "duracion": 3.4,
      "texto": "¿Y el Wi-Fi en casa con qué compañía lo tienes?",
      "confianza": 0.641
    },
    {
      "hablante": "Hablante B",
      "inicio": 46.22,
      "fin": 47.3,
      "duracion": 1.08,
      "texto": "¿Perdón?",
      "confianza": 0.404
    },
    {
      "hablante": "Hablante B",
      "inicio": 47.32,
      "fin": 49.14,
      "duracion": 1.82,
      "texto": "El Wi-Fi en casa, la fibra óptica.",
      "confianza": 0.763
    },
    {
      "hablante": "Hablante A",
      "inicio": 50.98,
      "fin": 53.59,
      "duracion": 2.6,
      "texto": "Ah, sí, también tengo ese Wi-Fi.",
      "confianza": 0.51
    },
    {
      "hablante": "Hablante A",
      "inicio": 53.61,
      "fin": 53.71,
      "duracion": 0.1,
      "texto": "Bien.",
      "confianza": 0.058
    },
    {
      "hablante": "Hablante A",
      "inicio": 53.73,
      "fin": 54.69,
      "duracion": 0.96,
      "texto": "¿Y lo tienes con claro?",
      "confianza": 0.685
    },
    {
      "hablante": "Hablante B",
      "inicio": 56.25,
      "fin": 56.65,
      "duracion": 0.4,
      "texto": "No, no.",
      "confianza": 0.574
    },
    {
      "hablante": "Hablante B",
      "inicio": 56.87,
      "fin": 58.45,
      "duracion": 1.59,
      "texto": "de otra empresa.",
      "confianza": 0.343
    },
    {
      "hablante": "Hablante B",
      "inicio": 58.47,
      "fin": 60.94,
      "duracion": 2.47,
      "texto": "Ah, bien, y el cuánto le está cobrando a día de hoy?",
      "confianza": 0.716
    },
    {
      "hablante": "Hablante A",
      "inicio": 63.55,
      "fin": 67.57,
      "duracion": 4.02,
      "texto": "Y me están cobrando ocho mil pesos mensuales.",
      "confianza": 0.539
    }
  ],
  "transcripcion_completa": "Hola, buenos días. Sí. Estoy hablando con Verónica. Sí, exacto. ¿Cómo te va? Mi nombre es Delfina. Yo me estoy comunicando desde el área de recupero de clientes de Movistar. Me figura que actualmente estás en claro, ¿es correcto? Sí, sí. Estoy con la empresa. Perfecto. ¿Usted actualmente sabe cuánto está bonando por su línea y cuántos gigas tiene en su plan? Y estoy abonando la mínima, que son $5,000 pesos. Y de las llegas, ahorita no me recuerdo cuánto son. Pero me adaptece como para todo el mes y todavía me sobra. Ajá. Bien. Sí. ¿Y el Wi-Fi en casa con qué compañía lo tienes? ¿Perdón? El Wi-Fi en casa, la fibra óptica. Ah, sí, también tengo ese Wi-Fi. Bien. ¿Y lo tienes con claro? No, no. de otra empresa. Ah, bien, y el cuánto le está cobrando a día de hoy? Y me están cobrando ocho mil pesos mensuales.",
  "calidad": {
    "confianza_promedio": 0.539,
    "metodo_diarizacion": "pausas_fallback",
    "tiempo_procesamiento": 7.5
  },
  "metadata": {
    "modelo": "whisperx_medium",
    "diarizacion": "pausas",
    "dispositivo": "cuda",
    "fecha": "2026-02-18T23:53:06.981743",
    "version": "5.0_ecapa"
  }
}