{
  "archivo": "amza13_1_260213110926821_ACD_27119.wav",
  "duracion_segundos": 140.28,
  "num_segmentos": 34,
  "num_hablantes": 2,
  "hablantes": [
    "Hablante A",
    "Hablante B"
  ],
  "tiempo_por_hablante": {
    "Hablante B": 70.46,
    "Hablante A": 52.82
  },
  "idioma": "es",
  "conversacion": [
    {
      "hablante": "Hablante B",
      "inicio": 2.44,
      "fin": 6.57,
      "duracion": 4.13,
      "texto": "Hola.",
      "confianza": 0.193
    },
    {
      "hablante": "Hablante B",
      "inicio": 6.59,
      "fin": 6.89,
      "duracion": 0.3,
      "texto": "Hola, buen día.",
      "confianza": 0.014
    },
    {
      "hablante": "Hablante B",
      "inicio": 6.91,
      "fin": 7.47,
      "duracion": 0.56,
      "texto": "¿Hablan con el señor Martín?",
      "confianza": 0.001
    },
    {
      "hablante": "Hablante B",
      "inicio": 7.49,
      "fin": 7.55,
      "duracion": 0.06,
      "texto": "Sí.",
      "confianza": 0.154
    },
    {
      "hablante": "Hablante B",
      "inicio": 7.57,
      "fin": 7.87,
      "duracion": 0.3,
      "texto": "¿Qué tal?",
      "confianza": 0.622
    },
    {
      "hablante": "Hablante B",
      "inicio": 7.89,
      "fin": 8.17,
      "duracion": 0.28,
      "texto": "Un gusto.",
      "confianza": 0.782
    },
    {
      "hablante": "Hablante B",
      "inicio": 8.23,
      "fin": 8.95,
      "duracion": 0.72,
      "texto": "Mi nombre es Rodrigo.",
      "confianza": 0.467
    },
    {
      "hablante": "Hablante B",
      "inicio": 8.97,
      "fin": 9.9,
      "duracion": 0.92,
      "texto": "¿Cómo le van el día de hoy?",
      "confianza": 0.714
    },
    {
      "hablante": "Hablante B",
      "inicio": 9.92,
      "fin": 12.16,
      "duracion": 2.24,
      "texto": "¿Todo bien?",
      "confianza": 0.262
    },
    {
      "hablante": "Hablante B",
      "inicio": 12.18,
      "fin": 12.44,
      "duracion": 0.26,
      "texto": "Todo bien.",
      "confianza": 0.106
    },
    {
      "hablante": "Hablante B",
      "inicio": 12.46,
      "fin": 14.62,
      "duracion": 2.16,
      "texto": "Estamos comunicando del área de beneficio de Movistar.",
      "confianza": 0.652
    },
    {
      "hablante": "Hablante B",
      "inicio": 15.32,
      "fin": 20.27,
      "duracion": 4.95,
      "texto": "Tenemos un descuento de 18 GB a 10.720 pesos para los clientes de Claro.",
      "confianza": 0.69
    },
    {
      "hablante": "Hablante B",
      "inicio": 20.83,
      "fin": 23.54,
      "duracion": 2.7,
      "texto": "Usted mantendría el mismo número para que se quede tranquilo, ¿sí?",
      "confianza": 0.743
    },
    {
      "hablante": "Hablante B",
      "inicio": 23.56,
      "fin": 28.59,
      "duracion": 5.03,
      "texto": "¿Usted actualmente tiene Claro o bueno?",
      "confianza": 0.687
    },
    {
      "hablante": "Hablante B",
      "inicio": 28.61,
      "fin": 28.66,
      "duracion": 0.06,
      "texto": "Sí.",
      "confianza": 0.118
    },
    {
      "hablante": "Hablante B",
      "inicio": 28.68,
      "fin": 29.0,
      "duracion": 0.32,
      "texto": "Perfecto.",
      "confianza": 0.645
    },
    {
      "hablante": "Hablante B",
      "inicio": 29.03,
      "fin": 30.63,
      "duracion": 1.6,
      "texto": "¿Este descuento sería ideal para usted?",
      "confianza": 0.712
    },
    {
      "hablante": "Hablante B",
      "inicio": 31.0,
      "fin": 41.09,
      "duracion": 10.09,
      "texto": "Tenga presión de Martín que mantendría el mismo número, en ningún momento se quedaría incomunicado y seguiría con la compañía de clara para que el chip le llegue al dormicilio, ¿sí?",
      "confianza": 0.694
    },
    {
      "hablante": "Hablante B",
      "inicio": 41.11,
      "fin": 44.13,
      "duracion": 3.02,
      "texto": "Es un plan con muchos gigabytes a un precio muy bajo.",
      "confianza": 0.576
    },
    {
      "hablante": "Hablante B",
      "inicio": 44.93,
      "fin": 52.1,
      "duracion": 7.17,
      "texto": "Hoy en día, bueno, 10.720 pesos por 18 gigabytes es un precio muy bajo y un plan muy accesible, ¿sí?",
      "confianza": 0.688
    },
    {
      "hablante": "Hablante B",
      "inicio": 52.12,
      "fin": 53.48,
      "duracion": 1.36,
      "texto": "La una consulta, Martín.",
      "confianza": 0.751
    },
    {
      "hablante": "Hablante B",
      "inicio": 54.51,
      "fin": 54.6,
      "duracion": 0.1,
      "texto": "Sí.",
      "confianza": 0.271
    },
    {
      "hablante": "Hablante B",
      "inicio": 54.62,
      "fin": 57.43,
      "duracion": 2.8,
      "texto": "Acá recupiera el sistema que usted tiene dos líneas, ¿es correcto?",
      "confianza": 0.711
    },
    {
      "hablante": "Hablante A",
      "inicio": 59.27,
      "fin": 59.33,
      "duracion": 0.06,
      "texto": "Sí.",
      "confianza": 0.009
    },
    {
      "hablante": "Hablante A",
      "inicio": 59.35,
      "fin": 60.95,
      "duracion": 1.6,
      "texto": "En este caso, como usted tiene dos líneas,",
      "confianza": 0.665
    },
    {
      "hablante": "Hablante A",
      "inicio": 61.29,
      "fin": 66.21,
      "duracion": 4.93,
      "texto": "le agregaríamos lo que es el plan familiar, que son 4 GB de regalo para cada línea móvil, ¿sí?",
      "confianza": 0.654
    },
    {
      "hablante": "Hablante A",
      "inicio": 66.86,
      "fin": 69.12,
      "duracion": 2.26,
      "texto": "Es decir, que sería un total de 22 GB.",
      "confianza": 0.769
    },
    {
      "hablante": "Hablante A",
      "inicio": 69.7,
      "fin": 80.21,
      "duracion": 10.52,
      "texto": "Y aparte, como estaría la portabilidad conmigo, le regalaríamos lo que son 20 GB de regalo para cada línea, que lo pueden equivaler con lo que ustedes quieran, con una duración de un mes, ¿bien?",
      "confianza": 0.723
    },
    {
      "hablante": "Hablante A",
      "inicio": 80.92,
      "fin": 83.02,
      "duracion": 2.1,
      "texto": "Es decir, que por un mes tendría 42 GB.",
      "confianza": 0.834
    },
    {
      "hablante": "Hablante A",
      "inicio": 83.04,
      "fin": 89.21,
      "duracion": 6.17,
      "texto": "¿Qué le parece, Martín?",
      "confianza": 0.741
    },
    {
      "hablante": "Hablante A",
      "inicio": 89.23,
      "fin": 90.99,
      "duracion": 1.76,
      "texto": "No, me parece bastante bueno, pero en realidad ahora no pudo estar",
      "confianza": 0.088
    },
    {
      "hablante": "Hablante A",
      "inicio": 91.48,
      "fin": 114.9,
      "duracion": 23.42,
      "texto": "no puedo no puedo hacer nada nada diferente todavía así que por qué motivo Martín tenga presente que el trasplazo es muy rápido son solamente tres minutitos y tenga presente que como le dije en ninguna compañía hay contrato de permanencia es decir que por ejemplo si usted en un futuro no le gusta la compañía o quiere volver a pasar si lo puede hacer sin ningún problema ¿sí?",
      "confianza": 0.619
    },
    {
      "hablante": "Hablante B",
      "inicio": 120.47,
      "fin": 121.25,
      "duracion": 0.78,
      "texto": "sí sí lo entiendo pero estoy a ver",
      "confianza": 0.102
    },
    {
      "hablante": "Hablante B",
      "inicio": 121.73,
      "fin": 140.28,
      "duracion": 18.55,
      "texto": "no entiendo por eso le digo Martín que el el traspaso es muy rápido simplemente necesitaría lo que es la dirección de su domicilio y le enviamos el chip",
      "confianza": 0.648
    }
  ],
  "transcripcion_completa": "Hola. Hola, buen día. ¿Hablan con el señor Martín? Sí. ¿Qué tal? Un gusto. Mi nombre es Rodrigo. ¿Cómo le van el día de hoy? ¿Todo bien? Todo bien. Estamos comunicando del área de beneficio de Movistar. Tenemos un descuento de 18 GB a 10.720 pesos para los clientes de Claro. Usted mantendría el mismo número para que se quede tranquilo, ¿sí? ¿Usted actualmente tiene Claro o bueno? Sí. Perfecto. ¿Este descuento sería ideal para usted? Tenga presión de Martín que mantendría el mismo número, en ningún momento se quedaría incomunicado y seguiría con la compañía de clara para que el chip le llegue al dormicilio, ¿sí? Es un plan con muchos gigabytes a un precio muy bajo. Hoy en día, bueno, 10.720 pesos por 18 gigabytes es un precio muy bajo y un plan muy accesible, ¿sí? La una consulta, Martín. Sí. Acá recupiera el sistema que usted tiene dos líneas, ¿es correcto? Sí. En este caso, como usted tiene dos líneas, le agregaríamos lo que es el plan familiar, que son 4 GB de regalo para cada línea móvil, ¿sí? Es decir, que sería un total de 22 GB. Y aparte, como estaría la portabilidad conmigo, le regalaríamos lo que son 20 GB de regalo para cada línea, que lo pueden equivaler con lo que ustedes quieran, con una duración de un mes, ¿bien? Es decir, que por un mes tendría 42 GB. ¿Qué le parece, Martín? No, me parece bastante bueno, pero en realidad ahora no pudo estar no puedo no puedo hacer nada nada diferente todavía así que por qué motivo Martín tenga presente que el trasplazo es muy rápido son solamente tres minutitos y tenga presente que como le dije en ninguna compañía hay contrato de permanencia es decir que por ejemplo si usted en un futuro no le gusta la compañía o quiere volver a pasar si lo puede hacer sin ningún problema ¿sí? sí sí lo entiendo pero estoy a ver no entiendo por eso le digo Martín que el el traspaso es muy rápido simplemente necesitaría lo que es la dirección de su domicilio y le enviamos el chip",
  "calidad": {
    "confianza_promedio": 0.503,
    "metodo_diarizacion": "pausas_fallback",
    "tiempo_procesamiento": 9.8
  },
  "metadata": {
    "modelo": "whisperx_medium",
    "diarizacion": "pausas",
    "dispositivo": "cuda",
    "fecha": "2026-02-18T23:22:16.341233",
    "version": "5.0_ecapa"
  }
}