{
  "archivo": "amza14_1_260219101316471_ACD_97657.wav",
  "duracion_segundos": 68.5,
  "num_segmentos": 29,
  "num_hablantes": 2,
  "hablantes": [
    "Hablante A",
    "Hablante B"
  ],
  "tiempo_por_hablante": {
    "Hablante A": 30.21,
    "Hablante B": 25.09
  },
  "idioma": "es",
  "conversacion": [
    {
      "hablante": "Hablante A",
      "inicio": 1.2,
      "fin": 4.34,
      "duracion": 3.14,
      "texto": "Hola, buen día.",
      "confianza": 0.183
    },
    {
      "hablante": "Hablante A",
      "inicio": 4.36,
      "fin": 5.0,
      "duracion": 0.64,
      "texto": "Sí.",
      "confianza": 0.506
    },
    {
      "hablante": "Hablante A",
      "inicio": 5.02,
      "fin": 5.56,
      "duracion": 0.54,
      "texto": "¿Cómo le va?",
      "confianza": 0.561
    },
    {
      "hablante": "Hablante A",
      "inicio": 5.58,
      "fin": 5.94,
      "duracion": 0.36,
      "texto": "Un gusto.",
      "confianza": 0.864
    },
    {
      "hablante": "Hablante A",
      "inicio": 5.98,
      "fin": 6.86,
      "duracion": 0.88,
      "texto": "Mi nombre es Bruno.",
      "confianza": 0.676
    },
    {
      "hablante": "Hablante A",
      "inicio": 6.9,
      "fin": 9.83,
      "duracion": 2.92,
      "texto": "Me estaba comunicando desde la idea de recuperar a clientes Movistar.",
      "confianza": 0.608
    },
    {
      "hablante": "Hablante A",
      "inicio": 10.87,
      "fin": 12.91,
      "duracion": 2.04,
      "texto": "Tenemos una promoción disponible para tu línea.",
      "confianza": 0.804
    },
    {
      "hablante": "Hablante A",
      "inicio": 12.93,
      "fin": 15.35,
      "duracion": 2.42,
      "texto": "¿Altamente tenés claro?",
      "confianza": 0.747
    },
    {
      "hablante": "Hablante B",
      "inicio": 17.27,
      "fin": 21.54,
      "duracion": 4.27,
      "texto": "Sí, tengo claro en ese momento, pero el que se encarga de eso es mí.",
      "confianza": 0.569
    },
    {
      "hablante": "Hablante B",
      "inicio": 21.64,
      "fin": 23.16,
      "duracion": 1.52,
      "texto": "No puedo hacer nada.",
      "confianza": 0.687
    },
    {
      "hablante": "Hablante B",
      "inicio": 23.18,
      "fin": 27.61,
      "duracion": 4.43,
      "texto": "No tengo poder sobre él y no está en el nombre mío.",
      "confianza": 0.299
    },
    {
      "hablante": "Hablante B",
      "inicio": 27.86,
      "fin": 31.68,
      "duracion": 3.83,
      "texto": "¿Tendrás, sabrás los últimos tres en la línea Twitter?",
      "confianza": 0.698
    },
    {
      "hablante": "Hablante B",
      "inicio": 31.74,
      "fin": 32.93,
      "duracion": 1.18,
      "texto": "Le mando las promos a él.",
      "confianza": 0.599
    },
    {
      "hablante": "Hablante A",
      "inicio": 35.39,
      "fin": 36.47,
      "duracion": 1.08,
      "texto": "Tengo varios números.",
      "confianza": 0.913
    },
    {
      "hablante": "Hablante A",
      "inicio": 36.53,
      "fin": 39.05,
      "duracion": 2.52,
      "texto": "Acá, no sé si te sabrás los últimos tres.",
      "confianza": 0.699
    },
    {
      "hablante": "Hablante A",
      "inicio": 40.18,
      "fin": 41.68,
      "duracion": 1.5,
      "texto": "No, no me acuerdo.",
      "confianza": 0.43
    },
    {
      "hablante": "Hablante A",
      "inicio": 41.7,
      "fin": 43.36,
      "duracion": 1.66,
      "texto": "No me acuerdo los números.",
      "confianza": 0.324
    },
    {
      "hablante": "Hablante A",
      "inicio": 43.48,
      "fin": 53.62,
      "duracion": 10.13,
      "texto": "Ahora con la era digital, ya la memoria mía no me reacciona, pero... Llamá más tarde.",
      "confianza": 0.574
    },
    {
      "hablante": "Hablante A",
      "inicio": 53.64,
      "fin": 54.02,
      "duracion": 0.38,
      "texto": "Creo que termina...",
      "confianza": 0.036
    },
    {
      "hablante": "Hablante B",
      "inicio": 56.88,
      "fin": 59.89,
      "duracion": 3.01,
      "texto": "En 42, 10 me parece.",
      "confianza": 0.704
    },
    {
      "hablante": "Hablante B",
      "inicio": 59.91,
      "fin": 60.79,
      "duracion": 0.88,
      "texto": "Ah, acá.",
      "confianza": 0.708
    },
    {
      "hablante": "Hablante B",
      "inicio": 60.81,
      "fin": 61.66,
      "duracion": 0.84,
      "texto": "Sí, acá hay uno.",
      "confianza": 0.564
    },
    {
      "hablante": "Hablante B",
      "inicio": 61.7,
      "fin": 63.78,
      "duracion": 2.09,
      "texto": "Bueno, lo mando en esa línea, entonces, directamente.",
      "confianza": 0.554
    },
    {
      "hablante": "Hablante B",
      "inicio": 63.9,
      "fin": 64.48,
      "duracion": 0.58,
      "texto": "No hay problema.",
      "confianza": 0.879
    },
    {
      "hablante": "Hablante B",
      "inicio": 65.25,
      "fin": 65.99,
      "duracion": 0.74,
      "texto": "Vale, listo.",
      "confianza": 0.155
    },
    {
      "hablante": "Hablante B",
      "inicio": 66.01,
      "fin": 66.47,
      "duracion": 0.46,
      "texto": "Hasta luego.",
      "confianza": 0.5
    },
    {
      "hablante": "Hablante B",
      "inicio": 66.77,
      "fin": 67.39,
      "duracion": 0.62,
      "texto": "Muchas gracias.",
      "confianza": 0.656
    },
    {
      "hablante": "Hablante B",
      "inicio": 67.43,
      "fin": 67.95,
      "duracion": 0.52,
      "texto": "Hasta luego.",
      "confianza": 0.74
    },
    {
      "hablante": "Hablante B",
      "inicio": 68.38,
      "fin": 68.5,
      "duracion": 0.12,
      "texto": "Adiós.",
      "confianza": 0.167
    }
  ],
  "transcripcion_completa": "Hola, buen día. Sí. ¿Cómo le va? Un gusto. Mi nombre es Bruno. Me estaba comunicando desde la idea de recuperar a clientes Movistar. Tenemos una promoción disponible para tu línea. ¿Altamente tenés claro? Sí, tengo claro en ese momento, pero el que se encarga de eso es mí. No puedo hacer nada. No tengo poder sobre él y no está en el nombre mío. ¿Tendrás, sabrás los últimos tres en la línea Twitter? Le mando las promos a él. Tengo varios números. Acá, no sé si te sabrás los últimos tres. No, no me acuerdo. No me acuerdo los números. Ahora con la era digital, ya la memoria mía no me reacciona, pero... Llamá más tarde. Creo que termina... En 42, 10 me parece. Ah, acá. Sí, acá hay uno. Bueno, lo mando en esa línea, entonces, directamente. No hay problema. Vale, listo. Hasta luego. Muchas gracias. Hasta luego. Adiós.",
  "calidad": {
    "confianza_promedio": 0.566,
    "metodo_diarizacion": "pausas_fallback",
    "tiempo_procesamiento": 7.1
  },
  "metadata": {
    "modelo": "whisperx_medium",
    "diarizacion": "pausas",
    "dispositivo": "cuda",
    "fecha": "2026-02-21T13:40:43.631513",
    "version": "5.0_ecapa"
  }
}