{
  "archivo": "amza10_1_260212173523962_ACD_49619.wav",
  "duracion_segundos": 444.1,
  "num_segmentos": 77,
  "num_hablantes": 2,
  "hablantes": [
    "Hablante A",
    "Hablante B"
  ],
  "tiempo_por_hablante": {
    "Hablante B": 81.26,
    "Hablante A": 168.66
  },
  "idioma": "es",
  "conversacion": [
    {
      "hablante": "Hablante B",
      "inicio": 3.69,
      "fin": 5.6,
      "duracion": 1.9,
      "texto": "Hola.",
      "confianza": 0.232
    },
    {
      "hablante": "Hablante B",
      "inicio": 5.62,
      "fin": 5.72,
      "duracion": 0.1,
      "texto": "Hola.",
      "confianza": 0.043
    },
    {
      "hablante": "Hablante B",
      "inicio": 5.74,
      "fin": 6.38,
      "duracion": 0.64,
      "texto": "Hola, buenas tardes.",
      "confianza": 0.076
    },
    {
      "hablante": "Hablante B",
      "inicio": 6.4,
      "fin": 8.24,
      "duracion": 1.84,
      "texto": "Hablo con Ángel.",
      "confianza": 0.457
    },
    {
      "hablante": "Hablante B",
      "inicio": 8.26,
      "fin": 9.28,
      "duracion": 1.02,
      "texto": "Sí, él habla.",
      "confianza": 0.255
    },
    {
      "hablante": "Hablante B",
      "inicio": 9.3,
      "fin": 10.06,
      "duracion": 0.76,
      "texto": "¿Qué tal, Ángel?",
      "confianza": 0.492
    },
    {
      "hablante": "Hablante B",
      "inicio": 10.08,
      "fin": 10.84,
      "duracion": 0.76,
      "texto": "Mi nombre es Mayra.",
      "confianza": 0.566
    },
    {
      "hablante": "Hablante B",
      "inicio": 11.2,
      "fin": 17.77,
      "duracion": 6.57,
      "texto": "De este lado me comunico de Movistar, ya que tenemos un plan para brindarte con un 80% de descuento.",
      "confianza": 0.744
    },
    {
      "hablante": "Hablante B",
      "inicio": 17.79,
      "fin": 22.78,
      "duracion": 4.99,
      "texto": "¿Cómo ando usted?",
      "confianza": 0.486
    },
    {
      "hablante": "Hablante B",
      "inicio": 22.8,
      "fin": 23.5,
      "duracion": 0.7,
      "texto": "Yo lo tengo a prepago, el teléfono.",
      "confianza": 0.01
    },
    {
      "hablante": "Hablante B",
      "inicio": 23.52,
      "fin": 27.37,
      "duracion": 3.85,
      "texto": "Bien, con claro, ¿cierto?",
      "confianza": 0.847
    },
    {
      "hablante": "Hablante B",
      "inicio": 27.39,
      "fin": 27.45,
      "duracion": 0.06,
      "texto": "Sí.",
      "confianza": 0.028
    },
    {
      "hablante": "Hablante B",
      "inicio": 27.47,
      "fin": 27.85,
      "duracion": 0.38,
      "texto": "Bien.",
      "confianza": 0.797
    },
    {
      "hablante": "Hablante B",
      "inicio": 28.35,
      "fin": 30.71,
      "duracion": 2.36,
      "texto": "¿Y usted actualmente cuántos días se está cargando?",
      "confianza": 0.743
    },
    {
      "hablante": "Hablante A",
      "inicio": 32.36,
      "fin": 38.31,
      "duracion": 5.95,
      "texto": "Y cada dos meses hago una carga.",
      "confianza": 0.195
    },
    {
      "hablante": "Hablante A",
      "inicio": 38.33,
      "fin": 38.83,
      "duracion": 0.5,
      "texto": "Bien, buenísimo.",
      "confianza": 0.226
    },
    {
      "hablante": "Hablante A",
      "inicio": 38.85,
      "fin": 42.31,
      "duracion": 3.46,
      "texto": "¿Y de cuánto más o menos?",
      "confianza": 0.812
    },
    {
      "hablante": "Hablante A",
      "inicio": 42.33,
      "fin": 46.44,
      "duracion": 4.1,
      "texto": "Creo que 3.500, creo.",
      "confianza": 0.242
    },
    {
      "hablante": "Hablante A",
      "inicio": 46.46,
      "fin": 46.92,
      "duracion": 0.46,
      "texto": "¿3.500?",
      "confianza": 0.921
    },
    {
      "hablante": "Hablante A",
      "inicio": 47.9,
      "fin": 53.42,
      "duracion": 5.52,
      "texto": "¿Y cuántas digas?",
      "confianza": 0.165
    },
    {
      "hablante": "Hablante A",
      "inicio": 53.44,
      "fin": 54.3,
      "duracion": 0.86,
      "texto": "No, no sé, porque me lo hace mi hijo, eso.",
      "confianza": 0.035
    },
    {
      "hablante": "Hablante A",
      "inicio": 54.32,
      "fin": 55.15,
      "duracion": 0.82,
      "texto": "Ah, bien.",
      "confianza": 0.364
    },
    {
      "hablante": "Hablante A",
      "inicio": 55.16,
      "fin": 62.25,
      "duracion": 7.09,
      "texto": "Bien, porque yo tenía para ofrecerle un plan de 14 digas con WhatsApp gratis y llamadas de limitar a cualquier compañía, ¿sí?",
      "confianza": 0.758
    },
    {
      "hablante": "Hablante A",
      "inicio": 62.52,
      "fin": 66.93,
      "duracion": 4.41,
      "texto": "con un descuento del 80% por seis meses.",
      "confianza": 0.771
    },
    {
      "hablante": "Hablante A",
      "inicio": 66.95,
      "fin": 70.05,
      "duracion": 3.11,
      "texto": "Por el día de hoy, le va a quedar por un precio final de $7,790, ¿sí?",
      "confianza": 0.745
    },
    {
      "hablante": "Hablante A",
      "inicio": 70.07,
      "fin": 70.43,
      "duracion": 0.36,
      "texto": "¿Me sigue?",
      "confianza": 0.348
    },
    {
      "hablante": "Hablante A",
      "inicio": 70.45,
      "fin": 85.73,
      "duracion": 15.28,
      "texto": "Sí, pero si pago $3,500 cada dos meses, no sé dónde estaría el beneficio.",
      "confianza": 0.267
    },
    {
      "hablante": "Hablante A",
      "inicio": 85.75,
      "fin": 86.02,
      "duracion": 0.26,
      "texto": "Bien.",
      "confianza": 0.281
    },
    {
      "hablante": "Hablante A",
      "inicio": 86.03,
      "fin": 87.62,
      "duracion": 1.58,
      "texto": "Usted tiene varios beneficios, ¿sí?",
      "confianza": 0.838
    },
    {
      "hablante": "Hablante A",
      "inicio": 88.18,
      "fin": 90.28,
      "duracion": 2.1,
      "texto": "Lo que sería WhatsApp gratis.",
      "confianza": 0.59
    },
    {
      "hablante": "Hablante A",
      "inicio": 90.53,
      "fin": 91.77,
      "duracion": 1.24,
      "texto": "Le hago una consulta.",
      "confianza": 0.457
    },
    {
      "hablante": "Hablante A",
      "inicio": 91.79,
      "fin": 95.94,
      "duracion": 4.14,
      "texto": "¿Usted tiene 7 líneas?",
      "confianza": 0.776
    },
    {
      "hablante": "Hablante A",
      "inicio": 95.96,
      "fin": 96.38,
      "duracion": 0.42,
      "texto": "Sí.",
      "confianza": 0.695
    },
    {
      "hablante": "Hablante A",
      "inicio": 97.4,
      "fin": 100.0,
      "duracion": 2.6,
      "texto": "¿Y esas 7 líneas solamente las recarga la suya?",
      "confianza": 0.742
    },
    {
      "hablante": "Hablante A",
      "inicio": 100.02,
      "fin": 102.25,
      "duracion": 2.22,
      "texto": "¿O tiene las otras líneas con abono?",
      "confianza": 0.712
    },
    {
      "hablante": "Hablante B",
      "inicio": 105.89,
      "fin": 106.57,
      "duracion": 0.68,
      "texto": "No, todas prepagos están.",
      "confianza": 0.058
    },
    {
      "hablante": "Hablante B",
      "inicio": 106.59,
      "fin": 107.13,
      "duracion": 0.54,
      "texto": "Bien, perfecto.",
      "confianza": 0.788
    },
    {
      "hablante": "Hablante B",
      "inicio": 107.15,
      "fin": 109.48,
      "duracion": 2.32,
      "texto": "Y a todas les carga el mismo monto, ¿cierto?",
      "confianza": 0.678
    },
    {
      "hablante": "Hablante A",
      "inicio": 113.34,
      "fin": 113.4,
      "duracion": 0.06,
      "texto": "Sí.",
      "confianza": 0.024
    },
    {
      "hablante": "Hablante A",
      "inicio": 113.42,
      "fin": 118.33,
      "duracion": 4.91,
      "texto": "Cada dos meses, alguno de mi señora pasó como 6 meses para cargarle.",
      "confianza": 0.609
    },
    {
      "hablante": "Hablante A",
      "inicio": 118.93,
      "fin": 121.08,
      "duracion": 2.14,
      "texto": "No son de utilizar tanto, ¿cierto?",
      "confianza": 0.322
    },
    {
      "hablante": "Hablante A",
      "inicio": 122.1,
      "fin": 123.22,
      "duracion": 1.12,
      "texto": "No, no.",
      "confianza": 0.723
    },
    {
      "hablante": "Hablante A",
      "inicio": 123.24,
      "fin": 129.04,
      "duracion": 5.81,
      "texto": "O sea, cuando estoy buscando por teléfono lo usamos con Wi-Fi o WhatsApp y Wi-Fi tengo en mi casa.",
      "confianza": 0.428
    },
    {
      "hablante": "Hablante A",
      "inicio": 130.45,
      "fin": 130.75,
      "duracion": 0.3,
      "texto": "Claro.",
      "confianza": 0.905
    },
    {
      "hablante": "Hablante A",
      "inicio": 131.67,
      "fin": 135.37,
      "duracion": 3.7,
      "texto": "Digamos que no son de utilizar tanto.",
      "confianza": 0.775
    },
    {
      "hablante": "Hablante A",
      "inicio": 135.39,
      "fin": 137.84,
      "duracion": 2.44,
      "texto": "No, no.",
      "confianza": 0.865
    },
    {
      "hablante": "Hablante A",
      "inicio": 137.86,
      "fin": 138.68,
      "duracion": 0.82,
      "texto": "Bien, perfecto.",
      "confianza": 0.895
    },
    {
      "hablante": "Hablante A",
      "inicio": 139.16,
      "fin": 146.85,
      "duracion": 7.69,
      "texto": "Nosotros igualmente, ya que tiene varias líneas, tenemos varios beneficios, como",
      "confianza": 0.863
    },
    {
      "hablante": "Hablante A",
      "inicio": 147.74,
      "fin": 154.15,
      "duracion": 6.41,
      "texto": "recargarle 4 gigas más a cada línea, ¿sí?",
      "confianza": 0.745
    },
    {
      "hablante": "Hablante B",
      "inicio": 155.79,
      "fin": 174.42,
      "duracion": 18.63,
      "texto": "Usted tiene 4 gigas que son de su abono mensual, más las 10 gigas de regalo, ya que eso queda con ese precio final que yo le comentaba, y esos son los beneficios, sino lo que serían las otras gigas de regalo también.",
      "confianza": 0.845
    },
    {
      "hablante": "Hablante B",
      "inicio": 175.62,
      "fin": 179.72,
      "duracion": 4.1,
      "texto": "Pero 7.000, ¿cuánto me dijiste?",
      "confianza": 0.503
    },
    {
      "hablante": "Hablante B",
      "inicio": 179.78,
      "fin": 185.29,
      "duracion": 5.51,
      "texto": "7.790, con 14 días de regalo.",
      "confianza": 0.809
    },
    {
      "hablante": "Hablante B",
      "inicio": 186.31,
      "fin": 188.45,
      "duracion": 2.14,
      "texto": "Casi 8.000 pesos por mes tendría que pagar.",
      "confianza": 0.734
    },
    {
      "hablante": "Hablante A",
      "inicio": 192.06,
      "fin": 192.28,
      "duracion": 0.22,
      "texto": "Sí, exacto.",
      "confianza": 0.024
    },
    {
      "hablante": "Hablante A",
      "inicio": 192.3,
      "fin": 194.86,
      "duracion": 2.56,
      "texto": "Claro, no cierran los números.",
      "confianza": 0.833
    },
    {
      "hablante": "Hablante A",
      "inicio": 195.38,
      "fin": 199.99,
      "duracion": 4.61,
      "texto": "Si tenés una calculadora a mano, fíjate, no cerrarían nunca los números.",
      "confianza": 0.589
    },
    {
      "hablante": "Hablante A",
      "inicio": 200.41,
      "fin": 216.77,
      "duracion": 16.37,
      "texto": "Si yo cada dos meses pago $3,500, una recarga de $3,500 son $1,700, puede ser por mes contra $8,000, imposible.",
      "confianza": 0.78
    },
    {
      "hablante": "Hablante A",
      "inicio": 216.79,
      "fin": 220.32,
      "duracion": 3.53,
      "texto": "Bien, deme dos segunditos y ahora veo cómo puedo solucionarles, ¿sí?",
      "confianza": 0.12
    },
    {
      "hablante": "Hablante B",
      "inicio": 307.93,
      "fin": 310.2,
      "duracion": 2.26,
      "texto": "Ángel?",
      "confianza": 0.375
    },
    {
      "hablante": "Hablante B",
      "inicio": 310.22,
      "fin": 310.28,
      "duracion": 0.06,
      "texto": "Sí.",
      "confianza": 0.175
    },
    {
      "hablante": "Hablante B",
      "inicio": 310.3,
      "fin": 320.15,
      "duracion": 9.86,
      "texto": "Mire, ahí voy a hablar con mi supervisor para ver qué tipo de descuento podemos hacer en su caso, tal que tiene siete líneas, ¿sí?",
      "confianza": 0.739
    },
    {
      "hablante": "Hablante B",
      "inicio": 320.17,
      "fin": 320.29,
      "duracion": 0.12,
      "texto": "Sí.",
      "confianza": 0.431
    },
    {
      "hablante": "Hablante B",
      "inicio": 320.33,
      "fin": 324.14,
      "duracion": 3.81,
      "texto": "Aguárdame un segundito, ¿sí?",
      "confianza": 0.434
    },
    {
      "hablante": "Hablante B",
      "inicio": 324.16,
      "fin": 324.28,
      "duracion": 0.12,
      "texto": "Bueno.",
      "confianza": 0.076
    },
    {
      "hablante": "Hablante B",
      "inicio": 324.3,
      "fin": 324.66,
      "duracion": 0.36,
      "texto": "Muchas gracias.",
      "confianza": 0.132
    },
    {
      "hablante": "Hablante A",
      "inicio": 373.76,
      "fin": 376.61,
      "duracion": 2.85,
      "texto": "No me cobraran a mí este llamado, ¿no?",
      "confianza": 0.529
    },
    {
      "hablante": "Hablante A",
      "inicio": 376.63,
      "fin": 377.46,
      "duracion": 0.82,
      "texto": "Me llamó ella.",
      "confianza": 0.674
    },
    {
      "hablante": "Hablante B",
      "inicio": 379.54,
      "fin": 384.36,
      "duracion": 4.82,
      "texto": "O si no, me tienen que decir que llamaba a su cargo a recibirla.",
      "confianza": 0.573
    },
    {
      "hablante": "Hablante A",
      "inicio": 406.09,
      "fin": 413.06,
      "duracion": 6.97,
      "texto": "¿Ángel?",
      "confianza": 0.34
    },
    {
      "hablante": "Hablante A",
      "inicio": 413.08,
      "fin": 413.92,
      "duracion": 0.84,
      "texto": "Sí.",
      "confianza": 0.299
    },
    {
      "hablante": "Hablante A",
      "inicio": 413.94,
      "fin": 415.2,
      "duracion": 1.26,
      "texto": "Sí, disculpe por la demora.",
      "confianza": 0.638
    },
    {
      "hablante": "Hablante A",
      "inicio": 415.23,
      "fin": 424.38,
      "duracion": 9.15,
      "texto": "Mira, yo ahora le voy a hacer un mensajito vía WhatsApp para poder pasarle algunos planes para que usted pueda verlo con tranquilidad, ver el tema de los números.",
      "confianza": 0.766
    },
    {
      "hablante": "Hablante A",
      "inicio": 424.42,
      "fin": 436.05,
      "duracion": 11.63,
      "texto": "Y en lo que se desocupe mi supervisor, hacemos una llamada nuevamente para que él pueda solucionar y ver qué podemos ofrecerle con una mejor calidad.",
      "confianza": 0.774
    },
    {
      "hablante": "Hablante A",
      "inicio": 436.93,
      "fin": 439.46,
      "duracion": 2.53,
      "texto": "Bueno, bueno, listo.",
      "confianza": 0.053
    },
    {
      "hablante": "Hablante A",
      "inicio": 439.48,
      "fin": 440.5,
      "duracion": 1.03,
      "texto": "Gracias.",
      "confianza": 0.216
    },
    {
      "hablante": "Hablante A",
      "inicio": 440.52,
      "fin": 442.65,
      "duracion": 2.13,
      "texto": "Muchísimas gracias Ángel, que estén muy bien.",
      "confianza": 0.665
    },
    {
      "hablante": "Hablante A",
      "inicio": 443.82,
      "fin": 444.1,
      "duracion": 0.28,
      "texto": "Adiós.",
      "confianza": 0.392
    }
  ],
  "transcripcion_completa": "Hola. Hola. Hola, buenas tardes. Hablo con Ángel. Sí, él habla. ¿Qué tal, Ángel? Mi nombre es Mayra. De este lado me comunico de Movistar, ya que tenemos un plan para brindarte con un 80% de descuento. ¿Cómo ando usted? Yo lo tengo a prepago, el teléfono. Bien, con claro, ¿cierto? Sí. Bien. ¿Y usted actualmente cuántos días se está cargando? Y cada dos meses hago una carga. Bien, buenísimo. ¿Y de cuánto más o menos? Creo que 3.500, creo. ¿3.500? ¿Y cuántas digas? No, no sé, porque me lo hace mi hijo, eso. Ah, bien. Bien, porque yo tenía para ofrecerle un plan de 14 digas con WhatsApp gratis y llamadas de limitar a cualquier compañía, ¿sí? con un descuento del 80% por seis meses. Por el día de hoy, le va a quedar por un precio final de $7,790, ¿sí? ¿Me sigue? Sí, pero si pago $3,500 cada dos meses, no sé dónde estaría el beneficio. Bien. Usted tiene varios beneficios, ¿sí? Lo que sería WhatsApp gratis. Le hago una consulta. ¿Usted tiene 7 líneas? Sí. ¿Y esas 7 líneas solamente las recarga la suya? ¿O tiene las otras líneas con abono? No, todas prepagos están. Bien, perfecto. Y a todas les carga el mismo monto, ¿cierto? Sí. Cada dos meses, alguno de mi señora pasó como 6 meses para cargarle. No son de utilizar tanto, ¿cierto? No, no. O sea, cuando estoy buscando por teléfono lo usamos con Wi-Fi o WhatsApp y Wi-Fi tengo en mi casa. Claro. Digamos que no son de utilizar tanto. No, no. Bien, perfecto. Nosotros igualmente, ya que tiene varias líneas, tenemos varios beneficios, como recargarle 4 gigas más a cada línea, ¿sí? Usted tiene 4 gigas que son de su abono mensual, más las 10 gigas de regalo, ya que eso queda con ese precio final que yo le comentaba, y esos son los beneficios, sino lo que serían las otras gigas de regalo también. Pero 7.000, ¿cuánto me dijiste? 7.790, con 14 días de regalo. Casi 8.000 pesos por mes tendría que pagar. Sí, exacto. Claro, no cierran los números. Si tenés una calculadora a mano, fíjate, no cerrarían nunca los números. Si yo cada dos meses pago $3,500, una recarga de $3,500 son $1,700, puede ser por mes contra $8,000, imposible. Bien, deme dos segunditos y ahora veo cómo puedo solucionarles, ¿sí? Ángel? Sí. Mire, ahí voy a hablar con mi supervisor para ver qué tipo de descuento podemos hacer en su caso, tal que tiene siete líneas, ¿sí? Sí. Aguárdame un segundito, ¿sí? Bueno. Muchas gracias. No me cobraran a mí este llamado, ¿no? Me llamó ella. O si no, me tienen que decir que llamaba a su cargo a recibirla. ¿Ángel? Sí. Sí, disculpe por la demora. Mira, yo ahora le voy a hacer un mensajito vía WhatsApp para poder pasarle algunos planes para que usted pueda verlo con tranquilidad, ver el tema de los números. Y en lo que se desocupe mi supervisor, hacemos una llamada nuevamente para que él pueda solucionar y ver qué podemos ofrecerle con una mejor calidad. Bueno, bueno, listo. Gracias. Muchísimas gracias Ángel, que estén muy bien. Adiós.",
  "calidad": {
    "confianza_promedio": 0.505,
    "metodo_diarizacion": "pausas_fallback",
    "tiempo_procesamiento": 14.4
  },
  "metadata": {
    "modelo": "whisperx_medium",
    "diarizacion": "pausas",
    "dispositivo": "cuda",
    "fecha": "2026-02-18T22:45:32.904250",
    "version": "5.0_ecapa"
  }
}