{
  "archivo": "amza10_1_260219140519709_ACD_15957.wav",
  "duracion_segundos": 84.24,
  "num_segmentos": 24,
  "num_hablantes": 2,
  "hablantes": [
    "Hablante A",
    "Hablante B"
  ],
  "tiempo_por_hablante": {
    "Hablante B": 6.88,
    "Hablante A": 66.52
  },
  "idioma": "es",
  "conversacion": [
    {
      "hablante": "Hablante B",
      "inicio": 2.83,
      "fin": 5.58,
      "duracion": 2.74,
      "texto": "Hola, buenas tardes.",
      "confianza": 0.071
    },
    {
      "hablante": "Hablante B",
      "inicio": 5.6,
      "fin": 5.88,
      "duracion": 0.28,
      "texto": "Buenas tardes.",
      "confianza": 0.06
    },
    {
      "hablante": "Hablante B",
      "inicio": 5.9,
      "fin": 6.54,
      "duracion": 0.64,
      "texto": "¿Cómo estás?",
      "confianza": 0.686
    },
    {
      "hablante": "Hablante B",
      "inicio": 6.56,
      "fin": 7.38,
      "duracion": 0.82,
      "texto": "Un gusto, Lourdes.",
      "confianza": 0.679
    },
    {
      "hablante": "Hablante B",
      "inicio": 7.4,
      "fin": 9.8,
      "duracion": 2.4,
      "texto": "Es que lo que queremos hablar con García y Jorge, ¿se encuentra?",
      "confianza": 0.515
    },
    {
      "hablante": "Hablante A",
      "inicio": 13.27,
      "fin": 14.11,
      "duracion": 0.84,
      "texto": "Sí, sí, sí.",
      "confianza": 0.284
    },
    {
      "hablante": "Hablante A",
      "inicio": 14.13,
      "fin": 14.39,
      "duracion": 0.26,
      "texto": "¿Es de usted?",
      "confianza": 0.005
    },
    {
      "hablante": "Hablante A",
      "inicio": 14.41,
      "fin": 14.47,
      "duracion": 0.06,
      "texto": "Sí.",
      "confianza": 0.229
    },
    {
      "hablante": "Hablante A",
      "inicio": 14.49,
      "fin": 15.31,
      "duracion": 0.82,
      "texto": "Un gusto.",
      "confianza": 0.137
    },
    {
      "hablante": "Hablante A",
      "inicio": 15.33,
      "fin": 21.82,
      "duracion": 6.49,
      "texto": "Jorge, me ponía en contacto, sí, porque tenemos para brindarte que, quiero que lo sepas, generalmente un 80% descuenta en las líneas.",
      "confianza": 0.722
    },
    {
      "hablante": "Hablante A",
      "inicio": 22.64,
      "fin": 23.18,
      "duracion": 0.54,
      "texto": "Sí.",
      "confianza": 0.482
    },
    {
      "hablante": "Hablante A",
      "inicio": 23.2,
      "fin": 29.85,
      "duracion": 6.65,
      "texto": "No sé bien cuántas líneas son las que vos sales actualmente funcionando.",
      "confianza": 0.611
    },
    {
      "hablante": "Hablante A",
      "inicio": 29.87,
      "fin": 31.11,
      "duracion": 1.24,
      "texto": "No, no, lo que pasa es, ¿por qué siempre ya me estás hablando?",
      "confianza": 0.018
    },
    {
      "hablante": "Hablante A",
      "inicio": 31.13,
      "fin": 32.76,
      "duracion": 1.62,
      "texto": "De la idea de recuperar Movistar.",
      "confianza": 0.645
    },
    {
      "hablante": "Hablante A",
      "inicio": 33.19,
      "fin": 40.34,
      "duracion": 7.15,
      "texto": "Bueno, lo que pasa es que los gentes no lo tienen que perder, no se tienen que tomar tanto tiempo en recuperar al cliente.",
      "confianza": 0.676
    },
    {
      "hablante": "Hablante A",
      "inicio": 41.1,
      "fin": 44.06,
      "duracion": 2.96,
      "texto": "Lo que tienen que hacer es no perder los clientes.",
      "confianza": 0.711
    },
    {
      "hablante": "Hablante A",
      "inicio": 44.09,
      "fin": 48.69,
      "duracion": 4.61,
      "texto": "Bueno, a mí ya me perdieron, yo les avisé, es lindo, ahora los que me están, perdonadme, ¿no?",
      "confianza": 0.424
    },
    {
      "hablante": "Hablante A",
      "inicio": 48.71,
      "fin": 53.6,
      "duracion": 4.89,
      "texto": "Yo sí que digo a vos lo que siento, lo que nos están haciendo nosotros es muy feo.",
      "confianza": 0.588
    },
    {
      "hablante": "Hablante A",
      "inicio": 53.62,
      "fin": 57.68,
      "duracion": 4.07,
      "texto": "Imaginate que te digan lo más feo, bueno, lo más feo te estoy diciendo yo, ¿entendés?",
      "confianza": 0.521
    },
    {
      "hablante": "Hablante A",
      "inicio": 57.7,
      "fin": 58.41,
      "duracion": 0.7,
      "texto": "Entonces,",
      "confianza": 0.783
    },
    {
      "hablante": "Hablante A",
      "inicio": 59.04,
      "fin": 67.78,
      "duracion": 8.74,
      "texto": "Entonces no me hagan que se nos diga si a otra persona no se siente mal, aparte de los más que me hacen sentir a mí y toda mi familia con los miles de llamados que no hacen.",
      "confianza": 0.611
    },
    {
      "hablante": "Hablante A",
      "inicio": 68.81,
      "fin": 75.68,
      "duracion": 6.88,
      "texto": "Así que ponedle de alguna manera, así no lo ponemos en mi palabra que es lo que me está pasando a mí.",
      "confianza": 0.565
    },
    {
      "hablante": "Hablante A",
      "inicio": 75.7,
      "fin": 81.01,
      "duracion": 5.31,
      "texto": "Así que ponedle a la empresa que no me rompan más por no decir otra cosa.",
      "confianza": 0.768
    },
    {
      "hablante": "Hablante A",
      "inicio": 81.55,
      "fin": 84.24,
      "duracion": 2.69,
      "texto": "Haceme el favor.",
      "confianza": 0.729
    }
  ],
  "transcripcion_completa": "Hola, buenas tardes. Buenas tardes. ¿Cómo estás? Un gusto, Lourdes. Es que lo que queremos hablar con García y Jorge, ¿se encuentra? Sí, sí, sí. ¿Es de usted? Sí. Un gusto. Jorge, me ponía en contacto, sí, porque tenemos para brindarte que, quiero que lo sepas, generalmente un 80% descuenta en las líneas. Sí. No sé bien cuántas líneas son las que vos sales actualmente funcionando. No, no, lo que pasa es, ¿por qué siempre ya me estás hablando? De la idea de recuperar Movistar. Bueno, lo que pasa es que los gentes no lo tienen que perder, no se tienen que tomar tanto tiempo en recuperar al cliente. Lo que tienen que hacer es no perder los clientes. Bueno, a mí ya me perdieron, yo les avisé, es lindo, ahora los que me están, perdonadme, ¿no? Yo sí que digo a vos lo que siento, lo que nos están haciendo nosotros es muy feo. Imaginate que te digan lo más feo, bueno, lo más feo te estoy diciendo yo, ¿entendés? Entonces, Entonces no me hagan que se nos diga si a otra persona no se siente mal, aparte de los más que me hacen sentir a mí y toda mi familia con los miles de llamados que no hacen. Así que ponedle de alguna manera, así no lo ponemos en mi palabra que es lo que me está pasando a mí. Así que ponedle a la empresa que no me rompan más por no decir otra cosa. Haceme el favor.",
  "calidad": {
    "confianza_promedio": 0.48,
    "metodo_diarizacion": "pausas_fallback",
    "tiempo_procesamiento": 8.1
  },
  "metadata": {
    "modelo": "whisperx_medium",
    "diarizacion": "pausas",
    "dispositivo": "cuda",
    "fecha": "2026-02-21T13:29:17.802288",
    "version": "5.0_ecapa"
  }
}