{
  "archivo": "amza12_1_260212102546683_ACD_53233.wav",
  "duracion_segundos": 137.38,
  "num_segmentos": 49,
  "num_hablantes": 2,
  "hablantes": [
    "Hablante A",
    "Hablante B"
  ],
  "tiempo_por_hablante": {
    "Hablante A": 49.95,
    "Hablante B": 67.37
  },
  "idioma": "es",
  "conversacion": [
    {
      "hablante": "Hablante A",
      "inicio": 1.3,
      "fin": 2.08,
      "duracion": 0.78,
      "texto": "Hola, buenos días.",
      "confianza": 0.223
    },
    {
      "hablante": "Hablante A",
      "inicio": 2.1,
      "fin": 2.5,
      "duracion": 0.4,
      "texto": "¿Cómo estás?",
      "confianza": 0.374
    },
    {
      "hablante": "Hablante A",
      "inicio": 2.52,
      "fin": 5.76,
      "duracion": 3.24,
      "texto": "¿Me comunico con Marilo?",
      "confianza": 0.434
    },
    {
      "hablante": "Hablante A",
      "inicio": 5.78,
      "fin": 5.84,
      "duracion": 0.06,
      "texto": "Sí.",
      "confianza": 0.131
    },
    {
      "hablante": "Hablante A",
      "inicio": 5.86,
      "fin": 6.58,
      "duracion": 0.72,
      "texto": "Marilo, ¿cómo estás?",
      "confianza": 0.277
    },
    {
      "hablante": "Hablante A",
      "inicio": 6.6,
      "fin": 7.8,
      "duracion": 1.2,
      "texto": "No hay directa de la escuela.",
      "confianza": 0.368
    },
    {
      "hablante": "Hablante A",
      "inicio": 7.82,
      "fin": 11.31,
      "duracion": 3.48,
      "texto": "Me estoy comunicando de la idea de recuperar al cliente de Movistar.",
      "confianza": 0.412
    },
    {
      "hablante": "Hablante A",
      "inicio": 11.33,
      "fin": 13.31,
      "duracion": 1.98,
      "texto": "¿Cómo estás?",
      "confianza": 0.426
    },
    {
      "hablante": "Hablante B",
      "inicio": 15.83,
      "fin": 16.09,
      "duracion": 0.26,
      "texto": "Oh, disculpa.",
      "confianza": 0.003
    },
    {
      "hablante": "Hablante B",
      "inicio": 16.11,
      "fin": 16.31,
      "duracion": 0.2,
      "texto": "Así corto.",
      "confianza": 0.001
    },
    {
      "hablante": "Hablante B",
      "inicio": 16.33,
      "fin": 16.53,
      "duracion": 0.2,
      "texto": "Me repetí.",
      "confianza": 0.006
    },
    {
      "hablante": "Hablante B",
      "inicio": 16.55,
      "fin": 16.79,
      "duracion": 0.24,
      "texto": "¿Cómo estás?",
      "confianza": 0.016
    },
    {
      "hablante": "Hablante B",
      "inicio": 16.81,
      "fin": 17.97,
      "duracion": 1.16,
      "texto": "¿Me escuchas?",
      "confianza": 0.138
    },
    {
      "hablante": "Hablante B",
      "inicio": 17.99,
      "fin": 19.03,
      "duracion": 1.04,
      "texto": "Ahora sí.",
      "confianza": 0.24
    },
    {
      "hablante": "Hablante B",
      "inicio": 19.05,
      "fin": 27.58,
      "duracion": 8.53,
      "texto": "Me comunico de la idea de recuperar al cliente de Movistar para brindar los beneficios en la línea, ¿sí?",
      "confianza": 0.624
    },
    {
      "hablante": "Hablante B",
      "inicio": 27.6,
      "fin": 27.66,
      "duracion": 0.06,
      "texto": "Sí.",
      "confianza": 0.044
    },
    {
      "hablante": "Hablante B",
      "inicio": 27.68,
      "fin": 28.06,
      "duracion": 0.38,
      "texto": "Mira, yo hice el...",
      "confianza": 0.056
    },
    {
      "hablante": "Hablante B",
      "inicio": 28.82,
      "fin": 31.44,
      "duracion": 2.62,
      "texto": "La portabilidad con ustedes, pero bueno, no consigo acá.",
      "confianza": 0.625
    },
    {
      "hablante": "Hablante B",
      "inicio": 32.62,
      "fin": 37.31,
      "duracion": 4.69,
      "texto": "Yo estoy en Olver, en ese cuarto, y acá no anda Movistar.",
      "confianza": 0.653
    },
    {
      "hablante": "Hablante B",
      "inicio": 37.33,
      "fin": 38.85,
      "duracion": 1.52,
      "texto": "Ahí nadie vende chip.",
      "confianza": 0.646
    },
    {
      "hablante": "Hablante B",
      "inicio": 38.87,
      "fin": 46.28,
      "duracion": 7.41,
      "texto": "En Río Cuarto.",
      "confianza": 0.368
    },
    {
      "hablante": "Hablante B",
      "inicio": 46.3,
      "fin": 47.68,
      "duracion": 1.38,
      "texto": "En Movistar.",
      "confianza": 0.392
    },
    {
      "hablante": "Hablante B",
      "inicio": 47.74,
      "fin": 47.94,
      "duracion": 0.2,
      "texto": "Bien.",
      "confianza": 0.625
    },
    {
      "hablante": "Hablante B",
      "inicio": 48.02,
      "fin": 48.44,
      "duracion": 0.42,
      "texto": "En Olver.",
      "confianza": 0.447
    },
    {
      "hablante": "Hablante B",
      "inicio": 48.52,
      "fin": 50.33,
      "duracion": 1.8,
      "texto": "En Córdoba, perfecto.",
      "confianza": 0.349
    },
    {
      "hablante": "Hablante B",
      "inicio": 50.35,
      "fin": 50.45,
      "duracion": 0.1,
      "texto": "Bien.",
      "confianza": 0.005
    },
    {
      "hablante": "Hablante B",
      "inicio": 50.47,
      "fin": 51.39,
      "duracion": 0.92,
      "texto": "¿No tenéis para ir a buscar el chip, me decís?",
      "confianza": 0.003
    },
    {
      "hablante": "Hablante B",
      "inicio": 51.41,
      "fin": 52.51,
      "duracion": 1.1,
      "texto": "Nadie vende acá chip de Movistar, porque no funciona.",
      "confianza": 0.05
    },
    {
      "hablante": "Hablante B",
      "inicio": 52.53,
      "fin": 52.75,
      "duracion": 0.22,
      "texto": "Bien, bien.",
      "confianza": 0.001
    },
    {
      "hablante": "Hablante B",
      "inicio": 52.77,
      "fin": 54.87,
      "duracion": 2.1,
      "texto": "¿Veis para ver la cobertura?",
      "confianza": 0.397
    },
    {
      "hablante": "Hablante B",
      "inicio": 54.89,
      "fin": 58.13,
      "duracion": 3.24,
      "texto": "Me fui hasta Río Cuarto, me fui hasta Río Cuarto, y tampoco venden en Río Cuarto.",
      "confianza": 0.481
    },
    {
      "hablante": "Hablante A",
      "inicio": 59.8,
      "fin": 63.93,
      "duracion": 4.13,
      "texto": "Claro, nosotros igualmente los chips los enviamos a homicidios, ¿sí?",
      "confianza": 0.365
    },
    {
      "hablante": "Hablante A",
      "inicio": 63.95,
      "fin": 64.79,
      "duracion": 0.84,
      "texto": "Sí, pero no.",
      "confianza": 0.37
    },
    {
      "hablante": "Hablante A",
      "inicio": 65.15,
      "fin": 71.7,
      "duracion": 6.55,
      "texto": "Está bien, yo entiendo, pero no me sirve el chip de movistar porque no hay buena cobertura acá.",
      "confianza": 0.611
    },
    {
      "hablante": "Hablante A",
      "inicio": 71.72,
      "fin": 74.22,
      "duracion": 2.5,
      "texto": "Claro, ¿de qué parte del río cuándo me dijiste que estabas?",
      "confianza": 0.36
    },
    {
      "hablante": "Hablante A",
      "inicio": 74.24,
      "fin": 74.82,
      "duracion": 0.58,
      "texto": "En Olver.",
      "confianza": 0.713
    },
    {
      "hablante": "Hablante B",
      "inicio": 77.43,
      "fin": 78.69,
      "duracion": 1.26,
      "texto": "OK.",
      "confianza": 0.454
    },
    {
      "hablante": "Hablante B",
      "inicio": 78.71,
      "fin": 81.13,
      "duracion": 2.42,
      "texto": "Bueno, entonces lo voy a dejar asentado, ¿sí?",
      "confianza": 0.418
    },
    {
      "hablante": "Hablante B",
      "inicio": 81.15,
      "fin": 83.31,
      "duracion": 2.16,
      "texto": "Que justamente te vas porque no tienes cobertura.",
      "confianza": 0.652
    },
    {
      "hablante": "Hablante B",
      "inicio": 84.12,
      "fin": 84.7,
      "duracion": 0.58,
      "texto": "No hay problema.",
      "confianza": 0.403
    },
    {
      "hablante": "Hablante B",
      "inicio": 85.38,
      "fin": 88.12,
      "duracion": 2.74,
      "texto": "Yo soy de claro, me estaba pasando a movistar.",
      "confianza": 0.621
    },
    {
      "hablante": "Hablante B",
      "inicio": 89.22,
      "fin": 92.4,
      "duracion": 3.18,
      "texto": "Claro, sí, sí, sí, todos los dedos podemos estar justamente.",
      "confianza": 0.298
    },
    {
      "hablante": "Hablante B",
      "inicio": 92.42,
      "fin": 97.62,
      "duracion": 5.21,
      "texto": "Claro, a cobertura tenés en Río Cuarto, pero solo en Río Cuarto, y después a los alrededores lo tenés 3G.",
      "confianza": 0.584
    },
    {
      "hablante": "Hablante B",
      "inicio": 98.79,
      "fin": 103.73,
      "duracion": 4.95,
      "texto": "Claro, no funciona acá en Olo, no funciona en Montaña.",
      "confianza": 0.561
    },
    {
      "hablante": "Hablante B",
      "inicio": 103.75,
      "fin": 106.23,
      "duracion": 2.48,
      "texto": "¿Podemos dejar sin efecto la portabilidad?",
      "confianza": 0.432
    },
    {
      "hablante": "Hablante A",
      "inicio": 107.76,
      "fin": 110.9,
      "duracion": 3.14,
      "texto": "Si vos no tenías una portabilidad en trámite, no puedo hacer nada otro.",
      "confianza": 0.626
    },
    {
      "hablante": "Hablante B",
      "inicio": 112.58,
      "fin": 112.82,
      "duracion": 0.24,
      "texto": "Si, gracias.",
      "confianza": 0.07
    },
    {
      "hablante": "Hablante B",
      "inicio": 112.84,
      "fin": 115.21,
      "duracion": 2.36,
      "texto": "Tienes que comunicarte directamente al 0800.",
      "confianza": 0.47
    },
    {
      "hablante": "Hablante A",
      "inicio": 117.03,
      "fin": 137.38,
      "duracion": 20.35,
      "texto": "no eh para cero ochocientos tres dos uno cero seis once dale me comunico dale muchas gracias",
      "confianza": 0.57
    }
  ],
  "transcripcion_completa": "Hola, buenos días. ¿Cómo estás? ¿Me comunico con Marilo? Sí. Marilo, ¿cómo estás? No hay directa de la escuela. Me estoy comunicando de la idea de recuperar al cliente de Movistar. ¿Cómo estás? Oh, disculpa. Así corto. Me repetí. ¿Cómo estás? ¿Me escuchas? Ahora sí. Me comunico de la idea de recuperar al cliente de Movistar para brindar los beneficios en la línea, ¿sí? Sí. Mira, yo hice el... La portabilidad con ustedes, pero bueno, no consigo acá. Yo estoy en Olver, en ese cuarto, y acá no anda Movistar. Ahí nadie vende chip. En Río Cuarto. En Movistar. Bien. En Olver. En Córdoba, perfecto. Bien. ¿No tenéis para ir a buscar el chip, me decís? Nadie vende acá chip de Movistar, porque no funciona. Bien, bien. ¿Veis para ver la cobertura? Me fui hasta Río Cuarto, me fui hasta Río Cuarto, y tampoco venden en Río Cuarto. Claro, nosotros igualmente los chips los enviamos a homicidios, ¿sí? Sí, pero no. Está bien, yo entiendo, pero no me sirve el chip de movistar porque no hay buena cobertura acá. Claro, ¿de qué parte del río cuándo me dijiste que estabas? En Olver. OK. Bueno, entonces lo voy a dejar asentado, ¿sí? Que justamente te vas porque no tienes cobertura. No hay problema. Yo soy de claro, me estaba pasando a movistar. Claro, sí, sí, sí, todos los dedos podemos estar justamente. Claro, a cobertura tenés en Río Cuarto, pero solo en Río Cuarto, y después a los alrededores lo tenés 3G. Claro, no funciona acá en Olo, no funciona en Montaña. ¿Podemos dejar sin efecto la portabilidad? Si vos no tenías una portabilidad en trámite, no puedo hacer nada otro. Si, gracias. Tienes que comunicarte directamente al 0800. no eh para cero ochocientos tres dos uno cero seis once dale me comunico dale muchas gracias",
  "calidad": {
    "confianza_promedio": 0.355,
    "metodo_diarizacion": "pausas_fallback",
    "tiempo_procesamiento": 9.8
  },
  "metadata": {
    "modelo": "whisperx_medium",
    "diarizacion": "pausas",
    "dispositivo": "cuda",
    "fecha": "2026-02-18T23:10:31.655610",
    "version": "5.0_ecapa"
  }
}