{
  "archivo": "amza14_1_260209133632497_ACD_37479.wav",
  "duracion_segundos": 83.72,
  "num_segmentos": 38,
  "num_hablantes": 2,
  "hablantes": [
    "Hablante A",
    "Hablante B"
  ],
  "tiempo_por_hablante": {
    "Hablante A": 65.4,
    "Hablante B": 9.04
  },
  "idioma": "es",
  "conversacion": [
    {
      "hablante": "Hablante A",
      "inicio": 1.06,
      "fin": 2.12,
      "duracion": 1.06,
      "texto": "Hola, buenas tardes.",
      "confianza": 0.191
    },
    {
      "hablante": "Hablante A",
      "inicio": 2.14,
      "fin": 3.08,
      "duracion": 0.94,
      "texto": "Hablo con Liliana.",
      "confianza": 0.729
    },
    {
      "hablante": "Hablante B",
      "inicio": 4.92,
      "fin": 4.99,
      "duracion": 0.06,
      "texto": "Sí.",
      "confianza": 0.178
    },
    {
      "hablante": "Hablante B",
      "inicio": 5.01,
      "fin": 5.77,
      "duracion": 0.76,
      "texto": "¿Cómo estás, Liliana?",
      "confianza": 0.672
    },
    {
      "hablante": "Hablante B",
      "inicio": 5.83,
      "fin": 6.19,
      "duracion": 0.36,
      "texto": "Un gusto.",
      "confianza": 0.718
    },
    {
      "hablante": "Hablante B",
      "inicio": 6.21,
      "fin": 7.13,
      "duracion": 0.92,
      "texto": "Mi nombre es Bruno.",
      "confianza": 0.64
    },
    {
      "hablante": "Hablante B",
      "inicio": 7.15,
      "fin": 10.03,
      "duracion": 2.88,
      "texto": "Me estaba comunicando desde el área de recuperar clientes Movistar.",
      "confianza": 0.698
    },
    {
      "hablante": "Hablante B",
      "inicio": 11.01,
      "fin": 13.14,
      "duracion": 2.12,
      "texto": "Tenemos una promoción disponible para tu línea.",
      "confianza": 0.848
    },
    {
      "hablante": "Hablante B",
      "inicio": 13.16,
      "fin": 15.1,
      "duracion": 1.94,
      "texto": "¿Actualmente tenés claro?",
      "confianza": 0.793
    },
    {
      "hablante": "Hablante A",
      "inicio": 17.78,
      "fin": 17.86,
      "duracion": 0.08,
      "texto": "Sí.",
      "confianza": 0.355
    },
    {
      "hablante": "Hablante A",
      "inicio": 17.88,
      "fin": 18.12,
      "duracion": 0.24,
      "texto": "Bien.",
      "confianza": 0.287
    },
    {
      "hablante": "Hablante A",
      "inicio": 18.14,
      "fin": 21.69,
      "duracion": 3.55,
      "texto": "Liliana, nosotros, en realidad, tenemos una promoción con 14 gigas en total.",
      "confianza": 0.649
    },
    {
      "hablante": "Hablante A",
      "inicio": 21.71,
      "fin": 22.97,
      "duracion": 1.26,
      "texto": "Vas a tener WhatsApp gratis.",
      "confianza": 0.647
    },
    {
      "hablante": "Hablante A",
      "inicio": 22.99,
      "fin": 24.15,
      "duracion": 1.16,
      "texto": "Habla libre a cualquier compañía.",
      "confianza": 0.739
    },
    {
      "hablante": "Hablante A",
      "inicio": 24.17,
      "fin": 26.41,
      "duracion": 2.24,
      "texto": "Esta es una promoción del 80%.",
      "confianza": 0.681
    },
    {
      "hablante": "Hablante A",
      "inicio": 26.88,
      "fin": 29.7,
      "duracion": 2.82,
      "texto": "Te queda un precio final de $7,790.",
      "confianza": 0.764
    },
    {
      "hablante": "Hablante A",
      "inicio": 30.37,
      "fin": 32.19,
      "duracion": 1.82,
      "texto": "Es un descuento que tenemos disponible hoy.",
      "confianza": 0.801
    },
    {
      "hablante": "Hablante A",
      "inicio": 32.21,
      "fin": 38.18,
      "duracion": 5.97,
      "texto": "¿Vos actualmente qué cantidad llegas a tener?",
      "confianza": 0.553
    },
    {
      "hablante": "Hablante A",
      "inicio": 38.2,
      "fin": 39.44,
      "duracion": 1.24,
      "texto": "No tengo la menor idea.",
      "confianza": 0.178
    },
    {
      "hablante": "Hablante A",
      "inicio": 39.46,
      "fin": 39.6,
      "duracion": 0.14,
      "texto": "Bien.",
      "confianza": 0.317
    },
    {
      "hablante": "Hablante A",
      "inicio": 39.62,
      "fin": 46.89,
      "duracion": 7.27,
      "texto": "¿No ocupa mucho?",
      "confianza": 0.492
    },
    {
      "hablante": "Hablante A",
      "inicio": 46.91,
      "fin": 47.09,
      "duracion": 0.18,
      "texto": "No, nada.",
      "confianza": 0.0
    },
    {
      "hablante": "Hablante A",
      "inicio": 47.11,
      "fin": 47.21,
      "duracion": 0.1,
      "texto": "Nada.",
      "confianza": 0.025
    },
    {
      "hablante": "Hablante A",
      "inicio": 47.23,
      "fin": 47.45,
      "duracion": 0.22,
      "texto": "Bien.",
      "confianza": 0.737
    },
    {
      "hablante": "Hablante A",
      "inicio": 47.47,
      "fin": 53.2,
      "duracion": 5.73,
      "texto": "¿Y cuánto está bonando por su línea lineal actualmente?",
      "confianza": 0.714
    },
    {
      "hablante": "Hablante A",
      "inicio": 53.22,
      "fin": 57.26,
      "duracion": 4.04,
      "texto": "9.1 pesos, creo.",
      "confianza": 0.529
    },
    {
      "hablante": "Hablante A",
      "inicio": 57.28,
      "fin": 58.06,
      "duracion": 0.78,
      "texto": "Bien.",
      "confianza": 0.865
    },
    {
      "hablante": "Hablante A",
      "inicio": 58.08,
      "fin": 60.13,
      "duracion": 2.04,
      "texto": "¿Tiene una sola línea o tiene más líneas usted?",
      "confianza": 0.748
    },
    {
      "hablante": "Hablante A",
      "inicio": 60.55,
      "fin": 62.45,
      "duracion": 1.9,
      "texto": "No tengo una sola.",
      "confianza": 0.117
    },
    {
      "hablante": "Hablante A",
      "inicio": 62.47,
      "fin": 63.03,
      "duracion": 0.56,
      "texto": "Una sola.",
      "confianza": 0.816
    },
    {
      "hablante": "Hablante A",
      "inicio": 63.05,
      "fin": 65.39,
      "duracion": 2.34,
      "texto": "Bien, en ese caso es el plan más económico que tenemos.",
      "confianza": 0.714
    },
    {
      "hablante": "Hablante A",
      "inicio": 65.41,
      "fin": 66.37,
      "duracion": 0.96,
      "texto": "14 gigas en 7.790.",
      "confianza": 0.684
    },
    {
      "hablante": "Hablante A",
      "inicio": 66.73,
      "fin": 75.19,
      "duracion": 8.45,
      "texto": "Bueno, cualquier cosa te llama.",
      "confianza": 0.487
    },
    {
      "hablante": "Hablante A",
      "inicio": 75.2,
      "fin": 81.15,
      "duracion": 5.95,
      "texto": "Ahora me siento muy mal y no puedo atender.",
      "confianza": 0.074
    },
    {
      "hablante": "Hablante A",
      "inicio": 81.17,
      "fin": 81.33,
      "duracion": 0.16,
      "texto": "Gracias.",
      "confianza": 0.013
    },
    {
      "hablante": "Hablante A",
      "inicio": 81.35,
      "fin": 82.25,
      "duracion": 0.9,
      "texto": "No hay problema, Lidiana.",
      "confianza": 0.577
    },
    {
      "hablante": "Hablante A",
      "inicio": 82.33,
      "fin": 83.12,
      "duracion": 0.78,
      "texto": "Que tenga buen día.",
      "confianza": 0.844
    },
    {
      "hablante": "Hablante A",
      "inicio": 83.2,
      "fin": 83.72,
      "duracion": 0.52,
      "texto": "Hasta luego.",
      "confianza": 0.72
    }
  ],
  "transcripcion_completa": "Hola, buenas tardes. Hablo con Liliana. Sí. ¿Cómo estás, Liliana? Un gusto. Mi nombre es Bruno. Me estaba comunicando desde el área de recuperar clientes Movistar. Tenemos una promoción disponible para tu línea. ¿Actualmente tenés claro? Sí. Bien. Liliana, nosotros, en realidad, tenemos una promoción con 14 gigas en total. Vas a tener WhatsApp gratis. Habla libre a cualquier compañía. Esta es una promoción del 80%. Te queda un precio final de $7,790. Es un descuento que tenemos disponible hoy. ¿Vos actualmente qué cantidad llegas a tener? No tengo la menor idea. Bien. ¿No ocupa mucho? No, nada. Nada. Bien. ¿Y cuánto está bonando por su línea lineal actualmente? 9.1 pesos, creo. Bien. ¿Tiene una sola línea o tiene más líneas usted? No tengo una sola. Una sola. Bien, en ese caso es el plan más económico que tenemos. 14 gigas en 7.790. Bueno, cualquier cosa te llama. Ahora me siento muy mal y no puedo atender. Gracias. No hay problema, Lidiana. Que tenga buen día. Hasta luego.",
  "calidad": {
    "confianza_promedio": 0.557,
    "metodo_diarizacion": "pausas_fallback",
    "tiempo_procesamiento": 7.8
  },
  "metadata": {
    "modelo": "whisperx_medium",
    "diarizacion": "pausas",
    "dispositivo": "cuda",
    "fecha": "2026-02-18T23:24:43.883050",
    "version": "5.0_ecapa"
  }
}