{
  "archivo": "amza12_1_260213141905617_ACD_74873.wav",
  "duracion_segundos": 114.73,
  "num_segmentos": 33,
  "num_hablantes": 2,
  "hablantes": [
    "Hablante A",
    "Hablante B"
  ],
  "tiempo_por_hablante": {
    "Hablante A": 73.35,
    "Hablante B": 30.73
  },
  "idioma": "es",
  "conversacion": [
    {
      "hablante": "Hablante A",
      "inicio": 0.64,
      "fin": 2.36,
      "duracion": 1.72,
      "texto": "Hola, buenas tardes, ¿cómo estás?",
      "confianza": 0.529
    },
    {
      "hablante": "Hablante B",
      "inicio": 4.72,
      "fin": 5.07,
      "duracion": 0.34,
      "texto": "Bien, trabajando.",
      "confianza": 0.028
    },
    {
      "hablante": "Hablante B",
      "inicio": 5.08,
      "fin": 13.32,
      "duracion": 8.23,
      "texto": "Me estoy ubicando en el área de recuperación del cliente de Movistar, me comunico con Carlos.",
      "confianza": 0.493
    },
    {
      "hablante": "Hablante B",
      "inicio": 13.34,
      "fin": 13.58,
      "duracion": 0.24,
      "texto": "Sí, corazón.",
      "confianza": 0.005
    },
    {
      "hablante": "Hablante B",
      "inicio": 13.6,
      "fin": 14.02,
      "duracion": 0.42,
      "texto": "Carlos, ¿cómo estás?",
      "confianza": 0.041
    },
    {
      "hablante": "Hablante B",
      "inicio": 14.04,
      "fin": 18.41,
      "duracion": 4.37,
      "texto": "Sé que estás trabajando, pero dame un minuto para comentarte.",
      "confianza": 0.758
    },
    {
      "hablante": "Hablante B",
      "inicio": 18.43,
      "fin": 19.31,
      "duracion": 0.88,
      "texto": "Sí, en este caso.",
      "confianza": 0.09
    },
    {
      "hablante": "Hablante B",
      "inicio": 19.33,
      "fin": 28.94,
      "duracion": 9.61,
      "texto": "En este caso te estoy brindando lo que es una promoción con el 80% de descuento para que puedas acceder el día de hoy.",
      "confianza": 0.678
    },
    {
      "hablante": "Hablante B",
      "inicio": 28.96,
      "fin": 29.48,
      "duracion": 0.52,
      "texto": "Está bien, pero escúchame,",
      "confianza": 0.043
    },
    {
      "hablante": "Hablante B",
      "inicio": 29.75,
      "fin": 31.85,
      "duracion": 2.1,
      "texto": "¿Eso es una línea nueva?",
      "confianza": 0.418
    },
    {
      "hablante": "Hablante B",
      "inicio": 31.87,
      "fin": 32.47,
      "duracion": 0.6,
      "texto": "No, no, no.",
      "confianza": 0.421
    },
    {
      "hablante": "Hablante B",
      "inicio": 32.49,
      "fin": 33.59,
      "duracion": 1.1,
      "texto": "Es para la portabilidad.",
      "confianza": 0.781
    },
    {
      "hablante": "Hablante B",
      "inicio": 33.67,
      "fin": 35.99,
      "duracion": 2.32,
      "texto": "O sea, el que guste cambias de compañía con tu mismo número.",
      "confianza": 0.491
    },
    {
      "hablante": "Hablante A",
      "inicio": 38.18,
      "fin": 39.16,
      "duracion": 0.98,
      "texto": "No, no, no, no.",
      "confianza": 0.178
    },
    {
      "hablante": "Hablante A",
      "inicio": 39.18,
      "fin": 40.66,
      "duracion": 1.48,
      "texto": "No lo puedo hacer a eso.",
      "confianza": 0.516
    },
    {
      "hablante": "Hablante A",
      "inicio": 40.68,
      "fin": 41.68,
      "duracion": 1.0,
      "texto": "¿Por qué?",
      "confianza": 0.572
    },
    {
      "hablante": "Hablante A",
      "inicio": 42.14,
      "fin": 43.68,
      "duracion": 1.54,
      "texto": "Porque ya lo hice.",
      "confianza": 0.648
    },
    {
      "hablante": "Hablante A",
      "inicio": 43.7,
      "fin": 44.66,
      "duracion": 0.96,
      "texto": "Sí.",
      "confianza": 0.49
    },
    {
      "hablante": "Hablante A",
      "inicio": 44.68,
      "fin": 56.23,
      "duracion": 11.55,
      "texto": "Y a donde nosotros trabajamos, casi Bolivia, no hay señal de ningún tipo, pero no de ustedes únicamente.",
      "confianza": 0.765
    },
    {
      "hablante": "Hablante A",
      "inicio": 56.88,
      "fin": 59.1,
      "duracion": 2.22,
      "texto": "De nadie, me explico.",
      "confianza": 0.553
    },
    {
      "hablante": "Hablante A",
      "inicio": 59.52,
      "fin": 88.81,
      "duracion": 29.3,
      "texto": "es así, entonces no es que no quiero volver, no, no, no, no, no, no, no, no, no, no, no, no, no, no, no, no, no, no, no, no, no, no, no, no, no, no, no, no, no, no, no, no, no, no, no, no, no, no, no, no, no, no, no, no, no, no, no, no, no, no, no, no, no, no, no, no, no, no, no, no, no, no, no, no, no, no, no, no, no, no, no, no, no, no, no, no, no, no, no, no, no, no, no, no, no, no, no, no, no, no, no, no, no, no, no, no, no, no, no, no, no, no, no, no, no, no, no",
      "confianza": 0.423
    },
    {
      "hablante": "Hablante A",
      "inicio": 90.11,
      "fin": 94.98,
      "duracion": 4.87,
      "texto": "No tengo idea, madre.",
      "confianza": 0.231
    },
    {
      "hablante": "Hablante A",
      "inicio": 95.0,
      "fin": 97.7,
      "duracion": 2.7,
      "texto": "No es tanto el contacto que tenemos, ¿viste?",
      "confianza": 0.653
    },
    {
      "hablante": "Hablante A",
      "inicio": 98.4,
      "fin": 100.35,
      "duracion": 1.94,
      "texto": "Que viajar dice lo que significa.",
      "confianza": 0.534
    },
    {
      "hablante": "Hablante A",
      "inicio": 100.37,
      "fin": 102.19,
      "duracion": 1.82,
      "texto": "Sí.",
      "confianza": 0.696
    },
    {
      "hablante": "Hablante A",
      "inicio": 102.21,
      "fin": 104.74,
      "duracion": 2.53,
      "texto": "No sé, decirte, ahora me agarraste el lado, no sé.",
      "confianza": 0.579
    },
    {
      "hablante": "Hablante A",
      "inicio": 104.76,
      "fin": 106.42,
      "duracion": 1.66,
      "texto": "Bueno, no hay problema.",
      "confianza": 0.604
    },
    {
      "hablante": "Hablante A",
      "inicio": 107.1,
      "fin": 108.74,
      "duracion": 1.64,
      "texto": "Gracias por tu tiempo, ¿sí?",
      "confianza": 0.566
    },
    {
      "hablante": "Hablante A",
      "inicio": 109.2,
      "fin": 109.97,
      "duracion": 0.76,
      "texto": "No, por favor.",
      "confianza": 0.687
    },
    {
      "hablante": "Hablante A",
      "inicio": 109.98,
      "fin": 111.81,
      "duracion": 1.82,
      "texto": "¿Quieres ir más con Lino y a Carlos?",
      "confianza": 0.269
    },
    {
      "hablante": "Hablante A",
      "inicio": 111.83,
      "fin": 113.25,
      "duracion": 1.42,
      "texto": "¿Hasta luego?",
      "confianza": 0.41
    },
    {
      "hablante": "Hablante A",
      "inicio": 113.27,
      "fin": 114.31,
      "duracion": 1.04,
      "texto": "Dale, querida, gracias.",
      "confianza": 0.338
    },
    {
      "hablante": "Hablante A",
      "inicio": 114.33,
      "fin": 114.73,
      "duracion": 0.4,
      "texto": "Muy amable.",
      "confianza": 0.214
    }
  ],
  "transcripcion_completa": "Hola, buenas tardes, ¿cómo estás? Bien, trabajando. Me estoy ubicando en el área de recuperación del cliente de Movistar, me comunico con Carlos. Sí, corazón. Carlos, ¿cómo estás? Sé que estás trabajando, pero dame un minuto para comentarte. Sí, en este caso. En este caso te estoy brindando lo que es una promoción con el 80% de descuento para que puedas acceder el día de hoy. Está bien, pero escúchame, ¿Eso es una línea nueva? No, no, no. Es para la portabilidad. O sea, el que guste cambias de compañía con tu mismo número. No, no, no, no. No lo puedo hacer a eso. ¿Por qué? Porque ya lo hice. Sí. Y a donde nosotros trabajamos, casi Bolivia, no hay señal de ningún tipo, pero no de ustedes únicamente. De nadie, me explico. es así, entonces no es que no quiero volver, no, no, no, no, no, no, no, no, no, no, no, no, no, no, no, no, no, no, no, no, no, no, no, no, no, no, no, no, no, no, no, no, no, no, no, no, no, no, no, no, no, no, no, no, no, no, no, no, no, no, no, no, no, no, no, no, no, no, no, no, no, no, no, no, no, no, no, no, no, no, no, no, no, no, no, no, no, no, no, no, no, no, no, no, no, no, no, no, no, no, no, no, no, no, no, no, no, no, no, no, no, no, no, no, no, no, no No tengo idea, madre. No es tanto el contacto que tenemos, ¿viste? Que viajar dice lo que significa. Sí. No sé, decirte, ahora me agarraste el lado, no sé. Bueno, no hay problema. Gracias por tu tiempo, ¿sí? No, por favor. ¿Quieres ir más con Lino y a Carlos? ¿Hasta luego? Dale, querida, gracias. Muy amable.",
  "calidad": {
    "confianza_promedio": 0.446,
    "metodo_diarizacion": "pausas_fallback",
    "tiempo_procesamiento": 10.7
  },
  "metadata": {
    "modelo": "whisperx_medium",
    "diarizacion": "pausas",
    "dispositivo": "cuda",
    "fecha": "2026-02-18T23:19:07.331433",
    "version": "5.0_ecapa"
  }
}