{
  "archivo": "amza15_1_260213114937969_ACD_63201.wav",
  "duracion_segundos": 69.0,
  "num_segmentos": 26,
  "num_hablantes": 1,
  "hablantes": [
    "Hablante B"
  ],
  "tiempo_por_hablante": {
    "Hablante B": 63.88
  },
  "idioma": "es",
  "conversacion": [
    {
      "hablante": "Hablante B",
      "inicio": 1.65,
      "fin": 5.98,
      "duracion": 4.33,
      "texto": "Hola, un día.",
      "confianza": 0.065
    },
    {
      "hablante": "Hablante B",
      "inicio": 6.0,
      "fin": 6.18,
      "duracion": 0.18,
      "texto": "¿Mariana?",
      "confianza": 0.004
    },
    {
      "hablante": "Hablante B",
      "inicio": 6.2,
      "fin": 6.26,
      "duracion": 0.06,
      "texto": "Sí.",
      "confianza": 0.147
    },
    {
      "hablante": "Hablante B",
      "inicio": 6.28,
      "fin": 7.1,
      "duracion": 0.82,
      "texto": "Mariana, mucho gusto.",
      "confianza": 0.737
    },
    {
      "hablante": "Hablante B",
      "inicio": 7.12,
      "fin": 7.88,
      "duracion": 0.76,
      "texto": "Mi nombre es Agustín.",
      "confianza": 0.314
    },
    {
      "hablante": "Hablante B",
      "inicio": 7.9,
      "fin": 9.84,
      "duracion": 1.94,
      "texto": "Yo estoy llamando lo que es el área de calidad movistar.",
      "confianza": 0.638
    },
    {
      "hablante": "Hablante B",
      "inicio": 9.86,
      "fin": 10.34,
      "duracion": 0.48,
      "texto": "¿Cómo le va?",
      "confianza": 0.578
    },
    {
      "hablante": "Hablante B",
      "inicio": 10.36,
      "fin": 13.32,
      "duracion": 2.96,
      "texto": "¿Todo bien?",
      "confianza": 0.836
    },
    {
      "hablante": "Hablante B",
      "inicio": 13.34,
      "fin": 13.62,
      "duracion": 0.28,
      "texto": "Sí, todo bien.",
      "confianza": 0.004
    },
    {
      "hablante": "Hablante B",
      "inicio": 13.64,
      "fin": 14.59,
      "duracion": 0.94,
      "texto": "Mariana, muchísimas gracias.",
      "confianza": 0.196
    },
    {
      "hablante": "Hablante B",
      "inicio": 14.61,
      "fin": 19.53,
      "duracion": 4.93,
      "texto": "Yo estoy llamando más que nada a Mariana porque, mire, me fui a quedar en el sistema de que usted fue parte de la compañía hasta hace un tiempo atrás, ¿no?",
      "confianza": 0.57
    },
    {
      "hablante": "Hablante B",
      "inicio": 19.89,
      "fin": 27.56,
      "duracion": 7.67,
      "texto": "Y quería saber qué fue lo que la llevó a cambiar, si tuvo un inconveniente, fue por otra oferta.",
      "confianza": 0.657
    },
    {
      "hablante": "Hablante B",
      "inicio": 27.58,
      "fin": 27.76,
      "duracion": 0.18,
      "texto": "Eh, nada.",
      "confianza": 0.1
    },
    {
      "hablante": "Hablante B",
      "inicio": 28.09,
      "fin": 33.68,
      "duracion": 5.59,
      "texto": "Ya me llamaron de tu empresa un montón de veces y le dije que no me voy a cambiar de línea.",
      "confianza": 0.553
    },
    {
      "hablante": "Hablante B",
      "inicio": 33.7,
      "fin": 34.72,
      "duracion": 1.02,
      "texto": "Ah, te llamaron mucho.",
      "confianza": 0.36
    },
    {
      "hablante": "Hablante B",
      "inicio": 34.74,
      "fin": 36.66,
      "duracion": 1.92,
      "texto": "Yo nunca te llamé igual.",
      "confianza": 0.443
    },
    {
      "hablante": "Hablante B",
      "inicio": 36.69,
      "fin": 38.09,
      "duracion": 1.4,
      "texto": "No, no, no.",
      "confianza": 0.304
    },
    {
      "hablante": "Hablante B",
      "inicio": 38.11,
      "fin": 38.25,
      "duracion": 0.14,
      "texto": "No, sí.",
      "confianza": 0.046
    },
    {
      "hablante": "Hablante B",
      "inicio": 38.27,
      "fin": 41.25,
      "duracion": 2.98,
      "texto": "A parte bueno, pero bueno.",
      "confianza": 0.328
    },
    {
      "hablante": "Hablante B",
      "inicio": 41.27,
      "fin": 47.44,
      "duracion": 6.17,
      "texto": "Es todo de la misma empresa y ya sé para aquel lado, así que para que te quieras gastar el tiempo.",
      "confianza": 0.674
    },
    {
      "hablante": "Hablante B",
      "inicio": 48.28,
      "fin": 51.77,
      "duracion": 3.48,
      "texto": "OK, no te interesa de ninguna manera igual pasarte.",
      "confianza": 0.725
    },
    {
      "hablante": "Hablante B",
      "inicio": 51.78,
      "fin": 53.43,
      "duracion": 1.64,
      "texto": "No.",
      "confianza": 0.57
    },
    {
      "hablante": "Hablante B",
      "inicio": 53.45,
      "fin": 54.77,
      "duracion": 1.32,
      "texto": "Bien, Mariana.",
      "confianza": 0.622
    },
    {
      "hablante": "Hablante B",
      "inicio": 54.81,
      "fin": 57.07,
      "duracion": 2.26,
      "texto": "Entonces, bueno, aquí lo voy a dejar centrado, ¿sí?",
      "confianza": 0.471
    },
    {
      "hablante": "Hablante B",
      "inicio": 58.05,
      "fin": 59.11,
      "duracion": 1.06,
      "texto": "Listo, gracias.",
      "confianza": 0.619
    },
    {
      "hablante": "Hablante B",
      "inicio": 59.63,
      "fin": 69.0,
      "duracion": 9.37,
      "texto": "Dale, perfecto.",
      "confianza": 0.641
    }
  ],
  "transcripcion_completa": "Hola, un día. ¿Mariana? Sí. Mariana, mucho gusto. Mi nombre es Agustín. Yo estoy llamando lo que es el área de calidad movistar. ¿Cómo le va? ¿Todo bien? Sí, todo bien. Mariana, muchísimas gracias. Yo estoy llamando más que nada a Mariana porque, mire, me fui a quedar en el sistema de que usted fue parte de la compañía hasta hace un tiempo atrás, ¿no? Y quería saber qué fue lo que la llevó a cambiar, si tuvo un inconveniente, fue por otra oferta. Eh, nada. Ya me llamaron de tu empresa un montón de veces y le dije que no me voy a cambiar de línea. Ah, te llamaron mucho. Yo nunca te llamé igual. No, no, no. No, sí. A parte bueno, pero bueno. Es todo de la misma empresa y ya sé para aquel lado, así que para que te quieras gastar el tiempo. OK, no te interesa de ninguna manera igual pasarte. No. Bien, Mariana. Entonces, bueno, aquí lo voy a dejar centrado, ¿sí? Listo, gracias. Dale, perfecto.",
  "calidad": {
    "confianza_promedio": 0.431,
    "metodo_diarizacion": "pausas_fallback",
    "tiempo_procesamiento": 7.4
  },
  "metadata": {
    "modelo": "whisperx_medium",
    "diarizacion": "pausas",
    "dispositivo": "cuda",
    "fecha": "2026-02-18T23:49:39.664291",
    "version": "5.0_ecapa"
  }
}