{
  "archivo": "amza14_1_260212130238294_ACD_05145.wav",
  "duracion_segundos": 88.14,
  "num_segmentos": 28,
  "num_hablantes": 1,
  "hablantes": [
    "Hablante A"
  ],
  "tiempo_por_hablante": {
    "Hablante A": 83.78
  },
  "idioma": "es",
  "conversacion": [
    {
      "hablante": "Hablante A",
      "inicio": 1.21,
      "fin": 2.21,
      "duracion": 1.0,
      "texto": "Hola, buen día.",
      "confianza": 0.152
    },
    {
      "hablante": "Hablante A",
      "inicio": 2.23,
      "fin": 4.5,
      "duracion": 2.26,
      "texto": "Hablo con María.",
      "confianza": 0.627
    },
    {
      "hablante": "Hablante A",
      "inicio": 4.51,
      "fin": 5.38,
      "duracion": 0.86,
      "texto": "Sí, buenos días.",
      "confianza": 0.309
    },
    {
      "hablante": "Hablante A",
      "inicio": 5.4,
      "fin": 6.16,
      "duracion": 0.76,
      "texto": "¿Cómo estás, María?",
      "confianza": 0.609
    },
    {
      "hablante": "Hablante A",
      "inicio": 6.18,
      "fin": 6.5,
      "duracion": 0.32,
      "texto": "Un gusto.",
      "confianza": 0.886
    },
    {
      "hablante": "Hablante A",
      "inicio": 6.52,
      "fin": 7.34,
      "duracion": 0.82,
      "texto": "Mi nombre es Bruno.",
      "confianza": 0.644
    },
    {
      "hablante": "Hablante A",
      "inicio": 7.38,
      "fin": 10.46,
      "duracion": 3.08,
      "texto": "Me estaba comunicando desde la área de recupero de clientes movistar.",
      "confianza": 0.666
    },
    {
      "hablante": "Hablante A",
      "inicio": 11.7,
      "fin": 13.78,
      "duracion": 2.08,
      "texto": "Tenemos una promoción disponible para tu línea.",
      "confianza": 0.857
    },
    {
      "hablante": "Hablante A",
      "inicio": 13.8,
      "fin": 20.57,
      "duracion": 6.77,
      "texto": "¿Actualmente tenés claro?",
      "confianza": 0.574
    },
    {
      "hablante": "Hablante A",
      "inicio": 21.03,
      "fin": 26.59,
      "duracion": 5.56,
      "texto": "Sí, sí, sí.",
      "confianza": 0.234
    },
    {
      "hablante": "Hablante A",
      "inicio": 26.61,
      "fin": 27.28,
      "duracion": 0.66,
      "texto": "Bien, nosotros... Sí, te escucho.",
      "confianza": 0.0
    },
    {
      "hablante": "Hablante A",
      "inicio": 27.3,
      "fin": 29.5,
      "duracion": 2.2,
      "texto": "No, estoy enojada porque estuve como 30 años en movistar y cuando necesité respuesta",
      "confianza": 0.057
    },
    {
      "hablante": "Hablante A",
      "inicio": 29.73,
      "fin": 38.5,
      "duracion": 8.77,
      "texto": "que tuve dos años o más y que nadie me perdió este teléfono.",
      "confianza": 0.105
    },
    {
      "hablante": "Hablante A",
      "inicio": 38.52,
      "fin": 39.26,
      "duracion": 0.74,
      "texto": "Así que, bueno, sigo enojada por eso.",
      "confianza": 0.011
    },
    {
      "hablante": "Hablante A",
      "inicio": 39.28,
      "fin": 42.3,
      "duracion": 3.02,
      "texto": "Bien, entiendo.",
      "confianza": 0.746
    },
    {
      "hablante": "Hablante A",
      "inicio": 42.32,
      "fin": 47.77,
      "duracion": 5.45,
      "texto": "María, no sé si querés comentarme el problema que tuviste para que te registrara algo.",
      "confianza": 0.644
    },
    {
      "hablante": "Hablante A",
      "inicio": 47.79,
      "fin": 50.03,
      "duracion": 2.24,
      "texto": "¿Cómo que estás, no hay problema?",
      "confianza": 0.439
    },
    {
      "hablante": "Hablante A",
      "inicio": 50.05,
      "fin": 57.31,
      "duracion": 7.27,
      "texto": "No, es que en realidad quería una promoción.",
      "confianza": 0.122
    },
    {
      "hablante": "Hablante A",
      "inicio": 57.34,
      "fin": 58.78,
      "duracion": 1.44,
      "texto": "Quería que alguien me contestara el teléfono para que sabéramos qué fue.",
      "confianza": 0.042
    },
    {
      "hablante": "Hablante A",
      "inicio": 59.01,
      "fin": 69.88,
      "duracion": 10.87,
      "texto": "y cuando llegaba que tenía, bueno, de la línea.",
      "confianza": 0.144
    },
    {
      "hablante": "Hablante A",
      "inicio": 69.9,
      "fin": 70.02,
      "duracion": 0.12,
      "texto": "Claro.",
      "confianza": 0.001
    },
    {
      "hablante": "Hablante A",
      "inicio": 70.04,
      "fin": 70.44,
      "duracion": 0.4,
      "texto": "Nadie me lo pensaba.",
      "confianza": 0.002
    },
    {
      "hablante": "Hablante A",
      "inicio": 70.46,
      "fin": 71.18,
      "duracion": 0.72,
      "texto": "Entonces, bueno, nada, me cantieron.",
      "confianza": 0.023
    },
    {
      "hablante": "Hablante A",
      "inicio": 71.2,
      "fin": 72.02,
      "duracion": 0.82,
      "texto": "Bien, María, entiendo, entiendo.",
      "confianza": 0.245
    },
    {
      "hablante": "Hablante A",
      "inicio": 72.26,
      "fin": 81.67,
      "duracion": 9.41,
      "texto": "Y, bueno, dejo registrado también el reclamo y el problema que tuviste, a ver si, bueno, lo escuchan.",
      "confianza": 0.618
    },
    {
      "hablante": "Hablante A",
      "inicio": 81.69,
      "fin": 84.81,
      "duracion": 3.12,
      "texto": "María, no hay problema, te lo dejo centrado en Sistema directamente.",
      "confianza": 0.608
    },
    {
      "hablante": "Hablante A",
      "inicio": 85.09,
      "fin": 87.82,
      "duracion": 2.72,
      "texto": "Que tengas buen día.",
      "confianza": 0.632
    },
    {
      "hablante": "Hablante A",
      "inicio": 87.84,
      "fin": 88.14,
      "duracion": 0.3,
      "texto": "Bueno, gracias.",
      "confianza": 0.072
    }
  ],
  "transcripcion_completa": "Hola, buen día. Hablo con María. Sí, buenos días. ¿Cómo estás, María? Un gusto. Mi nombre es Bruno. Me estaba comunicando desde la área de recupero de clientes movistar. Tenemos una promoción disponible para tu línea. ¿Actualmente tenés claro? Sí, sí, sí. Bien, nosotros... Sí, te escucho. No, estoy enojada porque estuve como 30 años en movistar y cuando necesité respuesta que tuve dos años o más y que nadie me perdió este teléfono. Así que, bueno, sigo enojada por eso. Bien, entiendo. María, no sé si querés comentarme el problema que tuviste para que te registrara algo. ¿Cómo que estás, no hay problema? No, es que en realidad quería una promoción. Quería que alguien me contestara el teléfono para que sabéramos qué fue. y cuando llegaba que tenía, bueno, de la línea. Claro. Nadie me lo pensaba. Entonces, bueno, nada, me cantieron. Bien, María, entiendo, entiendo. Y, bueno, dejo registrado también el reclamo y el problema que tuviste, a ver si, bueno, lo escuchan. María, no hay problema, te lo dejo centrado en Sistema directamente. Que tengas buen día. Bueno, gracias.",
  "calidad": {
    "confianza_promedio": 0.373,
    "metodo_diarizacion": "pausas_fallback",
    "tiempo_procesamiento": 7.6
  },
  "metadata": {
    "modelo": "whisperx_medium",
    "diarizacion": "pausas",
    "dispositivo": "cuda",
    "fecha": "2026-02-18T23:30:27.495006",
    "version": "5.0_ecapa"
  }
}