{
  "archivo": "amza14_1_260212110310997_ACD_72093.wav",
  "duracion_segundos": 137.67,
  "num_segmentos": 36,
  "num_hablantes": 2,
  "hablantes": [
    "Hablante A",
    "Hablante B"
  ],
  "tiempo_por_hablante": {
    "Hablante A": 101.1,
    "Hablante B": 25.51
  },
  "idioma": "es",
  "conversacion": [
    {
      "hablante": "Hablante A",
      "inicio": 1.33,
      "fin": 4.58,
      "duracion": 3.25,
      "texto": "Hola, buen día.",
      "confianza": 0.081
    },
    {
      "hablante": "Hablante A",
      "inicio": 4.6,
      "fin": 5.14,
      "duracion": 0.54,
      "texto": "¿Cómo le va?",
      "confianza": 0.777
    },
    {
      "hablante": "Hablante A",
      "inicio": 5.16,
      "fin": 5.5,
      "duracion": 0.34,
      "texto": "Un gusto.",
      "confianza": 0.727
    },
    {
      "hablante": "Hablante A",
      "inicio": 5.56,
      "fin": 6.46,
      "duracion": 0.9,
      "texto": "Mi nombre es Bruno.",
      "confianza": 0.669
    },
    {
      "hablante": "Hablante A",
      "inicio": 6.48,
      "fin": 10.57,
      "duracion": 4.09,
      "texto": "Me he estado comunicando desde el área de recuperar clientes movistar.",
      "confianza": 0.589
    },
    {
      "hablante": "Hablante A",
      "inicio": 10.59,
      "fin": 12.79,
      "duracion": 2.2,
      "texto": "Tenemos una promoción disponible para su línea.",
      "confianza": 0.839
    },
    {
      "hablante": "Hablante A",
      "inicio": 13.68,
      "fin": 17.82,
      "duracion": 4.15,
      "texto": "Actualmente tiene claro, ¿verdad?",
      "confianza": 0.562
    },
    {
      "hablante": "Hablante A",
      "inicio": 17.84,
      "fin": 18.3,
      "duracion": 0.46,
      "texto": "Sí, sí, sí tengo claro.",
      "confianza": 0.002
    },
    {
      "hablante": "Hablante A",
      "inicio": 18.32,
      "fin": 21.97,
      "duracion": 3.65,
      "texto": "Bien, nosotros hoy tenemos una promoción del 80%, es un plan",
      "confianza": 0.608
    },
    {
      "hablante": "Hablante A",
      "inicio": 22.27,
      "fin": 34.57,
      "duracion": 12.3,
      "texto": "de 8 GB de base, con 10 GB de regalo tendrías 18 en total, WhatsApp gratis, habla libre a cualquier compañía y también ese plan incluye rumen en América, en el caso de que viajes, a un precio final de 10.720.",
      "confianza": 0.733
    },
    {
      "hablante": "Hablante A",
      "inicio": 34.59,
      "fin": 41.4,
      "duracion": 6.81,
      "texto": "¿Vos actualmente qué cantidad de GB tenés con tu plan actual?",
      "confianza": 0.574
    },
    {
      "hablante": "Hablante A",
      "inicio": 41.42,
      "fin": 42.48,
      "duracion": 1.06,
      "texto": "No, tengo re poquitos.",
      "confianza": 0.274
    },
    {
      "hablante": "Hablante A",
      "inicio": 42.5,
      "fin": 45.3,
      "duracion": 2.8,
      "texto": "Tenés menos GB.",
      "confianza": 0.528
    },
    {
      "hablante": "Hablante A",
      "inicio": 45.33,
      "fin": 45.99,
      "duracion": 0.66,
      "texto": "Sí, sí, tengo menos.",
      "confianza": 0.229
    },
    {
      "hablante": "Hablante A",
      "inicio": 46.01,
      "fin": 49.09,
      "duracion": 3.08,
      "texto": "Acá me figura otra línea, no sé si es correcto, son dos líneas.",
      "confianza": 0.798
    },
    {
      "hablante": "Hablante A",
      "inicio": 50.1,
      "fin": 55.97,
      "duracion": 5.87,
      "texto": "Claro, son dos líneas a nombre de... De Karina y Roberto Mauricio Bien.",
      "confianza": 0.195
    },
    {
      "hablante": "Hablante A",
      "inicio": 55.98,
      "fin": 64.11,
      "duracion": 8.13,
      "texto": "En ese caso, el hacerla protegería de más de una línea registrada bajo el mismo titular, tendrías lo que son 4 gigas extra de regalos en cada una.",
      "confianza": 0.703
    },
    {
      "hablante": "Hablante A",
      "inicio": 64.13,
      "fin": 73.98,
      "duracion": 9.85,
      "texto": "¿Vos no ocupás tantos gigas, o si ya no necesitabas una gran cantidad de gigas, o sí, para el durante el mes?",
      "confianza": 0.684
    },
    {
      "hablante": "Hablante A",
      "inicio": 74.0,
      "fin": 74.39,
      "duracion": 0.38,
      "texto": "A ver, sí, depende.",
      "confianza": 0.053
    },
    {
      "hablante": "Hablante A",
      "inicio": 74.57,
      "fin": 81.2,
      "duracion": 6.63,
      "texto": "A veces tenés que hacer algo... A veces es capaz que ocupo bastante y a veces no tanto.",
      "confianza": 0.162
    },
    {
      "hablante": "Hablante A",
      "inicio": 81.22,
      "fin": 81.32,
      "duracion": 0.1,
      "texto": "Bien.",
      "confianza": 0.002
    },
    {
      "hablante": "Hablante A",
      "inicio": 81.34,
      "fin": 92.28,
      "duracion": 10.94,
      "texto": "Porque también tenemos otro plan un poco más básico, son cuatro y 10 de regalo, 14 en total, con WhatsApp gratis, a la libre a cualquier compañía también, en $7,790.",
      "confianza": 0.773
    },
    {
      "hablante": "Hablante A",
      "inicio": 93.44,
      "fin": 96.98,
      "duracion": 3.55,
      "texto": "Esas son las dos promociones que tenemos el día de hoy.",
      "confianza": 0.826
    },
    {
      "hablante": "Hablante A",
      "inicio": 98.05,
      "fin": 102.21,
      "duracion": 4.17,
      "texto": "$10,720 y $7,790 el otro plan.",
      "confianza": 0.533
    },
    {
      "hablante": "Hablante A",
      "inicio": 102.41,
      "fin": 107.6,
      "duracion": 5.19,
      "texto": "Y bueno, y tendrían esos cuatro gigas extra en el caso de que hagan las dos líneas la portabilidad.",
      "confianza": 0.731
    },
    {
      "hablante": "Hablante B",
      "inicio": 109.96,
      "fin": 110.04,
      "duracion": 0.08,
      "texto": "Ajá.",
      "confianza": 0.009
    },
    {
      "hablante": "Hablante B",
      "inicio": 110.06,
      "fin": 113.69,
      "duracion": 3.62,
      "texto": "¿Y eso lo podrías mandar por WhatsApp?",
      "confianza": 0.617
    },
    {
      "hablante": "Hablante B",
      "inicio": 113.71,
      "fin": 114.99,
      "duracion": 1.28,
      "texto": "Sí, te puedo mandar un WhatsApp.",
      "confianza": 0.086
    },
    {
      "hablante": "Hablante B",
      "inicio": 115.01,
      "fin": 122.46,
      "duracion": 7.45,
      "texto": "Porque ahora Roberto no está, así que de última cuando él llegue, que lo vea también y consulte.",
      "confianza": 0.566
    },
    {
      "hablante": "Hablante B",
      "inicio": 122.48,
      "fin": 124.7,
      "duracion": 2.22,
      "texto": "Igual cosa que se contacte con vos.",
      "confianza": 0.541
    },
    {
      "hablante": "Hablante B",
      "inicio": 124.72,
      "fin": 125.0,
      "duracion": 0.28,
      "texto": "Dale.",
      "confianza": 0.831
    },
    {
      "hablante": "Hablante B",
      "inicio": 125.58,
      "fin": 131.27,
      "duracion": 5.69,
      "texto": "Dale, yo te mando un WhatsApp, te mando las dos promos y cualquier cosa que necesites me mandas un mensajito.",
      "confianza": 0.594
    },
    {
      "hablante": "Hablante B",
      "inicio": 132.04,
      "fin": 135.01,
      "duracion": 2.96,
      "texto": "Dale, bueno, dale, dale, yo te mando un mensajito.",
      "confianza": 0.332
    },
    {
      "hablante": "Hablante B",
      "inicio": 135.23,
      "fin": 135.55,
      "duracion": 0.32,
      "texto": "Buen día.",
      "confianza": 0.788
    },
    {
      "hablante": "Hablante B",
      "inicio": 135.57,
      "fin": 136.56,
      "duracion": 0.99,
      "texto": "Hasta luego.",
      "confianza": 0.521
    },
    {
      "hablante": "Hablante B",
      "inicio": 137.04,
      "fin": 137.67,
      "duracion": 0.62,
      "texto": "Hasta luego.",
      "confianza": 0.787
    }
  ],
  "transcripcion_completa": "Hola, buen día. ¿Cómo le va? Un gusto. Mi nombre es Bruno. Me he estado comunicando desde el área de recuperar clientes movistar. Tenemos una promoción disponible para su línea. Actualmente tiene claro, ¿verdad? Sí, sí, sí tengo claro. Bien, nosotros hoy tenemos una promoción del 80%, es un plan de 8 GB de base, con 10 GB de regalo tendrías 18 en total, WhatsApp gratis, habla libre a cualquier compañía y también ese plan incluye rumen en América, en el caso de que viajes, a un precio final de 10.720. ¿Vos actualmente qué cantidad de GB tenés con tu plan actual? No, tengo re poquitos. Tenés menos GB. Sí, sí, tengo menos. Acá me figura otra línea, no sé si es correcto, son dos líneas. Claro, son dos líneas a nombre de... De Karina y Roberto Mauricio Bien. En ese caso, el hacerla protegería de más de una línea registrada bajo el mismo titular, tendrías lo que son 4 gigas extra de regalos en cada una. ¿Vos no ocupás tantos gigas, o si ya no necesitabas una gran cantidad de gigas, o sí, para el durante el mes? A ver, sí, depende. A veces tenés que hacer algo... A veces es capaz que ocupo bastante y a veces no tanto. Bien. Porque también tenemos otro plan un poco más básico, son cuatro y 10 de regalo, 14 en total, con WhatsApp gratis, a la libre a cualquier compañía también, en $7,790. Esas son las dos promociones que tenemos el día de hoy. $10,720 y $7,790 el otro plan. Y bueno, y tendrían esos cuatro gigas extra en el caso de que hagan las dos líneas la portabilidad. Ajá. ¿Y eso lo podrías mandar por WhatsApp? Sí, te puedo mandar un WhatsApp. Porque ahora Roberto no está, así que de última cuando él llegue, que lo vea también y consulte. Igual cosa que se contacte con vos. Dale. Dale, yo te mando un WhatsApp, te mando las dos promos y cualquier cosa que necesites me mandas un mensajito. Dale, bueno, dale, dale, yo te mando un mensajito. Buen día. Hasta luego. Hasta luego.",
  "calidad": {
    "confianza_promedio": 0.509,
    "metodo_diarizacion": "pausas_fallback",
    "tiempo_procesamiento": 9.7
  },
  "metadata": {
    "modelo": "whisperx_medium",
    "diarizacion": "pausas",
    "dispositivo": "cuda",
    "fecha": "2026-02-18T23:30:07.659129",
    "version": "5.0_ecapa"
  }
}