{
  "archivo": "amza10_1_260209104822978_MIT_01983.wav",
  "duracion_segundos": 109.28,
  "num_segmentos": 28,
  "num_hablantes": 2,
  "hablantes": [
    "Hablante A",
    "Hablante B"
  ],
  "tiempo_por_hablante": {
    "Hablante B": 91.23,
    "Hablante A": 9.23
  },
  "idioma": "es",
  "conversacion": [
    {
      "hablante": "Hablante B",
      "inicio": 2.12,
      "fin": 12.14,
      "duracion": 10.01,
      "texto": "Si no tienes el teléfono, más o menos se va a estar por habilitar la semana que viene.",
      "confianza": 0.434
    },
    {
      "hablante": "Hablante B",
      "inicio": 12.16,
      "fin": 12.3,
      "duracion": 0.14,
      "texto": "No, no.",
      "confianza": 0.021
    },
    {
      "hablante": "Hablante B",
      "inicio": 12.32,
      "fin": 14.22,
      "duracion": 1.9,
      "texto": "Hola, ¿sí, Sergio?",
      "confianza": 0.197
    },
    {
      "hablante": "Hablante B",
      "inicio": 14.24,
      "fin": 14.3,
      "duracion": 0.06,
      "texto": "Sí.",
      "confianza": 0.093
    },
    {
      "hablante": "Hablante B",
      "inicio": 14.32,
      "fin": 14.86,
      "duracion": 0.54,
      "texto": "¿Cómo estás?",
      "confianza": 0.514
    },
    {
      "hablante": "Hablante B",
      "inicio": 14.88,
      "fin": 16.92,
      "duracion": 2.04,
      "texto": "El borde de Movistar, realmente.",
      "confianza": 0.65
    },
    {
      "hablante": "Hablante B",
      "inicio": 16.94,
      "fin": 20.31,
      "duracion": 3.36,
      "texto": "Bien, ahí estaba, sí, ahí estaba el psiquián, ¿no?",
      "confianza": 0.302
    },
    {
      "hablante": "Hablante B",
      "inicio": 20.33,
      "fin": 22.81,
      "duracion": 2.48,
      "texto": "Sí, lo que es ahí en tu domicilio, el tema de la cobertura.",
      "confianza": 0.636
    },
    {
      "hablante": "Hablante B",
      "inicio": 22.83,
      "fin": 28.1,
      "duracion": 5.27,
      "texto": "¿Hay un post que está ubicado en la calle LINX?",
      "confianza": 0.691
    },
    {
      "hablante": "Hablante B",
      "inicio": 28.12,
      "fin": 28.18,
      "duracion": 0.06,
      "texto": "Sí.",
      "confianza": 0.074
    },
    {
      "hablante": "Hablante B",
      "inicio": 28.2,
      "fin": 30.4,
      "duracion": 2.2,
      "texto": "Que sería la próxima de las Olimpias.",
      "confianza": 0.791
    },
    {
      "hablante": "Hablante B",
      "inicio": 30.42,
      "fin": 30.68,
      "duracion": 0.26,
      "texto": "Bien.",
      "confianza": 0.901
    },
    {
      "hablante": "Hablante B",
      "inicio": 30.93,
      "fin": 38.7,
      "duracion": 7.77,
      "texto": "Ese poste, que ese es el único poste que está, digamos, ahora me segura, pero está con ocho personas, que es lo máximo, digamos.",
      "confianza": 0.728
    },
    {
      "hablante": "Hablante B",
      "inicio": 38.72,
      "fin": 42.16,
      "duracion": 3.44,
      "texto": "Así que por el momento, digamos, no te puedes conectar porque está lleno, ¿sí?",
      "confianza": 0.7
    },
    {
      "hablante": "Hablante B",
      "inicio": 43.26,
      "fin": 47.69,
      "duracion": 4.42,
      "texto": "Obviamente se van a gritar postes porque, digamos, hay una zona donde hay postes, por lo menos.",
      "confianza": 0.624
    },
    {
      "hablante": "Hablante B",
      "inicio": 47.71,
      "fin": 58.24,
      "duracion": 10.53,
      "texto": "No, no, porque de hecho, en la puerta de casa, yo estoy en una esquina en la puerta, pusele un poste movistar, hace dos semanas estuvo el camión de movistar, yo estuve con la gente.",
      "confianza": 0.565
    },
    {
      "hablante": "Hablante B",
      "inicio": 58.69,
      "fin": 62.51,
      "duracion": 3.83,
      "texto": "Y ya pusieron el cable y todo, pero me dijo todavía no lo habilitaron.",
      "confianza": 0.626
    },
    {
      "hablante": "Hablante B",
      "inicio": 62.53,
      "fin": 64.68,
      "duracion": 2.14,
      "texto": "Eso estoy esperando.",
      "confianza": 0.571
    },
    {
      "hablante": "Hablante B",
      "inicio": 64.7,
      "fin": 65.7,
      "duracion": 1.0,
      "texto": "Claro, exactamente.",
      "confianza": 0.885
    },
    {
      "hablante": "Hablante B",
      "inicio": 65.74,
      "fin": 68.0,
      "duracion": 2.26,
      "texto": "Pero ya estás justo hasta ahí.",
      "confianza": 0.399
    },
    {
      "hablante": "Hablante B",
      "inicio": 68.02,
      "fin": 69.38,
      "duracion": 1.36,
      "texto": "Así que por eso.",
      "confianza": 0.568
    },
    {
      "hablante": "Hablante B",
      "inicio": 69.4,
      "fin": 78.72,
      "duracion": 9.31,
      "texto": "Bien, yo lo que te puedo ofrecer, en caso de que vos quieras, son las líneas, Ponelli, y una vez que te habilite eso, ya, como son pendientes, digamos, acceda a una unificación para lo que es la fibra y ya te quedas con todo.",
      "confianza": 0.531
    },
    {
      "hablante": "Hablante B",
      "inicio": 80.04,
      "fin": 83.78,
      "duracion": 3.74,
      "texto": "Sí, pero no, voy a hacer todo junto, así de agarrar un plan y listo.",
      "confianza": 0.48
    },
    {
      "hablante": "Hablante B",
      "inicio": 84.68,
      "fin": 97.79,
      "duracion": 13.11,
      "texto": "Yo quiero poner Pacfútbol y todo, entonces ya tengo cobertura y tengo internet de ahí de la zona, pero quería centralizar todo con Movistar, pero bueno, cuando esté todo, si no, mientras tanto espera.",
      "confianza": 0.677
    },
    {
      "hablante": "Hablante A",
      "inicio": 99.53,
      "fin": 105.34,
      "duracion": 5.81,
      "texto": "Bueno, dale, no hay problema, cualquier cosita obviamente lo dejo agendado, estamos a tanto.",
      "confianza": 0.577
    },
    {
      "hablante": "Hablante A",
      "inicio": 105.36,
      "fin": 106.14,
      "duracion": 0.78,
      "texto": "Bueno, muchas gracias.",
      "confianza": 0.53
    },
    {
      "hablante": "Hablante A",
      "inicio": 106.52,
      "fin": 108.54,
      "duracion": 2.02,
      "texto": "Gracias a vos Sergio, que tengamos el día.",
      "confianza": 0.481
    },
    {
      "hablante": "Hablante A",
      "inicio": 108.66,
      "fin": 109.28,
      "duracion": 0.62,
      "texto": "Adiós.",
      "confianza": 0.282
    }
  ],
  "transcripcion_completa": "Si no tienes el teléfono, más o menos se va a estar por habilitar la semana que viene. No, no. Hola, ¿sí, Sergio? Sí. ¿Cómo estás? El borde de Movistar, realmente. Bien, ahí estaba, sí, ahí estaba el psiquián, ¿no? Sí, lo que es ahí en tu domicilio, el tema de la cobertura. ¿Hay un post que está ubicado en la calle LINX? Sí. Que sería la próxima de las Olimpias. Bien. Ese poste, que ese es el único poste que está, digamos, ahora me segura, pero está con ocho personas, que es lo máximo, digamos. Así que por el momento, digamos, no te puedes conectar porque está lleno, ¿sí? Obviamente se van a gritar postes porque, digamos, hay una zona donde hay postes, por lo menos. No, no, porque de hecho, en la puerta de casa, yo estoy en una esquina en la puerta, pusele un poste movistar, hace dos semanas estuvo el camión de movistar, yo estuve con la gente. Y ya pusieron el cable y todo, pero me dijo todavía no lo habilitaron. Eso estoy esperando. Claro, exactamente. Pero ya estás justo hasta ahí. Así que por eso. Bien, yo lo que te puedo ofrecer, en caso de que vos quieras, son las líneas, Ponelli, y una vez que te habilite eso, ya, como son pendientes, digamos, acceda a una unificación para lo que es la fibra y ya te quedas con todo. Sí, pero no, voy a hacer todo junto, así de agarrar un plan y listo. Yo quiero poner Pacfútbol y todo, entonces ya tengo cobertura y tengo internet de ahí de la zona, pero quería centralizar todo con Movistar, pero bueno, cuando esté todo, si no, mientras tanto espera. Bueno, dale, no hay problema, cualquier cosita obviamente lo dejo agendado, estamos a tanto. Bueno, muchas gracias. Gracias a vos Sergio, que tengamos el día. Adiós.",
  "calidad": {
    "confianza_promedio": 0.519,
    "metodo_diarizacion": "pausas_fallback",
    "tiempo_procesamiento": 10.4
  },
  "metadata": {
    "modelo": "whisperx_medium",
    "diarizacion": "pausas",
    "dispositivo": "cuda",
    "fecha": "2026-02-18T22:27:33.921285",
    "version": "5.0_ecapa"
  }
}