{
  "archivo": "amza10_1_260211140318727_ACD_22273.wav",
  "duracion_segundos": 80.28,
  "num_segmentos": 34,
  "num_hablantes": 2,
  "hablantes": [
    "Hablante A",
    "Hablante B"
  ],
  "tiempo_por_hablante": {
    "Hablante A": 60.29,
    "Hablante B": 11.51
  },
  "idioma": "es",
  "conversacion": [
    {
      "hablante": "Hablante A",
      "inicio": 0.03,
      "fin": 5.3,
      "duracion": 5.27,
      "texto": "Hola, buenas tardes.",
      "confianza": 0.159
    },
    {
      "hablante": "Hablante A",
      "inicio": 5.32,
      "fin": 5.58,
      "duracion": 0.26,
      "texto": "¿Quién habla?",
      "confianza": 0.028
    },
    {
      "hablante": "Hablante A",
      "inicio": 5.6,
      "fin": 6.36,
      "duracion": 0.76,
      "texto": "Lourdes que habla.",
      "confianza": 0.747
    },
    {
      "hablante": "Hablante A",
      "inicio": 6.4,
      "fin": 10.15,
      "duracion": 3.75,
      "texto": "¿Cómo va?",
      "confianza": 0.196
    },
    {
      "hablante": "Hablante A",
      "inicio": 10.17,
      "fin": 10.55,
      "duracion": 0.38,
      "texto": "¿Hablo con Enrique?",
      "confianza": 0.003
    },
    {
      "hablante": "Hablante A",
      "inicio": 10.57,
      "fin": 10.95,
      "duracion": 0.38,
      "texto": "Sí, un poquito más.",
      "confianza": 0.043
    },
    {
      "hablante": "Hablante A",
      "inicio": 10.97,
      "fin": 12.27,
      "duracion": 1.3,
      "texto": "Un gusto Lourdes que habla.",
      "confianza": 0.291
    },
    {
      "hablante": "Hablante A",
      "inicio": 12.29,
      "fin": 17.16,
      "duracion": 4.87,
      "texto": "Llamado a Enrique, sí, para brindarte una bonificación que tenemos nosotros por un 85% descuento, ¿sí?",
      "confianza": 0.614
    },
    {
      "hablante": "Hablante A",
      "inicio": 17.74,
      "fin": 27.93,
      "duracion": 10.2,
      "texto": "Me disfuro el sistema con ustedes en claro, ¿es correcto?",
      "confianza": 0.545
    },
    {
      "hablante": "Hablante A",
      "inicio": 27.95,
      "fin": 28.11,
      "duracion": 0.16,
      "texto": "¿Verdad?",
      "confianza": 0.012
    },
    {
      "hablante": "Hablante A",
      "inicio": 28.13,
      "fin": 28.21,
      "duracion": 0.08,
      "texto": "¿Sí?",
      "confianza": 0.044
    },
    {
      "hablante": "Hablante A",
      "inicio": 28.23,
      "fin": 28.37,
      "duracion": 0.14,
      "texto": "Sí, sí.",
      "confianza": 0.013
    },
    {
      "hablante": "Hablante A",
      "inicio": 28.39,
      "fin": 29.84,
      "duracion": 1.44,
      "texto": "Ay, no sé si me dijo para.",
      "confianza": 0.182
    },
    {
      "hablante": "Hablante A",
      "inicio": 30.41,
      "fin": 32.09,
      "duracion": 1.68,
      "texto": "No se lo he escuchado.",
      "confianza": 0.214
    },
    {
      "hablante": "Hablante A",
      "inicio": 32.11,
      "fin": 34.15,
      "duracion": 2.04,
      "texto": "No, se escucha como muy mal.",
      "confianza": 0.224
    },
    {
      "hablante": "Hablante A",
      "inicio": 34.17,
      "fin": 38.46,
      "duracion": 4.29,
      "texto": "A ver, ahí, ahí.",
      "confianza": 0.423
    },
    {
      "hablante": "Hablante A",
      "inicio": 38.48,
      "fin": 38.58,
      "duracion": 0.1,
      "texto": "Hola.",
      "confianza": 0.002
    },
    {
      "hablante": "Hablante A",
      "inicio": 38.6,
      "fin": 47.01,
      "duracion": 8.41,
      "texto": "Sí, ahí, que le quería decir que teníamos para brindarle un 85% descuento, sí, con este contacto también, la idea de recuperar la gestión.",
      "confianza": 0.581
    },
    {
      "hablante": "Hablante B",
      "inicio": 48.96,
      "fin": 54.62,
      "duracion": 5.67,
      "texto": "No, no voy a hacer ningún cambio ahora, yo igual.",
      "confianza": 0.307
    },
    {
      "hablante": "Hablante B",
      "inicio": 55.08,
      "fin": 56.78,
      "duracion": 1.7,
      "texto": "Te agradezco en este momento.",
      "confianza": 0.221
    },
    {
      "hablante": "Hablante B",
      "inicio": 56.8,
      "fin": 57.64,
      "duracion": 0.84,
      "texto": "Bueno, te hago una consulta.",
      "confianza": 0.325
    },
    {
      "hablante": "Hablante B",
      "inicio": 57.66,
      "fin": 59.01,
      "duracion": 1.34,
      "texto": "¿Has tenido alguna mala experiencia?",
      "confianza": 0.567
    },
    {
      "hablante": "Hablante B",
      "inicio": 59.03,
      "fin": 60.99,
      "duracion": 1.96,
      "texto": "¿Por qué motivo no estabas interesado?",
      "confianza": 0.776
    },
    {
      "hablante": "Hablante A",
      "inicio": 64.94,
      "fin": 66.32,
      "duracion": 1.38,
      "texto": "No, porque estoy cómodo.",
      "confianza": 0.086
    },
    {
      "hablante": "Hablante A",
      "inicio": 66.34,
      "fin": 66.88,
      "duracion": 0.54,
      "texto": "Así como estoy, estoy bien.",
      "confianza": 0.013
    },
    {
      "hablante": "Hablante A",
      "inicio": 66.9,
      "fin": 67.44,
      "duracion": 0.54,
      "texto": "Estás cómodo.",
      "confianza": 0.26
    },
    {
      "hablante": "Hablante A",
      "inicio": 67.47,
      "fin": 67.87,
      "duracion": 0.4,
      "texto": "Bien.",
      "confianza": 0.848
    },
    {
      "hablante": "Hablante A",
      "inicio": 67.89,
      "fin": 71.84,
      "duracion": 3.95,
      "texto": "En ese caso, te podemos ofrecer para algo mejor que ustedes porque yo digo que tenemos un 85% descuento.",
      "confianza": 0.564
    },
    {
      "hablante": "Hablante A",
      "inicio": 71.86,
      "fin": 75.52,
      "duracion": 3.67,
      "texto": "No, pues no quiero cambiar la compañía.",
      "confianza": 0.363
    },
    {
      "hablante": "Hablante A",
      "inicio": 75.54,
      "fin": 76.51,
      "duracion": 0.96,
      "texto": "No querés cambiar.",
      "confianza": 0.205
    },
    {
      "hablante": "Hablante A",
      "inicio": 76.53,
      "fin": 77.23,
      "duracion": 0.7,
      "texto": "Te agradezco mucho.",
      "confianza": 0.104
    },
    {
      "hablante": "Hablante A",
      "inicio": 77.25,
      "fin": 78.31,
      "duracion": 1.06,
      "texto": "Bueno, dale gracias a vos.",
      "confianza": 0.649
    },
    {
      "hablante": "Hablante A",
      "inicio": 78.67,
      "fin": 80.14,
      "duracion": 1.46,
      "texto": "Que tengas buen día.",
      "confianza": 0.548
    },
    {
      "hablante": "Hablante A",
      "inicio": 80.16,
      "fin": 80.28,
      "duracion": 0.12,
      "texto": "Adiós.",
      "confianza": 0.18
    }
  ],
  "transcripcion_completa": "Hola, buenas tardes. ¿Quién habla? Lourdes que habla. ¿Cómo va? ¿Hablo con Enrique? Sí, un poquito más. Un gusto Lourdes que habla. Llamado a Enrique, sí, para brindarte una bonificación que tenemos nosotros por un 85% descuento, ¿sí? Me disfuro el sistema con ustedes en claro, ¿es correcto? ¿Verdad? ¿Sí? Sí, sí. Ay, no sé si me dijo para. No se lo he escuchado. No, se escucha como muy mal. A ver, ahí, ahí. Hola. Sí, ahí, que le quería decir que teníamos para brindarle un 85% descuento, sí, con este contacto también, la idea de recuperar la gestión. No, no voy a hacer ningún cambio ahora, yo igual. Te agradezco en este momento. Bueno, te hago una consulta. ¿Has tenido alguna mala experiencia? ¿Por qué motivo no estabas interesado? No, porque estoy cómodo. Así como estoy, estoy bien. Estás cómodo. Bien. En ese caso, te podemos ofrecer para algo mejor que ustedes porque yo digo que tenemos un 85% descuento. No, pues no quiero cambiar la compañía. No querés cambiar. Te agradezco mucho. Bueno, dale gracias a vos. Que tengas buen día. Adiós.",
  "calidad": {
    "confianza_promedio": 0.304,
    "metodo_diarizacion": "pausas_fallback",
    "tiempo_procesamiento": 8.0
  },
  "metadata": {
    "modelo": "whisperx_medium",
    "diarizacion": "pausas",
    "dispositivo": "cuda",
    "fecha": "2026-02-18T22:37:06.892028",
    "version": "5.0_ecapa"
  }
}