{
  "archivo": "amza15_1_260212130634612_ACD_19547.wav",
  "duracion_segundos": 119.02,
  "num_segmentos": 48,
  "num_hablantes": 2,
  "hablantes": [
    "Hablante A",
    "Hablante B"
  ],
  "tiempo_por_hablante": {
    "Hablante A": 18.01,
    "Hablante B": 79.9
  },
  "idioma": "es",
  "conversacion": [
    {
      "hablante": "Hablante A",
      "inicio": 0.03,
      "fin": 5.28,
      "duracion": 5.25,
      "texto": "Hola.",
      "confianza": 0.775
    },
    {
      "hablante": "Hablante A",
      "inicio": 5.3,
      "fin": 5.4,
      "duracion": 0.1,
      "texto": "Hola.",
      "confianza": 0.001
    },
    {
      "hablante": "Hablante A",
      "inicio": 5.42,
      "fin": 5.76,
      "duracion": 0.34,
      "texto": "Buen día, Adrián.",
      "confianza": 0.001
    },
    {
      "hablante": "Hablante A",
      "inicio": 5.78,
      "fin": 5.96,
      "duracion": 0.18,
      "texto": "Sí, hola.",
      "confianza": 0.026
    },
    {
      "hablante": "Hablante A",
      "inicio": 5.98,
      "fin": 6.38,
      "duracion": 0.4,
      "texto": "Mucho gusto.",
      "confianza": 0.409
    },
    {
      "hablante": "Hablante A",
      "inicio": 6.44,
      "fin": 6.86,
      "duracion": 0.42,
      "texto": "Me presento.",
      "confianza": 0.803
    },
    {
      "hablante": "Hablante A",
      "inicio": 6.96,
      "fin": 7.68,
      "duracion": 0.72,
      "texto": "Mi nombre es Agustín.",
      "confianza": 0.472
    },
    {
      "hablante": "Hablante A",
      "inicio": 7.74,
      "fin": 10.07,
      "duracion": 2.32,
      "texto": "Yo estoy llamando desde lo que es el área que le han movistar.",
      "confianza": 0.632
    },
    {
      "hablante": "Hablante A",
      "inicio": 10.09,
      "fin": 11.07,
      "duracion": 0.98,
      "texto": "¿Cómo le va todo bien?",
      "confianza": 0.644
    },
    {
      "hablante": "Hablante B",
      "inicio": 13.29,
      "fin": 13.49,
      "duracion": 0.2,
      "texto": "Todo bien.",
      "confianza": 0.012
    },
    {
      "hablante": "Hablante B",
      "inicio": 13.51,
      "fin": 14.39,
      "duracion": 0.88,
      "texto": "Vale, mucho.",
      "confianza": 0.448
    },
    {
      "hablante": "Hablante B",
      "inicio": 14.41,
      "fin": 19.1,
      "duracion": 4.69,
      "texto": "Mira, yo imagino que te llamas Adrián porque me escribieron el sistema que, bueno, fuiste parte de la compañía hace un tiempo atrás.",
      "confianza": 0.45
    },
    {
      "hablante": "Hablante B",
      "inicio": 19.56,
      "fin": 21.41,
      "duracion": 1.84,
      "texto": "¿Quieres hacer más que nada lo que te llevó a cambiar?",
      "confianza": 0.54
    },
    {
      "hablante": "Hablante B",
      "inicio": 21.59,
      "fin": 24.13,
      "duracion": 2.54,
      "texto": "Si tuviste algún inconveniente, fue por otra oferta.",
      "confianza": 0.678
    },
    {
      "hablante": "Hablante B",
      "inicio": 25.12,
      "fin": 30.01,
      "duracion": 4.89,
      "texto": "No, porque me cansé de ser, me reclamó que tenía poca cobertura.",
      "confianza": 0.29
    },
    {
      "hablante": "Hablante A",
      "inicio": 31.51,
      "fin": 35.13,
      "duracion": 3.62,
      "texto": "Me señaló dónde estaba y nunca me dio el teléfono porque me tuvo que cambiar.",
      "confianza": 0.397
    },
    {
      "hablante": "Hablante A",
      "inicio": 36.2,
      "fin": 37.28,
      "duracion": 1.08,
      "texto": "Bien, no tienes buena señal.",
      "confianza": 0.674
    },
    {
      "hablante": "Hablante A",
      "inicio": 37.34,
      "fin": 39.94,
      "duracion": 2.6,
      "texto": "Te consulto en qué localidades que no te andaba la cobertura.",
      "confianza": 0.67
    },
    {
      "hablante": "Hablante B",
      "inicio": 44.22,
      "fin": 46.99,
      "duracion": 2.76,
      "texto": "Ahora, en este momento, donde estoy, ahí estoy entre lejos.",
      "confianza": 0.46
    },
    {
      "hablante": "Hablante B",
      "inicio": 48.05,
      "fin": 49.03,
      "duracion": 0.98,
      "texto": "Ah, ahora estás entre lejos.",
      "confianza": 0.613
    },
    {
      "hablante": "Hablante B",
      "inicio": 49.51,
      "fin": 52.45,
      "duracion": 2.94,
      "texto": "Eso eres Chubut, ¿puede ser?",
      "confianza": 0.548
    },
    {
      "hablante": "Hablante B",
      "inicio": 52.47,
      "fin": 52.85,
      "duracion": 0.38,
      "texto": "Chubut, sí.",
      "confianza": 0.446
    },
    {
      "hablante": "Hablante B",
      "inicio": 53.26,
      "fin": 54.24,
      "duracion": 0.98,
      "texto": "Ah, bueno, no.",
      "confianza": 0.186
    },
    {
      "hablante": "Hablante B",
      "inicio": 54.26,
      "fin": 57.52,
      "duracion": 3.26,
      "texto": "Por lo menos algo me acuerdo de geografía, el colegio.",
      "confianza": 0.618
    },
    {
      "hablante": "Hablante B",
      "inicio": 57.58,
      "fin": 58.38,
      "duracion": 0.8,
      "texto": "A ver.",
      "confianza": 0.802
    },
    {
      "hablante": "Hablante B",
      "inicio": 58.4,
      "fin": 59.2,
      "duracion": 0.8,
      "texto": "Trelego, me decís.",
      "confianza": 0.471
    },
    {
      "hablante": "Hablante B",
      "inicio": 59.22,
      "fin": 62.6,
      "duracion": 3.38,
      "texto": "¿Estás en zona céntrica del Trelego o un poco más alejado, digamos?",
      "confianza": 0.746
    },
    {
      "hablante": "Hablante B",
      "inicio": 62.68,
      "fin": 63.0,
      "duracion": 0.32,
      "texto": "Alejado.",
      "confianza": 0.421
    },
    {
      "hablante": "Hablante B",
      "inicio": 63.78,
      "fin": 64.25,
      "duracion": 0.46,
      "texto": "Alejado.",
      "confianza": 0.873
    },
    {
      "hablante": "Hablante B",
      "inicio": 64.57,
      "fin": 79.08,
      "duracion": 14.51,
      "texto": "Mirá, porque acá me fuera del sistema, porque como decía, creé una página que muestra cómo está la señal encargada en el país, toda la zona céntrica del Trelego anda excelente y en un radio de unos, no sé cuántos kilómetros, pero una buena que te dé kilómetro alrededor, te anda excelente.",
      "confianza": 0.647
    },
    {
      "hablante": "Hablante B",
      "inicio": 79.54,
      "fin": 81.1,
      "duracion": 1.56,
      "texto": "Si te vas un poquito más alejado,",
      "confianza": 0.639
    },
    {
      "hablante": "Hablante B",
      "inicio": 81.44,
      "fin": 85.42,
      "duracion": 3.98,
      "texto": "Por ejemplo, la zona de Greifmann también es una excelente cobertura.",
      "confianza": 0.603
    },
    {
      "hablante": "Hablante B",
      "inicio": 85.92,
      "fin": 91.79,
      "duracion": 5.87,
      "texto": "Pero bueno, en las zonas alejadas o que solamente hay ruta, me parece una señal que es un poco más leve, pero que igual hay.",
      "confianza": 0.595
    },
    {
      "hablante": "Hablante B",
      "inicio": 92.25,
      "fin": 94.09,
      "duracion": 1.84,
      "texto": "Capaz no está en el 4G, pero está en el 3G.",
      "confianza": 0.46
    },
    {
      "hablante": "Hablante B",
      "inicio": 94.41,
      "fin": 94.89,
      "duracion": 0.48,
      "texto": "Un ejemplo.",
      "confianza": 0.862
    },
    {
      "hablante": "Hablante B",
      "inicio": 95.49,
      "fin": 96.61,
      "duracion": 1.12,
      "texto": "Se anda, pero un poco menor.",
      "confianza": 0.814
    },
    {
      "hablante": "Hablante B",
      "inicio": 97.09,
      "fin": 100.17,
      "duracion": 3.08,
      "texto": "Eso es lo que me asegura acá en toda la zona de Trelleu y alrededor.",
      "confianza": 0.591
    },
    {
      "hablante": "Hablante B",
      "inicio": 101.17,
      "fin": 103.42,
      "duracion": 2.24,
      "texto": "Claro, pero a mí no me interesa cambiarme por ahora, por ejemplo.",
      "confianza": 0.307
    },
    {
      "hablante": "Hablante B",
      "inicio": 103.44,
      "fin": 106.2,
      "duracion": 2.76,
      "texto": "Tengo buena cobertura a cumplir.",
      "confianza": 0.427
    },
    {
      "hablante": "Hablante B",
      "inicio": 106.24,
      "fin": 106.88,
      "duracion": 0.64,
      "texto": "Ok, ok.",
      "confianza": 0.546
    },
    {
      "hablante": "Hablante B",
      "inicio": 106.9,
      "fin": 110.14,
      "duracion": 3.24,
      "texto": "Y no tenés ningún, por ejemplo, conocido o familiar que estén movizando ahora?",
      "confianza": 0.7
    },
    {
      "hablante": "Hablante B",
      "inicio": 110.98,
      "fin": 112.57,
      "duracion": 1.59,
      "texto": "No.",
      "confianza": 0.781
    },
    {
      "hablante": "Hablante B",
      "inicio": 112.59,
      "fin": 113.31,
      "duracion": 0.72,
      "texto": "O que no conoces.",
      "confianza": 0.652
    },
    {
      "hablante": "Hablante B",
      "inicio": 113.92,
      "fin": 115.16,
      "duracion": 1.25,
      "texto": "Bueno, Adrián, el hoy es que hayas sentado.",
      "confianza": 0.349
    },
    {
      "hablante": "Hablante B",
      "inicio": 115.18,
      "fin": 116.15,
      "duracion": 0.96,
      "texto": "Que tengas buen día.",
      "confianza": 0.496
    },
    {
      "hablante": "Hablante B",
      "inicio": 117.01,
      "fin": 117.77,
      "duracion": 0.76,
      "texto": "Listo.",
      "confianza": 0.755
    },
    {
      "hablante": "Hablante B",
      "inicio": 117.8,
      "fin": 118.44,
      "duracion": 0.64,
      "texto": "Chao, chao.",
      "confianza": 0.164
    },
    {
      "hablante": "Hablante B",
      "inicio": 118.46,
      "fin": 119.02,
      "duracion": 0.56,
      "texto": "Chao, chao.",
      "confianza": 0.53
    }
  ],
  "transcripcion_completa": "Hola. Hola. Buen día, Adrián. Sí, hola. Mucho gusto. Me presento. Mi nombre es Agustín. Yo estoy llamando desde lo que es el área que le han movistar. ¿Cómo le va todo bien? Todo bien. Vale, mucho. Mira, yo imagino que te llamas Adrián porque me escribieron el sistema que, bueno, fuiste parte de la compañía hace un tiempo atrás. ¿Quieres hacer más que nada lo que te llevó a cambiar? Si tuviste algún inconveniente, fue por otra oferta. No, porque me cansé de ser, me reclamó que tenía poca cobertura. Me señaló dónde estaba y nunca me dio el teléfono porque me tuvo que cambiar. Bien, no tienes buena señal. Te consulto en qué localidades que no te andaba la cobertura. Ahora, en este momento, donde estoy, ahí estoy entre lejos. Ah, ahora estás entre lejos. Eso eres Chubut, ¿puede ser? Chubut, sí. Ah, bueno, no. Por lo menos algo me acuerdo de geografía, el colegio. A ver. Trelego, me decís. ¿Estás en zona céntrica del Trelego o un poco más alejado, digamos? Alejado. Alejado. Mirá, porque acá me fuera del sistema, porque como decía, creé una página que muestra cómo está la señal encargada en el país, toda la zona céntrica del Trelego anda excelente y en un radio de unos, no sé cuántos kilómetros, pero una buena que te dé kilómetro alrededor, te anda excelente. Si te vas un poquito más alejado, Por ejemplo, la zona de Greifmann también es una excelente cobertura. Pero bueno, en las zonas alejadas o que solamente hay ruta, me parece una señal que es un poco más leve, pero que igual hay. Capaz no está en el 4G, pero está en el 3G. Un ejemplo. Se anda, pero un poco menor. Eso es lo que me asegura acá en toda la zona de Trelleu y alrededor. Claro, pero a mí no me interesa cambiarme por ahora, por ejemplo. Tengo buena cobertura a cumplir. Ok, ok. Y no tenés ningún, por ejemplo, conocido o familiar que estén movizando ahora? No. O que no conoces. Bueno, Adrián, el hoy es que hayas sentado. Que tengas buen día. Listo. Chao, chao. Chao, chao.",
  "calidad": {
    "confianza_promedio": 0.521,
    "metodo_diarizacion": "pausas_fallback",
    "tiempo_procesamiento": 9.5
  },
  "metadata": {
    "modelo": "whisperx_medium",
    "diarizacion": "pausas",
    "dispositivo": "cuda",
    "fecha": "2026-02-18T23:46:01.007695",
    "version": "5.0_ecapa"
  }
}