{
  "archivo": "amza12_1_260212130937759_ACD_30861.wav",
  "duracion_segundos": 148.35,
  "num_segmentos": 47,
  "num_hablantes": 2,
  "hablantes": [
    "Hablante A",
    "Hablante B"
  ],
  "tiempo_por_hablante": {
    "Hablante A": 99.21,
    "Hablante B": 36.24
  },
  "idioma": "es",
  "conversacion": [
    {
      "hablante": "Hablante A",
      "inicio": 0.03,
      "fin": 5.78,
      "duracion": 5.75,
      "texto": "Buenas días, buenas días, ¿cómo estás?",
      "confianza": 0.357
    },
    {
      "hablante": "Hablante A",
      "inicio": 5.8,
      "fin": 7.1,
      "duracion": 1.3,
      "texto": "Bien, ¿y vos?",
      "confianza": 0.115
    },
    {
      "hablante": "Hablante A",
      "inicio": 7.12,
      "fin": 7.42,
      "duracion": 0.3,
      "texto": "Oh, bien.",
      "confianza": 0.277
    },
    {
      "hablante": "Hablante A",
      "inicio": 7.44,
      "fin": 8.44,
      "duracion": 1.0,
      "texto": "¿Me comunico con Mariana?",
      "confianza": 0.672
    },
    {
      "hablante": "Hablante A",
      "inicio": 9.79,
      "fin": 10.59,
      "duracion": 0.8,
      "texto": "Sí, señora.",
      "confianza": 0.139
    },
    {
      "hablante": "Hablante A",
      "inicio": 10.61,
      "fin": 11.43,
      "duracion": 0.82,
      "texto": "Mariana, ¿cómo estás?",
      "confianza": 0.358
    },
    {
      "hablante": "Hablante A",
      "inicio": 11.45,
      "fin": 13.37,
      "duracion": 1.92,
      "texto": "Noelia, ¿te hablas de ese lado?",
      "confianza": 0.17
    },
    {
      "hablante": "Hablante A",
      "inicio": 13.39,
      "fin": 18.68,
      "duracion": 5.29,
      "texto": "Estoy comunicando con vos del área de beneficios móviles de Movistar para rindarte un beneficio con el 80% de descuento.",
      "confianza": 0.692
    },
    {
      "hablante": "Hablante A",
      "inicio": 18.7,
      "fin": 19.74,
      "duracion": 1.04,
      "texto": "¿Cómo estás?",
      "confianza": 0.314
    },
    {
      "hablante": "Hablante A",
      "inicio": 19.76,
      "fin": 20.88,
      "duracion": 1.12,
      "texto": "No, me cambié.",
      "confianza": 0.741
    },
    {
      "hablante": "Hablante A",
      "inicio": 20.9,
      "fin": 22.46,
      "duracion": 1.56,
      "texto": "Mira, este mes me cambié.",
      "confianza": 0.761
    },
    {
      "hablante": "Hablante A",
      "inicio": 23.23,
      "fin": 24.07,
      "duracion": 0.84,
      "texto": "Claro, ¿por qué?",
      "confianza": 0.883
    },
    {
      "hablante": "Hablante A",
      "inicio": 24.51,
      "fin": 26.85,
      "duracion": 2.34,
      "texto": "Porque Movistar pagaba 80 mil pesos.",
      "confianza": 0.745
    },
    {
      "hablante": "Hablante A",
      "inicio": 27.59,
      "fin": 28.55,
      "duracion": 0.96,
      "texto": "Una locura.",
      "confianza": 0.894
    },
    {
      "hablante": "Hablante A",
      "inicio": 28.85,
      "fin": 33.76,
      "duracion": 4.91,
      "texto": "Bien, y pues reclamar, digamos lo que estabas poniendo.",
      "confianza": 0.114
    },
    {
      "hablante": "Hablante A",
      "inicio": 33.78,
      "fin": 36.96,
      "duracion": 3.18,
      "texto": "No, no, porque se fueron de Paraná, yo soy de Paraná entre el río.",
      "confianza": 0.656
    },
    {
      "hablante": "Hablante A",
      "inicio": 36.98,
      "fin": 39.3,
      "duracion": 2.32,
      "texto": "Y se fueron de Paraná.",
      "confianza": 0.687
    },
    {
      "hablante": "Hablante A",
      "inicio": 40.2,
      "fin": 46.39,
      "duracion": 6.19,
      "texto": "Y llamaba y no me daban bola.",
      "confianza": 0.541
    },
    {
      "hablante": "Hablante A",
      "inicio": 46.41,
      "fin": 47.45,
      "duracion": 1.04,
      "texto": "Claro, claro, claro, qué pena.",
      "confianza": 0.217
    },
    {
      "hablante": "Hablante A",
      "inicio": 47.47,
      "fin": 49.75,
      "duracion": 2.28,
      "texto": "¿Por qué se fueron de Paraná?",
      "confianza": 0.785
    },
    {
      "hablante": "Hablante A",
      "inicio": 49.79,
      "fin": 50.7,
      "duracion": 0.9,
      "texto": "No hay sucursales.",
      "confianza": 0.614
    },
    {
      "hablante": "Hablante A",
      "inicio": 51.38,
      "fin": 55.84,
      "duracion": 4.46,
      "texto": "No, no, no hay sucursales en el norte, sí, están viendo a los chicos a homicidios.",
      "confianza": 0.411
    },
    {
      "hablante": "Hablante B",
      "inicio": 57.78,
      "fin": 62.68,
      "duracion": 4.91,
      "texto": "Ah, no sabía eso.",
      "confianza": 0.336
    },
    {
      "hablante": "Hablante B",
      "inicio": 62.7,
      "fin": 66.69,
      "duracion": 3.98,
      "texto": "No, no, igual, recién este mes, mirá, este mes me cambié.",
      "confianza": 0.591
    },
    {
      "hablante": "Hablante B",
      "inicio": 66.75,
      "fin": 68.99,
      "duracion": 2.24,
      "texto": "Aclaro, porque no, no podía pagar ya eso.",
      "confianza": 0.722
    },
    {
      "hablante": "Hablante B",
      "inicio": 69.39,
      "fin": 71.66,
      "duracion": 2.26,
      "texto": "Era todos los meses 80 mil pesos.",
      "confianza": 0.667
    },
    {
      "hablante": "Hablante B",
      "inicio": 71.67,
      "fin": 78.8,
      "duracion": 7.13,
      "texto": "Porque no sé si mi nieto, mi nieto me agarraron el teléfono y no sé a qué se suscribieron.",
      "confianza": 0.385
    },
    {
      "hablante": "Hablante B",
      "inicio": 78.82,
      "fin": 79.14,
      "duracion": 0.32,
      "texto": "Ah, mirá, claro.",
      "confianza": 0.024
    },
    {
      "hablante": "Hablante B",
      "inicio": 79.17,
      "fin": 82.73,
      "duracion": 3.56,
      "texto": "Y también me venía eso y yo, como soy viejita, ¿viste?",
      "confianza": 0.7
    },
    {
      "hablante": "Hablante B",
      "inicio": 82.75,
      "fin": 85.79,
      "duracion": 3.04,
      "texto": "No sé ni cómo sacarlo, ajá.",
      "confianza": 0.417
    },
    {
      "hablante": "Hablante B",
      "inicio": 86.36,
      "fin": 88.61,
      "duracion": 2.24,
      "texto": "Entonces...",
      "confianza": 0.611
    },
    {
      "hablante": "Hablante B",
      "inicio": 88.63,
      "fin": 89.53,
      "duracion": 0.9,
      "texto": "Bien, bien.",
      "confianza": 0.207
    },
    {
      "hablante": "Hablante B",
      "inicio": 89.55,
      "fin": 92.11,
      "duracion": 2.56,
      "texto": "O sea, era solamente por un tema de facturación, digamos.",
      "confianza": 0.679
    },
    {
      "hablante": "Hablante B",
      "inicio": 92.13,
      "fin": 95.23,
      "duracion": 3.1,
      "texto": "No fue por un tema que se sentía desconforme con la línea, digamos.",
      "confianza": 0.576
    },
    {
      "hablante": "Hablante A",
      "inicio": 97.42,
      "fin": 97.64,
      "duracion": 0.22,
      "texto": "No, no, no.",
      "confianza": 0.036
    },
    {
      "hablante": "Hablante A",
      "inicio": 97.66,
      "fin": 100.42,
      "duracion": 2.76,
      "texto": "Yo soy fan de Movistar, pero bueno, no me da el suelo.",
      "confianza": 0.325
    },
    {
      "hablante": "Hablante A",
      "inicio": 100.44,
      "fin": 101.88,
      "duracion": 1.44,
      "texto": "No, no, obvio, obvio.",
      "confianza": 0.48
    },
    {
      "hablante": "Hablante A",
      "inicio": 101.9,
      "fin": 102.78,
      "duracion": 0.88,
      "texto": "No, si te reentiendo.",
      "confianza": 0.531
    },
    {
      "hablante": "Hablante A",
      "inicio": 102.9,
      "fin": 111.61,
      "duracion": 8.71,
      "texto": "Justamente, nosotros ahora, la base de datos que tenemos es justamente los clientes que se han ido a Movistar para brindarles esta nueva promoción con el 80% de descuento.",
      "confianza": 0.694
    },
    {
      "hablante": "Hablante A",
      "inicio": 112.4,
      "fin": 126.62,
      "duracion": 14.22,
      "texto": "Si bien es que hay clientes que se han podido quejar, digamos, con la empresa, en este caso, bueno, estamos tomando nosotros los reclamos para poder brindarle este beneficio, que está rebueno para que puedan aprovechar, a enviar, justamente, volver a tener la empresa.",
      "confianza": 0.601
    },
    {
      "hablante": "Hablante A",
      "inicio": 126.66,
      "fin": 133.05,
      "duracion": 6.39,
      "texto": "Y en este caso, como tú, tú que vos vivías en el norte, que no tienes sucursal, tendrías mi número personal y que los sigas usando al bolso.",
      "confianza": 0.546
    },
    {
      "hablante": "Hablante A",
      "inicio": 133.07,
      "fin": 134.07,
      "duracion": 1.0,
      "texto": "O no.",
      "confianza": 0.382
    },
    {
      "hablante": "Hablante A",
      "inicio": 134.09,
      "fin": 135.07,
      "duracion": 0.98,
      "texto": "Escúchame, ¿podemos hacer esto?",
      "confianza": 0.496
    },
    {
      "hablante": "Hablante A",
      "inicio": 135.64,
      "fin": 138.56,
      "duracion": 2.93,
      "texto": "Lo voy a consultar con mi hija porque si no, después me retan.",
      "confianza": 0.608
    },
    {
      "hablante": "Hablante A",
      "inicio": 138.58,
      "fin": 141.41,
      "duracion": 2.82,
      "texto": "Llamame dentro de dos días.",
      "confianza": 0.509
    },
    {
      "hablante": "Hablante A",
      "inicio": 141.43,
      "fin": 142.21,
      "duracion": 0.78,
      "texto": "Dale, no hay problema.",
      "confianza": 0.46
    },
    {
      "hablante": "Hablante A",
      "inicio": 142.59,
      "fin": 148.35,
      "duracion": 5.76,
      "texto": "Chau, que tenga buen día.",
      "confianza": 0.755
    }
  ],
  "transcripcion_completa": "Buenas días, buenas días, ¿cómo estás? Bien, ¿y vos? Oh, bien. ¿Me comunico con Mariana? Sí, señora. Mariana, ¿cómo estás? Noelia, ¿te hablas de ese lado? Estoy comunicando con vos del área de beneficios móviles de Movistar para rindarte un beneficio con el 80% de descuento. ¿Cómo estás? No, me cambié. Mira, este mes me cambié. Claro, ¿por qué? Porque Movistar pagaba 80 mil pesos. Una locura. Bien, y pues reclamar, digamos lo que estabas poniendo. No, no, porque se fueron de Paraná, yo soy de Paraná entre el río. Y se fueron de Paraná. Y llamaba y no me daban bola. Claro, claro, claro, qué pena. ¿Por qué se fueron de Paraná? No hay sucursales. No, no, no hay sucursales en el norte, sí, están viendo a los chicos a homicidios. Ah, no sabía eso. No, no, igual, recién este mes, mirá, este mes me cambié. Aclaro, porque no, no podía pagar ya eso. Era todos los meses 80 mil pesos. Porque no sé si mi nieto, mi nieto me agarraron el teléfono y no sé a qué se suscribieron. Ah, mirá, claro. Y también me venía eso y yo, como soy viejita, ¿viste? No sé ni cómo sacarlo, ajá. Entonces... Bien, bien. O sea, era solamente por un tema de facturación, digamos. No fue por un tema que se sentía desconforme con la línea, digamos. No, no, no. Yo soy fan de Movistar, pero bueno, no me da el suelo. No, no, obvio, obvio. No, si te reentiendo. Justamente, nosotros ahora, la base de datos que tenemos es justamente los clientes que se han ido a Movistar para brindarles esta nueva promoción con el 80% de descuento. Si bien es que hay clientes que se han podido quejar, digamos, con la empresa, en este caso, bueno, estamos tomando nosotros los reclamos para poder brindarle este beneficio, que está rebueno para que puedan aprovechar, a enviar, justamente, volver a tener la empresa. Y en este caso, como tú, tú que vos vivías en el norte, que no tienes sucursal, tendrías mi número personal y que los sigas usando al bolso. O no. Escúchame, ¿podemos hacer esto? Lo voy a consultar con mi hija porque si no, después me retan. Llamame dentro de dos días. Dale, no hay problema. Chau, que tenga buen día.",
  "calidad": {
    "confianza_promedio": 0.5,
    "metodo_diarizacion": "pausas_fallback",
    "tiempo_procesamiento": 10.4
  },
  "metadata": {
    "modelo": "whisperx_medium",
    "diarizacion": "pausas",
    "dispositivo": "cuda",
    "fecha": "2026-02-18T23:12:15.035355",
    "version": "5.0_ecapa"
  }
}