{
  "archivo": "amza10_1_260211141803590_ACD_66919.wav",
  "duracion_segundos": 246.19,
  "num_segmentos": 68,
  "num_hablantes": 2,
  "hablantes": [
    "Hablante A",
    "Hablante B"
  ],
  "tiempo_por_hablante": {
    "Hablante A": 165.89,
    "Hablante B": 60.5
  },
  "idioma": "es",
  "conversacion": [
    {
      "hablante": "Hablante A",
      "inicio": 1.21,
      "fin": 3.6,
      "duracion": 2.38,
      "texto": "Hola.",
      "confianza": 0.185
    },
    {
      "hablante": "Hablante A",
      "inicio": 3.62,
      "fin": 4.34,
      "duracion": 0.72,
      "texto": "Hola, sí, buenas tardes.",
      "confianza": 0.365
    },
    {
      "hablante": "Hablante A",
      "inicio": 4.38,
      "fin": 7.9,
      "duracion": 3.53,
      "texto": "Hablo con la línea de Natividad, ¿Teresa?",
      "confianza": 0.828
    },
    {
      "hablante": "Hablante A",
      "inicio": 7.92,
      "fin": 8.06,
      "duracion": 0.14,
      "texto": "Sí, sí.",
      "confianza": 0.042
    },
    {
      "hablante": "Hablante A",
      "inicio": 8.08,
      "fin": 8.84,
      "duracion": 0.76,
      "texto": "Con gusto, ¿cómo va?",
      "confianza": 0.583
    },
    {
      "hablante": "Hablante A",
      "inicio": 9.24,
      "fin": 10.93,
      "duracion": 1.68,
      "texto": "Me pongo en contacto, ¿sí?",
      "confianza": 0.66
    },
    {
      "hablante": "Hablante A",
      "inicio": 10.95,
      "fin": 17.2,
      "duracion": 6.25,
      "texto": "Para brindarte, Tereza, lo que es una bonificación que tenemos con un 85% descuento, ¿sí?",
      "confianza": 0.613
    },
    {
      "hablante": "Hablante A",
      "inicio": 17.21,
      "fin": 20.12,
      "duracion": 2.9,
      "texto": "Me he pego el sistema que usted está en claro actualmente, ¿es correcto?",
      "confianza": 0.558
    },
    {
      "hablante": "Hablante A",
      "inicio": 20.86,
      "fin": 21.8,
      "duracion": 0.94,
      "texto": "Sí, sí.",
      "confianza": 0.275
    },
    {
      "hablante": "Hablante A",
      "inicio": 21.82,
      "fin": 22.86,
      "duracion": 1.04,
      "texto": "Bien, Tereza.",
      "confianza": 0.768
    },
    {
      "hablante": "Hablante A",
      "inicio": 22.88,
      "fin": 28.99,
      "duracion": 6.11,
      "texto": "Más o menos, obviamente, para brindarte, que ya que tenemos varios planes con el 85% descuento, ¿no sabes cuánto sigas estás consumiendo?",
      "confianza": 0.536
    },
    {
      "hablante": "Hablante A",
      "inicio": 29.95,
      "fin": 36.94,
      "duracion": 6.99,
      "texto": "La verdad que no sé, pero ayer y tú justamente ayer estabas viendo, yo que tengo una boleta de 26 mil pesos para pagar.",
      "confianza": 0.697
    },
    {
      "hablante": "Hablante A",
      "inicio": 38.18,
      "fin": 44.45,
      "duracion": 6.27,
      "texto": "Ah, por una línea, un montón.",
      "confianza": 0.456
    },
    {
      "hablante": "Hablante A",
      "inicio": 44.47,
      "fin": 44.91,
      "duracion": 0.44,
      "texto": "Un montón, un montóne.",
      "confianza": 0.004
    },
    {
      "hablante": "Hablante A",
      "inicio": 44.93,
      "fin": 45.21,
      "duracion": 0.28,
      "texto": "Un montón, sí.",
      "confianza": 0.021
    },
    {
      "hablante": "Hablante A",
      "inicio": 45.23,
      "fin": 50.64,
      "duracion": 5.41,
      "texto": "Bueno, mira, yo Teresa en este caso te brindo esta oferta y ahí te comento bien, sí, esta oferta.",
      "confianza": 0.555
    },
    {
      "hablante": "Hablante A",
      "inicio": 50.96,
      "fin": 58.27,
      "duracion": 7.31,
      "texto": "te va a quedar en un valor final de $11,972, porque son 25 gigas en total que te damos.",
      "confianza": 0.712
    },
    {
      "hablante": "Hablante A",
      "inicio": 58.49,
      "fin": 62.09,
      "duracion": 3.6,
      "texto": "Son 15 de base y 10 de regalo por 6 meses.",
      "confianza": 0.586
    },
    {
      "hablante": "Hablante A",
      "inicio": 62.11,
      "fin": 67.8,
      "duracion": 5.69,
      "texto": "Este plan es el mejor que tenemos en el mercado, ya que contiene lo que es Rumina al Mundo, WhatsApp darte y todo limitado.",
      "confianza": 0.644
    },
    {
      "hablante": "Hablante A",
      "inicio": 68.32,
      "fin": 72.66,
      "duracion": 4.34,
      "texto": "Esto ya tiene lo que es el 85% de cuenta, así que vos mensual deberías estar ganando eso $11,972.",
      "confianza": 0.596
    },
    {
      "hablante": "Hablante A",
      "inicio": 72.68,
      "fin": 73.32,
      "duracion": 0.64,
      "texto": "¿Ese plan te gusta?",
      "confianza": 0.327
    },
    {
      "hablante": "Hablante A",
      "inicio": 73.34,
      "fin": 77.62,
      "duracion": 4.28,
      "texto": "¿Cuánto giga me dijiste?",
      "confianza": 0.332
    },
    {
      "hablante": "Hablante A",
      "inicio": 78.04,
      "fin": 83.35,
      "duracion": 5.31,
      "texto": "En total vas a tener 25 gigas mensual.",
      "confianza": 0.618
    },
    {
      "hablante": "Hablante A",
      "inicio": 83.37,
      "fin": 83.99,
      "duracion": 0.62,
      "texto": "¿25?",
      "confianza": 0.856
    },
    {
      "hablante": "Hablante A",
      "inicio": 84.47,
      "fin": 87.78,
      "duracion": 3.3,
      "texto": "¿Y para cuánto meses me dura la promo?",
      "confianza": 0.595
    },
    {
      "hablante": "Hablante A",
      "inicio": 87.8,
      "fin": 89.56,
      "duracion": 1.76,
      "texto": "Bien, esta promo es por 6 meses.",
      "confianza": 0.755
    },
    {
      "hablante": "Hablante A",
      "inicio": 90.82,
      "fin": 94.97,
      "duracion": 4.15,
      "texto": "Justamente es por 6 meses para que vos no sufres esos aumentos que antes habían, en realidad.",
      "confianza": 0.715
    },
    {
      "hablante": "Hablante A",
      "inicio": 95.37,
      "fin": 100.75,
      "duracion": 5.39,
      "texto": "Después de los 6 meses se te da el aviso, digamos, se te da el aviso antes para que vos cambies lo que es la bonificación.",
      "confianza": 0.597
    },
    {
      "hablante": "Hablante A",
      "inicio": 101.07,
      "fin": 102.37,
      "duracion": 1.3,
      "texto": "En el caso de que vayas a la empresa.",
      "confianza": 0.612
    },
    {
      "hablante": "Hablante A",
      "inicio": 102.95,
      "fin": 106.92,
      "duracion": 3.97,
      "texto": "Pero bueno, es una promo que tenemos, como verás, con bastante gigas y dentro de todo accesible.",
      "confianza": 0.639
    },
    {
      "hablante": "Hablante A",
      "inicio": 107.63,
      "fin": 115.81,
      "duracion": 8.19,
      "texto": "Sí, porque trabajo siempre con... uso mucho el interno.",
      "confianza": 0.693
    },
    {
      "hablante": "Hablante A",
      "inicio": 115.83,
      "fin": 122.68,
      "duracion": 6.85,
      "texto": "¿Cómo te puedo decir yo para darte y por el chip cómo tengo que hacer?",
      "confianza": 0.721
    },
    {
      "hablante": "Hablante A",
      "inicio": 123.34,
      "fin": 124.28,
      "duracion": 0.94,
      "texto": "Bueno, te comento.",
      "confianza": 0.584
    },
    {
      "hablante": "Hablante A",
      "inicio": 124.36,
      "fin": 127.06,
      "duracion": 2.7,
      "texto": "Vos mantenés a tu mismo número de línea, claramente.",
      "confianza": 0.736
    },
    {
      "hablante": "Hablante A",
      "inicio": 127.54,
      "fin": 133.57,
      "duracion": 6.03,
      "texto": "Lo único que sí, te enviamos en el chip nosotros a la sucursal de Moizar que esté más cercana a vos.",
      "confianza": 0.671
    },
    {
      "hablante": "Hablante A",
      "inicio": 134.51,
      "fin": 135.69,
      "duracion": 1.18,
      "texto": "A domicilio no la mandas.",
      "confianza": 0.478
    },
    {
      "hablante": "Hablante A",
      "inicio": 136.38,
      "fin": 138.3,
      "duracion": 1.92,
      "texto": "A domicilio no le estamos enviando ahora, ¿sabes por qué?",
      "confianza": 0.59
    },
    {
      "hablante": "Hablante A",
      "inicio": 138.36,
      "fin": 142.05,
      "duracion": 3.69,
      "texto": "Porque habían temas de demora y el cliente de la entrevista se quejaba.",
      "confianza": 0.528
    },
    {
      "hablante": "Hablante A",
      "inicio": 142.07,
      "fin": 150.26,
      "duracion": 8.19,
      "texto": "¿Vos tenés algún problemita?",
      "confianza": 0.533
    },
    {
      "hablante": "Hablante A",
      "inicio": 150.28,
      "fin": 150.88,
      "duracion": 0.6,
      "texto": "No, no, ¿qué tendría cerca?",
      "confianza": 0.042
    },
    {
      "hablante": "Hablante A",
      "inicio": 150.9,
      "fin": 151.42,
      "duracion": 0.52,
      "texto": "Yo estoy cerca de Sanju.",
      "confianza": 0.093
    },
    {
      "hablante": "Hablante A",
      "inicio": 151.44,
      "fin": 151.7,
      "duracion": 0.26,
      "texto": "Ah, bien, ok.",
      "confianza": 0.014
    },
    {
      "hablante": "Hablante A",
      "inicio": 151.72,
      "fin": 153.66,
      "duracion": 1.94,
      "texto": "Bueno, cualquier cosa me lo comentás en el problema, te comento.",
      "confianza": 0.527
    },
    {
      "hablante": "Hablante A",
      "inicio": 153.96,
      "fin": 162.15,
      "duracion": 8.19,
      "texto": "Te enviamos el chip a una sucursal de Mozart que a vos te queden cercanas y te damos el aviso cuando el chip se encuentra en la sucursal para que vos estés al tanto y ahí vos te fijás.",
      "confianza": 0.652
    },
    {
      "hablante": "Hablante A",
      "inicio": 162.38,
      "fin": 167.71,
      "duracion": 5.33,
      "texto": "A partir de las 48 horas, ¿cuándo, qué día, qué horario se te hace mejor la voz para que retires?",
      "confianza": 0.558
    },
    {
      "hablante": "Hablante A",
      "inicio": 167.73,
      "fin": 171.5,
      "duracion": 3.77,
      "texto": "Pero bueno, es bastante rápido.",
      "confianza": 0.658
    },
    {
      "hablante": "Hablante A",
      "inicio": 171.58,
      "fin": 178.21,
      "duracion": 6.63,
      "texto": "Nosotros somos los encargados de darle el aviso a Claro para que justamente Claro no te deje en la línea, digamos, inhabilitada.",
      "confianza": 0.649
    },
    {
      "hablante": "Hablante A",
      "inicio": 178.23,
      "fin": 179.69,
      "duracion": 1.46,
      "texto": "No te cortes lo que es la comunicación.",
      "confianza": 0.65
    },
    {
      "hablante": "Hablante B",
      "inicio": 181.54,
      "fin": 187.23,
      "duracion": 5.69,
      "texto": "Solo haces un cambio de empresa nada más.",
      "confianza": 0.56
    },
    {
      "hablante": "Hablante B",
      "inicio": 187.25,
      "fin": 187.51,
      "duracion": 0.26,
      "texto": "Sí, sí.",
      "confianza": 0.196
    },
    {
      "hablante": "Hablante B",
      "inicio": 187.53,
      "fin": 187.77,
      "duracion": 0.24,
      "texto": "Sí me gusta.",
      "confianza": 0.057
    },
    {
      "hablante": "Hablante B",
      "inicio": 187.95,
      "fin": 196.9,
      "duracion": 8.95,
      "texto": "Pasa que yo tengo otra línea de entero de mi hija y ahora voy a consultarle yo porque por ahí una de esas nos cambiamos las dos, viste?",
      "confianza": 0.764
    },
    {
      "hablante": "Hablante B",
      "inicio": 197.69,
      "fin": 199.55,
      "duracion": 1.86,
      "texto": "Sí, ahora bien, las dos están a nombre tuyo.",
      "confianza": 0.451
    },
    {
      "hablante": "Hablante B",
      "inicio": 200.29,
      "fin": 201.91,
      "duracion": 1.62,
      "texto": "Sí, sí, sí, por eso te digo.",
      "confianza": 0.621
    },
    {
      "hablante": "Hablante B",
      "inicio": 202.43,
      "fin": 207.4,
      "duracion": 4.97,
      "texto": "Bien, y te hago una consulta interesante, soy sincera, claramente, como verás, es una consulta muy buena.",
      "confianza": 0.582
    },
    {
      "hablante": "Hablante B",
      "inicio": 208.16,
      "fin": 210.36,
      "duracion": 2.2,
      "texto": "Sí, sí.",
      "confianza": 0.406
    },
    {
      "hablante": "Hablante B",
      "inicio": 210.41,
      "fin": 213.16,
      "duracion": 2.74,
      "texto": "y mañana realmente no sé si va a ser la oferta.",
      "confianza": 0.527
    },
    {
      "hablante": "Hablante B",
      "inicio": 213.42,
      "fin": 215.9,
      "duracion": 2.48,
      "texto": "Te comento, ¿querés que te haga tu trámite?",
      "confianza": 0.727
    },
    {
      "hablante": "Hablante B",
      "inicio": 215.92,
      "fin": 226.05,
      "duracion": 10.13,
      "texto": "Y ahí si vos me decís, como ya te guardo el cupo, después hacemos la de tu hija cuando nos merigas, o no te demorás nada en consultarle y te lo damos.",
      "confianza": 0.68
    },
    {
      "hablante": "Hablante B",
      "inicio": 226.23,
      "fin": 233.38,
      "duracion": 7.15,
      "texto": "No, no, si vos querés, antes de las tres sí me podés llamar, y te te digo, porque yo no entro a que haga una consulta con ella y te aviso.",
      "confianza": 0.563
    },
    {
      "hablante": "Hablante B",
      "inicio": 233.4,
      "fin": 234.44,
      "duracion": 1.04,
      "texto": "Bueno, entonces hacemos una cosa.",
      "confianza": 0.58
    },
    {
      "hablante": "Hablante B",
      "inicio": 234.46,
      "fin": 238.85,
      "duracion": 4.39,
      "texto": "Yo ahora te corto, Teresa, te dejo el mensaje por WhatsApp, se lo brindamos ahí a tu hija,",
      "confianza": 0.566
    },
    {
      "hablante": "Hablante B",
      "inicio": 239.03,
      "fin": 242.37,
      "duracion": 3.34,
      "texto": "Me das el ok y el saqueo no y te lo armo nuevamente, ¿sí?",
      "confianza": 0.453
    },
    {
      "hablante": "Hablante B",
      "inicio": 242.39,
      "fin": 243.34,
      "duracion": 0.95,
      "texto": "Dale, dale, dale.",
      "confianza": 0.531
    },
    {
      "hablante": "Hablante B",
      "inicio": 243.35,
      "fin": 243.76,
      "duracion": 0.4,
      "texto": "Gracias, Dani.",
      "confianza": 0.308
    },
    {
      "hablante": "Hablante B",
      "inicio": 243.84,
      "fin": 245.02,
      "duracion": 1.19,
      "texto": "No, gracias a vos.",
      "confianza": 0.333
    },
    {
      "hablante": "Hablante B",
      "inicio": 245.08,
      "fin": 245.67,
      "duracion": 0.58,
      "texto": "Ahí te hablo.",
      "confianza": 0.421
    },
    {
      "hablante": "Hablante B",
      "inicio": 245.87,
      "fin": 246.19,
      "duracion": 0.32,
      "texto": "Adiós.",
      "confianza": 0.52
    }
  ],
  "transcripcion_completa": "Hola. Hola, sí, buenas tardes. Hablo con la línea de Natividad, ¿Teresa? Sí, sí. Con gusto, ¿cómo va? Me pongo en contacto, ¿sí? Para brindarte, Tereza, lo que es una bonificación que tenemos con un 85% descuento, ¿sí? Me he pego el sistema que usted está en claro actualmente, ¿es correcto? Sí, sí. Bien, Tereza. Más o menos, obviamente, para brindarte, que ya que tenemos varios planes con el 85% descuento, ¿no sabes cuánto sigas estás consumiendo? La verdad que no sé, pero ayer y tú justamente ayer estabas viendo, yo que tengo una boleta de 26 mil pesos para pagar. Ah, por una línea, un montón. Un montón, un montóne. Un montón, sí. Bueno, mira, yo Teresa en este caso te brindo esta oferta y ahí te comento bien, sí, esta oferta. te va a quedar en un valor final de $11,972, porque son 25 gigas en total que te damos. Son 15 de base y 10 de regalo por 6 meses. Este plan es el mejor que tenemos en el mercado, ya que contiene lo que es Rumina al Mundo, WhatsApp darte y todo limitado. Esto ya tiene lo que es el 85% de cuenta, así que vos mensual deberías estar ganando eso $11,972. ¿Ese plan te gusta? ¿Cuánto giga me dijiste? En total vas a tener 25 gigas mensual. ¿25? ¿Y para cuánto meses me dura la promo? Bien, esta promo es por 6 meses. Justamente es por 6 meses para que vos no sufres esos aumentos que antes habían, en realidad. Después de los 6 meses se te da el aviso, digamos, se te da el aviso antes para que vos cambies lo que es la bonificación. En el caso de que vayas a la empresa. Pero bueno, es una promo que tenemos, como verás, con bastante gigas y dentro de todo accesible. Sí, porque trabajo siempre con... uso mucho el interno. ¿Cómo te puedo decir yo para darte y por el chip cómo tengo que hacer? Bueno, te comento. Vos mantenés a tu mismo número de línea, claramente. Lo único que sí, te enviamos en el chip nosotros a la sucursal de Moizar que esté más cercana a vos. A domicilio no la mandas. A domicilio no le estamos enviando ahora, ¿sabes por qué? Porque habían temas de demora y el cliente de la entrevista se quejaba. ¿Vos tenés algún problemita? No, no, ¿qué tendría cerca? Yo estoy cerca de Sanju. Ah, bien, ok. Bueno, cualquier cosa me lo comentás en el problema, te comento. Te enviamos el chip a una sucursal de Mozart que a vos te queden cercanas y te damos el aviso cuando el chip se encuentra en la sucursal para que vos estés al tanto y ahí vos te fijás. A partir de las 48 horas, ¿cuándo, qué día, qué horario se te hace mejor la voz para que retires? Pero bueno, es bastante rápido. Nosotros somos los encargados de darle el aviso a Claro para que justamente Claro no te deje en la línea, digamos, inhabilitada. No te cortes lo que es la comunicación. Solo haces un cambio de empresa nada más. Sí, sí. Sí me gusta. Pasa que yo tengo otra línea de entero de mi hija y ahora voy a consultarle yo porque por ahí una de esas nos cambiamos las dos, viste? Sí, ahora bien, las dos están a nombre tuyo. Sí, sí, sí, por eso te digo. Bien, y te hago una consulta interesante, soy sincera, claramente, como verás, es una consulta muy buena. Sí, sí. y mañana realmente no sé si va a ser la oferta. Te comento, ¿querés que te haga tu trámite? Y ahí si vos me decís, como ya te guardo el cupo, después hacemos la de tu hija cuando nos merigas, o no te demorás nada en consultarle y te lo damos. No, no, si vos querés, antes de las tres sí me podés llamar, y te te digo, porque yo no entro a que haga una consulta con ella y te aviso. Bueno, entonces hacemos una cosa. Yo ahora te corto, Teresa, te dejo el mensaje por WhatsApp, se lo brindamos ahí a tu hija, Me das el ok y el saqueo no y te lo armo nuevamente, ¿sí? Dale, dale, dale. Gracias, Dani. No, gracias a vos. Ahí te hablo. Adiós.",
  "calidad": {
    "confianza_promedio": 0.514,
    "metodo_diarizacion": "pausas_fallback",
    "tiempo_procesamiento": 13.6
  },
  "metadata": {
    "modelo": "whisperx_medium",
    "diarizacion": "pausas",
    "dispositivo": "cuda",
    "fecha": "2026-02-18T22:37:27.453582",
    "version": "5.0_ecapa"
  }
}