{
  "archivo": "amza15_1_260209124935892_ACD_94881.wav",
  "duracion_segundos": 85.72,
  "num_segmentos": 23,
  "num_hablantes": 2,
  "hablantes": [
    "Hablante A",
    "Hablante B"
  ],
  "tiempo_por_hablante": {
    "Hablante B": 59.67,
    "Hablante A": 17.26
  },
  "idioma": "es",
  "conversacion": [
    {
      "hablante": "Hablante B",
      "inicio": 2.0,
      "fin": 5.11,
      "duracion": 3.11,
      "texto": "Hola, ¿buen día, Daniel?",
      "confianza": 0.068
    },
    {
      "hablante": "Hablante B",
      "inicio": 5.13,
      "fin": 5.83,
      "duracion": 0.7,
      "texto": "No, ¿quién habla?",
      "confianza": 0.112
    },
    {
      "hablante": "Hablante B",
      "inicio": 5.85,
      "fin": 6.89,
      "duracion": 1.04,
      "texto": "Ah, mucho gusto, señorita.",
      "confianza": 0.604
    },
    {
      "hablante": "Hablante B",
      "inicio": 6.93,
      "fin": 8.21,
      "duracion": 1.28,
      "texto": "Me presento, mi nombre es Agustín.",
      "confianza": 0.495
    },
    {
      "hablante": "Hablante B",
      "inicio": 8.36,
      "fin": 10.32,
      "duracion": 1.96,
      "texto": "Yo la estoy llamando desde el área de calidad movistar.",
      "confianza": 0.486
    },
    {
      "hablante": "Hablante B",
      "inicio": 10.34,
      "fin": 13.88,
      "duracion": 3.55,
      "texto": "¿Cómo le va todo bien?",
      "confianza": 0.65
    },
    {
      "hablante": "Hablante B",
      "inicio": 13.9,
      "fin": 15.27,
      "duracion": 1.36,
      "texto": "Sí, muy bien, señorita.",
      "confianza": 0.191
    },
    {
      "hablante": "Hablante B",
      "inicio": 15.29,
      "fin": 24.5,
      "duracion": 9.22,
      "texto": "Sí, básicamente, yo la estoy llamando, señorita, porque me refiero acá en el sistema que usted fue parte de la compañía hace un tiempo atrás y quería saber qué fue lo que la llevó a cambiar, si tuvo un inconveniente, fue por otra oferta.",
      "confianza": 0.612
    },
    {
      "hablante": "Hablante A",
      "inicio": 27.62,
      "fin": 42.06,
      "duracion": 14.44,
      "texto": "estábamos en una situación económica complicada, después de más de 30 años con movistar, mi marido les pidió una rebaja y me dijeron que no.",
      "confianza": 0.43
    },
    {
      "hablante": "Hablante A",
      "inicio": 42.08,
      "fin": 44.9,
      "duracion": 2.82,
      "texto": "Me dijeron que no tenían en este momento una rebaja.",
      "confianza": 0.672
    },
    {
      "hablante": "Hablante B",
      "inicio": 46.58,
      "fin": 50.81,
      "duracion": 4.22,
      "texto": "No, no podían hacer más, después de 30 años.",
      "confianza": 0.497
    },
    {
      "hablante": "Hablante B",
      "inicio": 50.83,
      "fin": 52.77,
      "duracion": 1.94,
      "texto": "No me digas, sí, la verdad que fue una",
      "confianza": 0.51
    },
    {
      "hablante": "Hablante B",
      "inicio": 53.56,
      "fin": 54.64,
      "duracion": 1.08,
      "texto": "Un muy mal momento, ¿no?",
      "confianza": 0.488
    },
    {
      "hablante": "Hablante B",
      "inicio": 54.66,
      "fin": 59.73,
      "duracion": 5.07,
      "texto": "La verdad, porque de mi parte, por ejemplo, mis amigos me hubieran dicho en ese momento, obviamente, que podíamos acceder.",
      "confianza": 0.61
    },
    {
      "hablante": "Hablante B",
      "inicio": 59.85,
      "fin": 62.09,
      "duracion": 2.24,
      "texto": "No sé qué habrá pasado en ese momento, ¿qué le dijeron que no?",
      "confianza": 0.629
    },
    {
      "hablante": "Hablante B",
      "inicio": 62.11,
      "fin": 68.78,
      "duracion": 6.67,
      "texto": "¿Si fue una persona, fueron a la sucursal o cómo fue el proceso?",
      "confianza": 0.634
    },
    {
      "hablante": "Hablante B",
      "inicio": 68.8,
      "fin": 70.88,
      "duracion": 2.08,
      "texto": "Una persona.",
      "confianza": 0.53
    },
    {
      "hablante": "Hablante B",
      "inicio": 70.9,
      "fin": 74.42,
      "duracion": 3.52,
      "texto": "Ajá, por teléfono.",
      "confianza": 0.087
    },
    {
      "hablante": "Hablante B",
      "inicio": 74.44,
      "fin": 74.58,
      "duracion": 0.14,
      "texto": "Sí, sí.",
      "confianza": 0.0
    },
    {
      "hablante": "Hablante B",
      "inicio": 74.6,
      "fin": 74.81,
      "duracion": 0.2,
      "texto": "Ok, bueno.",
      "confianza": 0.012
    },
    {
      "hablante": "Hablante B",
      "inicio": 74.83,
      "fin": 82.13,
      "duracion": 7.31,
      "texto": "Entonces, más que nada, bueno, pedí la disculpa por lo sucedido y bueno, espero que tengan un buen día.",
      "confianza": 0.506
    },
    {
      "hablante": "Hablante B",
      "inicio": 82.15,
      "fin": 82.97,
      "duracion": 0.82,
      "texto": "No sirve de nada la disculpa, pero bueno.",
      "confianza": 0.026
    },
    {
      "hablante": "Hablante B",
      "inicio": 83.56,
      "fin": 85.72,
      "duracion": 2.16,
      "texto": "Chau, chau.",
      "confianza": 0.402
    }
  ],
  "transcripcion_completa": "Hola, ¿buen día, Daniel? No, ¿quién habla? Ah, mucho gusto, señorita. Me presento, mi nombre es Agustín. Yo la estoy llamando desde el área de calidad movistar. ¿Cómo le va todo bien? Sí, muy bien, señorita. Sí, básicamente, yo la estoy llamando, señorita, porque me refiero acá en el sistema que usted fue parte de la compañía hace un tiempo atrás y quería saber qué fue lo que la llevó a cambiar, si tuvo un inconveniente, fue por otra oferta. estábamos en una situación económica complicada, después de más de 30 años con movistar, mi marido les pidió una rebaja y me dijeron que no. Me dijeron que no tenían en este momento una rebaja. No, no podían hacer más, después de 30 años. No me digas, sí, la verdad que fue una Un muy mal momento, ¿no? La verdad, porque de mi parte, por ejemplo, mis amigos me hubieran dicho en ese momento, obviamente, que podíamos acceder. No sé qué habrá pasado en ese momento, ¿qué le dijeron que no? ¿Si fue una persona, fueron a la sucursal o cómo fue el proceso? Una persona. Ajá, por teléfono. Sí, sí. Ok, bueno. Entonces, más que nada, bueno, pedí la disculpa por lo sucedido y bueno, espero que tengan un buen día. No sirve de nada la disculpa, pero bueno. Chau, chau.",
  "calidad": {
    "confianza_promedio": 0.42,
    "metodo_diarizacion": "pausas_fallback",
    "tiempo_procesamiento": 8.1
  },
  "metadata": {
    "modelo": "whisperx_medium",
    "diarizacion": "pausas",
    "dispositivo": "cuda",
    "fecha": "2026-02-18T23:35:22.026288",
    "version": "5.0_ecapa"
  }
}