{
  "archivo": "amza14_1_260210142322064_ACD_68751.wav",
  "duracion_segundos": 178.39,
  "num_segmentos": 38,
  "num_hablantes": 2,
  "hablantes": [
    "Hablante A",
    "Hablante B"
  ],
  "tiempo_por_hablante": {
    "Hablante A": 45.7,
    "Hablante B": 119.02
  },
  "idioma": "es",
  "conversacion": [
    {
      "hablante": "Hablante A",
      "inicio": 1.03,
      "fin": 5.69,
      "duracion": 4.67,
      "texto": "Hola, buen día.",
      "confianza": 0.096
    },
    {
      "hablante": "Hablante A",
      "inicio": 5.71,
      "fin": 6.21,
      "duracion": 0.5,
      "texto": "¿Cómo le va?",
      "confianza": 0.616
    },
    {
      "hablante": "Hablante A",
      "inicio": 6.24,
      "fin": 7.4,
      "duracion": 1.16,
      "texto": "Un gusto, mi nombre es Bruno.",
      "confianza": 0.742
    },
    {
      "hablante": "Hablante A",
      "inicio": 7.52,
      "fin": 10.36,
      "duracion": 2.84,
      "texto": "Me estaba comunicando desde el área de recupero del cliente de Movistar.",
      "confianza": 0.658
    },
    {
      "hablante": "Hablante A",
      "inicio": 11.34,
      "fin": 16.95,
      "duracion": 5.61,
      "texto": "Tenemos una promo disponible.",
      "confianza": 0.156
    },
    {
      "hablante": "Hablante A",
      "inicio": 16.97,
      "fin": 17.47,
      "duracion": 0.5,
      "texto": "Bien, te comento.",
      "confianza": 0.59
    },
    {
      "hablante": "Hablante A",
      "inicio": 17.57,
      "fin": 21.7,
      "duracion": 4.13,
      "texto": "Tenemos una promoción con 8 gigas de base más 10 gigas de regalo.",
      "confianza": 0.713
    },
    {
      "hablante": "Hablante A",
      "inicio": 22.22,
      "fin": 24.32,
      "duracion": 2.1,
      "texto": "WhatsApp gratis, habla libre a cualquier compañía.",
      "confianza": 0.698
    },
    {
      "hablante": "Hablante A",
      "inicio": 24.38,
      "fin": 27.41,
      "duracion": 3.02,
      "texto": "Este plan incluye también Rumin en América en el caso que viajes.",
      "confianza": 0.783
    },
    {
      "hablante": "Hablante A",
      "inicio": 27.71,
      "fin": 32.23,
      "duracion": 4.53,
      "texto": "Esto es un descuento del 85% que tenemos actualmente en 8047.",
      "confianza": 0.608
    },
    {
      "hablante": "Hablante A",
      "inicio": 32.29,
      "fin": 46.81,
      "duracion": 14.52,
      "texto": "Ese es el plan más, un plan básico que tenemos, que bueno, incluye Rumin en América en el caso de que viajes y bueno, vas a tener llamadas gratis, habla libre a cualquier compañía también.",
      "confianza": 0.712
    },
    {
      "hablante": "Hablante A",
      "inicio": 46.83,
      "fin": 48.95,
      "duracion": 2.12,
      "texto": "Vos tenés una sola línea, tenés más líneas.",
      "confianza": 0.793
    },
    {
      "hablante": "Hablante B",
      "inicio": 51.25,
      "fin": 56.71,
      "duracion": 5.47,
      "texto": "Yo le voy a tratar de rebobinar un poquito porque no le escuché.",
      "confianza": 0.517
    },
    {
      "hablante": "Hablante B",
      "inicio": 56.8,
      "fin": 64.0,
      "duracion": 7.21,
      "texto": "Me dijo ocho siglas de base y diez de regalo.",
      "confianza": 0.738
    },
    {
      "hablante": "Hablante B",
      "inicio": 64.02,
      "fin": 69.45,
      "duracion": 5.43,
      "texto": "Para mí es un montón, es un consumo que no voy a tener.",
      "confianza": 0.289
    },
    {
      "hablante": "Hablante B",
      "inicio": 69.53,
      "fin": 73.62,
      "duracion": 4.09,
      "texto": "Más básico básico de dos o tres siglas sería suficiente.",
      "confianza": 0.657
    },
    {
      "hablante": "Hablante B",
      "inicio": 73.92,
      "fin": 75.72,
      "duracion": 1.8,
      "texto": "Yo tengo más de un día.",
      "confianza": 0.47
    },
    {
      "hablante": "Hablante B",
      "inicio": 75.74,
      "fin": 79.25,
      "duracion": 3.51,
      "texto": "A ver, voy a ver si me actualiza alguna nueva promoción.",
      "confianza": 0.708
    },
    {
      "hablante": "Hablante B",
      "inicio": 80.09,
      "fin": 81.05,
      "duracion": 0.96,
      "texto": "Aguardemos un segundo.",
      "confianza": 0.566
    },
    {
      "hablante": "Hablante B",
      "inicio": 82.09,
      "fin": 86.17,
      "duracion": 4.09,
      "texto": "¿Vos tenés una sola línea también?",
      "confianza": 0.719
    },
    {
      "hablante": "Hablante B",
      "inicio": 86.19,
      "fin": 86.57,
      "duracion": 0.38,
      "texto": "No, tengo tres.",
      "confianza": 0.213
    },
    {
      "hablante": "Hablante B",
      "inicio": 86.59,
      "fin": 87.13,
      "duracion": 0.54,
      "texto": "Tres líneas, bien.",
      "confianza": 0.349
    },
    {
      "hablante": "Hablante B",
      "inicio": 87.57,
      "fin": 99.59,
      "duracion": 12.01,
      "texto": "En el caso de hacer la portabilidad de más de una línea, bueno, sé que no te importan mucho los gigas, no los ocupás, pero tenés cuatro extra de regalo haciendo la portabilidad de más de una línea bajo un mismo título.",
      "confianza": 0.745
    },
    {
      "hablante": "Hablante B",
      "inicio": 99.61,
      "fin": 107.7,
      "duracion": 8.09,
      "texto": "Mira, ahí me arroja una nueva oferta, que son cuatro de base, más diez de regalo también, con WhatsApp gratis, habla libre a cualquier compañía,",
      "confianza": 0.722
    },
    {
      "hablante": "Hablante B",
      "inicio": 108.1,
      "fin": 109.48,
      "duracion": 1.38,
      "texto": "En $5,835.",
      "confianza": 0.66
    },
    {
      "hablante": "Hablante B",
      "inicio": 109.52,
      "fin": 117.29,
      "duracion": 7.77,
      "texto": "Ese sí es el plan más económico que tenemos.",
      "confianza": 0.788
    },
    {
      "hablante": "Hablante B",
      "inicio": 117.31,
      "fin": 118.21,
      "duracion": 0.9,
      "texto": "$5,835.",
      "confianza": 0.789
    },
    {
      "hablante": "Hablante B",
      "inicio": 118.39,
      "fin": 124.94,
      "duracion": 6.55,
      "texto": "Cuatro evas y diez el regalo.",
      "confianza": 0.548
    },
    {
      "hablante": "Hablante B",
      "inicio": 124.96,
      "fin": 136.99,
      "duracion": 12.03,
      "texto": "Sí, me escribió hace, no sé, veinte minutos una compañera suya también por WhatsApp, porque yo había iniciado la porcentilidad del cambio con ella el día viernes.",
      "confianza": 0.51
    },
    {
      "hablante": "Hablante B",
      "inicio": 138.25,
      "fin": 144.82,
      "duracion": 6.57,
      "texto": "Claro, me ofreció, obviamente intentando recuperarme un plan mejor.",
      "confianza": 0.761
    },
    {
      "hablante": "Hablante B",
      "inicio": 145.48,
      "fin": 160.19,
      "duracion": 14.7,
      "texto": "Entonces cancelé la portabilidad y este chico otra vez me volvió a escribir diciendo, bueno, me está ofreciendo exactamente, pero yo ya estoy en comunicación con ellos, ya les ofreció las fotos y todo, y me está ofreciendo el mismo plan.",
      "confianza": 0.6
    },
    {
      "hablante": "Hablante B",
      "inicio": 161.35,
      "fin": 165.71,
      "duracion": 4.37,
      "texto": "Así que, o sea, si no hay un plan mejor,",
      "confianza": 0.593
    },
    {
      "hablante": "Hablante B",
      "inicio": 166.01,
      "fin": 171.67,
      "duracion": 5.66,
      "texto": "A este, por el momento, no voy a hacer uso de la opción.",
      "confianza": 0.552
    },
    {
      "hablante": "Hablante B",
      "inicio": 171.69,
      "fin": 172.39,
      "duracion": 0.7,
      "texto": "Bien, no hay problema.",
      "confianza": 0.593
    },
    {
      "hablante": "Hablante B",
      "inicio": 172.41,
      "fin": 174.48,
      "duracion": 2.07,
      "texto": "Entonces, Damian, lo dejas sentado en sistema.",
      "confianza": 0.67
    },
    {
      "hablante": "Hablante B",
      "inicio": 174.5,
      "fin": 175.92,
      "duracion": 1.42,
      "texto": "Que tengas buen día.",
      "confianza": 0.633
    },
    {
      "hablante": "Hablante B",
      "inicio": 177.04,
      "fin": 178.0,
      "duracion": 0.96,
      "texto": "Bueno, vale, gracias.",
      "confianza": 0.506
    },
    {
      "hablante": "Hablante B",
      "inicio": 178.03,
      "fin": 178.39,
      "duracion": 0.36,
      "texto": "Hasta luego.",
      "confianza": 0.252
    }
  ],
  "transcripcion_completa": "Hola, buen día. ¿Cómo le va? Un gusto, mi nombre es Bruno. Me estaba comunicando desde el área de recupero del cliente de Movistar. Tenemos una promo disponible. Bien, te comento. Tenemos una promoción con 8 gigas de base más 10 gigas de regalo. WhatsApp gratis, habla libre a cualquier compañía. Este plan incluye también Rumin en América en el caso que viajes. Esto es un descuento del 85% que tenemos actualmente en 8047. Ese es el plan más, un plan básico que tenemos, que bueno, incluye Rumin en América en el caso de que viajes y bueno, vas a tener llamadas gratis, habla libre a cualquier compañía también. Vos tenés una sola línea, tenés más líneas. Yo le voy a tratar de rebobinar un poquito porque no le escuché. Me dijo ocho siglas de base y diez de regalo. Para mí es un montón, es un consumo que no voy a tener. Más básico básico de dos o tres siglas sería suficiente. Yo tengo más de un día. A ver, voy a ver si me actualiza alguna nueva promoción. Aguardemos un segundo. ¿Vos tenés una sola línea también? No, tengo tres. Tres líneas, bien. En el caso de hacer la portabilidad de más de una línea, bueno, sé que no te importan mucho los gigas, no los ocupás, pero tenés cuatro extra de regalo haciendo la portabilidad de más de una línea bajo un mismo título. Mira, ahí me arroja una nueva oferta, que son cuatro de base, más diez de regalo también, con WhatsApp gratis, habla libre a cualquier compañía, En $5,835. Ese sí es el plan más económico que tenemos. $5,835. Cuatro evas y diez el regalo. Sí, me escribió hace, no sé, veinte minutos una compañera suya también por WhatsApp, porque yo había iniciado la porcentilidad del cambio con ella el día viernes. Claro, me ofreció, obviamente intentando recuperarme un plan mejor. Entonces cancelé la portabilidad y este chico otra vez me volvió a escribir diciendo, bueno, me está ofreciendo exactamente, pero yo ya estoy en comunicación con ellos, ya les ofreció las fotos y todo, y me está ofreciendo el mismo plan. Así que, o sea, si no hay un plan mejor, A este, por el momento, no voy a hacer uso de la opción. Bien, no hay problema. Entonces, Damian, lo dejas sentado en sistema. Que tengas buen día. Bueno, vale, gracias. Hasta luego.",
  "calidad": {
    "confianza_promedio": 0.587,
    "metodo_diarizacion": "pausas_fallback",
    "tiempo_procesamiento": 11.2
  },
  "metadata": {
    "modelo": "whisperx_medium",
    "diarizacion": "pausas",
    "dispositivo": "cuda",
    "fecha": "2026-02-18T23:26:56.246295",
    "version": "5.0_ecapa"
  }
}