{
  "archivo": "amza15_1_260212140823137_ACD_52579.wav",
  "duracion_segundos": 187.5,
  "num_segmentos": 64,
  "num_hablantes": 2,
  "hablantes": [
    "Hablante A",
    "Hablante B"
  ],
  "tiempo_por_hablante": {
    "Hablante A": 100.45,
    "Hablante B": 37.24
  },
  "idioma": "es",
  "conversacion": [
    {
      "hablante": "Hablante A",
      "inicio": 0.34,
      "fin": 1.98,
      "duracion": 1.64,
      "texto": "Hola.",
      "confianza": 0.447
    },
    {
      "hablante": "Hablante A",
      "inicio": 2.0,
      "fin": 5.1,
      "duracion": 3.1,
      "texto": "Hola, mi nombre es Gustavo.",
      "confianza": 0.231
    },
    {
      "hablante": "Hablante A",
      "inicio": 5.12,
      "fin": 5.38,
      "duracion": 0.26,
      "texto": "¿Quién habla?",
      "confianza": 0.043
    },
    {
      "hablante": "Hablante A",
      "inicio": 5.4,
      "fin": 6.18,
      "duracion": 0.78,
      "texto": "Gustavo, mucho gusto.",
      "confianza": 0.441
    },
    {
      "hablante": "Hablante A",
      "inicio": 6.22,
      "fin": 6.96,
      "duracion": 0.74,
      "texto": "Mi nombre es Agustín.",
      "confianza": 0.426
    },
    {
      "hablante": "Hablante A",
      "inicio": 6.98,
      "fin": 9.14,
      "duracion": 2.16,
      "texto": "Yo le estoy llamando desde el área que le íbamos a visitar.",
      "confianza": 0.405
    },
    {
      "hablante": "Hablante A",
      "inicio": 9.16,
      "fin": 12.27,
      "duracion": 3.1,
      "texto": "¿Cómo le va todo bien?",
      "confianza": 0.637
    },
    {
      "hablante": "Hablante A",
      "inicio": 12.29,
      "fin": 12.77,
      "duracion": 0.48,
      "texto": "Hola, ¿sí?",
      "confianza": 0.349
    },
    {
      "hablante": "Hablante A",
      "inicio": 14.03,
      "fin": 14.09,
      "duracion": 0.06,
      "texto": "Sí.",
      "confianza": 0.094
    },
    {
      "hablante": "Hablante A",
      "inicio": 14.11,
      "fin": 19.08,
      "duracion": 4.97,
      "texto": "Gustavo, yo lo llamaba más que nada porque, miren, me estudiaron el sistema que usted fue parte de la compañía hace un tiempo atrás.",
      "confianza": 0.592
    },
    {
      "hablante": "Hablante A",
      "inicio": 19.54,
      "fin": 21.38,
      "duracion": 1.84,
      "texto": "Bueno, quería saber qué fue lo que lo llevó a cambiar.",
      "confianza": 0.621
    },
    {
      "hablante": "Hablante A",
      "inicio": 21.4,
      "fin": 27.73,
      "duracion": 6.33,
      "texto": "Si tuve un inconveniente, fue por otra oferta.",
      "confianza": 0.344
    },
    {
      "hablante": "Hablante A",
      "inicio": 27.75,
      "fin": 27.95,
      "duracion": 0.2,
      "texto": "Puede ser.",
      "confianza": 0.0
    },
    {
      "hablante": "Hablante A",
      "inicio": 27.97,
      "fin": 28.91,
      "duracion": 0.94,
      "texto": "Si querés, mándame la oferta por WhatsApp, ¿sí?",
      "confianza": 0.033
    },
    {
      "hablante": "Hablante A",
      "inicio": 29.93,
      "fin": 30.77,
      "duracion": 0.84,
      "texto": "Dale, perfecto.",
      "confianza": 0.584
    },
    {
      "hablante": "Hablante A",
      "inicio": 30.81,
      "fin": 34.48,
      "duracion": 3.66,
      "texto": "Y tiene internet también.",
      "confianza": 0.286
    },
    {
      "hablante": "Hablante A",
      "inicio": 34.5,
      "fin": 35.74,
      "duracion": 1.24,
      "texto": "Perfecto, te voy a consultar.",
      "confianza": 0.619
    },
    {
      "hablante": "Hablante A",
      "inicio": 36.06,
      "fin": 38.38,
      "duracion": 2.32,
      "texto": "¿Vos tenés más de dos líneas o tu nombre puede ser?",
      "confianza": 0.432
    },
    {
      "hablante": "Hablante B",
      "inicio": 40.12,
      "fin": 41.25,
      "duracion": 1.12,
      "texto": "No, una sola.",
      "confianza": 0.171
    },
    {
      "hablante": "Hablante B",
      "inicio": 41.27,
      "fin": 42.21,
      "duracion": 0.94,
      "texto": "Una sola, perfecto.",
      "confianza": 0.682
    },
    {
      "hablante": "Hablante B",
      "inicio": 42.33,
      "fin": 43.51,
      "duracion": 1.18,
      "texto": "Y bueno, tenemos el wifi.",
      "confianza": 0.628
    },
    {
      "hablante": "Hablante B",
      "inicio": 44.29,
      "fin": 46.29,
      "duracion": 2.0,
      "texto": "Dame un segundo y te lo comentamos.",
      "confianza": 0.713
    },
    {
      "hablante": "Hablante B",
      "inicio": 46.31,
      "fin": 50.84,
      "duracion": 4.53,
      "texto": "Más que nada, para ver la dirección del sistema, si está bien o no, a ver qué te puedo ofrecer.",
      "confianza": 0.676
    },
    {
      "hablante": "Hablante B",
      "inicio": 51.48,
      "fin": 52.92,
      "duracion": 1.44,
      "texto": "Dame un segundo.",
      "confianza": 0.868
    },
    {
      "hablante": "Hablante B",
      "inicio": 52.94,
      "fin": 55.72,
      "duracion": 2.78,
      "texto": "O crees que vos la dirección, así lo buscamos en el sistema.",
      "confianza": 0.649
    },
    {
      "hablante": "Hablante A",
      "inicio": 59.03,
      "fin": 87.56,
      "duracion": 28.54,
      "texto": "O sea, es solamente para ver qué tipo de señal tenés en su zona o si directamente hay señal con la Wi-Fi.",
      "confianza": 0.565
    },
    {
      "hablante": "Hablante A",
      "inicio": 87.58,
      "fin": 87.7,
      "duracion": 0.12,
      "texto": "Bueno.",
      "confianza": 0.047
    },
    {
      "hablante": "Hablante A",
      "inicio": 87.72,
      "fin": 88.0,
      "duracion": 0.28,
      "texto": "Hola.",
      "confianza": 0.46
    },
    {
      "hablante": "Hablante A",
      "inicio": 88.61,
      "fin": 90.75,
      "duracion": 2.14,
      "texto": "Sí, Gustavo.",
      "confianza": 0.508
    },
    {
      "hablante": "Hablante A",
      "inicio": 90.77,
      "fin": 92.61,
      "duracion": 1.84,
      "texto": "Magallanes, 34, 86.",
      "confianza": 0.571
    },
    {
      "hablante": "Hablante A",
      "inicio": 92.77,
      "fin": 96.32,
      "duracion": 3.54,
      "texto": "Trujuy.",
      "confianza": 0.308
    },
    {
      "hablante": "Hablante A",
      "inicio": 96.34,
      "fin": 98.22,
      "duracion": 1.88,
      "texto": "Magallanes, 34, 86.",
      "confianza": 0.656
    },
    {
      "hablante": "Hablante A",
      "inicio": 98.24,
      "fin": 98.64,
      "duracion": 0.4,
      "texto": "Sí.",
      "confianza": 0.495
    },
    {
      "hablante": "Hablante A",
      "inicio": 98.7,
      "fin": 104.05,
      "duracion": 5.35,
      "texto": "Es todo Trujuy, me habías dicho.",
      "confianza": 0.558
    },
    {
      "hablante": "Hablante A",
      "inicio": 104.06,
      "fin": 104.51,
      "duracion": 0.44,
      "texto": "Ajá, Moreno.",
      "confianza": 0.248
    },
    {
      "hablante": "Hablante A",
      "inicio": 105.47,
      "fin": 106.53,
      "duracion": 1.06,
      "texto": "Bien, dame un segundo.",
      "confianza": 0.535
    },
    {
      "hablante": "Hablante B",
      "inicio": 113.03,
      "fin": 114.68,
      "duracion": 1.64,
      "texto": "Me habías dicho la localidad de...",
      "confianza": 0.595
    },
    {
      "hablante": "Hablante B",
      "inicio": 114.7,
      "fin": 117.8,
      "duracion": 3.1,
      "texto": "No me figura en Trujuy, ¿de Moreno me habías dicho?",
      "confianza": 0.515
    },
    {
      "hablante": "Hablante B",
      "inicio": 117.82,
      "fin": 118.04,
      "duracion": 0.22,
      "texto": "Sí, Moreno.",
      "confianza": 0.115
    },
    {
      "hablante": "Hablante A",
      "inicio": 120.28,
      "fin": 123.07,
      "duracion": 2.78,
      "texto": "A ver, acá el map me está tirando.",
      "confianza": 0.69
    },
    {
      "hablante": "Hablante B",
      "inicio": 126.27,
      "fin": 127.53,
      "duracion": 1.26,
      "texto": "No, ahora damos un segundo.",
      "confianza": 0.602
    },
    {
      "hablante": "Hablante A",
      "inicio": 131.88,
      "fin": 133.34,
      "duracion": 1.46,
      "texto": "Bien, damos un segundito, por favor.",
      "confianza": 0.644
    },
    {
      "hablante": "Hablante B",
      "inicio": 145.64,
      "fin": 146.0,
      "duracion": 0.36,
      "texto": "A ver.",
      "confianza": 0.694
    },
    {
      "hablante": "Hablante B",
      "inicio": 146.78,
      "fin": 148.16,
      "duracion": 1.38,
      "texto": "No sé por qué no me tira.",
      "confianza": 0.249
    },
    {
      "hablante": "Hablante B",
      "inicio": 148.18,
      "fin": 149.14,
      "duracion": 0.96,
      "texto": "Me tira el moreno.",
      "confianza": 0.574
    },
    {
      "hablante": "Hablante B",
      "inicio": 149.22,
      "fin": 151.04,
      "duracion": 1.82,
      "texto": "¿Puede ser?",
      "confianza": 0.609
    },
    {
      "hablante": "Hablante B",
      "inicio": 151.06,
      "fin": 152.28,
      "duracion": 1.22,
      "texto": "Sí, el moreno.",
      "confianza": 0.239
    },
    {
      "hablante": "Hablante B",
      "inicio": 152.32,
      "fin": 153.67,
      "duracion": 1.34,
      "texto": "Pero el morón me tira.",
      "confianza": 0.657
    },
    {
      "hablante": "Hablante B",
      "inicio": 154.15,
      "fin": 154.89,
      "duracion": 0.74,
      "texto": "No el moreno.",
      "confianza": 0.732
    },
    {
      "hablante": "Hablante B",
      "inicio": 155.71,
      "fin": 157.23,
      "duracion": 1.52,
      "texto": "No, no.",
      "confianza": 0.511
    },
    {
      "hablante": "Hablante B",
      "inicio": 157.25,
      "fin": 158.31,
      "duracion": 1.06,
      "texto": "A ver, dame un segundo.",
      "confianza": 0.53
    },
    {
      "hablante": "Hablante B",
      "inicio": 159.53,
      "fin": 164.2,
      "duracion": 4.67,
      "texto": "Doctor Alexis Carrel.",
      "confianza": 0.506
    },
    {
      "hablante": "Hablante B",
      "inicio": 164.22,
      "fin": 165.04,
      "duracion": 0.82,
      "texto": "Ah, esa es la calle.",
      "confianza": 0.442
    },
    {
      "hablante": "Hablante B",
      "inicio": 165.06,
      "fin": 166.2,
      "duracion": 1.14,
      "texto": "A ver, repetímela.",
      "confianza": 0.663
    },
    {
      "hablante": "Hablante A",
      "inicio": 169.01,
      "fin": 171.39,
      "duracion": 2.38,
      "texto": "Alexis Carrel.",
      "confianza": 0.475
    },
    {
      "hablante": "Hablante A",
      "inicio": 171.41,
      "fin": 172.65,
      "duracion": 1.24,
      "texto": "Alexis Carrel.",
      "confianza": 0.669
    },
    {
      "hablante": "Hablante A",
      "inicio": 172.75,
      "fin": 175.09,
      "duracion": 2.34,
      "texto": "Ah, acá está.",
      "confianza": 0.538
    },
    {
      "hablante": "Hablante A",
      "inicio": 175.12,
      "fin": 176.28,
      "duracion": 1.16,
      "texto": "3486.",
      "confianza": 0.8
    },
    {
      "hablante": "Hablante A",
      "inicio": 176.69,
      "fin": 178.46,
      "duracion": 1.77,
      "texto": "No, acá lo encontré, acá lo encontré.",
      "confianza": 0.278
    },
    {
      "hablante": "Hablante A",
      "inicio": 179.02,
      "fin": 180.27,
      "duracion": 1.25,
      "texto": "Perfecto, mete una.",
      "confianza": 0.288
    },
    {
      "hablante": "Hablante A",
      "inicio": 181.19,
      "fin": 183.32,
      "duracion": 2.13,
      "texto": "Siguiente, la calle Fleming y España, listo.",
      "confianza": 0.716
    },
    {
      "hablante": "Hablante A",
      "inicio": 183.4,
      "fin": 185.29,
      "duracion": 1.89,
      "texto": "Ahí, ahora ya te lo mando.",
      "confianza": 0.518
    },
    {
      "hablante": "Hablante A",
      "inicio": 185.31,
      "fin": 186.23,
      "duracion": 0.92,
      "texto": "Perfecto.",
      "confianza": 0.597
    },
    {
      "hablante": "Hablante A",
      "inicio": 186.62,
      "fin": 187.5,
      "duracion": 0.88,
      "texto": "Estamos hablando.",
      "confianza": 0.865
    }
  ],
  "transcripcion_completa": "Hola. Hola, mi nombre es Gustavo. ¿Quién habla? Gustavo, mucho gusto. Mi nombre es Agustín. Yo le estoy llamando desde el área que le íbamos a visitar. ¿Cómo le va todo bien? Hola, ¿sí? Sí. Gustavo, yo lo llamaba más que nada porque, miren, me estudiaron el sistema que usted fue parte de la compañía hace un tiempo atrás. Bueno, quería saber qué fue lo que lo llevó a cambiar. Si tuve un inconveniente, fue por otra oferta. Puede ser. Si querés, mándame la oferta por WhatsApp, ¿sí? Dale, perfecto. Y tiene internet también. Perfecto, te voy a consultar. ¿Vos tenés más de dos líneas o tu nombre puede ser? No, una sola. Una sola, perfecto. Y bueno, tenemos el wifi. Dame un segundo y te lo comentamos. Más que nada, para ver la dirección del sistema, si está bien o no, a ver qué te puedo ofrecer. Dame un segundo. O crees que vos la dirección, así lo buscamos en el sistema. O sea, es solamente para ver qué tipo de señal tenés en su zona o si directamente hay señal con la Wi-Fi. Bueno. Hola. Sí, Gustavo. Magallanes, 34, 86. Trujuy. Magallanes, 34, 86. Sí. Es todo Trujuy, me habías dicho. Ajá, Moreno. Bien, dame un segundo. Me habías dicho la localidad de... No me figura en Trujuy, ¿de Moreno me habías dicho? Sí, Moreno. A ver, acá el map me está tirando. No, ahora damos un segundo. Bien, damos un segundito, por favor. A ver. No sé por qué no me tira. Me tira el moreno. ¿Puede ser? Sí, el moreno. Pero el morón me tira. No el moreno. No, no. A ver, dame un segundo. Doctor Alexis Carrel. Ah, esa es la calle. A ver, repetímela. Alexis Carrel. Alexis Carrel. Ah, acá está. 3486. No, acá lo encontré, acá lo encontré. Perfecto, mete una. Siguiente, la calle Fleming y España, listo. Ahí, ahora ya te lo mando. Perfecto. Estamos hablando.",
  "calidad": {
    "confianza_promedio": 0.496,
    "metodo_diarizacion": "pausas_fallback",
    "tiempo_procesamiento": 11.3
  },
  "metadata": {
    "modelo": "whisperx_medium",
    "diarizacion": "pausas",
    "dispositivo": "cuda",
    "fecha": "2026-02-18T23:47:09.881691",
    "version": "5.0_ecapa"
  }
}