{
  "archivo": "amza16_1_260211112315305_ACD_20603.wav",
  "duracion_segundos": 159.66,
  "num_segmentos": 49,
  "num_hablantes": 2,
  "hablantes": [
    "Hablante A",
    "Hablante B"
  ],
  "tiempo_por_hablante": {
    "Hablante A": 103.47,
    "Hablante B": 40.99
  },
  "idioma": "es",
  "conversacion": [
    {
      "hablante": "Hablante A",
      "inicio": 0.03,
      "fin": 4.58,
      "duracion": 4.55,
      "texto": "Buenos días, ¿estoy hablando con Noemí?",
      "confianza": 0.522
    },
    {
      "hablante": "Hablante A",
      "inicio": 4.6,
      "fin": 4.66,
      "duracion": 0.06,
      "texto": "Sí.",
      "confianza": 0.068
    },
    {
      "hablante": "Hablante A",
      "inicio": 4.68,
      "fin": 5.26,
      "duracion": 0.58,
      "texto": "¿Cómo le van?",
      "confianza": 0.588
    },
    {
      "hablante": "Hablante A",
      "inicio": 5.28,
      "fin": 9.67,
      "duracion": 4.39,
      "texto": "Mi nombre es Delfina, me estoy comunicando desde el área de beneficios y promociones de Movistar.",
      "confianza": 0.582
    },
    {
      "hablante": "Hablante A",
      "inicio": 10.17,
      "fin": 13.43,
      "duracion": 3.27,
      "texto": "Me figura Noemí que está en claro actualmente, ¿esto es correcto?",
      "confianza": 0.767
    },
    {
      "hablante": "Hablante B",
      "inicio": 15.49,
      "fin": 15.63,
      "duracion": 0.14,
      "texto": "Sí, sí.",
      "confianza": 0.007
    },
    {
      "hablante": "Hablante B",
      "inicio": 15.65,
      "fin": 16.8,
      "duracion": 1.14,
      "texto": "Perfecto, de consulta.",
      "confianza": 0.699
    },
    {
      "hablante": "Hablante B",
      "inicio": 16.82,
      "fin": 22.87,
      "duracion": 6.05,
      "texto": "¿Usted sabe más o menos qué tipo de plan tiene con claro, si es básico, si usa muchos gigas y cuánto está abonando al día de hoy?",
      "confianza": 0.751
    },
    {
      "hablante": "Hablante B",
      "inicio": 24.18,
      "fin": 29.29,
      "duracion": 5.11,
      "texto": "Yo ya tuve claro bastante tiempo y se fue carísimo.",
      "confianza": 0.37
    },
    {
      "hablante": "Hablante B",
      "inicio": 29.31,
      "fin": 31.77,
      "duracion": 2.46,
      "texto": "Yo por ahora no, te agradezco.",
      "confianza": 0.447
    },
    {
      "hablante": "Hablante B",
      "inicio": 31.79,
      "fin": 33.91,
      "duracion": 2.12,
      "texto": "¿Claro, Movistar?",
      "confianza": 0.744
    },
    {
      "hablante": "Hablante B",
      "inicio": 33.93,
      "fin": 35.36,
      "duracion": 1.42,
      "texto": "Claro.",
      "confianza": 0.463
    },
    {
      "hablante": "Hablante B",
      "inicio": 35.38,
      "fin": 42.05,
      "duracion": 6.67,
      "texto": "Ah, ¿y usted actualmente está en claro?",
      "confianza": 0.748
    },
    {
      "hablante": "Hablante B",
      "inicio": 42.06,
      "fin": 42.53,
      "duracion": 0.46,
      "texto": "Estoy en claro, perdón.",
      "confianza": 0.016
    },
    {
      "hablante": "Hablante B",
      "inicio": 42.55,
      "fin": 45.23,
      "duracion": 2.68,
      "texto": "Claro, Gabriel tuvo una mala experiencia con Movistar entonces.",
      "confianza": 0.596
    },
    {
      "hablante": "Hablante B",
      "inicio": 46.71,
      "fin": 47.91,
      "duracion": 1.2,
      "texto": "Sí, sí, estoy dormida, perdón.",
      "confianza": 0.095
    },
    {
      "hablante": "Hablante B",
      "inicio": 47.93,
      "fin": 48.72,
      "duracion": 0.78,
      "texto": "Se le fue muy claro.",
      "confianza": 0.775
    },
    {
      "hablante": "Hablante B",
      "inicio": 48.73,
      "fin": 53.0,
      "duracion": 4.27,
      "texto": "¿Y ahora en claro cuánto está pagando?",
      "confianza": 0.783
    },
    {
      "hablante": "Hablante B",
      "inicio": 53.02,
      "fin": 53.98,
      "duracion": 0.96,
      "texto": "Tengo dos líneas.",
      "confianza": 0.527
    },
    {
      "hablante": "Hablante B",
      "inicio": 54.18,
      "fin": 58.17,
      "duracion": 3.99,
      "texto": "Ajá.",
      "confianza": 0.448
    },
    {
      "hablante": "Hablante B",
      "inicio": 58.19,
      "fin": 59.73,
      "duracion": 1.54,
      "texto": "¿Y cuánto aprobó la última factura?",
      "confianza": 0.67
    },
    {
      "hablante": "Hablante A",
      "inicio": 62.56,
      "fin": 63.06,
      "duracion": 0.5,
      "texto": "Creo que 500.",
      "confianza": 0.274
    },
    {
      "hablante": "Hablante A",
      "inicio": 64.5,
      "fin": 67.27,
      "duracion": 2.77,
      "texto": "Ah, bastante igual.",
      "confianza": 0.58
    },
    {
      "hablante": "Hablante A",
      "inicio": 67.29,
      "fin": 67.55,
      "duracion": 0.26,
      "texto": "Bien.",
      "confianza": 0.76
    },
    {
      "hablante": "Hablante A",
      "inicio": 68.03,
      "fin": 73.36,
      "duracion": 5.33,
      "texto": "Bueno, mire, yo la vida de hoy sí vi que estuvo en la compañía, sí, pero hace bastante que se fue.",
      "confianza": 0.621
    },
    {
      "hablante": "Hablante A",
      "inicio": 74.1,
      "fin": 74.78,
      "duracion": 0.68,
      "texto": "Demovilizar.",
      "confianza": 0.636
    },
    {
      "hablante": "Hablante A",
      "inicio": 76.18,
      "fin": 76.28,
      "duracion": 0.1,
      "texto": "Bien.",
      "confianza": 0.019
    },
    {
      "hablante": "Hablante A",
      "inicio": 76.3,
      "fin": 77.52,
      "duracion": 1.22,
      "texto": "Bueno, nosotros justamente",
      "confianza": 0.553
    },
    {
      "hablante": "Hablante A",
      "inicio": 77.91,
      "fin": 90.67,
      "duracion": 12.76,
      "texto": "estamos volviendo a contactar a esos clientes que tuvieron mala experiencia con nosotros porque actualmente les damos una asesoría personalizada porque vos tuviste problemas de facturación, de aumentos o no.",
      "confianza": 0.71
    },
    {
      "hablante": "Hablante A",
      "inicio": 90.69,
      "fin": 90.75,
      "duracion": 0.06,
      "texto": "Sí.",
      "confianza": 0.041
    },
    {
      "hablante": "Hablante A",
      "inicio": 90.77,
      "fin": 101.05,
      "duracion": 10.28,
      "texto": "Claro, bueno, nosotros ahora les brindamos a los clientes una asesoría personalizada para que tengan el número del asesor con el que hacen el trámite para que ellos necesiten los reclamos de facturación y aparte",
      "confianza": 0.708
    },
    {
      "hablante": "Hablante A",
      "inicio": 101.23,
      "fin": 104.52,
      "duracion": 3.28,
      "texto": "Ya no tenemos problemas con el tema de los aumentos, ¿sí?",
      "confianza": 0.788
    },
    {
      "hablante": "Hablante A",
      "inicio": 104.88,
      "fin": 111.5,
      "duracion": 6.63,
      "texto": "Los planes que nosotros brindamos al día de hoy son por seis meses, justamente para que no pase esto que pasó anteriormente, ¿sí?",
      "confianza": 0.728
    },
    {
      "hablante": "Hablante A",
      "inicio": 111.91,
      "fin": 119.23,
      "duracion": 7.33,
      "texto": "Cómo mucho puedes llegar a tener un aumento de 200, 300, 400 pesos, pero no más de eso, ¿sí?",
      "confianza": 0.678
    },
    {
      "hablante": "Hablante A",
      "inicio": 119.25,
      "fin": 120.42,
      "duracion": 1.16,
      "texto": "Para que te quedes tranquila.",
      "confianza": 0.755
    },
    {
      "hablante": "Hablante A",
      "inicio": 120.7,
      "fin": 122.94,
      "duracion": 2.24,
      "texto": "Vos contarías con mi número, ¿sí?",
      "confianza": 0.36
    },
    {
      "hablante": "Hablante A",
      "inicio": 122.96,
      "fin": 127.41,
      "duracion": 4.45,
      "texto": "Yo, vos, cualquier cosa que necesites, cualquier problema, te podés comunicar directamente conmigo, ¿sí?",
      "confianza": 0.63
    },
    {
      "hablante": "Hablante A",
      "inicio": 127.64,
      "fin": 135.81,
      "duracion": 8.17,
      "texto": "haciendo el trámite tampoco te quedarías incomunicada en ningún momento si la bajas automáticamente cuando vos cambias el chip.",
      "confianza": 0.844
    },
    {
      "hablante": "Hablante A",
      "inicio": 135.85,
      "fin": 139.77,
      "duracion": 3.92,
      "texto": "¿Qué te parece?",
      "confianza": 0.514
    },
    {
      "hablante": "Hablante A",
      "inicio": 139.79,
      "fin": 142.56,
      "duracion": 2.76,
      "texto": "Si quieres te comento los planes porque están bastante baratos.",
      "confianza": 0.515
    },
    {
      "hablante": "Hablante A",
      "inicio": 142.57,
      "fin": 149.52,
      "duracion": 6.95,
      "texto": "Tenemos 85% de descuento al día de hoy.",
      "confianza": 0.686
    },
    {
      "hablante": "Hablante A",
      "inicio": 149.54,
      "fin": 151.3,
      "duracion": 1.76,
      "texto": "Bueno, te llamo después cualquier cosa.",
      "confianza": 0.091
    },
    {
      "hablante": "Hablante A",
      "inicio": 151.32,
      "fin": 153.39,
      "duracion": 2.06,
      "texto": "Bueno, le voy a hacer igual un mensajito por WhatsApp.",
      "confianza": 0.32
    },
    {
      "hablante": "Hablante A",
      "inicio": 153.41,
      "fin": 156.39,
      "duracion": 2.98,
      "texto": "Así ya tiene mi número.",
      "confianza": 0.546
    },
    {
      "hablante": "Hablante A",
      "inicio": 156.41,
      "fin": 156.77,
      "duracion": 0.36,
      "texto": "Vale, gracias.",
      "confianza": 0.204
    },
    {
      "hablante": "Hablante A",
      "inicio": 156.94,
      "fin": 157.81,
      "duracion": 0.87,
      "texto": "Que tengan un lindo día.",
      "confianza": 0.431
    },
    {
      "hablante": "Hablante A",
      "inicio": 157.83,
      "fin": 158.84,
      "duracion": 1.01,
      "texto": "Hasta luego.",
      "confianza": 0.744
    },
    {
      "hablante": "Hablante A",
      "inicio": 158.9,
      "fin": 159.11,
      "duracion": 0.2,
      "texto": "Chau.",
      "confianza": 0.439
    },
    {
      "hablante": "Hablante A",
      "inicio": 159.13,
      "fin": 159.66,
      "duracion": 0.53,
      "texto": "Hasta luego.",
      "confianza": 0.478
    }
  ],
  "transcripcion_completa": "Buenos días, ¿estoy hablando con Noemí? Sí. ¿Cómo le van? Mi nombre es Delfina, me estoy comunicando desde el área de beneficios y promociones de Movistar. Me figura Noemí que está en claro actualmente, ¿esto es correcto? Sí, sí. Perfecto, de consulta. ¿Usted sabe más o menos qué tipo de plan tiene con claro, si es básico, si usa muchos gigas y cuánto está abonando al día de hoy? Yo ya tuve claro bastante tiempo y se fue carísimo. Yo por ahora no, te agradezco. ¿Claro, Movistar? Claro. Ah, ¿y usted actualmente está en claro? Estoy en claro, perdón. Claro, Gabriel tuvo una mala experiencia con Movistar entonces. Sí, sí, estoy dormida, perdón. Se le fue muy claro. ¿Y ahora en claro cuánto está pagando? Tengo dos líneas. Ajá. ¿Y cuánto aprobó la última factura? Creo que 500. Ah, bastante igual. Bien. Bueno, mire, yo la vida de hoy sí vi que estuvo en la compañía, sí, pero hace bastante que se fue. Demovilizar. Bien. Bueno, nosotros justamente estamos volviendo a contactar a esos clientes que tuvieron mala experiencia con nosotros porque actualmente les damos una asesoría personalizada porque vos tuviste problemas de facturación, de aumentos o no. Sí. Claro, bueno, nosotros ahora les brindamos a los clientes una asesoría personalizada para que tengan el número del asesor con el que hacen el trámite para que ellos necesiten los reclamos de facturación y aparte Ya no tenemos problemas con el tema de los aumentos, ¿sí? Los planes que nosotros brindamos al día de hoy son por seis meses, justamente para que no pase esto que pasó anteriormente, ¿sí? Cómo mucho puedes llegar a tener un aumento de 200, 300, 400 pesos, pero no más de eso, ¿sí? Para que te quedes tranquila. Vos contarías con mi número, ¿sí? Yo, vos, cualquier cosa que necesites, cualquier problema, te podés comunicar directamente conmigo, ¿sí? haciendo el trámite tampoco te quedarías incomunicada en ningún momento si la bajas automáticamente cuando vos cambias el chip. ¿Qué te parece? Si quieres te comento los planes porque están bastante baratos. Tenemos 85% de descuento al día de hoy. Bueno, te llamo después cualquier cosa. Bueno, le voy a hacer igual un mensajito por WhatsApp. Así ya tiene mi número. Vale, gracias. Que tengan un lindo día. Hasta luego. Chau. Hasta luego.",
  "calidad": {
    "confianza_promedio": 0.517,
    "metodo_diarizacion": "pausas_fallback",
    "tiempo_procesamiento": 10.6
  },
  "metadata": {
    "modelo": "whisperx_medium",
    "diarizacion": "pausas",
    "dispositivo": "cuda",
    "fecha": "2026-02-18T23:55:09.772913",
    "version": "5.0_ecapa"
  }
}