{
  "archivo": "amza10_1_260220150947379_ACD_12999.wav",
  "duracion_segundos": 93.99,
  "num_segmentos": 24,
  "num_hablantes": 2,
  "hablantes": [
    "Hablante A",
    "Hablante B"
  ],
  "tiempo_por_hablante": {
    "Hablante B": 74.56,
    "Hablante A": 5.15
  },
  "idioma": "es",
  "conversacion": [
    {
      "hablante": "Hablante B",
      "inicio": 1.7,
      "fin": 7.77,
      "duracion": 6.07,
      "texto": "Hola, buenas tardes.",
      "confianza": 0.307
    },
    {
      "hablante": "Hablante B",
      "inicio": 7.79,
      "fin": 8.81,
      "duracion": 1.02,
      "texto": "¿Cómo me llamas?",
      "confianza": 0.487
    },
    {
      "hablante": "Hablante B",
      "inicio": 8.87,
      "fin": 13.38,
      "duracion": 4.51,
      "texto": "Vamos para brindarte una bonificación que tenemos con el 80% del cuento.",
      "confianza": 0.626
    },
    {
      "hablante": "Hablante B",
      "inicio": 13.9,
      "fin": 15.76,
      "duracion": 1.86,
      "texto": "Obviamente me encantaría que lo puedas escuchar.",
      "confianza": 0.646
    },
    {
      "hablante": "Hablante B",
      "inicio": 16.38,
      "fin": 17.95,
      "duracion": 1.56,
      "texto": "No sé cuánto es lo que estás hablando actualmente.",
      "confianza": 0.633
    },
    {
      "hablante": "Hablante B",
      "inicio": 17.96,
      "fin": 22.37,
      "duracion": 4.41,
      "texto": "¿Cómo?",
      "confianza": 0.171
    },
    {
      "hablante": "Hablante B",
      "inicio": 22.39,
      "fin": 28.98,
      "duracion": 6.59,
      "texto": "¿Qué plan tenéis actualmente?",
      "confianza": 0.452
    },
    {
      "hablante": "Hablante B",
      "inicio": 29.0,
      "fin": 29.58,
      "duracion": 0.58,
      "texto": "¿Cuántos?",
      "confianza": 0.655
    },
    {
      "hablante": "Hablante B",
      "inicio": 30.37,
      "fin": 33.26,
      "duracion": 2.88,
      "texto": "¿Cuál es el plan de ustedes, díganme?",
      "confianza": 0.256
    },
    {
      "hablante": "Hablante B",
      "inicio": 33.28,
      "fin": 38.64,
      "duracion": 5.37,
      "texto": "Bien, en este caso sería una oferta del 80% descuento con un plan de 8 gigas más 10 gigas por 6 meses.",
      "confianza": 0.759
    },
    {
      "hablante": "Hablante B",
      "inicio": 38.7,
      "fin": 40.93,
      "duracion": 2.22,
      "texto": "Estarías teniendo mensual 18 gigas.",
      "confianza": 0.726
    },
    {
      "hablante": "Hablante B",
      "inicio": 41.47,
      "fin": 48.88,
      "duracion": 7.41,
      "texto": "Con Room, en WhatsApp Gratis, todo ilumitado te quedan 10,730 pesos.",
      "confianza": 0.577
    },
    {
      "hablante": "Hablante B",
      "inicio": 48.9,
      "fin": 50.92,
      "duracion": 2.02,
      "texto": "¿Duraste cuántos meses?",
      "confianza": 0.051
    },
    {
      "hablante": "Hablante B",
      "inicio": 50.94,
      "fin": 54.8,
      "duracion": 3.87,
      "texto": "Por 6 meses es el beneficio.",
      "confianza": 0.422
    },
    {
      "hablante": "Hablante B",
      "inicio": 54.82,
      "fin": 55.04,
      "duracion": 0.22,
      "texto": "¿Y después?",
      "confianza": 0.016
    },
    {
      "hablante": "Hablante B",
      "inicio": 55.06,
      "fin": 59.03,
      "duracion": 3.97,
      "texto": "No, después de eso, obviamente, lo que es el aviso, vos cambiás el plan, la oferta,",
      "confianza": 0.638
    },
    {
      "hablante": "Hablante B",
      "inicio": 59.62,
      "fin": 62.9,
      "duracion": 3.28,
      "texto": "para que, obviamente, en realidad, porque eso caduca ya, claramente, pero es por seis meses.",
      "confianza": 0.711
    },
    {
      "hablante": "Hablante A",
      "inicio": 65.46,
      "fin": 67.63,
      "duracion": 2.16,
      "texto": "No llegas a abonar el precio del lista ni nada, obviamente.",
      "confianza": 0.533
    },
    {
      "hablante": "Hablante B",
      "inicio": 71.69,
      "fin": 78.28,
      "duracion": 6.59,
      "texto": "Y si no tuviera ese descuento, ¿cuánto costaría el plan?",
      "confianza": 0.461
    },
    {
      "hablante": "Hablante B",
      "inicio": 78.32,
      "fin": 79.1,
      "duracion": 0.78,
      "texto": "Sin descuento...",
      "confianza": 0.558
    },
    {
      "hablante": "Hablante B",
      "inicio": 79.12,
      "fin": 80.9,
      "duracion": 1.78,
      "texto": "El precio del lista, el plan, está en 42.920 pesos.",
      "confianza": 0.364
    },
    {
      "hablante": "Hablante B",
      "inicio": 81.46,
      "fin": 89.03,
      "duracion": 7.57,
      "texto": "Y vos tenés acá el descuento del 80%.",
      "confianza": 0.67
    },
    {
      "hablante": "Hablante A",
      "inicio": 90.97,
      "fin": 92.15,
      "duracion": 1.18,
      "texto": "Pero ahora no me interesa.",
      "confianza": 0.437
    },
    {
      "hablante": "Hablante A",
      "inicio": 92.19,
      "fin": 93.99,
      "duracion": 1.81,
      "texto": "Muchas gracias.",
      "confianza": 0.678
    }
  ],
  "transcripcion_completa": "Hola, buenas tardes. ¿Cómo me llamas? Vamos para brindarte una bonificación que tenemos con el 80% del cuento. Obviamente me encantaría que lo puedas escuchar. No sé cuánto es lo que estás hablando actualmente. ¿Cómo? ¿Qué plan tenéis actualmente? ¿Cuántos? ¿Cuál es el plan de ustedes, díganme? Bien, en este caso sería una oferta del 80% descuento con un plan de 8 gigas más 10 gigas por 6 meses. Estarías teniendo mensual 18 gigas. Con Room, en WhatsApp Gratis, todo ilumitado te quedan 10,730 pesos. ¿Duraste cuántos meses? Por 6 meses es el beneficio. ¿Y después? No, después de eso, obviamente, lo que es el aviso, vos cambiás el plan, la oferta, para que, obviamente, en realidad, porque eso caduca ya, claramente, pero es por seis meses. No llegas a abonar el precio del lista ni nada, obviamente. Y si no tuviera ese descuento, ¿cuánto costaría el plan? Sin descuento... El precio del lista, el plan, está en 42.920 pesos. Y vos tenés acá el descuento del 80%. Pero ahora no me interesa. Muchas gracias.",
  "calidad": {
    "confianza_promedio": 0.493,
    "metodo_diarizacion": "pausas_fallback",
    "tiempo_procesamiento": 8.3
  },
  "metadata": {
    "modelo": "whisperx_medium",
    "diarizacion": "pausas",
    "dispositivo": "cuda",
    "fecha": "2026-02-21T13:35:31.801011",
    "version": "5.0_ecapa"
  }
}