{
  "archivo": "amza13_1_260219113544019_ACD_05567.wav",
  "duracion_segundos": 62.34,
  "num_segmentos": 23,
  "num_hablantes": 2,
  "hablantes": [
    "Hablante A",
    "Hablante B"
  ],
  "tiempo_por_hablante": {
    "Hablante B": 21.89,
    "Hablante A": 29.83
  },
  "idioma": "es",
  "conversacion": [
    {
      "hablante": "Hablante B",
      "inicio": 1.97,
      "fin": 3.96,
      "duracion": 1.98,
      "texto": "Hola.",
      "confianza": 0.628
    },
    {
      "hablante": "Hablante B",
      "inicio": 3.98,
      "fin": 4.46,
      "duracion": 0.48,
      "texto": "Hola, buen día.",
      "confianza": 0.498
    },
    {
      "hablante": "Hablante B",
      "inicio": 4.47,
      "fin": 6.9,
      "duracion": 2.42,
      "texto": "Hablo con la señora Jonathan.",
      "confianza": 0.417
    },
    {
      "hablante": "Hablante B",
      "inicio": 6.92,
      "fin": 8.0,
      "duracion": 1.08,
      "texto": "Sí.",
      "confianza": 0.913
    },
    {
      "hablante": "Hablante B",
      "inicio": 8.02,
      "fin": 8.34,
      "duracion": 0.32,
      "texto": "¿Qué tal?",
      "confianza": 0.41
    },
    {
      "hablante": "Hablante B",
      "inicio": 8.36,
      "fin": 10.56,
      "duracion": 2.2,
      "texto": "Nos estamos comunicando del área de beneficio movistar.",
      "confianza": 0.554
    },
    {
      "hablante": "Hablante B",
      "inicio": 11.59,
      "fin": 13.31,
      "duracion": 1.72,
      "texto": "No, él no quiere movistar.",
      "confianza": 0.719
    },
    {
      "hablante": "Hablante B",
      "inicio": 13.91,
      "fin": 14.31,
      "duracion": 0.4,
      "texto": "Claro.",
      "confianza": 0.636
    },
    {
      "hablante": "Hablante B",
      "inicio": 14.33,
      "fin": 16.99,
      "duracion": 2.66,
      "texto": "Él está acá, pero no, no, no quiere movistar.",
      "confianza": 0.492
    },
    {
      "hablante": "Hablante B",
      "inicio": 17.67,
      "fin": 18.7,
      "duracion": 1.02,
      "texto": "Está con un claro.",
      "confianza": 0.825
    },
    {
      "hablante": "Hablante B",
      "inicio": 19.94,
      "fin": 25.44,
      "duracion": 5.51,
      "texto": "Ya nos han llamado varias veces y le hemos dicho que no, así que... Claro, entiendo.",
      "confianza": 0.774
    },
    {
      "hablante": "Hablante B",
      "inicio": 25.46,
      "fin": 26.23,
      "duracion": 0.76,
      "texto": "Le hago una consulta.",
      "confianza": 0.756
    },
    {
      "hablante": "Hablante B",
      "inicio": 26.25,
      "fin": 27.59,
      "duracion": 1.34,
      "texto": "¿Por qué motivo no le interesa?",
      "confianza": 0.79
    },
    {
      "hablante": "Hablante A",
      "inicio": 30.49,
      "fin": 30.83,
      "duracion": 0.34,
      "texto": "¿Cómo?",
      "confianza": 0.581
    },
    {
      "hablante": "Hablante A",
      "inicio": 31.08,
      "fin": 33.58,
      "duracion": 2.5,
      "texto": "¿Por qué motivo no nos interesa?",
      "confianza": 0.248
    },
    {
      "hablante": "Hablante A",
      "inicio": 33.6,
      "fin": 35.15,
      "duracion": 1.54,
      "texto": "¿Por qué motivo no nos interesa?",
      "confianza": 0.801
    },
    {
      "hablante": "Hablante A",
      "inicio": 35.21,
      "fin": 41.57,
      "duracion": 6.37,
      "texto": "Porque por ahí nos dicen un precio, por mes, no sé.",
      "confianza": 0.811
    },
    {
      "hablante": "Hablante A",
      "inicio": 41.59,
      "fin": 44.54,
      "duracion": 2.94,
      "texto": "Y cuando vamos a pagar la boleta es otro.",
      "confianza": 0.861
    },
    {
      "hablante": "Hablante A",
      "inicio": 45.56,
      "fin": 48.84,
      "duracion": 3.28,
      "texto": "Así es que, y mala la atención, malo en todo.",
      "confianza": 0.709
    },
    {
      "hablante": "Hablante A",
      "inicio": 48.9,
      "fin": 57.65,
      "duracion": 8.75,
      "texto": "Entonces nos decidimos directamente pasarnos a claro.",
      "confianza": 0.733
    },
    {
      "hablante": "Hablante A",
      "inicio": 57.67,
      "fin": 57.73,
      "duracion": 0.06,
      "texto": "Sí.",
      "confianza": 0.066
    },
    {
      "hablante": "Hablante A",
      "inicio": 57.75,
      "fin": 57.93,
      "duracion": 0.18,
      "texto": "¿Con qué?",
      "confianza": 0.128
    },
    {
      "hablante": "Hablante A",
      "inicio": 58.47,
      "fin": 62.34,
      "duracion": 3.87,
      "texto": "El que no tenga presión en acá, los aumentos son obviamente medidos.",
      "confianza": 0.522
    }
  ],
  "transcripcion_completa": "Hola. Hola, buen día. Hablo con la señora Jonathan. Sí. ¿Qué tal? Nos estamos comunicando del área de beneficio movistar. No, él no quiere movistar. Claro. Él está acá, pero no, no, no quiere movistar. Está con un claro. Ya nos han llamado varias veces y le hemos dicho que no, así que... Claro, entiendo. Le hago una consulta. ¿Por qué motivo no le interesa? ¿Cómo? ¿Por qué motivo no nos interesa? ¿Por qué motivo no nos interesa? Porque por ahí nos dicen un precio, por mes, no sé. Y cuando vamos a pagar la boleta es otro. Así es que, y mala la atención, malo en todo. Entonces nos decidimos directamente pasarnos a claro. Sí. ¿Con qué? El que no tenga presión en acá, los aumentos son obviamente medidos.",
  "calidad": {
    "confianza_promedio": 0.603,
    "metodo_diarizacion": "pausas_fallback",
    "tiempo_procesamiento": 6.9
  },
  "metadata": {
    "modelo": "whisperx_medium",
    "diarizacion": "pausas",
    "dispositivo": "cuda",
    "fecha": "2026-02-21T13:36:19.429856",
    "version": "5.0_ecapa"
  }
}