{
  "archivo": "amza10_1_260210175922185_ACD_07901.wav",
  "duracion_segundos": 281.9,
  "num_segmentos": 61,
  "num_hablantes": 2,
  "hablantes": [
    "Hablante A",
    "Hablante B"
  ],
  "tiempo_por_hablante": {
    "Hablante A": 57.37,
    "Hablante B": 168.24
  },
  "idioma": "es",
  "conversacion": [
    {
      "hablante": "Hablante A",
      "inicio": 0.03,
      "fin": 2.9,
      "duracion": 2.86,
      "texto": "Hola.",
      "confianza": 0.328
    },
    {
      "hablante": "Hablante A",
      "inicio": 2.92,
      "fin": 3.54,
      "duracion": 0.62,
      "texto": "Hola, buenas tardes.",
      "confianza": 0.467
    },
    {
      "hablante": "Hablante A",
      "inicio": 3.56,
      "fin": 4.66,
      "duracion": 1.1,
      "texto": "Me comunico con Pamela.",
      "confianza": 0.744
    },
    {
      "hablante": "Hablante B",
      "inicio": 6.52,
      "fin": 6.68,
      "duracion": 0.16,
      "texto": "Sí.",
      "confianza": 0.643
    },
    {
      "hablante": "Hablante B",
      "inicio": 7.14,
      "fin": 7.82,
      "duracion": 0.68,
      "texto": "¿Qué tal, Pamela?",
      "confianza": 0.629
    },
    {
      "hablante": "Hablante B",
      "inicio": 7.88,
      "fin": 8.74,
      "duracion": 0.86,
      "texto": "Mi nombre es Mayra.",
      "confianza": 0.78
    },
    {
      "hablante": "Hablante B",
      "inicio": 9.59,
      "fin": 11.67,
      "duracion": 2.08,
      "texto": "Me comunico del área comercial.",
      "confianza": 0.596
    },
    {
      "hablante": "Hablante B",
      "inicio": 11.69,
      "fin": 14.69,
      "duracion": 3.0,
      "texto": "¿Cómo?",
      "confianza": 0.565
    },
    {
      "hablante": "Hablante B",
      "inicio": 14.71,
      "fin": 14.81,
      "duracion": 0.1,
      "texto": "¿Sí?",
      "confianza": 0.272
    },
    {
      "hablante": "Hablante B",
      "inicio": 14.83,
      "fin": 15.96,
      "duracion": 1.12,
      "texto": "¿Me escuchas?",
      "confianza": 0.247
    },
    {
      "hablante": "Hablante B",
      "inicio": 15.97,
      "fin": 16.68,
      "duracion": 0.7,
      "texto": "Sí, sí, sí.",
      "confianza": 0.353
    },
    {
      "hablante": "Hablante B",
      "inicio": 16.7,
      "fin": 25.65,
      "duracion": 8.95,
      "texto": "Me comunico del área comercial para ofrecerle un 85% de descuento para que usted pueda volver con nosotros.",
      "confianza": 0.716
    },
    {
      "hablante": "Hablante A",
      "inicio": 27.91,
      "fin": 29.71,
      "duracion": 1.8,
      "texto": "¿Usted actualmente está en claro?",
      "confianza": 0.776
    },
    {
      "hablante": "Hablante A",
      "inicio": 29.73,
      "fin": 30.35,
      "duracion": 0.62,
      "texto": "¿Eso es correcto?",
      "confianza": 0.567
    },
    {
      "hablante": "Hablante B",
      "inicio": 32.05,
      "fin": 33.09,
      "duracion": 1.04,
      "texto": "Sí, yo me pasé a claro.",
      "confianza": 0.664
    },
    {
      "hablante": "Hablante B",
      "inicio": 33.57,
      "fin": 35.08,
      "duracion": 1.5,
      "texto": "Ajá.",
      "confianza": 0.791
    },
    {
      "hablante": "Hablante B",
      "inicio": 35.1,
      "fin": 37.72,
      "duracion": 2.62,
      "texto": "¿Y cuenta con abono o prepago?",
      "confianza": 0.688
    },
    {
      "hablante": "Hablante B",
      "inicio": 37.74,
      "fin": 41.04,
      "duracion": 3.3,
      "texto": "¿Abono, cierto?",
      "confianza": 0.856
    },
    {
      "hablante": "Hablante B",
      "inicio": 41.06,
      "fin": 41.14,
      "duracion": 0.08,
      "texto": "¿Ah?",
      "confianza": 0.104
    },
    {
      "hablante": "Hablante B",
      "inicio": 41.16,
      "fin": 42.3,
      "duracion": 1.14,
      "texto": "¿Cuenta con abono, cierto?",
      "confianza": 0.836
    },
    {
      "hablante": "Hablante A",
      "inicio": 44.17,
      "fin": 45.75,
      "duracion": 1.58,
      "texto": "No, eh, prepago.",
      "confianza": 0.801
    },
    {
      "hablante": "Hablante A",
      "inicio": 46.25,
      "fin": 47.43,
      "duracion": 1.18,
      "texto": "Ah, prepago.",
      "confianza": 0.602
    },
    {
      "hablante": "Hablante A",
      "inicio": 47.45,
      "fin": 47.69,
      "duracion": 0.24,
      "texto": "Bien.",
      "confianza": 0.954
    },
    {
      "hablante": "Hablante A",
      "inicio": 48.05,
      "fin": 50.41,
      "duracion": 2.36,
      "texto": "¿Y usted cómo más días actualmente recalga al mes?",
      "confianza": 0.567
    },
    {
      "hablante": "Hablante B",
      "inicio": 54.24,
      "fin": 57.08,
      "duracion": 2.84,
      "texto": "Yo sí tengo recalgo y si no tengo no recalgo.",
      "confianza": 0.539
    },
    {
      "hablante": "Hablante B",
      "inicio": 57.1,
      "fin": 57.24,
      "duracion": 0.14,
      "texto": "Es así.",
      "confianza": 0.118
    },
    {
      "hablante": "Hablante B",
      "inicio": 58.23,
      "fin": 59.74,
      "duracion": 1.5,
      "texto": "¿Y el de utilizar?",
      "confianza": 0.608
    },
    {
      "hablante": "Hablante B",
      "inicio": 59.76,
      "fin": 65.87,
      "duracion": 6.11,
      "texto": "¿Mucho entendemos de necesitarlo?",
      "confianza": 0.638
    },
    {
      "hablante": "Hablante B",
      "inicio": 65.89,
      "fin": 74.82,
      "duracion": 8.94,
      "texto": "Sí, pero mayormente con los niños de la escuela, pero por ahora no quiero porque mismo avisarles, al principio estaba lindo.",
      "confianza": 0.733
    },
    {
      "hablante": "Hablante B",
      "inicio": 75.65,
      "fin": 89.28,
      "duracion": 13.64,
      "texto": "Y después ya no me gustó porque por la señal, yo que viajo afuera del país no me andaba la señal, en sí no me andaba porque tenía que andar comprandome kit de otros lados, por eso me cambié.",
      "confianza": 0.638
    },
    {
      "hablante": "Hablante B",
      "inicio": 90.11,
      "fin": 91.85,
      "duracion": 1.74,
      "texto": "Bien, es entendible, lo entiendo.",
      "confianza": 0.714
    },
    {
      "hablante": "Hablante B",
      "inicio": 92.27,
      "fin": 99.56,
      "duracion": 7.29,
      "texto": "Pero capaz usted no sabe los nuevos beneficios que tenemos nosotros, si me deja le tomo dos minutitos para comentarle.",
      "confianza": 0.847
    },
    {
      "hablante": "Hablante B",
      "inicio": 99.66,
      "fin": 101.1,
      "duracion": 1.44,
      "texto": "Nosotros ahora actualmente",
      "confianza": 0.915
    },
    {
      "hablante": "Hablante B",
      "inicio": 101.31,
      "fin": 112.15,
      "duracion": 10.83,
      "texto": "tenemos eh un plan donde contamos con eh dieciséis gigas donde tiene ocho gigas de sobono y ocho días totalmente gratis para que vuelva eh con nosotros.",
      "confianza": 0.734
    },
    {
      "hablante": "Hablante B",
      "inicio": 112.27,
      "fin": 121.02,
      "duracion": 8.75,
      "texto": "Como le dije tiene el ochenta y cinco de descuento eh solamente por hoy y este plan eh dura seis meses ¿Sí?",
      "confianza": 0.569
    },
    {
      "hablante": "Hablante B",
      "inicio": 121.04,
      "fin": 128.27,
      "duracion": 7.23,
      "texto": "Y tiene América a precio local y también en América ¿Sí?",
      "confianza": 0.859
    },
    {
      "hablante": "Hablante B",
      "inicio": 128.41,
      "fin": 130.63,
      "duracion": 2.22,
      "texto": "Eh lo que sea todo",
      "confianza": 0.648
    },
    {
      "hablante": "Hablante B",
      "inicio": 130.91,
      "fin": 137.58,
      "duracion": 6.67,
      "texto": "aprobada y tiene WhatsApp gratis y además es totalmente limitada a cualquier compañía.",
      "confianza": 0.744
    },
    {
      "hablante": "Hablante A",
      "inicio": 140.55,
      "fin": 142.59,
      "duracion": 2.04,
      "texto": "Y sí, pero ¿de cuánto es el valor de eso?",
      "confianza": 0.672
    },
    {
      "hablante": "Hablante A",
      "inicio": 143.07,
      "fin": 146.3,
      "duracion": 3.22,
      "texto": "El valor de esto tiene una totalidad de 8 mil pesos.",
      "confianza": 0.718
    },
    {
      "hablante": "Hablante A",
      "inicio": 147.44,
      "fin": 150.22,
      "duracion": 2.78,
      "texto": "Si, contamos con que son 16 gigas.",
      "confianza": 0.768
    },
    {
      "hablante": "Hablante A",
      "inicio": 151.48,
      "fin": 161.68,
      "duracion": 10.19,
      "texto": "Sí, pero después si se pasa los seis meses eso se va sumando, le van agregando un poquito más o un poquito más.",
      "confianza": 0.736
    },
    {
      "hablante": "Hablante A",
      "inicio": 161.7,
      "fin": 174.9,
      "duracion": 13.2,
      "texto": "Bien, cuando el precio es fijo los seis meses va a pagar ocho mil pesos y es por ahora.",
      "confianza": 0.464
    },
    {
      "hablante": "Hablante A",
      "inicio": 174.92,
      "fin": 176.04,
      "duracion": 1.12,
      "texto": "A ver, dame un segundito.",
      "confianza": 0.186
    },
    {
      "hablante": "Hablante B",
      "inicio": 201.64,
      "fin": 205.64,
      "duracion": 4.01,
      "texto": "Bien, mire, ¿me escuchas?",
      "confianza": 0.372
    },
    {
      "hablante": "Hablante B",
      "inicio": 205.66,
      "fin": 219.24,
      "duracion": 13.58,
      "texto": "Bien, este plan, como le comenté, tiene la durabilidad de seis meses y el precio es el que le comenté.",
      "confianza": 0.719
    },
    {
      "hablante": "Hablante B",
      "inicio": 219.26,
      "fin": 220.18,
      "duracion": 0.92,
      "texto": "Durante los seis meses.",
      "confianza": 0.592
    },
    {
      "hablante": "Hablante B",
      "inicio": 220.2,
      "fin": 228.45,
      "duracion": 8.25,
      "texto": "Después si quiere cambiar, obviamente sí le va a pasar lo que me comentó y ahí usted puede ingresar a lo que es la aplicación",
      "confianza": 0.765
    },
    {
      "hablante": "Hablante B",
      "inicio": 228.62,
      "fin": 236.47,
      "duracion": 7.85,
      "texto": "y cambiar el plan para que no le suceda esto de que tal vez le aumenten y demás.",
      "confianza": 0.77
    },
    {
      "hablante": "Hablante B",
      "inicio": 236.51,
      "fin": 244.16,
      "duracion": 7.65,
      "texto": "Bueno, lo pensaré y cualquier cosa me arrimo a las oficinas.",
      "confianza": 0.8
    },
    {
      "hablante": "Hablante B",
      "inicio": 245.42,
      "fin": 252.31,
      "duracion": 6.89,
      "texto": "Bien, mire, igualmente, como le comento, es por hoy que le podemos ofrecer el 85 de descuento.",
      "confianza": 0.787
    },
    {
      "hablante": "Hablante B",
      "inicio": 252.65,
      "fin": 258.15,
      "duracion": 5.51,
      "texto": "Sí, pero yo tengo que consultarlo con mi marido y en este momento él no está.",
      "confianza": 0.779
    },
    {
      "hablante": "Hablante B",
      "inicio": 258.93,
      "fin": 261.37,
      "duracion": 2.44,
      "texto": "Así que por eso.",
      "confianza": 0.208
    },
    {
      "hablante": "Hablante B",
      "inicio": 261.39,
      "fin": 261.77,
      "duracion": 0.38,
      "texto": "Bien.",
      "confianza": 0.306
    },
    {
      "hablante": "Hablante B",
      "inicio": 262.42,
      "fin": 266.5,
      "duracion": 4.09,
      "texto": "¿Y le parece si les damos en un horario donde él se encuentre?",
      "confianza": 0.724
    },
    {
      "hablante": "Hablante A",
      "inicio": 268.15,
      "fin": 269.75,
      "duracion": 1.6,
      "texto": "Para poder hablar con él.",
      "confianza": 0.519
    },
    {
      "hablante": "Hablante A",
      "inicio": 270.19,
      "fin": 275.12,
      "duracion": 4.93,
      "texto": "Es que él trabaja y no tiene horarios de llegada, por eso a veces llega temprano, a veces llega tarde.",
      "confianza": 0.66
    },
    {
      "hablante": "Hablante A",
      "inicio": 275.9,
      "fin": 277.23,
      "duracion": 1.32,
      "texto": "Bien.",
      "confianza": 0.429
    },
    {
      "hablante": "Hablante A",
      "inicio": 277.25,
      "fin": 281.1,
      "duracion": 3.85,
      "texto": "Listo, perfecto, entonces.",
      "confianza": 0.426
    },
    {
      "hablante": "Hablante A",
      "inicio": 281.12,
      "fin": 281.5,
      "duracion": 0.38,
      "texto": "Chau, gracias.",
      "confianza": 0.184
    },
    {
      "hablante": "Hablante A",
      "inicio": 281.52,
      "fin": 281.9,
      "duracion": 0.38,
      "texto": "Muchísimas gracias.",
      "confianza": 0.068
    }
  ],
  "transcripcion_completa": "Hola. Hola, buenas tardes. Me comunico con Pamela. Sí. ¿Qué tal, Pamela? Mi nombre es Mayra. Me comunico del área comercial. ¿Cómo? ¿Sí? ¿Me escuchas? Sí, sí, sí. Me comunico del área comercial para ofrecerle un 85% de descuento para que usted pueda volver con nosotros. ¿Usted actualmente está en claro? ¿Eso es correcto? Sí, yo me pasé a claro. Ajá. ¿Y cuenta con abono o prepago? ¿Abono, cierto? ¿Ah? ¿Cuenta con abono, cierto? No, eh, prepago. Ah, prepago. Bien. ¿Y usted cómo más días actualmente recalga al mes? Yo sí tengo recalgo y si no tengo no recalgo. Es así. ¿Y el de utilizar? ¿Mucho entendemos de necesitarlo? Sí, pero mayormente con los niños de la escuela, pero por ahora no quiero porque mismo avisarles, al principio estaba lindo. Y después ya no me gustó porque por la señal, yo que viajo afuera del país no me andaba la señal, en sí no me andaba porque tenía que andar comprandome kit de otros lados, por eso me cambié. Bien, es entendible, lo entiendo. Pero capaz usted no sabe los nuevos beneficios que tenemos nosotros, si me deja le tomo dos minutitos para comentarle. Nosotros ahora actualmente tenemos eh un plan donde contamos con eh dieciséis gigas donde tiene ocho gigas de sobono y ocho días totalmente gratis para que vuelva eh con nosotros. Como le dije tiene el ochenta y cinco de descuento eh solamente por hoy y este plan eh dura seis meses ¿Sí? Y tiene América a precio local y también en América ¿Sí? Eh lo que sea todo aprobada y tiene WhatsApp gratis y además es totalmente limitada a cualquier compañía. Y sí, pero ¿de cuánto es el valor de eso? El valor de esto tiene una totalidad de 8 mil pesos. Si, contamos con que son 16 gigas. Sí, pero después si se pasa los seis meses eso se va sumando, le van agregando un poquito más o un poquito más. Bien, cuando el precio es fijo los seis meses va a pagar ocho mil pesos y es por ahora. A ver, dame un segundito. Bien, mire, ¿me escuchas? Bien, este plan, como le comenté, tiene la durabilidad de seis meses y el precio es el que le comenté. Durante los seis meses. Después si quiere cambiar, obviamente sí le va a pasar lo que me comentó y ahí usted puede ingresar a lo que es la aplicación y cambiar el plan para que no le suceda esto de que tal vez le aumenten y demás. Bueno, lo pensaré y cualquier cosa me arrimo a las oficinas. Bien, mire, igualmente, como le comento, es por hoy que le podemos ofrecer el 85 de descuento. Sí, pero yo tengo que consultarlo con mi marido y en este momento él no está. Así que por eso. Bien. ¿Y le parece si les damos en un horario donde él se encuentre? Para poder hablar con él. Es que él trabaja y no tiene horarios de llegada, por eso a veces llega temprano, a veces llega tarde. Bien. Listo, perfecto, entonces. Chau, gracias. Muchísimas gracias.",
  "calidad": {
    "confianza_promedio": 0.598,
    "metodo_diarizacion": "pausas_fallback",
    "tiempo_procesamiento": 13.0
  },
  "metadata": {
    "modelo": "whisperx_medium",
    "diarizacion": "pausas",
    "dispositivo": "cuda",
    "fecha": "2026-02-18T22:35:26.114457",
    "version": "5.0_ecapa"
  }
}