{
  "archivo": "amza10_1_260210180738611_ACD_16049.wav",
  "duracion_segundos": 75.28,
  "num_segmentos": 24,
  "num_hablantes": 1,
  "hablantes": [
    "Hablante A"
  ],
  "tiempo_por_hablante": {
    "Hablante A": 69.67
  },
  "idioma": "es",
  "conversacion": [
    {
      "hablante": "Hablante A",
      "inicio": 0.03,
      "fin": 5.4,
      "duracion": 5.37,
      "texto": "Hola.",
      "confianza": 0.179
    },
    {
      "hablante": "Hablante A",
      "inicio": 5.42,
      "fin": 5.52,
      "duracion": 0.1,
      "texto": "Hola.",
      "confianza": 0.023
    },
    {
      "hablante": "Hablante A",
      "inicio": 5.54,
      "fin": 8.66,
      "duracion": 3.12,
      "texto": "¿Qué tal me comunico con Viviana?",
      "confianza": 0.758
    },
    {
      "hablante": "Hablante A",
      "inicio": 8.68,
      "fin": 9.48,
      "duracion": 0.8,
      "texto": "Sí, de parte.",
      "confianza": 0.086
    },
    {
      "hablante": "Hablante A",
      "inicio": 9.5,
      "fin": 10.28,
      "duracion": 0.78,
      "texto": "¿Qué tal, Viviana?",
      "confianza": 0.467
    },
    {
      "hablante": "Hablante A",
      "inicio": 10.32,
      "fin": 16.93,
      "duracion": 6.61,
      "texto": "Mi nombre es Mayra, me comunico de la área comercial de Monovistar, para ofrecerle un descuento para su línea.",
      "confianza": 0.769
    },
    {
      "hablante": "Hablante A",
      "inicio": 16.95,
      "fin": 20.65,
      "duracion": 3.7,
      "texto": "¿Usted cómo anda?",
      "confianza": 0.674
    },
    {
      "hablante": "Hablante A",
      "inicio": 20.67,
      "fin": 24.35,
      "duracion": 3.68,
      "texto": "No me interesa, te agradezco.",
      "confianza": 0.308
    },
    {
      "hablante": "Hablante A",
      "inicio": 24.37,
      "fin": 25.68,
      "duracion": 1.3,
      "texto": "Bien, ni te la entiendo.",
      "confianza": 0.792
    },
    {
      "hablante": "Hablante A",
      "inicio": 26.21,
      "fin": 29.5,
      "duracion": 3.28,
      "texto": "¿Por qué motivo no está interesado?",
      "confianza": 0.746
    },
    {
      "hablante": "Hablante A",
      "inicio": 30.96,
      "fin": 32.02,
      "duracion": 1.06,
      "texto": "¿Por qué movistar?",
      "confianza": 0.457
    },
    {
      "hablante": "Hablante A",
      "inicio": 32.06,
      "fin": 34.47,
      "duracion": 2.4,
      "texto": "Lo tuve por años y no me cumplió.",
      "confianza": 0.738
    },
    {
      "hablante": "Hablante A",
      "inicio": 35.63,
      "fin": 36.29,
      "duracion": 0.66,
      "texto": "Bien.",
      "confianza": 0.248
    },
    {
      "hablante": "Hablante A",
      "inicio": 36.31,
      "fin": 39.9,
      "duracion": 3.59,
      "texto": "Me sentí escapada, entonces directamente me cambié.",
      "confianza": 0.468
    },
    {
      "hablante": "Hablante A",
      "inicio": 39.92,
      "fin": 41.28,
      "duracion": 1.36,
      "texto": "Me entiendo.",
      "confianza": 0.37
    },
    {
      "hablante": "Hablante A",
      "inicio": 41.3,
      "fin": 45.77,
      "duracion": 4.47,
      "texto": "¿Y por qué motivo usted sintió eso?",
      "confianza": 0.699
    },
    {
      "hablante": "Hablante A",
      "inicio": 45.78,
      "fin": 50.03,
      "duracion": 4.25,
      "texto": "Porque me cobraban una cosa y me ofrecieron otra.",
      "confianza": 0.724
    },
    {
      "hablante": "Hablante A",
      "inicio": 50.09,
      "fin": 52.67,
      "duracion": 2.58,
      "texto": "Ah, bien.",
      "confianza": 0.647
    },
    {
      "hablante": "Hablante A",
      "inicio": 52.7,
      "fin": 56.26,
      "duracion": 3.56,
      "texto": "Para no tener deuda pagué y me cambié.",
      "confianza": 0.618
    },
    {
      "hablante": "Hablante A",
      "inicio": 56.8,
      "fin": 60.77,
      "duracion": 3.97,
      "texto": "Así que por respeto a tu trabajo, yo sé que tenés que vender.",
      "confianza": 0.765
    },
    {
      "hablante": "Hablante A",
      "inicio": 61.32,
      "fin": 66.58,
      "duracion": 5.25,
      "texto": "Yo, en respecto a mí, te digo que hasta acá llegó la comunicación.",
      "confianza": 0.494
    },
    {
      "hablante": "Hablante A",
      "inicio": 67.46,
      "fin": 72.61,
      "duracion": 5.16,
      "texto": "Bien, bueno, muchísimas gracias por su sinceridad y por tomarse el tiempo de responder.",
      "confianza": 0.686
    },
    {
      "hablante": "Hablante A",
      "inicio": 72.63,
      "fin": 74.2,
      "duracion": 1.56,
      "texto": "No, nada, que tengas buen día.",
      "confianza": 0.715
    },
    {
      "hablante": "Hablante A",
      "inicio": 74.22,
      "fin": 75.28,
      "duracion": 1.06,
      "texto": "Muchísimas gracias.",
      "confianza": 0.843
    }
  ],
  "transcripcion_completa": "Hola. Hola. ¿Qué tal me comunico con Viviana? Sí, de parte. ¿Qué tal, Viviana? Mi nombre es Mayra, me comunico de la área comercial de Monovistar, para ofrecerle un descuento para su línea. ¿Usted cómo anda? No me interesa, te agradezco. Bien, ni te la entiendo. ¿Por qué motivo no está interesado? ¿Por qué movistar? Lo tuve por años y no me cumplió. Bien. Me sentí escapada, entonces directamente me cambié. Me entiendo. ¿Y por qué motivo usted sintió eso? Porque me cobraban una cosa y me ofrecieron otra. Ah, bien. Para no tener deuda pagué y me cambié. Así que por respeto a tu trabajo, yo sé que tenés que vender. Yo, en respecto a mí, te digo que hasta acá llegó la comunicación. Bien, bueno, muchísimas gracias por su sinceridad y por tomarse el tiempo de responder. No, nada, que tengas buen día. Muchísimas gracias.",
  "calidad": {
    "confianza_promedio": 0.553,
    "metodo_diarizacion": "pausas_fallback",
    "tiempo_procesamiento": 7.5
  },
  "metadata": {
    "modelo": "whisperx_medium",
    "diarizacion": "pausas",
    "dispositivo": "cuda",
    "fecha": "2026-02-18T22:35:33.662800",
    "version": "5.0_ecapa"
  }
}