{
  "archivo": "amza12_1_260210134606664_ACD_66243.wav",
  "duracion_segundos": 87.9,
  "num_segmentos": 35,
  "num_hablantes": 2,
  "hablantes": [
    "Hablante A",
    "Hablante B"
  ],
  "tiempo_por_hablante": {
    "Hablante B": 76.41,
    "Hablante A": 0.52
  },
  "idioma": "es",
  "conversacion": [
    {
      "hablante": "Hablante B",
      "inicio": 1.63,
      "fin": 6.92,
      "duracion": 5.29,
      "texto": "Buenos días, ¿cómo estás?",
      "confianza": 0.25
    },
    {
      "hablante": "Hablante B",
      "inicio": 6.94,
      "fin": 7.2,
      "duracion": 0.26,
      "texto": "¿Quién habla?",
      "confianza": 0.002
    },
    {
      "hablante": "Hablante B",
      "inicio": 7.22,
      "fin": 7.94,
      "duracion": 0.72,
      "texto": "¿Todo bien con la línea de Miradero?",
      "confianza": 0.001
    },
    {
      "hablante": "Hablante B",
      "inicio": 7.96,
      "fin": 8.02,
      "duracion": 0.06,
      "texto": "Sí.",
      "confianza": 0.013
    },
    {
      "hablante": "Hablante B",
      "inicio": 8.04,
      "fin": 8.54,
      "duracion": 0.5,
      "texto": "¿Cómo estás?",
      "confianza": 0.595
    },
    {
      "hablante": "Hablante B",
      "inicio": 8.56,
      "fin": 9.14,
      "duracion": 0.58,
      "texto": "Buen día, Noelia.",
      "confianza": 0.481
    },
    {
      "hablante": "Hablante B",
      "inicio": 9.16,
      "fin": 10.06,
      "duracion": 0.9,
      "texto": "Te hablo de este lado.",
      "confianza": 0.612
    },
    {
      "hablante": "Hablante B",
      "inicio": 10.29,
      "fin": 12.51,
      "duracion": 2.22,
      "texto": "Me comunico de la línea de recuperar el cliente Movistar.",
      "confianza": 0.672
    },
    {
      "hablante": "Hablante B",
      "inicio": 12.59,
      "fin": 15.87,
      "duracion": 3.28,
      "texto": "¿Cómo estás?",
      "confianza": 0.285
    },
    {
      "hablante": "Hablante B",
      "inicio": 15.89,
      "fin": 18.1,
      "duracion": 2.2,
      "texto": "¿Todo está bien?",
      "confianza": 0.062
    },
    {
      "hablante": "Hablante B",
      "inicio": 18.12,
      "fin": 18.46,
      "duracion": 0.34,
      "texto": "¿Todo bien, boss?",
      "confianza": 0.014
    },
    {
      "hablante": "Hablante B",
      "inicio": 18.48,
      "fin": 19.32,
      "duracion": 0.84,
      "texto": "Bien, bien.",
      "confianza": 0.274
    },
    {
      "hablante": "Hablante B",
      "inicio": 19.34,
      "fin": 26.43,
      "duracion": 7.09,
      "texto": "Me estaba comunicando con bus el día de hoy porque me figura en sistema que actualmente está en claro y queríamos brindarte algo mejor.",
      "confianza": 0.728
    },
    {
      "hablante": "Hablante A",
      "inicio": 28.35,
      "fin": 28.87,
      "duracion": 0.52,
      "texto": "Sí, sí.",
      "confianza": 0.391
    },
    {
      "hablante": "Hablante B",
      "inicio": 31.31,
      "fin": 42.52,
      "duracion": 11.21,
      "texto": "Por el momento no, porque no se existía con este número de teléfono.",
      "confianza": 0.706
    },
    {
      "hablante": "Hablante B",
      "inicio": 42.54,
      "fin": 42.84,
      "duracion": 0.3,
      "texto": "¿Por qué razón?",
      "confianza": 0.007
    },
    {
      "hablante": "Hablante B",
      "inicio": 42.87,
      "fin": 43.47,
      "duracion": 0.6,
      "texto": "¿Tienes que cambiar el número?",
      "confianza": 0.039
    },
    {
      "hablante": "Hablante B",
      "inicio": 43.48,
      "fin": 51.96,
      "duracion": 8.47,
      "texto": "Sí, porque ya, por más que bloquees a ciertas personas, siempre las encuentran, así que...",
      "confianza": 0.431
    },
    {
      "hablante": "Hablante B",
      "inicio": 51.98,
      "fin": 52.22,
      "duracion": 0.24,
      "texto": "No entiendo.",
      "confianza": 0.032
    },
    {
      "hablante": "Hablante B",
      "inicio": 52.24,
      "fin": 57.98,
      "duracion": 5.75,
      "texto": "No, si quiero cambiar de teléfono por el hecho de que, bueno, personas...",
      "confianza": 0.584
    },
    {
      "hablante": "Hablante B",
      "inicio": 58.79,
      "fin": 62.37,
      "duracion": 3.58,
      "texto": "que ya no están en mi vida, por así decirlo.",
      "confianza": 0.604
    },
    {
      "hablante": "Hablante B",
      "inicio": 62.87,
      "fin": 64.48,
      "duracion": 1.6,
      "texto": "Me mandan mensajes todo el tiempo.",
      "confianza": 0.763
    },
    {
      "hablante": "Hablante B",
      "inicio": 65.5,
      "fin": 69.2,
      "duracion": 3.7,
      "texto": "No es solamente pasarme a Movistar o algo así.",
      "confianza": 0.658
    },
    {
      "hablante": "Hablante B",
      "inicio": 69.22,
      "fin": 71.28,
      "duracion": 2.06,
      "texto": "Ah, bien, perfecto.",
      "confianza": 0.281
    },
    {
      "hablante": "Hablante B",
      "inicio": 71.3,
      "fin": 71.42,
      "duracion": 0.12,
      "texto": "Bien.",
      "confianza": 0.228
    },
    {
      "hablante": "Hablante B",
      "inicio": 71.46,
      "fin": 72.93,
      "duracion": 1.46,
      "texto": "Pero no, está bien.",
      "confianza": 0.736
    },
    {
      "hablante": "Hablante B",
      "inicio": 73.01,
      "fin": 75.07,
      "duracion": 2.06,
      "texto": "Gracias, igual.",
      "confianza": 0.28
    },
    {
      "hablante": "Hablante B",
      "inicio": 75.09,
      "fin": 75.19,
      "duracion": 0.1,
      "texto": "Bien.",
      "confianza": 0.016
    },
    {
      "hablante": "Hablante B",
      "inicio": 75.21,
      "fin": 79.69,
      "duracion": 4.48,
      "texto": "¿Y algún familiar, algún conocido que tengas que se quiera cambiar a Movistar o que quiera recibir fibra óptica?",
      "confianza": 0.119
    },
    {
      "hablante": "Hablante B",
      "inicio": 79.71,
      "fin": 81.67,
      "duracion": 1.96,
      "texto": "No, lo tienen todos, Movistar.",
      "confianza": 0.261
    },
    {
      "hablante": "Hablante B",
      "inicio": 81.69,
      "fin": 82.74,
      "duracion": 1.04,
      "texto": "Fíjate tranquila.",
      "confianza": 0.256
    },
    {
      "hablante": "Hablante B",
      "inicio": 82.76,
      "fin": 84.42,
      "duracion": 1.66,
      "texto": "La única que tenía que calar era yo.",
      "confianza": 0.381
    },
    {
      "hablante": "Hablante B",
      "inicio": 85.0,
      "fin": 85.72,
      "duracion": 0.72,
      "texto": "Vale, míralo.",
      "confianza": 0.514
    },
    {
      "hablante": "Hablante B",
      "inicio": 85.74,
      "fin": 86.6,
      "duracion": 0.86,
      "texto": "Muchas gracias por tu tiempo.",
      "confianza": 0.417
    },
    {
      "hablante": "Hablante B",
      "inicio": 87.74,
      "fin": 87.9,
      "duracion": 0.16,
      "texto": "Gracias.",
      "confianza": 0.128
    }
  ],
  "transcripcion_completa": "Buenos días, ¿cómo estás? ¿Quién habla? ¿Todo bien con la línea de Miradero? Sí. ¿Cómo estás? Buen día, Noelia. Te hablo de este lado. Me comunico de la línea de recuperar el cliente Movistar. ¿Cómo estás? ¿Todo está bien? ¿Todo bien, boss? Bien, bien. Me estaba comunicando con bus el día de hoy porque me figura en sistema que actualmente está en claro y queríamos brindarte algo mejor. Sí, sí. Por el momento no, porque no se existía con este número de teléfono. ¿Por qué razón? ¿Tienes que cambiar el número? Sí, porque ya, por más que bloquees a ciertas personas, siempre las encuentran, así que... No entiendo. No, si quiero cambiar de teléfono por el hecho de que, bueno, personas... que ya no están en mi vida, por así decirlo. Me mandan mensajes todo el tiempo. No es solamente pasarme a Movistar o algo así. Ah, bien, perfecto. Bien. Pero no, está bien. Gracias, igual. Bien. ¿Y algún familiar, algún conocido que tengas que se quiera cambiar a Movistar o que quiera recibir fibra óptica? No, lo tienen todos, Movistar. Fíjate tranquila. La única que tenía que calar era yo. Vale, míralo. Muchas gracias por tu tiempo. Gracias.",
  "calidad": {
    "confianza_promedio": 0.338,
    "metodo_diarizacion": "pausas_fallback",
    "tiempo_procesamiento": 8.2
  },
  "metadata": {
    "modelo": "whisperx_medium",
    "diarizacion": "pausas",
    "dispositivo": "cuda",
    "fecha": "2026-02-18T23:02:26.365732",
    "version": "5.0_ecapa"
  }
}