{
  "archivo": "amza12_1_260209114218210_ACD_68211.wav",
  "duracion_segundos": 88.21,
  "num_segmentos": 41,
  "num_hablantes": 1,
  "hablantes": [
    "Hablante A"
  ],
  "tiempo_por_hablante": {
    "Hablante A": 81.74
  },
  "idioma": "es",
  "conversacion": [
    {
      "hablante": "Hablante A",
      "inicio": 0.18,
      "fin": 0.36,
      "duracion": 0.18,
      "texto": "Hola.",
      "confianza": 0.401
    },
    {
      "hablante": "Hablante A",
      "inicio": 0.38,
      "fin": 1.58,
      "duracion": 1.2,
      "texto": "Buenos días.",
      "confianza": 0.218
    },
    {
      "hablante": "Hablante A",
      "inicio": 1.6,
      "fin": 2.21,
      "duracion": 0.6,
      "texto": "¿Cómo le va?",
      "confianza": 0.622
    },
    {
      "hablante": "Hablante A",
      "inicio": 2.49,
      "fin": 4.55,
      "duracion": 2.06,
      "texto": "Me comunico con las niñas de Gustavo Gabriel.",
      "confianza": 0.725
    },
    {
      "hablante": "Hablante A",
      "inicio": 4.57,
      "fin": 6.55,
      "duracion": 1.98,
      "texto": "¿Sí?",
      "confianza": 0.388
    },
    {
      "hablante": "Hablante A",
      "inicio": 6.57,
      "fin": 7.66,
      "duracion": 1.08,
      "texto": "Gustavo, ¿cómo están?",
      "confianza": 0.589
    },
    {
      "hablante": "Hablante A",
      "inicio": 7.68,
      "fin": 8.76,
      "duracion": 1.08,
      "texto": "No hay letales de nada.",
      "confianza": 0.323
    },
    {
      "hablante": "Hablante A",
      "inicio": 8.78,
      "fin": 8.88,
      "duracion": 0.1,
      "texto": "Bien.",
      "confianza": 0.065
    },
    {
      "hablante": "Hablante A",
      "inicio": 8.9,
      "fin": 11.78,
      "duracion": 2.88,
      "texto": "Me estoy comunicando del día de recuperar el cliente de Movistar.",
      "confianza": 0.63
    },
    {
      "hablante": "Hablante A",
      "inicio": 11.8,
      "fin": 13.97,
      "duracion": 2.16,
      "texto": "¿Cómo le va?",
      "confianza": 0.637
    },
    {
      "hablante": "Hablante A",
      "inicio": 13.99,
      "fin": 14.17,
      "duracion": 0.18,
      "texto": "¿Qué tal?",
      "confianza": 0.004
    },
    {
      "hablante": "Hablante A",
      "inicio": 14.19,
      "fin": 14.43,
      "duracion": 0.24,
      "texto": "¿Cómo te va?",
      "confianza": 0.015
    },
    {
      "hablante": "Hablante A",
      "inicio": 14.45,
      "fin": 14.77,
      "duracion": 0.32,
      "texto": "Bien.",
      "confianza": 0.665
    },
    {
      "hablante": "Hablante A",
      "inicio": 14.79,
      "fin": 16.59,
      "duracion": 1.8,
      "texto": "¿Vos?",
      "confianza": 0.532
    },
    {
      "hablante": "Hablante A",
      "inicio": 16.61,
      "fin": 16.71,
      "duracion": 0.1,
      "texto": "Bien.",
      "confianza": 0.013
    },
    {
      "hablante": "Hablante A",
      "inicio": 16.73,
      "fin": 16.93,
      "duracion": 0.2,
      "texto": "Todo bien.",
      "confianza": 0.076
    },
    {
      "hablante": "Hablante A",
      "inicio": 16.95,
      "fin": 17.43,
      "duracion": 0.48,
      "texto": "Me alegro.",
      "confianza": 0.385
    },
    {
      "hablante": "Hablante A",
      "inicio": 17.85,
      "fin": 21.46,
      "duracion": 3.61,
      "texto": "Me estaba comunicando con usted el día de hoy para brindarle un beneficio a su línea, ¿sí?",
      "confianza": 0.715
    },
    {
      "hablante": "Hablante A",
      "inicio": 22.2,
      "fin": 24.39,
      "duracion": 2.18,
      "texto": "Me asegura que actualmente está comprado, ¿es correcto?",
      "confianza": 0.449
    },
    {
      "hablante": "Hablante A",
      "inicio": 24.94,
      "fin": 33.23,
      "duracion": 8.29,
      "texto": "Sí, lo que pasa es que con movistar yo tengo un teléfono con movistar y no tengo donde estoy para señalar.",
      "confianza": 0.609
    },
    {
      "hablante": "Hablante A",
      "inicio": 33.24,
      "fin": 33.97,
      "duracion": 0.72,
      "texto": "¿Me entendés?",
      "confianza": 0.305
    },
    {
      "hablante": "Hablante A",
      "inicio": 33.99,
      "fin": 35.87,
      "duracion": 1.88,
      "texto": "Ese es el problema que tenemos.",
      "confianza": 0.505
    },
    {
      "hablante": "Hablante A",
      "inicio": 35.89,
      "fin": 36.71,
      "duracion": 0.82,
      "texto": "¿De dónde es el complemento?",
      "confianza": 0.097
    },
    {
      "hablante": "Hablante A",
      "inicio": 37.17,
      "fin": 41.47,
      "duracion": 4.3,
      "texto": "Ya está dejando el correo.",
      "confianza": 0.513
    },
    {
      "hablante": "Hablante A",
      "inicio": 41.49,
      "fin": 45.17,
      "duracion": 3.68,
      "texto": "Y no llega señal acá el teléfono mi señor, y renegamos un montón.",
      "confianza": 0.532
    },
    {
      "hablante": "Hablante A",
      "inicio": 45.44,
      "fin": 50.9,
      "duracion": 5.46,
      "texto": "De hecho, está pensando en pasarlo claro, viste, que acá te agarras señal.",
      "confianza": 0.607
    },
    {
      "hablante": "Hablante A",
      "inicio": 50.92,
      "fin": 51.7,
      "duracion": 0.78,
      "texto": "Bien, bien, perfecto.",
      "confianza": 0.764
    },
    {
      "hablante": "Hablante A",
      "inicio": 51.8,
      "fin": 53.22,
      "duracion": 1.42,
      "texto": "Trae una consulta en ese caso.",
      "confianza": 0.742
    },
    {
      "hablante": "Hablante A",
      "inicio": 53.24,
      "fin": 54.74,
      "duracion": 1.5,
      "texto": "¿De dónde me decís hoy que sos?",
      "confianza": 0.561
    },
    {
      "hablante": "Hablante A",
      "inicio": 55.45,
      "fin": 57.25,
      "duracion": 1.8,
      "texto": "De Alejandro Coro.",
      "confianza": 0.308
    },
    {
      "hablante": "Hablante A",
      "inicio": 57.27,
      "fin": 57.93,
      "duracion": 0.66,
      "texto": "¿Esto queda?",
      "confianza": 0.735
    },
    {
      "hablante": "Hablante A",
      "inicio": 57.95,
      "fin": 59.89,
      "duracion": 1.94,
      "texto": "¿En dónde es?",
      "confianza": 0.478
    },
    {
      "hablante": "Hablante A",
      "inicio": 59.91,
      "fin": 61.87,
      "duracion": 1.96,
      "texto": "En Zona Sur, San Vicente, Alejandro Coro.",
      "confianza": 0.318
    },
    {
      "hablante": "Hablante A",
      "inicio": 61.89,
      "fin": 63.9,
      "duracion": 2.0,
      "texto": "Ah, no lo sabes.",
      "confianza": 0.166
    },
    {
      "hablante": "Hablante A",
      "inicio": 63.91,
      "fin": 68.4,
      "duracion": 4.48,
      "texto": "Bueno, bien, entonces, ¿no tenés señales para dejarlo?",
      "confianza": 0.579
    },
    {
      "hablante": "Hablante A",
      "inicio": 68.42,
      "fin": 76.25,
      "duracion": 7.83,
      "texto": "Sí, sí, el problema es el de señal, que de hecho estaba en claro ese teléfono y lo pasé a movistar y se complicó.",
      "confianza": 0.676
    },
    {
      "hablante": "Hablante A",
      "inicio": 76.73,
      "fin": 77.41,
      "duracion": 0.68,
      "texto": "Bien, perfecto.",
      "confianza": 0.744
    },
    {
      "hablante": "Hablante A",
      "inicio": 77.55,
      "fin": 81.21,
      "duracion": 3.66,
      "texto": "¿Alguna persona que sepa que se quiera cambiar de compañía o que quiera seguir a óptica?",
      "confianza": 0.674
    },
    {
      "hablante": "Hablante A",
      "inicio": 82.21,
      "fin": 84.45,
      "duracion": 2.24,
      "texto": "No, no tengo la menor idea.",
      "confianza": 0.768
    },
    {
      "hablante": "Hablante A",
      "inicio": 84.47,
      "fin": 85.35,
      "duracion": 0.88,
      "texto": "Honestamente, no.",
      "confianza": 0.734
    },
    {
      "hablante": "Hablante A",
      "inicio": 85.87,
      "fin": 88.21,
      "duracion": 2.33,
      "texto": "Pero Juanito sí está bueno y me recomienda el tema.",
      "confianza": 0.302
    }
  ],
  "transcripcion_completa": "Hola. Buenos días. ¿Cómo le va? Me comunico con las niñas de Gustavo Gabriel. ¿Sí? Gustavo, ¿cómo están? No hay letales de nada. Bien. Me estoy comunicando del día de recuperar el cliente de Movistar. ¿Cómo le va? ¿Qué tal? ¿Cómo te va? Bien. ¿Vos? Bien. Todo bien. Me alegro. Me estaba comunicando con usted el día de hoy para brindarle un beneficio a su línea, ¿sí? Me asegura que actualmente está comprado, ¿es correcto? Sí, lo que pasa es que con movistar yo tengo un teléfono con movistar y no tengo donde estoy para señalar. ¿Me entendés? Ese es el problema que tenemos. ¿De dónde es el complemento? Ya está dejando el correo. Y no llega señal acá el teléfono mi señor, y renegamos un montón. De hecho, está pensando en pasarlo claro, viste, que acá te agarras señal. Bien, bien, perfecto. Trae una consulta en ese caso. ¿De dónde me decís hoy que sos? De Alejandro Coro. ¿Esto queda? ¿En dónde es? En Zona Sur, San Vicente, Alejandro Coro. Ah, no lo sabes. Bueno, bien, entonces, ¿no tenés señales para dejarlo? Sí, sí, el problema es el de señal, que de hecho estaba en claro ese teléfono y lo pasé a movistar y se complicó. Bien, perfecto. ¿Alguna persona que sepa que se quiera cambiar de compañía o que quiera seguir a óptica? No, no tengo la menor idea. Honestamente, no. Pero Juanito sí está bueno y me recomienda el tema.",
  "calidad": {
    "confianza_promedio": 0.468,
    "metodo_diarizacion": "pausas_fallback",
    "tiempo_procesamiento": 8.4
  },
  "metadata": {
    "modelo": "whisperx_medium",
    "diarizacion": "pausas",
    "dispositivo": "cuda",
    "fecha": "2026-02-18T22:57:11.542428",
    "version": "5.0_ecapa"
  }
}