{
  "archivo": "amza16_1_260213125119964_ACD_76015.wav",
  "duracion_segundos": 74.37,
  "num_segmentos": 30,
  "num_hablantes": 2,
  "hablantes": [
    "Hablante A",
    "Hablante B"
  ],
  "tiempo_por_hablante": {
    "Hablante B": 12.21,
    "Hablante A": 45.78
  },
  "idioma": "es",
  "conversacion": [
    {
      "hablante": "Hablante B",
      "inicio": 2.63,
      "fin": 6.01,
      "duracion": 3.38,
      "texto": "Hola.",
      "confianza": 0.189
    },
    {
      "hablante": "Hablante B",
      "inicio": 6.04,
      "fin": 6.42,
      "duracion": 0.38,
      "texto": "Pedro, buenos días.",
      "confianza": 0.001
    },
    {
      "hablante": "Hablante B",
      "inicio": 6.44,
      "fin": 6.76,
      "duracion": 0.32,
      "texto": "Hablo con Pedro.",
      "confianza": 0.0
    },
    {
      "hablante": "Hablante B",
      "inicio": 6.78,
      "fin": 7.06,
      "duracion": 0.28,
      "texto": "Sí, ¿quién es?",
      "confianza": 0.035
    },
    {
      "hablante": "Hablante B",
      "inicio": 7.08,
      "fin": 8.7,
      "duracion": 1.62,
      "texto": "Como le va, Pedro, mi nombre es Delfina.",
      "confianza": 0.672
    },
    {
      "hablante": "Hablante B",
      "inicio": 8.9,
      "fin": 12.16,
      "duracion": 3.27,
      "texto": "Me estoy comunicando desde la Ría de Beneficios y Promociones de Movistar.",
      "confianza": 0.75
    },
    {
      "hablante": "Hablante B",
      "inicio": 12.71,
      "fin": 14.81,
      "duracion": 2.1,
      "texto": "Me figura que está en claro actualmente, ¿es correcto?",
      "confianza": 0.684
    },
    {
      "hablante": "Hablante A",
      "inicio": 16.97,
      "fin": 17.03,
      "duracion": 0.06,
      "texto": "Sí.",
      "confianza": 0.233
    },
    {
      "hablante": "Hablante A",
      "inicio": 17.05,
      "fin": 18.09,
      "duracion": 1.04,
      "texto": "Perfecto, le consulto.",
      "confianza": 0.695
    },
    {
      "hablante": "Hablante A",
      "inicio": 18.11,
      "fin": 21.42,
      "duracion": 3.3,
      "texto": "¿Usted es de utilizar muchos ligas o tiene un plan básico actualmente?",
      "confianza": 0.693
    },
    {
      "hablante": "Hablante B",
      "inicio": 26.63,
      "fin": 26.91,
      "duracion": 0.28,
      "texto": "Tengo un plan.",
      "confianza": 0.006
    },
    {
      "hablante": "Hablante B",
      "inicio": 26.93,
      "fin": 27.51,
      "duracion": 0.58,
      "texto": "Sí, está grabando la llamada.",
      "confianza": 0.027
    },
    {
      "hablante": "Hablante A",
      "inicio": 29.27,
      "fin": 35.48,
      "duracion": 6.21,
      "texto": "Tengo un plan de $6,000 pesos, tengo 15 gigas más roaming internacional con Claro.",
      "confianza": 0.68
    },
    {
      "hablante": "Hablante A",
      "inicio": 36.77,
      "fin": 37.51,
      "duracion": 0.74,
      "texto": "Bien.",
      "confianza": 0.663
    },
    {
      "hablante": "Hablante A",
      "inicio": 37.53,
      "fin": 38.31,
      "duracion": 0.78,
      "texto": "¿Cuánto está pagando?",
      "confianza": 0.786
    },
    {
      "hablante": "Hablante A",
      "inicio": 38.33,
      "fin": 40.99,
      "duracion": 2.66,
      "texto": "$6,000.",
      "confianza": 0.437
    },
    {
      "hablante": "Hablante A",
      "inicio": 41.01,
      "fin": 42.13,
      "duracion": 1.12,
      "texto": "$6,000 pesos, perfecto.",
      "confianza": 0.789
    },
    {
      "hablante": "Hablante A",
      "inicio": 42.15,
      "fin": 46.0,
      "duracion": 3.84,
      "texto": "¿Por 15 gigas, me dijo?",
      "confianza": 0.618
    },
    {
      "hablante": "Hablante A",
      "inicio": 46.02,
      "fin": 48.5,
      "duracion": 2.48,
      "texto": "Sí, más roaming internacional toda Sudamérica.",
      "confianza": 0.466
    },
    {
      "hablante": "Hablante A",
      "inicio": 49.2,
      "fin": 50.42,
      "duracion": 1.22,
      "texto": "OK, perfecto.",
      "confianza": 0.59
    },
    {
      "hablante": "Hablante A",
      "inicio": 50.44,
      "fin": 51.51,
      "duracion": 1.06,
      "texto": "Bien.",
      "confianza": 0.81
    },
    {
      "hablante": "Hablante A",
      "inicio": 51.52,
      "fin": 55.81,
      "duracion": 4.29,
      "texto": "¿Usted tiene algún otro servicio en Claro?",
      "confianza": 0.799
    },
    {
      "hablante": "Hablante A",
      "inicio": 55.83,
      "fin": 57.27,
      "duracion": 1.44,
      "texto": "No.",
      "confianza": 0.467
    },
    {
      "hablante": "Hablante A",
      "inicio": 57.29,
      "fin": 58.35,
      "duracion": 1.06,
      "texto": "¿Solo tiene la línea?",
      "confianza": 0.803
    },
    {
      "hablante": "Hablante A",
      "inicio": 59.18,
      "fin": 59.62,
      "duracion": 0.44,
      "texto": "Sí, sí.",
      "confianza": 0.378
    },
    {
      "hablante": "Hablante A",
      "inicio": 60.24,
      "fin": 67.47,
      "duracion": 7.23,
      "texto": "Nos ofrecieron el internet, pero ya tengo internet.",
      "confianza": 0.723
    },
    {
      "hablante": "Hablante A",
      "inicio": 67.49,
      "fin": 67.58,
      "duracion": 0.08,
      "texto": "Ajá.",
      "confianza": 0.002
    },
    {
      "hablante": "Hablante A",
      "inicio": 67.59,
      "fin": 67.69,
      "duracion": 0.1,
      "texto": "Bien.",
      "confianza": 0.002
    },
    {
      "hablante": "Hablante A",
      "inicio": 67.72,
      "fin": 70.5,
      "duracion": 2.78,
      "texto": "¿Y cuánto está pagando con su internet actualmente?",
      "confianza": 0.248
    },
    {
      "hablante": "Hablante A",
      "inicio": 70.52,
      "fin": 74.37,
      "duracion": 3.85,
      "texto": "Tengo 300 mega por 10 mil pesos con Telecentro.",
      "confianza": 0.81
    }
  ],
  "transcripcion_completa": "Hola. Pedro, buenos días. Hablo con Pedro. Sí, ¿quién es? Como le va, Pedro, mi nombre es Delfina. Me estoy comunicando desde la Ría de Beneficios y Promociones de Movistar. Me figura que está en claro actualmente, ¿es correcto? Sí. Perfecto, le consulto. ¿Usted es de utilizar muchos ligas o tiene un plan básico actualmente? Tengo un plan. Sí, está grabando la llamada. Tengo un plan de $6,000 pesos, tengo 15 gigas más roaming internacional con Claro. Bien. ¿Cuánto está pagando? $6,000. $6,000 pesos, perfecto. ¿Por 15 gigas, me dijo? Sí, más roaming internacional toda Sudamérica. OK, perfecto. Bien. ¿Usted tiene algún otro servicio en Claro? No. ¿Solo tiene la línea? Sí, sí. Nos ofrecieron el internet, pero ya tengo internet. Ajá. Bien. ¿Y cuánto está pagando con su internet actualmente? Tengo 300 mega por 10 mil pesos con Telecentro.",
  "calidad": {
    "confianza_promedio": 0.485,
    "metodo_diarizacion": "pausas_fallback",
    "tiempo_procesamiento": 7.3
  },
  "metadata": {
    "modelo": "whisperx_medium",
    "diarizacion": "pausas",
    "dispositivo": "cuda",
    "fecha": "2026-02-18T23:57:25.988167",
    "version": "5.0_ecapa"
  }
}