{
  "archivo": "amza10_1_260220132206741_ACD_18165.wav",
  "duracion_segundos": 66.2,
  "num_segmentos": 29,
  "num_hablantes": 1,
  "hablantes": [
    "Hablante B"
  ],
  "tiempo_por_hablante": {
    "Hablante B": 54.65
  },
  "idioma": "es",
  "conversacion": [
    {
      "hablante": "Hablante B",
      "inicio": 1.75,
      "fin": 4.68,
      "duracion": 2.92,
      "texto": "Hola, buenas tardes.",
      "confianza": 0.575
    },
    {
      "hablante": "Hablante B",
      "inicio": 4.7,
      "fin": 5.42,
      "duracion": 0.72,
      "texto": "Hola.",
      "confianza": 0.411
    },
    {
      "hablante": "Hablante B",
      "inicio": 5.44,
      "fin": 6.2,
      "duracion": 0.76,
      "texto": "¿Cómo estás?",
      "confianza": 0.534
    },
    {
      "hablante": "Hablante B",
      "inicio": 6.22,
      "fin": 7.8,
      "duracion": 1.58,
      "texto": "Un gusto, Lourdes, desde que la otra habla.",
      "confianza": 0.601
    },
    {
      "hablante": "Hablante B",
      "inicio": 8.44,
      "fin": 11.81,
      "duracion": 3.37,
      "texto": "Llamada así para brindarte lo que es una bonificación que tenemos en las líneas.",
      "confianza": 0.648
    },
    {
      "hablante": "Hablante B",
      "inicio": 11.83,
      "fin": 15.78,
      "duracion": 3.95,
      "texto": "¿Ustedes van esta?",
      "confianza": 0.63
    },
    {
      "hablante": "Hablante B",
      "inicio": 15.79,
      "fin": 17.46,
      "duracion": 1.66,
      "texto": "¿Cómo?",
      "confianza": 0.462
    },
    {
      "hablante": "Hablante B",
      "inicio": 17.48,
      "fin": 19.6,
      "duracion": 2.12,
      "texto": "¿Ustedes van esta?",
      "confianza": 0.585
    },
    {
      "hablante": "Hablante B",
      "inicio": 19.62,
      "fin": 20.74,
      "duracion": 1.12,
      "texto": "No, es van esta de mi mamá.",
      "confianza": 0.207
    },
    {
      "hablante": "Hablante B",
      "inicio": 21.32,
      "fin": 23.61,
      "duracion": 2.28,
      "texto": "Me están perdiendo por la línea.",
      "confianza": 0.43
    },
    {
      "hablante": "Hablante B",
      "inicio": 23.63,
      "fin": 23.91,
      "duracion": 0.28,
      "texto": "Ah, perdón.",
      "confianza": 0.07
    },
    {
      "hablante": "Hablante B",
      "inicio": 23.93,
      "fin": 27.03,
      "duracion": 3.11,
      "texto": "No sé si vas a más alguna vez para brindarte la oferta a vos.",
      "confianza": 0.421
    },
    {
      "hablante": "Hablante B",
      "inicio": 28.25,
      "fin": 29.87,
      "duracion": 1.62,
      "texto": "No, se me pago por eso.",
      "confianza": 0.722
    },
    {
      "hablante": "Hablante B",
      "inicio": 30.07,
      "fin": 31.89,
      "duracion": 1.82,
      "texto": "La niña me paga mi mamá, ese es otro número.",
      "confianza": 0.617
    },
    {
      "hablante": "Hablante B",
      "inicio": 33.09,
      "fin": 33.99,
      "duracion": 0.9,
      "texto": "A ver, aguardame.",
      "confianza": 0.759
    },
    {
      "hablante": "Hablante B",
      "inicio": 35.44,
      "fin": 36.1,
      "duracion": 0.66,
      "texto": "Hay dos niñas.",
      "confianza": 0.508
    },
    {
      "hablante": "Hablante B",
      "inicio": 36.5,
      "fin": 40.16,
      "duracion": 3.66,
      "texto": "Claro, una depende del 811, la tuya, y la que termina en 031.",
      "confianza": 0.641
    },
    {
      "hablante": "Hablante B",
      "inicio": 40.2,
      "fin": 48.19,
      "duracion": 7.99,
      "texto": "Claro, esa es la de... para... 93.",
      "confianza": 0.263
    },
    {
      "hablante": "Hablante B",
      "inicio": 48.21,
      "fin": 49.39,
      "duracion": 1.18,
      "texto": "Claro, la de mi mamá es la otra.",
      "confianza": 0.649
    },
    {
      "hablante": "Hablante B",
      "inicio": 49.65,
      "fin": 51.18,
      "duracion": 1.52,
      "texto": "Esa, la que está llamando es la mía.",
      "confianza": 0.761
    },
    {
      "hablante": "Hablante B",
      "inicio": 51.74,
      "fin": 53.8,
      "duracion": 2.06,
      "texto": "Pero se me pago, mi mamá me paga las dos.",
      "confianza": 0.491
    },
    {
      "hablante": "Hablante B",
      "inicio": 53.82,
      "fin": 57.65,
      "duracion": 3.83,
      "texto": "¿Para cuál es la de tu mamá, la de 031 o la de 812?",
      "confianza": 0.48
    },
    {
      "hablante": "Hablante B",
      "inicio": 58.72,
      "fin": 59.81,
      "duracion": 1.09,
      "texto": "La de 081.",
      "confianza": 0.487
    },
    {
      "hablante": "Hablante B",
      "inicio": 60.63,
      "fin": 61.36,
      "duracion": 0.72,
      "texto": "Listo.",
      "confianza": 0.697
    },
    {
      "hablante": "Hablante B",
      "inicio": 61.38,
      "fin": 61.92,
      "duracion": 0.54,
      "texto": "Dale.",
      "confianza": 0.587
    },
    {
      "hablante": "Hablante B",
      "inicio": 61.94,
      "fin": 62.66,
      "duracion": 0.72,
      "texto": "Bueno, perdona.",
      "confianza": 0.626
    },
    {
      "hablante": "Hablante B",
      "inicio": 62.68,
      "fin": 63.49,
      "duracion": 0.8,
      "texto": "Ahí me contacto.",
      "confianza": 0.77
    },
    {
      "hablante": "Hablante B",
      "inicio": 64.51,
      "fin": 64.87,
      "duracion": 0.36,
      "texto": "Dale.",
      "confianza": 0.515
    },
    {
      "hablante": "Hablante B",
      "inicio": 64.89,
      "fin": 66.2,
      "duracion": 1.31,
      "texto": "Gracias.",
      "confianza": 0.851
    }
  ],
  "transcripcion_completa": "Hola, buenas tardes. Hola. ¿Cómo estás? Un gusto, Lourdes, desde que la otra habla. Llamada así para brindarte lo que es una bonificación que tenemos en las líneas. ¿Ustedes van esta? ¿Cómo? ¿Ustedes van esta? No, es van esta de mi mamá. Me están perdiendo por la línea. Ah, perdón. No sé si vas a más alguna vez para brindarte la oferta a vos. No, se me pago por eso. La niña me paga mi mamá, ese es otro número. A ver, aguardame. Hay dos niñas. Claro, una depende del 811, la tuya, y la que termina en 031. Claro, esa es la de... para... 93. Claro, la de mi mamá es la otra. Esa, la que está llamando es la mía. Pero se me pago, mi mamá me paga las dos. ¿Para cuál es la de tu mamá, la de 031 o la de 812? La de 081. Listo. Dale. Bueno, perdona. Ahí me contacto. Dale. Gracias.",
  "calidad": {
    "confianza_promedio": 0.552,
    "metodo_diarizacion": "pausas_fallback",
    "tiempo_procesamiento": 7.6
  },
  "metadata": {
    "modelo": "whisperx_medium",
    "diarizacion": "pausas",
    "dispositivo": "cuda",
    "fecha": "2026-02-21T13:33:25.180256",
    "version": "5.0_ecapa"
  }
}