{
  "archivo": "amza10_1_260209102152554_ACD_93911.wav",
  "duracion_segundos": 1121.17,
  "num_segmentos": 303,
  "num_hablantes": 2,
  "hablantes": [
    "Hablante A",
    "Hablante B"
  ],
  "tiempo_por_hablante": {
    "Hablante B": 428.92,
    "Hablante A": 542.17
  },
  "idioma": "es",
  "conversacion": [
    {
      "hablante": "Hablante B",
      "inicio": 1.79,
      "fin": 2.45,
      "duracion": 0.66,
      "texto": "Hola, buen día.",
      "confianza": 0.143
    },
    {
      "hablante": "Hablante B",
      "inicio": 2.47,
      "fin": 5.29,
      "duracion": 2.82,
      "texto": "¿Hablo con Sofía?",
      "confianza": 0.378
    },
    {
      "hablante": "Hablante B",
      "inicio": 5.31,
      "fin": 5.61,
      "duracion": 0.3,
      "texto": "Sí, ¿qué parte?",
      "confianza": 0.034
    },
    {
      "hablante": "Hablante B",
      "inicio": 5.63,
      "fin": 7.35,
      "duracion": 1.72,
      "texto": "Sofía, un gusto elur de este lado de te habla.",
      "confianza": 0.452
    },
    {
      "hablante": "Hablante B",
      "inicio": 7.91,
      "fin": 14.7,
      "duracion": 6.79,
      "texto": "Me ponía en contacto con vos para brindarte lo que es una bonificación que tenemos al día de hoy con el 80% descuento, Sofía.",
      "confianza": 0.725
    },
    {
      "hablante": "Hablante B",
      "inicio": 14.72,
      "fin": 18.35,
      "duracion": 3.63,
      "texto": "¿Vos actualmente estás en claro, no?",
      "confianza": 0.346
    },
    {
      "hablante": "Hablante B",
      "inicio": 18.37,
      "fin": 18.43,
      "duracion": 0.06,
      "texto": "Sí.",
      "confianza": 0.124
    },
    {
      "hablante": "Hablante B",
      "inicio": 18.45,
      "fin": 18.73,
      "duracion": 0.28,
      "texto": "Bien.",
      "confianza": 0.799
    },
    {
      "hablante": "Hablante B",
      "inicio": 18.75,
      "fin": 21.33,
      "duracion": 2.58,
      "texto": "Mira, te comparto para que estés al tanto a ver qué opinas.",
      "confianza": 0.728
    },
    {
      "hablante": "Hablante B",
      "inicio": 21.35,
      "fin": 26.34,
      "duracion": 4.99,
      "texto": "Si el plan serían 8 gigas de base más 10 gigas de regalo por 6 meses.",
      "confianza": 0.715
    },
    {
      "hablante": "Hablante B",
      "inicio": 26.36,
      "fin": 27.52,
      "duracion": 1.16,
      "texto": "¿Vas a contar con 18 gigas?",
      "confianza": 0.708
    },
    {
      "hablante": "Hablante B",
      "inicio": 27.54,
      "fin": 29.94,
      "duracion": 2.4,
      "texto": "¿O estaría en 6?",
      "confianza": 0.471
    },
    {
      "hablante": "Hablante B",
      "inicio": 29.96,
      "fin": 30.02,
      "duracion": 0.06,
      "texto": "Sí.",
      "confianza": 0.332
    },
    {
      "hablante": "Hablante B",
      "inicio": 30.24,
      "fin": 37.65,
      "duracion": 7.41,
      "texto": "Bien, te incluye, por ejemplo, lo que es WhatsApp Gratis, todo limitado, más Rumin en América, que ya te viene incluyendo lo que es el plan.",
      "confianza": 0.615
    },
    {
      "hablante": "Hablante B",
      "inicio": 38.21,
      "fin": 41.65,
      "duracion": 3.44,
      "texto": "Y te quedaría en un precio final de 10.720 pesos.",
      "confianza": 0.769
    },
    {
      "hablante": "Hablante B",
      "inicio": 41.81,
      "fin": 43.27,
      "duracion": 1.46,
      "texto": "Sí, estos ocho sigas en total.",
      "confianza": 0.601
    },
    {
      "hablante": "Hablante B",
      "inicio": 44.13,
      "fin": 56.67,
      "duracion": 12.54,
      "texto": "Más o menos, no sé, obviamente, a diferencia de lo que voy a usar, o lo que tenés actualmente claro, no sé si hay mucha diferencia.",
      "confianza": 0.617
    },
    {
      "hablante": "Hablante B",
      "inicio": 56.69,
      "fin": 58.69,
      "duracion": 2.0,
      "texto": "Y si usas... Mirá lo que es... ¿Qué te siga de lo que era?",
      "confianza": 0.186
    },
    {
      "hablante": "Hablante B",
      "inicio": 59.04,
      "fin": 63.49,
      "duracion": 4.45,
      "texto": "Y no sé cuánto de regalos, creo que eran 10, me parece.",
      "confianza": 0.701
    },
    {
      "hablante": "Hablante A",
      "inicio": 66.07,
      "fin": 67.38,
      "duracion": 1.3,
      "texto": "Pero por 25 mil.",
      "confianza": 0.828
    },
    {
      "hablante": "Hablante A",
      "inicio": 67.52,
      "fin": 73.41,
      "duracion": 5.89,
      "texto": "Es una gran diferencia.",
      "confianza": 0.184
    },
    {
      "hablante": "Hablante A",
      "inicio": 73.42,
      "fin": 73.87,
      "duracion": 0.44,
      "texto": "Claro, son 15 pulitas.",
      "confianza": 0.008
    },
    {
      "hablante": "Hablante A",
      "inicio": 73.89,
      "fin": 74.43,
      "duracion": 0.54,
      "texto": "Sí, un montón.",
      "confianza": 0.215
    },
    {
      "hablante": "Hablante A",
      "inicio": 74.71,
      "fin": 74.89,
      "duracion": 0.18,
      "texto": "Qué raro.",
      "confianza": 0.192
    },
    {
      "hablante": "Hablante A",
      "inicio": 74.91,
      "fin": 76.13,
      "duracion": 1.22,
      "texto": "¿Y sería esta línea, nada más?",
      "confianza": 0.606
    },
    {
      "hablante": "Hablante A",
      "inicio": 76.15,
      "fin": 77.57,
      "duracion": 1.42,
      "texto": "Me decís que estás sabonando de eso.",
      "confianza": 0.7
    },
    {
      "hablante": "Hablante A",
      "inicio": 77.67,
      "fin": 78.73,
      "duracion": 1.06,
      "texto": "Claro.",
      "confianza": 0.648
    },
    {
      "hablante": "Hablante A",
      "inicio": 78.75,
      "fin": 79.58,
      "duracion": 0.82,
      "texto": "Ah, un montón.",
      "confianza": 0.251
    },
    {
      "hablante": "Hablante A",
      "inicio": 79.59,
      "fin": 81.12,
      "duracion": 1.52,
      "texto": "Qué raro, mira.",
      "confianza": 0.419
    },
    {
      "hablante": "Hablante A",
      "inicio": 81.14,
      "fin": 82.54,
      "duracion": 1.4,
      "texto": "Sí, me parece un montón.",
      "confianza": 0.466
    },
    {
      "hablante": "Hablante A",
      "inicio": 82.56,
      "fin": 86.27,
      "duracion": 3.71,
      "texto": "Bueno, en este caso, sí, como te dije, vas a contar con 18 gigas.",
      "confianza": 0.783
    },
    {
      "hablante": "Hablante A",
      "inicio": 86.5,
      "fin": 87.18,
      "duracion": 0.68,
      "texto": "mensual.",
      "confianza": 0.686
    },
    {
      "hablante": "Hablante A",
      "inicio": 87.28,
      "fin": 91.08,
      "duracion": 3.81,
      "texto": "Sí, obviamente te lo voy a tratar de volver al plan porque son ocho de vacío y es el regalo que quedamos por seis meses.",
      "confianza": 0.473
    },
    {
      "hablante": "Hablante A",
      "inicio": 91.61,
      "fin": 94.05,
      "duracion": 2.44,
      "texto": "Así que te quedan 18 siglas mensuales, sí.",
      "confianza": 0.663
    },
    {
      "hablante": "Hablante A",
      "inicio": 94.07,
      "fin": 101.48,
      "duracion": 7.41,
      "texto": "Y después, una vez que tratecas la línea activa, te dan, aparte, digamos, 20 siglas del regalo, sí, que eso va con una duración de 30 días.",
      "confianza": 0.696
    },
    {
      "hablante": "Hablante A",
      "inicio": 101.72,
      "fin": 106.51,
      "duracion": 4.79,
      "texto": "Sí, eso está disponible una vez por año, pero bueno, es como un regalito, pero es difícil.",
      "confianza": 0.526
    },
    {
      "hablante": "Hablante A",
      "inicio": 106.53,
      "fin": 112.06,
      "duracion": 5.53,
      "texto": "Pero sí que nada, está bastante bueno y te queda, bueno, re económico.",
      "confianza": 0.615
    },
    {
      "hablante": "Hablante A",
      "inicio": 112.08,
      "fin": 112.22,
      "duracion": 0.14,
      "texto": "Sí, sí.",
      "confianza": 0.164
    },
    {
      "hablante": "Hablante A",
      "inicio": 112.55,
      "fin": 113.81,
      "duracion": 1.26,
      "texto": "Está buenísimo.",
      "confianza": 0.69
    },
    {
      "hablante": "Hablante A",
      "inicio": 113.83,
      "fin": 118.02,
      "duracion": 4.19,
      "texto": "Te quería consultar porque me llamaron, me ofrecieron lo que es Movistar.",
      "confianza": 0.543
    },
    {
      "hablante": "Hablante A",
      "inicio": 118.04,
      "fin": 120.48,
      "duracion": 2.44,
      "texto": "¿Es Movistar?",
      "confianza": 0.557
    },
    {
      "hablante": "Hablante A",
      "inicio": 120.5,
      "fin": 124.49,
      "duracion": 3.98,
      "texto": "Me está llamando igual, ¿no?",
      "confianza": 0.173
    },
    {
      "hablante": "Hablante A",
      "inicio": 124.51,
      "fin": 124.75,
      "duracion": 0.24,
      "texto": "Exactamente.",
      "confianza": 0.0
    },
    {
      "hablante": "Hablante A",
      "inicio": 124.77,
      "fin": 124.83,
      "duracion": 0.06,
      "texto": "Sí.",
      "confianza": 0.0
    },
    {
      "hablante": "Hablante A",
      "inicio": 124.85,
      "fin": 125.07,
      "duracion": 0.22,
      "texto": "Disculpame.",
      "confianza": 0.0
    },
    {
      "hablante": "Hablante A",
      "inicio": 125.09,
      "fin": 138.39,
      "duracion": 13.3,
      "texto": "Y me habían dicho que no me podían dar la, me ofrecieron lo que es la promo, pero después me dijeron que no me la podían dar, o por el hecho que, pues realmente tengo algo que, o una que me haya quedado de Movistar Ogar.",
      "confianza": 0.712
    },
    {
      "hablante": "Hablante B",
      "inicio": 141.19,
      "fin": 141.55,
      "duracion": 0.36,
      "texto": "Ah, está.",
      "confianza": 0.093
    },
    {
      "hablante": "Hablante B",
      "inicio": 141.57,
      "fin": 141.95,
      "duracion": 0.38,
      "texto": "Bien, claro.",
      "confianza": 0.258
    },
    {
      "hablante": "Hablante B",
      "inicio": 142.68,
      "fin": 144.52,
      "duracion": 1.84,
      "texto": "Claro.",
      "confianza": 0.164
    },
    {
      "hablante": "Hablante B",
      "inicio": 144.54,
      "fin": 147.98,
      "duracion": 3.45,
      "texto": "No sé si vos te podés verificarlos ahí mismo.",
      "confianza": 0.238
    },
    {
      "hablante": "Hablante B",
      "inicio": 148.0,
      "fin": 149.45,
      "duracion": 1.44,
      "texto": "Mira, yo tengo acá tu N.I.",
      "confianza": 0.697
    },
    {
      "hablante": "Hablante B",
      "inicio": 149.47,
      "fin": 152.73,
      "duracion": 3.27,
      "texto": "confirmado si está bien o no para buscarte en Sistema 45, 674, 681.",
      "confianza": 0.676
    },
    {
      "hablante": "Hablante B",
      "inicio": 153.07,
      "fin": 154.35,
      "duracion": 1.28,
      "texto": "Ahí está bien.",
      "confianza": 0.535
    },
    {
      "hablante": "Hablante B",
      "inicio": 154.69,
      "fin": 154.85,
      "duracion": 0.16,
      "texto": "Bien.",
      "confianza": 0.409
    },
    {
      "hablante": "Hablante B",
      "inicio": 154.9,
      "fin": 159.08,
      "duracion": 4.19,
      "texto": "Yo ahora voy a buscar por Sistema.",
      "confianza": 0.709
    },
    {
      "hablante": "Hablante B",
      "inicio": 159.82,
      "fin": 162.31,
      "duracion": 2.48,
      "texto": "Obviamente hay que ver el monto de la deuda, ¿sí?",
      "confianza": 0.784
    },
    {
      "hablante": "Hablante B",
      "inicio": 162.43,
      "fin": 163.89,
      "duracion": 1.46,
      "texto": "Pero te voy comentando mientras.",
      "confianza": 0.583
    },
    {
      "hablante": "Hablante B",
      "inicio": 164.29,
      "fin": 168.94,
      "duracion": 4.65,
      "texto": "Que nosotros de mi área estamos anulando deudas hasta 30.000 pesos.",
      "confianza": 0.64
    },
    {
      "hablante": "Hablante B",
      "inicio": 168.96,
      "fin": 172.79,
      "duracion": 3.83,
      "texto": "O sea, que si vos contas con 30.000 pesos de deuda o menos, no hay problema.",
      "confianza": 0.593
    },
    {
      "hablante": "Hablante B",
      "inicio": 173.15,
      "fin": 175.79,
      "duracion": 2.64,
      "texto": "Eso se anula y vos podés hacer el trámite de todas maneras.",
      "confianza": 0.618
    },
    {
      "hablante": "Hablante B",
      "inicio": 176.59,
      "fin": 178.16,
      "duracion": 1.56,
      "texto": "Ya que voy a la área de recupero.",
      "confianza": 0.398
    },
    {
      "hablante": "Hablante B",
      "inicio": 178.64,
      "fin": 181.52,
      "duracion": 2.88,
      "texto": "Ahora tendríamos que ver más o menos cuánto es el monto.",
      "confianza": 0.813
    },
    {
      "hablante": "Hablante B",
      "inicio": 182.62,
      "fin": 185.93,
      "duracion": 3.31,
      "texto": "No sé si recordás.",
      "confianza": 0.594
    },
    {
      "hablante": "Hablante B",
      "inicio": 185.95,
      "fin": 191.08,
      "duracion": 5.13,
      "texto": "No, no sé, porque a mí me llegaban mensajes hace un tiempito.",
      "confianza": 0.486
    },
    {
      "hablante": "Hablante B",
      "inicio": 191.22,
      "fin": 196.39,
      "duracion": 5.17,
      "texto": "Pero no me acuerdo bien el monto, ¿viste?",
      "confianza": 0.769
    },
    {
      "hablante": "Hablante B",
      "inicio": 196.41,
      "fin": 209.55,
      "duracion": 13.14,
      "texto": "Pero a mí me parecía raro porque las chicas ayer o ayer, no me acuerdo, que me había llamado, me explicaba que no, que seguramente se me habrá emitido la boleta y yo no la habré pagado.",
      "confianza": 0.614
    },
    {
      "hablante": "Hablante B",
      "inicio": 210.17,
      "fin": 218.67,
      "duracion": 8.49,
      "texto": "Pasaba el dedo que yo ya vine para darlo de baja, me dice que primero hay que pagar el monto y después darlo de baja.",
      "confianza": 0.681
    },
    {
      "hablante": "Hablante B",
      "inicio": 218.87,
      "fin": 221.89,
      "duracion": 3.02,
      "texto": "Bueno, buenísimo, le digo, lo hacemos así.",
      "confianza": 0.744
    },
    {
      "hablante": "Hablante A",
      "inicio": 224.11,
      "fin": 235.11,
      "duracion": 11.0,
      "texto": "Pague lo que tenía que pagar, vive basta, a la fecha que me dijeron, llamá tal fecha si no se te emite la boleta, y ya quedamos.",
      "confianza": 0.748
    },
    {
      "hablante": "Hablante A",
      "inicio": 235.65,
      "fin": 241.3,
      "duracion": 5.65,
      "texto": "Entonces hice exactamente lo que me dijeron, pero no sé por qué se habrá emitido otra boleta más.",
      "confianza": 0.679
    },
    {
      "hablante": "Hablante A",
      "inicio": 241.32,
      "fin": 245.62,
      "duracion": 4.31,
      "texto": "Ese es el tema.",
      "confianza": 0.341
    },
    {
      "hablante": "Hablante A",
      "inicio": 245.64,
      "fin": 245.76,
      "duracion": 0.12,
      "texto": "Claro.",
      "confianza": 0.002
    },
    {
      "hablante": "Hablante A",
      "inicio": 245.78,
      "fin": 246.32,
      "duracion": 0.54,
      "texto": "A ver, mira, acá me figuro.",
      "confianza": 0.029
    },
    {
      "hablante": "Hablante A",
      "inicio": 246.59,
      "fin": 247.47,
      "duracion": 0.88,
      "texto": "Mira, me sale.",
      "confianza": 0.78
    },
    {
      "hablante": "Hablante A",
      "inicio": 247.65,
      "fin": 250.76,
      "duracion": 3.11,
      "texto": "El cliente posee deuda, pero no me estaría aflobrando el monto.",
      "confianza": 0.712
    },
    {
      "hablante": "Hablante A",
      "inicio": 250.78,
      "fin": 253.42,
      "duracion": 2.64,
      "texto": "Es una empresa rara.",
      "confianza": 0.45
    },
    {
      "hablante": "Hablante A",
      "inicio": 253.44,
      "fin": 254.15,
      "duracion": 0.7,
      "texto": "A ver, aguarda.",
      "confianza": 0.375
    },
    {
      "hablante": "Hablante A",
      "inicio": 254.39,
      "fin": 255.39,
      "duracion": 1.0,
      "texto": "Aguarda un 2.",
      "confianza": 0.73
    },
    {
      "hablante": "Hablante B",
      "inicio": 261.04,
      "fin": 261.64,
      "duracion": 0.6,
      "texto": "Dos segunditos.",
      "confianza": 0.568
    },
    {
      "hablante": "Hablante B",
      "inicio": 261.92,
      "fin": 263.0,
      "duracion": 1.08,
      "texto": "Ahí lo es.",
      "confianza": 0.134
    },
    {
      "hablante": "Hablante B",
      "inicio": 263.02,
      "fin": 263.08,
      "duracion": 0.06,
      "texto": "No.",
      "confianza": 0.331
    },
    {
      "hablante": "Hablante A",
      "inicio": 288.51,
      "fin": 291.49,
      "duracion": 2.98,
      "texto": "Bien, ahí volviste a escuchar?",
      "confianza": 0.132
    },
    {
      "hablante": "Hablante A",
      "inicio": 291.51,
      "fin": 292.33,
      "duracion": 0.82,
      "texto": "Sí, sí.",
      "confianza": 0.256
    },
    {
      "hablante": "Hablante A",
      "inicio": 292.35,
      "fin": 293.63,
      "duracion": 1.28,
      "texto": "Bien, perfecto.",
      "confianza": 0.762
    },
    {
      "hablante": "Hablante A",
      "inicio": 293.65,
      "fin": 300.78,
      "duracion": 7.13,
      "texto": "Bueno, mira, acá sí, seguro ahí, como quedaste, obviamente, con lo que es deuda, pero me permite hacer el trámite, o sea, lo que es la portabilidad.",
      "confianza": 0.759
    },
    {
      "hablante": "Hablante A",
      "inicio": 301.0,
      "fin": 302.64,
      "duracion": 1.64,
      "texto": "Así que, bueno, en ese caso sí se puede.",
      "confianza": 0.742
    },
    {
      "hablante": "Hablante A",
      "inicio": 303.98,
      "fin": 305.82,
      "duracion": 1.84,
      "texto": "No sé, igual antes, ¿por qué te habían dicho que no?",
      "confianza": 0.646
    },
    {
      "hablante": "Hablante A",
      "inicio": 305.85,
      "fin": 311.81,
      "duracion": 5.97,
      "texto": "Yo creo que al final, porque no te podían anular, capaz, ese monto que había quedado pendiente o no sé.",
      "confianza": 0.644
    },
    {
      "hablante": "Hablante A",
      "inicio": 311.83,
      "fin": 317.44,
      "duracion": 5.6,
      "texto": "Es que no sé si no le andaba el sistema o qué fue el problema.",
      "confianza": 0.524
    },
    {
      "hablante": "Hablante A",
      "inicio": 317.72,
      "fin": 336.29,
      "duracion": 18.57,
      "texto": "Y entonces me dijo directamente que bueno, que no se me podía dar la promoción y que me acercara alguna sucursal de movistar para ver cuánto era el monto y si podría pagarlo en el momento para que me puedan ofrecer alguna promoción.",
      "confianza": 0.719
    },
    {
      "hablante": "Hablante A",
      "inicio": 336.31,
      "fin": 336.65,
      "duracion": 0.34,
      "texto": "Bien, bien, bien.",
      "confianza": 0.008
    },
    {
      "hablante": "Hablante A",
      "inicio": 336.67,
      "fin": 338.75,
      "duracion": 2.08,
      "texto": "Si hago una consulta eso feedback también, ¿te gustaría tener también lo que es fibra?",
      "confianza": 0.039
    },
    {
      "hablante": "Hablante A",
      "inicio": 338.93,
      "fin": 345.26,
      "duracion": 6.33,
      "texto": "No, porque donde estoy viviendo tienen.",
      "confianza": 0.751
    },
    {
      "hablante": "Hablante A",
      "inicio": 345.6,
      "fin": 349.11,
      "duracion": 3.51,
      "texto": "No sé con cuál empresa estarán.",
      "confianza": 0.8
    },
    {
      "hablante": "Hablante A",
      "inicio": 350.31,
      "fin": 356.0,
      "duracion": 5.69,
      "texto": "Y en la casa de mi mamá, donde yo tengo mi domicilio, ya mi mamá ya es clienta de Movistar.",
      "confianza": 0.602
    },
    {
      "hablante": "Hablante A",
      "inicio": 356.78,
      "fin": 360.7,
      "duracion": 3.93,
      "texto": "Entonces, ella tiene el, ¿cómo es?",
      "confianza": 0.603
    },
    {
      "hablante": "Hablante A",
      "inicio": 361.75,
      "fin": 362.43,
      "duracion": 0.68,
      "texto": "Claro, el servicio.",
      "confianza": 0.68
    },
    {
      "hablante": "Hablante A",
      "inicio": 362.49,
      "fin": 364.77,
      "duracion": 2.28,
      "texto": "El servicio, exacto.",
      "confianza": 0.495
    },
    {
      "hablante": "Hablante A",
      "inicio": 364.79,
      "fin": 365.63,
      "duracion": 0.84,
      "texto": "Bien, perfecto.",
      "confianza": 0.518
    },
    {
      "hablante": "Hablante A",
      "inicio": 365.95,
      "fin": 369.91,
      "duracion": 3.97,
      "texto": "Bueno, mira, en este caso, como te digo, puedes acceder, ¿sí?",
      "confianza": 0.558
    },
    {
      "hablante": "Hablante A",
      "inicio": 370.87,
      "fin": 372.74,
      "duracion": 1.86,
      "texto": "No es que me lo rechace, ¿sí?",
      "confianza": 0.69
    },
    {
      "hablante": "Hablante A",
      "inicio": 372.92,
      "fin": 376.8,
      "duracion": 3.88,
      "texto": "Me figura que tenés una duda, obviamente, pero me lo deja realizar, ¿sí?",
      "confianza": 0.666
    },
    {
      "hablante": "Hablante A",
      "inicio": 377.44,
      "fin": 381.51,
      "duracion": 4.06,
      "texto": "Igual, obviamente, ahí lo estoy chequeando con mi servizora, por las dudas, claramente.",
      "confianza": 0.481
    },
    {
      "hablante": "Hablante A",
      "inicio": 381.53,
      "fin": 383.31,
      "duracion": 1.78,
      "texto": "Así que, bueno, a esta promo, igual, puedes acceder.",
      "confianza": 0.52
    },
    {
      "hablante": "Hablante A",
      "inicio": 383.53,
      "fin": 386.23,
      "duracion": 2.7,
      "texto": "Es una promo que está, digamos, habilitada, ¿sí?",
      "confianza": 0.623
    },
    {
      "hablante": "Hablante A",
      "inicio": 386.25,
      "fin": 387.21,
      "duracion": 0.96,
      "texto": "Acorde, sí, sí.",
      "confianza": 0.217
    },
    {
      "hablante": "Hablante A",
      "inicio": 387.39,
      "fin": 387.95,
      "duracion": 0.56,
      "texto": "Exacto.",
      "confianza": 0.78
    },
    {
      "hablante": "Hablante A",
      "inicio": 388.57,
      "fin": 391.56,
      "duracion": 2.98,
      "texto": "Acá, bueno, Sophie, yo te busqué un sistema, como te dije.",
      "confianza": 0.694
    },
    {
      "hablante": "Hablante A",
      "inicio": 392.2,
      "fin": 393.02,
      "duracion": 0.82,
      "texto": "Te comento cómo es esto.",
      "confianza": 0.575
    },
    {
      "hablante": "Hablante A",
      "inicio": 393.04,
      "fin": 394.52,
      "duracion": 1.48,
      "texto": "En el caso de que lo quieras hacer, sí.",
      "confianza": 0.706
    },
    {
      "hablante": "Hablante A",
      "inicio": 394.94,
      "fin": 398.44,
      "duracion": 3.5,
      "texto": "Se valían los datos con el cliente para que vos me digas, obviamente, si estará correcto o no.",
      "confianza": 0.576
    },
    {
      "hablante": "Hablante A",
      "inicio": 398.72,
      "fin": 401.11,
      "duracion": 2.38,
      "texto": "Sí, ahora les hay que modificar algo.",
      "confianza": 0.71
    },
    {
      "hablante": "Hablante A",
      "inicio": 401.13,
      "fin": 405.33,
      "duracion": 4.21,
      "texto": "Tema chip, te enviamos a una sucursal de Monster, que a vos se quede cercana, y la buscamos juntas.",
      "confianza": 0.612
    },
    {
      "hablante": "Hablante A",
      "inicio": 405.85,
      "fin": 409.81,
      "duracion": 3.96,
      "texto": "Y a partir de las 48 horas, vos retirás lo que es el chip, ¿sí?",
      "confianza": 0.676
    },
    {
      "hablante": "Hablante A",
      "inicio": 409.83,
      "fin": 412.18,
      "duracion": 2.34,
      "texto": "Se te da el aviso claramente para cuando retires.",
      "confianza": 0.679
    },
    {
      "hablante": "Hablante A",
      "inicio": 412.38,
      "fin": 419.67,
      "duracion": 7.29,
      "texto": "Y además de eso, nosotros le damos el aviso más claro para que vos no quedes incomunicada en ningún momento, ¿sí?",
      "confianza": 0.681
    },
    {
      "hablante": "Hablante A",
      "inicio": 419.69,
      "fin": 419.75,
      "duracion": 0.06,
      "texto": "OK.",
      "confianza": 0.04
    },
    {
      "hablante": "Hablante A",
      "inicio": 419.76,
      "fin": 421.31,
      "duracion": 1.54,
      "texto": "Así que, bueno, así sería.",
      "confianza": 0.153
    },
    {
      "hablante": "Hablante A",
      "inicio": 421.33,
      "fin": 424.39,
      "duracion": 3.06,
      "texto": "Bien, Sophie, entonces, ¿valian algunos datos?",
      "confianza": 0.56
    },
    {
      "hablante": "Hablante A",
      "inicio": 424.84,
      "fin": 425.18,
      "duracion": 0.34,
      "texto": "10.",
      "confianza": 0.771
    },
    {
      "hablante": "Hablante A",
      "inicio": 425.36,
      "fin": 433.83,
      "duracion": 8.47,
      "texto": "Acá me figura entonces Sofía Miriam, apellido Raúl, fecha de nacimiento futura que es el 10 del 8 de 1999.",
      "confianza": 0.646
    },
    {
      "hablante": "Hablante A",
      "inicio": 434.01,
      "fin": 436.48,
      "duracion": 2.46,
      "texto": "Exacto.",
      "confianza": 0.38
    },
    {
      "hablante": "Hablante A",
      "inicio": 436.5,
      "fin": 446.49,
      "duracion": 9.99,
      "texto": "Bien, acá hay un correo, y no sé si querés que lo modifique o no, no sé si está activo, es Raúlsofia3.com.",
      "confianza": 0.6
    },
    {
      "hablante": "Hablante A",
      "inicio": 446.51,
      "fin": 446.87,
      "duracion": 0.36,
      "texto": "No, está perfecto.",
      "confianza": 0.058
    },
    {
      "hablante": "Hablante A",
      "inicio": 446.89,
      "fin": 447.19,
      "duracion": 0.3,
      "texto": "Perfecto, bien.",
      "confianza": 0.064
    },
    {
      "hablante": "Hablante A",
      "inicio": 447.21,
      "fin": 453.18,
      "duracion": 5.97,
      "texto": "Al correo nosotros te enviamos lo que es la facturación, que eso obviamente después, una vez que vos digitales la aplicación,",
      "confianza": 0.674
    },
    {
      "hablante": "Hablante A",
      "inicio": 453.39,
      "fin": 458.7,
      "duracion": 5.31,
      "texto": "que ya te voy a comentar bien detalladamente, pues vas a poder ver todo por ahí, ¿sí?",
      "confianza": 0.581
    },
    {
      "hablante": "Hablante A",
      "inicio": 458.72,
      "fin": 458.78,
      "duracion": 0.06,
      "texto": "OK.",
      "confianza": 0.021
    },
    {
      "hablante": "Hablante A",
      "inicio": 458.8,
      "fin": 463.06,
      "duracion": 4.26,
      "texto": "Ahora mismo te voy a estar enviando lo que es un mensajito por WhatsApp.",
      "confianza": 0.579
    },
    {
      "hablante": "Hablante A",
      "inicio": 463.08,
      "fin": 463.23,
      "duracion": 0.14,
      "texto": "Sí, sí.",
      "confianza": 0.122
    },
    {
      "hablante": "Hablante A",
      "inicio": 463.25,
      "fin": 465.67,
      "duracion": 2.42,
      "texto": "Lo hacemos todo en línea en cinco minutitos.",
      "confianza": 0.724
    },
    {
      "hablante": "Hablante A",
      "inicio": 466.27,
      "fin": 466.33,
      "duracion": 0.06,
      "texto": "Sí.",
      "confianza": 0.035
    },
    {
      "hablante": "Hablante A",
      "inicio": 466.35,
      "fin": 467.73,
      "duracion": 1.38,
      "texto": "Así ya queda todo grabado en trámara.",
      "confianza": 0.59
    },
    {
      "hablante": "Hablante A",
      "inicio": 467.89,
      "fin": 469.55,
      "duracion": 1.66,
      "texto": "Pero ahí te voy a estar hablando por WhatsApp.",
      "confianza": 0.652
    },
    {
      "hablante": "Hablante A",
      "inicio": 470.21,
      "fin": 473.48,
      "duracion": 3.26,
      "texto": "Ahí te pongo de las office o your desk, ¿sí?",
      "confianza": 0.388
    },
    {
      "hablante": "Hablante A",
      "inicio": 473.5,
      "fin": 482.19,
      "duracion": 8.69,
      "texto": "La idea es que mantenemos el contacto, obviamente, por el chip, por si tienes alguna consulta y para que no estés contactándote con muchos asesores y no solamente conmigo, ¿sí?",
      "confianza": 0.625
    },
    {
      "hablante": "Hablante A",
      "inicio": 482.2,
      "fin": 482.31,
      "duracion": 0.1,
      "texto": "Dale.",
      "confianza": 0.19
    },
    {
      "hablante": "Hablante A",
      "inicio": 482.57,
      "fin": 486.48,
      "duracion": 3.9,
      "texto": "Mientras tanto, ¿me querés ir diciendo en dónde te puedo buscar la subusal?",
      "confianza": 0.693
    },
    {
      "hablante": "Hablante A",
      "inicio": 486.82,
      "fin": 491.38,
      "duracion": 4.56,
      "texto": "Buenos Aires, no sé qué localidad.",
      "confianza": 0.713
    },
    {
      "hablante": "Hablante A",
      "inicio": 491.4,
      "fin": 491.74,
      "duracion": 0.34,
      "texto": "Sí, Buenos Aires.",
      "confianza": 0.0
    },
    {
      "hablante": "Hablante A",
      "inicio": 491.76,
      "fin": 500.57,
      "duracion": 8.81,
      "texto": "Bien, ¿querés alguna localidad que me puedas decir?",
      "confianza": 0.63
    },
    {
      "hablante": "Hablante A",
      "inicio": 500.59,
      "fin": 501.09,
      "duracion": 0.5,
      "texto": "San Miguel, si puede ser.",
      "confianza": 0.001
    },
    {
      "hablante": "Hablante A",
      "inicio": 501.11,
      "fin": 501.43,
      "duracion": 0.32,
      "texto": "Bien, ahí busco.",
      "confianza": 0.019
    },
    {
      "hablante": "Hablante A",
      "inicio": 501.45,
      "fin": 506.26,
      "duracion": 4.8,
      "texto": "Bien, mira, por San Miguel, bueno, igual hay tres acá que están recerquitas, a una peda de la otra.",
      "confianza": 0.667
    },
    {
      "hablante": "Hablante A",
      "inicio": 506.74,
      "fin": 511.8,
      "duracion": 5.06,
      "texto": "Tenés una en Calder Perón, al 1604, pues tenés en la calle Italia,",
      "confianza": 0.691
    },
    {
      "hablante": "Hablante A",
      "inicio": 512.34,
      "fin": 513.94,
      "duracion": 1.6,
      "texto": "Y después tenés en Perón también.",
      "confianza": 0.738
    },
    {
      "hablante": "Hablante A",
      "inicio": 513.96,
      "fin": 515.64,
      "duracion": 1.68,
      "texto": "Están ahí las tres pegadas.",
      "confianza": 0.637
    },
    {
      "hablante": "Hablante A",
      "inicio": 516.44,
      "fin": 522.13,
      "duracion": 5.69,
      "texto": "La de Perón y Balín está bien.",
      "confianza": 0.12
    },
    {
      "hablante": "Hablante A",
      "inicio": 522.15,
      "fin": 522.47,
      "duracion": 0.32,
      "texto": "Creo que es esa.",
      "confianza": 0.016
    },
    {
      "hablante": "Hablante A",
      "inicio": 522.49,
      "fin": 523.55,
      "duracion": 1.06,
      "texto": "Claro, hay dos de Perón.",
      "confianza": 0.542
    },
    {
      "hablante": "Hablante A",
      "inicio": 523.57,
      "fin": 525.39,
      "duracion": 1.82,
      "texto": "Ahí te digo que no es el total.",
      "confianza": 0.307
    },
    {
      "hablante": "Hablante A",
      "inicio": 526.01,
      "fin": 530.48,
      "duracion": 4.46,
      "texto": "Está Perón al 1173, que la otra sería Rodríguez Peña.",
      "confianza": 0.781
    },
    {
      "hablante": "Hablante A",
      "inicio": 531.38,
      "fin": 536.5,
      "duracion": 5.12,
      "texto": "Y la otra que está también en Carre Perón al 1604 está entre Tribulato.",
      "confianza": 0.757
    },
    {
      "hablante": "Hablante B",
      "inicio": 540.49,
      "fin": 540.85,
      "duracion": 0.36,
      "texto": "Ah, Tribulato era.",
      "confianza": 0.029
    },
    {
      "hablante": "Hablante B",
      "inicio": 540.87,
      "fin": 541.27,
      "duracion": 0.4,
      "texto": "Sí, eso está bien.",
      "confianza": 0.122
    },
    {
      "hablante": "Hablante B",
      "inicio": 541.29,
      "fin": 541.81,
      "duracion": 0.52,
      "texto": "Ok, perfecto.",
      "confianza": 0.476
    },
    {
      "hablante": "Hablante B",
      "inicio": 542.14,
      "fin": 542.8,
      "duracion": 0.66,
      "texto": "¿Qué vamos a hacer?",
      "confianza": 0.353
    },
    {
      "hablante": "Hablante B",
      "inicio": 542.82,
      "fin": 546.79,
      "duracion": 3.97,
      "texto": "Ahí yo por WhatsApp te envié un mensaje, fíjate si lo recibiste, ¿sí?",
      "confianza": 0.646
    },
    {
      "hablante": "Hablante B",
      "inicio": 546.99,
      "fin": 547.09,
      "duracion": 0.1,
      "texto": "Sí.",
      "confianza": 0.351
    },
    {
      "hablante": "Hablante B",
      "inicio": 547.11,
      "fin": 553.9,
      "duracion": 6.79,
      "texto": "Por WhatsApp ahí te voy a estar dejando, obviamente ya sabes dónde es la sucursal donde enviamos el chip, pero te lo voy a dejar ahí asentado para que nos quede, ¿sí?",
      "confianza": 0.512
    },
    {
      "hablante": "Hablante B",
      "inicio": 553.92,
      "fin": 557.58,
      "duracion": 3.67,
      "texto": "Ok.",
      "confianza": 0.715
    },
    {
      "hablante": "Hablante B",
      "inicio": 557.6,
      "fin": 558.14,
      "duracion": 0.54,
      "texto": "En el link de la sucursal.",
      "confianza": 0.022
    },
    {
      "hablante": "Hablante B",
      "inicio": 558.16,
      "fin": 568.08,
      "duracion": 9.92,
      "texto": "Bien, mientras tanto, como ya abriamos los datos, sí te voy a ir viendo una foto de tu DNI Frentidorsop para validar identidad, sí, obviamente, de que se haga una titular y de que no tengas el DNI vencido, ¿sí?",
      "confianza": 0.628
    },
    {
      "hablante": "Hablante B",
      "inicio": 568.45,
      "fin": 573.82,
      "duracion": 5.38,
      "texto": "Eso, si quieres lo envías por WhatsApp y lo eliminas, no hay problema en el caso que obviamente te desconfianza.",
      "confianza": 0.604
    },
    {
      "hablante": "Hablante A",
      "inicio": 578.22,
      "fin": 583.79,
      "duracion": 5.58,
      "texto": "Ahí te estoy dejando el link.",
      "confianza": 0.203
    },
    {
      "hablante": "Hablante B",
      "inicio": 597.51,
      "fin": 600.43,
      "duracion": 2.92,
      "texto": "Bien, ahí te dejé el link de la sucursal.",
      "confianza": 0.432
    },
    {
      "hablante": "Hablante B",
      "inicio": 600.45,
      "fin": 600.67,
      "duracion": 0.22,
      "texto": "Ok.",
      "confianza": 0.542
    },
    {
      "hablante": "Hablante A",
      "inicio": 603.41,
      "fin": 606.46,
      "duracion": 3.04,
      "texto": "Y me estoy fijando el tema y el documento.",
      "confianza": 0.238
    },
    {
      "hablante": "Hablante A",
      "inicio": 606.48,
      "fin": 620.07,
      "duracion": 13.6,
      "texto": "Sí, tranquila.",
      "confianza": 0.622
    },
    {
      "hablante": "Hablante B",
      "inicio": 629.27,
      "fin": 633.07,
      "duracion": 3.81,
      "texto": "Bien, a ver, ahí recibí, sí.",
      "confianza": 0.318
    },
    {
      "hablante": "Hablante B",
      "inicio": 633.11,
      "fin": 637.38,
      "duracion": 4.27,
      "texto": "Bien, 2030, perfecto.",
      "confianza": 0.578
    },
    {
      "hablante": "Hablante B",
      "inicio": 637.4,
      "fin": 639.82,
      "duracion": 2.42,
      "texto": "Y ahí viendo eso.",
      "confianza": 0.137
    },
    {
      "hablante": "Hablante B",
      "inicio": 639.84,
      "fin": 642.6,
      "duracion": 2.76,
      "texto": "Perfecto, genial, Sophie, ya estaría eso.",
      "confianza": 0.674
    },
    {
      "hablante": "Hablante B",
      "inicio": 642.62,
      "fin": 648.03,
      "duracion": 5.41,
      "texto": "Ahí te dije, muchas gracias, ahí te dije lo que es el índice de la supuestal, ¿lo recibiste?",
      "confianza": 0.621
    },
    {
      "hablante": "Hablante B",
      "inicio": 648.05,
      "fin": 648.31,
      "duracion": 0.26,
      "texto": "Vale, sí, sí.",
      "confianza": 0.054
    },
    {
      "hablante": "Hablante B",
      "inicio": 648.33,
      "fin": 649.63,
      "duracion": 1.3,
      "texto": "Perfecto, bien.",
      "confianza": 0.298
    },
    {
      "hablante": "Hablante B",
      "inicio": 649.65,
      "fin": 656.18,
      "duracion": 6.53,
      "texto": "Te comento, como las llamas acá son grabadas, ¿le dirás qué todo bitón, llamadas y lo que vas a adquirir, dónde vemos el chibri y demás?",
      "confianza": 0.696
    },
    {
      "hablante": "Hablante B",
      "inicio": 656.56,
      "fin": 656.62,
      "duracion": 0.06,
      "texto": "Sí.",
      "confianza": 0.333
    },
    {
      "hablante": "Hablante B",
      "inicio": 656.82,
      "fin": 661.63,
      "duracion": 4.81,
      "texto": "Así que yo ahora voy a pasar a leerte un cierre comercial, sí, por un tema de seguridad tutelina.",
      "confianza": 0.713
    },
    {
      "hablante": "Hablante B",
      "inicio": 662.37,
      "fin": 668.56,
      "duracion": 6.19,
      "texto": "Si tenés alguna consulta, sí, en lo que yo te voy leyendo, cuando finalice mi consulta, sí, así nos lo estamos trabando, sí.",
      "confianza": 0.73
    },
    {
      "hablante": "Hablante B",
      "inicio": 669.28,
      "fin": 678.36,
      "duracion": 9.07,
      "texto": "Y ahora lo más importante, sí, para que obviamente vos no quedés incomunicada, sí, claro, no te cortes la línea ni nada de eso, yo ahora te voy a enviar lo que es el código portabilidad.",
      "confianza": 0.634
    },
    {
      "hablante": "Hablante B",
      "inicio": 678.66,
      "fin": 684.47,
      "duracion": 5.81,
      "texto": "No sé si sabes lo que es o no, pero eso es lo que lea el aviso y lo que nos permite hacer a nosotros el traspaso de compañía, sí.",
      "confianza": 0.715
    },
    {
      "hablante": "Hablante B",
      "inicio": 684.89,
      "fin": 689.51,
      "duracion": 4.62,
      "texto": "Es un código que te llega por mensaje de texto común del 223, ¿sí?",
      "confianza": 0.613
    },
    {
      "hablante": "Hablante B",
      "inicio": 689.53,
      "fin": 700.64,
      "duracion": 11.11,
      "texto": "Que cuando te llegue te va a figurar su reputabilidad, eres los 4 dígitos, a lo una hace convencimiento y te va a decir después para el prestador MBS que está abreviado que significa movistar, ¿sí?",
      "confianza": 0.649
    },
    {
      "hablante": "Hablante B",
      "inicio": 700.66,
      "fin": 711.74,
      "duracion": 11.07,
      "texto": "Ahora, yo ahora te lo voy a enviar si recordarán mantener el contacto conmigo en línea porque te van a empezar a entrar llamadas, sí te soy sincera, van a ser las empresas, movistar verificando la línea y demás.",
      "confianza": 0.6
    },
    {
      "hablante": "Hablante B",
      "inicio": 711.75,
      "fin": 713.58,
      "duracion": 1.82,
      "texto": "Si vos cortabas, obviamente te nos corta todo el trámite.",
      "confianza": 0.527
    },
    {
      "hablante": "Hablante B",
      "inicio": 713.86,
      "fin": 715.36,
      "duracion": 1.5,
      "texto": "Así que ahí te lo sigo enviando.",
      "confianza": 0.488
    },
    {
      "hablante": "Hablante B",
      "inicio": 715.38,
      "fin": 721.39,
      "duracion": 6.01,
      "texto": "La última poneme en altavoz para que se te haga más cómodo.",
      "confianza": 0.553
    },
    {
      "hablante": "Hablante B",
      "inicio": 721.41,
      "fin": 724.15,
      "duracion": 2.74,
      "texto": "Sí, sí, está en altavoz.",
      "confianza": 0.093
    },
    {
      "hablante": "Hablante B",
      "inicio": 724.17,
      "fin": 724.47,
      "duracion": 0.3,
      "texto": "Listo, genial.",
      "confianza": 0.12
    },
    {
      "hablante": "Hablante B",
      "inicio": 724.49,
      "fin": 725.2,
      "duracion": 0.7,
      "texto": "Ahí fue enviado.",
      "confianza": 0.601
    },
    {
      "hablante": "Hablante B",
      "inicio": 725.43,
      "fin": 727.44,
      "duracion": 2.0,
      "texto": "Fíjate, sigo, respira.",
      "confianza": 0.5
    },
    {
      "hablante": "Hablante B",
      "inicio": 727.46,
      "fin": 734.83,
      "duracion": 7.37,
      "texto": "Todavía no.",
      "confianza": 0.302
    },
    {
      "hablante": "Hablante B",
      "inicio": 734.85,
      "fin": 738.55,
      "duracion": 3.71,
      "texto": "A ver, ahí te va a llenar.",
      "confianza": 0.418
    },
    {
      "hablante": "Hablante A",
      "inicio": 747.95,
      "fin": 754.58,
      "duracion": 6.63,
      "texto": "57 a 73.",
      "confianza": 0.641
    },
    {
      "hablante": "Hablante A",
      "inicio": 754.64,
      "fin": 754.84,
      "duracion": 0.2,
      "texto": "Bien.",
      "confianza": 0.674
    },
    {
      "hablante": "Hablante A",
      "inicio": 754.86,
      "fin": 759.98,
      "duracion": 5.13,
      "texto": "¿Qué efecto está figurado de vencimiento?",
      "confianza": 0.609
    },
    {
      "hablante": "Hablante A",
      "inicio": 760.0,
      "fin": 764.33,
      "duracion": 4.32,
      "texto": "De vencimiento 18 de febrero de ahora.",
      "confianza": 0.59
    },
    {
      "hablante": "Hablante A",
      "inicio": 765.47,
      "fin": 765.95,
      "duracion": 0.48,
      "texto": "Bien.",
      "confianza": 0.826
    },
    {
      "hablante": "Hablante A",
      "inicio": 765.97,
      "fin": 768.91,
      "duracion": 2.94,
      "texto": "Para el MBS te tiene que figurar.",
      "confianza": 0.597
    },
    {
      "hablante": "Hablante A",
      "inicio": 768.93,
      "fin": 769.53,
      "duracion": 0.6,
      "texto": "MBS.",
      "confianza": 0.717
    },
    {
      "hablante": "Hablante A",
      "inicio": 770.71,
      "fin": 772.89,
      "duracion": 2.18,
      "texto": "MBS.",
      "confianza": 0.49
    },
    {
      "hablante": "Hablante A",
      "inicio": 772.91,
      "fin": 774.13,
      "duracion": 1.22,
      "texto": "Exacto, queríamos estar bien.",
      "confianza": 0.677
    },
    {
      "hablante": "Hablante A",
      "inicio": 774.44,
      "fin": 793.15,
      "duracion": 18.72,
      "texto": "Quiero pedir una captura de pantalla que mide ahí por WhatsApp, que es para que yo lo apunte y que vos recibiste ese mensaje.",
      "confianza": 0.612
    },
    {
      "hablante": "Hablante A",
      "inicio": 793.17,
      "fin": 793.75,
      "duracion": 0.58,
      "texto": "Bien, perfecto.",
      "confianza": 0.376
    },
    {
      "hablante": "Hablante B",
      "inicio": 795.44,
      "fin": 795.94,
      "duracion": 0.5,
      "texto": "Muchísimas gracias.",
      "confianza": 0.252
    },
    {
      "hablante": "Hablante B",
      "inicio": 796.28,
      "fin": 798.88,
      "duracion": 2.6,
      "texto": "Bien, ahora sí pasamos a hacerlo, que es el cierre comercial.",
      "confianza": 0.719
    },
    {
      "hablante": "Hablante A",
      "inicio": 800.51,
      "fin": 803.44,
      "duracion": 2.92,
      "texto": "Ok.",
      "confianza": 0.293
    },
    {
      "hablante": "Hablante A",
      "inicio": 803.46,
      "fin": 813.07,
      "duracion": 9.61,
      "texto": "Bueno, me dijiste entonces que ya contás con Internet Movistar en lo que es en el domicilio, digamos, ahí de tu mano.",
      "confianza": 0.616
    },
    {
      "hablante": "Hablante A",
      "inicio": 813.09,
      "fin": 813.21,
      "duracion": 0.12,
      "texto": "Claro.",
      "confianza": 0.008
    },
    {
      "hablante": "Hablante A",
      "inicio": 813.23,
      "fin": 813.29,
      "duracion": 0.06,
      "texto": "Ok.",
      "confianza": 0.033
    },
    {
      "hablante": "Hablante A",
      "inicio": 813.31,
      "fin": 818.25,
      "duracion": 4.94,
      "texto": "Eso no sé si está a nombre de ella o está a nombre tuyo.",
      "confianza": 0.385
    },
    {
      "hablante": "Hablante A",
      "inicio": 818.27,
      "fin": 818.79,
      "duracion": 0.52,
      "texto": "No, está a nombre de ella.",
      "confianza": 0.012
    },
    {
      "hablante": "Hablante A",
      "inicio": 818.81,
      "fin": 819.07,
      "duracion": 0.26,
      "texto": "Listo, listo.",
      "confianza": 0.017
    },
    {
      "hablante": "Hablante A",
      "inicio": 819.09,
      "fin": 823.26,
      "duracion": 4.17,
      "texto": "Bien, estamos entonces portando la línea que sería 11-58-03-0734, ¿sí?",
      "confianza": 0.746
    },
    {
      "hablante": "Hablante A",
      "inicio": 823.28,
      "fin": 829.2,
      "duracion": 5.93,
      "texto": "A nombre y apellido la titular actual que sería Raúl Sofía Miller.",
      "confianza": 0.693
    },
    {
      "hablante": "Hablante A",
      "inicio": 829.45,
      "fin": 840.64,
      "duracion": 11.19,
      "texto": "¿Me confirmas los últimos?",
      "confianza": 0.222
    },
    {
      "hablante": "Hablante A",
      "inicio": 840.66,
      "fin": 840.99,
      "duracion": 0.32,
      "texto": "Sí, sí.",
      "confianza": 0.225
    },
    {
      "hablante": "Hablante A",
      "inicio": 841.01,
      "fin": 841.91,
      "duracion": 0.9,
      "texto": "681.",
      "confianza": 0.258
    },
    {
      "hablante": "Hablante A",
      "inicio": 841.93,
      "fin": 842.45,
      "duracion": 0.52,
      "texto": "Perfecto, bien.",
      "confianza": 0.636
    },
    {
      "hablante": "Hablante A",
      "inicio": 842.75,
      "fin": 846.63,
      "duracion": 3.88,
      "texto": "Actualmente, Sophie, me comentaste que estás en claro con una factura mensual.",
      "confianza": 0.739
    },
    {
      "hablante": "Hablante A",
      "inicio": 846.65,
      "fin": 847.23,
      "duracion": 0.58,
      "texto": "Sí, la factura.",
      "confianza": 0.701
    },
    {
      "hablante": "Hablante A",
      "inicio": 847.25,
      "fin": 849.31,
      "duracion": 2.06,
      "texto": "¿Llega el nombre de tuyo o llega el nombre de otra persona?",
      "confianza": 0.456
    },
    {
      "hablante": "Hablante B",
      "inicio": 851.46,
      "fin": 851.86,
      "duracion": 0.4,
      "texto": "No, la mía, la mía.",
      "confianza": 0.076
    },
    {
      "hablante": "Hablante B",
      "inicio": 851.88,
      "fin": 852.18,
      "duracion": 0.3,
      "texto": "Está bien.",
      "confianza": 0.44
    },
    {
      "hablante": "Hablante B",
      "inicio": 852.26,
      "fin": 856.22,
      "duracion": 3.96,
      "texto": "¿Contás con el chip físico, que es el chip normal, digamos, o contás con algún chip virtual?",
      "confianza": 0.698
    },
    {
      "hablante": "Hablante B",
      "inicio": 856.98,
      "fin": 860.68,
      "duracion": 3.7,
      "texto": "No, no, el chip normal.",
      "confianza": 0.072
    },
    {
      "hablante": "Hablante B",
      "inicio": 860.7,
      "fin": 861.38,
      "duracion": 0.68,
      "texto": "Bien.",
      "confianza": 0.462
    },
    {
      "hablante": "Hablante B",
      "inicio": 861.4,
      "fin": 865.12,
      "duracion": 3.72,
      "texto": "Recuerda entonces, Sophie, que vas a estar retirando tu chip en la sucursal de Movistar.",
      "confianza": 0.627
    },
    {
      "hablante": "Hablante B",
      "inicio": 865.16,
      "fin": 869.67,
      "duracion": 4.5,
      "texto": "Sí, que sería en la avenida Presidente Juan Domingo Perón, al 1604.",
      "confianza": 0.716
    },
    {
      "hablante": "Hablante B",
      "inicio": 869.71,
      "fin": 874.09,
      "duracion": 4.38,
      "texto": "Esto sería la de San Miguel, provincia de Buenos Aires.",
      "confianza": 0.635
    },
    {
      "hablante": "Hablante B",
      "inicio": 874.11,
      "fin": 874.41,
      "duracion": 0.3,
      "texto": "Sí.",
      "confianza": 0.446
    },
    {
      "hablante": "Hablante B",
      "inicio": 874.43,
      "fin": 880.0,
      "duracion": 5.56,
      "texto": "La sexta calle sería Consejal Tribulato y la otra que es avenida Dr. Ricardo Balvin.",
      "confianza": 0.554
    },
    {
      "hablante": "Hablante B",
      "inicio": 880.02,
      "fin": 880.62,
      "duracion": 0.6,
      "texto": "Sí.",
      "confianza": 0.582
    },
    {
      "hablante": "Hablante B",
      "inicio": 880.64,
      "fin": 884.54,
      "duracion": 3.9,
      "texto": "De todas formas, recuerda también que tenés el link por WhatsApp.",
      "confianza": 0.616
    },
    {
      "hablante": "Hablante B",
      "inicio": 884.62,
      "fin": 884.76,
      "duracion": 0.14,
      "texto": "Sí.",
      "confianza": 0.366
    },
    {
      "hablante": "Hablante B",
      "inicio": 884.82,
      "fin": 885.48,
      "duracion": 0.66,
      "texto": "Ok.",
      "confianza": 0.556
    },
    {
      "hablante": "Hablante B",
      "inicio": 886.0,
      "fin": 895.6,
      "duracion": 9.6,
      "texto": "Bien, te recuerdo lo que es el costo del servicio, si al día de hoy te quedan 10.720 pesos, ¿sí?",
      "confianza": 0.706
    },
    {
      "hablante": "Hablante B",
      "inicio": 895.62,
      "fin": 895.96,
      "duracion": 0.34,
      "texto": "¿Ay, me escuchas?",
      "confianza": 0.017
    },
    {
      "hablante": "Hablante B",
      "inicio": 895.98,
      "fin": 896.12,
      "duracion": 0.14,
      "texto": "Sí, sí.",
      "confianza": 0.142
    },
    {
      "hablante": "Hablante B",
      "inicio": 896.14,
      "fin": 900.83,
      "duracion": 4.69,
      "texto": "Que te incluye, si lo que es un descuento por 6 meses, el 80%, si, descuento, digamos, sí.",
      "confianza": 0.651
    },
    {
      "hablante": "Hablante B",
      "inicio": 901.45,
      "fin": 908.9,
      "duracion": 7.45,
      "texto": "Recordá, Laura, yo le doy el descuento, bueno, que es por 6 meses, si que el servicio se factura un mes adelantado, obviamente no vas a estar volando nada ahora, igual que la te tranquila.",
      "confianza": 0.563
    },
    {
      "hablante": "Hablante B",
      "inicio": 909.44,
      "fin": 911.83,
      "duracion": 2.38,
      "texto": "Y te comento nuevamente el plan, ¿sí?",
      "confianza": 0.31
    },
    {
      "hablante": "Hablante B",
      "inicio": 911.87,
      "fin": 916.45,
      "duracion": 4.58,
      "texto": "Son los 8 gigas de base con los 10 gigas aparte de regalo que tenemos por 6 meses, ¿sí?",
      "confianza": 0.716
    },
    {
      "hablante": "Hablante B",
      "inicio": 917.53,
      "fin": 919.81,
      "duracion": 2.28,
      "texto": "También, obviamente, recordar que eso es por 6 meses.",
      "confianza": 0.577
    },
    {
      "hablante": "Hablante B",
      "inicio": 920.31,
      "fin": 923.6,
      "duracion": 3.28,
      "texto": "Y te comento que una vez que vos ya tengas la línea activada en Movistar, ¿sí?",
      "confianza": 0.553
    },
    {
      "hablante": "Hablante B",
      "inicio": 924.4,
      "fin": 928.7,
      "duracion": 4.3,
      "texto": "Cuando ya tengas la línea, te van a asegurar primero los 8 gigas, ¿sí?",
      "confianza": 0.621
    },
    {
      "hablante": "Hablante B",
      "inicio": 928.72,
      "fin": 929.44,
      "duracion": 0.72,
      "texto": "Que son los de base.",
      "confianza": 0.841
    },
    {
      "hablante": "Hablante B",
      "inicio": 929.56,
      "fin": 935.17,
      "duracion": 5.61,
      "texto": "Después, las 48 horas, si eso es automático, se te van a estar habilitando a los 10 gigas que van de regalo, ¿sí?",
      "confianza": 0.663
    },
    {
      "hablante": "Hablante B",
      "inicio": 935.69,
      "fin": 937.81,
      "duracion": 2.12,
      "texto": "Ahí vas a arrancar a tener los 18 gigas.",
      "confianza": 0.337
    },
    {
      "hablante": "Hablante B",
      "inicio": 938.4,
      "fin": 944.09,
      "duracion": 5.69,
      "texto": "Bien, el correo que habíamos dejado es roundsofiar3.com.",
      "confianza": 0.701
    },
    {
      "hablante": "Hablante B",
      "inicio": 944.65,
      "fin": 948.45,
      "duracion": 3.8,
      "texto": "Por ese email vas a estar recibiendo lo que es la facturación online, ¿sí?",
      "confianza": 0.503
    },
    {
      "hablante": "Hablante B",
      "inicio": 948.47,
      "fin": 957.36,
      "duracion": 8.89,
      "texto": "Y desde la aplicación de Movistar, en la parte de Servicios, vas a poder ver toda la información referida a tu factura, si ya sea ciclopacturación, mentimientos o montos a pagar.",
      "confianza": 0.728
    },
    {
      "hablante": "Hablante B",
      "inicio": 958.08,
      "fin": 963.15,
      "duracion": 5.07,
      "texto": "También vas a poder activar los 20 gigas que te comenté de regalo con una duración de 30 días, ¿sí?",
      "confianza": 0.599
    },
    {
      "hablante": "Hablante B",
      "inicio": 963.19,
      "fin": 964.69,
      "duracion": 1.5,
      "texto": "Que eso está disponible una vez por año.",
      "confianza": 0.753
    },
    {
      "hablante": "Hablante B",
      "inicio": 965.2,
      "fin": 974.29,
      "duracion": 9.09,
      "texto": "También, si querés, te puedes traer ir al debito automático y, en el caso que Sofía y vos tengas otra línea a nombre tuyo, podés sumar cuatro yeras de regalo para cada línea móvil, ¿sí?",
      "confianza": 0.638
    },
    {
      "hablante": "Hablante B",
      "inicio": 974.39,
      "fin": 978.34,
      "duracion": 3.95,
      "texto": "Pero, bueno, en este caso no, porque solamente es la tuya.",
      "confianza": 0.66
    },
    {
      "hablante": "Hablante B",
      "inicio": 978.36,
      "fin": 978.46,
      "duracion": 0.1,
      "texto": "Bien.",
      "confianza": 0.048
    },
    {
      "hablante": "Hablante B",
      "inicio": 978.48,
      "fin": 979.86,
      "duracion": 1.38,
      "texto": "Una mesa, aprobar la portabilidad.",
      "confianza": 0.518
    },
    {
      "hablante": "Hablante B",
      "inicio": 980.26,
      "fin": 982.88,
      "duracion": 2.62,
      "texto": "Sí, la línea va a estar portando las 48 horas hábiles.",
      "confianza": 0.639
    },
    {
      "hablante": "Hablante B",
      "inicio": 983.46,
      "fin": 988.55,
      "duracion": 5.09,
      "texto": "Un día antes, por mensaje de WhatsApp, tendremos que estar informando en la fecha de portabilidad para que usted quede tranquila, ¿sí?",
      "confianza": 0.657
    },
    {
      "hablante": "Hablante B",
      "inicio": 989.03,
      "fin": 992.53,
      "duracion": 3.5,
      "texto": "Es importante que no colóquese el chip antes de la fecha informada.",
      "confianza": 0.652
    },
    {
      "hablante": "Hablante B",
      "inicio": 992.74,
      "fin": 995.02,
      "duracion": 2.28,
      "texto": "De todas maneras, te vas a dar cuenta por qué la línea",
      "confianza": 0.668
    },
    {
      "hablante": "Hablante B",
      "inicio": 995.37,
      "fin": 997.19,
      "duracion": 1.82,
      "texto": "Declaro, va a dejar de recibir señal.",
      "confianza": 0.564
    },
    {
      "hablante": "Hablante B",
      "inicio": 997.21,
      "fin": 1000.44,
      "duracion": 3.23,
      "texto": "Sí, ahí sería cuando vos debes colocar el chip.",
      "confianza": 0.622
    },
    {
      "hablante": "Hablante B",
      "inicio": 1000.46,
      "fin": 1003.08,
      "duracion": 2.62,
      "texto": "Por única vez, pedirás validar identidad al activarlo.",
      "confianza": 0.625
    },
    {
      "hablante": "Hablante B",
      "inicio": 1003.4,
      "fin": 1007.95,
      "duracion": 4.55,
      "texto": "En caso de que tengas alguna dificultad con la validación, intentás nuevamente, te puedes comunicar un 0800.",
      "confianza": 0.582
    },
    {
      "hablante": "Hablante B",
      "inicio": 1008.07,
      "fin": 1012.69,
      "duracion": 4.63,
      "texto": "Sí, esto te lo voy a dejar por WhatsApp, igual a lo que te estoy leyendo, porque dudo que te acuerdas el número.",
      "confianza": 0.64
    },
    {
      "hablante": "Hablante A",
      "inicio": 1015.16,
      "fin": 1015.86,
      "duracion": 0.7,
      "texto": "Sí, es un 0800.",
      "confianza": 0.278
    },
    {
      "hablante": "Hablante A",
      "inicio": 1015.88,
      "fin": 1019.42,
      "duracion": 3.54,
      "texto": "Bien, en caso de no levantar señal en el chip, lo inicias el equipo.",
      "confianza": 0.531
    },
    {
      "hablante": "Hablante A",
      "inicio": 1019.66,
      "fin": 1024.45,
      "duracion": 4.79,
      "texto": "Y, por otro lado, dentro de los próximos días, vas a estar recibiendo lo que es una encuesta de satisfacción por WhatsApp.",
      "confianza": 0.692
    },
    {
      "hablante": "Hablante A",
      "inicio": 1024.83,
      "fin": 1028.8,
      "duracion": 3.97,
      "texto": "Le solicitamos por por qué la complete, ya que su opinión es muy importante para la empresa.",
      "confianza": 0.699
    },
    {
      "hablante": "Hablante A",
      "inicio": 1029.48,
      "fin": 1033.75,
      "duracion": 4.27,
      "texto": "¿Tienes alguna consulta?",
      "confianza": 0.718
    },
    {
      "hablante": "Hablante A",
      "inicio": 1035.09,
      "fin": 1045.31,
      "duracion": 10.22,
      "texto": "No, más que nada, si después de los seis meses aumenta mucho, o es mucho representaje.",
      "confianza": 0.586
    },
    {
      "hablante": "Hablante A",
      "inicio": 1045.33,
      "fin": 1049.58,
      "duracion": 4.25,
      "texto": "Claro, en realidad ahora lo estamos dando lo que es el beneficio por seis meses, sí.",
      "confianza": 0.623
    },
    {
      "hablante": "Hablante A",
      "inicio": 1050.45,
      "fin": 1055.19,
      "duracion": 4.74,
      "texto": "Obviamente, después de los seis meses, digamos, vos te puedes volver a contactar con Movistar, ¿sí?",
      "confianza": 0.622
    },
    {
      "hablante": "Hablante A",
      "inicio": 1055.37,
      "fin": 1060.36,
      "duracion": 4.98,
      "texto": "Y si no, obviamente, igual se te da un aviso de que tu promoción, digamos, está terminando, ¿sí?",
      "confianza": 0.665
    },
    {
      "hablante": "Hablante A",
      "inicio": 1060.38,
      "fin": 1062.7,
      "duracion": 2.32,
      "texto": "Vos ahí lo que haces es acceder a otro plan de cero.",
      "confianza": 0.609
    },
    {
      "hablante": "Hablante A",
      "inicio": 1062.72,
      "fin": 1064.68,
      "duracion": 1.96,
      "texto": "Es decir, con una bonificación nueva, digamos, ¿sí?",
      "confianza": 0.51
    },
    {
      "hablante": "Hablante A",
      "inicio": 1065.12,
      "fin": 1066.31,
      "duracion": 1.18,
      "texto": "En el caso de que sigan ahí.",
      "confianza": 0.551
    },
    {
      "hablante": "Hablante A",
      "inicio": 1066.63,
      "fin": 1069.29,
      "duracion": 2.66,
      "texto": "Si no es que vas a abonar este plan, Ricardo.",
      "confianza": 0.67
    },
    {
      "hablante": "Hablante A",
      "inicio": 1069.31,
      "fin": 1069.71,
      "duracion": 0.4,
      "texto": "No, no, no.",
      "confianza": 0.622
    },
    {
      "hablante": "Hablante A",
      "inicio": 1069.73,
      "fin": 1072.01,
      "duracion": 2.28,
      "texto": "Cambias, digamos, la oferta.",
      "confianza": 0.696
    },
    {
      "hablante": "Hablante A",
      "inicio": 1072.03,
      "fin": 1077.58,
      "duracion": 5.55,
      "texto": "Así que eso quédate tranquila porque también te dan el aviso para que, obviamente, vos cremés el plan.",
      "confianza": 0.554
    },
    {
      "hablante": "Hablante A",
      "inicio": 1077.6,
      "fin": 1077.72,
      "duracion": 0.12,
      "texto": "Listo.",
      "confianza": 0.064
    },
    {
      "hablante": "Hablante A",
      "inicio": 1077.74,
      "fin": 1078.88,
      "duracion": 1.14,
      "texto": "Bien.",
      "confianza": 0.558
    },
    {
      "hablante": "Hablante A",
      "inicio": 1078.9,
      "fin": 1080.22,
      "duracion": 1.32,
      "texto": "No sé si otra cosita.",
      "confianza": 0.646
    },
    {
      "hablante": "Hablante A",
      "inicio": 1080.64,
      "fin": 1082.74,
      "duracion": 2.1,
      "texto": "No, no.",
      "confianza": 0.254
    },
    {
      "hablante": "Hablante A",
      "inicio": 1082.76,
      "fin": 1082.86,
      "duracion": 0.1,
      "texto": "Bien.",
      "confianza": 0.015
    },
    {
      "hablante": "Hablante A",
      "inicio": 1082.88,
      "fin": 1083.76,
      "duracion": 0.88,
      "texto": "Bueno, perfecto, Sophie.",
      "confianza": 0.509
    },
    {
      "hablante": "Hablante A",
      "inicio": 1083.84,
      "fin": 1092.02,
      "duracion": 8.17,
      "texto": "Ahí yo por WhatsApp te dejé lo que te leí, por las dudas, en lo que habla de la parte, bueno, de Movistar, la aplicación, sí, el chip y demás.",
      "confianza": 0.664
    },
    {
      "hablante": "Hablante A",
      "inicio": 1092.08,
      "fin": 1097.34,
      "duracion": 5.27,
      "texto": "Cualquier cosita, sabés que me puedes hablar por este medio, no hay ningún problema, si la idea es que estemos en contacto.",
      "confianza": 0.713
    },
    {
      "hablante": "Hablante A",
      "inicio": 1097.94,
      "fin": 1105.08,
      "duracion": 7.13,
      "texto": "Y, bueno, obviamente no pasarle datos a nadie más y que tengas cuidado, viste, que por ahí te ganas la mano, obviamente, porque probablemente no estás en Movistar.",
      "confianza": 0.559
    },
    {
      "hablante": "Hablante A",
      "inicio": 1105.7,
      "fin": 1107.76,
      "duracion": 2.06,
      "texto": "Así que, bueno, eso para que lo quedas presente, ¿sí?",
      "confianza": 0.72
    },
    {
      "hablante": "Hablante A",
      "inicio": 1108.08,
      "fin": 1110.46,
      "duracion": 2.39,
      "texto": "Bueno, muchísimas gracias, Sophie, por el tiempo.",
      "confianza": 0.567
    },
    {
      "hablante": "Hablante A",
      "inicio": 1110.48,
      "fin": 1111.75,
      "duracion": 1.26,
      "texto": "Sí, muy amable.",
      "confianza": 0.636
    },
    {
      "hablante": "Hablante A",
      "inicio": 1111.95,
      "fin": 1112.91,
      "duracion": 0.96,
      "texto": "Estamos en contacto.",
      "confianza": 0.697
    },
    {
      "hablante": "Hablante A",
      "inicio": 1112.93,
      "fin": 1115.12,
      "duracion": 2.19,
      "texto": "Dale, buenísimo.",
      "confianza": 0.484
    },
    {
      "hablante": "Hablante A",
      "inicio": 1115.14,
      "fin": 1116.94,
      "duracion": 1.81,
      "texto": "Muchísimas gracias a vos.",
      "confianza": 0.142
    },
    {
      "hablante": "Hablante A",
      "inicio": 1116.96,
      "fin": 1117.85,
      "duracion": 0.88,
      "texto": "Buen día.",
      "confianza": 0.243
    },
    {
      "hablante": "Hablante A",
      "inicio": 1117.87,
      "fin": 1118.03,
      "duracion": 0.16,
      "texto": "Gracias.",
      "confianza": 0.137
    },
    {
      "hablante": "Hablante A",
      "inicio": 1118.05,
      "fin": 1119.15,
      "duracion": 1.1,
      "texto": "Adiós.",
      "confianza": 0.597
    },
    {
      "hablante": "Hablante A",
      "inicio": 1119.17,
      "fin": 1121.17,
      "duracion": 2.01,
      "texto": "Hasta luego.",
      "confianza": 0.418
    }
  ],
  "transcripcion_completa": "Hola, buen día. ¿Hablo con Sofía? Sí, ¿qué parte? Sofía, un gusto elur de este lado de te habla. Me ponía en contacto con vos para brindarte lo que es una bonificación que tenemos al día de hoy con el 80% descuento, Sofía. ¿Vos actualmente estás en claro, no? Sí. Bien. Mira, te comparto para que estés al tanto a ver qué opinas. Si el plan serían 8 gigas de base más 10 gigas de regalo por 6 meses. ¿Vas a contar con 18 gigas? ¿O estaría en 6? Sí. Bien, te incluye, por ejemplo, lo que es WhatsApp Gratis, todo limitado, más Rumin en América, que ya te viene incluyendo lo que es el plan. Y te quedaría en un precio final de 10.720 pesos. Sí, estos ocho sigas en total. Más o menos, no sé, obviamente, a diferencia de lo que voy a usar, o lo que tenés actualmente claro, no sé si hay mucha diferencia. Y si usas... Mirá lo que es... ¿Qué te siga de lo que era? Y no sé cuánto de regalos, creo que eran 10, me parece. Pero por 25 mil. Es una gran diferencia. Claro, son 15 pulitas. Sí, un montón. Qué raro. ¿Y sería esta línea, nada más? Me decís que estás sabonando de eso. Claro. Ah, un montón. Qué raro, mira. Sí, me parece un montón. Bueno, en este caso, sí, como te dije, vas a contar con 18 gigas. mensual. Sí, obviamente te lo voy a tratar de volver al plan porque son ocho de vacío y es el regalo que quedamos por seis meses. Así que te quedan 18 siglas mensuales, sí. Y después, una vez que tratecas la línea activa, te dan, aparte, digamos, 20 siglas del regalo, sí, que eso va con una duración de 30 días. Sí, eso está disponible una vez por año, pero bueno, es como un regalito, pero es difícil. Pero sí que nada, está bastante bueno y te queda, bueno, re económico. Sí, sí. Está buenísimo. Te quería consultar porque me llamaron, me ofrecieron lo que es Movistar. ¿Es Movistar? Me está llamando igual, ¿no? Exactamente. Sí. Disculpame. Y me habían dicho que no me podían dar la, me ofrecieron lo que es la promo, pero después me dijeron que no me la podían dar, o por el hecho que, pues realmente tengo algo que, o una que me haya quedado de Movistar Ogar. Ah, está. Bien, claro. Claro. No sé si vos te podés verificarlos ahí mismo. Mira, yo tengo acá tu N.I. confirmado si está bien o no para buscarte en Sistema 45, 674, 681. Ahí está bien. Bien. Yo ahora voy a buscar por Sistema. Obviamente hay que ver el monto de la deuda, ¿sí? Pero te voy comentando mientras. Que nosotros de mi área estamos anulando deudas hasta 30.000 pesos. O sea, que si vos contas con 30.000 pesos de deuda o menos, no hay problema. Eso se anula y vos podés hacer el trámite de todas maneras. Ya que voy a la área de recupero. Ahora tendríamos que ver más o menos cuánto es el monto. No sé si recordás. No, no sé, porque a mí me llegaban mensajes hace un tiempito. Pero no me acuerdo bien el monto, ¿viste? Pero a mí me parecía raro porque las chicas ayer o ayer, no me acuerdo, que me había llamado, me explicaba que no, que seguramente se me habrá emitido la boleta y yo no la habré pagado. Pasaba el dedo que yo ya vine para darlo de baja, me dice que primero hay que pagar el monto y después darlo de baja. Bueno, buenísimo, le digo, lo hacemos así. Pague lo que tenía que pagar, vive basta, a la fecha que me dijeron, llamá tal fecha si no se te emite la boleta, y ya quedamos. Entonces hice exactamente lo que me dijeron, pero no sé por qué se habrá emitido otra boleta más. Ese es el tema. Claro. A ver, mira, acá me figuro. Mira, me sale. El cliente posee deuda, pero no me estaría aflobrando el monto. Es una empresa rara. A ver, aguarda. Aguarda un 2. Dos segunditos. Ahí lo es. No. Bien, ahí volviste a escuchar? Sí, sí. Bien, perfecto. Bueno, mira, acá sí, seguro ahí, como quedaste, obviamente, con lo que es deuda, pero me permite hacer el trámite, o sea, lo que es la portabilidad. Así que, bueno, en ese caso sí se puede. No sé, igual antes, ¿por qué te habían dicho que no? Yo creo que al final, porque no te podían anular, capaz, ese monto que había quedado pendiente o no sé. Es que no sé si no le andaba el sistema o qué fue el problema. Y entonces me dijo directamente que bueno, que no se me podía dar la promoción y que me acercara alguna sucursal de movistar para ver cuánto era el monto y si podría pagarlo en el momento para que me puedan ofrecer alguna promoción. Bien, bien, bien. Si hago una consulta eso feedback también, ¿te gustaría tener también lo que es fibra? No, porque donde estoy viviendo tienen. No sé con cuál empresa estarán. Y en la casa de mi mamá, donde yo tengo mi domicilio, ya mi mamá ya es clienta de Movistar. Entonces, ella tiene el, ¿cómo es? Claro, el servicio. El servicio, exacto. Bien, perfecto. Bueno, mira, en este caso, como te digo, puedes acceder, ¿sí? No es que me lo rechace, ¿sí? Me figura que tenés una duda, obviamente, pero me lo deja realizar, ¿sí? Igual, obviamente, ahí lo estoy chequeando con mi servizora, por las dudas, claramente. Así que, bueno, a esta promo, igual, puedes acceder. Es una promo que está, digamos, habilitada, ¿sí? Acorde, sí, sí. Exacto. Acá, bueno, Sophie, yo te busqué un sistema, como te dije. Te comento cómo es esto. En el caso de que lo quieras hacer, sí. Se valían los datos con el cliente para que vos me digas, obviamente, si estará correcto o no. Sí, ahora les hay que modificar algo. Tema chip, te enviamos a una sucursal de Monster, que a vos se quede cercana, y la buscamos juntas. Y a partir de las 48 horas, vos retirás lo que es el chip, ¿sí? Se te da el aviso claramente para cuando retires. Y además de eso, nosotros le damos el aviso más claro para que vos no quedes incomunicada en ningún momento, ¿sí? OK. Así que, bueno, así sería. Bien, Sophie, entonces, ¿valian algunos datos? 10. Acá me figura entonces Sofía Miriam, apellido Raúl, fecha de nacimiento futura que es el 10 del 8 de 1999. Exacto. Bien, acá hay un correo, y no sé si querés que lo modifique o no, no sé si está activo, es Raúlsofia3.com. No, está perfecto. Perfecto, bien. Al correo nosotros te enviamos lo que es la facturación, que eso obviamente después, una vez que vos digitales la aplicación, que ya te voy a comentar bien detalladamente, pues vas a poder ver todo por ahí, ¿sí? OK. Ahora mismo te voy a estar enviando lo que es un mensajito por WhatsApp. Sí, sí. Lo hacemos todo en línea en cinco minutitos. Sí. Así ya queda todo grabado en trámara. Pero ahí te voy a estar hablando por WhatsApp. Ahí te pongo de las office o your desk, ¿sí? La idea es que mantenemos el contacto, obviamente, por el chip, por si tienes alguna consulta y para que no estés contactándote con muchos asesores y no solamente conmigo, ¿sí? Dale. Mientras tanto, ¿me querés ir diciendo en dónde te puedo buscar la subusal? Buenos Aires, no sé qué localidad. Sí, Buenos Aires. Bien, ¿querés alguna localidad que me puedas decir? San Miguel, si puede ser. Bien, ahí busco. Bien, mira, por San Miguel, bueno, igual hay tres acá que están recerquitas, a una peda de la otra. Tenés una en Calder Perón, al 1604, pues tenés en la calle Italia, Y después tenés en Perón también. Están ahí las tres pegadas. La de Perón y Balín está bien. Creo que es esa. Claro, hay dos de Perón. Ahí te digo que no es el total. Está Perón al 1173, que la otra sería Rodríguez Peña. Y la otra que está también en Carre Perón al 1604 está entre Tribulato. Ah, Tribulato era. Sí, eso está bien. Ok, perfecto. ¿Qué vamos a hacer? Ahí yo por WhatsApp te envié un mensaje, fíjate si lo recibiste, ¿sí? Sí. Por WhatsApp ahí te voy a estar dejando, obviamente ya sabes dónde es la sucursal donde enviamos el chip, pero te lo voy a dejar ahí asentado para que nos quede, ¿sí? Ok. En el link de la sucursal. Bien, mientras tanto, como ya abriamos los datos, sí te voy a ir viendo una foto de tu DNI Frentidorsop para validar identidad, sí, obviamente, de que se haga una titular y de que no tengas el DNI vencido, ¿sí? Eso, si quieres lo envías por WhatsApp y lo eliminas, no hay problema en el caso que obviamente te desconfianza. Ahí te estoy dejando el link. Bien, ahí te dejé el link de la sucursal. Ok. Y me estoy fijando el tema y el documento. Sí, tranquila. Bien, a ver, ahí recibí, sí. Bien, 2030, perfecto. Y ahí viendo eso. Perfecto, genial, Sophie, ya estaría eso. Ahí te dije, muchas gracias, ahí te dije lo que es el índice de la supuestal, ¿lo recibiste? Vale, sí, sí. Perfecto, bien. Te comento, como las llamas acá son grabadas, ¿le dirás qué todo bitón, llamadas y lo que vas a adquirir, dónde vemos el chibri y demás? Sí. Así que yo ahora voy a pasar a leerte un cierre comercial, sí, por un tema de seguridad tutelina. Si tenés alguna consulta, sí, en lo que yo te voy leyendo, cuando finalice mi consulta, sí, así nos lo estamos trabando, sí. Y ahora lo más importante, sí, para que obviamente vos no quedés incomunicada, sí, claro, no te cortes la línea ni nada de eso, yo ahora te voy a enviar lo que es el código portabilidad. No sé si sabes lo que es o no, pero eso es lo que lea el aviso y lo que nos permite hacer a nosotros el traspaso de compañía, sí. Es un código que te llega por mensaje de texto común del 223, ¿sí? Que cuando te llegue te va a figurar su reputabilidad, eres los 4 dígitos, a lo una hace convencimiento y te va a decir después para el prestador MBS que está abreviado que significa movistar, ¿sí? Ahora, yo ahora te lo voy a enviar si recordarán mantener el contacto conmigo en línea porque te van a empezar a entrar llamadas, sí te soy sincera, van a ser las empresas, movistar verificando la línea y demás. Si vos cortabas, obviamente te nos corta todo el trámite. Así que ahí te lo sigo enviando. La última poneme en altavoz para que se te haga más cómodo. Sí, sí, está en altavoz. Listo, genial. Ahí fue enviado. Fíjate, sigo, respira. Todavía no. A ver, ahí te va a llenar. 57 a 73. Bien. ¿Qué efecto está figurado de vencimiento? De vencimiento 18 de febrero de ahora. Bien. Para el MBS te tiene que figurar. MBS. MBS. Exacto, queríamos estar bien. Quiero pedir una captura de pantalla que mide ahí por WhatsApp, que es para que yo lo apunte y que vos recibiste ese mensaje. Bien, perfecto. Muchísimas gracias. Bien, ahora sí pasamos a hacerlo, que es el cierre comercial. Ok. Bueno, me dijiste entonces que ya contás con Internet Movistar en lo que es en el domicilio, digamos, ahí de tu mano. Claro. Ok. Eso no sé si está a nombre de ella o está a nombre tuyo. No, está a nombre de ella. Listo, listo. Bien, estamos entonces portando la línea que sería 11-58-03-0734, ¿sí? A nombre y apellido la titular actual que sería Raúl Sofía Miller. ¿Me confirmas los últimos? Sí, sí. 681. Perfecto, bien. Actualmente, Sophie, me comentaste que estás en claro con una factura mensual. Sí, la factura. ¿Llega el nombre de tuyo o llega el nombre de otra persona? No, la mía, la mía. Está bien. ¿Contás con el chip físico, que es el chip normal, digamos, o contás con algún chip virtual? No, no, el chip normal. Bien. Recuerda entonces, Sophie, que vas a estar retirando tu chip en la sucursal de Movistar. Sí, que sería en la avenida Presidente Juan Domingo Perón, al 1604. Esto sería la de San Miguel, provincia de Buenos Aires. Sí. La sexta calle sería Consejal Tribulato y la otra que es avenida Dr. Ricardo Balvin. Sí. De todas formas, recuerda también que tenés el link por WhatsApp. Sí. Ok. Bien, te recuerdo lo que es el costo del servicio, si al día de hoy te quedan 10.720 pesos, ¿sí? ¿Ay, me escuchas? Sí, sí. Que te incluye, si lo que es un descuento por 6 meses, el 80%, si, descuento, digamos, sí. Recordá, Laura, yo le doy el descuento, bueno, que es por 6 meses, si que el servicio se factura un mes adelantado, obviamente no vas a estar volando nada ahora, igual que la te tranquila. Y te comento nuevamente el plan, ¿sí? Son los 8 gigas de base con los 10 gigas aparte de regalo que tenemos por 6 meses, ¿sí? También, obviamente, recordar que eso es por 6 meses. Y te comento que una vez que vos ya tengas la línea activada en Movistar, ¿sí? Cuando ya tengas la línea, te van a asegurar primero los 8 gigas, ¿sí? Que son los de base. Después, las 48 horas, si eso es automático, se te van a estar habilitando a los 10 gigas que van de regalo, ¿sí? Ahí vas a arrancar a tener los 18 gigas. Bien, el correo que habíamos dejado es roundsofiar3.com. Por ese email vas a estar recibiendo lo que es la facturación online, ¿sí? Y desde la aplicación de Movistar, en la parte de Servicios, vas a poder ver toda la información referida a tu factura, si ya sea ciclopacturación, mentimientos o montos a pagar. También vas a poder activar los 20 gigas que te comenté de regalo con una duración de 30 días, ¿sí? Que eso está disponible una vez por año. También, si querés, te puedes traer ir al debito automático y, en el caso que Sofía y vos tengas otra línea a nombre tuyo, podés sumar cuatro yeras de regalo para cada línea móvil, ¿sí? Pero, bueno, en este caso no, porque solamente es la tuya. Bien. Una mesa, aprobar la portabilidad. Sí, la línea va a estar portando las 48 horas hábiles. Un día antes, por mensaje de WhatsApp, tendremos que estar informando en la fecha de portabilidad para que usted quede tranquila, ¿sí? Es importante que no colóquese el chip antes de la fecha informada. De todas maneras, te vas a dar cuenta por qué la línea Declaro, va a dejar de recibir señal. Sí, ahí sería cuando vos debes colocar el chip. Por única vez, pedirás validar identidad al activarlo. En caso de que tengas alguna dificultad con la validación, intentás nuevamente, te puedes comunicar un 0800. Sí, esto te lo voy a dejar por WhatsApp, igual a lo que te estoy leyendo, porque dudo que te acuerdas el número. Sí, es un 0800. Bien, en caso de no levantar señal en el chip, lo inicias el equipo. Y, por otro lado, dentro de los próximos días, vas a estar recibiendo lo que es una encuesta de satisfacción por WhatsApp. Le solicitamos por por qué la complete, ya que su opinión es muy importante para la empresa. ¿Tienes alguna consulta? No, más que nada, si después de los seis meses aumenta mucho, o es mucho representaje. Claro, en realidad ahora lo estamos dando lo que es el beneficio por seis meses, sí. Obviamente, después de los seis meses, digamos, vos te puedes volver a contactar con Movistar, ¿sí? Y si no, obviamente, igual se te da un aviso de que tu promoción, digamos, está terminando, ¿sí? Vos ahí lo que haces es acceder a otro plan de cero. Es decir, con una bonificación nueva, digamos, ¿sí? En el caso de que sigan ahí. Si no es que vas a abonar este plan, Ricardo. No, no, no. Cambias, digamos, la oferta. Así que eso quédate tranquila porque también te dan el aviso para que, obviamente, vos cremés el plan. Listo. Bien. No sé si otra cosita. No, no. Bien. Bueno, perfecto, Sophie. Ahí yo por WhatsApp te dejé lo que te leí, por las dudas, en lo que habla de la parte, bueno, de Movistar, la aplicación, sí, el chip y demás. Cualquier cosita, sabés que me puedes hablar por este medio, no hay ningún problema, si la idea es que estemos en contacto. Y, bueno, obviamente no pasarle datos a nadie más y que tengas cuidado, viste, que por ahí te ganas la mano, obviamente, porque probablemente no estás en Movistar. Así que, bueno, eso para que lo quedas presente, ¿sí? Bueno, muchísimas gracias, Sophie, por el tiempo. Sí, muy amable. Estamos en contacto. Dale, buenísimo. Muchísimas gracias a vos. Buen día. Gracias. Adiós. Hasta luego.",
  "calidad": {
    "confianza_promedio": 0.502,
    "metodo_diarizacion": "pausas_fallback",
    "tiempo_procesamiento": 46.6
  },
  "metadata": {
    "modelo": "whisperx_medium",
    "diarizacion": "pausas",
    "dispositivo": "cuda",
    "fecha": "2026-02-18T22:27:11.245481",
    "version": "5.0_ecapa"
  }
}