{
  "archivo": "amza15_1_260209141135264_ACD_48311.wav",
  "duracion_segundos": 183.08,
  "num_segmentos": 40,
  "num_hablantes": 2,
  "hablantes": [
    "Hablante A",
    "Hablante B"
  ],
  "tiempo_por_hablante": {
    "Hablante B": 114.8,
    "Hablante A": 42.44
  },
  "idioma": "es",
  "conversacion": [
    {
      "hablante": "Hablante B",
      "inicio": 2.21,
      "fin": 4.73,
      "duracion": 2.52,
      "texto": "Hola, buen día, Valentina.",
      "confianza": 0.11
    },
    {
      "hablante": "Hablante B",
      "inicio": 4.75,
      "fin": 5.27,
      "duracion": 0.52,
      "texto": "Hola.",
      "confianza": 0.619
    },
    {
      "hablante": "Hablante B",
      "inicio": 6.05,
      "fin": 11.68,
      "duracion": 5.63,
      "texto": "Valentina, mucho gusto, me presento, mi nombre es Agustín y yo la estoy llamando de la área Movistar News, ¿cómo le va todo bien?",
      "confianza": 0.569
    },
    {
      "hablante": "Hablante B",
      "inicio": 13.04,
      "fin": 14.16,
      "duracion": 1.12,
      "texto": "Bien, bien.",
      "confianza": 0.802
    },
    {
      "hablante": "Hablante B",
      "inicio": 14.18,
      "fin": 14.88,
      "duracion": 0.7,
      "texto": "Mal era un montón.",
      "confianza": 0.592
    },
    {
      "hablante": "Hablante B",
      "inicio": 15.22,
      "fin": 21.02,
      "duracion": 5.8,
      "texto": "Yo la estoy llamando más que de Valentina porque, mire, me subieron al canal de sistema que se fue parte de la compañía hasta hace un tiempo atrás, ¿no?",
      "confianza": 0.577
    },
    {
      "hablante": "Hablante B",
      "inicio": 21.05,
      "fin": 27.59,
      "duracion": 6.55,
      "texto": "Quería saber qué fue lo que la llevó a cambiar, si tuvo algún inconveniente, si fue por otra oferta.",
      "confianza": 0.596
    },
    {
      "hablante": "Hablante B",
      "inicio": 27.61,
      "fin": 32.0,
      "duracion": 4.38,
      "texto": "Sí, sí, fue otra oferta porque no tenía... Otra oferta.",
      "confianza": 0.437
    },
    {
      "hablante": "Hablante B",
      "inicio": 32.52,
      "fin": 34.16,
      "duracion": 1.64,
      "texto": "La gran trafica, así está.",
      "confianza": 0.19
    },
    {
      "hablante": "Hablante B",
      "inicio": 34.18,
      "fin": 36.24,
      "duracion": 2.06,
      "texto": "Al fin y al cabo, esta oferta de manda, justamente.",
      "confianza": 0.356
    },
    {
      "hablante": "Hablante B",
      "inicio": 36.26,
      "fin": 42.56,
      "duracion": 6.31,
      "texto": "Y bueno, estamos en un país como Argentina, que siempre tiene que mirar su bucillo y las mejores oportunidades, es así.",
      "confianza": 0.67
    },
    {
      "hablante": "Hablante B",
      "inicio": 42.58,
      "fin": 49.53,
      "duracion": 6.95,
      "texto": "Bueno, justamente por eso mismo la estaba llamando yo a Valentina, porque bueno, me fue la que el Fred, como última vez, estuvo en la compañía hace más de tres años.",
      "confianza": 0.556
    },
    {
      "hablante": "Hablante B",
      "inicio": 50.01,
      "fin": 51.91,
      "duracion": 1.9,
      "texto": "Y bueno, sabemos que usted fue una excelente clienta, ¿no?",
      "confianza": 0.606
    },
    {
      "hablante": "Hablante B",
      "inicio": 52.41,
      "fin": 58.4,
      "duracion": 5.98,
      "texto": "Y por eso es que nosotros, que la intención es poder recuperarla como clienta, justamente, brindándole lo mejor que tenemos en la compañía.",
      "confianza": 0.703
    },
    {
      "hablante": "Hablante B",
      "inicio": 58.42,
      "fin": 61.44,
      "duracion": 3.02,
      "texto": "O sea, por eso es muy económico, es una opción muy exclusiva para usted,",
      "confianza": 0.593
    },
    {
      "hablante": "Hablante B",
      "inicio": 61.78,
      "fin": 65.12,
      "duracion": 3.34,
      "texto": "y que realmente la pueda aprovechar, que sea algo que le sirva, ¿no?",
      "confianza": 0.508
    },
    {
      "hablante": "Hablante B",
      "inicio": 65.14,
      "fin": 67.51,
      "duracion": 2.36,
      "texto": "No sé si usted brindía, por ejemplo, para utilizar el celular.",
      "confianza": 0.481
    },
    {
      "hablante": "Hablante B",
      "inicio": 67.75,
      "fin": 72.55,
      "duracion": 4.81,
      "texto": "Trabaja con el celular, o usa Facebook, redes sociales, o solamente WhatsApp.",
      "confianza": 0.597
    },
    {
      "hablante": "Hablante B",
      "inicio": 72.72,
      "fin": 73.68,
      "duracion": 0.96,
      "texto": "¿Qué uso le suele dar?",
      "confianza": 0.614
    },
    {
      "hablante": "Hablante A",
      "inicio": 76.14,
      "fin": 77.08,
      "duracion": 0.94,
      "texto": "En fin, de todo un poco.",
      "confianza": 0.628
    },
    {
      "hablante": "Hablante A",
      "inicio": 77.8,
      "fin": 78.42,
      "duracion": 0.62,
      "texto": "De todo un poco.",
      "confianza": 0.746
    },
    {
      "hablante": "Hablante A",
      "inicio": 78.46,
      "fin": 79.55,
      "duracion": 1.08,
      "texto": "Bueno, me parece perfecto.",
      "confianza": 0.702
    },
    {
      "hablante": "Hablante A",
      "inicio": 80.33,
      "fin": 87.14,
      "duracion": 6.81,
      "texto": "En este caso, mire, yo lo que le puedo recomendar a Valentina es un plan que es de 4 GB y le viene con 10 regalos por 3 meses.",
      "confianza": 0.777
    },
    {
      "hablante": "Hablante A",
      "inicio": 87.16,
      "fin": 88.56,
      "duracion": 1.4,
      "texto": "O sea, solamente por verlo movistar.",
      "confianza": 0.517
    },
    {
      "hablante": "Hablante A",
      "inicio": 89.13,
      "fin": 94.54,
      "duracion": 5.41,
      "texto": "Va a tener total 14 gigas, con lo que viene WhatsApp gratis, llamadas, invitaros a cualquier compañía.",
      "confianza": 0.632
    },
    {
      "hablante": "Hablante A",
      "inicio": 95.28,
      "fin": 100.13,
      "duracion": 4.85,
      "texto": "Tiene también un giga para Free Fire, que no creo que lo juegue, pero bueno, parece que tiene un hijo, nieto, lo puede llevar a jugar.",
      "confianza": 0.568
    },
    {
      "hablante": "Hablante A",
      "inicio": 100.83,
      "fin": 109.55,
      "duracion": 8.72,
      "texto": "También tiene lo que es guardar pasato de gigas, o sea que, por ejemplo, si a ustedes llegan a sobrar gigas, a diferencia de claro, acá se le guardan para el siguiente mes, automáticamente.",
      "confianza": 0.667
    },
    {
      "hablante": "Hablante A",
      "inicio": 110.05,
      "fin": 112.89,
      "duracion": 2.84,
      "texto": "Y entonces siempre se le respeta el plan y nunca tiene que recargar.",
      "confianza": 0.563
    },
    {
      "hablante": "Hablante A",
      "inicio": 113.58,
      "fin": 117.17,
      "duracion": 3.58,
      "texto": "Bueno, este plan requiere al día de hoy en lo que es $7,790.",
      "confianza": 0.527
    },
    {
      "hablante": "Hablante A",
      "inicio": 117.37,
      "fin": 123.55,
      "duracion": 6.19,
      "texto": "Si tiene un descuento del 80%, no sé si usted, por ejemplo, cuánto estaba volando hoy en día en su compañía.",
      "confianza": 0.709
    },
    {
      "hablante": "Hablante B",
      "inicio": 132.96,
      "fin": 133.24,
      "duracion": 0.28,
      "texto": "¿Cuánto pagué?",
      "confianza": 0.0
    },
    {
      "hablante": "Hablante B",
      "inicio": 133.26,
      "fin": 134.28,
      "duracion": 1.02,
      "texto": "No me acuerdo si 10, 11, 12, no me acuerdo.",
      "confianza": 0.255
    },
    {
      "hablante": "Hablante B",
      "inicio": 134.34,
      "fin": 138.07,
      "duracion": 3.72,
      "texto": "Igual te comento para no hacerte perder tiempo por el momento.",
      "confianza": 0.739
    },
    {
      "hablante": "Hablante B",
      "inicio": 138.09,
      "fin": 142.59,
      "duracion": 4.5,
      "texto": "No, por el momento voy a seguir porque tengo mejor señal con claro.",
      "confianza": 0.8
    },
    {
      "hablante": "Hablante B",
      "inicio": 143.1,
      "fin": 158.24,
      "duracion": 15.14,
      "texto": "que con movistar, así que por el momento te agradezco, no lo quiero por ahora, aparte ando viajando así que voy a continuar con el plan por ahora.",
      "confianza": 0.624
    },
    {
      "hablante": "Hablante B",
      "inicio": 158.26,
      "fin": 168.38,
      "duracion": 10.12,
      "texto": "Bueno, y igualmente te voy a enviar lo que es un mensajito de WhatsApp con la promoción que te comentaba y también te voy a juntar el link de una página así que es de Libre Accesso que muestra cómo está la cobertura en cada zona del país.",
      "confianza": 0.65
    },
    {
      "hablante": "Hablante B",
      "inicio": 168.98,
      "fin": 171.19,
      "duracion": 2.2,
      "texto": "Bueno, te agradezco.",
      "confianza": 0.445
    },
    {
      "hablante": "Hablante B",
      "inicio": 171.77,
      "fin": 173.35,
      "duracion": 1.58,
      "texto": "Dale, ahí te lo envío.",
      "confianza": 0.291
    },
    {
      "hablante": "Hablante B",
      "inicio": 173.37,
      "fin": 179.59,
      "duracion": 6.22,
      "texto": "Chao, chao, que tengamos buen día.",
      "confianza": 0.516
    },
    {
      "hablante": "Hablante B",
      "inicio": 179.61,
      "fin": 183.08,
      "duracion": 3.47,
      "texto": "Chao, gracias, buen día.",
      "confianza": 0.589
    }
  ],
  "transcripcion_completa": "Hola, buen día, Valentina. Hola. Valentina, mucho gusto, me presento, mi nombre es Agustín y yo la estoy llamando de la área Movistar News, ¿cómo le va todo bien? Bien, bien. Mal era un montón. Yo la estoy llamando más que de Valentina porque, mire, me subieron al canal de sistema que se fue parte de la compañía hasta hace un tiempo atrás, ¿no? Quería saber qué fue lo que la llevó a cambiar, si tuvo algún inconveniente, si fue por otra oferta. Sí, sí, fue otra oferta porque no tenía... Otra oferta. La gran trafica, así está. Al fin y al cabo, esta oferta de manda, justamente. Y bueno, estamos en un país como Argentina, que siempre tiene que mirar su bucillo y las mejores oportunidades, es así. Bueno, justamente por eso mismo la estaba llamando yo a Valentina, porque bueno, me fue la que el Fred, como última vez, estuvo en la compañía hace más de tres años. Y bueno, sabemos que usted fue una excelente clienta, ¿no? Y por eso es que nosotros, que la intención es poder recuperarla como clienta, justamente, brindándole lo mejor que tenemos en la compañía. O sea, por eso es muy económico, es una opción muy exclusiva para usted, y que realmente la pueda aprovechar, que sea algo que le sirva, ¿no? No sé si usted brindía, por ejemplo, para utilizar el celular. Trabaja con el celular, o usa Facebook, redes sociales, o solamente WhatsApp. ¿Qué uso le suele dar? En fin, de todo un poco. De todo un poco. Bueno, me parece perfecto. En este caso, mire, yo lo que le puedo recomendar a Valentina es un plan que es de 4 GB y le viene con 10 regalos por 3 meses. O sea, solamente por verlo movistar. Va a tener total 14 gigas, con lo que viene WhatsApp gratis, llamadas, invitaros a cualquier compañía. Tiene también un giga para Free Fire, que no creo que lo juegue, pero bueno, parece que tiene un hijo, nieto, lo puede llevar a jugar. También tiene lo que es guardar pasato de gigas, o sea que, por ejemplo, si a ustedes llegan a sobrar gigas, a diferencia de claro, acá se le guardan para el siguiente mes, automáticamente. Y entonces siempre se le respeta el plan y nunca tiene que recargar. Bueno, este plan requiere al día de hoy en lo que es $7,790. Si tiene un descuento del 80%, no sé si usted, por ejemplo, cuánto estaba volando hoy en día en su compañía. ¿Cuánto pagué? No me acuerdo si 10, 11, 12, no me acuerdo. Igual te comento para no hacerte perder tiempo por el momento. No, por el momento voy a seguir porque tengo mejor señal con claro. que con movistar, así que por el momento te agradezco, no lo quiero por ahora, aparte ando viajando así que voy a continuar con el plan por ahora. Bueno, y igualmente te voy a enviar lo que es un mensajito de WhatsApp con la promoción que te comentaba y también te voy a juntar el link de una página así que es de Libre Accesso que muestra cómo está la cobertura en cada zona del país. Bueno, te agradezco. Dale, ahí te lo envío. Chao, chao, que tengamos buen día. Chao, gracias, buen día.",
  "calidad": {
    "confianza_promedio": 0.567,
    "metodo_diarizacion": "pausas_fallback",
    "tiempo_procesamiento": 11.7
  },
  "metadata": {
    "modelo": "whisperx_medium",
    "diarizacion": "pausas",
    "dispositivo": "cuda",
    "fecha": "2026-02-18T23:36:30.291949",
    "version": "5.0_ecapa"
  }
}