{
  "archivo": "amza12_1_260209141326042_ACD_55235.wav",
  "duracion_segundos": 684.16,
  "num_segmentos": 147,
  "num_hablantes": 2,
  "hablantes": [
    "Hablante A",
    "Hablante B"
  ],
  "tiempo_por_hablante": {
    "Hablante B": 419.74,
    "Hablante A": 213.66
  },
  "idioma": "es",
  "conversacion": [
    {
      "hablante": "Hablante B",
      "inicio": 2.93,
      "fin": 3.77,
      "duracion": 0.84,
      "texto": "Hola, buenos días.",
      "confianza": 0.229
    },
    {
      "hablante": "Hablante A",
      "inicio": 5.72,
      "fin": 6.36,
      "duracion": 0.64,
      "texto": "Sí.",
      "confianza": 0.499
    },
    {
      "hablante": "Hablante A",
      "inicio": 6.38,
      "fin": 6.78,
      "duracion": 0.4,
      "texto": "¿Cómo estás?",
      "confianza": 0.614
    },
    {
      "hablante": "Hablante A",
      "inicio": 6.8,
      "fin": 7.62,
      "duracion": 0.82,
      "texto": "¿Buen día, Analía?",
      "confianza": 0.513
    },
    {
      "hablante": "Hablante A",
      "inicio": 8.76,
      "fin": 9.68,
      "duracion": 0.92,
      "texto": "Sí.",
      "confianza": 0.498
    },
    {
      "hablante": "Hablante A",
      "inicio": 9.7,
      "fin": 10.64,
      "duracion": 0.94,
      "texto": "Analía, ¿cómo estás?",
      "confianza": 0.657
    },
    {
      "hablante": "Hablante A",
      "inicio": 10.66,
      "fin": 12.8,
      "duracion": 2.14,
      "texto": "Comunico de la línea de Recuperé de Quilentere Movistar.",
      "confianza": 0.577
    },
    {
      "hablante": "Hablante A",
      "inicio": 13.06,
      "fin": 15.99,
      "duracion": 2.92,
      "texto": "Me estaba comunicando con ustedes para darles beneficios a su línea.",
      "confianza": 0.707
    },
    {
      "hablante": "Hablante A",
      "inicio": 16.03,
      "fin": 19.39,
      "duracion": 3.36,
      "texto": "¿Cómo le va?",
      "confianza": 0.644
    },
    {
      "hablante": "Hablante A",
      "inicio": 19.41,
      "fin": 19.59,
      "duracion": 0.18,
      "texto": "¿Qué tal?",
      "confianza": 0.036
    },
    {
      "hablante": "Hablante A",
      "inicio": 19.61,
      "fin": 20.13,
      "duracion": 0.52,
      "texto": "No, te agradezco.",
      "confianza": 0.207
    },
    {
      "hablante": "Hablante A",
      "inicio": 20.15,
      "fin": 20.99,
      "duracion": 0.84,
      "texto": "No estoy interesada.",
      "confianza": 0.057
    },
    {
      "hablante": "Hablante A",
      "inicio": 21.01,
      "fin": 25.42,
      "duracion": 4.41,
      "texto": "¿Por qué razón no le interesas si a uno le ofrezco nada?",
      "confianza": 0.422
    },
    {
      "hablante": "Hablante A",
      "inicio": 25.44,
      "fin": 26.26,
      "duracion": 0.82,
      "texto": "¿Cómo?",
      "confianza": 0.373
    },
    {
      "hablante": "Hablante A",
      "inicio": 26.28,
      "fin": 30.6,
      "duracion": 4.32,
      "texto": "¿Por qué razón no le interesas si a uno le ofrezco nada?",
      "confianza": 0.501
    },
    {
      "hablante": "Hablante A",
      "inicio": 30.62,
      "fin": 31.74,
      "duracion": 1.12,
      "texto": "Sí, porque estoy conforme con el servicio que tengo.",
      "confianza": 0.069
    },
    {
      "hablante": "Hablante A",
      "inicio": 32.09,
      "fin": 39.62,
      "duracion": 7.53,
      "texto": "Bien, pero actualmente en claro, ¿cuánto estabas pagando, más o menos?",
      "confianza": 0.43
    },
    {
      "hablante": "Hablante A",
      "inicio": 39.64,
      "fin": 44.52,
      "duracion": 4.88,
      "texto": "No sé, creo que algo de $10,000.",
      "confianza": 0.308
    },
    {
      "hablante": "Hablante A",
      "inicio": 44.58,
      "fin": 46.28,
      "duracion": 1.7,
      "texto": "$10,000.",
      "confianza": 0.63
    },
    {
      "hablante": "Hablante A",
      "inicio": 46.3,
      "fin": 47.13,
      "duracion": 0.82,
      "texto": "¿Y cuánto has llegado?",
      "confianza": 0.378
    },
    {
      "hablante": "Hablante A",
      "inicio": 47.15,
      "fin": 54.81,
      "duracion": 7.67,
      "texto": "Tengo $15,000.",
      "confianza": 0.503
    },
    {
      "hablante": "Hablante A",
      "inicio": 54.83,
      "fin": 55.39,
      "duracion": 0.56,
      "texto": "$15,000.",
      "confianza": 0.671
    },
    {
      "hablante": "Hablante A",
      "inicio": 55.41,
      "fin": 57.4,
      "duracion": 1.98,
      "texto": "Bueno, en este caso estamos brindando una promo.",
      "confianza": 0.48
    },
    {
      "hablante": "Hablante A",
      "inicio": 57.41,
      "fin": 58.56,
      "duracion": 1.14,
      "texto": "$15,000.",
      "confianza": 0.77
    },
    {
      "hablante": "Hablante A",
      "inicio": 58.58,
      "fin": 61.14,
      "duracion": 2.56,
      "texto": "Bien, en este caso tenemos una promo más económica, ¿sí?",
      "confianza": 0.651
    },
    {
      "hablante": "Hablante A",
      "inicio": 61.57,
      "fin": 66.98,
      "duracion": 5.41,
      "texto": "Tiene casi la misma cantidad de tribas para que puedas adquirir.",
      "confianza": 0.581
    },
    {
      "hablante": "Hablante A",
      "inicio": 67.02,
      "fin": 73.37,
      "duracion": 6.35,
      "texto": "Además, si tenés más de una línea de tu nombre, tendrías también 10 de regalo con línea móvil.",
      "confianza": 0.436
    },
    {
      "hablante": "Hablante A",
      "inicio": 73.39,
      "fin": 73.87,
      "duracion": 0.48,
      "texto": "Sí, esto no tiene línea.",
      "confianza": 0.001
    },
    {
      "hablante": "Hablante A",
      "inicio": 73.89,
      "fin": 76.77,
      "duracion": 2.88,
      "texto": "Bueno, mirá, si vos pasás las dos líneas, por ejemplo, tengo un ejemplo.",
      "confianza": 0.588
    },
    {
      "hablante": "Hablante A",
      "inicio": 77.29,
      "fin": 83.98,
      "duracion": 6.69,
      "texto": "Tenemos un plan de 4 tribas de base más 10 de regalo por 6 meses en 7,790.",
      "confianza": 0.72
    },
    {
      "hablante": "Hablante A",
      "inicio": 84.68,
      "fin": 90.06,
      "duracion": 5.38,
      "texto": "Si vos pasás ambas líneas, te queda un plan base de 8 tribas de base.",
      "confianza": 0.734
    },
    {
      "hablante": "Hablante A",
      "inicio": 90.7,
      "fin": 98.19,
      "duracion": 7.49,
      "texto": "más 10 de regalo por seis meses en 7.790.",
      "confianza": 0.124
    },
    {
      "hablante": "Hablante A",
      "inicio": 98.21,
      "fin": 101.03,
      "duracion": 2.82,
      "texto": "Sí, pero yo ya me pasé de línea, me pasé de línea, me pasé de línea.",
      "confianza": 0.445
    },
    {
      "hablante": "Hablante A",
      "inicio": 101.31,
      "fin": 102.05,
      "duracion": 0.74,
      "texto": "El tema es así.",
      "confianza": 0.35
    },
    {
      "hablante": "Hablante A",
      "inicio": 102.61,
      "fin": 119.06,
      "duracion": 16.45,
      "texto": "De vez en cuando que me paso de línea, me pierdo contactos por motivos de pierdo cliente, de mentira que no te quedaste de línea nunca porque en el traspaso siento que te das, por lo menos, más líneas, más líneas.",
      "confianza": 0.48
    },
    {
      "hablante": "Hablante A",
      "inicio": 119.34,
      "fin": 120.61,
      "duracion": 1.26,
      "texto": "Vamos a esperar ya veces.",
      "confianza": 0.414
    },
    {
      "hablante": "Hablante A",
      "inicio": 120.86,
      "fin": 127.2,
      "duracion": 6.35,
      "texto": "Yo creo que el presupuesto es limitado, porque es el porcentaje.",
      "confianza": 0.567
    },
    {
      "hablante": "Hablante A",
      "inicio": 127.34,
      "fin": 134.41,
      "duracion": 7.07,
      "texto": "O sea, lo que está beneficiado es un porcentaje, no es un abono fijo.",
      "confianza": 0.562
    },
    {
      "hablante": "Hablante A",
      "inicio": 134.43,
      "fin": 141.4,
      "duracion": 6.97,
      "texto": "Entonces, cuando va aumentando el abono, va aumentando, no es que... Es un descuento fijo durante seis meses.",
      "confianza": 0.368
    },
    {
      "hablante": "Hablante A",
      "inicio": 141.46,
      "fin": 144.89,
      "duracion": 3.43,
      "texto": "Pero es sobre el abono el descuento.",
      "confianza": 0.592
    },
    {
      "hablante": "Hablante A",
      "inicio": 144.91,
      "fin": 148.75,
      "duracion": 3.84,
      "texto": "No es que yo voy a pagar esto...",
      "confianza": 0.664
    },
    {
      "hablante": "Hablante A",
      "inicio": 149.16,
      "fin": 150.84,
      "duracion": 1.68,
      "texto": "todos los meses.",
      "confianza": 0.146
    },
    {
      "hablante": "Hablante A",
      "inicio": 150.86,
      "fin": 153.76,
      "duracion": 2.9,
      "texto": "Si no, si el mes que viene aumenta la buena, me la aumentan.",
      "confianza": 0.504
    },
    {
      "hablante": "Hablante A",
      "inicio": 153.84,
      "fin": 155.08,
      "duracion": 1.24,
      "texto": "No voy a pagar eso.",
      "confianza": 0.609
    },
    {
      "hablante": "Hablante A",
      "inicio": 155.1,
      "fin": 161.39,
      "duracion": 6.29,
      "texto": "No, en este caso, primero que nada, que no estamos teniendo aumentos abruptos.",
      "confianza": 0.722
    },
    {
      "hablante": "Hablante A",
      "inicio": 161.97,
      "fin": 168.14,
      "duracion": 6.17,
      "texto": "Segundo, que si tendré a aumentar la facturación, siempre se traduce a con 30 días y no es más del 3%.",
      "confianza": 0.686
    },
    {
      "hablante": "Hablante B",
      "inicio": 171.5,
      "fin": 176.43,
      "duracion": 4.93,
      "texto": "Pero en el caso que te reguen a llegar mal una facturación, que estén cobrando de más o lo que sea,",
      "confianza": 0.631
    },
    {
      "hablante": "Hablante B",
      "inicio": 176.66,
      "fin": 183.69,
      "duracion": 7.03,
      "texto": "Vas a tener mi número de teléfono para poder contactarme, en el caso de que hay alguna irregularidad, para poder solucionarlo en el momento.",
      "confianza": 0.409
    },
    {
      "hablante": "Hablante B",
      "inicio": 184.95,
      "fin": 189.18,
      "duracion": 4.23,
      "texto": "Pero los aumentos, que no hay aumentos abruptos, es en todo.",
      "confianza": 0.594
    },
    {
      "hablante": "Hablante B",
      "inicio": 189.88,
      "fin": 200.93,
      "duracion": 11.05,
      "texto": "O hasta el supermercado y no hay aumentos abruptos, pero a maneditas y maneditas que van a aumentar, y cuando llegue la semana o el mes, te das cuenta que gastarás 20 y ya te gastas 50.",
      "confianza": 0.616
    },
    {
      "hablante": "Hablante B",
      "inicio": 201.09,
      "fin": 204.04,
      "duracion": 2.94,
      "texto": "O sea, sobre los aumentos, olvídate porque aumenta todo.",
      "confianza": 0.545
    },
    {
      "hablante": "Hablante B",
      "inicio": 205.08,
      "fin": 209.84,
      "duracion": 4.77,
      "texto": "Pero fue simplemente una...",
      "confianza": 0.133
    },
    {
      "hablante": "Hablante B",
      "inicio": 209.87,
      "fin": 218.68,
      "duracion": 8.81,
      "texto": "No estoy interesada en cambiar de compañía en este momento personalmente.",
      "confianza": 0.695
    },
    {
      "hablante": "Hablante B",
      "inicio": 218.69,
      "fin": 223.36,
      "duracion": 4.67,
      "texto": "Siempre se causa un incremento en el mundo.",
      "confianza": 0.17
    },
    {
      "hablante": "Hablante B",
      "inicio": 223.38,
      "fin": 225.58,
      "duracion": 2.2,
      "texto": "Si no, pues es como... Como evitar, ni pasar tiempo.",
      "confianza": 0.147
    },
    {
      "hablante": "Hablante B",
      "inicio": 225.6,
      "fin": 229.33,
      "duracion": 3.72,
      "texto": "Y eso no le pasó a la moción, porque no había pasado a claro.",
      "confianza": 0.501
    },
    {
      "hablante": "Hablante B",
      "inicio": 230.39,
      "fin": 232.49,
      "duracion": 2.1,
      "texto": "Y toda la gente tiene cinco momentos.",
      "confianza": 0.474
    },
    {
      "hablante": "Hablante B",
      "inicio": 233.13,
      "fin": 234.29,
      "duracion": 1.16,
      "texto": "Es mentira que...",
      "confianza": 0.461
    },
    {
      "hablante": "Hablante B",
      "inicio": 234.63,
      "fin": 236.67,
      "duracion": 2.04,
      "texto": "Pero es mentira lo que te dicen.",
      "confianza": 0.555
    },
    {
      "hablante": "Hablante B",
      "inicio": 236.69,
      "fin": 248.2,
      "duracion": 11.51,
      "texto": "Vos me has dado el pico y que vos sos una operadora que estás en un sector, que estás en un sector de... ¿Cómo se dice?",
      "confianza": 0.374
    },
    {
      "hablante": "Hablante B",
      "inicio": 248.22,
      "fin": 250.33,
      "duracion": 2.1,
      "texto": "Ay, pará que tiene un nombre, no me sale.",
      "confianza": 0.296
    },
    {
      "hablante": "Hablante B",
      "inicio": 250.35,
      "fin": 253.73,
      "duracion": 3.38,
      "texto": "Bueno, estás en otro sector de la producción.",
      "confianza": 0.438
    },
    {
      "hablante": "Hablante B",
      "inicio": 253.75,
      "fin": 256.62,
      "duracion": 2.86,
      "texto": "Claro, pero mentira, te mienten.",
      "confianza": 0.748
    },
    {
      "hablante": "Hablante B",
      "inicio": 256.63,
      "fin": 257.9,
      "duracion": 1.26,
      "texto": "O sea, eso es mentira.",
      "confianza": 0.552
    },
    {
      "hablante": "Hablante B",
      "inicio": 258.32,
      "fin": 259.32,
      "duracion": 1.0,
      "texto": "Por lo mínimo...",
      "confianza": 0.271
    },
    {
      "hablante": "Hablante B",
      "inicio": 259.5,
      "fin": 264.41,
      "duracion": 4.91,
      "texto": "Un día te quedas sin línea, y más también, te quedas sin...",
      "confianza": 0.332
    },
    {
      "hablante": "Hablante B",
      "inicio": 264.43,
      "fin": 267.79,
      "duracion": 3.37,
      "texto": "Sin línea, ¿qué fue lo que te pasó cuando te cambiaste?",
      "confianza": 0.415
    },
    {
      "hablante": "Hablante B",
      "inicio": 268.17,
      "fin": 270.14,
      "duracion": 1.96,
      "texto": "No, no, no puedo decir qué, porque, ¿qué pasa?",
      "confianza": 0.1
    },
    {
      "hablante": "Hablante B",
      "inicio": 270.16,
      "fin": 281.05,
      "duracion": 10.9,
      "texto": "Ustedes me van a invitar al momento, pero automáticamente, cuando la línea anterior suave, que vos te cambiaste de línea, te dejas sin servicio.",
      "confianza": 0.722
    },
    {
      "hablante": "Hablante B",
      "inicio": 282.5,
      "fin": 285.66,
      "duracion": 3.17,
      "texto": "Automáticamente te dejas sin servicio desde el mismo instante.",
      "confianza": 0.611
    },
    {
      "hablante": "Hablante B",
      "inicio": 285.84,
      "fin": 314.11,
      "duracion": 28.27,
      "texto": "No, no, no, no, no, no, no, no, no, no, no, no, no, no, no, no, no, no, no, no, no, no, no, no, no, no, no, no, no, no, no, no, no, no, no, no, no, no, no, no, no, no, no, no, no, no, no, no, no, no, no, no, no, no, no, no, no, no, no, no, no, no, no, no, no, no, no, no, no, no, no,",
      "confianza": 0.516
    },
    {
      "hablante": "Hablante B",
      "inicio": 314.56,
      "fin": 343.66,
      "duracion": 29.1,
      "texto": "estuve en el CEN, estuve claro, estuve en el CEN, estuve claro, estuve en el CEN, estuve claro, estuve en el CEN, estuve en el CEN, estuve en el CEN, estuve en el CEN, estuve en el CEN, estuve en el CEN, estuve en el CEN, estuve en el CEN, estuve en el CEN, estuve en el CEN, estuve en el CEN, estuve en el CEN, estuve en el CEN, estuve en el CEN, estuve en el CEN, estuve en el CEN, estuve en el CEN, estuve en el CEN, estuve en el CEN, estuve en el CEN, estuve en el CEN, estuve en el CEN, estuve en el CEN, estuve en el CEN, estuve en el CEN, estuve en el CEN, estuve en el CEN, estuve",
      "confianza": 0.209
    },
    {
      "hablante": "Hablante B",
      "inicio": 344.31,
      "fin": 348.3,
      "duracion": 3.99,
      "texto": "Pero te comento, ¿cómo es la historia?",
      "confianza": 0.446
    },
    {
      "hablante": "Hablante B",
      "inicio": 348.32,
      "fin": 366.62,
      "duracion": 18.3,
      "texto": "Durante la pandemia, pues ya todos sabemos, todos los guayos, todas las consecuencias que trajo eso, durante la pandemia, la un grupo Movistar no atendía a los clientes, no daba el servicio como debería hacer, y yo lo tuve muchos años.",
      "confianza": 0.499
    },
    {
      "hablante": "Hablante B",
      "inicio": 366.66,
      "fin": 369.01,
      "duracion": 2.34,
      "texto": "Entonces, cuando terminó la pandemia,",
      "confianza": 0.483
    },
    {
      "hablante": "Hablante B",
      "inicio": 369.73,
      "fin": 371.99,
      "duracion": 2.26,
      "texto": "¿Cómo pasó a otra empresa?",
      "confianza": 0.324
    },
    {
      "hablante": "Hablante B",
      "inicio": 372.01,
      "fin": 372.39,
      "duracion": 0.38,
      "texto": "¿Por qué?",
      "confianza": 0.342
    },
    {
      "hablante": "Hablante B",
      "inicio": 372.41,
      "fin": 383.55,
      "duracion": 11.14,
      "texto": "Porque era cliente de muchos años, siempre con dos mismas, y no me respondieron durante el momento que yo lo necesité.",
      "confianza": 0.663
    },
    {
      "hablante": "Hablante B",
      "inicio": 383.57,
      "fin": 384.57,
      "duracion": 1.0,
      "texto": "Esto es un servicio.",
      "confianza": 0.447
    },
    {
      "hablante": "Hablante B",
      "inicio": 385.27,
      "fin": 395.79,
      "duracion": 10.52,
      "texto": "Si vos no sos indecuento, es un tema opuesto, lo que vos podés descontar, lo que vos podés dar dentro del costo, es servicio.",
      "confianza": 0.744
    },
    {
      "hablante": "Hablante B",
      "inicio": 395.97,
      "fin": 406.94,
      "duracion": 10.97,
      "texto": "Pero si vos me estás vendiendo algo, que me das un servicio, que no me lo estás dando, no, no, porque esto es un servicio, no es para que yo reniegue, no es para que a mí me traiga un inconveniente.",
      "confianza": 0.437
    },
    {
      "hablante": "Hablante B",
      "inicio": 407.28,
      "fin": 413.73,
      "duracion": 6.45,
      "texto": "Al contrario, esto es un servicio, lo mismo que la luz, y lo mismo que el gas, y lo mismo que el internet.",
      "confianza": 0.587
    },
    {
      "hablante": "Hablante B",
      "inicio": 413.75,
      "fin": 419.61,
      "duracion": 5.87,
      "texto": "Esto es un servicio, si vos me das un servicio, tenemos un tema ahí, ¿entendés?",
      "confianza": 0.465
    },
    {
      "hablante": "Hablante B",
      "inicio": 420.03,
      "fin": 422.08,
      "duracion": 2.04,
      "texto": "Eso fue lo que a mí me pasó.",
      "confianza": 0.124
    },
    {
      "hablante": "Hablante B",
      "inicio": 422.1,
      "fin": 423.84,
      "duracion": 1.74,
      "texto": "No te atrevió a mover el reclamante.",
      "confianza": 0.404
    },
    {
      "hablante": "Hablante B",
      "inicio": 423.86,
      "fin": 426.26,
      "duracion": 2.4,
      "texto": "Fui comentando que eso es lo que sucedió.",
      "confianza": 0.451
    },
    {
      "hablante": "Hablante B",
      "inicio": 426.28,
      "fin": 428.66,
      "duracion": 2.38,
      "texto": "Y esto es lo que te pasó en ese año.",
      "confianza": 0.32
    },
    {
      "hablante": "Hablante B",
      "inicio": 429.55,
      "fin": 431.75,
      "duracion": 2.2,
      "texto": "Todo mi entorno tenía movistar.",
      "confianza": 0.608
    },
    {
      "hablante": "Hablante B",
      "inicio": 432.61,
      "fin": 435.19,
      "duracion": 2.58,
      "texto": "Y todo mi entorno cambió de movistar.",
      "confianza": 0.517
    },
    {
      "hablante": "Hablante B",
      "inicio": 435.51,
      "fin": 436.57,
      "duracion": 1.06,
      "texto": "Fue otra línea.",
      "confianza": 0.499
    },
    {
      "hablante": "Hablante B",
      "inicio": 437.12,
      "fin": 442.28,
      "duracion": 5.17,
      "texto": "Yo necesito ahora ser más claro por el lugar donde yo estoy viviendo.",
      "confianza": 0.535
    },
    {
      "hablante": "Hablante B",
      "inicio": 442.3,
      "fin": 445.89,
      "duracion": 3.59,
      "texto": "Donde estoy viviendo la antena de movistar no se vea bien.",
      "confianza": 0.587
    },
    {
      "hablante": "Hablante B",
      "inicio": 446.83,
      "fin": 449.23,
      "duracion": 2.4,
      "texto": "Porque yo me volví a pasar para movistar.",
      "confianza": 0.638
    },
    {
      "hablante": "Hablante B",
      "inicio": 449.46,
      "fin": 451.08,
      "duracion": 1.62,
      "texto": "Y lo que me pasó fue eso.",
      "confianza": 0.329
    },
    {
      "hablante": "Hablante B",
      "inicio": 451.64,
      "fin": 455.71,
      "duracion": 4.06,
      "texto": "Acá no llega bien la señal de movistar.",
      "confianza": 0.62
    },
    {
      "hablante": "Hablante A",
      "inicio": 458.41,
      "fin": 464.8,
      "duracion": 6.39,
      "texto": "Entonces la antena de clara está más cerca de donde yo estoy.",
      "confianza": 0.62
    },
    {
      "hablante": "Hablante A",
      "inicio": 464.82,
      "fin": 467.92,
      "duracion": 3.1,
      "texto": "Pero hay gente de clientes que no toman en contra de estas cocos.",
      "confianza": 0.418
    },
    {
      "hablante": "Hablante A",
      "inicio": 469.22,
      "fin": 478.49,
      "duracion": 9.27,
      "texto": "Bueno, yo sí porque me tomo el trabajo de averiguar cuál es el motivo por el que no puedo tener el servicio de movistar.",
      "confianza": 0.531
    },
    {
      "hablante": "Hablante A",
      "inicio": 478.51,
      "fin": 479.37,
      "duracion": 0.86,
      "texto": "No es en este caso.",
      "confianza": 0.468
    },
    {
      "hablante": "Hablante A",
      "inicio": 479.65,
      "fin": 482.51,
      "duracion": 2.86,
      "texto": "A mí, eso que te voy a renovar.",
      "confianza": 0.476
    },
    {
      "hablante": "Hablante A",
      "inicio": 482.54,
      "fin": 486.52,
      "duracion": 3.98,
      "texto": "Eso que te voy a renovar, sobre todo con la señal.",
      "confianza": 0.459
    },
    {
      "hablante": "Hablante A",
      "inicio": 486.54,
      "fin": 500.05,
      "duracion": 13.51,
      "texto": "Los que han vivido antes, muchos años, con ganas de sanura, señal, señal, movistar y claro, no teníamos la buena señal, ¿entendés?",
      "confianza": 0.317
    },
    {
      "hablante": "Hablante A",
      "inicio": 500.07,
      "fin": 503.97,
      "duracion": 3.9,
      "texto": "A veces tiene que ver con eso, no tiene que ver con que la empresa sea buena o mala.",
      "confianza": 0.522
    },
    {
      "hablante": "Hablante A",
      "inicio": 504.88,
      "fin": 507.62,
      "duracion": 2.74,
      "texto": "Pero bueno, fuimos en primera instancia mejor que...",
      "confianza": 0.33
    },
    {
      "hablante": "Hablante A",
      "inicio": 507.9,
      "fin": 517.35,
      "duracion": 9.45,
      "texto": "En el momento que más necesité, ni siquiera te atendía la atención del cliente.",
      "confianza": 0.475
    },
    {
      "hablante": "Hablante A",
      "inicio": 517.89,
      "fin": 520.41,
      "duracion": 2.52,
      "texto": "No te atendían directamente.",
      "confianza": 0.469
    },
    {
      "hablante": "Hablante B",
      "inicio": 522.96,
      "fin": 526.26,
      "duracion": 3.3,
      "texto": "Fue muy malo, yo creo que habría perdido mucho el cliente, como me imagino.",
      "confianza": 0.352
    },
    {
      "hablante": "Hablante B",
      "inicio": 526.68,
      "fin": 529.26,
      "duracion": 2.58,
      "texto": "Me imagino, no lo sé.",
      "confianza": 0.465
    },
    {
      "hablante": "Hablante B",
      "inicio": 529.42,
      "fin": 533.79,
      "duracion": 4.37,
      "texto": "Yo también teníamos la pandemia, la verdad que no tuve ningún problema.",
      "confianza": 0.536
    },
    {
      "hablante": "Hablante B",
      "inicio": 534.34,
      "fin": 546.3,
      "duracion": 11.96,
      "texto": "Entiendo que los clientes no habrán pasado malos momentos con Movistar.",
      "confianza": 0.566
    },
    {
      "hablante": "Hablante B",
      "inicio": 546.38,
      "fin": 561.26,
      "duracion": 14.88,
      "texto": "Me vuelvo a cambiar de línea.",
      "confianza": 0.375
    },
    {
      "hablante": "Hablante B",
      "inicio": 562.14,
      "fin": 572.11,
      "duracion": 9.97,
      "texto": "Lo que ya lo he entendido varias veces y es como que no estoy capacitada en este momento como para renegar con eso, ¿entendés?",
      "confianza": 0.528
    },
    {
      "hablante": "Hablante B",
      "inicio": 572.13,
      "fin": 573.55,
      "duracion": 1.42,
      "texto": "Bien, bien, perfecto.",
      "confianza": 0.512
    },
    {
      "hablante": "Hablante B",
      "inicio": 573.57,
      "fin": 577.06,
      "duracion": 3.49,
      "texto": "Voy a hablar de dónde estás actualmente porque no trae el cáncer escuchable de dónde sos.",
      "confianza": 0.476
    },
    {
      "hablante": "Hablante B",
      "inicio": 578.4,
      "fin": 580.86,
      "duracion": 2.46,
      "texto": "Yo soy de Comodalma de la Hiela.",
      "confianza": 0.332
    },
    {
      "hablante": "Hablante B",
      "inicio": 580.88,
      "fin": 585.63,
      "duracion": 4.75,
      "texto": "Yo soy de Comodalma de la Hiela, justo dentro de Llaura Pinamar.",
      "confianza": 0.538
    },
    {
      "hablante": "Hablante B",
      "inicio": 585.65,
      "fin": 587.75,
      "duracion": 2.1,
      "texto": "Y estoy sobre la ruta.",
      "confianza": 0.898
    },
    {
      "hablante": "Hablante B",
      "inicio": 587.79,
      "fin": 590.14,
      "duracion": 2.34,
      "texto": "Ah, perfecto.",
      "confianza": 0.318
    },
    {
      "hablante": "Hablante B",
      "inicio": 590.16,
      "fin": 590.88,
      "duracion": 0.72,
      "texto": "Perfecto.",
      "confianza": 0.6
    },
    {
      "hablante": "Hablante B",
      "inicio": 591.23,
      "fin": 594.91,
      "duracion": 3.68,
      "texto": "La antena no está lejos de acá.",
      "confianza": 0.374
    },
    {
      "hablante": "Hablante B",
      "inicio": 594.93,
      "fin": 597.76,
      "duracion": 2.82,
      "texto": "Claro, sí, sí, sí.",
      "confianza": 0.251
    },
    {
      "hablante": "Hablante B",
      "inicio": 597.78,
      "fin": 599.32,
      "duracion": 1.54,
      "texto": "¿Y qué calidad tenés cerca, me habrías dicho?",
      "confianza": 0.455
    },
    {
      "hablante": "Hablante B",
      "inicio": 600.42,
      "fin": 602.38,
      "duracion": 1.96,
      "texto": "Pinamar, es cerca de Pinamar.",
      "confianza": 0.632
    },
    {
      "hablante": "Hablante B",
      "inicio": 602.4,
      "fin": 604.37,
      "duracion": 1.96,
      "texto": "Pinamar, perfecto.",
      "confianza": 0.303
    },
    {
      "hablante": "Hablante B",
      "inicio": 604.39,
      "fin": 608.11,
      "duracion": 3.73,
      "texto": "Sí, es para dejarlo sentado también en el sistema, porque...",
      "confianza": 0.677
    },
    {
      "hablante": "Hablante B",
      "inicio": 608.13,
      "fin": 617.92,
      "duracion": 9.79,
      "texto": "No, sí, porque es un gasto importante, que por ahí ya pueden hacer algún combio, como para que la antena siga un poco más los señales.",
      "confianza": 0.452
    },
    {
      "hablante": "Hablante B",
      "inicio": 617.95,
      "fin": 620.31,
      "duracion": 2.36,
      "texto": "Claro, en Pinamar tenés cordura.",
      "confianza": 0.721
    },
    {
      "hablante": "Hablante B",
      "inicio": 621.1,
      "fin": 628.47,
      "duracion": 7.37,
      "texto": "Pero bueno, justamente, como me decís, no debe haber una zona donde estés vos que no la cubierta.",
      "confianza": 0.517
    },
    {
      "hablante": "Hablante B",
      "inicio": 628.65,
      "fin": 630.53,
      "duracion": 1.88,
      "texto": "Es difícil, pero se está llegando a la redacta.",
      "confianza": 0.317
    },
    {
      "hablante": "Hablante B",
      "inicio": 630.55,
      "fin": 634.5,
      "duracion": 3.95,
      "texto": "Contina Marci, es algo del que mamá me viene para acá para Madrid y allá.",
      "confianza": 0.477
    },
    {
      "hablante": "Hablante B",
      "inicio": 635.22,
      "fin": 640.77,
      "duracion": 5.55,
      "texto": "Pero bueno, es como que tuve que mudar para acá y no, no, no es imposible.",
      "confianza": 0.435
    },
    {
      "hablante": "Hablante B",
      "inicio": 640.79,
      "fin": 647.26,
      "duracion": 6.47,
      "texto": "Y yo trabajo con, yo trabajo con el teléfono, con el internet, el trabajo, ¿viste?",
      "confianza": 0.432
    },
    {
      "hablante": "Hablante B",
      "inicio": 647.46,
      "fin": 649.8,
      "duracion": 2.34,
      "texto": "Es el problema.",
      "confianza": 0.3
    },
    {
      "hablante": "Hablante B",
      "inicio": 649.82,
      "fin": 650.28,
      "duracion": 0.46,
      "texto": "Bueno, no hay problema.",
      "confianza": 0.014
    },
    {
      "hablante": "Hablante B",
      "inicio": 650.3,
      "fin": 653.18,
      "duracion": 2.88,
      "texto": "No digo que nunca, pero en este momento no me interesa.",
      "confianza": 0.463
    },
    {
      "hablante": "Hablante B",
      "inicio": 653.94,
      "fin": 655.02,
      "duracion": 1.08,
      "texto": "No hay problema, quédate tranquila.",
      "confianza": 0.242
    },
    {
      "hablante": "Hablante B",
      "inicio": 655.11,
      "fin": 658.39,
      "duracion": 3.28,
      "texto": "Yo me voy a comunicar con vos más adelante cuando tengas cobertura, ¿sí?",
      "confianza": 0.418
    },
    {
      "hablante": "Hablante B",
      "inicio": 659.19,
      "fin": 665.82,
      "duracion": 6.63,
      "texto": "Vale, te agradezco, muy amable y muy dedicada, porque hay alguien que es un bastante más dedicado a lo que hemos hecho.",
      "confianza": 0.445
    },
    {
      "hablante": "Hablante B",
      "inicio": 665.84,
      "fin": 667.14,
      "duracion": 1.3,
      "texto": "No hay problema, quédate tranquila.",
      "confianza": 0.435
    },
    {
      "hablante": "Hablante B",
      "inicio": 667.16,
      "fin": 669.96,
      "duracion": 2.8,
      "texto": "¿Cómo se nombre?",
      "confianza": 0.39
    },
    {
      "hablante": "Hablante B",
      "inicio": 669.98,
      "fin": 670.56,
      "duracion": 0.58,
      "texto": "No Eliana.",
      "confianza": 0.782
    },
    {
      "hablante": "Hablante B",
      "inicio": 671.17,
      "fin": 672.81,
      "duracion": 1.64,
      "texto": "Noelia, bueno, gracias, Noelia.",
      "confianza": 0.302
    },
    {
      "hablante": "Hablante B",
      "inicio": 673.13,
      "fin": 677.08,
      "duracion": 3.95,
      "texto": "Gracias por estar conmigo y te vuelvo a decir, fue muy educada.",
      "confianza": 0.486
    },
    {
      "hablante": "Hablante B",
      "inicio": 677.1,
      "fin": 678.33,
      "duracion": 1.22,
      "texto": "Vale, muchas gracias a vos.",
      "confianza": 0.579
    },
    {
      "hablante": "Hablante B",
      "inicio": 678.69,
      "fin": 681.01,
      "duracion": 2.33,
      "texto": "Espero que tengas un lindo día, ¿sí?",
      "confianza": 0.415
    },
    {
      "hablante": "Hablante B",
      "inicio": 681.03,
      "fin": 682.32,
      "duracion": 1.28,
      "texto": "Gracias, y a vos.",
      "confianza": 0.426
    },
    {
      "hablante": "Hablante B",
      "inicio": 682.34,
      "fin": 684.16,
      "duracion": 1.83,
      "texto": "Hasta luego.",
      "confianza": 0.614
    }
  ],
  "transcripcion_completa": "Hola, buenos días. Sí. ¿Cómo estás? ¿Buen día, Analía? Sí. Analía, ¿cómo estás? Comunico de la línea de Recuperé de Quilentere Movistar. Me estaba comunicando con ustedes para darles beneficios a su línea. ¿Cómo le va? ¿Qué tal? No, te agradezco. No estoy interesada. ¿Por qué razón no le interesas si a uno le ofrezco nada? ¿Cómo? ¿Por qué razón no le interesas si a uno le ofrezco nada? Sí, porque estoy conforme con el servicio que tengo. Bien, pero actualmente en claro, ¿cuánto estabas pagando, más o menos? No sé, creo que algo de $10,000. $10,000. ¿Y cuánto has llegado? Tengo $15,000. $15,000. Bueno, en este caso estamos brindando una promo. $15,000. Bien, en este caso tenemos una promo más económica, ¿sí? Tiene casi la misma cantidad de tribas para que puedas adquirir. Además, si tenés más de una línea de tu nombre, tendrías también 10 de regalo con línea móvil. Sí, esto no tiene línea. Bueno, mirá, si vos pasás las dos líneas, por ejemplo, tengo un ejemplo. Tenemos un plan de 4 tribas de base más 10 de regalo por 6 meses en 7,790. Si vos pasás ambas líneas, te queda un plan base de 8 tribas de base. más 10 de regalo por seis meses en 7.790. Sí, pero yo ya me pasé de línea, me pasé de línea, me pasé de línea. El tema es así. De vez en cuando que me paso de línea, me pierdo contactos por motivos de pierdo cliente, de mentira que no te quedaste de línea nunca porque en el traspaso siento que te das, por lo menos, más líneas, más líneas. Vamos a esperar ya veces. Yo creo que el presupuesto es limitado, porque es el porcentaje. O sea, lo que está beneficiado es un porcentaje, no es un abono fijo. Entonces, cuando va aumentando el abono, va aumentando, no es que... Es un descuento fijo durante seis meses. Pero es sobre el abono el descuento. No es que yo voy a pagar esto... todos los meses. Si no, si el mes que viene aumenta la buena, me la aumentan. No voy a pagar eso. No, en este caso, primero que nada, que no estamos teniendo aumentos abruptos. Segundo, que si tendré a aumentar la facturación, siempre se traduce a con 30 días y no es más del 3%. Pero en el caso que te reguen a llegar mal una facturación, que estén cobrando de más o lo que sea, Vas a tener mi número de teléfono para poder contactarme, en el caso de que hay alguna irregularidad, para poder solucionarlo en el momento. Pero los aumentos, que no hay aumentos abruptos, es en todo. O hasta el supermercado y no hay aumentos abruptos, pero a maneditas y maneditas que van a aumentar, y cuando llegue la semana o el mes, te das cuenta que gastarás 20 y ya te gastas 50. O sea, sobre los aumentos, olvídate porque aumenta todo. Pero fue simplemente una... No estoy interesada en cambiar de compañía en este momento personalmente. Siempre se causa un incremento en el mundo. Si no, pues es como... Como evitar, ni pasar tiempo. Y eso no le pasó a la moción, porque no había pasado a claro. Y toda la gente tiene cinco momentos. Es mentira que... Pero es mentira lo que te dicen. Vos me has dado el pico y que vos sos una operadora que estás en un sector, que estás en un sector de... ¿Cómo se dice? Ay, pará que tiene un nombre, no me sale. Bueno, estás en otro sector de la producción. Claro, pero mentira, te mienten. O sea, eso es mentira. Por lo mínimo... Un día te quedas sin línea, y más también, te quedas sin... Sin línea, ¿qué fue lo que te pasó cuando te cambiaste? No, no, no puedo decir qué, porque, ¿qué pasa? Ustedes me van a invitar al momento, pero automáticamente, cuando la línea anterior suave, que vos te cambiaste de línea, te dejas sin servicio. Automáticamente te dejas sin servicio desde el mismo instante. No, no, no, no, no, no, no, no, no, no, no, no, no, no, no, no, no, no, no, no, no, no, no, no, no, no, no, no, no, no, no, no, no, no, no, no, no, no, no, no, no, no, no, no, no, no, no, no, no, no, no, no, no, no, no, no, no, no, no, no, no, no, no, no, no, no, no, no, no, no, no, estuve en el CEN, estuve claro, estuve en el CEN, estuve claro, estuve en el CEN, estuve claro, estuve en el CEN, estuve en el CEN, estuve en el CEN, estuve en el CEN, estuve en el CEN, estuve en el CEN, estuve en el CEN, estuve en el CEN, estuve en el CEN, estuve en el CEN, estuve en el CEN, estuve en el CEN, estuve en el CEN, estuve en el CEN, estuve en el CEN, estuve en el CEN, estuve en el CEN, estuve en el CEN, estuve en el CEN, estuve en el CEN, estuve en el CEN, estuve en el CEN, estuve en el CEN, estuve en el CEN, estuve en el CEN, estuve en el CEN, estuve en el CEN, estuve Pero te comento, ¿cómo es la historia? Durante la pandemia, pues ya todos sabemos, todos los guayos, todas las consecuencias que trajo eso, durante la pandemia, la un grupo Movistar no atendía a los clientes, no daba el servicio como debería hacer, y yo lo tuve muchos años. Entonces, cuando terminó la pandemia, ¿Cómo pasó a otra empresa? ¿Por qué? Porque era cliente de muchos años, siempre con dos mismas, y no me respondieron durante el momento que yo lo necesité. Esto es un servicio. Si vos no sos indecuento, es un tema opuesto, lo que vos podés descontar, lo que vos podés dar dentro del costo, es servicio. Pero si vos me estás vendiendo algo, que me das un servicio, que no me lo estás dando, no, no, porque esto es un servicio, no es para que yo reniegue, no es para que a mí me traiga un inconveniente. Al contrario, esto es un servicio, lo mismo que la luz, y lo mismo que el gas, y lo mismo que el internet. Esto es un servicio, si vos me das un servicio, tenemos un tema ahí, ¿entendés? Eso fue lo que a mí me pasó. No te atrevió a mover el reclamante. Fui comentando que eso es lo que sucedió. Y esto es lo que te pasó en ese año. Todo mi entorno tenía movistar. Y todo mi entorno cambió de movistar. Fue otra línea. Yo necesito ahora ser más claro por el lugar donde yo estoy viviendo. Donde estoy viviendo la antena de movistar no se vea bien. Porque yo me volví a pasar para movistar. Y lo que me pasó fue eso. Acá no llega bien la señal de movistar. Entonces la antena de clara está más cerca de donde yo estoy. Pero hay gente de clientes que no toman en contra de estas cocos. Bueno, yo sí porque me tomo el trabajo de averiguar cuál es el motivo por el que no puedo tener el servicio de movistar. No es en este caso. A mí, eso que te voy a renovar. Eso que te voy a renovar, sobre todo con la señal. Los que han vivido antes, muchos años, con ganas de sanura, señal, señal, movistar y claro, no teníamos la buena señal, ¿entendés? A veces tiene que ver con eso, no tiene que ver con que la empresa sea buena o mala. Pero bueno, fuimos en primera instancia mejor que... En el momento que más necesité, ni siquiera te atendía la atención del cliente. No te atendían directamente. Fue muy malo, yo creo que habría perdido mucho el cliente, como me imagino. Me imagino, no lo sé. Yo también teníamos la pandemia, la verdad que no tuve ningún problema. Entiendo que los clientes no habrán pasado malos momentos con Movistar. Me vuelvo a cambiar de línea. Lo que ya lo he entendido varias veces y es como que no estoy capacitada en este momento como para renegar con eso, ¿entendés? Bien, bien, perfecto. Voy a hablar de dónde estás actualmente porque no trae el cáncer escuchable de dónde sos. Yo soy de Comodalma de la Hiela. Yo soy de Comodalma de la Hiela, justo dentro de Llaura Pinamar. Y estoy sobre la ruta. Ah, perfecto. Perfecto. La antena no está lejos de acá. Claro, sí, sí, sí. ¿Y qué calidad tenés cerca, me habrías dicho? Pinamar, es cerca de Pinamar. Pinamar, perfecto. Sí, es para dejarlo sentado también en el sistema, porque... No, sí, porque es un gasto importante, que por ahí ya pueden hacer algún combio, como para que la antena siga un poco más los señales. Claro, en Pinamar tenés cordura. Pero bueno, justamente, como me decís, no debe haber una zona donde estés vos que no la cubierta. Es difícil, pero se está llegando a la redacta. Contina Marci, es algo del que mamá me viene para acá para Madrid y allá. Pero bueno, es como que tuve que mudar para acá y no, no, no es imposible. Y yo trabajo con, yo trabajo con el teléfono, con el internet, el trabajo, ¿viste? Es el problema. Bueno, no hay problema. No digo que nunca, pero en este momento no me interesa. No hay problema, quédate tranquila. Yo me voy a comunicar con vos más adelante cuando tengas cobertura, ¿sí? Vale, te agradezco, muy amable y muy dedicada, porque hay alguien que es un bastante más dedicado a lo que hemos hecho. No hay problema, quédate tranquila. ¿Cómo se nombre? No Eliana. Noelia, bueno, gracias, Noelia. Gracias por estar conmigo y te vuelvo a decir, fue muy educada. Vale, muchas gracias a vos. Espero que tengas un lindo día, ¿sí? Gracias, y a vos. Hasta luego.",
  "calidad": {
    "confianza_promedio": 0.464,
    "metodo_diarizacion": "pausas_fallback",
    "tiempo_procesamiento": 29.4
  },
  "metadata": {
    "modelo": "whisperx_medium",
    "diarizacion": "pausas",
    "dispositivo": "cuda",
    "fecha": "2026-02-18T22:59:12.264342",
    "version": "5.0_ecapa"
  }
}