{
  "archivo": "amza10_1_260219120407172_ACD_85465.wav",
  "duracion_segundos": 278.08,
  "num_segmentos": 69,
  "num_hablantes": 2,
  "hablantes": [
    "Hablante A",
    "Hablante B"
  ],
  "tiempo_por_hablante": {
    "Hablante B": 82.21,
    "Hablante A": 171.82
  },
  "idioma": "es",
  "conversacion": [
    {
      "hablante": "Hablante B",
      "inicio": 2.44,
      "fin": 6.57,
      "duracion": 4.13,
      "texto": "Hola, buenos días.",
      "confianza": 0.064
    },
    {
      "hablante": "Hablante B",
      "inicio": 6.59,
      "fin": 6.65,
      "duracion": 0.06,
      "texto": "Sí.",
      "confianza": 0.124
    },
    {
      "hablante": "Hablante B",
      "inicio": 6.67,
      "fin": 7.35,
      "duracion": 0.68,
      "texto": "¿Cómo va, Lourdes?",
      "confianza": 0.645
    },
    {
      "hablante": "Hablante B",
      "inicio": 7.45,
      "fin": 7.99,
      "duracion": 0.54,
      "texto": "Hablé de este lado.",
      "confianza": 0.47
    },
    {
      "hablante": "Hablante B",
      "inicio": 8.03,
      "fin": 9.27,
      "duracion": 1.24,
      "texto": "Queríamos hablar con Graciela.",
      "confianza": 0.635
    },
    {
      "hablante": "Hablante B",
      "inicio": 9.38,
      "fin": 12.26,
      "duracion": 2.88,
      "texto": "¿Es usted?",
      "confianza": 0.167
    },
    {
      "hablante": "Hablante B",
      "inicio": 12.28,
      "fin": 12.5,
      "duracion": 0.22,
      "texto": "Sí, decime.",
      "confianza": 0.03
    },
    {
      "hablante": "Hablante B",
      "inicio": 12.52,
      "fin": 14.04,
      "duracion": 1.52,
      "texto": "Graciela, un gusto.",
      "confianza": 0.439
    },
    {
      "hablante": "Hablante B",
      "inicio": 14.06,
      "fin": 27.48,
      "duracion": 13.42,
      "texto": "Mira, de llamar, sí, porque tenemos para brindarte un 80% de encuentro en las líneas, mesura que tenés dos líneas, ¿correcto?",
      "confianza": 0.619
    },
    {
      "hablante": "Hablante B",
      "inicio": 27.5,
      "fin": 28.14,
      "duracion": 0.64,
      "texto": "Uy, ¿tú haces eso de movistar?",
      "confianza": 0.09
    },
    {
      "hablante": "Hablante B",
      "inicio": 28.16,
      "fin": 28.42,
      "duracion": 0.26,
      "texto": "Sí, Graciela.",
      "confianza": 0.056
    },
    {
      "hablante": "Hablante B",
      "inicio": 28.44,
      "fin": 28.74,
      "duracion": 0.3,
      "texto": "Bueno, gracias.",
      "confianza": 0.002
    },
    {
      "hablante": "Hablante B",
      "inicio": 28.76,
      "fin": 29.34,
      "duracion": 0.58,
      "texto": "No quiero pasarme a movistar.",
      "confianza": 0.005
    },
    {
      "hablante": "Hablante B",
      "inicio": 29.36,
      "fin": 31.39,
      "duracion": 2.02,
      "texto": "Bien, te hago una consulta porque no estás interesada.",
      "confianza": 0.54
    },
    {
      "hablante": "Hablante B",
      "inicio": 32.08,
      "fin": 37.84,
      "duracion": 5.77,
      "texto": "No, porque fue pésimo movistar para mí hace dos años y bueno, no volvería.",
      "confianza": 0.532
    },
    {
      "hablante": "Hablante B",
      "inicio": 37.86,
      "fin": 42.47,
      "duracion": 4.61,
      "texto": "Bueno, sí, entiendo que has tenido una buena experiencia hace tres años, sí, que es verdad que te hiciste en el 2023.",
      "confianza": 0.474
    },
    {
      "hablante": "Hablante B",
      "inicio": 43.03,
      "fin": 52.2,
      "duracion": 9.17,
      "texto": "Pero bueno, la idea de esto, sí, como te digo, es la idea de recuperar clientes, movistar que clientes puedan volver a probar el servicio, sí, de cero básicamente, con esta nueva oferta.",
      "confianza": 0.551
    },
    {
      "hablante": "Hablante B",
      "inicio": 52.22,
      "fin": 58.09,
      "duracion": 5.87,
      "texto": "Hace poquito tuve ganas de atendir a una, no hace mucho.",
      "confianza": 0.205
    },
    {
      "hablante": "Hablante B",
      "inicio": 58.11,
      "fin": 58.17,
      "duracion": 0.06,
      "texto": "Ah.",
      "confianza": 0.023
    },
    {
      "hablante": "Hablante B",
      "inicio": 58.19,
      "fin": 58.27,
      "duracion": 0.08,
      "texto": "Y...",
      "confianza": 0.251
    },
    {
      "hablante": "Hablante B",
      "inicio": 58.99,
      "fin": 65.86,
      "duracion": 6.87,
      "texto": "Hicimos todo con el Google Map y todo de movilizar y no tenés la antena.",
      "confianza": 0.691
    },
    {
      "hablante": "Hablante B",
      "inicio": 65.88,
      "fin": 68.1,
      "duracion": 2.22,
      "texto": "Ah, pero ¿qué queréis vos?",
      "confianza": 0.477
    },
    {
      "hablante": "Hablante B",
      "inicio": 68.28,
      "fin": 69.64,
      "duracion": 1.36,
      "texto": "¿Fibra o queréis internet?",
      "confianza": 0.711
    },
    {
      "hablante": "Hablante B",
      "inicio": 69.66,
      "fin": 70.84,
      "duracion": 1.18,
      "texto": "O sea, cobertura en la línea.",
      "confianza": 0.287
    },
    {
      "hablante": "Hablante B",
      "inicio": 71.53,
      "fin": 72.03,
      "duracion": 0.5,
      "texto": "No, no.",
      "confianza": 0.731
    },
    {
      "hablante": "Hablante B",
      "inicio": 72.05,
      "fin": 74.91,
      "duracion": 2.86,
      "texto": "Usted no tiene la, ¿cómo se dice?",
      "confianza": 0.637
    },
    {
      "hablante": "Hablante B",
      "inicio": 75.27,
      "fin": 83.32,
      "duracion": 8.05,
      "texto": "O sea, porque te quedas sin señal para donde yo vivo, para donde yo estoy, ¿entendés?",
      "confianza": 0.644
    },
    {
      "hablante": "Hablante B",
      "inicio": 83.34,
      "fin": 83.58,
      "duracion": 0.24,
      "texto": "O sea...",
      "confianza": 0.252
    },
    {
      "hablante": "Hablante B",
      "inicio": 83.6,
      "fin": 86.38,
      "duracion": 2.78,
      "texto": "Si es así, la tiene una consulta igual para también dejarlas en toda mi área.",
      "confianza": 0.382
    },
    {
      "hablante": "Hablante B",
      "inicio": 86.44,
      "fin": 88.54,
      "duracion": 2.1,
      "texto": "¿De qué zona me decís que no tenés cobertura?",
      "confianza": 0.617
    },
    {
      "hablante": "Hablante A",
      "inicio": 91.51,
      "fin": 92.71,
      "duracion": 1.2,
      "texto": "Yo vivo acá en Calafate.",
      "confianza": 0.455
    },
    {
      "hablante": "Hablante A",
      "inicio": 93.69,
      "fin": 99.82,
      "duracion": 6.13,
      "texto": "Y en la parte que yo estoy, como aquella vez siempre nos quedábamos sin señales, por esas mismas razones también yo me cambié, ¿viste?",
      "confianza": 0.742
    },
    {
      "hablante": "Hablante A",
      "inicio": 100.84,
      "fin": 112.12,
      "duracion": 11.27,
      "texto": "Y bueno, el otro día cuando echamos una chica de movistar yo le di todos los datos y colaboramos para donde tienen ustedes supuestamente movistar las antenas y funciona o no.",
      "confianza": 0.708
    },
    {
      "hablante": "Hablante A",
      "inicio": 112.94,
      "fin": 114.24,
      "duracion": 1.3,
      "texto": "Y para ella, ¿ella vio o no?",
      "confianza": 0.593
    },
    {
      "hablante": "Hablante A",
      "inicio": 114.26,
      "fin": 118.25,
      "duracion": 3.98,
      "texto": "A ella le figura en el centro que tiene movistar, ¿entendés?",
      "confianza": 0.789
    },
    {
      "hablante": "Hablante A",
      "inicio": 119.17,
      "fin": 120.91,
      "duracion": 1.74,
      "texto": "O la parte para el otro lado.",
      "confianza": 0.59
    },
    {
      "hablante": "Hablante A",
      "inicio": 121.53,
      "fin": 132.91,
      "duracion": 11.37,
      "texto": "Claro, por eso es que como me he estado colocando antenas, y con la cantidad de tiempo ya, digamos, que vos te fuiste a la empresa, así como vos y Rosy y el desmal, eso pasa que el cliente te hace quedar, digamos, con esta experiencia, sí.",
      "confianza": 0.552
    },
    {
      "hablante": "Hablante A",
      "inicio": 132.93,
      "fin": 134.89,
      "duracion": 1.96,
      "texto": "No, no, por eso tengo unas razones.",
      "confianza": 0.448
    },
    {
      "hablante": "Hablante A",
      "inicio": 134.91,
      "fin": 140.73,
      "duracion": 5.83,
      "texto": "Claro, yo también te entiendo a vos, pero se ve que si vos te pones a leer, supongo yo que la chica habrá dejado asentado.",
      "confianza": 0.665
    },
    {
      "hablante": "Hablante A",
      "inicio": 141.47,
      "fin": 145.16,
      "duracion": 3.68,
      "texto": "No, por eso es que son diferentes áreas, por eso la niña no ha asentado.",
      "confianza": 0.357
    },
    {
      "hablante": "Hablante A",
      "inicio": 145.18,
      "fin": 146.06,
      "duracion": 0.88,
      "texto": "Ah, diferentes áreas.",
      "confianza": 0.313
    },
    {
      "hablante": "Hablante A",
      "inicio": 146.08,
      "fin": 148.78,
      "duracion": 2.7,
      "texto": "Ah, por razón rompe las bolas siempre, entonces.",
      "confianza": 0.336
    },
    {
      "hablante": "Hablante A",
      "inicio": 148.8,
      "fin": 150.85,
      "duracion": 2.04,
      "texto": "Y ya va a tomar de varios lugares, sí, ¿sabes?",
      "confianza": 0.281
    },
    {
      "hablante": "Hablante A",
      "inicio": 151.16,
      "fin": 154.53,
      "duracion": 3.36,
      "texto": "te cansa, te cansa.",
      "confianza": 0.418
    },
    {
      "hablante": "Hablante A",
      "inicio": 154.55,
      "fin": 168.9,
      "duracion": 14.35,
      "texto": "Yo la atendí a la chica, no sé de qué lugar me llamó, no me acuerdo, y bueno, corroboramos, estuvo yo de buena, la atendí, y bueno, digo yo, y ahí corroboramos, le digo, no, yo me fui por esas razones y bueno, ella me dijo, ¿querés que hagamos esto?",
      "confianza": 0.624
    },
    {
      "hablante": "Hablante A",
      "inicio": 168.92,
      "fin": 176.53,
      "duracion": 7.61,
      "texto": "Es más, creo que tengo el mensaje como para si en un caso yo me quería cambiar.",
      "confianza": 0.63
    },
    {
      "hablante": "Hablante A",
      "inicio": 177.02,
      "fin": 180.5,
      "duracion": 3.48,
      "texto": "Y bueno, yo le dije, no, sigue siendo lo mismo, ¿entendés?",
      "confianza": 0.702
    },
    {
      "hablante": "Hablante A",
      "inicio": 180.52,
      "fin": 184.47,
      "duracion": 3.94,
      "texto": "O sea, hay gente que tiene movilidad y se sigue quedando sin señal.",
      "confianza": 0.666
    },
    {
      "hablante": "Hablante A",
      "inicio": 185.63,
      "fin": 190.47,
      "duracion": 4.85,
      "texto": "Y cuando decís solamente con claro, estamos bien, te vas a Chile y todo, no tenés problema, ¿viste?",
      "confianza": 0.678
    },
    {
      "hablante": "Hablante A",
      "inicio": 191.39,
      "fin": 196.36,
      "duracion": 4.97,
      "texto": "Eso también es la otra, te vas a otro lado, a otro país que nosotros acá estamos cerquita para irnos aquí.",
      "confianza": 0.633
    },
    {
      "hablante": "Hablante A",
      "inicio": 196.38,
      "fin": 204.33,
      "duracion": 7.95,
      "texto": "Bueno, no cerquita, pero una vez cada tanto te vas a comprar cosas baratas, digamos, y ahí te, ahí podéis vos andar, ¿viste?",
      "confianza": 0.569
    },
    {
      "hablante": "Hablante A",
      "inicio": 204.41,
      "fin": 206.65,
      "duracion": 2.24,
      "texto": "Con claro, por ejemplo, nos pasó eso.",
      "confianza": 0.864
    },
    {
      "hablante": "Hablante A",
      "inicio": 207.78,
      "fin": 213.11,
      "duracion": 5.33,
      "texto": "que yo y mi hija teníamos claro y mi marido y mi suegra tenían movistar.",
      "confianza": 0.629
    },
    {
      "hablante": "Hablante A",
      "inicio": 213.75,
      "fin": 214.03,
      "duracion": 0.28,
      "texto": "¿Qué más?",
      "confianza": 0.239
    },
    {
      "hablante": "Hablante A",
      "inicio": 214.05,
      "fin": 217.31,
      "duracion": 3.26,
      "texto": "Hace poco ellos, para diciembre lo pasaron a claro.",
      "confianza": 0.79
    },
    {
      "hablante": "Hablante A",
      "inicio": 217.71,
      "fin": 224.26,
      "duracion": 6.55,
      "texto": "Pues yo le dije, nos pasemos, para que estén a claro que tienen señal en Chile, porque ellos van mucho más seguido, ¿viste?",
      "confianza": 0.592
    },
    {
      "hablante": "Hablante A",
      "inicio": 225.22,
      "fin": 226.53,
      "duracion": 1.3,
      "texto": "Y bueno, se pasaron.",
      "confianza": 0.865
    },
    {
      "hablante": "Hablante A",
      "inicio": 226.65,
      "fin": 230.59,
      "duracion": 3.95,
      "texto": "Todo ese beneficio, hasta ahora estamos bien.",
      "confianza": 0.791
    },
    {
      "hablante": "Hablante A",
      "inicio": 230.61,
      "fin": 232.22,
      "duracion": 1.6,
      "texto": "Yo con claro, hasta ahora vengo bien.",
      "confianza": 0.851
    },
    {
      "hablante": "Hablante A",
      "inicio": 232.29,
      "fin": 235.44,
      "duracion": 3.15,
      "texto": "Me voy al norte, allá en Formosa,",
      "confianza": 0.763
    },
    {
      "hablante": "Hablante A",
      "inicio": 235.98,
      "fin": 243.29,
      "duracion": 7.31,
      "texto": "y en el pueblito donde ahí usan personal, por ejemplo, y personal también no funciona muy bien.",
      "confianza": 0.765
    },
    {
      "hablante": "Hablante A",
      "inicio": 244.03,
      "fin": 249.18,
      "duracion": 5.15,
      "texto": "En cambio, claro o tenés, tenés señal con claro.",
      "confianza": 0.734
    },
    {
      "hablante": "Hablante A",
      "inicio": 249.2,
      "fin": 254.84,
      "duracion": 5.65,
      "texto": "O sea, a mí me sirve, a mí me sirve y no me queda, no me quedo sin señal.",
      "confianza": 0.552
    },
    {
      "hablante": "Hablante A",
      "inicio": 255.38,
      "fin": 256.39,
      "duracion": 1.0,
      "texto": "Es lo que a mí me sirve.",
      "confianza": 0.779
    },
    {
      "hablante": "Hablante A",
      "inicio": 256.85,
      "fin": 264.66,
      "duracion": 7.81,
      "texto": "No me interesa Wi-Fi, no me interesa Internet porque tengo en el trabajo Wi-Fi, en mi casa Wi-Fi.",
      "confianza": 0.717
    },
    {
      "hablante": "Hablante A",
      "inicio": 264.68,
      "fin": 265.9,
      "duracion": 1.22,
      "texto": "Lo que me interesa es",
      "confianza": 0.853
    },
    {
      "hablante": "Hablante A",
      "inicio": 266.12,
      "fin": 269.74,
      "duracion": 3.63,
      "texto": "tener llamadas, eso, o WhatsApp de verdad, y nada más.",
      "confianza": 0.428
    },
    {
      "hablante": "Hablante A",
      "inicio": 270.26,
      "fin": 274.98,
      "duracion": 4.71,
      "texto": "Bueno, muchas gracias, muy amable.",
      "confianza": 0.496
    },
    {
      "hablante": "Hablante A",
      "inicio": 275.0,
      "fin": 278.08,
      "duracion": 3.09,
      "texto": "Dale, listo.",
      "confianza": 0.637
    }
  ],
  "transcripcion_completa": "Hola, buenos días. Sí. ¿Cómo va, Lourdes? Hablé de este lado. Queríamos hablar con Graciela. ¿Es usted? Sí, decime. Graciela, un gusto. Mira, de llamar, sí, porque tenemos para brindarte un 80% de encuentro en las líneas, mesura que tenés dos líneas, ¿correcto? Uy, ¿tú haces eso de movistar? Sí, Graciela. Bueno, gracias. No quiero pasarme a movistar. Bien, te hago una consulta porque no estás interesada. No, porque fue pésimo movistar para mí hace dos años y bueno, no volvería. Bueno, sí, entiendo que has tenido una buena experiencia hace tres años, sí, que es verdad que te hiciste en el 2023. Pero bueno, la idea de esto, sí, como te digo, es la idea de recuperar clientes, movistar que clientes puedan volver a probar el servicio, sí, de cero básicamente, con esta nueva oferta. Hace poquito tuve ganas de atendir a una, no hace mucho. Ah. Y... Hicimos todo con el Google Map y todo de movilizar y no tenés la antena. Ah, pero ¿qué queréis vos? ¿Fibra o queréis internet? O sea, cobertura en la línea. No, no. Usted no tiene la, ¿cómo se dice? O sea, porque te quedas sin señal para donde yo vivo, para donde yo estoy, ¿entendés? O sea... Si es así, la tiene una consulta igual para también dejarlas en toda mi área. ¿De qué zona me decís que no tenés cobertura? Yo vivo acá en Calafate. Y en la parte que yo estoy, como aquella vez siempre nos quedábamos sin señales, por esas mismas razones también yo me cambié, ¿viste? Y bueno, el otro día cuando echamos una chica de movistar yo le di todos los datos y colaboramos para donde tienen ustedes supuestamente movistar las antenas y funciona o no. Y para ella, ¿ella vio o no? A ella le figura en el centro que tiene movistar, ¿entendés? O la parte para el otro lado. Claro, por eso es que como me he estado colocando antenas, y con la cantidad de tiempo ya, digamos, que vos te fuiste a la empresa, así como vos y Rosy y el desmal, eso pasa que el cliente te hace quedar, digamos, con esta experiencia, sí. No, no, por eso tengo unas razones. Claro, yo también te entiendo a vos, pero se ve que si vos te pones a leer, supongo yo que la chica habrá dejado asentado. No, por eso es que son diferentes áreas, por eso la niña no ha asentado. Ah, diferentes áreas. Ah, por razón rompe las bolas siempre, entonces. Y ya va a tomar de varios lugares, sí, ¿sabes? te cansa, te cansa. Yo la atendí a la chica, no sé de qué lugar me llamó, no me acuerdo, y bueno, corroboramos, estuvo yo de buena, la atendí, y bueno, digo yo, y ahí corroboramos, le digo, no, yo me fui por esas razones y bueno, ella me dijo, ¿querés que hagamos esto? Es más, creo que tengo el mensaje como para si en un caso yo me quería cambiar. Y bueno, yo le dije, no, sigue siendo lo mismo, ¿entendés? O sea, hay gente que tiene movilidad y se sigue quedando sin señal. Y cuando decís solamente con claro, estamos bien, te vas a Chile y todo, no tenés problema, ¿viste? Eso también es la otra, te vas a otro lado, a otro país que nosotros acá estamos cerquita para irnos aquí. Bueno, no cerquita, pero una vez cada tanto te vas a comprar cosas baratas, digamos, y ahí te, ahí podéis vos andar, ¿viste? Con claro, por ejemplo, nos pasó eso. que yo y mi hija teníamos claro y mi marido y mi suegra tenían movistar. ¿Qué más? Hace poco ellos, para diciembre lo pasaron a claro. Pues yo le dije, nos pasemos, para que estén a claro que tienen señal en Chile, porque ellos van mucho más seguido, ¿viste? Y bueno, se pasaron. Todo ese beneficio, hasta ahora estamos bien. Yo con claro, hasta ahora vengo bien. Me voy al norte, allá en Formosa, y en el pueblito donde ahí usan personal, por ejemplo, y personal también no funciona muy bien. En cambio, claro o tenés, tenés señal con claro. O sea, a mí me sirve, a mí me sirve y no me queda, no me quedo sin señal. Es lo que a mí me sirve. No me interesa Wi-Fi, no me interesa Internet porque tengo en el trabajo Wi-Fi, en mi casa Wi-Fi. Lo que me interesa es tener llamadas, eso, o WhatsApp de verdad, y nada más. Bueno, muchas gracias, muy amable. Dale, listo.",
  "calidad": {
    "confianza_promedio": 0.514,
    "metodo_diarizacion": "pausas_fallback",
    "tiempo_procesamiento": 14.9
  },
  "metadata": {
    "modelo": "whisperx_medium",
    "diarizacion": "pausas",
    "dispositivo": "cuda",
    "fecha": "2026-02-21T13:28:09.788306",
    "version": "5.0_ecapa"
  }
}