{
  "archivo": "amza10_1_260211140929851_ACD_41141.wav",
  "duracion_segundos": 65.78,
  "num_segmentos": 27,
  "num_hablantes": 2,
  "hablantes": [
    "Hablante A",
    "Hablante B"
  ],
  "tiempo_por_hablante": {
    "Hablante A": 21.84,
    "Hablante B": 33.52
  },
  "idioma": "es",
  "conversacion": [
    {
      "hablante": "Hablante A",
      "inicio": 0.03,
      "fin": 3.94,
      "duracion": 3.91,
      "texto": "Hola, buenos días.",
      "confianza": 0.432
    },
    {
      "hablante": "Hablante A",
      "inicio": 3.96,
      "fin": 6.28,
      "duracion": 2.32,
      "texto": "Buenas tardes.",
      "confianza": 0.47
    },
    {
      "hablante": "Hablante A",
      "inicio": 6.3,
      "fin": 7.94,
      "duracion": 1.64,
      "texto": "¿Cómo está Lourdes, que habla de este lado?",
      "confianza": 0.322
    },
    {
      "hablante": "Hablante A",
      "inicio": 7.96,
      "fin": 8.45,
      "duracion": 0.48,
      "texto": "Un gusto.",
      "confianza": 0.664
    },
    {
      "hablante": "Hablante A",
      "inicio": 9.31,
      "fin": 14.09,
      "duracion": 4.79,
      "texto": "Te pongo en contacto para brindarte una unificación que tenemos con Lourdes con 35% de descuento.",
      "confianza": 0.575
    },
    {
      "hablante": "Hablante A",
      "inicio": 14.52,
      "fin": 15.9,
      "duracion": 1.38,
      "texto": "Veo que está en claro, actualmente.",
      "confianza": 0.731
    },
    {
      "hablante": "Hablante A",
      "inicio": 15.92,
      "fin": 16.54,
      "duracion": 0.62,
      "texto": "¿Es correcto?",
      "confianza": 0.642
    },
    {
      "hablante": "Hablante B",
      "inicio": 18.96,
      "fin": 19.08,
      "duracion": 0.12,
      "texto": "Claro.",
      "confianza": 0.007
    },
    {
      "hablante": "Hablante B",
      "inicio": 19.1,
      "fin": 19.84,
      "duracion": 0.74,
      "texto": "Bien.",
      "confianza": 0.448
    },
    {
      "hablante": "Hablante B",
      "inicio": 19.86,
      "fin": 21.21,
      "duracion": 1.34,
      "texto": "¿Nosotros queríamos brindarte un plan?",
      "confianza": 0.681
    },
    {
      "hablante": "Hablante B",
      "inicio": 21.45,
      "fin": 21.63,
      "duracion": 0.18,
      "texto": "Sí.",
      "confianza": 0.794
    },
    {
      "hablante": "Hablante B",
      "inicio": 22.07,
      "fin": 25.63,
      "duracion": 3.57,
      "texto": "A ver, te lo comento a ver qué opinas, pero no sé más o menos cuánto llegas con Zoom.",
      "confianza": 0.519
    },
    {
      "hablante": "Hablante B",
      "inicio": 26.93,
      "fin": 36.86,
      "duracion": 9.93,
      "texto": "No, 14 gigas, 6.700 pesos.",
      "confianza": 0.63
    },
    {
      "hablante": "Hablante B",
      "inicio": 36.88,
      "fin": 40.58,
      "duracion": 3.7,
      "texto": "Es una línea corporativa.",
      "confianza": 0.122
    },
    {
      "hablante": "Hablante B",
      "inicio": 40.6,
      "fin": 41.3,
      "duracion": 0.7,
      "texto": "¿14 gigas, 7.000 y algo me dijiste?",
      "confianza": 0.007
    },
    {
      "hablante": "Hablante B",
      "inicio": 41.33,
      "fin": 41.45,
      "duracion": 0.12,
      "texto": "6.700.",
      "confianza": 0.008
    },
    {
      "hablante": "Hablante B",
      "inicio": 41.47,
      "fin": 41.66,
      "duracion": 0.2,
      "texto": "Ah, 6.700.",
      "confianza": 0.002
    },
    {
      "hablante": "Hablante B",
      "inicio": 41.69,
      "fin": 42.03,
      "duracion": 0.34,
      "texto": "A ver, abordarme.",
      "confianza": 0.001
    },
    {
      "hablante": "Hablante B",
      "inicio": 42.05,
      "fin": 45.23,
      "duracion": 3.18,
      "texto": "Bueno, mira, nosotros tenemos actualmente, sí, un plan.",
      "confianza": 0.575
    },
    {
      "hablante": "Hablante B",
      "inicio": 45.95,
      "fin": 50.37,
      "duracion": 4.42,
      "texto": "En este caso son 18 gigas en total, pero te quedan 8.047 pesos.",
      "confianza": 0.71
    },
    {
      "hablante": "Hablante B",
      "inicio": 50.39,
      "fin": 52.42,
      "duracion": 2.02,
      "texto": "Te hago una consulta igual.",
      "confianza": 0.826
    },
    {
      "hablante": "Hablante B",
      "inicio": 52.88,
      "fin": 55.84,
      "duracion": 2.96,
      "texto": "Como me dijiste, línea corporativa, ¿lo tenés bajo cuira esto?",
      "confianza": 0.705
    },
    {
      "hablante": "Hablante A",
      "inicio": 58.52,
      "fin": 61.18,
      "duracion": 2.66,
      "texto": "No es bajo quick.",
      "confianza": 0.793
    },
    {
      "hablante": "Hablante A",
      "inicio": 61.24,
      "fin": 62.09,
      "duracion": 0.85,
      "texto": "Ok.",
      "confianza": 0.593
    },
    {
      "hablante": "Hablante A",
      "inicio": 62.13,
      "fin": 62.35,
      "duracion": 0.22,
      "texto": "Bien.",
      "confianza": 0.721
    },
    {
      "hablante": "Hablante A",
      "inicio": 62.73,
      "fin": 64.77,
      "duracion": 2.04,
      "texto": "Bueno, mira, te comento otra cosa.",
      "confianza": 0.752
    },
    {
      "hablante": "Hablante A",
      "inicio": 64.85,
      "fin": 65.78,
      "duracion": 0.93,
      "texto": "Nosotros tenemos un plan",
      "confianza": 0.576
    }
  ],
  "transcripcion_completa": "Hola, buenos días. Buenas tardes. ¿Cómo está Lourdes, que habla de este lado? Un gusto. Te pongo en contacto para brindarte una unificación que tenemos con Lourdes con 35% de descuento. Veo que está en claro, actualmente. ¿Es correcto? Claro. Bien. ¿Nosotros queríamos brindarte un plan? Sí. A ver, te lo comento a ver qué opinas, pero no sé más o menos cuánto llegas con Zoom. No, 14 gigas, 6.700 pesos. Es una línea corporativa. ¿14 gigas, 7.000 y algo me dijiste? 6.700. Ah, 6.700. A ver, abordarme. Bueno, mira, nosotros tenemos actualmente, sí, un plan. En este caso son 18 gigas en total, pero te quedan 8.047 pesos. Te hago una consulta igual. Como me dijiste, línea corporativa, ¿lo tenés bajo cuira esto? No es bajo quick. Ok. Bien. Bueno, mira, te comento otra cosa. Nosotros tenemos un plan",
  "calidad": {
    "confianza_promedio": 0.493,
    "metodo_diarizacion": "pausas_fallback",
    "tiempo_procesamiento": 7.0
  },
  "metadata": {
    "modelo": "whisperx_medium",
    "diarizacion": "pausas",
    "dispositivo": "cuda",
    "fecha": "2026-02-18T22:37:13.873840",
    "version": "5.0_ecapa"
  }
}