{
  "archivo": "amza12_1_260211121745202_ACD_61947.wav",
  "duracion_segundos": 61.02,
  "num_segmentos": 28,
  "num_hablantes": 2,
  "hablantes": [
    "Hablante A",
    "Hablante B"
  ],
  "tiempo_por_hablante": {
    "Hablante A": 16.38,
    "Hablante B": 38.6
  },
  "idioma": "es",
  "conversacion": [
    {
      "hablante": "Hablante A",
      "inicio": 1.28,
      "fin": 4.78,
      "duracion": 3.5,
      "texto": "Hola, buenos días.",
      "confianza": 0.15
    },
    {
      "hablante": "Hablante A",
      "inicio": 4.82,
      "fin": 7.01,
      "duracion": 2.18,
      "texto": "¿Cómo estás?",
      "confianza": 0.088
    },
    {
      "hablante": "Hablante A",
      "inicio": 7.03,
      "fin": 7.21,
      "duracion": 0.18,
      "texto": "Buen día.",
      "confianza": 0.007
    },
    {
      "hablante": "Hablante A",
      "inicio": 7.23,
      "fin": 7.77,
      "duracion": 0.54,
      "texto": "¿Me comunicó con Sebastián?",
      "confianza": 0.01
    },
    {
      "hablante": "Hablante A",
      "inicio": 7.79,
      "fin": 7.99,
      "duracion": 0.2,
      "texto": "Sí, claro.",
      "confianza": 0.013
    },
    {
      "hablante": "Hablante A",
      "inicio": 8.01,
      "fin": 8.87,
      "duracion": 0.86,
      "texto": "Sebastián, ¿cómo estás?",
      "confianza": 0.544
    },
    {
      "hablante": "Hablante A",
      "inicio": 8.89,
      "fin": 9.81,
      "duracion": 0.92,
      "texto": "No me veía también a este lado.",
      "confianza": 0.342
    },
    {
      "hablante": "Hablante A",
      "inicio": 9.83,
      "fin": 12.88,
      "duracion": 3.04,
      "texto": "Me estoy comunicando de la idea de recuperar el cliente de Modestar.",
      "confianza": 0.426
    },
    {
      "hablante": "Hablante A",
      "inicio": 12.89,
      "fin": 15.28,
      "duracion": 2.38,
      "texto": "¿Cómo le va?",
      "confianza": 0.39
    },
    {
      "hablante": "Hablante A",
      "inicio": 15.3,
      "fin": 15.94,
      "duracion": 0.64,
      "texto": "Bien.",
      "confianza": 0.529
    },
    {
      "hablante": "Hablante A",
      "inicio": 15.96,
      "fin": 17.9,
      "duracion": 1.94,
      "texto": "Mira, ya me llamaron hoy.",
      "confianza": 0.464
    },
    {
      "hablante": "Hablante B",
      "inicio": 20.42,
      "fin": 22.17,
      "duracion": 1.74,
      "texto": "Todos los días me llaman, en realidad.",
      "confianza": 0.596
    },
    {
      "hablante": "Hablante B",
      "inicio": 22.19,
      "fin": 23.63,
      "duracion": 1.44,
      "texto": "Y bueno, estoy esperando un llamado.",
      "confianza": 0.604
    },
    {
      "hablante": "Hablante B",
      "inicio": 23.75,
      "fin": 30.8,
      "duracion": 7.05,
      "texto": "Yo ya he dejado sentados y que por el momento yo no voy a cambiar la línea, que cuando esté la oportunidad me voy a comunicar.",
      "confianza": 0.591
    },
    {
      "hablante": "Hablante B",
      "inicio": 31.23,
      "fin": 32.13,
      "duracion": 0.9,
      "texto": "A ver.",
      "confianza": 0.354
    },
    {
      "hablante": "Hablante B",
      "inicio": 32.15,
      "fin": 32.95,
      "duracion": 0.8,
      "texto": "Bien.",
      "confianza": 0.578
    },
    {
      "hablante": "Hablante B",
      "inicio": 33.62,
      "fin": 34.46,
      "duracion": 0.84,
      "texto": "¿Para alguno en particular?",
      "confianza": 0.597
    },
    {
      "hablante": "Hablante B",
      "inicio": 34.5,
      "fin": 35.72,
      "duracion": 1.22,
      "texto": "¿No te querés cambiar ahora?",
      "confianza": 0.471
    },
    {
      "hablante": "Hablante B",
      "inicio": 35.74,
      "fin": 37.88,
      "duracion": 2.14,
      "texto": "Sí, ya lo expliqué 50 millones de veces.",
      "confianza": 0.466
    },
    {
      "hablante": "Hablante B",
      "inicio": 37.9,
      "fin": 41.36,
      "duracion": 3.46,
      "texto": "Por eso, si vos me puedes hacer el favor de ponerme ahí.",
      "confianza": 0.568
    },
    {
      "hablante": "Hablante B",
      "inicio": 41.38,
      "fin": 48.17,
      "duracion": 6.79,
      "texto": "Yo ya le puse movilizar a mi amiga, mira, para que ella pueda tener.",
      "confianza": 0.49
    },
    {
      "hablante": "Hablante B",
      "inicio": 48.19,
      "fin": 50.77,
      "duracion": 2.58,
      "texto": "Yo por el momento no quiero cambiar a mí.",
      "confianza": 0.671
    },
    {
      "hablante": "Hablante B",
      "inicio": 50.79,
      "fin": 52.05,
      "duracion": 1.26,
      "texto": "¿Alguna consulta?",
      "confianza": 0.198
    },
    {
      "hablante": "Hablante B",
      "inicio": 52.23,
      "fin": 55.48,
      "duracion": 3.24,
      "texto": "¿Alguna persona que sepa que se quiera cambiar de compañía o adquirir fibra óptica?",
      "confianza": 0.629
    },
    {
      "hablante": "Hablante B",
      "inicio": 55.76,
      "fin": 58.94,
      "duracion": 3.18,
      "texto": "Si consigo a alguien, te aviso.",
      "confianza": 0.487
    },
    {
      "hablante": "Hablante B",
      "inicio": 59.02,
      "fin": 60.06,
      "duracion": 1.04,
      "texto": "Vale, perfecto.",
      "confianza": 0.296
    },
    {
      "hablante": "Hablante B",
      "inicio": 60.08,
      "fin": 60.52,
      "duracion": 0.44,
      "texto": "Muchas gracias.",
      "confianza": 0.242
    },
    {
      "hablante": "Hablante B",
      "inicio": 60.54,
      "fin": 61.02,
      "duracion": 0.48,
      "texto": "Muchas gracias.",
      "confianza": 0.338
    }
  ],
  "transcripcion_completa": "Hola, buenos días. ¿Cómo estás? Buen día. ¿Me comunicó con Sebastián? Sí, claro. Sebastián, ¿cómo estás? No me veía también a este lado. Me estoy comunicando de la idea de recuperar el cliente de Modestar. ¿Cómo le va? Bien. Mira, ya me llamaron hoy. Todos los días me llaman, en realidad. Y bueno, estoy esperando un llamado. Yo ya he dejado sentados y que por el momento yo no voy a cambiar la línea, que cuando esté la oportunidad me voy a comunicar. A ver. Bien. ¿Para alguno en particular? ¿No te querés cambiar ahora? Sí, ya lo expliqué 50 millones de veces. Por eso, si vos me puedes hacer el favor de ponerme ahí. Yo ya le puse movilizar a mi amiga, mira, para que ella pueda tener. Yo por el momento no quiero cambiar a mí. ¿Alguna consulta? ¿Alguna persona que sepa que se quiera cambiar de compañía o adquirir fibra óptica? Si consigo a alguien, te aviso. Vale, perfecto. Muchas gracias. Muchas gracias.",
  "calidad": {
    "confianza_promedio": 0.398,
    "metodo_diarizacion": "pausas_fallback",
    "tiempo_procesamiento": 7.3
  },
  "metadata": {
    "modelo": "whisperx_medium",
    "diarizacion": "pausas",
    "dispositivo": "cuda",
    "fecha": "2026-02-18T23:05:48.325167",
    "version": "5.0_ecapa"
  }
}