{
  "archivo": "amza10_1_260213132349021_ACD_81887.wav",
  "duracion_segundos": 70.99,
  "num_segmentos": 28,
  "num_hablantes": 2,
  "hablantes": [
    "Hablante A",
    "Hablante B"
  ],
  "tiempo_por_hablante": {
    "Hablante A": 1.84,
    "Hablante B": 58.42
  },
  "idioma": "es",
  "conversacion": [
    {
      "hablante": "Hablante A",
      "inicio": 0.07,
      "fin": 1.05,
      "duracion": 0.98,
      "texto": "¡Hable, mierda!",
      "confianza": 0.574
    },
    {
      "hablante": "Hablante A",
      "inicio": 2.03,
      "fin": 2.89,
      "duracion": 0.86,
      "texto": "Hola, buen día.",
      "confianza": 0.738
    },
    {
      "hablante": "Hablante B",
      "inicio": 5.07,
      "fin": 8.27,
      "duracion": 3.2,
      "texto": "Ah, estoy harta que me están llamando de... 10 teléfonos, ¿no?",
      "confianza": 0.532
    },
    {
      "hablante": "Hablante B",
      "inicio": 8.29,
      "fin": 9.07,
      "duracion": 0.78,
      "texto": "Distinto número.",
      "confianza": 0.728
    },
    {
      "hablante": "Hablante B",
      "inicio": 9.1,
      "fin": 9.98,
      "duracion": 0.88,
      "texto": "Perdona, hija.",
      "confianza": 0.65
    },
    {
      "hablante": "Hablante B",
      "inicio": 10.98,
      "fin": 12.48,
      "duracion": 1.5,
      "texto": "¿De qué se trata?",
      "confianza": 0.677
    },
    {
      "hablante": "Hablante B",
      "inicio": 12.5,
      "fin": 13.4,
      "duracion": 0.9,
      "texto": "Hola, ¿cómo estás?",
      "confianza": 0.486
    },
    {
      "hablante": "Hablante B",
      "inicio": 13.42,
      "fin": 16.24,
      "duracion": 2.82,
      "texto": "Me ponía en contacto para darte una bonificación en la línea.",
      "confianza": 0.588
    },
    {
      "hablante": "Hablante B",
      "inicio": 16.26,
      "fin": 16.56,
      "duracion": 0.3,
      "texto": "¿Cómo va?",
      "confianza": 0.572
    },
    {
      "hablante": "Hablante B",
      "inicio": 16.58,
      "fin": 17.08,
      "duracion": 0.5,
      "texto": "¿Todo bien?",
      "confianza": 0.592
    },
    {
      "hablante": "Hablante B",
      "inicio": 17.2,
      "fin": 18.27,
      "duracion": 1.06,
      "texto": "¿De qué?",
      "confianza": 0.685
    },
    {
      "hablante": "Hablante B",
      "inicio": 18.29,
      "fin": 19.61,
      "duracion": 1.32,
      "texto": "¿Pero de qué, mamá?",
      "confianza": 0.484
    },
    {
      "hablante": "Hablante B",
      "inicio": 19.63,
      "fin": 23.57,
      "duracion": 3.94,
      "texto": "De recuperar clientes de Movistar.",
      "confianza": 0.583
    },
    {
      "hablante": "Hablante B",
      "inicio": 23.59,
      "fin": 24.41,
      "duracion": 0.82,
      "texto": "Espera un poquito.",
      "confianza": 0.486
    },
    {
      "hablante": "Hablante B",
      "inicio": 24.69,
      "fin": 25.63,
      "duracion": 0.94,
      "texto": "Te doy con mi marrero.",
      "confianza": 0.606
    },
    {
      "hablante": "Hablante B",
      "inicio": 26.37,
      "fin": 27.14,
      "duracion": 0.76,
      "texto": "A ver, haz que...",
      "confianza": 0.33
    },
    {
      "hablante": "Hablante B",
      "inicio": 27.57,
      "fin": 33.46,
      "duracion": 5.89,
      "texto": "No estamos con ese teléfono, mamá.",
      "confianza": 0.687
    },
    {
      "hablante": "Hablante B",
      "inicio": 34.06,
      "fin": 38.93,
      "duracion": 4.87,
      "texto": "Así que tenemos otra línea y no nos callamos nosotros.",
      "confianza": 0.553
    },
    {
      "hablante": "Hablante B",
      "inicio": 39.11,
      "fin": 44.24,
      "duracion": 5.13,
      "texto": "Sí, no, mi amor.",
      "confianza": 0.597
    },
    {
      "hablante": "Hablante B",
      "inicio": 44.5,
      "fin": 47.32,
      "duracion": 2.83,
      "texto": "Mi hija nos atiende en el grupo porque no podemos.",
      "confianza": 0.543
    },
    {
      "hablante": "Hablante B",
      "inicio": 47.98,
      "fin": 51.91,
      "duracion": 3.93,
      "texto": "Nos emitan tantas llamadas y somos gente grande, mamá.",
      "confianza": 0.692
    },
    {
      "hablante": "Hablante B",
      "inicio": 52.91,
      "fin": 54.23,
      "duracion": 1.32,
      "texto": "Por favor, no nos llames.",
      "confianza": 0.44
    },
    {
      "hablante": "Hablante B",
      "inicio": 54.25,
      "fin": 55.98,
      "duracion": 1.72,
      "texto": "Porque uno se asusta, eh.",
      "confianza": 0.603
    },
    {
      "hablante": "Hablante B",
      "inicio": 56.17,
      "fin": 59.6,
      "duracion": 3.43,
      "texto": "que tengo muchos nietos y me pongo muy nerviosa.",
      "confianza": 0.771
    },
    {
      "hablante": "Hablante B",
      "inicio": 59.64,
      "fin": 62.83,
      "duracion": 3.19,
      "texto": "Bueno, sí, gracias, Angelito.",
      "confianza": 0.649
    },
    {
      "hablante": "Hablante B",
      "inicio": 63.65,
      "fin": 65.14,
      "duracion": 1.48,
      "texto": "Nos salimos un poquito a ventilar.",
      "confianza": 0.618
    },
    {
      "hablante": "Hablante B",
      "inicio": 66.06,
      "fin": 70.51,
      "duracion": 4.45,
      "texto": "Bueno, chau mamita, chau.",
      "confianza": 0.318
    },
    {
      "hablante": "Hablante B",
      "inicio": 70.53,
      "fin": 70.99,
      "duracion": 0.46,
      "texto": "Adiós.",
      "confianza": 0.691
    }
  ],
  "transcripcion_completa": "¡Hable, mierda! Hola, buen día. Ah, estoy harta que me están llamando de... 10 teléfonos, ¿no? Distinto número. Perdona, hija. ¿De qué se trata? Hola, ¿cómo estás? Me ponía en contacto para darte una bonificación en la línea. ¿Cómo va? ¿Todo bien? ¿De qué? ¿Pero de qué, mamá? De recuperar clientes de Movistar. Espera un poquito. Te doy con mi marrero. A ver, haz que... No estamos con ese teléfono, mamá. Así que tenemos otra línea y no nos callamos nosotros. Sí, no, mi amor. Mi hija nos atiende en el grupo porque no podemos. Nos emitan tantas llamadas y somos gente grande, mamá. Por favor, no nos llames. Porque uno se asusta, eh. que tengo muchos nietos y me pongo muy nerviosa. Bueno, sí, gracias, Angelito. Nos salimos un poquito a ventilar. Bueno, chau mamita, chau. Adiós.",
  "calidad": {
    "confianza_promedio": 0.588,
    "metodo_diarizacion": "pausas_fallback",
    "tiempo_procesamiento": 7.7
  },
  "metadata": {
    "modelo": "whisperx_medium",
    "diarizacion": "pausas",
    "dispositivo": "cuda",
    "fecha": "2026-02-18T22:49:59.387914",
    "version": "5.0_ecapa"
  }
}