{
  "archivo": "amza14_1_260212141502440_ACD_76885.wav",
  "duracion_segundos": 282.96,
  "num_segmentos": 92,
  "num_hablantes": 2,
  "hablantes": [
    "Hablante A",
    "Hablante B"
  ],
  "tiempo_por_hablante": {
    "Hablante A": 180.63,
    "Hablante B": 69.61
  },
  "idioma": "es",
  "conversacion": [
    {
      "hablante": "Hablante A",
      "inicio": 0.12,
      "fin": 0.38,
      "duracion": 0.26,
      "texto": "Hola.",
      "confianza": 0.472
    },
    {
      "hablante": "Hablante B",
      "inicio": 4.04,
      "fin": 4.44,
      "duracion": 0.4,
      "texto": "Hola, buenas tardes.",
      "confianza": 0.004
    },
    {
      "hablante": "Hablante B",
      "inicio": 4.46,
      "fin": 4.52,
      "duracion": 0.06,
      "texto": "Sí.",
      "confianza": 0.166
    },
    {
      "hablante": "Hablante B",
      "inicio": 4.54,
      "fin": 6.22,
      "duracion": 1.68,
      "texto": "Como le va a un gusto, mi nombre es Bruno.",
      "confianza": 0.551
    },
    {
      "hablante": "Hablante B",
      "inicio": 6.24,
      "fin": 10.71,
      "duracion": 4.47,
      "texto": "Me estaba comunicando desde la área de recupero del clientes Morbistarro.",
      "confianza": 0.697
    },
    {
      "hablante": "Hablante B",
      "inicio": 10.73,
      "fin": 10.79,
      "duracion": 0.06,
      "texto": "Sí.",
      "confianza": 0.006
    },
    {
      "hablante": "Hablante B",
      "inicio": 10.81,
      "fin": 12.81,
      "duracion": 2.0,
      "texto": "Tenemos una promoción disponible para su línea.",
      "confianza": 0.804
    },
    {
      "hablante": "Hablante B",
      "inicio": 14.15,
      "fin": 17.57,
      "duracion": 3.42,
      "texto": "Actualmente tiene claro.",
      "confianza": 0.729
    },
    {
      "hablante": "Hablante B",
      "inicio": 17.59,
      "fin": 17.65,
      "duracion": 0.06,
      "texto": "Sí.",
      "confianza": 0.06
    },
    {
      "hablante": "Hablante B",
      "inicio": 17.67,
      "fin": 21.02,
      "duracion": 3.34,
      "texto": "Bien, nosotros hoy tenemos una promoción del ochenta por ciento descuento.",
      "confianza": 0.58
    },
    {
      "hablante": "Hablante B",
      "inicio": 21.38,
      "fin": 24.1,
      "duracion": 2.72,
      "texto": "Es un plan con ocho Ligas de base más diez de regalo.",
      "confianza": 0.791
    },
    {
      "hablante": "Hablante B",
      "inicio": 24.54,
      "fin": 29.45,
      "duracion": 4.9,
      "texto": "Va a tener WhatsApp gratis, habla libre a cualquier compañía y también lumina en América en el caso de que viaje.",
      "confianza": 0.72
    },
    {
      "hablante": "Hablante B",
      "inicio": 29.7,
      "fin": 31.48,
      "duracion": 1.78,
      "texto": "en diez mil setecientos veinte.",
      "confianza": 0.773
    },
    {
      "hablante": "Hablante B",
      "inicio": 32.34,
      "fin": 34.12,
      "duracion": 1.78,
      "texto": "Usted actualmente qué cantidad llegas tiene?",
      "confianza": 0.692
    },
    {
      "hablante": "Hablante A",
      "inicio": 37.25,
      "fin": 39.91,
      "duracion": 2.66,
      "texto": "Y tiene idea?",
      "confianza": 0.341
    },
    {
      "hablante": "Hablante A",
      "inicio": 39.93,
      "fin": 44.45,
      "duracion": 4.52,
      "texto": "No, no, la verdad es que no, pero igual creo que tengo diez y algo por ahí.",
      "confianza": 0.218
    },
    {
      "hablante": "Hablante A",
      "inicio": 44.48,
      "fin": 44.8,
      "duracion": 0.32,
      "texto": "Bien.",
      "confianza": 0.866
    },
    {
      "hablante": "Hablante A",
      "inicio": 44.82,
      "fin": 49.44,
      "duracion": 4.63,
      "texto": "Y cuánto estás abonando o rolando por su por tu plan?",
      "confianza": 0.771
    },
    {
      "hablante": "Hablante A",
      "inicio": 49.46,
      "fin": 51.64,
      "duracion": 2.18,
      "texto": "Tengo.",
      "confianza": 0.272
    },
    {
      "hablante": "Hablante A",
      "inicio": 51.66,
      "fin": 58.57,
      "duracion": 6.91,
      "texto": "Me viene 15, pero tengo un barca y no sé qué cosa con dos mil pesos me descuentan.",
      "confianza": 0.609
    },
    {
      "hablante": "Hablante A",
      "inicio": 59.08,
      "fin": 62.76,
      "duracion": 3.68,
      "texto": "¿Cuánto me dijo?",
      "confianza": 0.606
    },
    {
      "hablante": "Hablante A",
      "inicio": 62.78,
      "fin": 64.5,
      "duracion": 1.72,
      "texto": "¿Cuánto?",
      "confianza": 0.659
    },
    {
      "hablante": "Hablante A",
      "inicio": 64.74,
      "fin": 71.43,
      "duracion": 6.69,
      "texto": "No, no lo entiendo porque estuve en la calle.",
      "confianza": 0.561
    },
    {
      "hablante": "Hablante A",
      "inicio": 71.79,
      "fin": 76.01,
      "duracion": 4.22,
      "texto": "El último siete mil setecientos noventa.",
      "confianza": 0.578
    },
    {
      "hablante": "Hablante B",
      "inicio": 77.95,
      "fin": 83.86,
      "duracion": 5.91,
      "texto": "No, el primero.",
      "confianza": 0.712
    },
    {
      "hablante": "Hablante B",
      "inicio": 83.96,
      "fin": 87.14,
      "duracion": 3.18,
      "texto": "Ah, diez mil setecientos veinte.",
      "confianza": 0.665
    },
    {
      "hablante": "Hablante B",
      "inicio": 87.71,
      "fin": 90.31,
      "duracion": 2.6,
      "texto": "¿Cuánto sigues este?",
      "confianza": 0.279
    },
    {
      "hablante": "Hablante B",
      "inicio": 90.33,
      "fin": 92.12,
      "duracion": 1.78,
      "texto": "18 en total, el de 10.720 y 14 el otro.",
      "confianza": 0.693
    },
    {
      "hablante": "Hablante B",
      "inicio": 92.14,
      "fin": 98.6,
      "duracion": 6.47,
      "texto": "¿Y cuánto tiempo tengo ese?",
      "confianza": 0.469
    },
    {
      "hablante": "Hablante B",
      "inicio": 99.58,
      "fin": 101.35,
      "duracion": 1.76,
      "texto": "La duración del plan es por seis meses.",
      "confianza": 0.859
    },
    {
      "hablante": "Hablante B",
      "inicio": 101.37,
      "fin": 106.27,
      "duracion": 4.9,
      "texto": "Luego de esos seis meses, en el caso del que haga la portadilla conmigo, nosotros seguimos en contacto por WhatsApp.",
      "confianza": 0.61
    },
    {
      "hablante": "Hablante B",
      "inicio": 106.77,
      "fin": 112.7,
      "duracion": 5.92,
      "texto": "En el quinto mes usted se le avisa que se le va a terminar la promoción y yo le brindo un número en donde le van a brindar las nuevas promociones.",
      "confianza": 0.688
    },
    {
      "hablante": "Hablante A",
      "inicio": 115.32,
      "fin": 116.0,
      "duracion": 0.68,
      "texto": "Bueno, está bien, no hay problema.",
      "confianza": 0.018
    },
    {
      "hablante": "Hablante A",
      "inicio": 116.81,
      "fin": 119.49,
      "duracion": 2.68,
      "texto": "Así nos estamos manejando con las promos, Rolando.",
      "confianza": 0.691
    },
    {
      "hablante": "Hablante A",
      "inicio": 119.51,
      "fin": 125.46,
      "duracion": 5.95,
      "texto": "No sé si usted tiene más líneas o es la única línea que tiene.",
      "confianza": 0.743
    },
    {
      "hablante": "Hablante A",
      "inicio": 125.62,
      "fin": 127.26,
      "duracion": 1.64,
      "texto": "Sí, tengo cuatro líneas en Movistar ya.",
      "confianza": 0.131
    },
    {
      "hablante": "Hablante A",
      "inicio": 127.28,
      "fin": 128.84,
      "duracion": 1.56,
      "texto": "Ah, tiene ya líneas en Movistar.",
      "confianza": 0.564
    },
    {
      "hablante": "Hablante A",
      "inicio": 129.46,
      "fin": 131.54,
      "duracion": 2.08,
      "texto": "Solamente tienes cuatro.",
      "confianza": 0.58
    },
    {
      "hablante": "Hablante A",
      "inicio": 131.56,
      "fin": 131.66,
      "duracion": 0.1,
      "texto": "Sí.",
      "confianza": 0.417
    },
    {
      "hablante": "Hablante A",
      "inicio": 131.68,
      "fin": 135.15,
      "duracion": 3.46,
      "texto": "Bien, en el caso de que esa línea esté en el nombre suyo.",
      "confianza": 0.706
    },
    {
      "hablante": "Hablante A",
      "inicio": 136.31,
      "fin": 140.11,
      "duracion": 3.8,
      "texto": "No, está en la nombre de mi mujer.",
      "confianza": 0.157
    },
    {
      "hablante": "Hablante A",
      "inicio": 140.13,
      "fin": 140.44,
      "duracion": 0.3,
      "texto": "Ah, bien, bien.",
      "confianza": 0.021
    },
    {
      "hablante": "Hablante A",
      "inicio": 140.46,
      "fin": 143.82,
      "duracion": 3.36,
      "texto": "Bueno, entonces es el plan que tengo para ofrecerle para usted, Rolando.",
      "confianza": 0.669
    },
    {
      "hablante": "Hablante A",
      "inicio": 143.84,
      "fin": 144.94,
      "duracion": 1.1,
      "texto": "No sé qué le parece.",
      "confianza": 0.671
    },
    {
      "hablante": "Hablante A",
      "inicio": 145.51,
      "fin": 147.97,
      "duracion": 2.46,
      "texto": "Sí, pero no me van a subir por mes, ¿no?",
      "confianza": 0.537
    },
    {
      "hablante": "Hablante A",
      "inicio": 147.99,
      "fin": 154.44,
      "duracion": 6.45,
      "texto": "Porque se suben por mes, pa, paca, paca, paca, paca, al final uno llega pagando igual.",
      "confianza": 0.686
    },
    {
      "hablante": "Hablante A",
      "inicio": 154.46,
      "fin": 156.12,
      "duracion": 1.66,
      "texto": "No, los aumentos no son mensuales.",
      "confianza": 0.744
    },
    {
      "hablante": "Hablante A",
      "inicio": 156.24,
      "fin": 163.85,
      "duracion": 7.61,
      "texto": "Yo, cuando me porté, recién el primer aumento que tuve, que me avisaron 30 días antes, es del 2,5%.",
      "confianza": 0.761
    },
    {
      "hablante": "Hablante A",
      "inicio": 163.87,
      "fin": 169.59,
      "duracion": 5.73,
      "texto": "Esos son los porcentajes más o menos de aumento, no son elevados.",
      "confianza": 0.714
    },
    {
      "hablante": "Hablante A",
      "inicio": 169.61,
      "fin": 173.98,
      "duracion": 4.36,
      "texto": "Dígame, ¿qué es lo que necesito para que yo me pase a movistar otra vuelta?",
      "confianza": 0.805
    },
    {
      "hablante": "Hablante A",
      "inicio": 174.0,
      "fin": 175.5,
      "duracion": 1.5,
      "texto": "A ver si después.",
      "confianza": 0.818
    },
    {
      "hablante": "Hablante A",
      "inicio": 176.0,
      "fin": 179.55,
      "duracion": 3.54,
      "texto": "No me hacen la misma jugada que me hicieron.",
      "confianza": 0.721
    },
    {
      "hablante": "Hablante A",
      "inicio": 179.57,
      "fin": 180.07,
      "duracion": 0.5,
      "texto": "Bien, Rolando.",
      "confianza": 0.678
    },
    {
      "hablante": "Hablante A",
      "inicio": 180.15,
      "fin": 182.95,
      "duracion": 2.8,
      "texto": "Nosotros primero tenemos que buscar una sucursal cercana.",
      "confianza": 0.809
    },
    {
      "hablante": "Hablante A",
      "inicio": 182.97,
      "fin": 185.01,
      "duracion": 2.04,
      "texto": "¿Usted de qué provincia y localidad es?",
      "confianza": 0.517
    },
    {
      "hablante": "Hablante A",
      "inicio": 185.03,
      "fin": 187.74,
      "duracion": 2.7,
      "texto": "Yo estoy en Caba, capital.",
      "confianza": 0.503
    },
    {
      "hablante": "Hablante A",
      "inicio": 187.76,
      "fin": 196.27,
      "duracion": 8.51,
      "texto": "En Balbanera, acá en 11.",
      "confianza": 0.39
    },
    {
      "hablante": "Hablante A",
      "inicio": 196.29,
      "fin": 196.35,
      "duracion": 0.06,
      "texto": "11.",
      "confianza": 0.176
    },
    {
      "hablante": "Hablante A",
      "inicio": 196.37,
      "fin": 200.47,
      "duracion": 4.1,
      "texto": "Sí, dígame que estoy un poco apurado yo, eh.",
      "confianza": 0.53
    },
    {
      "hablante": "Hablante A",
      "inicio": 200.49,
      "fin": 204.25,
      "duracion": 3.76,
      "texto": "Sí, en alguna localidad que le quede cómodo para buscar alguna sucursal.",
      "confianza": 0.741
    },
    {
      "hablante": "Hablante A",
      "inicio": 205.11,
      "fin": 206.57,
      "duracion": 1.46,
      "texto": "¿Qué tal quiera la sucursal?",
      "confianza": 0.417
    },
    {
      "hablante": "Hablante A",
      "inicio": 207.06,
      "fin": 208.44,
      "duracion": 1.38,
      "texto": "¿No me hacen por usted?",
      "confianza": 0.583
    },
    {
      "hablante": "Hablante A",
      "inicio": 209.0,
      "fin": 211.3,
      "duracion": 2.3,
      "texto": "Quiere hacer el día a domicilio, demora más días.",
      "confianza": 0.582
    },
    {
      "hablante": "Hablante A",
      "inicio": 211.5,
      "fin": 213.86,
      "duracion": 2.36,
      "texto": "Siete días tiene para que le llegue el chip.",
      "confianza": 0.612
    },
    {
      "hablante": "Hablante A",
      "inicio": 213.88,
      "fin": 216.02,
      "duracion": 2.14,
      "texto": "¿Y ahí cómo es día bien habilitado?",
      "confianza": 0.726
    },
    {
      "hablante": "Hablante A",
      "inicio": 216.1,
      "fin": 216.53,
      "duracion": 0.42,
      "texto": "¿Cómo es?",
      "confianza": 0.557
    },
    {
      "hablante": "Hablante A",
      "inicio": 216.59,
      "fin": 220.51,
      "duracion": 3.92,
      "texto": "Porque vence es que uno tiene que habilitar, tiene que llamarlo.",
      "confianza": 0.694
    },
    {
      "hablante": "Hablante A",
      "inicio": 221.13,
      "fin": 224.67,
      "duracion": 3.54,
      "texto": "Una vez que le llegue el chip, si es que lo quiere a domicilio, me avisa.",
      "confianza": 0.619
    },
    {
      "hablante": "Hablante A",
      "inicio": 224.71,
      "fin": 227.19,
      "duracion": 2.48,
      "texto": "Ya tiene el chip y yo le aviso cuándo tiene que colocarlo.",
      "confianza": 0.735
    },
    {
      "hablante": "Hablante A",
      "inicio": 227.92,
      "fin": 229.84,
      "duracion": 1.92,
      "texto": "Recién ahí se quedaría sin línea de clato.",
      "confianza": 0.512
    },
    {
      "hablante": "Hablante A",
      "inicio": 230.22,
      "fin": 234.81,
      "duracion": 4.59,
      "texto": "Pero cómo yo sé que dónde tengo que llamar, cómo es el tema?",
      "confianza": 0.738
    },
    {
      "hablante": "Hablante A",
      "inicio": 234.83,
      "fin": 236.17,
      "duracion": 1.34,
      "texto": "No, no tiene que llamar a ningún lado.",
      "confianza": 0.641
    },
    {
      "hablante": "Hablante A",
      "inicio": 236.29,
      "fin": 238.3,
      "duracion": 2.0,
      "texto": "Usted cuando tenga el chip, me tiene que avisar a mí.",
      "confianza": 0.676
    },
    {
      "hablante": "Hablante A",
      "inicio": 238.88,
      "fin": 239.88,
      "duracion": 1.0,
      "texto": "Pero cómo te aviso?",
      "confianza": 0.84
    },
    {
      "hablante": "Hablante A",
      "inicio": 239.94,
      "fin": 241.14,
      "duracion": 1.2,
      "texto": "Cómo tú viste?",
      "confianza": 0.43
    },
    {
      "hablante": "Hablante A",
      "inicio": 241.16,
      "fin": 241.56,
      "duracion": 0.4,
      "texto": "No sé.",
      "confianza": 0.735
    },
    {
      "hablante": "Hablante A",
      "inicio": 242.24,
      "fin": 243.99,
      "duracion": 1.74,
      "texto": "Claro, yo ahora le voy a mandar un WhatsApp.",
      "confianza": 0.525
    },
    {
      "hablante": "Hablante A",
      "inicio": 244.01,
      "fin": 247.79,
      "duracion": 3.79,
      "texto": "Si usted quiere hacer la portadilidad, yo le mando el WhatsApp y quedamos en contacto por ahí.",
      "confianza": 0.614
    },
    {
      "hablante": "Hablante A",
      "inicio": 248.45,
      "fin": 252.04,
      "duracion": 3.59,
      "texto": "Sí, pero no me está gustando que yo haga hacer los pateles, todo ese.",
      "confianza": 0.67
    },
    {
      "hablante": "Hablante A",
      "inicio": 252.06,
      "fin": 253.36,
      "duracion": 1.3,
      "texto": "No, porque más antes era...",
      "confianza": 0.617
    },
    {
      "hablante": "Hablante A",
      "inicio": 253.83,
      "fin": 256.19,
      "duracion": 2.36,
      "texto": "Llegaba al chip y ha habilitado ese.",
      "confianza": 0.671
    },
    {
      "hablante": "Hablante A",
      "inicio": 256.65,
      "fin": 259.76,
      "duracion": 3.1,
      "texto": "Yo no estoy diciendo que tiene que hacer ningún trámite.",
      "confianza": 0.66
    },
    {
      "hablante": "Hablante A",
      "inicio": 259.8,
      "fin": 260.9,
      "duracion": 1.1,
      "texto": "Le estoy consultando.",
      "confianza": 0.634
    },
    {
      "hablante": "Hablante A",
      "inicio": 260.94,
      "fin": 265.14,
      "duracion": 4.2,
      "texto": "Si usted quiere el envío a domicilio de moracitería, si quiere el envío.",
      "confianza": 0.712
    },
    {
      "hablante": "Hablante A",
      "inicio": 265.16,
      "fin": 266.6,
      "duracion": 1.44,
      "texto": "No, no, no, no.",
      "confianza": 0.541
    },
    {
      "hablante": "Hablante A",
      "inicio": 266.62,
      "fin": 267.32,
      "duracion": 0.7,
      "texto": "Yo voy a ir a abasto.",
      "confianza": 0.297
    },
    {
      "hablante": "Hablante A",
      "inicio": 267.34,
      "fin": 269.93,
      "duracion": 2.58,
      "texto": "A mí me queda más cerca abasto de cinco cuadras.",
      "confianza": 0.643
    },
    {
      "hablante": "Hablante B",
      "inicio": 271.47,
      "fin": 273.97,
      "duracion": 2.5,
      "texto": "Hay una tienda creo ahí.",
      "confianza": 0.527
    },
    {
      "hablante": "Hablante B",
      "inicio": 274.91,
      "fin": 277.83,
      "duracion": 2.92,
      "texto": "Bueno, está bien, listo.",
      "confianza": 0.527
    },
    {
      "hablante": "Hablante B",
      "inicio": 277.86,
      "fin": 278.66,
      "duracion": 0.8,
      "texto": "¿Qué tengo que hacer?",
      "confianza": 0.786
    },
    {
      "hablante": "Hablante B",
      "inicio": 278.74,
      "fin": 280.32,
      "duracion": 1.58,
      "texto": "Que dígame a ver.",
      "confianza": 0.858
    },
    {
      "hablante": "Hablante B",
      "inicio": 280.34,
      "fin": 282.96,
      "duracion": 2.62,
      "texto": "Tengo dos minutos porque estoy con un cliente.",
      "confianza": 0.745
    }
  ],
  "transcripcion_completa": "Hola. Hola, buenas tardes. Sí. Como le va a un gusto, mi nombre es Bruno. Me estaba comunicando desde la área de recupero del clientes Morbistarro. Sí. Tenemos una promoción disponible para su línea. Actualmente tiene claro. Sí. Bien, nosotros hoy tenemos una promoción del ochenta por ciento descuento. Es un plan con ocho Ligas de base más diez de regalo. Va a tener WhatsApp gratis, habla libre a cualquier compañía y también lumina en América en el caso de que viaje. en diez mil setecientos veinte. Usted actualmente qué cantidad llegas tiene? Y tiene idea? No, no, la verdad es que no, pero igual creo que tengo diez y algo por ahí. Bien. Y cuánto estás abonando o rolando por su por tu plan? Tengo. Me viene 15, pero tengo un barca y no sé qué cosa con dos mil pesos me descuentan. ¿Cuánto me dijo? ¿Cuánto? No, no lo entiendo porque estuve en la calle. El último siete mil setecientos noventa. No, el primero. Ah, diez mil setecientos veinte. ¿Cuánto sigues este? 18 en total, el de 10.720 y 14 el otro. ¿Y cuánto tiempo tengo ese? La duración del plan es por seis meses. Luego de esos seis meses, en el caso del que haga la portadilla conmigo, nosotros seguimos en contacto por WhatsApp. En el quinto mes usted se le avisa que se le va a terminar la promoción y yo le brindo un número en donde le van a brindar las nuevas promociones. Bueno, está bien, no hay problema. Así nos estamos manejando con las promos, Rolando. No sé si usted tiene más líneas o es la única línea que tiene. Sí, tengo cuatro líneas en Movistar ya. Ah, tiene ya líneas en Movistar. Solamente tienes cuatro. Sí. Bien, en el caso de que esa línea esté en el nombre suyo. No, está en la nombre de mi mujer. Ah, bien, bien. Bueno, entonces es el plan que tengo para ofrecerle para usted, Rolando. No sé qué le parece. Sí, pero no me van a subir por mes, ¿no? Porque se suben por mes, pa, paca, paca, paca, paca, al final uno llega pagando igual. No, los aumentos no son mensuales. Yo, cuando me porté, recién el primer aumento que tuve, que me avisaron 30 días antes, es del 2,5%. Esos son los porcentajes más o menos de aumento, no son elevados. Dígame, ¿qué es lo que necesito para que yo me pase a movistar otra vuelta? A ver si después. No me hacen la misma jugada que me hicieron. Bien, Rolando. Nosotros primero tenemos que buscar una sucursal cercana. ¿Usted de qué provincia y localidad es? Yo estoy en Caba, capital. En Balbanera, acá en 11. 11. Sí, dígame que estoy un poco apurado yo, eh. Sí, en alguna localidad que le quede cómodo para buscar alguna sucursal. ¿Qué tal quiera la sucursal? ¿No me hacen por usted? Quiere hacer el día a domicilio, demora más días. Siete días tiene para que le llegue el chip. ¿Y ahí cómo es día bien habilitado? ¿Cómo es? Porque vence es que uno tiene que habilitar, tiene que llamarlo. Una vez que le llegue el chip, si es que lo quiere a domicilio, me avisa. Ya tiene el chip y yo le aviso cuándo tiene que colocarlo. Recién ahí se quedaría sin línea de clato. Pero cómo yo sé que dónde tengo que llamar, cómo es el tema? No, no tiene que llamar a ningún lado. Usted cuando tenga el chip, me tiene que avisar a mí. Pero cómo te aviso? Cómo tú viste? No sé. Claro, yo ahora le voy a mandar un WhatsApp. Si usted quiere hacer la portadilidad, yo le mando el WhatsApp y quedamos en contacto por ahí. Sí, pero no me está gustando que yo haga hacer los pateles, todo ese. No, porque más antes era... Llegaba al chip y ha habilitado ese. Yo no estoy diciendo que tiene que hacer ningún trámite. Le estoy consultando. Si usted quiere el envío a domicilio de moracitería, si quiere el envío. No, no, no, no. Yo voy a ir a abasto. A mí me queda más cerca abasto de cinco cuadras. Hay una tienda creo ahí. Bueno, está bien, listo. ¿Qué tengo que hacer? Que dígame a ver. Tengo dos minutos porque estoy con un cliente.",
  "calidad": {
    "confianza_promedio": 0.577,
    "metodo_diarizacion": "pausas_fallback",
    "tiempo_procesamiento": 14.2
  },
  "metadata": {
    "modelo": "whisperx_medium",
    "diarizacion": "pausas",
    "dispositivo": "cuda",
    "fecha": "2026-02-18T23:31:19.627759",
    "version": "5.0_ecapa"
  }
}