{
  "archivo": "amza10_1_260209124141904_ACD_80469.wav",
  "duracion_segundos": 185.61,
  "num_segmentos": 64,
  "num_hablantes": 2,
  "hablantes": [
    "Hablante A",
    "Hablante B"
  ],
  "tiempo_por_hablante": {
    "Hablante A": 38.14,
    "Hablante B": 131.17
  },
  "idioma": "es",
  "conversacion": [
    {
      "hablante": "Hablante A",
      "inicio": 0.03,
      "fin": 2.71,
      "duracion": 2.68,
      "texto": "Hola, buenos días.",
      "confianza": 0.234
    },
    {
      "hablante": "Hablante A",
      "inicio": 2.73,
      "fin": 5.08,
      "duracion": 2.34,
      "texto": "Hola, ¿qué tal?",
      "confianza": 0.412
    },
    {
      "hablante": "Hablante A",
      "inicio": 5.1,
      "fin": 5.84,
      "duracion": 0.74,
      "texto": "¿Cómo estás?",
      "confianza": 0.462
    },
    {
      "hablante": "Hablante A",
      "inicio": 5.86,
      "fin": 6.8,
      "duracion": 0.94,
      "texto": "Un gusto, Lourdes.",
      "confianza": 0.475
    },
    {
      "hablante": "Hablante A",
      "inicio": 6.86,
      "fin": 7.48,
      "duracion": 0.62,
      "texto": "Habla de este lado.",
      "confianza": 0.736
    },
    {
      "hablante": "Hablante A",
      "inicio": 7.9,
      "fin": 9.94,
      "duracion": 2.04,
      "texto": "Quería hablar con la línea de Arabella.",
      "confianza": 0.877
    },
    {
      "hablante": "Hablante A",
      "inicio": 9.96,
      "fin": 10.32,
      "duracion": 0.36,
      "texto": "¿Puede estar?",
      "confianza": 0.493
    },
    {
      "hablante": "Hablante A",
      "inicio": 10.34,
      "fin": 10.9,
      "duracion": 0.56,
      "texto": "¿Se encuentra?",
      "confianza": 0.732
    },
    {
      "hablante": "Hablante B",
      "inicio": 12.87,
      "fin": 13.09,
      "duracion": 0.22,
      "texto": "Sí, soy yo.",
      "confianza": 0.069
    },
    {
      "hablante": "Hablante B",
      "inicio": 13.11,
      "fin": 13.69,
      "duracion": 0.58,
      "texto": "¿Quién habla?",
      "confianza": 0.134
    },
    {
      "hablante": "Hablante B",
      "inicio": 13.71,
      "fin": 14.45,
      "duracion": 0.74,
      "texto": "Bien, un gusto.",
      "confianza": 0.637
    },
    {
      "hablante": "Hablante B",
      "inicio": 14.91,
      "fin": 21.23,
      "duracion": 6.33,
      "texto": "Lourdes, sí, este lado me ponía en contacto para el interno, lo que es una bonificación que tenemos, con un 80% de descuento, ¿sí?",
      "confianza": 0.612
    },
    {
      "hablante": "Hablante B",
      "inicio": 21.88,
      "fin": 25.9,
      "duracion": 4.02,
      "texto": "Otra actualmente, estoy viendo que estás en cloro, ¿no?",
      "confianza": 0.592
    },
    {
      "hablante": "Hablante B",
      "inicio": 25.92,
      "fin": 26.68,
      "duracion": 0.76,
      "texto": "Sí, en cloro.",
      "confianza": 0.318
    },
    {
      "hablante": "Hablante B",
      "inicio": 27.76,
      "fin": 28.46,
      "duracion": 0.7,
      "texto": "Bien, perfecto.",
      "confianza": 0.724
    },
    {
      "hablante": "Hablante B",
      "inicio": 28.5,
      "fin": 32.24,
      "duracion": 3.75,
      "texto": "No sé más o menos cuántos gigas estás consumiendo.",
      "confianza": 0.49
    },
    {
      "hablante": "Hablante B",
      "inicio": 32.26,
      "fin": 34.85,
      "duracion": 2.58,
      "texto": "Tengo 15 por mes.",
      "confianza": 0.479
    },
    {
      "hablante": "Hablante B",
      "inicio": 34.87,
      "fin": 35.61,
      "duracion": 0.74,
      "texto": "15 gigas, perfecto.",
      "confianza": 0.356
    },
    {
      "hablante": "Hablante B",
      "inicio": 35.67,
      "fin": 40.63,
      "duracion": 4.97,
      "texto": "Mira, yo te brindo este plan, a ver, para que lo tengas en cuenta, sí, ya que tenemos un 80% de descuento.",
      "confianza": 0.694
    },
    {
      "hablante": "Hablante B",
      "inicio": 41.14,
      "fin": 44.36,
      "duracion": 3.22,
      "texto": "Son 8 gigas, sí, de base, con 10 gigas reales por 6 meses.",
      "confianza": 0.632
    },
    {
      "hablante": "Hablante B",
      "inicio": 44.44,
      "fin": 48.17,
      "duracion": 3.72,
      "texto": "O sea, que vas a contar mensual con 18 gigas, sí.",
      "confianza": 0.613
    },
    {
      "hablante": "Hablante B",
      "inicio": 48.19,
      "fin": 49.17,
      "duracion": 0.98,
      "texto": "¿Qué te incluye esto?",
      "confianza": 0.374
    },
    {
      "hablante": "Hablante B",
      "inicio": 49.19,
      "fin": 52.53,
      "duracion": 3.34,
      "texto": "Lo que es WhatsApp gratis, rumin en América, quizás te viene incluido en el plan.",
      "confianza": 0.569
    },
    {
      "hablante": "Hablante B",
      "inicio": 52.78,
      "fin": 54.32,
      "duracion": 1.54,
      "texto": "Y bueno, obviamente, todo ilimitado.",
      "confianza": 0.632
    },
    {
      "hablante": "Hablante B",
      "inicio": 54.54,
      "fin": 57.59,
      "duracion": 3.04,
      "texto": "Así que te estaría quedando precio final 10,720 pesos.",
      "confianza": 0.794
    },
    {
      "hablante": "Hablante B",
      "inicio": 57.61,
      "fin": 62.63,
      "duracion": 5.03,
      "texto": "¿Me puedes repetir el precio, perdón?",
      "confianza": 0.57
    },
    {
      "hablante": "Hablante B",
      "inicio": 62.65,
      "fin": 64.96,
      "duracion": 2.3,
      "texto": "Sí, no, no es problema.",
      "confianza": 0.326
    },
    {
      "hablante": "Hablante B",
      "inicio": 64.98,
      "fin": 65.94,
      "duracion": 0.96,
      "texto": "10,720 pesos.",
      "confianza": 0.66
    },
    {
      "hablante": "Hablante B",
      "inicio": 66.04,
      "fin": 70.26,
      "duracion": 4.22,
      "texto": "OK, 10,720 por América.",
      "confianza": 0.49
    },
    {
      "hablante": "Hablante B",
      "inicio": 70.82,
      "fin": 72.58,
      "duracion": 1.76,
      "texto": "Exacto, ya te vine a incluir en el plan.",
      "confianza": 0.764
    },
    {
      "hablante": "Hablante B",
      "inicio": 72.6,
      "fin": 78.89,
      "duracion": 6.29,
      "texto": "Eso es bueno porque, bueno, en el caso que vos lo necesites usar, no tenés que, digamos, estar comprando packs y demás ni tener que ser más caro.",
      "confianza": 0.637
    },
    {
      "hablante": "Hablante B",
      "inicio": 79.78,
      "fin": 83.07,
      "duracion": 3.29,
      "texto": "Y la bonificación, ¿cuánto tiempo es?",
      "confianza": 0.644
    },
    {
      "hablante": "Hablante B",
      "inicio": 83.09,
      "fin": 84.81,
      "duracion": 1.72,
      "texto": "Bien, la bonificación es por seis meses.",
      "confianza": 0.681
    },
    {
      "hablante": "Hablante B",
      "inicio": 85.23,
      "fin": 88.54,
      "duracion": 3.31,
      "texto": "Justamente para que vos no sufras los aumentos que teníamos antes.",
      "confianza": 0.767
    },
    {
      "hablante": "Hablante B",
      "inicio": 88.92,
      "fin": 92.31,
      "duracion": 3.39,
      "texto": "Viste que teníamos un plan en cinco días, el otro mes teníamos un montón.",
      "confianza": 0.438
    },
    {
      "hablante": "Hablante B",
      "inicio": 92.35,
      "fin": 95.75,
      "duracion": 3.41,
      "texto": "Después de los seis meses, se te da el aviso que tu programa está por terminar.",
      "confianza": 0.634
    },
    {
      "hablante": "Hablante B",
      "inicio": 95.89,
      "fin": 99.68,
      "duracion": 3.79,
      "texto": "Justamente para que buscas lo que es la bonificación, digamos, el beneficio.",
      "confianza": 0.724
    },
    {
      "hablante": "Hablante B",
      "inicio": 100.47,
      "fin": 111.08,
      "duracion": 10.61,
      "texto": "Porque yo antes teníamos ahorita y lo que me pasaba es que tenía una bonificación y después cuando me sacaron la bonificación era tremendo los aumentos mensuales y por eso me fui de la compañía.",
      "confianza": 0.602
    },
    {
      "hablante": "Hablante B",
      "inicio": 112.4,
      "fin": 119.53,
      "duracion": 7.13,
      "texto": "Claro, digamos, antes en realidad había bastantes aumentos, por eso justamente viste que antes capaz era por un año, dos años los beneficios.",
      "confianza": 0.765
    },
    {
      "hablante": "Hablante B",
      "inicio": 119.57,
      "fin": 122.27,
      "duracion": 2.7,
      "texto": "Ahora lo han hecho por seis meses por ese motivo.",
      "confianza": 0.733
    },
    {
      "hablante": "Hablante B",
      "inicio": 122.55,
      "fin": 128.52,
      "duracion": 5.97,
      "texto": "Después de los seis meses a vos se te da el aviso claramente para que cambies lo que es el plan, la bonificación.",
      "confianza": 0.735
    },
    {
      "hablante": "Hablante B",
      "inicio": 128.87,
      "fin": 141.31,
      "duracion": 12.43,
      "texto": "en realidad quiero hacer otra manipulación, digamos así la frente buena, pero la idea es que vos la cambies para que obviamente prepares el uso de lista del plan.",
      "confianza": 0.653
    },
    {
      "hablante": "Hablante B",
      "inicio": 141.32,
      "fin": 146.03,
      "duracion": 4.71,
      "texto": "No sé si vos tenés esta línea nada más?",
      "confianza": 0.466
    },
    {
      "hablante": "Hablante B",
      "inicio": 146.05,
      "fin": 146.55,
      "duracion": 0.5,
      "texto": "Sí, por ahora esta línea.",
      "confianza": 0.022
    },
    {
      "hablante": "Hablante B",
      "inicio": 146.57,
      "fin": 147.35,
      "duracion": 0.78,
      "texto": "Bien, claro.",
      "confianza": 0.708
    },
    {
      "hablante": "Hablante B",
      "inicio": 147.37,
      "fin": 150.57,
      "duracion": 3.2,
      "texto": "Bueno, sí, estarías agonando eso, precio final 10.720.",
      "confianza": 0.748
    },
    {
      "hablante": "Hablante B",
      "inicio": 151.3,
      "fin": 153.74,
      "duracion": 2.44,
      "texto": "Como te digo, con el descuento de 6 metros y el 80%.",
      "confianza": 0.522
    },
    {
      "hablante": "Hablante A",
      "inicio": 156.38,
      "fin": 156.7,
      "duracion": 0.32,
      "texto": "Perfecto.",
      "confianza": 0.267
    },
    {
      "hablante": "Hablante A",
      "inicio": 157.05,
      "fin": 161.12,
      "duracion": 4.06,
      "texto": "Sí, bueno, la verdad es que todavía no estoy bien.",
      "confianza": 0.271
    },
    {
      "hablante": "Hablante A",
      "inicio": 161.14,
      "fin": 163.6,
      "duracion": 2.46,
      "texto": "Si me puedes llamar en unos días.",
      "confianza": 0.076
    },
    {
      "hablante": "Hablante A",
      "inicio": 163.62,
      "fin": 167.65,
      "duracion": 4.02,
      "texto": "Bueno, mira, yo ahora te dejo lo que es un mensaje por WhatsApp.",
      "confianza": 0.714
    },
    {
      "hablante": "Hablante A",
      "inicio": 167.71,
      "fin": 169.33,
      "duracion": 1.62,
      "texto": "Te dejo el plan, ¿sí?",
      "confianza": 0.817
    },
    {
      "hablante": "Hablante A",
      "inicio": 169.35,
      "fin": 171.95,
      "duracion": 2.6,
      "texto": "Y voy a traernos una respuesta lo más antes que te puedas.",
      "confianza": 0.439
    },
    {
      "hablante": "Hablante A",
      "inicio": 172.03,
      "fin": 172.73,
      "duracion": 0.7,
      "texto": "Genial, ¿sí?",
      "confianza": 0.552
    },
    {
      "hablante": "Hablante A",
      "inicio": 172.75,
      "fin": 175.18,
      "duracion": 2.42,
      "texto": "Ya que, bueno, es una oferta que tenemos y no sé hasta cuándo va a estar.",
      "confianza": 0.655
    },
    {
      "hablante": "Hablante A",
      "inicio": 175.68,
      "fin": 177.04,
      "duracion": 1.36,
      "texto": "Así que avísame, no hay problema.",
      "confianza": 0.651
    },
    {
      "hablante": "Hablante A",
      "inicio": 177.16,
      "fin": 179.36,
      "duracion": 2.2,
      "texto": "Yo sigo hoy hasta las 3, 3 y cuarto acá.",
      "confianza": 0.47
    },
    {
      "hablante": "Hablante A",
      "inicio": 179.38,
      "fin": 183.04,
      "duracion": 3.66,
      "texto": "Sí, en la oficina.",
      "confianza": 0.442
    },
    {
      "hablante": "Hablante A",
      "inicio": 183.06,
      "fin": 183.47,
      "duracion": 0.4,
      "texto": "Vale.",
      "confianza": 0.225
    },
    {
      "hablante": "Hablante A",
      "inicio": 183.49,
      "fin": 184.15,
      "duracion": 0.66,
      "texto": "Bueno, muchas gracias.",
      "confianza": 0.065
    },
    {
      "hablante": "Hablante A",
      "inicio": 184.17,
      "fin": 184.47,
      "duracion": 0.3,
      "texto": "Muchas gracias.",
      "confianza": 0.002
    },
    {
      "hablante": "Hablante A",
      "inicio": 184.49,
      "fin": 184.73,
      "duracion": 0.24,
      "texto": "Muy amables.",
      "confianza": 0.014
    },
    {
      "hablante": "Hablante A",
      "inicio": 184.75,
      "fin": 185.31,
      "duracion": 0.56,
      "texto": "Muchas gracias a vos, María.",
      "confianza": 0.04
    },
    {
      "hablante": "Hablante A",
      "inicio": 185.33,
      "fin": 185.61,
      "duracion": 0.28,
      "texto": "Adiós.",
      "confianza": 0.56
    }
  ],
  "transcripcion_completa": "Hola, buenos días. Hola, ¿qué tal? ¿Cómo estás? Un gusto, Lourdes. Habla de este lado. Quería hablar con la línea de Arabella. ¿Puede estar? ¿Se encuentra? Sí, soy yo. ¿Quién habla? Bien, un gusto. Lourdes, sí, este lado me ponía en contacto para el interno, lo que es una bonificación que tenemos, con un 80% de descuento, ¿sí? Otra actualmente, estoy viendo que estás en cloro, ¿no? Sí, en cloro. Bien, perfecto. No sé más o menos cuántos gigas estás consumiendo. Tengo 15 por mes. 15 gigas, perfecto. Mira, yo te brindo este plan, a ver, para que lo tengas en cuenta, sí, ya que tenemos un 80% de descuento. Son 8 gigas, sí, de base, con 10 gigas reales por 6 meses. O sea, que vas a contar mensual con 18 gigas, sí. ¿Qué te incluye esto? Lo que es WhatsApp gratis, rumin en América, quizás te viene incluido en el plan. Y bueno, obviamente, todo ilimitado. Así que te estaría quedando precio final 10,720 pesos. ¿Me puedes repetir el precio, perdón? Sí, no, no es problema. 10,720 pesos. OK, 10,720 por América. Exacto, ya te vine a incluir en el plan. Eso es bueno porque, bueno, en el caso que vos lo necesites usar, no tenés que, digamos, estar comprando packs y demás ni tener que ser más caro. Y la bonificación, ¿cuánto tiempo es? Bien, la bonificación es por seis meses. Justamente para que vos no sufras los aumentos que teníamos antes. Viste que teníamos un plan en cinco días, el otro mes teníamos un montón. Después de los seis meses, se te da el aviso que tu programa está por terminar. Justamente para que buscas lo que es la bonificación, digamos, el beneficio. Porque yo antes teníamos ahorita y lo que me pasaba es que tenía una bonificación y después cuando me sacaron la bonificación era tremendo los aumentos mensuales y por eso me fui de la compañía. Claro, digamos, antes en realidad había bastantes aumentos, por eso justamente viste que antes capaz era por un año, dos años los beneficios. Ahora lo han hecho por seis meses por ese motivo. Después de los seis meses a vos se te da el aviso claramente para que cambies lo que es el plan, la bonificación. en realidad quiero hacer otra manipulación, digamos así la frente buena, pero la idea es que vos la cambies para que obviamente prepares el uso de lista del plan. No sé si vos tenés esta línea nada más? Sí, por ahora esta línea. Bien, claro. Bueno, sí, estarías agonando eso, precio final 10.720. Como te digo, con el descuento de 6 metros y el 80%. Perfecto. Sí, bueno, la verdad es que todavía no estoy bien. Si me puedes llamar en unos días. Bueno, mira, yo ahora te dejo lo que es un mensaje por WhatsApp. Te dejo el plan, ¿sí? Y voy a traernos una respuesta lo más antes que te puedas. Genial, ¿sí? Ya que, bueno, es una oferta que tenemos y no sé hasta cuándo va a estar. Así que avísame, no hay problema. Yo sigo hoy hasta las 3, 3 y cuarto acá. Sí, en la oficina. Vale. Bueno, muchas gracias. Muchas gracias. Muy amables. Muchas gracias a vos, María. Adiós.",
  "calidad": {
    "confianza_promedio": 0.511,
    "metodo_diarizacion": "pausas_fallback",
    "tiempo_procesamiento": 11.7
  },
  "metadata": {
    "modelo": "whisperx_medium",
    "diarizacion": "pausas",
    "dispositivo": "cuda",
    "fecha": "2026-02-18T22:29:25.866082",
    "version": "5.0_ecapa"
  }
}