{
  "archivo": "amza13_1_260219133210965_ACD_02175.wav",
  "duracion_segundos": 63.47,
  "num_segmentos": 26,
  "num_hablantes": 1,
  "hablantes": [
    "Hablante A"
  ],
  "tiempo_por_hablante": {
    "Hablante A": 55.17
  },
  "idioma": "es",
  "conversacion": [
    {
      "hablante": "Hablante A",
      "inicio": 0.03,
      "fin": 2.11,
      "duracion": 2.08,
      "texto": "Hola, buen día.",
      "confianza": 0.669
    },
    {
      "hablante": "Hablante A",
      "inicio": 2.13,
      "fin": 3.13,
      "duracion": 1.0,
      "texto": "¿Hablo con la ciudad de Natalia?",
      "confianza": 0.485
    },
    {
      "hablante": "Hablante A",
      "inicio": 4.24,
      "fin": 5.34,
      "duracion": 1.1,
      "texto": "Sí, bien, hola.",
      "confianza": 0.384
    },
    {
      "hablante": "Hablante A",
      "inicio": 5.36,
      "fin": 5.66,
      "duracion": 0.3,
      "texto": "¿Qué tal?",
      "confianza": 0.501
    },
    {
      "hablante": "Hablante A",
      "inicio": 5.68,
      "fin": 6.1,
      "duracion": 0.42,
      "texto": "Le hemos gustado.",
      "confianza": 0.323
    },
    {
      "hablante": "Hablante A",
      "inicio": 6.12,
      "fin": 6.86,
      "duracion": 0.74,
      "texto": "Mi nombre es Rodrigo.",
      "confianza": 0.288
    },
    {
      "hablante": "Hablante A",
      "inicio": 6.88,
      "fin": 7.8,
      "duracion": 0.92,
      "texto": "¿Cómo le ha venido el día de hoy?",
      "confianza": 0.618
    },
    {
      "hablante": "Hablante A",
      "inicio": 7.82,
      "fin": 8.32,
      "duracion": 0.5,
      "texto": "¿Todo bien?",
      "confianza": 0.869
    },
    {
      "hablante": "Hablante A",
      "inicio": 9.7,
      "fin": 10.54,
      "duracion": 0.84,
      "texto": "Bien, ¿de dónde llamo?",
      "confianza": 0.32
    },
    {
      "hablante": "Hablante A",
      "inicio": 10.82,
      "fin": 12.99,
      "duracion": 2.16,
      "texto": "Nos estamos comunicando el área de beneficio de Movizart.",
      "confianza": 0.558
    },
    {
      "hablante": "Hablante A",
      "inicio": 13.35,
      "fin": 19.89,
      "duracion": 6.55,
      "texto": "Tenemos para brindarle un plan de 18 gigabytes en 10.730 pesos.",
      "confianza": 0.703
    },
    {
      "hablante": "Hablante A",
      "inicio": 19.91,
      "fin": 22.54,
      "duracion": 2.62,
      "texto": "Sí, me van a llamar en valías de este...",
      "confianza": 0.144
    },
    {
      "hablante": "Hablante A",
      "inicio": 22.56,
      "fin": 26.32,
      "duracion": 3.77,
      "texto": "Yo, por el momento, no estoy interesada en caminar por compañía.",
      "confianza": 0.377
    },
    {
      "hablante": "Hablante A",
      "inicio": 26.34,
      "fin": 29.61,
      "duracion": 3.26,
      "texto": "Claro, ¿por qué motivo?",
      "confianza": 0.522
    },
    {
      "hablante": "Hablante A",
      "inicio": 29.63,
      "fin": 29.89,
      "duracion": 0.26,
      "texto": "Yo ya tuve...",
      "confianza": 0.051
    },
    {
      "hablante": "Hablante A",
      "inicio": 30.93,
      "fin": 32.65,
      "duracion": 1.72,
      "texto": "movistar y definir dónde funcionaba.",
      "confianza": 0.279
    },
    {
      "hablante": "Hablante A",
      "inicio": 33.59,
      "fin": 37.32,
      "duracion": 3.73,
      "texto": "Claro, de quién lo que hacía es usted.",
      "confianza": 0.237
    },
    {
      "hablante": "Hablante A",
      "inicio": 38.56,
      "fin": 44.91,
      "duracion": 6.35,
      "texto": "Claro, tenga presente que hemos colocado unas antenas y, aparte, tenemos los chips 5G Plus que recepcionan mucho mejor la señal, ¿sí?",
      "confianza": 0.674
    },
    {
      "hablante": "Hablante A",
      "inicio": 46.09,
      "fin": 47.83,
      "duracion": 1.74,
      "texto": "La idea es que usted pueda contar con usted.",
      "confianza": 0.6
    },
    {
      "hablante": "Hablante A",
      "inicio": 47.85,
      "fin": 52.09,
      "duracion": 4.24,
      "texto": "Sí, me comentaron esto, pero por el momento no estoy interesada.",
      "confianza": 0.672
    },
    {
      "hablante": "Hablante A",
      "inicio": 52.12,
      "fin": 53.92,
      "duracion": 1.8,
      "texto": "Claro, ¿quiere que lees las promos vía WhatsApp?",
      "confianza": 0.605
    },
    {
      "hablante": "Hablante A",
      "inicio": 53.96,
      "fin": 56.04,
      "duracion": 2.08,
      "texto": "¿Cualquier cosita usted me avisa?",
      "confianza": 0.576
    },
    {
      "hablante": "Hablante A",
      "inicio": 56.06,
      "fin": 57.76,
      "duracion": 1.7,
      "texto": "La tengo ya.",
      "confianza": 0.146
    },
    {
      "hablante": "Hablante A",
      "inicio": 57.78,
      "fin": 58.3,
      "duracion": 0.52,
      "texto": "Claro, entiendo.",
      "confianza": 0.298
    },
    {
      "hablante": "Hablante A",
      "inicio": 58.32,
      "fin": 60.67,
      "duracion": 2.34,
      "texto": "Bueno, cualquier cosita estamos en contacto, ¿sí?",
      "confianza": 0.795
    },
    {
      "hablante": "Hablante A",
      "inicio": 61.03,
      "fin": 63.47,
      "duracion": 2.43,
      "texto": "Gracias, adiós.",
      "confianza": 0.591
    }
  ],
  "transcripcion_completa": "Hola, buen día. ¿Hablo con la ciudad de Natalia? Sí, bien, hola. ¿Qué tal? Le hemos gustado. Mi nombre es Rodrigo. ¿Cómo le ha venido el día de hoy? ¿Todo bien? Bien, ¿de dónde llamo? Nos estamos comunicando el área de beneficio de Movizart. Tenemos para brindarle un plan de 18 gigabytes en 10.730 pesos. Sí, me van a llamar en valías de este... Yo, por el momento, no estoy interesada en caminar por compañía. Claro, ¿por qué motivo? Yo ya tuve... movistar y definir dónde funcionaba. Claro, de quién lo que hacía es usted. Claro, tenga presente que hemos colocado unas antenas y, aparte, tenemos los chips 5G Plus que recepcionan mucho mejor la señal, ¿sí? La idea es que usted pueda contar con usted. Sí, me comentaron esto, pero por el momento no estoy interesada. Claro, ¿quiere que lees las promos vía WhatsApp? ¿Cualquier cosita usted me avisa? La tengo ya. Claro, entiendo. Bueno, cualquier cosita estamos en contacto, ¿sí? Gracias, adiós.",
  "calidad": {
    "confianza_promedio": 0.473,
    "metodo_diarizacion": "pausas_fallback",
    "tiempo_procesamiento": 7.4
  },
  "metadata": {
    "modelo": "whisperx_medium",
    "diarizacion": "pausas",
    "dispositivo": "cuda",
    "fecha": "2026-02-21T13:37:29.044728",
    "version": "5.0_ecapa"
  }
}