{
  "archivo": "amza12_1_260211164547236_ACD_82301.wav",
  "duracion_segundos": 892.99,
  "num_segmentos": 220,
  "num_hablantes": 2,
  "hablantes": [
    "Hablante A",
    "Hablante B"
  ],
  "tiempo_por_hablante": {
    "Hablante A": 384.33,
    "Hablante B": 284.17
  },
  "idioma": "es",
  "conversacion": [
    {
      "hablante": "Hablante A",
      "inicio": 1.43,
      "fin": 3.79,
      "duracion": 2.36,
      "texto": "Hola.",
      "confianza": 0.267
    },
    {
      "hablante": "Hablante A",
      "inicio": 3.81,
      "fin": 4.21,
      "duracion": 0.4,
      "texto": "Hola, ¿qué tal?",
      "confianza": 0.47
    },
    {
      "hablante": "Hablante A",
      "inicio": 4.24,
      "fin": 4.89,
      "duracion": 0.66,
      "texto": "Hablo con Lara.",
      "confianza": 0.668
    },
    {
      "hablante": "Hablante B",
      "inicio": 6.82,
      "fin": 6.88,
      "duracion": 0.06,
      "texto": "Sí.",
      "confianza": 0.206
    },
    {
      "hablante": "Hablante B",
      "inicio": 6.9,
      "fin": 7.46,
      "duracion": 0.56,
      "texto": "¿Qué tal, Lara?",
      "confianza": 0.434
    },
    {
      "hablante": "Hablante B",
      "inicio": 7.48,
      "fin": 8.38,
      "duracion": 0.9,
      "texto": "Mi nombre es Luciana.",
      "confianza": 0.609
    },
    {
      "hablante": "Hablante B",
      "inicio": 8.4,
      "fin": 12.62,
      "duracion": 4.22,
      "texto": "Me comunico por ofrecerle un beneficio del 85% de descuento en el precio de su línea.",
      "confianza": 0.623
    },
    {
      "hablante": "Hablante B",
      "inicio": 13.26,
      "fin": 13.86,
      "duracion": 0.6,
      "texto": "¿Sí?",
      "confianza": 0.418
    },
    {
      "hablante": "Hablante B",
      "inicio": 13.88,
      "fin": 14.9,
      "duracion": 1.02,
      "texto": "¿Actualmente usted es claro?",
      "confianza": 0.669
    },
    {
      "hablante": "Hablante A",
      "inicio": 17.37,
      "fin": 17.43,
      "duracion": 0.06,
      "texto": "Sí.",
      "confianza": 0.003
    },
    {
      "hablante": "Hablante A",
      "inicio": 17.45,
      "fin": 17.85,
      "duracion": 0.4,
      "texto": "Bien.",
      "confianza": 0.318
    },
    {
      "hablante": "Hablante A",
      "inicio": 17.87,
      "fin": 20.63,
      "duracion": 2.76,
      "texto": "¿Y tiene abono o va a ser recarga?",
      "confianza": 0.584
    },
    {
      "hablante": "Hablante A",
      "inicio": 20.65,
      "fin": 21.83,
      "duracion": 1.18,
      "texto": "Abono.",
      "confianza": 0.271
    },
    {
      "hablante": "Hablante A",
      "inicio": 21.85,
      "fin": 22.91,
      "duracion": 1.06,
      "texto": "Bien, perfecto.",
      "confianza": 0.844
    },
    {
      "hablante": "Hablante A",
      "inicio": 23.23,
      "fin": 23.83,
      "duracion": 0.6,
      "texto": "Bueno, le cuento.",
      "confianza": 0.729
    },
    {
      "hablante": "Hablante A",
      "inicio": 23.93,
      "fin": 28.84,
      "duracion": 4.9,
      "texto": "Si hoy por hoy lo estoy llamando desde el área comercial de Movistar, estamos con un 85% de descuento.",
      "confianza": 0.592
    },
    {
      "hablante": "Hablante A",
      "inicio": 28.86,
      "fin": 31.1,
      "duracion": 2.24,
      "texto": "¿Actualmente cuándo llega se le está recargando?",
      "confianza": 0.721
    },
    {
      "hablante": "Hablante A",
      "inicio": 31.37,
      "fin": 33.71,
      "duracion": 2.34,
      "texto": "a lo que es un niño.",
      "confianza": 0.392
    },
    {
      "hablante": "Hablante A",
      "inicio": 33.73,
      "fin": 39.78,
      "duracion": 6.05,
      "texto": "No, es que les dije que no porque en mi zona no agarramos de estar por eso, es el tema el que no me pasó.",
      "confianza": 0.521
    },
    {
      "hablante": "Hablante A",
      "inicio": 39.8,
      "fin": 40.68,
      "duracion": 0.88,
      "texto": "Claro, claro.",
      "confianza": 0.858
    },
    {
      "hablante": "Hablante A",
      "inicio": 40.78,
      "fin": 47.47,
      "duracion": 6.69,
      "texto": "Usted por ejemplo, ¿de qué localidades?",
      "confianza": 0.8
    },
    {
      "hablante": "Hablante A",
      "inicio": 47.49,
      "fin": 48.13,
      "duracion": 0.64,
      "texto": "Tres de Obrero, Loma Hermosa.",
      "confianza": 0.03
    },
    {
      "hablante": "Hablante A",
      "inicio": 48.15,
      "fin": 51.57,
      "duracion": 3.42,
      "texto": "A ver, a ver, aguantarme que lo confirmo, ¿sí?",
      "confianza": 0.488
    },
    {
      "hablante": "Hablante A",
      "inicio": 51.59,
      "fin": 55.84,
      "duracion": 4.25,
      "texto": "Para poder ayudarla, porque bueno, justamente sí, durante lo que fue el último año,",
      "confianza": 0.823
    },
    {
      "hablante": "Hablante A",
      "inicio": 56.14,
      "fin": 59.8,
      "duracion": 3.66,
      "texto": "Lo que hizo Movistar es actualizar todas las antenas de la zona.",
      "confianza": 0.631
    },
    {
      "hablante": "Hablante A",
      "inicio": 60.81,
      "fin": 66.36,
      "duracion": 5.55,
      "texto": "Hace un tiempo, capaz no te andaba, hoy por hoy ha cambiado muchísimo.",
      "confianza": 0.745
    },
    {
      "hablante": "Hablante A",
      "inicio": 66.44,
      "fin": 68.9,
      "duracion": 2.46,
      "texto": "Se han actualizado las antenas del año pasado, ¿lo vieron?",
      "confianza": 0.616
    },
    {
      "hablante": "Hablante A",
      "inicio": 70.04,
      "fin": 71.78,
      "duracion": 1.74,
      "texto": "Ha dicho 3 de febrero.",
      "confianza": 0.714
    },
    {
      "hablante": "Hablante A",
      "inicio": 71.8,
      "fin": 73.34,
      "duracion": 1.54,
      "texto": "A ver, déjame que lo confirmo.",
      "confianza": 0.76
    },
    {
      "hablante": "Hablante A",
      "inicio": 73.36,
      "fin": 76.41,
      "duracion": 3.05,
      "texto": "A ver, a ver.",
      "confianza": 0.601
    },
    {
      "hablante": "Hablante A",
      "inicio": 76.73,
      "fin": 77.73,
      "duracion": 1.0,
      "texto": "Buenos Aires, ¿verdad?",
      "confianza": 0.502
    },
    {
      "hablante": "Hablante B",
      "inicio": 80.58,
      "fin": 81.04,
      "duracion": 0.46,
      "texto": "Sí.",
      "confianza": 0.497
    },
    {
      "hablante": "Hablante B",
      "inicio": 81.06,
      "fin": 83.84,
      "duracion": 2.78,
      "texto": "Bien, perfecto.",
      "confianza": 0.336
    },
    {
      "hablante": "Hablante B",
      "inicio": 83.86,
      "fin": 84.88,
      "duracion": 1.02,
      "texto": "A ver, déjame un segundo.",
      "confianza": 0.441
    },
    {
      "hablante": "Hablante A",
      "inicio": 89.01,
      "fin": 94.14,
      "duracion": 5.13,
      "texto": "Bien, sí, acá Lara me confirma que sí está funcionando, si es dentro de su zona.",
      "confianza": 0.68
    },
    {
      "hablante": "Hablante A",
      "inicio": 94.82,
      "fin": 102.65,
      "duracion": 7.83,
      "texto": "Acá me la figura en verde, entonces nada, la realidad es que bueno, vos por ejemplo, ¿hace cuánto has estado en Movistar?",
      "confianza": 0.551
    },
    {
      "hablante": "Hablante A",
      "inicio": 102.67,
      "fin": 104.61,
      "duracion": 1.94,
      "texto": "Y esto de bastante tiempo.",
      "confianza": 0.183
    },
    {
      "hablante": "Hablante A",
      "inicio": 104.63,
      "fin": 108.22,
      "duracion": 3.58,
      "texto": "Claro, hace más o menos, ¿cuánto tiempo está en claro?",
      "confianza": 0.769
    },
    {
      "hablante": "Hablante A",
      "inicio": 108.28,
      "fin": 111.1,
      "duracion": 2.82,
      "texto": "Por ejemplo, ¿hace un año, dos años?",
      "confianza": 0.619
    },
    {
      "hablante": "Hablante A",
      "inicio": 111.12,
      "fin": 111.26,
      "duracion": 0.14,
      "texto": "Un año.",
      "confianza": 0.006
    },
    {
      "hablante": "Hablante A",
      "inicio": 111.28,
      "fin": 113.08,
      "duracion": 1.8,
      "texto": "Un año, claro.",
      "confianza": 0.814
    },
    {
      "hablante": "Hablante A",
      "inicio": 113.1,
      "fin": 113.38,
      "duracion": 0.28,
      "texto": "Sí, sí, sí.",
      "confianza": 0.14
    },
    {
      "hablante": "Hablante A",
      "inicio": 113.4,
      "fin": 118.23,
      "duracion": 4.83,
      "texto": "Bueno, dentro de lo que fue el último tiempo y los últimos meses del año pasado, 2025,",
      "confianza": 0.631
    },
    {
      "hablante": "Hablante A",
      "inicio": 118.41,
      "fin": 123.34,
      "duracion": 4.93,
      "texto": "Yo pienso movistar, como le había comentado, las actualizadas antenas, ¿de acuerdo?",
      "confianza": 0.522
    },
    {
      "hablante": "Hablante A",
      "inicio": 123.36,
      "fin": 127.04,
      "duracion": 3.69,
      "texto": "Por hoy, nada, sí tiene lo que es, por ejemplo, cobertura, en eso querés ser tranquila.",
      "confianza": 0.646
    },
    {
      "hablante": "Hablante B",
      "inicio": 128.77,
      "fin": 128.83,
      "duracion": 0.06,
      "texto": "Sí.",
      "confianza": 0.039
    },
    {
      "hablante": "Hablante B",
      "inicio": 128.85,
      "fin": 134.13,
      "duracion": 5.29,
      "texto": "Finalmente, Madri ha dicho que eso le estaba recargando, ¿cuántas gigas?",
      "confianza": 0.598
    },
    {
      "hablante": "Hablante B",
      "inicio": 134.38,
      "fin": 135.44,
      "duracion": 1.06,
      "texto": "Cuatro, creo.",
      "confianza": 0.747
    },
    {
      "hablante": "Hablante B",
      "inicio": 135.46,
      "fin": 136.8,
      "duracion": 1.34,
      "texto": "Cuatro gigas, perfecto.",
      "confianza": 0.649
    },
    {
      "hablante": "Hablante B",
      "inicio": 136.82,
      "fin": 139.7,
      "duracion": 2.88,
      "texto": "¿Y cuánto está abonando?",
      "confianza": 0.698
    },
    {
      "hablante": "Hablante B",
      "inicio": 139.72,
      "fin": 140.56,
      "duracion": 0.84,
      "texto": "Diez mil pesos.",
      "confianza": 0.076
    },
    {
      "hablante": "Hablante B",
      "inicio": 140.59,
      "fin": 141.47,
      "duracion": 0.88,
      "texto": "Diez mil pesos.",
      "confianza": 0.535
    },
    {
      "hablante": "Hablante B",
      "inicio": 141.49,
      "fin": 145.73,
      "duracion": 4.25,
      "texto": "Bien, justamente como te comentaba, Elayra, estamos con una promoción del 85%,",
      "confianza": 0.669
    },
    {
      "hablante": "Hablante B",
      "inicio": 145.95,
      "fin": 153.18,
      "duracion": 7.23,
      "texto": "y le está quedando la misma promoción de 4 gigas, inclusive, más 10 de regalo, o sea, que va a tener 14 gigas, ¿sí?",
      "confianza": 0.672
    },
    {
      "hablante": "Hablante B",
      "inicio": 153.2,
      "fin": 155.08,
      "duracion": 1.88,
      "texto": "En 5.835, ¿bien?",
      "confianza": 0.757
    },
    {
      "hablante": "Hablante B",
      "inicio": 156.5,
      "fin": 163.03,
      "duracion": 6.53,
      "texto": "La realidad es que, bueno, es una promoción bastante buena, estamos hablando de casi el 50% de lo que usted está pagando, ¿sí?",
      "confianza": 0.714
    },
    {
      "hablante": "Hablante B",
      "inicio": 163.05,
      "fin": 167.44,
      "duracion": 4.39,
      "texto": "Y bueno, uno también entiende que dentro de lo que es Argentina uno tiene que cuidar un poco el bolsillo, ¿no?",
      "confianza": 0.618
    },
    {
      "hablante": "Hablante B",
      "inicio": 167.46,
      "fin": 170.84,
      "duracion": 3.38,
      "texto": "Gracias por ejemplo, por ejemplo, ¿cómo utiliza lo que es la línea, sí?",
      "confianza": 0.638
    },
    {
      "hablante": "Hablante B",
      "inicio": 170.86,
      "fin": 174.27,
      "duracion": 3.41,
      "texto": "Para trabajar, ¿lo utiliza bastante, tal vez no tanto?",
      "confianza": 0.755
    },
    {
      "hablante": "Hablante B",
      "inicio": 175.21,
      "fin": 177.81,
      "duracion": 2.6,
      "texto": "No, ya.",
      "confianza": 0.378
    },
    {
      "hablante": "Hablante B",
      "inicio": 177.83,
      "fin": 182.52,
      "duracion": 4.69,
      "texto": "Claro, como que necesitaba un poquito y lo necesario.",
      "confianza": 0.521
    },
    {
      "hablante": "Hablante B",
      "inicio": 182.54,
      "fin": 182.72,
      "duracion": 0.18,
      "texto": "Sí.",
      "confianza": 0.38
    },
    {
      "hablante": "Hablante B",
      "inicio": 182.74,
      "fin": 182.92,
      "duracion": 0.18,
      "texto": "Perfecto.",
      "confianza": 0.054
    },
    {
      "hablante": "Hablante B",
      "inicio": 182.94,
      "fin": 185.84,
      "duracion": 2.9,
      "texto": "Bueno, entonces yo creo que este plan es perfecto por los tres, ¿sí?",
      "confianza": 0.633
    },
    {
      "hablante": "Hablante B",
      "inicio": 186.03,
      "fin": 188.61,
      "duracion": 2.58,
      "texto": "Aparte de que, bueno... ¿Por cuántos meses?",
      "confianza": 0.476
    },
    {
      "hablante": "Hablante B",
      "inicio": 188.63,
      "fin": 189.69,
      "duracion": 1.06,
      "texto": "Son por seis meses.",
      "confianza": 0.872
    },
    {
      "hablante": "Hablante B",
      "inicio": 189.87,
      "fin": 191.71,
      "duracion": 1.84,
      "texto": "En el mes 5, usted me está alizando.",
      "confianza": 0.692
    },
    {
      "hablante": "Hablante B",
      "inicio": 191.73,
      "fin": 194.22,
      "duracion": 2.48,
      "texto": "Obviamente, ahora yo lo voy a escribir por lo que es WhatsApp, ¿sí?",
      "confianza": 0.345
    },
    {
      "hablante": "Hablante B",
      "inicio": 194.26,
      "fin": 195.28,
      "duracion": 1.02,
      "texto": "Para que tenga mi contacto.",
      "confianza": 0.803
    },
    {
      "hablante": "Hablante B",
      "inicio": 195.92,
      "fin": 200.85,
      "duracion": 4.93,
      "texto": "Y cuando tenga lo que es el mes 5, usted lo que puede hacer es actualizar el plan, ¿bien?",
      "confianza": 0.768
    },
    {
      "hablante": "Hablante B",
      "inicio": 201.05,
      "fin": 203.41,
      "duracion": 2.36,
      "texto": "Entonces, todo el tiempo va a seguir con lo que es un beneficio.",
      "confianza": 0.641
    },
    {
      "hablante": "Hablante B",
      "inicio": 203.65,
      "fin": 211.28,
      "duracion": 7.63,
      "texto": "Así que, en eso, quédense tranquila que en el mes 5 usted se contacta conmigo y yo le voy a dar razón a usted al procedimiento, ¿bien?",
      "confianza": 0.507
    },
    {
      "hablante": "Hablante B",
      "inicio": 211.29,
      "fin": 211.35,
      "duracion": 0.06,
      "texto": "OK.",
      "confianza": 0.187
    },
    {
      "hablante": "Hablante B",
      "inicio": 211.38,
      "fin": 211.9,
      "duracion": 0.52,
      "texto": "Perfecto.",
      "confianza": 0.836
    },
    {
      "hablante": "Hablante B",
      "inicio": 212.58,
      "fin": 221.5,
      "duracion": 8.93,
      "texto": "Bueno, ahora lo que le voy a solicitar, si yo aguardo un segundito, yo voy a estar verificando datos para poder hacer lo que es la portabilidad, ¿bien?",
      "confianza": 0.575
    },
    {
      "hablante": "Hablante B",
      "inicio": 221.53,
      "fin": 222.34,
      "duracion": 0.82,
      "texto": "Bueno.",
      "confianza": 0.341
    },
    {
      "hablante": "Hablante B",
      "inicio": 222.37,
      "fin": 226.69,
      "duracion": 4.32,
      "texto": "Perfecto.",
      "confianza": 0.733
    },
    {
      "hablante": "Hablante B",
      "inicio": 226.71,
      "fin": 229.37,
      "duracion": 2.66,
      "texto": "A ver, aguarden un segundito.",
      "confianza": 0.22
    },
    {
      "hablante": "Hablante B",
      "inicio": 229.39,
      "fin": 229.65,
      "duracion": 0.26,
      "texto": "A ver, a ver.",
      "confianza": 0.07
    },
    {
      "hablante": "Hablante A",
      "inicio": 232.53,
      "fin": 237.96,
      "duracion": 5.43,
      "texto": "A ver, a ver.",
      "confianza": 0.339
    },
    {
      "hablante": "Hablante A",
      "inicio": 237.98,
      "fin": 240.2,
      "duracion": 2.22,
      "texto": "Su DNI termina en 9, 1, 4, ¿no?",
      "confianza": 0.741
    },
    {
      "hablante": "Hablante B",
      "inicio": 242.65,
      "fin": 242.71,
      "duracion": 0.06,
      "texto": "Sí.",
      "confianza": 0.149
    },
    {
      "hablante": "Hablante B",
      "inicio": 242.73,
      "fin": 247.47,
      "duracion": 4.75,
      "texto": "Bien, perfecto.",
      "confianza": 0.698
    },
    {
      "hablante": "Hablante B",
      "inicio": 247.49,
      "fin": 248.09,
      "duracion": 0.6,
      "texto": "Su DNI termina en 9, ahí va.",
      "confianza": 0.052
    },
    {
      "hablante": "Hablante B",
      "inicio": 248.11,
      "fin": 249.76,
      "duracion": 1.64,
      "texto": "Perfecto.",
      "confianza": 0.476
    },
    {
      "hablante": "Hablante B",
      "inicio": 249.78,
      "fin": 254.12,
      "duracion": 4.34,
      "texto": "Aguardé un segundo que estoy verificando datos, ¿sí?",
      "confianza": 0.681
    },
    {
      "hablante": "Hablante B",
      "inicio": 254.14,
      "fin": 260.05,
      "duracion": 5.91,
      "texto": "Bien, perfecto.",
      "confianza": 0.469
    },
    {
      "hablante": "Hablante B",
      "inicio": 260.07,
      "fin": 261.85,
      "duracion": 1.78,
      "texto": "A ver, a ver.",
      "confianza": 0.327
    },
    {
      "hablante": "Hablante A",
      "inicio": 264.14,
      "fin": 264.82,
      "duracion": 0.68,
      "texto": "Bien.",
      "confianza": 0.725
    },
    {
      "hablante": "Hablante A",
      "inicio": 264.84,
      "fin": 266.02,
      "duracion": 1.18,
      "texto": "Aguárdame un segundito en línea.",
      "confianza": 0.312
    },
    {
      "hablante": "Hablante B",
      "inicio": 279.61,
      "fin": 280.35,
      "duracion": 0.74,
      "texto": "Bien, perfecto.",
      "confianza": 0.657
    },
    {
      "hablante": "Hablante B",
      "inicio": 280.41,
      "fin": 283.91,
      "duracion": 3.51,
      "texto": "La de acá me asegura que usted es una gran clienta de lo que podemos estar, ¿sí?",
      "confianza": 0.647
    },
    {
      "hablante": "Hablante B",
      "inicio": 283.93,
      "fin": 285.65,
      "duracion": 1.72,
      "texto": "Así que, bueno, la felicito por ese lado.",
      "confianza": 0.613
    },
    {
      "hablante": "Hablante A",
      "inicio": 289.14,
      "fin": 289.24,
      "duracion": 0.1,
      "texto": "Bien.",
      "confianza": 0.002
    },
    {
      "hablante": "Hablante A",
      "inicio": 289.26,
      "fin": 289.42,
      "duracion": 0.16,
      "texto": "Gracias.",
      "confianza": 0.02
    },
    {
      "hablante": "Hablante A",
      "inicio": 289.44,
      "fin": 289.86,
      "duracion": 0.42,
      "texto": "Bien.",
      "confianza": 0.687
    },
    {
      "hablante": "Hablante A",
      "inicio": 289.9,
      "fin": 293.41,
      "duracion": 3.5,
      "texto": "Usted me había comentado que era de Buenos Aires 3 de febrero.",
      "confianza": 0.676
    },
    {
      "hablante": "Hablante A",
      "inicio": 294.3,
      "fin": 302.32,
      "duracion": 8.03,
      "texto": "Sí, Loma Hermosa.",
      "confianza": 0.346
    },
    {
      "hablante": "Hablante A",
      "inicio": 302.35,
      "fin": 302.49,
      "duracion": 0.14,
      "texto": "Ahí va.",
      "confianza": 0.02
    },
    {
      "hablante": "Hablante A",
      "inicio": 302.5,
      "fin": 302.76,
      "duracion": 0.26,
      "texto": "A ver, a ver.",
      "confianza": 0.017
    },
    {
      "hablante": "Hablante A",
      "inicio": 302.79,
      "fin": 302.89,
      "duracion": 0.1,
      "texto": "Bien.",
      "confianza": 0.185
    },
    {
      "hablante": "Hablante A",
      "inicio": 302.91,
      "fin": 305.81,
      "duracion": 2.9,
      "texto": "Usted tiene lo que es una tienda a movistar en Belgrano 3297.",
      "confianza": 0.672
    },
    {
      "hablante": "Hablante A",
      "inicio": 305.83,
      "fin": 315.48,
      "duracion": 9.65,
      "texto": "¿Tiene conocimiento de la zona, del lugar, para poder tirar lo que es un ship?",
      "confianza": 0.55
    },
    {
      "hablante": "Hablante A",
      "inicio": 315.5,
      "fin": 316.2,
      "duracion": 0.7,
      "texto": "Sí, San Martín.",
      "confianza": 0.368
    },
    {
      "hablante": "Hablante A",
      "inicio": 316.36,
      "fin": 316.5,
      "duracion": 0.14,
      "texto": "Bien.",
      "confianza": 0.499
    },
    {
      "hablante": "Hablante A",
      "inicio": 316.52,
      "fin": 319.36,
      "duracion": 2.84,
      "texto": "Sí, tienda a movistar Belgrano 3297, me figura, en Loma Hermosa.",
      "confianza": 0.613
    },
    {
      "hablante": "Hablante B",
      "inicio": 321.02,
      "fin": 324.29,
      "duracion": 3.26,
      "texto": "Oye, si te igual, yo le puedo enviar la ubicación, si eso se queda tranquila.",
      "confianza": 0.685
    },
    {
      "hablante": "Hablante B",
      "inicio": 324.45,
      "fin": 327.94,
      "duracion": 3.48,
      "texto": "¿San envían el chuteo a la casa?",
      "confianza": 0.039
    },
    {
      "hablante": "Hablante B",
      "inicio": 327.96,
      "fin": 333.84,
      "duracion": 5.89,
      "texto": "Claro, usted lo tiene que retirar en la sucursal de Movistar, ¿sí?",
      "confianza": 0.576
    },
    {
      "hablante": "Hablante B",
      "inicio": 333.86,
      "fin": 334.32,
      "duracion": 0.46,
      "texto": "Ah, ya no te lo envían.",
      "confianza": 0.005
    },
    {
      "hablante": "Hablante B",
      "inicio": 334.34,
      "fin": 334.72,
      "duracion": 0.38,
      "texto": "Sí, sí, sí, sí, sí.",
      "confianza": 0.036
    },
    {
      "hablante": "Hablante B",
      "inicio": 334.74,
      "fin": 339.39,
      "duracion": 4.64,
      "texto": "Para que, bueno, también lo que es el trámite sea mucho más rápido para ustedes, o sea, el mejor, ¿sí?",
      "confianza": 0.664
    },
    {
      "hablante": "Hablante B",
      "inicio": 339.41,
      "fin": 344.07,
      "duracion": 4.66,
      "texto": "Por ahí lo que es el envío a domicilio lo solemos hacer, pero suele tardar más de 10 a 15 días.",
      "confianza": 0.707
    },
    {
      "hablante": "Hablante B",
      "inicio": 344.13,
      "fin": 350.68,
      "duracion": 6.55,
      "texto": "Incluso ahora que viene feriado es como que, bueno, va a tapar bastante el trámite y al fin y al cabo va a seguir pagando el otro abono, ¿se entiende?",
      "confianza": 0.563
    },
    {
      "hablante": "Hablante B",
      "inicio": 351.13,
      "fin": 365.31,
      "duracion": 14.18,
      "texto": "Entonces, para que eso no suceda y tengas más rápido lo que es el descuento, se hace, por ejemplo, lo que es buscar el chip, retirarlo por tu cuenta y automáticamente ustedes ya tienen lo que es movilizar.",
      "confianza": 0.744
    },
    {
      "hablante": "Hablante B",
      "inicio": 365.33,
      "fin": 365.45,
      "duracion": 0.12,
      "texto": "¿Bien?",
      "confianza": 0.023
    },
    {
      "hablante": "Hablante B",
      "inicio": 365.47,
      "fin": 366.15,
      "duracion": 0.68,
      "texto": "Bien, perfecto.",
      "confianza": 0.527
    },
    {
      "hablante": "Hablante B",
      "inicio": 366.55,
      "fin": 370.1,
      "duracion": 3.55,
      "texto": "Yo ahora, de igual forma, quédense tranquila que yo voy a estar enviando la ubicación por WhatsApp.",
      "confianza": 0.63
    },
    {
      "hablante": "Hablante B",
      "inicio": 370.12,
      "fin": 370.62,
      "duracion": 0.5,
      "texto": "¿Bien?",
      "confianza": 0.67
    },
    {
      "hablante": "Hablante B",
      "inicio": 370.64,
      "fin": 372.4,
      "duracion": 1.76,
      "texto": "Para que no nos tenga cualquier duda.",
      "confianza": 0.587
    },
    {
      "hablante": "Hablante B",
      "inicio": 372.76,
      "fin": 379.35,
      "duracion": 6.59,
      "texto": "Pero bueno, puedes retirar lo que es el chip en esa supursal, ¿sí?",
      "confianza": 0.732
    },
    {
      "hablante": "Hablante B",
      "inicio": 379.37,
      "fin": 380.19,
      "duracion": 0.82,
      "texto": "Ahora... ¿Y en la de San Martín no puedo?",
      "confianza": 0.006
    },
    {
      "hablante": "Hablante B",
      "inicio": 380.21,
      "fin": 381.06,
      "duracion": 0.84,
      "texto": "Bien, a ver, voy a...",
      "confianza": 0.437
    },
    {
      "hablante": "Hablante B",
      "inicio": 381.34,
      "fin": 383.22,
      "duracion": 1.88,
      "texto": "Buscar en San Martín.",
      "confianza": 0.654
    },
    {
      "hablante": "Hablante A",
      "inicio": 385.72,
      "fin": 397.57,
      "duracion": 11.85,
      "texto": "Aguárdeme un segundito.",
      "confianza": 0.153
    },
    {
      "hablante": "Hablante A",
      "inicio": 397.65,
      "fin": 398.57,
      "duracion": 0.92,
      "texto": "A ver, a ver.",
      "confianza": 0.424
    },
    {
      "hablante": "Hablante A",
      "inicio": 399.09,
      "fin": 406.64,
      "duracion": 7.55,
      "texto": "Vamos recargando el sistema.",
      "confianza": 0.408
    },
    {
      "hablante": "Hablante A",
      "inicio": 406.66,
      "fin": 406.8,
      "duracion": 0.14,
      "texto": "Bien.",
      "confianza": 0.203
    },
    {
      "hablante": "Hablante A",
      "inicio": 406.82,
      "fin": 411.24,
      "duracion": 4.42,
      "texto": "Aguárdeme un segundito el día que lo voy a chequear con lo que es mucho por avisar, ¿sí?",
      "confianza": 0.497
    },
    {
      "hablante": "Hablante A",
      "inicio": 411.39,
      "fin": 411.97,
      "duracion": 0.58,
      "texto": "Dale.",
      "confianza": 0.886
    },
    {
      "hablante": "Hablante B",
      "inicio": 451.94,
      "fin": 453.35,
      "duracion": 1.4,
      "texto": "Bien, ¿ahí me escuchas, Lera?",
      "confianza": 0.462
    },
    {
      "hablante": "Hablante A",
      "inicio": 455.37,
      "fin": 455.43,
      "duracion": 0.06,
      "texto": "Sí.",
      "confianza": 0.032
    },
    {
      "hablante": "Hablante A",
      "inicio": 455.45,
      "fin": 456.31,
      "duracion": 0.86,
      "texto": "Bien, perfecto.",
      "confianza": 0.739
    },
    {
      "hablante": "Hablante A",
      "inicio": 456.39,
      "fin": 459.25,
      "duracion": 2.86,
      "texto": "Sí, ahora me fíjate de lo que es la secursal de San Martín, ¿bien?",
      "confianza": 0.648
    },
    {
      "hablante": "Hablante A",
      "inicio": 460.43,
      "fin": 466.96,
      "duracion": 6.53,
      "texto": "Ahí le confirmo bien lo que es la ubicación para que en eso se quede tranquila.",
      "confianza": 0.695
    },
    {
      "hablante": "Hablante A",
      "inicio": 467.22,
      "fin": 479.9,
      "duracion": 12.68,
      "texto": "No lo sé.",
      "confianza": 0.314
    },
    {
      "hablante": "Hablante A",
      "inicio": 479.92,
      "fin": 480.02,
      "duracion": 0.1,
      "texto": "Vale.",
      "confianza": 0.053
    },
    {
      "hablante": "Hablante A",
      "inicio": 480.04,
      "fin": 480.58,
      "duracion": 0.54,
      "texto": "A ver, a ver.",
      "confianza": 0.39
    },
    {
      "hablante": "Hablante A",
      "inicio": 480.6,
      "fin": 481.46,
      "duracion": 0.86,
      "texto": "Bien, perfecto.",
      "confianza": 0.454
    },
    {
      "hablante": "Hablante B",
      "inicio": 484.7,
      "fin": 490.1,
      "duracion": 5.41,
      "texto": "A ver, a ver.",
      "confianza": 0.679
    },
    {
      "hablante": "Hablante B",
      "inicio": 490.12,
      "fin": 497.81,
      "duracion": 7.69,
      "texto": "Bien, aguardamos un poquito en línea.",
      "confianza": 0.24
    },
    {
      "hablante": "Hablante B",
      "inicio": 497.83,
      "fin": 498.61,
      "duracion": 0.78,
      "texto": "Perdón la demora.",
      "confianza": 0.682
    },
    {
      "hablante": "Hablante B",
      "inicio": 499.45,
      "fin": 502.54,
      "duracion": 3.08,
      "texto": "Estamos con una falla en el sistema y bueno.",
      "confianza": 0.563
    },
    {
      "hablante": "Hablante B",
      "inicio": 502.56,
      "fin": 510.51,
      "duracion": 7.95,
      "texto": "Pero sí, la realidad es que bueno, lo que a este beneficio le dan, y le dan el superbién, está pagando más del doble y bueno, por las mismas sigas.",
      "confianza": 0.681
    },
    {
      "hablante": "Hablante B",
      "inicio": 510.69,
      "fin": 514.67,
      "duracion": 3.98,
      "texto": "Inclusive va a pagar menos, pero va a tener más sigas.",
      "confianza": 0.638
    },
    {
      "hablante": "Hablante B",
      "inicio": 514.84,
      "fin": 524.65,
      "duracion": 9.81,
      "texto": "A parte de lo que es el beneficio conmigo y por estar hablando conmigo, también dentro de lo que es la aplicación de Movistar, ¿sí?",
      "confianza": 0.69
    },
    {
      "hablante": "Hablante B",
      "inicio": 524.81,
      "fin": 527.67,
      "duracion": 2.86,
      "texto": "Regalando 20 gigas más de regalo, ¿sí?",
      "confianza": 0.699
    },
    {
      "hablante": "Hablante B",
      "inicio": 527.69,
      "fin": 533.03,
      "duracion": 5.35,
      "texto": "Son 20 gigas anuales, entonces eso está bueno porque lo puede activar cuando usted quiera, ¿sí?",
      "confianza": 0.657
    },
    {
      "hablante": "Hablante B",
      "inicio": 533.09,
      "fin": 539.2,
      "duracion": 6.11,
      "texto": "Ustedes de la aplicación pueden entrar y bueno, capaz algún día, no sé, que va de viaje, tal vez necesitan más gigas.",
      "confianza": 0.675
    },
    {
      "hablante": "Hablante B",
      "inicio": 539.64,
      "fin": 543.54,
      "duracion": 3.9,
      "texto": "En eso son 20 gigas de regalo que, bueno, de mi parte suele dar de regalo, ¿sí?",
      "confianza": 0.596
    },
    {
      "hablante": "Hablante B",
      "inicio": 544.37,
      "fin": 544.63,
      "duracion": 0.26,
      "texto": "Ah, ok.",
      "confianza": 0.288
    },
    {
      "hablante": "Hablante B",
      "inicio": 544.65,
      "fin": 547.13,
      "duracion": 2.48,
      "texto": "Está bueno porque va a tener bastante sida.",
      "confianza": 0.565
    },
    {
      "hablante": "Hablante A",
      "inicio": 550.32,
      "fin": 550.46,
      "duracion": 0.14,
      "texto": "Sí, sí.",
      "confianza": 0.007
    },
    {
      "hablante": "Hablante A",
      "inicio": 550.48,
      "fin": 555.25,
      "duracion": 4.77,
      "texto": "A ver, a ver.",
      "confianza": 0.115
    },
    {
      "hablante": "Hablante A",
      "inicio": 555.27,
      "fin": 560.26,
      "duracion": 4.99,
      "texto": "Aguardamos un segundito.",
      "confianza": 0.278
    },
    {
      "hablante": "Hablante A",
      "inicio": 560.28,
      "fin": 564.6,
      "duracion": 4.33,
      "texto": "Por mientras le voy a estar enviando un mensajito por WhatsApp, ¿sí?",
      "confianza": 0.677
    },
    {
      "hablante": "Hablante A",
      "inicio": 564.62,
      "fin": 565.14,
      "duracion": 0.52,
      "texto": "Dale.",
      "confianza": 0.802
    },
    {
      "hablante": "Hablante A",
      "inicio": 565.16,
      "fin": 566.21,
      "duracion": 1.04,
      "texto": "Dale, ahí le estaré escribiendo.",
      "confianza": 0.204
    },
    {
      "hablante": "Hablante B",
      "inicio": 569.9,
      "fin": 574.0,
      "duracion": 4.1,
      "texto": "Bien.",
      "confianza": 0.543
    },
    {
      "hablante": "Hablante B",
      "inicio": 574.02,
      "fin": 585.36,
      "duracion": 11.33,
      "texto": "Ahí encontró su numerito.",
      "confianza": 0.428
    },
    {
      "hablante": "Hablante A",
      "inicio": 587.7,
      "fin": 592.26,
      "duracion": 4.56,
      "texto": "Ahí está.",
      "confianza": 0.419
    },
    {
      "hablante": "Hablante A",
      "inicio": 592.58,
      "fin": 593.74,
      "duracion": 1.16,
      "texto": "Ahí no sé si le traigo.",
      "confianza": 0.43
    },
    {
      "hablante": "Hablante A",
      "inicio": 593.76,
      "fin": 595.95,
      "duracion": 2.18,
      "texto": "¿Confirmo la verdad?",
      "confianza": 0.465
    },
    {
      "hablante": "Hablante A",
      "inicio": 595.97,
      "fin": 596.02,
      "duracion": 0.06,
      "texto": "Sí.",
      "confianza": 0.314
    },
    {
      "hablante": "Hablante A",
      "inicio": 596.73,
      "fin": 598.23,
      "duracion": 1.5,
      "texto": "Bien, perfecto.",
      "confianza": 0.341
    },
    {
      "hablante": "Hablante A",
      "inicio": 598.25,
      "fin": 608.7,
      "duracion": 10.44,
      "texto": "Bueno, voy a necesitarle ahora que me envíe lo que es una foto, ¿sí?, de su documento de frente y dorso, bien, para verificar que usted es la titular de la línea, ¿sí?",
      "confianza": 0.68
    },
    {
      "hablante": "Hablante A",
      "inicio": 608.72,
      "fin": 609.62,
      "duracion": 0.9,
      "texto": "Ok, ¿ahora?",
      "confianza": 0.402
    },
    {
      "hablante": "Hablante A",
      "inicio": 610.38,
      "fin": 614.09,
      "duracion": 3.71,
      "texto": "Sí, si puede estar, sí, ahí la voy a estar aguardando en línea, ¿bien?",
      "confianza": 0.525
    },
    {
      "hablante": "Hablante A",
      "inicio": 614.11,
      "fin": 614.77,
      "duracion": 0.66,
      "texto": "Dale.",
      "confianza": 0.699
    },
    {
      "hablante": "Hablante A",
      "inicio": 614.79,
      "fin": 615.85,
      "duracion": 1.06,
      "texto": "Dale, perfecto.",
      "confianza": 0.764
    },
    {
      "hablante": "Hablante B",
      "inicio": 627.34,
      "fin": 627.66,
      "duracion": 0.32,
      "texto": "Gracias por ver el vídeo.",
      "confianza": null
    },
    {
      "hablante": "Hablante A",
      "inicio": 664.03,
      "fin": 668.47,
      "duracion": 4.44,
      "texto": "Listo, ahí están bien.",
      "confianza": 0.363
    },
    {
      "hablante": "Hablante A",
      "inicio": 668.49,
      "fin": 669.13,
      "duracion": 0.64,
      "texto": "Perfecto.",
      "confianza": 0.787
    },
    {
      "hablante": "Hablante A",
      "inicio": 669.15,
      "fin": 671.32,
      "duracion": 2.16,
      "texto": "¿A mí me escucha bien?",
      "confianza": 0.518
    },
    {
      "hablante": "Hablante A",
      "inicio": 671.34,
      "fin": 671.96,
      "duracion": 0.62,
      "texto": "Sí, sí.",
      "confianza": 0.468
    },
    {
      "hablante": "Hablante A",
      "inicio": 671.98,
      "fin": 672.94,
      "duracion": 0.96,
      "texto": "Perfecto.",
      "confianza": 0.92
    },
    {
      "hablante": "Hablante A",
      "inicio": 672.96,
      "fin": 676.36,
      "duracion": 3.4,
      "texto": "Yo ahora le voy a estar enviando lo que es la ubicación, ¿sí?",
      "confianza": 0.428
    },
    {
      "hablante": "Hablante A",
      "inicio": 676.38,
      "fin": 679.89,
      "duracion": 3.5,
      "texto": "Entre lo que es San Martín, de la sucursal para que pueda retirar el chip.",
      "confianza": 0.656
    },
    {
      "hablante": "Hablante A",
      "inicio": 680.95,
      "fin": 681.85,
      "duracion": 0.9,
      "texto": "Medrano 3297, ¿sí?",
      "confianza": 0.596
    },
    {
      "hablante": "Hablante A",
      "inicio": 681.95,
      "fin": 685.49,
      "duracion": 3.54,
      "texto": "Esa es la sucursal de San Martín.",
      "confianza": 0.525
    },
    {
      "hablante": "Hablante A",
      "inicio": 685.51,
      "fin": 686.15,
      "duracion": 0.64,
      "texto": "Perfecto.",
      "confianza": 0.431
    },
    {
      "hablante": "Hablante A",
      "inicio": 686.59,
      "fin": 690.96,
      "duracion": 4.37,
      "texto": "Ahora lo que le voy a estar enviando es un código de portabilidad, ¿bien?",
      "confianza": 0.71
    },
    {
      "hablante": "Hablante A",
      "inicio": 691.16,
      "fin": 698.63,
      "duracion": 7.47,
      "texto": "El código de portabilidad avala que usted está garantizando y está, obviamente, al tanto de que se le va a hacer un cambio de compañía.",
      "confianza": 0.709
    },
    {
      "hablante": "Hablante A",
      "inicio": 698.65,
      "fin": 700.85,
      "duracion": 2.2,
      "texto": "Así que en ese sentido, que estén tranquila.",
      "confianza": 0.584
    },
    {
      "hablante": "Hablante A",
      "inicio": 701.29,
      "fin": 706.24,
      "duracion": 4.95,
      "texto": "Porque, bueno, lo que les va a estar enviando es un numerito 223 que es ENARCOM, ¿sí?",
      "confianza": 0.631
    },
    {
      "hablante": "Hablante A",
      "inicio": 706.26,
      "fin": 713.73,
      "duracion": 7.47,
      "texto": "ENARCOM es como la subcursal que maneja literalmente todas las empresas de telefonía, ¿sí?",
      "confianza": 0.727
    },
    {
      "hablante": "Hablante A",
      "inicio": 713.75,
      "fin": 714.41,
      "duracion": 0.66,
      "texto": "Bueno.",
      "confianza": 0.232
    },
    {
      "hablante": "Hablante A",
      "inicio": 714.43,
      "fin": 714.89,
      "duracion": 0.46,
      "texto": "Perfecto.",
      "confianza": 0.759
    },
    {
      "hablante": "Hablante A",
      "inicio": 715.38,
      "fin": 719.47,
      "duracion": 4.09,
      "texto": "Ahora yo le voy a estar enviando el numerito.",
      "confianza": 0.601
    },
    {
      "hablante": "Hablante A",
      "inicio": 719.49,
      "fin": 735.53,
      "duracion": 16.04,
      "texto": "A ver, a ver, agarrando un segundito en línea.",
      "confianza": 0.313
    },
    {
      "hablante": "Hablante A",
      "inicio": 735.55,
      "fin": 735.69,
      "duracion": 0.14,
      "texto": "Bien.",
      "confianza": 0.18
    },
    {
      "hablante": "Hablante A",
      "inicio": 735.71,
      "fin": 736.63,
      "duracion": 0.92,
      "texto": "Ahí se están mirando.",
      "confianza": 0.587
    },
    {
      "hablante": "Hablante A",
      "inicio": 736.75,
      "fin": 739.03,
      "duracion": 2.28,
      "texto": "Cualquier pollito usted me dice a apenas leer, ¿sí?",
      "confianza": 0.577
    },
    {
      "hablante": "Hablante A",
      "inicio": 739.48,
      "fin": 741.48,
      "duracion": 2.0,
      "texto": "Le va a llegar a través de SMS, ¿sí?",
      "confianza": 0.583
    },
    {
      "hablante": "Hablante A",
      "inicio": 741.52,
      "fin": 743.7,
      "duracion": 2.18,
      "texto": "Del 223.",
      "confianza": 0.633
    },
    {
      "hablante": "Hablante A",
      "inicio": 743.76,
      "fin": 744.1,
      "duracion": 0.34,
      "texto": "OK.",
      "confianza": 0.545
    },
    {
      "hablante": "Hablante A",
      "inicio": 744.5,
      "fin": 751.53,
      "duracion": 7.03,
      "texto": "Dale, perfecto.",
      "confianza": 0.308
    },
    {
      "hablante": "Hablante A",
      "inicio": 751.55,
      "fin": 757.02,
      "duracion": 5.47,
      "texto": "¿Cómo está el clima por allá en Buenos Aires?",
      "confianza": 0.577
    },
    {
      "hablante": "Hablante A",
      "inicio": 757.04,
      "fin": 757.82,
      "duracion": 0.78,
      "texto": "Eh, caluroso.",
      "confianza": 0.213
    },
    {
      "hablante": "Hablante A",
      "inicio": 757.84,
      "fin": 758.12,
      "duracion": 0.28,
      "texto": "Caluroso.",
      "confianza": 0.142
    },
    {
      "hablante": "Hablante A",
      "inicio": 758.14,
      "fin": 763.03,
      "duracion": 4.88,
      "texto": "No me encuentro aclamendosa y también está bastante potente el calor.",
      "confianza": 0.646
    },
    {
      "hablante": "Hablante A",
      "inicio": 763.05,
      "fin": 768.49,
      "duracion": 5.45,
      "texto": "Pero bueno, son los últimos días, hay que aprovechar, ya viene el frío.",
      "confianza": 0.57
    },
    {
      "hablante": "Hablante A",
      "inicio": 768.51,
      "fin": 768.57,
      "duracion": 0.06,
      "texto": "Sí.",
      "confianza": 0.058
    },
    {
      "hablante": "Hablante A",
      "inicio": 768.59,
      "fin": 770.39,
      "duracion": 1.8,
      "texto": "Sí, no sé qué le gusta más, el calor o el frío.",
      "confianza": 0.483
    },
    {
      "hablante": "Hablante A",
      "inicio": 771.17,
      "fin": 774.69,
      "duracion": 3.52,
      "texto": "No, el calor, pero sí, ¿verdad?",
      "confianza": 0.149
    },
    {
      "hablante": "Hablante A",
      "inicio": 774.71,
      "fin": 777.39,
      "duracion": 2.68,
      "texto": "Bien, bueno, es de las mías, entonces.",
      "confianza": 0.515
    },
    {
      "hablante": "Hablante A",
      "inicio": 777.41,
      "fin": 777.62,
      "duracion": 0.2,
      "texto": "Perfecto.",
      "confianza": 0.162
    },
    {
      "hablante": "Hablante A",
      "inicio": 777.79,
      "fin": 782.46,
      "duracion": 4.67,
      "texto": "Bueno, ahí no sé si le aldeo el mensajito o todavía no.",
      "confianza": 0.616
    },
    {
      "hablante": "Hablante A",
      "inicio": 782.48,
      "fin": 783.76,
      "duracion": 1.28,
      "texto": "No, todavía no.",
      "confianza": 0.837
    },
    {
      "hablante": "Hablante A",
      "inicio": 783.78,
      "fin": 784.56,
      "duracion": 0.78,
      "texto": "Bien.",
      "confianza": 0.645
    },
    {
      "hablante": "Hablante A",
      "inicio": 784.58,
      "fin": 789.59,
      "duracion": 5.01,
      "texto": "A ver, a ver.",
      "confianza": 0.578
    },
    {
      "hablante": "Hablante A",
      "inicio": 789.61,
      "fin": 792.03,
      "duracion": 2.42,
      "texto": "Está andando medio, medio lo que es el sistema.",
      "confianza": 0.708
    },
    {
      "hablante": "Hablante A",
      "inicio": 792.31,
      "fin": 794.39,
      "duracion": 2.08,
      "texto": "Por esto le pido mil disculpas por la tarda.",
      "confianza": 0.726
    },
    {
      "hablante": "Hablante A",
      "inicio": 794.41,
      "fin": 796.22,
      "duracion": 1.8,
      "texto": "Sí.",
      "confianza": 0.365
    },
    {
      "hablante": "Hablante A",
      "inicio": 796.24,
      "fin": 796.63,
      "duracion": 0.4,
      "texto": "No, no pasa nada.",
      "confianza": 0.151
    },
    {
      "hablante": "Hablante B",
      "inicio": 803.42,
      "fin": 817.97,
      "duracion": 14.55,
      "texto": "... ... ...",
      "confianza": 0.604
    },
    {
      "hablante": "Hablante A",
      "inicio": 842.97,
      "fin": 845.27,
      "duracion": 2.3,
      "texto": "Bien, ahí me escucho ahora.",
      "confianza": 0.6
    },
    {
      "hablante": "Hablante A",
      "inicio": 845.29,
      "fin": 852.98,
      "duracion": 7.69,
      "texto": "Hola, hola.",
      "confianza": 0.644
    },
    {
      "hablante": "Hablante B",
      "inicio": 869.28,
      "fin": 869.74,
      "duracion": 0.46,
      "texto": "Hola.",
      "confianza": 0.789
    },
    {
      "hablante": "Hablante A",
      "inicio": 872.89,
      "fin": 892.99,
      "duracion": 20.1,
      "texto": "No, no, no, no, no.",
      "confianza": 0.588
    }
  ],
  "transcripcion_completa": "Hola. Hola, ¿qué tal? Hablo con Lara. Sí. ¿Qué tal, Lara? Mi nombre es Luciana. Me comunico por ofrecerle un beneficio del 85% de descuento en el precio de su línea. ¿Sí? ¿Actualmente usted es claro? Sí. Bien. ¿Y tiene abono o va a ser recarga? Abono. Bien, perfecto. Bueno, le cuento. Si hoy por hoy lo estoy llamando desde el área comercial de Movistar, estamos con un 85% de descuento. ¿Actualmente cuándo llega se le está recargando? a lo que es un niño. No, es que les dije que no porque en mi zona no agarramos de estar por eso, es el tema el que no me pasó. Claro, claro. Usted por ejemplo, ¿de qué localidades? Tres de Obrero, Loma Hermosa. A ver, a ver, aguantarme que lo confirmo, ¿sí? Para poder ayudarla, porque bueno, justamente sí, durante lo que fue el último año, Lo que hizo Movistar es actualizar todas las antenas de la zona. Hace un tiempo, capaz no te andaba, hoy por hoy ha cambiado muchísimo. Se han actualizado las antenas del año pasado, ¿lo vieron? Ha dicho 3 de febrero. A ver, déjame que lo confirmo. A ver, a ver. Buenos Aires, ¿verdad? Sí. Bien, perfecto. A ver, déjame un segundo. Bien, sí, acá Lara me confirma que sí está funcionando, si es dentro de su zona. Acá me la figura en verde, entonces nada, la realidad es que bueno, vos por ejemplo, ¿hace cuánto has estado en Movistar? Y esto de bastante tiempo. Claro, hace más o menos, ¿cuánto tiempo está en claro? Por ejemplo, ¿hace un año, dos años? Un año. Un año, claro. Sí, sí, sí. Bueno, dentro de lo que fue el último tiempo y los últimos meses del año pasado, 2025, Yo pienso movistar, como le había comentado, las actualizadas antenas, ¿de acuerdo? Por hoy, nada, sí tiene lo que es, por ejemplo, cobertura, en eso querés ser tranquila. Sí. Finalmente, Madri ha dicho que eso le estaba recargando, ¿cuántas gigas? Cuatro, creo. Cuatro gigas, perfecto. ¿Y cuánto está abonando? Diez mil pesos. Diez mil pesos. Bien, justamente como te comentaba, Elayra, estamos con una promoción del 85%, y le está quedando la misma promoción de 4 gigas, inclusive, más 10 de regalo, o sea, que va a tener 14 gigas, ¿sí? En 5.835, ¿bien? La realidad es que, bueno, es una promoción bastante buena, estamos hablando de casi el 50% de lo que usted está pagando, ¿sí? Y bueno, uno también entiende que dentro de lo que es Argentina uno tiene que cuidar un poco el bolsillo, ¿no? Gracias por ejemplo, por ejemplo, ¿cómo utiliza lo que es la línea, sí? Para trabajar, ¿lo utiliza bastante, tal vez no tanto? No, ya. Claro, como que necesitaba un poquito y lo necesario. Sí. Perfecto. Bueno, entonces yo creo que este plan es perfecto por los tres, ¿sí? Aparte de que, bueno... ¿Por cuántos meses? Son por seis meses. En el mes 5, usted me está alizando. Obviamente, ahora yo lo voy a escribir por lo que es WhatsApp, ¿sí? Para que tenga mi contacto. Y cuando tenga lo que es el mes 5, usted lo que puede hacer es actualizar el plan, ¿bien? Entonces, todo el tiempo va a seguir con lo que es un beneficio. Así que, en eso, quédense tranquila que en el mes 5 usted se contacta conmigo y yo le voy a dar razón a usted al procedimiento, ¿bien? OK. Perfecto. Bueno, ahora lo que le voy a solicitar, si yo aguardo un segundito, yo voy a estar verificando datos para poder hacer lo que es la portabilidad, ¿bien? Bueno. Perfecto. A ver, aguarden un segundito. A ver, a ver. A ver, a ver. Su DNI termina en 9, 1, 4, ¿no? Sí. Bien, perfecto. Su DNI termina en 9, ahí va. Perfecto. Aguardé un segundo que estoy verificando datos, ¿sí? Bien, perfecto. A ver, a ver. Bien. Aguárdame un segundito en línea. Bien, perfecto. La de acá me asegura que usted es una gran clienta de lo que podemos estar, ¿sí? Así que, bueno, la felicito por ese lado. Bien. Gracias. Bien. Usted me había comentado que era de Buenos Aires 3 de febrero. Sí, Loma Hermosa. Ahí va. A ver, a ver. Bien. Usted tiene lo que es una tienda a movistar en Belgrano 3297. ¿Tiene conocimiento de la zona, del lugar, para poder tirar lo que es un ship? Sí, San Martín. Bien. Sí, tienda a movistar Belgrano 3297, me figura, en Loma Hermosa. Oye, si te igual, yo le puedo enviar la ubicación, si eso se queda tranquila. ¿San envían el chuteo a la casa? Claro, usted lo tiene que retirar en la sucursal de Movistar, ¿sí? Ah, ya no te lo envían. Sí, sí, sí, sí, sí. Para que, bueno, también lo que es el trámite sea mucho más rápido para ustedes, o sea, el mejor, ¿sí? Por ahí lo que es el envío a domicilio lo solemos hacer, pero suele tardar más de 10 a 15 días. Incluso ahora que viene feriado es como que, bueno, va a tapar bastante el trámite y al fin y al cabo va a seguir pagando el otro abono, ¿se entiende? Entonces, para que eso no suceda y tengas más rápido lo que es el descuento, se hace, por ejemplo, lo que es buscar el chip, retirarlo por tu cuenta y automáticamente ustedes ya tienen lo que es movilizar. ¿Bien? Bien, perfecto. Yo ahora, de igual forma, quédense tranquila que yo voy a estar enviando la ubicación por WhatsApp. ¿Bien? Para que no nos tenga cualquier duda. Pero bueno, puedes retirar lo que es el chip en esa supursal, ¿sí? Ahora... ¿Y en la de San Martín no puedo? Bien, a ver, voy a... Buscar en San Martín. Aguárdeme un segundito. A ver, a ver. Vamos recargando el sistema. Bien. Aguárdeme un segundito el día que lo voy a chequear con lo que es mucho por avisar, ¿sí? Dale. Bien, ¿ahí me escuchas, Lera? Sí. Bien, perfecto. Sí, ahora me fíjate de lo que es la secursal de San Martín, ¿bien? Ahí le confirmo bien lo que es la ubicación para que en eso se quede tranquila. No lo sé. Vale. A ver, a ver. Bien, perfecto. A ver, a ver. Bien, aguardamos un poquito en línea. Perdón la demora. Estamos con una falla en el sistema y bueno. Pero sí, la realidad es que bueno, lo que a este beneficio le dan, y le dan el superbién, está pagando más del doble y bueno, por las mismas sigas. Inclusive va a pagar menos, pero va a tener más sigas. A parte de lo que es el beneficio conmigo y por estar hablando conmigo, también dentro de lo que es la aplicación de Movistar, ¿sí? Regalando 20 gigas más de regalo, ¿sí? Son 20 gigas anuales, entonces eso está bueno porque lo puede activar cuando usted quiera, ¿sí? Ustedes de la aplicación pueden entrar y bueno, capaz algún día, no sé, que va de viaje, tal vez necesitan más gigas. En eso son 20 gigas de regalo que, bueno, de mi parte suele dar de regalo, ¿sí? Ah, ok. Está bueno porque va a tener bastante sida. Sí, sí. A ver, a ver. Aguardamos un segundito. Por mientras le voy a estar enviando un mensajito por WhatsApp, ¿sí? Dale. Dale, ahí le estaré escribiendo. Bien. Ahí encontró su numerito. Ahí está. Ahí no sé si le traigo. ¿Confirmo la verdad? Sí. Bien, perfecto. Bueno, voy a necesitarle ahora que me envíe lo que es una foto, ¿sí?, de su documento de frente y dorso, bien, para verificar que usted es la titular de la línea, ¿sí? Ok, ¿ahora? Sí, si puede estar, sí, ahí la voy a estar aguardando en línea, ¿bien? Dale. Dale, perfecto. Gracias por ver el vídeo. Listo, ahí están bien. Perfecto. ¿A mí me escucha bien? Sí, sí. Perfecto. Yo ahora le voy a estar enviando lo que es la ubicación, ¿sí? Entre lo que es San Martín, de la sucursal para que pueda retirar el chip. Medrano 3297, ¿sí? Esa es la sucursal de San Martín. Perfecto. Ahora lo que le voy a estar enviando es un código de portabilidad, ¿bien? El código de portabilidad avala que usted está garantizando y está, obviamente, al tanto de que se le va a hacer un cambio de compañía. Así que en ese sentido, que estén tranquila. Porque, bueno, lo que les va a estar enviando es un numerito 223 que es ENARCOM, ¿sí? ENARCOM es como la subcursal que maneja literalmente todas las empresas de telefonía, ¿sí? Bueno. Perfecto. Ahora yo le voy a estar enviando el numerito. A ver, a ver, agarrando un segundito en línea. Bien. Ahí se están mirando. Cualquier pollito usted me dice a apenas leer, ¿sí? Le va a llegar a través de SMS, ¿sí? Del 223. OK. Dale, perfecto. ¿Cómo está el clima por allá en Buenos Aires? Eh, caluroso. Caluroso. No me encuentro aclamendosa y también está bastante potente el calor. Pero bueno, son los últimos días, hay que aprovechar, ya viene el frío. Sí. Sí, no sé qué le gusta más, el calor o el frío. No, el calor, pero sí, ¿verdad? Bien, bueno, es de las mías, entonces. Perfecto. Bueno, ahí no sé si le aldeo el mensajito o todavía no. No, todavía no. Bien. A ver, a ver. Está andando medio, medio lo que es el sistema. Por esto le pido mil disculpas por la tarda. Sí. No, no pasa nada. ... ... ... Bien, ahí me escucho ahora. Hola, hola. Hola. No, no, no, no, no.",
  "calidad": {
    "confianza_promedio": 0.5,
    "metodo_diarizacion": "pausas_fallback",
    "tiempo_procesamiento": 30.5
  },
  "metadata": {
    "modelo": "whisperx_medium",
    "diarizacion": "pausas",
    "dispositivo": "cuda",
    "fecha": "2026-02-18T23:08:49.911549",
    "version": "5.0_ecapa"
  }
}