{
  "archivo": "amza12_1_260213112022610_ACD_68501.wav",
  "duracion_segundos": 161.88,
  "num_segmentos": 54,
  "num_hablantes": 2,
  "hablantes": [
    "Hablante A",
    "Hablante B"
  ],
  "tiempo_por_hablante": {
    "Hablante A": 131.43,
    "Hablante B": 14.91
  },
  "idioma": "es",
  "conversacion": [
    {
      "hablante": "Hablante A",
      "inicio": 1.31,
      "fin": 2.39,
      "duracion": 1.08,
      "texto": "Hola, buenos días.",
      "confianza": 0.204
    },
    {
      "hablante": "Hablante A",
      "inicio": 2.41,
      "fin": 2.85,
      "duracion": 0.44,
      "texto": "¿Cómo estás?",
      "confianza": 0.226
    },
    {
      "hablante": "Hablante A",
      "inicio": 2.88,
      "fin": 7.1,
      "duracion": 4.23,
      "texto": "¿Me comunicó con Guillermo?",
      "confianza": 0.258
    },
    {
      "hablante": "Hablante A",
      "inicio": 7.12,
      "fin": 7.32,
      "duracion": 0.2,
      "texto": "Sí.",
      "confianza": 0.266
    },
    {
      "hablante": "Hablante A",
      "inicio": 7.34,
      "fin": 8.44,
      "duracion": 1.1,
      "texto": "Guillermo, ¿cómo estás?",
      "confianza": 0.316
    },
    {
      "hablante": "Hablante A",
      "inicio": 8.46,
      "fin": 10.04,
      "duracion": 1.58,
      "texto": "Noelia es mi nombre, me estoy comunicando.",
      "confianza": 0.37
    },
    {
      "hablante": "Hablante A",
      "inicio": 10.14,
      "fin": 12.07,
      "duracion": 1.92,
      "texto": "Del área de recuperación del cliente de Movistar.",
      "confianza": 0.553
    },
    {
      "hablante": "Hablante A",
      "inicio": 12.09,
      "fin": 15.79,
      "duracion": 3.71,
      "texto": "¿Cómo estás?",
      "confianza": 0.284
    },
    {
      "hablante": "Hablante A",
      "inicio": 15.81,
      "fin": 16.51,
      "duracion": 0.7,
      "texto": "¿Qué me vas a dar para recuperarme?",
      "confianza": 0.008
    },
    {
      "hablante": "Hablante A",
      "inicio": 16.53,
      "fin": 18.94,
      "duracion": 2.4,
      "texto": "Mira, tenemos un 80% de descuento para vos.",
      "confianza": 0.687
    },
    {
      "hablante": "Hablante A",
      "inicio": 18.96,
      "fin": 19.96,
      "duracion": 1.0,
      "texto": "¿Sí?",
      "confianza": 0.616
    },
    {
      "hablante": "Hablante A",
      "inicio": 20.32,
      "fin": 21.3,
      "duracion": 0.98,
      "texto": "En lo que fueron los planes.",
      "confianza": 0.716
    },
    {
      "hablante": "Hablante A",
      "inicio": 22.72,
      "fin": 24.14,
      "duracion": 1.42,
      "texto": "Para que puedas volver con nosotros.",
      "confianza": 0.606
    },
    {
      "hablante": "Hablante A",
      "inicio": 24.18,
      "fin": 26.17,
      "duracion": 1.98,
      "texto": "Además tenemos llenos de regalos.",
      "confianza": 0.553
    },
    {
      "hablante": "Hablante A",
      "inicio": 26.43,
      "fin": 30.61,
      "duracion": 4.19,
      "texto": "También tenemos formadas limitadas, mensajes gratis.",
      "confianza": 0.736
    },
    {
      "hablante": "Hablante A",
      "inicio": 31.03,
      "fin": 34.67,
      "duracion": 3.64,
      "texto": "¿Cuánto te estoy pagando por el plan que yo tengo?",
      "confianza": 0.613
    },
    {
      "hablante": "Hablante A",
      "inicio": 34.76,
      "fin": 37.62,
      "duracion": 2.86,
      "texto": "Y eso no sabría decir, pero eso lo sabes vos, ¿no puedo acceder a esa información?",
      "confianza": 0.596
    },
    {
      "hablante": "Hablante B",
      "inicio": 39.68,
      "fin": 45.11,
      "duracion": 5.43,
      "texto": "Yo tengo, creo que 10... O sea, no me quedo nunca sin llegar.",
      "confianza": 0.538
    },
    {
      "hablante": "Hablante B",
      "inicio": 45.13,
      "fin": 46.91,
      "duracion": 1.78,
      "texto": "Bueno, pero ¿cuánto sigas tenés más o menos?",
      "confianza": 0.573
    },
    {
      "hablante": "Hablante B",
      "inicio": 47.55,
      "fin": 48.79,
      "duracion": 1.24,
      "texto": "Aproximadamente.",
      "confianza": 0.519
    },
    {
      "hablante": "Hablante B",
      "inicio": 48.81,
      "fin": 50.54,
      "duracion": 1.72,
      "texto": "La verdad que no sé.",
      "confianza": 0.641
    },
    {
      "hablante": "Hablante B",
      "inicio": 50.56,
      "fin": 52.56,
      "duracion": 2.0,
      "texto": "Un plan básico, ¿no?",
      "confianza": 0.457
    },
    {
      "hablante": "Hablante B",
      "inicio": 52.62,
      "fin": 55.36,
      "duracion": 2.74,
      "texto": "El que le sigue tampoco, el que le sigue.",
      "confianza": 0.687
    },
    {
      "hablante": "Hablante A",
      "inicio": 57.59,
      "fin": 58.73,
      "duracion": 1.14,
      "texto": "No pagás.",
      "confianza": 0.272
    },
    {
      "hablante": "Hablante A",
      "inicio": 58.75,
      "fin": 59.25,
      "duracion": 0.5,
      "texto": "32 mil pesos.",
      "confianza": 0.487
    },
    {
      "hablante": "Hablante A",
      "inicio": 60.43,
      "fin": 68.3,
      "duracion": 7.87,
      "texto": "Claro, en este caso tenemos un plan, por ejemplo, de 18 Ligas, de 8 Ligas de base, más 10 de regalo por 6 meses.",
      "confianza": 0.467
    },
    {
      "hablante": "Hablante A",
      "inicio": 68.32,
      "fin": 72.04,
      "duracion": 3.73,
      "texto": "No, no, no, contame eso de regalo por 6 meses.",
      "confianza": 0.75
    },
    {
      "hablante": "Hablante A",
      "inicio": 72.26,
      "fin": 73.5,
      "duracion": 1.24,
      "texto": "Dímelo que me va a salir siempre.",
      "confianza": 0.579
    },
    {
      "hablante": "Hablante A",
      "inicio": 74.44,
      "fin": 76.09,
      "duracion": 1.64,
      "texto": "Sí, es 1.720 pesos, ¿sí?",
      "confianza": 0.509
    },
    {
      "hablante": "Hablante A",
      "inicio": 76.11,
      "fin": 81.65,
      "duracion": 5.55,
      "texto": "Vos vas a estar pagando el 20% del plan, ¿sí?",
      "confianza": 0.598
    },
    {
      "hablante": "Hablante A",
      "inicio": 81.67,
      "fin": 86.18,
      "duracion": 4.51,
      "texto": "¿Por cuánto tiempo?",
      "confianza": 0.517
    },
    {
      "hablante": "Hablante A",
      "inicio": 86.2,
      "fin": 90.05,
      "duracion": 3.84,
      "texto": "Sí, mira, pero antes de venta... Centré corta, se escucha muy mal.",
      "confianza": 0.412
    },
    {
      "hablante": "Hablante A",
      "inicio": 90.67,
      "fin": 94.51,
      "duracion": 3.84,
      "texto": "¿Me escuchas ahí mejor?",
      "confianza": 0.15
    },
    {
      "hablante": "Hablante A",
      "inicio": 94.53,
      "fin": 94.71,
      "duracion": 0.18,
      "texto": "Muy mal.",
      "confianza": 0.122
    },
    {
      "hablante": "Hablante A",
      "inicio": 94.73,
      "fin": 98.08,
      "duracion": 3.34,
      "texto": "¿Muy bien?",
      "confianza": 0.278
    },
    {
      "hablante": "Hablante A",
      "inicio": 98.1,
      "fin": 98.46,
      "duracion": 0.36,
      "texto": "Ahora parece, ¿eh?",
      "confianza": 0.018
    },
    {
      "hablante": "Hablante A",
      "inicio": 98.48,
      "fin": 101.3,
      "duracion": 2.82,
      "texto": "Bien, ¿me escuchas ahí mejor entonces?",
      "confianza": 0.363
    },
    {
      "hablante": "Hablante A",
      "inicio": 101.32,
      "fin": 101.48,
      "duracion": 0.16,
      "texto": "Sí.",
      "confianza": 0.388
    },
    {
      "hablante": "Hablante A",
      "inicio": 101.5,
      "fin": 105.19,
      "duracion": 3.69,
      "texto": "Bien, Guillermo, durante los primeros seis meses solo vas a obtener el 20% de tu plan, ¿sí?",
      "confianza": 0.534
    },
    {
      "hablante": "Hablante A",
      "inicio": 105.21,
      "fin": 107.89,
      "duracion": 2.68,
      "texto": "O sea, vas a tener el 80% de descuento del plan.",
      "confianza": 0.453
    },
    {
      "hablante": "Hablante A",
      "inicio": 107.97,
      "fin": 116.1,
      "duracion": 8.13,
      "texto": "Antes de que se te venga la promoción, Movistar se va a comunicar cómo, o sea, te vamos a mandar un mensajito del texto avisándote que se te resta para acabar la promoción.",
      "confianza": 0.73
    },
    {
      "hablante": "Hablante A",
      "inicio": 116.12,
      "fin": 118.89,
      "duracion": 2.76,
      "texto": "De todas maneras, también lo puedes instalizar en la aplicación.",
      "confianza": 0.741
    },
    {
      "hablante": "Hablante A",
      "inicio": 119.67,
      "fin": 127.79,
      "duracion": 8.11,
      "texto": "y vas a ir, puedes volver a pedir que se te vuelva a brindar una nueva promoción para no perder esos beneficios, digamos.",
      "confianza": 0.681
    },
    {
      "hablante": "Hablante A",
      "inicio": 127.81,
      "fin": 134.34,
      "duracion": 6.53,
      "texto": "De todas maneras, también vas a tener mi número de teléfono, tienes mi número personal donde te puedes comunicar conmigo cuando vos quieras.",
      "confianza": 0.646
    },
    {
      "hablante": "Hablante A",
      "inicio": 134.38,
      "fin": 136.48,
      "duracion": 2.1,
      "texto": "Escuchad, ¿cómo es tu nombre?",
      "confianza": 0.628
    },
    {
      "hablante": "Hablante A",
      "inicio": 136.5,
      "fin": 137.62,
      "duracion": 1.12,
      "texto": "Noelia.",
      "confianza": 0.695
    },
    {
      "hablante": "Hablante A",
      "inicio": 137.64,
      "fin": 142.99,
      "duracion": 5.35,
      "texto": "Noelia, te digo la verdad, estoy manejando, se intercorta bastante.",
      "confianza": 0.379
    },
    {
      "hablante": "Hablante A",
      "inicio": 143.01,
      "fin": 143.19,
      "duracion": 0.18,
      "texto": "Ah, bien.",
      "confianza": 0.081
    },
    {
      "hablante": "Hablante A",
      "inicio": 143.21,
      "fin": 147.25,
      "duracion": 4.05,
      "texto": "¿Tú me podés llamar tipo doce y media, más o menos?",
      "confianza": 0.357
    },
    {
      "hablante": "Hablante A",
      "inicio": 147.5,
      "fin": 150.03,
      "duracion": 2.53,
      "texto": "Te puedo tomar 12.40, ¿te parece?",
      "confianza": 0.659
    },
    {
      "hablante": "Hablante A",
      "inicio": 150.31,
      "fin": 152.86,
      "duracion": 2.55,
      "texto": "Vale, 12.40, me encanta.",
      "confianza": 0.474
    },
    {
      "hablante": "Hablante A",
      "inicio": 152.88,
      "fin": 154.96,
      "duracion": 2.09,
      "texto": "Vale, 12.40 te damos que es cuando vuelvo del B.",
      "confianza": 0.676
    },
    {
      "hablante": "Hablante A",
      "inicio": 155.87,
      "fin": 159.74,
      "duracion": 3.87,
      "texto": "Me parece bárbaro, que difícil es el almuerzo.",
      "confianza": 0.469
    },
    {
      "hablante": "Hablante A",
      "inicio": 160.34,
      "fin": 161.88,
      "duracion": 1.54,
      "texto": "También te damos esa hora, gracias.",
      "confianza": 0.461
    }
  ],
  "transcripcion_completa": "Hola, buenos días. ¿Cómo estás? ¿Me comunicó con Guillermo? Sí. Guillermo, ¿cómo estás? Noelia es mi nombre, me estoy comunicando. Del área de recuperación del cliente de Movistar. ¿Cómo estás? ¿Qué me vas a dar para recuperarme? Mira, tenemos un 80% de descuento para vos. ¿Sí? En lo que fueron los planes. Para que puedas volver con nosotros. Además tenemos llenos de regalos. También tenemos formadas limitadas, mensajes gratis. ¿Cuánto te estoy pagando por el plan que yo tengo? Y eso no sabría decir, pero eso lo sabes vos, ¿no puedo acceder a esa información? Yo tengo, creo que 10... O sea, no me quedo nunca sin llegar. Bueno, pero ¿cuánto sigas tenés más o menos? Aproximadamente. La verdad que no sé. Un plan básico, ¿no? El que le sigue tampoco, el que le sigue. No pagás. 32 mil pesos. Claro, en este caso tenemos un plan, por ejemplo, de 18 Ligas, de 8 Ligas de base, más 10 de regalo por 6 meses. No, no, no, contame eso de regalo por 6 meses. Dímelo que me va a salir siempre. Sí, es 1.720 pesos, ¿sí? Vos vas a estar pagando el 20% del plan, ¿sí? ¿Por cuánto tiempo? Sí, mira, pero antes de venta... Centré corta, se escucha muy mal. ¿Me escuchas ahí mejor? Muy mal. ¿Muy bien? Ahora parece, ¿eh? Bien, ¿me escuchas ahí mejor entonces? Sí. Bien, Guillermo, durante los primeros seis meses solo vas a obtener el 20% de tu plan, ¿sí? O sea, vas a tener el 80% de descuento del plan. Antes de que se te venga la promoción, Movistar se va a comunicar cómo, o sea, te vamos a mandar un mensajito del texto avisándote que se te resta para acabar la promoción. De todas maneras, también lo puedes instalizar en la aplicación. y vas a ir, puedes volver a pedir que se te vuelva a brindar una nueva promoción para no perder esos beneficios, digamos. De todas maneras, también vas a tener mi número de teléfono, tienes mi número personal donde te puedes comunicar conmigo cuando vos quieras. Escuchad, ¿cómo es tu nombre? Noelia. Noelia, te digo la verdad, estoy manejando, se intercorta bastante. Ah, bien. ¿Tú me podés llamar tipo doce y media, más o menos? Te puedo tomar 12.40, ¿te parece? Vale, 12.40, me encanta. Vale, 12.40 te damos que es cuando vuelvo del B. Me parece bárbaro, que difícil es el almuerzo. También te damos esa hora, gracias.",
  "calidad": {
    "confianza_promedio": 0.474,
    "metodo_diarizacion": "pausas_fallback",
    "tiempo_procesamiento": 10.8
  },
  "metadata": {
    "modelo": "whisperx_medium",
    "diarizacion": "pausas",
    "dispositivo": "cuda",
    "fecha": "2026-02-18T23:15:48.926519",
    "version": "5.0_ecapa"
  }
}