{
  "archivo": "amza14_1_260219133429335_MIT_01970.wav",
  "duracion_segundos": 692.28,
  "num_segmentos": 166,
  "num_hablantes": 2,
  "hablantes": [
    "Hablante A",
    "Hablante B"
  ],
  "tiempo_por_hablante": {
    "Hablante B": 344.14,
    "Hablante A": 243.92
  },
  "idioma": "es",
  "conversacion": [
    {
      "hablante": "Hablante B",
      "inicio": 21.56,
      "fin": 21.76,
      "duracion": 0.2,
      "texto": "Hola.",
      "confianza": 0.436
    },
    {
      "hablante": "Hablante B",
      "inicio": 21.78,
      "fin": 25.53,
      "duracion": 3.74,
      "texto": "Hola, Pamela.",
      "confianza": 0.11
    },
    {
      "hablante": "Hablante B",
      "inicio": 25.55,
      "fin": 25.85,
      "duracion": 0.3,
      "texto": "Sí, en fin.",
      "confianza": 0.203
    },
    {
      "hablante": "Hablante B",
      "inicio": 25.87,
      "fin": 26.67,
      "duracion": 0.8,
      "texto": "Ay, genial, Pamela.",
      "confianza": 0.557
    },
    {
      "hablante": "Hablante B",
      "inicio": 26.81,
      "fin": 27.65,
      "duracion": 0.84,
      "texto": "Qué raro.",
      "confianza": 0.506
    },
    {
      "hablante": "Hablante B",
      "inicio": 27.67,
      "fin": 31.11,
      "duracion": 3.44,
      "texto": "No sabía por qué no podías no ingresar a la llamada.",
      "confianza": 0.685
    },
    {
      "hablante": "Hablante B",
      "inicio": 32.13,
      "fin": 37.54,
      "duracion": 5.41,
      "texto": "Verificar si estabas en el registro no llame y no, por eso me parecía raro que no te entre la llamada.",
      "confianza": 0.706
    },
    {
      "hablante": "Hablante B",
      "inicio": 38.72,
      "fin": 38.98,
      "duracion": 0.26,
      "texto": "Sí, sí.",
      "confianza": 0.251
    },
    {
      "hablante": "Hablante B",
      "inicio": 39.0,
      "fin": 41.22,
      "duracion": 2.22,
      "texto": "Me voy a dar a contestar las veces anteriores.",
      "confianza": 0.325
    },
    {
      "hablante": "Hablante B",
      "inicio": 41.24,
      "fin": 44.71,
      "duracion": 3.46,
      "texto": "Bien, todo bien, Pamela.",
      "confianza": 0.498
    },
    {
      "hablante": "Hablante B",
      "inicio": 44.73,
      "fin": 45.05,
      "duracion": 0.32,
      "texto": "¿Cómo va el día?",
      "confianza": 0.0
    },
    {
      "hablante": "Hablante B",
      "inicio": 45.07,
      "fin": 45.61,
      "duracion": 0.54,
      "texto": "Todo tranquilo, por suerte.",
      "confianza": 0.062
    },
    {
      "hablante": "Hablante B",
      "inicio": 45.63,
      "fin": 46.71,
      "duracion": 1.08,
      "texto": "Me alegro, Pamela.",
      "confianza": 0.566
    },
    {
      "hablante": "Hablante B",
      "inicio": 46.94,
      "fin": 51.75,
      "duracion": 4.81,
      "texto": "Bien, Pamela, ya me pasaste los números de línea, eran cuatro, ¿verdad?",
      "confianza": 0.703
    },
    {
      "hablante": "Hablante B",
      "inicio": 52.15,
      "fin": 54.81,
      "duracion": 2.66,
      "texto": "Me mandaste, bueno, una Pamela Azul, Santo e Inés.",
      "confianza": 0.605
    },
    {
      "hablante": "Hablante B",
      "inicio": 55.13,
      "fin": 56.81,
      "duracion": 1.68,
      "texto": "Todos están a nombre tuyo, ¿verdad?",
      "confianza": 0.727
    },
    {
      "hablante": "Hablante B",
      "inicio": 57.68,
      "fin": 58.88,
      "duracion": 1.2,
      "texto": "Todos son a nombre mío.",
      "confianza": 0.276
    },
    {
      "hablante": "Hablante B",
      "inicio": 58.9,
      "fin": 59.4,
      "duracion": 0.5,
      "texto": "Perfecto.",
      "confianza": 0.903
    },
    {
      "hablante": "Hablante B",
      "inicio": 59.42,
      "fin": 70.29,
      "duracion": 10.87,
      "texto": "Bien, Pamela, lo que voy a necesitar también es un Gmail donde vos quieras que llegue la facturación.",
      "confianza": 0.694
    },
    {
      "hablante": "Hablante B",
      "inicio": 70.31,
      "fin": 73.94,
      "duracion": 3.62,
      "texto": "OK, Pamela.",
      "confianza": 0.454
    },
    {
      "hablante": "Hablante B",
      "inicio": 73.96,
      "fin": 74.02,
      "duracion": 0.06,
      "texto": "Sí.",
      "confianza": 0.001
    },
    {
      "hablante": "Hablante B",
      "inicio": 74.04,
      "fin": 74.48,
      "duracion": 0.44,
      "texto": "A. Pamela A. Torrilla.",
      "confianza": 0.01
    },
    {
      "hablante": "Hablante B",
      "inicio": 74.5,
      "fin": 75.08,
      "duracion": 0.58,
      "texto": "Torrilla.",
      "confianza": 0.409
    },
    {
      "hablante": "Hablante B",
      "inicio": 76.34,
      "fin": 81.45,
      "duracion": 5.11,
      "texto": "Perfecto.",
      "confianza": 0.594
    },
    {
      "hablante": "Hablante B",
      "inicio": 81.79,
      "fin": 92.47,
      "duracion": 10.68,
      "texto": "Pamela, ¿a vos de qué provincia y localidad sos para buscar una sucursal que te quede cercana?",
      "confianza": 0.674
    },
    {
      "hablante": "Hablante B",
      "inicio": 92.48,
      "fin": 93.03,
      "duracion": 0.54,
      "texto": "Buenos Aires, San Miguel.",
      "confianza": 0.052
    },
    {
      "hablante": "Hablante B",
      "inicio": 93.07,
      "fin": 93.43,
      "duracion": 0.36,
      "texto": "San Miguel.",
      "confianza": 0.397
    },
    {
      "hablante": "Hablante A",
      "inicio": 95.05,
      "fin": 95.37,
      "duracion": 0.32,
      "texto": "A ver.",
      "confianza": 0.162
    },
    {
      "hablante": "Hablante A",
      "inicio": 95.39,
      "fin": 101.32,
      "duracion": 5.93,
      "texto": "Bien, en San Miguel, te voy a nombrar las que tenemos disponibles y vos me decís cuál te queda cómoda.",
      "confianza": 0.598
    },
    {
      "hablante": "Hablante A",
      "inicio": 101.34,
      "fin": 104.2,
      "duracion": 2.86,
      "texto": "Tenemos una por la calle Italia, al 1201,",
      "confianza": 0.731
    },
    {
      "hablante": "Hablante A",
      "inicio": 104.66,
      "fin": 108.6,
      "duracion": 3.94,
      "texto": "por la calle Perón al 1604 y por la calle Perón al 1173.",
      "confianza": 0.722
    },
    {
      "hablante": "Hablante A",
      "inicio": 108.64,
      "fin": 115.25,
      "duracion": 6.61,
      "texto": "Listo, vamos a poner la de la calle Itália.",
      "confianza": 0.458
    },
    {
      "hablante": "Hablante A",
      "inicio": 115.33,
      "fin": 118.92,
      "duracion": 3.58,
      "texto": "Igual están todas cerquita.",
      "confianza": 0.731
    },
    {
      "hablante": "Hablante A",
      "inicio": 118.94,
      "fin": 119.06,
      "duracion": 0.12,
      "texto": "Bueno.",
      "confianza": 0.032
    },
    {
      "hablante": "Hablante A",
      "inicio": 119.08,
      "fin": 123.44,
      "duracion": 4.37,
      "texto": "Bien, te voy a mandar una capturita de la sucursal donde vas a retirar el chip.",
      "confianza": 0.628
    },
    {
      "hablante": "Hablante A",
      "inicio": 124.16,
      "fin": 127.65,
      "duracion": 3.48,
      "texto": "Así ahí están las horarias de atención.",
      "confianza": 0.514
    },
    {
      "hablante": "Hablante A",
      "inicio": 127.67,
      "fin": 130.67,
      "duracion": 3.0,
      "texto": "Bien, Pamela, lo que voy a enviarte es el mensaje de portabilidad.",
      "confianza": 0.562
    },
    {
      "hablante": "Hablante A",
      "inicio": 130.75,
      "fin": 131.63,
      "duracion": 0.88,
      "texto": "Te hago una consulta.",
      "confianza": 0.756
    },
    {
      "hablante": "Hablante A",
      "inicio": 131.71,
      "fin": 134.16,
      "duracion": 2.44,
      "texto": "Todos los chips de las líneas son físicos, ¿verdad?",
      "confianza": 0.797
    },
    {
      "hablante": "Hablante A",
      "inicio": 135.23,
      "fin": 139.44,
      "duracion": 4.21,
      "texto": "Sí, tengo uno que es de Arizona.",
      "confianza": 0.152
    },
    {
      "hablante": "Hablante A",
      "inicio": 139.46,
      "fin": 141.62,
      "duracion": 2.16,
      "texto": "¿Cuál es el SIM?",
      "confianza": 0.682
    },
    {
      "hablante": "Hablante A",
      "inicio": 141.64,
      "fin": 143.69,
      "duracion": 2.04,
      "texto": "El de azul.",
      "confianza": 0.79
    },
    {
      "hablante": "Hablante A",
      "inicio": 144.07,
      "fin": 146.95,
      "duracion": 2.88,
      "texto": "¿Alguna consulta azul está con vos en estos momentos?",
      "confianza": 0.751
    },
    {
      "hablante": "Hablante A",
      "inicio": 148.09,
      "fin": 150.9,
      "duracion": 2.8,
      "texto": "No, no está conmigo, pero creo que está en mi casa.",
      "confianza": 0.434
    },
    {
      "hablante": "Hablante A",
      "inicio": 151.24,
      "fin": 160.85,
      "duracion": 9.62,
      "texto": "Bueno, voy a enviarte lo que es el mensaje portabilidad a tu número y me va a servir para la línea de Santo y Inés.",
      "confianza": 0.771
    },
    {
      "hablante": "Hablante A",
      "inicio": 161.14,
      "fin": 166.32,
      "duracion": 5.19,
      "texto": "todos los chips son físicos y tengo que enviarle un mensaje de portabilidad solo azul, lo que es eSIM.",
      "confianza": 0.697
    },
    {
      "hablante": "Hablante A",
      "inicio": 167.34,
      "fin": 173.37,
      "duracion": 6.03,
      "texto": "Eso lo envío y de última voz se lo pedí y me pasas la captura por WhatsApp, ¿te parece?",
      "confianza": 0.701
    },
    {
      "hablante": "Hablante A",
      "inicio": 173.39,
      "fin": 173.57,
      "duracion": 0.18,
      "texto": "Perfecto.",
      "confianza": 0.031
    },
    {
      "hablante": "Hablante A",
      "inicio": 173.59,
      "fin": 181.51,
      "duracion": 7.93,
      "texto": "Bien, te voy a enviar primero el tuyo que me va a servir para las tres líneas y después envío el de azul.",
      "confianza": 0.681
    },
    {
      "hablante": "Hablante A",
      "inicio": 181.53,
      "fin": 186.5,
      "duracion": 4.97,
      "texto": "Y ahí te lo voy a enviar, te va a llegar desde un mensaje texto común desde el remitente 223 que es Movistar.",
      "confianza": 0.624
    },
    {
      "hablante": "Hablante A",
      "inicio": 186.96,
      "fin": 190.06,
      "duracion": 3.1,
      "texto": "De eso voy a necesitar que me pases una captura por WhatsApp.",
      "confianza": 0.801
    },
    {
      "hablante": "Hablante A",
      "inicio": 191.36,
      "fin": 195.6,
      "duracion": 4.24,
      "texto": "Ahí te aviso apenas de venir y vos verificas si te llega.",
      "confianza": 0.556
    },
    {
      "hablante": "Hablante A",
      "inicio": 195.62,
      "fin": 197.75,
      "duracion": 2.12,
      "texto": "Ok.",
      "confianza": 0.5
    },
    {
      "hablante": "Hablante A",
      "inicio": 197.77,
      "fin": 199.65,
      "duracion": 1.88,
      "texto": "Ahí aguarda un segundo y ahí te confirmo.",
      "confianza": 0.675
    },
    {
      "hablante": "Hablante B",
      "inicio": 203.07,
      "fin": 206.8,
      "duracion": 3.72,
      "texto": "Bien, ahí está enviado, ahí seguramente te va a llegar en unos cinco segunditos.",
      "confianza": 0.635
    },
    {
      "hablante": "Hablante A",
      "inicio": 214.42,
      "fin": 217.27,
      "duracion": 2.84,
      "texto": "Avistame cuando te llegue y si no vuelvo a enviar.",
      "confianza": 0.599
    },
    {
      "hablante": "Hablante B",
      "inicio": 222.49,
      "fin": 252.16,
      "duracion": 29.67,
      "texto": "de eso mandame una capturita y también voy a necesitar, ya que vamos por whatsapp, una foto del frente o el cdmi para aliar y enviar, después las borras para que no queden en el chat y también voy a enviarle el mensaje portabilidad azul para que le avises después, así me pasas la captura y yo la apunto también, es únicamente a esa línea solita lo que es decir",
      "confianza": 0.708
    },
    {
      "hablante": "Hablante A",
      "inicio": 254.19,
      "fin": 261.35,
      "duracion": 7.17,
      "texto": "Ahí me llegó la captura tuya.",
      "confianza": 0.815
    },
    {
      "hablante": "Hablante A",
      "inicio": 261.43,
      "fin": 261.81,
      "duracion": 0.38,
      "texto": "Genial.",
      "confianza": 0.952
    },
    {
      "hablante": "Hablante B",
      "inicio": 264.57,
      "fin": 268.82,
      "duracion": 4.24,
      "texto": "Ahí estoy buscando el de neños.",
      "confianza": 0.086
    },
    {
      "hablante": "Hablante B",
      "inicio": 268.84,
      "fin": 269.5,
      "duracion": 0.66,
      "texto": "Lo tengo y si no lo tendré que...",
      "confianza": 0.038
    },
    {
      "hablante": "Hablante B",
      "inicio": 269.52,
      "fin": 270.04,
      "duracion": 0.52,
      "texto": "No hay problema.",
      "confianza": 0.375
    },
    {
      "hablante": "Hablante B",
      "inicio": 270.12,
      "fin": 277.23,
      "duracion": 7.11,
      "texto": "Yo por mientras voy cargando el resto.",
      "confianza": 0.733
    },
    {
      "hablante": "Hablante B",
      "inicio": 277.25,
      "fin": 277.35,
      "duracion": 0.1,
      "texto": "Vale.",
      "confianza": 0.072
    },
    {
      "hablante": "Hablante B",
      "inicio": 277.37,
      "fin": 280.21,
      "duracion": 2.84,
      "texto": "Si querés mandarme azul, ahí me contestó.",
      "confianza": 0.292
    },
    {
      "hablante": "Hablante B",
      "inicio": 280.23,
      "fin": 280.73,
      "duracion": 0.5,
      "texto": "Ahí le mando.",
      "confianza": 0.517
    },
    {
      "hablante": "Hablante B",
      "inicio": 281.61,
      "fin": 283.53,
      "duracion": 1.92,
      "texto": "Ahí te aviso cuando esté enviado y vos le decís.",
      "confianza": 0.688
    },
    {
      "hablante": "Hablante B",
      "inicio": 284.38,
      "fin": 300.59,
      "duracion": 16.22,
      "texto": "Avisar al azul que pueden empezar a interesar las llamadas de spam o desconocidas, eso es porque Movizar quiere verificar que la línea está activa, que no responde a esas llamadas durante un ratito, ¿sí?",
      "confianza": 0.694
    },
    {
      "hablante": "Hablante B",
      "inicio": 300.61,
      "fin": 310.9,
      "duracion": 10.29,
      "texto": "Ahí se confirma, apenas se lo envía al azul y le avisa.",
      "confianza": 0.434
    },
    {
      "hablante": "Hablante B",
      "inicio": 310.92,
      "fin": 312.96,
      "duracion": 2.04,
      "texto": "Ahí está enviado también el mensaje azul.",
      "confianza": 0.788
    },
    {
      "hablante": "Hablante A",
      "inicio": 314.88,
      "fin": 328.76,
      "duracion": 13.88,
      "texto": "A Azul le va a llegar el QR por Gmail, de Azul, ¿sí?",
      "confianza": 0.673
    },
    {
      "hablante": "Hablante A",
      "inicio": 329.42,
      "fin": 334.47,
      "duracion": 5.05,
      "texto": "Como no retiras ningún chip, les llega el QR de la portabilidad por Gmail.",
      "confianza": 0.622
    },
    {
      "hablante": "Hablante B",
      "inicio": 340.65,
      "fin": 340.71,
      "duracion": 0.06,
      "texto": "Ok.",
      "confianza": 0.002
    },
    {
      "hablante": "Hablante B",
      "inicio": 340.73,
      "fin": 341.23,
      "duracion": 0.5,
      "texto": "Parece que encuentre acá.",
      "confianza": 0.016
    },
    {
      "hablante": "Hablante B",
      "inicio": 341.25,
      "fin": 342.71,
      "duracion": 1.46,
      "texto": "Hay que mandar la captura de Azul.",
      "confianza": 0.506
    },
    {
      "hablante": "Hablante B",
      "inicio": 343.12,
      "fin": 344.12,
      "duracion": 1.0,
      "texto": "Perfecto.",
      "confianza": 0.618
    },
    {
      "hablante": "Hablante B",
      "inicio": 344.14,
      "fin": 347.36,
      "duracion": 3.23,
      "texto": "Y únicamente saltaría bueno las imágenes del DNI, ¿valido la identidad?",
      "confianza": 0.739
    },
    {
      "hablante": "Hablante B",
      "inicio": 347.38,
      "fin": 349.23,
      "duracion": 1.84,
      "texto": "Y ya te hago el cierre comercial.",
      "confianza": 0.709
    },
    {
      "hablante": "Hablante A",
      "inicio": 351.39,
      "fin": 352.11,
      "duracion": 0.72,
      "texto": "Perfecto.",
      "confianza": 0.193
    },
    {
      "hablante": "Hablante A",
      "inicio": 352.13,
      "fin": 371.1,
      "duracion": 18.97,
      "texto": "Dame un segundo que lo tenemos que buscar porque no me encuentro el cojón.",
      "confianza": 0.189
    },
    {
      "hablante": "Hablante A",
      "inicio": 371.12,
      "fin": 371.44,
      "duracion": 0.32,
      "texto": "No hay problema.",
      "confianza": 0.04
    },
    {
      "hablante": "Hablante B",
      "inicio": 378.12,
      "fin": 386.08,
      "duracion": 7.97,
      "texto": "Más o menos, Pamela, en lo que son 48, 72 horas hábiles, te van a enviar un mensaje en la sucursal para que vayan a retirar los chips.",
      "confianza": 0.743
    },
    {
      "hablante": "Hablante B",
      "inicio": 386.1,
      "fin": 392.33,
      "duracion": 6.23,
      "texto": "Vos, una vez que tengas los chips, no los colóquen, me avisas y yo les aviso cuándo colocarlos.",
      "confianza": 0.79
    },
    {
      "hablante": "Hablante B",
      "inicio": 392.87,
      "fin": 393.05,
      "duracion": 0.18,
      "texto": "Perfecto.",
      "confianza": 0.005
    },
    {
      "hablante": "Hablante B",
      "inicio": 393.07,
      "fin": 399.32,
      "duracion": 6.25,
      "texto": "Ustedes, por mientras, van a seguir con clero hasta que tengan los chips.",
      "confianza": 0.775
    },
    {
      "hablante": "Hablante B",
      "inicio": 399.72,
      "fin": 402.24,
      "duracion": 2.52,
      "texto": "Ahí te envié la foto del de mí.",
      "confianza": 0.106
    },
    {
      "hablante": "Hablante B",
      "inicio": 402.26,
      "fin": 404.99,
      "duracion": 2.72,
      "texto": "A ver.",
      "confianza": 0.857
    },
    {
      "hablante": "Hablante B",
      "inicio": 405.0,
      "fin": 405.85,
      "duracion": 0.84,
      "texto": "Perfecto.",
      "confianza": 0.838
    },
    {
      "hablante": "Hablante B",
      "inicio": 405.95,
      "fin": 407.13,
      "duracion": 1.18,
      "texto": "Listo, ya puedes borrarlas.",
      "confianza": 0.784
    },
    {
      "hablante": "Hablante B",
      "inicio": 407.75,
      "fin": 408.09,
      "duracion": 0.34,
      "texto": "Bien.",
      "confianza": 0.967
    },
    {
      "hablante": "Hablante B",
      "inicio": 408.17,
      "fin": 410.35,
      "duracion": 2.18,
      "texto": "También la voy a hacer en un cierre comercial.",
      "confianza": 0.503
    },
    {
      "hablante": "Hablante B",
      "inicio": 410.37,
      "fin": 414.0,
      "duracion": 3.62,
      "texto": "El cierre comercial es un repaso de los datos y el plan al que vas a acceder.",
      "confianza": 0.766
    },
    {
      "hablante": "Hablante B",
      "inicio": 414.52,
      "fin": 418.02,
      "duracion": 3.5,
      "texto": "El plan que habíamos quedado era el de 7.780, ¿no?",
      "confianza": 0.742
    },
    {
      "hablante": "Hablante B",
      "inicio": 418.68,
      "fin": 419.5,
      "duracion": 0.82,
      "texto": "Para todas las niñas.",
      "confianza": 0.791
    },
    {
      "hablante": "Hablante B",
      "inicio": 420.04,
      "fin": 420.1,
      "duracion": 0.06,
      "texto": "Sí.",
      "confianza": 0.079
    },
    {
      "hablante": "Hablante B",
      "inicio": 420.12,
      "fin": 420.78,
      "duracion": 0.66,
      "texto": "Listo.",
      "confianza": 0.842
    },
    {
      "hablante": "Hablante B",
      "inicio": 420.8,
      "fin": 421.92,
      "duracion": 1.12,
      "texto": "Bien.",
      "confianza": 0.875
    },
    {
      "hablante": "Hablante B",
      "inicio": 421.94,
      "fin": 423.9,
      "duracion": 1.96,
      "texto": "Es un repaso de tus datos y el plan al que vas a acceder.",
      "confianza": 0.66
    },
    {
      "hablante": "Hablante B",
      "inicio": 424.2,
      "fin": 425.39,
      "duracion": 1.18,
      "texto": "Déjame leerlo de corrido.",
      "confianza": 0.681
    },
    {
      "hablante": "Hablante B",
      "inicio": 425.51,
      "fin": 429.61,
      "duracion": 4.1,
      "texto": "Cualquier duda que tengas, hácemelo al final así queda todo leído de corrido, ¿sí?",
      "confianza": 0.72
    },
    {
      "hablante": "Hablante B",
      "inicio": 429.63,
      "fin": 430.45,
      "duracion": 0.82,
      "texto": "Perfecto.",
      "confianza": 0.272
    },
    {
      "hablante": "Hablante B",
      "inicio": 430.47,
      "fin": 430.69,
      "duracion": 0.22,
      "texto": "Bien.",
      "confianza": 0.866
    },
    {
      "hablante": "Hablante B",
      "inicio": 430.71,
      "fin": 433.73,
      "duracion": 3.02,
      "texto": "Para recibir futuras promociones, ¿usted tiene Internet Movistar?",
      "confianza": 0.828
    },
    {
      "hablante": "Hablante A",
      "inicio": 436.56,
      "fin": 436.78,
      "duracion": 0.22,
      "texto": "En la casa.",
      "confianza": 0.102
    },
    {
      "hablante": "Hablante A",
      "inicio": 437.08,
      "fin": 439.3,
      "duracion": 2.22,
      "texto": "Sí, en mi casa sí tengo el Movistar.",
      "confianza": 0.206
    },
    {
      "hablante": "Hablante A",
      "inicio": 439.32,
      "fin": 447.53,
      "duracion": 8.21,
      "texto": "Bien, después si querés me pasas lo que es la línea fija para que les daran un descuento también por tener todo con Movistar.",
      "confianza": 0.691
    },
    {
      "hablante": "Hablante A",
      "inicio": 447.67,
      "fin": 454.74,
      "duracion": 7.07,
      "texto": "Ah, bueno, perfecto.",
      "confianza": 0.531
    },
    {
      "hablante": "Hablante A",
      "inicio": 454.82,
      "fin": 459.28,
      "duracion": 4.46,
      "texto": "Después por WhatsApp me pasas lo que es la línea fija, bien.",
      "confianza": 0.522
    },
    {
      "hablante": "Hablante A",
      "inicio": 459.34,
      "fin": 460.4,
      "duracion": 1.06,
      "texto": "Estamos portando las líneas.",
      "confianza": 0.334
    },
    {
      "hablante": "Hablante A",
      "inicio": 460.42,
      "fin": 460.86,
      "duracion": 0.44,
      "texto": "11-30-3-97-06-20.",
      "confianza": 0.77
    },
    {
      "hablante": "Hablante A",
      "inicio": 460.88,
      "fin": 462.11,
      "duracion": 1.22,
      "texto": "La línea 11-58-85-88-51.",
      "confianza": 0.465
    },
    {
      "hablante": "Hablante A",
      "inicio": 462.29,
      "fin": 480.75,
      "duracion": 18.46,
      "texto": "la línea 11 38 54 68 20 y la línea 11 28 37 25 32 a nombre y apellido de la titular actual Torrilla Pamela Alejandra, me confirma los últimos tres dígitos del DNI.",
      "confianza": 0.725
    },
    {
      "hablante": "Hablante A",
      "inicio": 480.77,
      "fin": 482.51,
      "duracion": 1.74,
      "texto": "Me entendió 282.",
      "confianza": 0.29
    },
    {
      "hablante": "Hablante A",
      "inicio": 482.54,
      "fin": 490.58,
      "duracion": 8.05,
      "texto": "Bien, me comentaste que las líneas están en claro con una factura mensual, la factura está a tu nombre o el nombre de otra persona?",
      "confianza": 0.646
    },
    {
      "hablante": "Hablante A",
      "inicio": 490.61,
      "fin": 490.85,
      "duracion": 0.24,
      "texto": "A mi nombre.",
      "confianza": 0.0
    },
    {
      "hablante": "Hablante A",
      "inicio": 490.87,
      "fin": 491.91,
      "duracion": 1.04,
      "texto": "Bien, las líneas",
      "confianza": 0.599
    },
    {
      "hablante": "Hablante A",
      "inicio": 492.19,
      "fin": 506.81,
      "duracion": 14.62,
      "texto": "Me habías dicho que las líneas 11, 33, 97, 0, 6, 20, la línea 11, 38, 54, 68, 20 y la línea 11, 28, 37, 25, 32 son chip físicos.",
      "confianza": 0.639
    },
    {
      "hablante": "Hablante B",
      "inicio": 508.39,
      "fin": 510.83,
      "duracion": 2.44,
      "texto": "Y la otra 11, 58, 85, 88, 51.",
      "confianza": 0.831
    },
    {
      "hablante": "Hablante B",
      "inicio": 511.01,
      "fin": 511.41,
      "duracion": 0.4,
      "texto": "Esa es Sim.",
      "confianza": 0.506
    },
    {
      "hablante": "Hablante B",
      "inicio": 511.43,
      "fin": 511.87,
      "duracion": 0.44,
      "texto": "Es correcto.",
      "confianza": 0.489
    },
    {
      "hablante": "Hablante B",
      "inicio": 511.91,
      "fin": 516.14,
      "duracion": 4.23,
      "texto": "Perfecto.",
      "confianza": 0.627
    },
    {
      "hablante": "Hablante B",
      "inicio": 516.39,
      "fin": 525.64,
      "duracion": 9.25,
      "texto": "Bien, los chips de las tres líneas con chip físico los vas a recibir en la tienda Movistar de la calle Italia al 1.201 de la provincia de Buenos Aires, San Miguel.",
      "confianza": 0.715
    },
    {
      "hablante": "Hablante B",
      "inicio": 526.18,
      "fin": 535.8,
      "duracion": 9.61,
      "texto": "La otra línea vas a recibir el Gmail mediante un QR, vas a recibir el QR por el Gmail que me brindaste y ahí vas a realizar lo que es la portabilidad.",
      "confianza": 0.732
    },
    {
      "hablante": "Hablante B",
      "inicio": 536.45,
      "fin": 547.51,
      "duracion": 11.06,
      "texto": "Bien, para todas las líneas va a ir el mismo plan, que es el plan de cuatro llegas de base, con diez llegas de regalo por seis meses, WhatsApp gratis, hablar de ir a cualquier compañía, con un descuento por seis meses del ochenta por ciento.",
      "confianza": 0.686
    },
    {
      "hablante": "Hablante B",
      "inicio": 547.59,
      "fin": 549.61,
      "duracion": 2.02,
      "texto": "Para todas las líneas va el mismo plan.",
      "confianza": 0.817
    },
    {
      "hablante": "Hablante B",
      "inicio": 550.67,
      "fin": 560.01,
      "duracion": 9.33,
      "texto": "El Gmail que me disminuiste para facturaciones, Pamela A Torrilla arroja gmail.com y vas a estar recibiendo la facturación online a través del mail que nos proporcionaste.",
      "confianza": 0.667
    },
    {
      "hablante": "Hablante B",
      "inicio": 560.39,
      "fin": 565.09,
      "duracion": 4.71,
      "texto": "Desde la Movistar ingresando a la sección servicios, van a ver toda la información preferida a su factura,",
      "confianza": 0.686
    },
    {
      "hablante": "Hablante B",
      "inicio": 565.24,
      "fin": 568.19,
      "duracion": 2.95,
      "texto": "ya sea el ciclo de facturación, vencimientos o montos a pagar.",
      "confianza": 0.517
    },
    {
      "hablante": "Hablante B",
      "inicio": 568.67,
      "fin": 573.22,
      "duracion": 4.55,
      "texto": "Vas a poder activar 20 gigas de regalo con una oración de 30 días disponible una vez por año.",
      "confianza": 0.69
    },
    {
      "hablante": "Hablante B",
      "inicio": 573.58,
      "fin": 581.31,
      "duracion": 7.73,
      "texto": "Puedes adherir al dedito automático y también sumar 4 gigas de regalo en cada línea móvil, si este porta más de dos líneas registra bajo el mismo titular.",
      "confianza": 0.687
    },
    {
      "hablante": "Hablante B",
      "inicio": 581.67,
      "fin": 586.1,
      "duracion": 4.43,
      "texto": "O sea, todas las líneas van a tener 4 gigas extra de regalo, ¿sí?",
      "confianza": 0.564
    },
    {
      "hablante": "Hablante B",
      "inicio": 586.12,
      "fin": 586.3,
      "duracion": 0.18,
      "texto": "Perfecto.",
      "confianza": 0.02
    },
    {
      "hablante": "Hablante B",
      "inicio": 586.32,
      "fin": 589.98,
      "duracion": 3.67,
      "texto": "Una vez aprobada la portabilidad de su línea, por tardar las 48 horas hábiles,",
      "confianza": 0.694
    },
    {
      "hablante": "Hablante B",
      "inicio": 590.23,
      "fin": 595.38,
      "duracion": 5.14,
      "texto": "Un día antes, por mensaje de WhatsApp, te vamos a estar informando la fecha de portabilidad para que te quedes tranquila.",
      "confianza": 0.631
    },
    {
      "hablante": "Hablante B",
      "inicio": 595.74,
      "fin": 598.9,
      "duracion": 3.16,
      "texto": "Es importante que no coloquen los chips antes de la fecha informada.",
      "confianza": 0.758
    },
    {
      "hablante": "Hablante B",
      "inicio": 599.2,
      "fin": 605.69,
      "duracion": 6.49,
      "texto": "De todas maneras, se van a dar cuenta porque sus líneas de claro van a dejar de recibir señal y es cuando deben colocarlo.",
      "confianza": 0.766
    },
    {
      "hablante": "Hablante B",
      "inicio": 606.15,
      "fin": 609.47,
      "duracion": 3.32,
      "texto": "Les comento que por lo único van a tener que validar identidad al activarlo.",
      "confianza": 0.569
    },
    {
      "hablante": "Hablante B",
      "inicio": 609.79,
      "fin": 614.41,
      "duracion": 4.62,
      "texto": "Y en caso de que tengas alguna dificultad con la validación, inténtelo nuevamente o comuníquese al 0800.",
      "confianza": 0.775
    },
    {
      "hablante": "Hablante B",
      "inicio": 614.43,
      "fin": 618.74,
      "duracion": 4.3,
      "texto": "Te solicitamos que en caso de no levantar señal en el chip, reinicie el equipo.",
      "confianza": 0.761
    },
    {
      "hablante": "Hablante B",
      "inicio": 619.04,
      "fin": 623.45,
      "duracion": 4.41,
      "texto": "Por otro lado, dentro de los próximos días va a recibir una encuesta de satisfacción por WhatsApp.",
      "confianza": 0.691
    },
    {
      "hablante": "Hablante B",
      "inicio": 623.47,
      "fin": 627.49,
      "duracion": 4.02,
      "texto": "Te solicitamos, por favor, que la completes, ya que tu opinión es muy importante para la empresa.",
      "confianza": 0.794
    },
    {
      "hablante": "Hablante B",
      "inicio": 628.37,
      "fin": 630.58,
      "duracion": 2.2,
      "texto": "Bien, pues también ese sería el cierre comercial.",
      "confianza": 0.625
    },
    {
      "hablante": "Hablante B",
      "inicio": 630.62,
      "fin": 639.23,
      "duracion": 8.61,
      "texto": "Ahora yo lo que te voy a pedir es que le anavises a las otras líneas que durante un ratito, si les entra llamadas desconocidas o no respondan.",
      "confianza": 0.774
    },
    {
      "hablante": "Hablante B",
      "inicio": 639.97,
      "fin": 648.66,
      "duracion": 8.69,
      "texto": "Y si les llega a escribir algún otro asesor pidiéndoles algún dato que no le brinden a nadie, no es necesario, yo llevo sus líneas, las posibilidades de sus líneas,",
      "confianza": 0.605
    },
    {
      "hablante": "Hablante B",
      "inicio": 648.82,
      "fin": 653.01,
      "duracion": 4.19,
      "texto": "Cualquier cosa que necesites, me escribís directamente a mí, ¿sí?",
      "confianza": 0.593
    },
    {
      "hablante": "Hablante B",
      "inicio": 653.03,
      "fin": 654.93,
      "duracion": 1.9,
      "texto": "OK, perfecto.",
      "confianza": 0.342
    },
    {
      "hablante": "Hablante B",
      "inicio": 654.95,
      "fin": 655.91,
      "duracion": 0.96,
      "texto": "Y alisame cuando te... Sí, decime.",
      "confianza": 0.2
    },
    {
      "hablante": "Hablante A",
      "inicio": 659.72,
      "fin": 661.14,
      "duracion": 1.42,
      "texto": "Yo quería sumarme una línea, ¿verdad?",
      "confianza": 0.049
    },
    {
      "hablante": "Hablante A",
      "inicio": 661.16,
      "fin": 662.02,
      "duracion": 0.86,
      "texto": "Que aparte de esas cuatro, una línea nueva.",
      "confianza": 0.004
    },
    {
      "hablante": "Hablante A",
      "inicio": 662.04,
      "fin": 667.26,
      "duracion": 5.23,
      "texto": "Bien, la línea nueva, lo que puedes hacer cuando vayas a retirar el chip de la sucursal, la solicitas ahí mismo.",
      "confianza": 0.705
    },
    {
      "hablante": "Hablante A",
      "inicio": 668.03,
      "fin": 668.93,
      "duracion": 0.9,
      "texto": "Ah, perfecto.",
      "confianza": 0.358
    },
    {
      "hablante": "Hablante A",
      "inicio": 668.95,
      "fin": 672.63,
      "duracion": 3.68,
      "texto": "Ahí mismo solicitas la línea nueva.",
      "confianza": 0.726
    },
    {
      "hablante": "Hablante A",
      "inicio": 672.65,
      "fin": 675.36,
      "duracion": 2.7,
      "texto": "Y bueno, alisame cuando tengas los chips y yo te aliso cuando colocarlos.",
      "confianza": 0.455
    },
    {
      "hablante": "Hablante A",
      "inicio": 676.6,
      "fin": 677.18,
      "duracion": 0.58,
      "texto": "Perfecto, listo.",
      "confianza": 0.453
    },
    {
      "hablante": "Hablante A",
      "inicio": 677.5,
      "fin": 678.62,
      "duracion": 1.12,
      "texto": "Pamela, muchas gracias.",
      "confianza": 0.762
    },
    {
      "hablante": "Hablante A",
      "inicio": 678.92,
      "fin": 683.59,
      "duracion": 4.67,
      "texto": "Bienvenida a Movistar y bueno, cualquier cosa ya tenés mi número.",
      "confianza": 0.634
    },
    {
      "hablante": "Hablante A",
      "inicio": 683.61,
      "fin": 685.01,
      "duracion": 1.4,
      "texto": "Bueno, muchísimas gracias.",
      "confianza": 0.067
    },
    {
      "hablante": "Hablante A",
      "inicio": 685.03,
      "fin": 685.53,
      "duracion": 0.5,
      "texto": "¿Tu nombre más recordado?",
      "confianza": 0.014
    },
    {
      "hablante": "Hablante A",
      "inicio": 685.55,
      "fin": 686.35,
      "duracion": 0.8,
      "texto": "Bruno.",
      "confianza": 0.253
    },
    {
      "hablante": "Hablante A",
      "inicio": 686.37,
      "fin": 687.17,
      "duracion": 0.8,
      "texto": "Así más que más.",
      "confianza": 0.365
    },
    {
      "hablante": "Hablante A",
      "inicio": 687.19,
      "fin": 687.35,
      "duracion": 0.16,
      "texto": "Bruno.",
      "confianza": 0.344
    },
    {
      "hablante": "Hablante A",
      "inicio": 688.09,
      "fin": 689.24,
      "duracion": 1.14,
      "texto": "Pamela, buen día.",
      "confianza": 0.562
    },
    {
      "hablante": "Hablante A",
      "inicio": 689.25,
      "fin": 690.14,
      "duracion": 0.88,
      "texto": "Muchas gracias.",
      "confianza": 0.863
    },
    {
      "hablante": "Hablante A",
      "inicio": 690.16,
      "fin": 690.98,
      "duracion": 0.82,
      "texto": "Muchas gracias, Bruno.",
      "confianza": 0.207
    },
    {
      "hablante": "Hablante A",
      "inicio": 691.0,
      "fin": 691.36,
      "duracion": 0.36,
      "texto": "Hasta luego.",
      "confianza": 0.214
    },
    {
      "hablante": "Hablante A",
      "inicio": 691.64,
      "fin": 692.28,
      "duracion": 0.64,
      "texto": "Hasta luego.",
      "confianza": 0.878
    }
  ],
  "transcripcion_completa": "Hola. Hola, Pamela. Sí, en fin. Ay, genial, Pamela. Qué raro. No sabía por qué no podías no ingresar a la llamada. Verificar si estabas en el registro no llame y no, por eso me parecía raro que no te entre la llamada. Sí, sí. Me voy a dar a contestar las veces anteriores. Bien, todo bien, Pamela. ¿Cómo va el día? Todo tranquilo, por suerte. Me alegro, Pamela. Bien, Pamela, ya me pasaste los números de línea, eran cuatro, ¿verdad? Me mandaste, bueno, una Pamela Azul, Santo e Inés. Todos están a nombre tuyo, ¿verdad? Todos son a nombre mío. Perfecto. Bien, Pamela, lo que voy a necesitar también es un Gmail donde vos quieras que llegue la facturación. OK, Pamela. Sí. A. Pamela A. Torrilla. Torrilla. Perfecto. Pamela, ¿a vos de qué provincia y localidad sos para buscar una sucursal que te quede cercana? Buenos Aires, San Miguel. San Miguel. A ver. Bien, en San Miguel, te voy a nombrar las que tenemos disponibles y vos me decís cuál te queda cómoda. Tenemos una por la calle Italia, al 1201, por la calle Perón al 1604 y por la calle Perón al 1173. Listo, vamos a poner la de la calle Itália. Igual están todas cerquita. Bueno. Bien, te voy a mandar una capturita de la sucursal donde vas a retirar el chip. Así ahí están las horarias de atención. Bien, Pamela, lo que voy a enviarte es el mensaje de portabilidad. Te hago una consulta. Todos los chips de las líneas son físicos, ¿verdad? Sí, tengo uno que es de Arizona. ¿Cuál es el SIM? El de azul. ¿Alguna consulta azul está con vos en estos momentos? No, no está conmigo, pero creo que está en mi casa. Bueno, voy a enviarte lo que es el mensaje portabilidad a tu número y me va a servir para la línea de Santo y Inés. todos los chips son físicos y tengo que enviarle un mensaje de portabilidad solo azul, lo que es eSIM. Eso lo envío y de última voz se lo pedí y me pasas la captura por WhatsApp, ¿te parece? Perfecto. Bien, te voy a enviar primero el tuyo que me va a servir para las tres líneas y después envío el de azul. Y ahí te lo voy a enviar, te va a llegar desde un mensaje texto común desde el remitente 223 que es Movistar. De eso voy a necesitar que me pases una captura por WhatsApp. Ahí te aviso apenas de venir y vos verificas si te llega. Ok. Ahí aguarda un segundo y ahí te confirmo. Bien, ahí está enviado, ahí seguramente te va a llegar en unos cinco segunditos. Avistame cuando te llegue y si no vuelvo a enviar. de eso mandame una capturita y también voy a necesitar, ya que vamos por whatsapp, una foto del frente o el cdmi para aliar y enviar, después las borras para que no queden en el chat y también voy a enviarle el mensaje portabilidad azul para que le avises después, así me pasas la captura y yo la apunto también, es únicamente a esa línea solita lo que es decir Ahí me llegó la captura tuya. Genial. Ahí estoy buscando el de neños. Lo tengo y si no lo tendré que... No hay problema. Yo por mientras voy cargando el resto. Vale. Si querés mandarme azul, ahí me contestó. Ahí le mando. Ahí te aviso cuando esté enviado y vos le decís. Avisar al azul que pueden empezar a interesar las llamadas de spam o desconocidas, eso es porque Movizar quiere verificar que la línea está activa, que no responde a esas llamadas durante un ratito, ¿sí? Ahí se confirma, apenas se lo envía al azul y le avisa. Ahí está enviado también el mensaje azul. A Azul le va a llegar el QR por Gmail, de Azul, ¿sí? Como no retiras ningún chip, les llega el QR de la portabilidad por Gmail. Ok. Parece que encuentre acá. Hay que mandar la captura de Azul. Perfecto. Y únicamente saltaría bueno las imágenes del DNI, ¿valido la identidad? Y ya te hago el cierre comercial. Perfecto. Dame un segundo que lo tenemos que buscar porque no me encuentro el cojón. No hay problema. Más o menos, Pamela, en lo que son 48, 72 horas hábiles, te van a enviar un mensaje en la sucursal para que vayan a retirar los chips. Vos, una vez que tengas los chips, no los colóquen, me avisas y yo les aviso cuándo colocarlos. Perfecto. Ustedes, por mientras, van a seguir con clero hasta que tengan los chips. Ahí te envié la foto del de mí. A ver. Perfecto. Listo, ya puedes borrarlas. Bien. También la voy a hacer en un cierre comercial. El cierre comercial es un repaso de los datos y el plan al que vas a acceder. El plan que habíamos quedado era el de 7.780, ¿no? Para todas las niñas. Sí. Listo. Bien. Es un repaso de tus datos y el plan al que vas a acceder. Déjame leerlo de corrido. Cualquier duda que tengas, hácemelo al final así queda todo leído de corrido, ¿sí? Perfecto. Bien. Para recibir futuras promociones, ¿usted tiene Internet Movistar? En la casa. Sí, en mi casa sí tengo el Movistar. Bien, después si querés me pasas lo que es la línea fija para que les daran un descuento también por tener todo con Movistar. Ah, bueno, perfecto. Después por WhatsApp me pasas lo que es la línea fija, bien. Estamos portando las líneas. 11-30-3-97-06-20. La línea 11-58-85-88-51. la línea 11 38 54 68 20 y la línea 11 28 37 25 32 a nombre y apellido de la titular actual Torrilla Pamela Alejandra, me confirma los últimos tres dígitos del DNI. Me entendió 282. Bien, me comentaste que las líneas están en claro con una factura mensual, la factura está a tu nombre o el nombre de otra persona? A mi nombre. Bien, las líneas Me habías dicho que las líneas 11, 33, 97, 0, 6, 20, la línea 11, 38, 54, 68, 20 y la línea 11, 28, 37, 25, 32 son chip físicos. Y la otra 11, 58, 85, 88, 51. Esa es Sim. Es correcto. Perfecto. Bien, los chips de las tres líneas con chip físico los vas a recibir en la tienda Movistar de la calle Italia al 1.201 de la provincia de Buenos Aires, San Miguel. La otra línea vas a recibir el Gmail mediante un QR, vas a recibir el QR por el Gmail que me brindaste y ahí vas a realizar lo que es la portabilidad. Bien, para todas las líneas va a ir el mismo plan, que es el plan de cuatro llegas de base, con diez llegas de regalo por seis meses, WhatsApp gratis, hablar de ir a cualquier compañía, con un descuento por seis meses del ochenta por ciento. Para todas las líneas va el mismo plan. El Gmail que me disminuiste para facturaciones, Pamela A Torrilla arroja gmail.com y vas a estar recibiendo la facturación online a través del mail que nos proporcionaste. Desde la Movistar ingresando a la sección servicios, van a ver toda la información preferida a su factura, ya sea el ciclo de facturación, vencimientos o montos a pagar. Vas a poder activar 20 gigas de regalo con una oración de 30 días disponible una vez por año. Puedes adherir al dedito automático y también sumar 4 gigas de regalo en cada línea móvil, si este porta más de dos líneas registra bajo el mismo titular. O sea, todas las líneas van a tener 4 gigas extra de regalo, ¿sí? Perfecto. Una vez aprobada la portabilidad de su línea, por tardar las 48 horas hábiles, Un día antes, por mensaje de WhatsApp, te vamos a estar informando la fecha de portabilidad para que te quedes tranquila. Es importante que no coloquen los chips antes de la fecha informada. De todas maneras, se van a dar cuenta porque sus líneas de claro van a dejar de recibir señal y es cuando deben colocarlo. Les comento que por lo único van a tener que validar identidad al activarlo. Y en caso de que tengas alguna dificultad con la validación, inténtelo nuevamente o comuníquese al 0800. Te solicitamos que en caso de no levantar señal en el chip, reinicie el equipo. Por otro lado, dentro de los próximos días va a recibir una encuesta de satisfacción por WhatsApp. Te solicitamos, por favor, que la completes, ya que tu opinión es muy importante para la empresa. Bien, pues también ese sería el cierre comercial. Ahora yo lo que te voy a pedir es que le anavises a las otras líneas que durante un ratito, si les entra llamadas desconocidas o no respondan. Y si les llega a escribir algún otro asesor pidiéndoles algún dato que no le brinden a nadie, no es necesario, yo llevo sus líneas, las posibilidades de sus líneas, Cualquier cosa que necesites, me escribís directamente a mí, ¿sí? OK, perfecto. Y alisame cuando te... Sí, decime. Yo quería sumarme una línea, ¿verdad? Que aparte de esas cuatro, una línea nueva. Bien, la línea nueva, lo que puedes hacer cuando vayas a retirar el chip de la sucursal, la solicitas ahí mismo. Ah, perfecto. Ahí mismo solicitas la línea nueva. Y bueno, alisame cuando tengas los chips y yo te aliso cuando colocarlos. Perfecto, listo. Pamela, muchas gracias. Bienvenida a Movistar y bueno, cualquier cosa ya tenés mi número. Bueno, muchísimas gracias. ¿Tu nombre más recordado? Bruno. Así más que más. Bruno. Pamela, buen día. Muchas gracias. Muchas gracias, Bruno. Hasta luego. Hasta luego.",
  "calidad": {
    "confianza_promedio": 0.533,
    "metodo_diarizacion": "pausas_fallback",
    "tiempo_procesamiento": 27.4
  },
  "metadata": {
    "modelo": "whisperx_medium",
    "diarizacion": "pausas",
    "dispositivo": "cuda",
    "fecha": "2026-02-21T13:42:06.770977",
    "version": "5.0_ecapa"
  }
}