{
  "archivo": "amza14_1_260210133855973_MIT_01977.wav",
  "duracion_segundos": 152.92,
  "num_segmentos": 27,
  "num_hablantes": 2,
  "hablantes": [
    "Hablante A",
    "Hablante B"
  ],
  "tiempo_por_hablante": {
    "Hablante B": 79.74,
    "Hablante A": 54.3
  },
  "idioma": "es",
  "conversacion": [
    {
      "hablante": "Hablante B",
      "inicio": 4.47,
      "fin": 23.25,
      "duracion": 18.78,
      "texto": "Sí.",
      "confianza": 0.332
    },
    {
      "hablante": "Hablante B",
      "inicio": 23.27,
      "fin": 25.55,
      "duracion": 2.28,
      "texto": "Hola, Juan.",
      "confianza": 0.544
    },
    {
      "hablante": "Hablante B",
      "inicio": 25.57,
      "fin": 25.63,
      "duracion": 0.06,
      "texto": "Sí.",
      "confianza": 0.101
    },
    {
      "hablante": "Hablante B",
      "inicio": 25.65,
      "fin": 27.11,
      "duracion": 1.46,
      "texto": "Juan, soy Bruno.",
      "confianza": 0.536
    },
    {
      "hablante": "Hablante B",
      "inicio": 27.13,
      "fin": 28.43,
      "duracion": 1.3,
      "texto": "Se cortó la llamada recién.",
      "confianza": 0.629
    },
    {
      "hablante": "Hablante B",
      "inicio": 29.82,
      "fin": 31.54,
      "duracion": 1.72,
      "texto": "Bien, Juan.",
      "confianza": 0.372
    },
    {
      "hablante": "Hablante B",
      "inicio": 31.56,
      "fin": 32.2,
      "duracion": 0.64,
      "texto": "Le hago una consulta.",
      "confianza": 0.156
    },
    {
      "hablante": "Hablante B",
      "inicio": 33.01,
      "fin": 40.35,
      "duracion": 7.35,
      "texto": "¿Un Gmail que quiera que tenga activo para la facturación?",
      "confianza": 0.7
    },
    {
      "hablante": "Hablante B",
      "inicio": 40.37,
      "fin": 53.05,
      "duracion": 12.67,
      "texto": "¿Un Gmail que tenga activo su esposa para que pueda llegar la facturación?",
      "confianza": 0.741
    },
    {
      "hablante": "Hablante B",
      "inicio": 53.11,
      "fin": 59.76,
      "duracion": 6.65,
      "texto": "¿Vos tenés un Gmail?",
      "confianza": 0.058
    },
    {
      "hablante": "Hablante B",
      "inicio": 59.77,
      "fin": 60.24,
      "duracion": 0.46,
      "texto": "¿Qué lo quieren, Gmail?",
      "confianza": 0.002
    },
    {
      "hablante": "Hablante B",
      "inicio": 60.26,
      "fin": 60.76,
      "duracion": 0.5,
      "texto": "Es un correo electrónico.",
      "confianza": 0.0
    },
    {
      "hablante": "Hablante B",
      "inicio": 60.78,
      "fin": 61.3,
      "duracion": 0.52,
      "texto": "Ah, un correo electrónico.",
      "confianza": 0.0
    },
    {
      "hablante": "Hablante B",
      "inicio": 61.32,
      "fin": 62.44,
      "duracion": 1.12,
      "texto": "Yo tengo también correo electrónico, pero no sé sacarlo.",
      "confianza": 0.022
    },
    {
      "hablante": "Hablante A",
      "inicio": 65.42,
      "fin": 93.18,
      "duracion": 27.76,
      "texto": "¿Por qué no tenemos ningún sistema guardado anteriormente?",
      "confianza": 0.84
    },
    {
      "hablante": "Hablante A",
      "inicio": 93.2,
      "fin": 94.0,
      "duracion": 0.8,
      "texto": "Yo tengo correo electrónico, pero no sé.",
      "confianza": 0.005
    },
    {
      "hablante": "Hablante A",
      "inicio": 94.02,
      "fin": 94.42,
      "duracion": 0.4,
      "texto": "¿Lo sabés acá, Onel?",
      "confianza": 0.01
    },
    {
      "hablante": "Hablante A",
      "inicio": 94.44,
      "fin": 94.72,
      "duracion": 0.28,
      "texto": "¿Lo sabés acá?",
      "confianza": 0.005
    },
    {
      "hablante": "Hablante A",
      "inicio": 94.75,
      "fin": 94.91,
      "duracion": 0.16,
      "texto": "Una vez.",
      "confianza": 0.131
    },
    {
      "hablante": "Hablante B",
      "inicio": 97.0,
      "fin": 121.23,
      "duracion": 24.23,
      "texto": "El que queda después lo pueden modificar, no hay problema.",
      "confianza": 0.795
    },
    {
      "hablante": "Hablante A",
      "inicio": 127.88,
      "fin": 138.64,
      "duracion": 10.77,
      "texto": "Perfecto.",
      "confianza": 0.826
    },
    {
      "hablante": "Hablante A",
      "inicio": 138.66,
      "fin": 142.98,
      "duracion": 4.31,
      "texto": "Juan Ramón Carrera, 532, arroja gmail.com.",
      "confianza": 0.583
    },
    {
      "hablante": "Hablante A",
      "inicio": 143.0,
      "fin": 143.42,
      "duracion": 0.42,
      "texto": "Perfecto.",
      "confianza": 0.793
    },
    {
      "hablante": "Hablante A",
      "inicio": 143.44,
      "fin": 145.02,
      "duracion": 1.58,
      "texto": "Entonces, ese es gmail.",
      "confianza": 0.492
    },
    {
      "hablante": "Hablante A",
      "inicio": 145.04,
      "fin": 147.99,
      "duracion": 2.95,
      "texto": "Pregúntele a su esposa si no quiere aprovechar la promo.",
      "confianza": 0.474
    },
    {
      "hablante": "Hablante A",
      "inicio": 148.01,
      "fin": 151.62,
      "duracion": 3.61,
      "texto": "Dígale que la va a dar una recién a los 30 días después de activar la línea.",
      "confianza": 0.647
    },
    {
      "hablante": "Hablante A",
      "inicio": 151.66,
      "fin": 152.92,
      "duracion": 1.26,
      "texto": "Así no se le",
      "confianza": 0.478
    }
  ],
  "transcripcion_completa": "Sí. Hola, Juan. Sí. Juan, soy Bruno. Se cortó la llamada recién. Bien, Juan. Le hago una consulta. ¿Un Gmail que quiera que tenga activo para la facturación? ¿Un Gmail que tenga activo su esposa para que pueda llegar la facturación? ¿Vos tenés un Gmail? ¿Qué lo quieren, Gmail? Es un correo electrónico. Ah, un correo electrónico. Yo tengo también correo electrónico, pero no sé sacarlo. ¿Por qué no tenemos ningún sistema guardado anteriormente? Yo tengo correo electrónico, pero no sé. ¿Lo sabés acá, Onel? ¿Lo sabés acá? Una vez. El que queda después lo pueden modificar, no hay problema. Perfecto. Juan Ramón Carrera, 532, arroja gmail.com. Perfecto. Entonces, ese es gmail. Pregúntele a su esposa si no quiere aprovechar la promo. Dígale que la va a dar una recién a los 30 días después de activar la línea. Así no se le",
  "calidad": {
    "confianza_promedio": 0.411,
    "metodo_diarizacion": "pausas_fallback",
    "tiempo_procesamiento": 8.5
  },
  "metadata": {
    "modelo": "whisperx_medium",
    "diarizacion": "pausas",
    "dispositivo": "cuda",
    "fecha": "2026-02-18T23:26:31.457822",
    "version": "5.0_ecapa"
  }
}