{
  "archivo": "amza12_1_260210132938819_ACD_18905.wav",
  "duracion_segundos": 138.12,
  "num_segmentos": 55,
  "num_hablantes": 2,
  "hablantes": [
    "Hablante A",
    "Hablante B"
  ],
  "tiempo_por_hablante": {
    "Hablante A": 76.58,
    "Hablante B": 34.37
  },
  "idioma": "es",
  "conversacion": [
    {
      "hablante": "Hablante A",
      "inicio": 0.03,
      "fin": 1.91,
      "duracion": 1.88,
      "texto": "Hola, buenos días.",
      "confianza": 0.512
    },
    {
      "hablante": "Hablante A",
      "inicio": 1.93,
      "fin": 2.41,
      "duracion": 0.48,
      "texto": "¿Cómo le va?",
      "confianza": 0.705
    },
    {
      "hablante": "Hablante A",
      "inicio": 2.93,
      "fin": 4.82,
      "duracion": 1.88,
      "texto": "¿Me comunico con las líneas de Salvador?",
      "confianza": 0.721
    },
    {
      "hablante": "Hablante B",
      "inicio": 9.48,
      "fin": 10.02,
      "duracion": 0.54,
      "texto": "No sé de quién son ustedes.",
      "confianza": 0.02
    },
    {
      "hablante": "Hablante B",
      "inicio": 10.04,
      "fin": 10.92,
      "duracion": 0.88,
      "texto": "¿Cómo estás, Salvador?",
      "confianza": 0.491
    },
    {
      "hablante": "Hablante B",
      "inicio": 10.94,
      "fin": 11.76,
      "duracion": 0.82,
      "texto": "Noelia es mi nombre.",
      "confianza": 0.67
    },
    {
      "hablante": "Hablante B",
      "inicio": 11.78,
      "fin": 12.24,
      "duracion": 0.46,
      "texto": "¿Cómo estás?",
      "confianza": 0.534
    },
    {
      "hablante": "Hablante B",
      "inicio": 12.26,
      "fin": 12.88,
      "duracion": 0.62,
      "texto": "Buen gusto.",
      "confianza": 0.756
    },
    {
      "hablante": "Hablante B",
      "inicio": 13.64,
      "fin": 18.29,
      "duracion": 4.65,
      "texto": "Me estaba comunicando con vos el día de hoy para brindarte un beneficio, ¿sí?",
      "confianza": 0.693
    },
    {
      "hablante": "Hablante B",
      "inicio": 18.31,
      "fin": 20.07,
      "duracion": 1.76,
      "texto": "Me asegura que vos tenés claro actualmente.",
      "confianza": 0.555
    },
    {
      "hablante": "Hablante B",
      "inicio": 20.91,
      "fin": 24.41,
      "duracion": 3.5,
      "texto": "¿Es correcto?",
      "confianza": 0.661
    },
    {
      "hablante": "Hablante B",
      "inicio": 24.43,
      "fin": 24.5,
      "duracion": 0.06,
      "texto": "Sí.",
      "confianza": 0.054
    },
    {
      "hablante": "Hablante B",
      "inicio": 24.52,
      "fin": 25.12,
      "duracion": 0.6,
      "texto": "Bien, perfecto.",
      "confianza": 0.526
    },
    {
      "hablante": "Hablante B",
      "inicio": 25.14,
      "fin": 27.24,
      "duracion": 2.1,
      "texto": "En este caso, queremos brindarte.",
      "confianza": 0.679
    },
    {
      "hablante": "Hablante B",
      "inicio": 27.26,
      "fin": 27.66,
      "duracion": 0.4,
      "texto": "¿Cómo estás?",
      "confianza": 0.197
    },
    {
      "hablante": "Hablante B",
      "inicio": 27.84,
      "fin": 30.56,
      "duracion": 2.72,
      "texto": "Una promoción que tiene el 85% de descuento, ¿sí?",
      "confianza": 0.568
    },
    {
      "hablante": "Hablante B",
      "inicio": 30.58,
      "fin": 33.11,
      "duracion": 2.52,
      "texto": "Para que puedas disfrutar.",
      "confianza": 0.796
    },
    {
      "hablante": "Hablante B",
      "inicio": 33.13,
      "fin": 33.29,
      "duracion": 0.16,
      "texto": "¿Sí?",
      "confianza": 0.448
    },
    {
      "hablante": "Hablante B",
      "inicio": 33.87,
      "fin": 35.99,
      "duracion": 2.12,
      "texto": "Vos actualmente, claro, tenés una buena fijo, ¿verdad?",
      "confianza": 0.727
    },
    {
      "hablante": "Hablante A",
      "inicio": 40.86,
      "fin": 41.0,
      "duracion": 0.14,
      "texto": "Eh, sí.",
      "confianza": 0.006
    },
    {
      "hablante": "Hablante A",
      "inicio": 41.02,
      "fin": 41.2,
      "duracion": 0.18,
      "texto": "Perfecto.",
      "confianza": 0.013
    },
    {
      "hablante": "Hablante A",
      "inicio": 41.22,
      "fin": 41.36,
      "duracion": 0.14,
      "texto": "Bien.",
      "confianza": 0.218
    },
    {
      "hablante": "Hablante A",
      "inicio": 41.42,
      "fin": 47.29,
      "duracion": 5.87,
      "texto": "Entonces, Salvador, vos actualmente, las obligas que tenés en tu línea de cuánto son, más o menos, para poder brindarte algo mejor.",
      "confianza": 0.606
    },
    {
      "hablante": "Hablante B",
      "inicio": 51.37,
      "fin": 51.49,
      "duracion": 0.12,
      "texto": "Miren.",
      "confianza": 0.056
    },
    {
      "hablante": "Hablante B",
      "inicio": 51.51,
      "fin": 52.11,
      "duracion": 0.6,
      "texto": "¿Cuánto, perdón?",
      "confianza": 0.584
    },
    {
      "hablante": "Hablante B",
      "inicio": 52.13,
      "fin": 53.99,
      "duracion": 1.86,
      "texto": "Yo... Le voy a explicar.",
      "confianza": 0.745
    },
    {
      "hablante": "Hablante B",
      "inicio": 54.27,
      "fin": 57.02,
      "duracion": 2.74,
      "texto": "Yo movistar lo tuve 20 años.",
      "confianza": 0.432
    },
    {
      "hablante": "Hablante B",
      "inicio": 57.04,
      "fin": 57.68,
      "duracion": 0.64,
      "texto": "Movistar...",
      "confianza": 0.558
    },
    {
      "hablante": "Hablante B",
      "inicio": 58.01,
      "fin": 58.93,
      "duracion": 0.92,
      "texto": "Me dejó tirado.",
      "confianza": 0.61
    },
    {
      "hablante": "Hablante B",
      "inicio": 59.4,
      "fin": 60.52,
      "duracion": 1.12,
      "texto": "Nunca me quiso bajar.",
      "confianza": 0.746
    },
    {
      "hablante": "Hablante B",
      "inicio": 61.46,
      "fin": 62.96,
      "duracion": 1.5,
      "texto": "Nunca, nada, nada, nada.",
      "confianza": 0.499
    },
    {
      "hablante": "Hablante B",
      "inicio": 63.08,
      "fin": 64.04,
      "duracion": 0.96,
      "texto": "Me dejaron tirado.",
      "confianza": 0.777
    },
    {
      "hablante": "Hablante A",
      "inicio": 66.62,
      "fin": 69.19,
      "duracion": 2.56,
      "texto": "Que me dieran, por favor, de pagar menos.",
      "confianza": 0.801
    },
    {
      "hablante": "Hablante A",
      "inicio": 69.27,
      "fin": 69.97,
      "duracion": 0.7,
      "texto": "Nunca quisieron.",
      "confianza": 0.799
    },
    {
      "hablante": "Hablante A",
      "inicio": 69.99,
      "fin": 71.77,
      "duracion": 1.78,
      "texto": "Me metía tirado, parié la mitad.",
      "confianza": 0.705
    },
    {
      "hablante": "Hablante A",
      "inicio": 72.37,
      "fin": 74.02,
      "duracion": 1.64,
      "texto": "Tengo room internacional.",
      "confianza": 0.59
    },
    {
      "hablante": "Hablante A",
      "inicio": 74.26,
      "fin": 74.74,
      "duracion": 0.48,
      "texto": "Nada.",
      "confianza": 0.852
    },
    {
      "hablante": "Hablante A",
      "inicio": 74.76,
      "fin": 79.56,
      "duracion": 4.81,
      "texto": "Así que... Me asegura que te fuiste en 2024, ¿puede ser?",
      "confianza": 0.421
    },
    {
      "hablante": "Hablante A",
      "inicio": 79.58,
      "fin": 81.39,
      "duracion": 1.8,
      "texto": "No quiero saber nada.",
      "confianza": 0.821
    },
    {
      "hablante": "Hablante A",
      "inicio": 81.41,
      "fin": 82.25,
      "duracion": 0.84,
      "texto": "Nada, nada.",
      "confianza": 0.842
    },
    {
      "hablante": "Hablante A",
      "inicio": 82.27,
      "fin": 84.31,
      "duracion": 2.04,
      "texto": "Porque se portaron muy mal conmigo.",
      "confianza": 0.672
    },
    {
      "hablante": "Hablante A",
      "inicio": 84.33,
      "fin": 84.55,
      "duracion": 0.22,
      "texto": "Bien.",
      "confianza": 0.436
    },
    {
      "hablante": "Hablante A",
      "inicio": 84.57,
      "fin": 86.87,
      "duracion": 2.3,
      "texto": "Me asegura que te fuiste en el año 2024, ¿puede ser?",
      "confianza": 0.475
    },
    {
      "hablante": "Hablante A",
      "inicio": 87.46,
      "fin": 104.88,
      "duracion": 17.42,
      "texto": "y le rogaba, no que no hay plan de nada, yo soy un jubilado, yo no tengo Facebook, no tengo nada, quiero para comunicarme, pero a mí no me interesa esas cosas.",
      "confianza": 0.701
    },
    {
      "hablante": "Hablante A",
      "inicio": 105.3,
      "fin": 109.24,
      "duracion": 3.94,
      "texto": "y nunca me quisieron bajar nada, que no se podía.",
      "confianza": 0.661
    },
    {
      "hablante": "Hablante A",
      "inicio": 110.56,
      "fin": 116.11,
      "duracion": 5.55,
      "texto": "Me pasea claro, a los meses me llamaron y ya me querían cobrar la mitad.",
      "confianza": 0.617
    },
    {
      "hablante": "Hablante A",
      "inicio": 116.13,
      "fin": 116.97,
      "duracion": 0.84,
      "texto": "¿Cómo la cosa?",
      "confianza": 0.508
    },
    {
      "hablante": "Hablante A",
      "inicio": 117.49,
      "fin": 121.17,
      "duracion": 3.68,
      "texto": "Porque espera que uno se vaya para poder bajar los planes.",
      "confianza": 0.712
    },
    {
      "hablante": "Hablante A",
      "inicio": 121.19,
      "fin": 124.86,
      "duracion": 3.66,
      "texto": "Así que espérese unos días y un más.",
      "confianza": 0.487
    },
    {
      "hablante": "Hablante A",
      "inicio": 124.88,
      "fin": 128.28,
      "duracion": 3.4,
      "texto": "Cuando los busque a ustedes, ahí los voy a rogar a ustedes.",
      "confianza": 0.701
    },
    {
      "hablante": "Hablante A",
      "inicio": 128.34,
      "fin": 131.51,
      "duracion": 3.16,
      "texto": "Así que por favor, muchas gracias.",
      "confianza": 0.554
    },
    {
      "hablante": "Hablante A",
      "inicio": 131.53,
      "fin": 133.45,
      "duracion": 1.92,
      "texto": "Igual no me has escuchado nada de lo que tengo para decirte.",
      "confianza": 0.115
    },
    {
      "hablante": "Hablante A",
      "inicio": 133.95,
      "fin": 134.76,
      "duracion": 0.81,
      "texto": "No, gracias.",
      "confianza": 0.775
    },
    {
      "hablante": "Hablante A",
      "inicio": 135.06,
      "fin": 135.91,
      "duracion": 0.85,
      "texto": "Chau, gracias.",
      "confianza": 0.528
    },
    {
      "hablante": "Hablante A",
      "inicio": 136.51,
      "fin": 138.12,
      "duracion": 1.61,
      "texto": "Que bien.",
      "confianza": 0.757
    }
  ],
  "transcripcion_completa": "Hola, buenos días. ¿Cómo le va? ¿Me comunico con las líneas de Salvador? No sé de quién son ustedes. ¿Cómo estás, Salvador? Noelia es mi nombre. ¿Cómo estás? Buen gusto. Me estaba comunicando con vos el día de hoy para brindarte un beneficio, ¿sí? Me asegura que vos tenés claro actualmente. ¿Es correcto? Sí. Bien, perfecto. En este caso, queremos brindarte. ¿Cómo estás? Una promoción que tiene el 85% de descuento, ¿sí? Para que puedas disfrutar. ¿Sí? Vos actualmente, claro, tenés una buena fijo, ¿verdad? Eh, sí. Perfecto. Bien. Entonces, Salvador, vos actualmente, las obligas que tenés en tu línea de cuánto son, más o menos, para poder brindarte algo mejor. Miren. ¿Cuánto, perdón? Yo... Le voy a explicar. Yo movistar lo tuve 20 años. Movistar... Me dejó tirado. Nunca me quiso bajar. Nunca, nada, nada, nada. Me dejaron tirado. Que me dieran, por favor, de pagar menos. Nunca quisieron. Me metía tirado, parié la mitad. Tengo room internacional. Nada. Así que... Me asegura que te fuiste en 2024, ¿puede ser? No quiero saber nada. Nada, nada. Porque se portaron muy mal conmigo. Bien. Me asegura que te fuiste en el año 2024, ¿puede ser? y le rogaba, no que no hay plan de nada, yo soy un jubilado, yo no tengo Facebook, no tengo nada, quiero para comunicarme, pero a mí no me interesa esas cosas. y nunca me quisieron bajar nada, que no se podía. Me pasea claro, a los meses me llamaron y ya me querían cobrar la mitad. ¿Cómo la cosa? Porque espera que uno se vaya para poder bajar los planes. Así que espérese unos días y un más. Cuando los busque a ustedes, ahí los voy a rogar a ustedes. Así que por favor, muchas gracias. Igual no me has escuchado nada de lo que tengo para decirte. No, gracias. Chau, gracias. Que bien.",
  "calidad": {
    "confianza_promedio": 0.558,
    "metodo_diarizacion": "pausas_fallback",
    "tiempo_procesamiento": 9.7
  },
  "metadata": {
    "modelo": "whisperx_medium",
    "diarizacion": "pausas",
    "dispositivo": "cuda",
    "fecha": "2026-02-18T23:02:09.994304",
    "version": "5.0_ecapa"
  }
}