{
  "archivo": "amza16_1_260212125112989_ACD_62083.wav",
  "duracion_segundos": 74.17,
  "num_segmentos": 26,
  "num_hablantes": 1,
  "hablantes": [
    "Hablante A"
  ],
  "tiempo_por_hablante": {
    "Hablante A": 68.26
  },
  "idioma": "es",
  "conversacion": [
    {
      "hablante": "Hablante A",
      "inicio": 1.45,
      "fin": 2.41,
      "duracion": 0.96,
      "texto": "Buenos días.",
      "confianza": 0.367
    },
    {
      "hablante": "Hablante A",
      "inicio": 2.43,
      "fin": 5.21,
      "duracion": 2.78,
      "texto": "¿Estoy hablando con Ezequiel?",
      "confianza": 0.639
    },
    {
      "hablante": "Hablante A",
      "inicio": 5.23,
      "fin": 5.57,
      "duracion": 0.34,
      "texto": "Sí, ¿quién habla?",
      "confianza": 0.053
    },
    {
      "hablante": "Hablante A",
      "inicio": 5.59,
      "fin": 6.05,
      "duracion": 0.46,
      "texto": "¿Cómo le va?",
      "confianza": 0.658
    },
    {
      "hablante": "Hablante A",
      "inicio": 6.08,
      "fin": 7.14,
      "duracion": 1.06,
      "texto": "Mi nombre es Nelsina.",
      "confianza": 0.66
    },
    {
      "hablante": "Hablante A",
      "inicio": 7.16,
      "fin": 10.52,
      "duracion": 3.37,
      "texto": "Me estoy comunicando desde el área de beneficios y promociones de Movistar.",
      "confianza": 0.729
    },
    {
      "hablante": "Hablante A",
      "inicio": 11.1,
      "fin": 15.41,
      "duracion": 4.31,
      "texto": "Me asegura que actualmente está en clara, ¿es correcto?",
      "confianza": 0.666
    },
    {
      "hablante": "Hablante A",
      "inicio": 15.43,
      "fin": 15.57,
      "duracion": 0.14,
      "texto": "Así es.",
      "confianza": 0.168
    },
    {
      "hablante": "Hablante A",
      "inicio": 15.59,
      "fin": 15.93,
      "duracion": 0.34,
      "texto": "Perfecto.",
      "confianza": 0.667
    },
    {
      "hablante": "Hablante A",
      "inicio": 15.95,
      "fin": 22.14,
      "duracion": 6.19,
      "texto": "Ezequiel, de consultos, ¿cuánto está volando al día de hoy por su día y cuántas llegas tiene en el plan?",
      "confianza": 0.649
    },
    {
      "hablante": "Hablante A",
      "inicio": 22.16,
      "fin": 23.66,
      "duracion": 1.5,
      "texto": "La verdad, no.",
      "confianza": 0.526
    },
    {
      "hablante": "Hablante A",
      "inicio": 23.72,
      "fin": 23.92,
      "duracion": 0.2,
      "texto": "Bien.",
      "confianza": 0.774
    },
    {
      "hablante": "Hablante A",
      "inicio": 23.94,
      "fin": 26.86,
      "duracion": 2.92,
      "texto": "¿Cuánto pagaste la última factura?",
      "confianza": 0.823
    },
    {
      "hablante": "Hablante A",
      "inicio": 27.55,
      "fin": 31.1,
      "duracion": 3.55,
      "texto": "No, no sé, pero lo tengo por debito, no tengo idea.",
      "confianza": 0.083
    },
    {
      "hablante": "Hablante A",
      "inicio": 31.12,
      "fin": 31.3,
      "duracion": 0.18,
      "texto": "Ah, bien.",
      "confianza": 0.053
    },
    {
      "hablante": "Hablante A",
      "inicio": 31.32,
      "fin": 34.92,
      "duracion": 3.61,
      "texto": "No hay que hacer recargas, a ver si hay el Selum.",
      "confianza": 0.306
    },
    {
      "hablante": "Hablante A",
      "inicio": 34.98,
      "fin": 36.29,
      "duracion": 1.3,
      "texto": "No, no, no.",
      "confianza": 0.508
    },
    {
      "hablante": "Hablante A",
      "inicio": 36.31,
      "fin": 40.07,
      "duracion": 3.77,
      "texto": "Bueno, te comento las dos ofertas que nosotros tenemos a día de hoy, ¿sí?",
      "confianza": 0.686
    },
    {
      "hablante": "Hablante A",
      "inicio": 40.53,
      "fin": 44.92,
      "duracion": 4.39,
      "texto": "El primero, que es una oferta intermedia, tiene 8 gigas de base con 10 de regalo.",
      "confianza": 0.697
    },
    {
      "hablante": "Hablante A",
      "inicio": 44.96,
      "fin": 47.68,
      "duracion": 2.72,
      "texto": "Tendrías un total de 18 durante toda la promoción.",
      "confianza": 0.784
    },
    {
      "hablante": "Hablante A",
      "inicio": 48.28,
      "fin": 50.79,
      "duracion": 2.5,
      "texto": "Con WhatsApp gratis y amadures a todas las compañías.",
      "confianza": 0.5
    },
    {
      "hablante": "Hablante A",
      "inicio": 50.93,
      "fin": 54.47,
      "duracion": 3.55,
      "texto": "Incluye rooming por 10.720 pesos al día de hoy, ¿sí?",
      "confianza": 0.646
    },
    {
      "hablante": "Hablante A",
      "inicio": 54.98,
      "fin": 58.28,
      "duracion": 3.3,
      "texto": "es un plan que tiene el 80% del descuento a día de hoy.",
      "confianza": 0.762
    },
    {
      "hablante": "Hablante A",
      "inicio": 59.28,
      "fin": 73.2,
      "duracion": 13.92,
      "texto": "Si no, tengo algo un poquito más económico, son 14 gigas en total, 4 de base más 10 de regalo, con los mismos beneficios que te he nombrado anteriormente, y están $7,790 pesos al día de hoy.",
      "confianza": 0.717
    },
    {
      "hablante": "Hablante A",
      "inicio": 73.22,
      "fin": 73.83,
      "duracion": 0.6,
      "texto": "Pero por ahora te agradezco.",
      "confianza": 0.046
    },
    {
      "hablante": "Hablante A",
      "inicio": 73.87,
      "fin": 74.17,
      "duracion": 0.3,
      "texto": "Gracias.",
      "confianza": 0.236
    }
  ],
  "transcripcion_completa": "Buenos días. ¿Estoy hablando con Ezequiel? Sí, ¿quién habla? ¿Cómo le va? Mi nombre es Nelsina. Me estoy comunicando desde el área de beneficios y promociones de Movistar. Me asegura que actualmente está en clara, ¿es correcto? Así es. Perfecto. Ezequiel, de consultos, ¿cuánto está volando al día de hoy por su día y cuántas llegas tiene en el plan? La verdad, no. Bien. ¿Cuánto pagaste la última factura? No, no sé, pero lo tengo por debito, no tengo idea. Ah, bien. No hay que hacer recargas, a ver si hay el Selum. No, no, no. Bueno, te comento las dos ofertas que nosotros tenemos a día de hoy, ¿sí? El primero, que es una oferta intermedia, tiene 8 gigas de base con 10 de regalo. Tendrías un total de 18 durante toda la promoción. Con WhatsApp gratis y amadures a todas las compañías. Incluye rooming por 10.720 pesos al día de hoy, ¿sí? es un plan que tiene el 80% del descuento a día de hoy. Si no, tengo algo un poquito más económico, son 14 gigas en total, 4 de base más 10 de regalo, con los mismos beneficios que te he nombrado anteriormente, y están $7,790 pesos al día de hoy. Pero por ahora te agradezco. Gracias.",
  "calidad": {
    "confianza_promedio": 0.516,
    "metodo_diarizacion": "pausas_fallback",
    "tiempo_procesamiento": 8.1
  },
  "metadata": {
    "modelo": "whisperx_medium",
    "diarizacion": "pausas",
    "dispositivo": "cuda",
    "fecha": "2026-02-18T23:56:41.906764",
    "version": "5.0_ecapa"
  }
}