{
  "archivo": "amza12_1_260211183700679_ACD_88221.wav",
  "duracion_segundos": 141.95,
  "num_segmentos": 63,
  "num_hablantes": 2,
  "hablantes": [
    "Hablante A",
    "Hablante B"
  ],
  "tiempo_por_hablante": {
    "Hablante A": 53.57,
    "Hablante B": 73.58
  },
  "idioma": "es",
  "conversacion": [
    {
      "hablante": "Hablante A",
      "inicio": 1.42,
      "fin": 2.0,
      "duracion": 0.58,
      "texto": "Hola.",
      "confianza": 0.313
    },
    {
      "hablante": "Hablante A",
      "inicio": 2.8,
      "fin": 3.1,
      "duracion": 0.3,
      "texto": "Hola, ¿qué tal?",
      "confianza": 0.047
    },
    {
      "hablante": "Hablante A",
      "inicio": 3.12,
      "fin": 5.4,
      "duracion": 2.28,
      "texto": "¿Qué tal?",
      "confianza": 0.317
    },
    {
      "hablante": "Hablante A",
      "inicio": 5.42,
      "fin": 6.2,
      "duracion": 0.78,
      "texto": "¿Qué tal?",
      "confianza": 0.277
    },
    {
      "hablante": "Hablante A",
      "inicio": 6.22,
      "fin": 10.79,
      "duracion": 4.57,
      "texto": "Mi nombre es Luciana, ¿me comunicó con Marcelo?",
      "confianza": 0.729
    },
    {
      "hablante": "Hablante A",
      "inicio": 10.81,
      "fin": 11.07,
      "duracion": 0.26,
      "texto": "¿Quién habla?",
      "confianza": 0.024
    },
    {
      "hablante": "Hablante A",
      "inicio": 11.09,
      "fin": 17.12,
      "duracion": 6.03,
      "texto": "Mi nombre es Luciana, me comunicó justamente para brindarle un beneficio exclusivo para lo que es su línea del 85% de descuento.",
      "confianza": 0.697
    },
    {
      "hablante": "Hablante A",
      "inicio": 17.4,
      "fin": 22.47,
      "duracion": 5.07,
      "texto": "Sí, actualmente usted es cliente claro, ¿verdad?",
      "confianza": 0.511
    },
    {
      "hablante": "Hablante A",
      "inicio": 22.49,
      "fin": 22.55,
      "duracion": 0.06,
      "texto": "Sí.",
      "confianza": 0.026
    },
    {
      "hablante": "Hablante A",
      "inicio": 22.57,
      "fin": 23.11,
      "duracion": 0.54,
      "texto": "Bien, perfecto.",
      "confianza": 0.373
    },
    {
      "hablante": "Hablante A",
      "inicio": 23.25,
      "fin": 25.43,
      "duracion": 2.18,
      "texto": "¿Puede ser que usted tenga bueno o hace recargas?",
      "confianza": 0.788
    },
    {
      "hablante": "Hablante A",
      "inicio": 26.74,
      "fin": 28.29,
      "duracion": 1.54,
      "texto": "No tengo bonos.",
      "confianza": 0.199
    },
    {
      "hablante": "Hablante A",
      "inicio": 28.31,
      "fin": 28.69,
      "duracion": 0.38,
      "texto": "Ah, bonos.",
      "confianza": 0.219
    },
    {
      "hablante": "Hablante A",
      "inicio": 28.71,
      "fin": 29.55,
      "duracion": 0.84,
      "texto": "Bien, perfecto.",
      "confianza": 0.714
    },
    {
      "hablante": "Hablante A",
      "inicio": 29.57,
      "fin": 34.25,
      "duracion": 4.69,
      "texto": "Y actualmente, ¿de cuántas yeras se le está recargando?",
      "confianza": 0.632
    },
    {
      "hablante": "Hablante A",
      "inicio": 34.27,
      "fin": 34.94,
      "duracion": 0.66,
      "texto": "No tengo ideas, la paga mi mujer.",
      "confianza": 0.013
    },
    {
      "hablante": "Hablante A",
      "inicio": 34.95,
      "fin": 35.8,
      "duracion": 0.84,
      "texto": "Ah, bien, perfecto.",
      "confianza": 0.373
    },
    {
      "hablante": "Hablante A",
      "inicio": 36.0,
      "fin": 37.0,
      "duracion": 1.0,
      "texto": "¿Ella es la que maneja todo?",
      "confianza": 0.532
    },
    {
      "hablante": "Hablante B",
      "inicio": 39.1,
      "fin": 39.34,
      "duracion": 0.24,
      "texto": "Exactamente.",
      "confianza": 0.034
    },
    {
      "hablante": "Hablante B",
      "inicio": 39.36,
      "fin": 40.0,
      "duracion": 0.64,
      "texto": "Bien, perfecto.",
      "confianza": 0.459
    },
    {
      "hablante": "Hablante B",
      "inicio": 40.48,
      "fin": 43.69,
      "duracion": 3.2,
      "texto": "Bueno, ¿me puede brindar lo que es el marito de su mujer?",
      "confianza": 0.69
    },
    {
      "hablante": "Hablante B",
      "inicio": 43.71,
      "fin": 44.99,
      "duracion": 1.28,
      "texto": "¿Cuál cosa me comunicó con ella?",
      "confianza": 0.66
    },
    {
      "hablante": "Hablante B",
      "inicio": 45.09,
      "fin": 45.85,
      "duracion": 0.76,
      "texto": "¿Sí?",
      "confianza": 0.849
    },
    {
      "hablante": "Hablante B",
      "inicio": 45.87,
      "fin": 49.23,
      "duracion": 3.36,
      "texto": "¿Para brindarle el beneficio?",
      "confianza": 0.471
    },
    {
      "hablante": "Hablante B",
      "inicio": 49.25,
      "fin": 49.31,
      "duracion": 0.06,
      "texto": "No.",
      "confianza": 0.006
    },
    {
      "hablante": "Hablante B",
      "inicio": 49.33,
      "fin": 49.8,
      "duracion": 0.46,
      "texto": "No te lo puedo brindar.",
      "confianza": 0.013
    },
    {
      "hablante": "Hablante B",
      "inicio": 49.81,
      "fin": 50.94,
      "duracion": 1.12,
      "texto": "Bien, perfecto.",
      "confianza": 0.773
    },
    {
      "hablante": "Hablante B",
      "inicio": 50.96,
      "fin": 52.7,
      "duracion": 1.74,
      "texto": "Bueno, en ese caso, sí, no hay ningún problema.",
      "confianza": 0.617
    },
    {
      "hablante": "Hablante B",
      "inicio": 52.72,
      "fin": 55.52,
      "duracion": 2.8,
      "texto": "Le comento a usted y cualquier cosa usted lo habla con ella.",
      "confianza": 0.648
    },
    {
      "hablante": "Hablante B",
      "inicio": 55.54,
      "fin": 55.82,
      "duracion": 0.28,
      "texto": "¿Bien?",
      "confianza": 0.533
    },
    {
      "hablante": "Hablante B",
      "inicio": 56.56,
      "fin": 57.78,
      "duracion": 1.22,
      "texto": "Correcto.",
      "confianza": 0.243
    },
    {
      "hablante": "Hablante B",
      "inicio": 57.8,
      "fin": 58.0,
      "duracion": 0.2,
      "texto": "Bien.",
      "confianza": 0.749
    },
    {
      "hablante": "Hablante B",
      "inicio": 58.65,
      "fin": 61.77,
      "duracion": 3.12,
      "texto": "Actualmente sí tenemos beneficio, como le había comentado, del 85% del descuento.",
      "confianza": 0.673
    },
    {
      "hablante": "Hablante B",
      "inicio": 61.91,
      "fin": 73.13,
      "duracion": 11.22,
      "texto": "Bien, con lo que es la portabilidad, hoy usted se encuentra en lo que es claro y puede obtener un 85% del descuento en el caso de que usted decidiera hacer el cambio, ¿bien?",
      "confianza": 0.532
    },
    {
      "hablante": "Hablante B",
      "inicio": 73.15,
      "fin": 76.61,
      "duracion": 3.47,
      "texto": "Actualmente sí contamos con distintos beneficios.",
      "confianza": 0.846
    },
    {
      "hablante": "Hablante B",
      "inicio": 76.69,
      "fin": 79.15,
      "duracion": 2.46,
      "texto": "Por ejemplo, 4 GB, 8 GB, 15 GB.",
      "confianza": 0.678
    },
    {
      "hablante": "Hablante B",
      "inicio": 79.21,
      "fin": 80.62,
      "duracion": 1.4,
      "texto": "Ahora, ¿en qué varía esto?",
      "confianza": 0.876
    },
    {
      "hablante": "Hablante B",
      "inicio": 80.64,
      "fin": 82.58,
      "duracion": 1.94,
      "texto": "¿En cómo usted utiliza la línea?",
      "confianza": 0.844
    },
    {
      "hablante": "Hablante B",
      "inicio": 82.6,
      "fin": 85.3,
      "duracion": 2.7,
      "texto": "¿Usted, por ejemplo, la utiliza para trabajar o...",
      "confianza": 0.737
    },
    {
      "hablante": "Hablante B",
      "inicio": 85.62,
      "fin": 88.62,
      "duracion": 3.0,
      "texto": "No es el salido en su casa.",
      "confianza": 0.25
    },
    {
      "hablante": "Hablante B",
      "inicio": 88.64,
      "fin": 88.78,
      "duracion": 0.14,
      "texto": "No, no.",
      "confianza": 0.098
    },
    {
      "hablante": "Hablante B",
      "inicio": 88.8,
      "fin": 89.81,
      "duracion": 1.0,
      "texto": "Particular.",
      "confianza": 0.861
    },
    {
      "hablante": "Hablante B",
      "inicio": 89.84,
      "fin": 90.33,
      "duracion": 0.48,
      "texto": "Particular.",
      "confianza": 0.934
    },
    {
      "hablante": "Hablante B",
      "inicio": 90.59,
      "fin": 90.81,
      "duracion": 0.22,
      "texto": "Bien.",
      "confianza": 0.701
    },
    {
      "hablante": "Hablante B",
      "inicio": 91.25,
      "fin": 94.41,
      "duracion": 3.16,
      "texto": "¿Usted no es el salido en su casa o lo utiliza para trabajar a la línea?",
      "confianza": 0.689
    },
    {
      "hablante": "Hablante B",
      "inicio": 94.43,
      "fin": 96.45,
      "duracion": 2.02,
      "texto": "¿Vos qué me estás ofreciendo?",
      "confianza": 0.357
    },
    {
      "hablante": "Hablante B",
      "inicio": 96.47,
      "fin": 98.59,
      "duracion": 2.12,
      "texto": "Porque todavía no sé qué me estás ofreciendo.",
      "confianza": 0.319
    },
    {
      "hablante": "Hablante B",
      "inicio": 98.61,
      "fin": 101.47,
      "duracion": 2.86,
      "texto": "Claro.",
      "confianza": 0.681
    },
    {
      "hablante": "Hablante B",
      "inicio": 101.5,
      "fin": 102.9,
      "duracion": 1.4,
      "texto": "Línea telefónica, internet.",
      "confianza": 0.093
    },
    {
      "hablante": "Hablante B",
      "inicio": 102.92,
      "fin": 105.16,
      "duracion": 2.24,
      "texto": "Claro, por la vida y líneas telefónicas, ¿sí?",
      "confianza": 0.253
    },
    {
      "hablante": "Hablante B",
      "inicio": 105.18,
      "fin": 111.14,
      "duracion": 5.97,
      "texto": "Por eso justamente le estoy preguntando para que... ¿De qué... ¿De qué compañía me estás ofreciendo?",
      "confianza": 0.394
    },
    {
      "hablante": "Hablante B",
      "inicio": 111.16,
      "fin": 112.91,
      "duracion": 1.74,
      "texto": "Movistar, como le había mencionado anteriormente.",
      "confianza": 0.75
    },
    {
      "hablante": "Hablante B",
      "inicio": 113.77,
      "fin": 114.47,
      "duracion": 0.7,
      "texto": "No, ahora sí.",
      "confianza": 0.497
    },
    {
      "hablante": "Hablante B",
      "inicio": 114.49,
      "fin": 115.41,
      "duracion": 0.92,
      "texto": "Ya estuvo en Movistar.",
      "confianza": 0.399
    },
    {
      "hablante": "Hablante B",
      "inicio": 115.86,
      "fin": 117.8,
      "duracion": 1.94,
      "texto": "No me recuerdo, pero hace 5 o 6 años.",
      "confianza": 0.434
    },
    {
      "hablante": "Hablante A",
      "inicio": 119.33,
      "fin": 122.91,
      "duracion": 3.58,
      "texto": "Ah, hace bastante.",
      "confianza": 0.488
    },
    {
      "hablante": "Hablante A",
      "inicio": 123.25,
      "fin": 124.39,
      "duracion": 1.14,
      "texto": "Hace bastante.",
      "confianza": 0.794
    },
    {
      "hablante": "Hablante A",
      "inicio": 124.41,
      "fin": 135.44,
      "duracion": 11.03,
      "texto": "Bien, como le había comentado, sí, Marcelo, lamento muchísimo por ahí la situación que ha decidido cambiarse hace bastantes años, pero justamente ahora lo que es modificar, muchos clientes de Claro están decidiendo volver a cambiarse.",
      "confianza": 0.648
    },
    {
      "hablante": "Hablante A",
      "inicio": 135.6,
      "fin": 137.37,
      "duracion": 1.76,
      "texto": "¿Por qué motivo?",
      "confianza": 0.666
    },
    {
      "hablante": "Hablante A",
      "inicio": 137.39,
      "fin": 139.13,
      "duracion": 1.74,
      "texto": "No, por ahora no, pero...",
      "confianza": 0.093
    },
    {
      "hablante": "Hablante A",
      "inicio": 139.15,
      "fin": 139.89,
      "duracion": 0.74,
      "texto": "Bien, perfecto.",
      "confianza": 0.699
    },
    {
      "hablante": "Hablante A",
      "inicio": 139.97,
      "fin": 140.71,
      "duracion": 0.74,
      "texto": "Bueno, hasta luego.",
      "confianza": 0.629
    },
    {
      "hablante": "Hablante A",
      "inicio": 141.71,
      "fin": 141.95,
      "duracion": 0.24,
      "texto": "Hasta luego.",
      "confianza": 0.084
    }
  ],
  "transcripcion_completa": "Hola. Hola, ¿qué tal? ¿Qué tal? ¿Qué tal? Mi nombre es Luciana, ¿me comunicó con Marcelo? ¿Quién habla? Mi nombre es Luciana, me comunicó justamente para brindarle un beneficio exclusivo para lo que es su línea del 85% de descuento. Sí, actualmente usted es cliente claro, ¿verdad? Sí. Bien, perfecto. ¿Puede ser que usted tenga bueno o hace recargas? No tengo bonos. Ah, bonos. Bien, perfecto. Y actualmente, ¿de cuántas yeras se le está recargando? No tengo ideas, la paga mi mujer. Ah, bien, perfecto. ¿Ella es la que maneja todo? Exactamente. Bien, perfecto. Bueno, ¿me puede brindar lo que es el marito de su mujer? ¿Cuál cosa me comunicó con ella? ¿Sí? ¿Para brindarle el beneficio? No. No te lo puedo brindar. Bien, perfecto. Bueno, en ese caso, sí, no hay ningún problema. Le comento a usted y cualquier cosa usted lo habla con ella. ¿Bien? Correcto. Bien. Actualmente sí tenemos beneficio, como le había comentado, del 85% del descuento. Bien, con lo que es la portabilidad, hoy usted se encuentra en lo que es claro y puede obtener un 85% del descuento en el caso de que usted decidiera hacer el cambio, ¿bien? Actualmente sí contamos con distintos beneficios. Por ejemplo, 4 GB, 8 GB, 15 GB. Ahora, ¿en qué varía esto? ¿En cómo usted utiliza la línea? ¿Usted, por ejemplo, la utiliza para trabajar o... No es el salido en su casa. No, no. Particular. Particular. Bien. ¿Usted no es el salido en su casa o lo utiliza para trabajar a la línea? ¿Vos qué me estás ofreciendo? Porque todavía no sé qué me estás ofreciendo. Claro. Línea telefónica, internet. Claro, por la vida y líneas telefónicas, ¿sí? Por eso justamente le estoy preguntando para que... ¿De qué... ¿De qué compañía me estás ofreciendo? Movistar, como le había mencionado anteriormente. No, ahora sí. Ya estuvo en Movistar. No me recuerdo, pero hace 5 o 6 años. Ah, hace bastante. Hace bastante. Bien, como le había comentado, sí, Marcelo, lamento muchísimo por ahí la situación que ha decidido cambiarse hace bastantes años, pero justamente ahora lo que es modificar, muchos clientes de Claro están decidiendo volver a cambiarse. ¿Por qué motivo? No, por ahora no, pero... Bien, perfecto. Bueno, hasta luego. Hasta luego.",
  "calidad": {
    "confianza_promedio": 0.485,
    "metodo_diarizacion": "pausas_fallback",
    "tiempo_procesamiento": 10.7
  },
  "metadata": {
    "modelo": "whisperx_medium",
    "diarizacion": "pausas",
    "dispositivo": "cuda",
    "fecha": "2026-02-18T23:09:52.557251",
    "version": "5.0_ecapa"
  }
}