{
  "archivo": "amza10_1_260212172917715_ACD_45279.wav",
  "duracion_segundos": 103.44,
  "num_segmentos": 30,
  "num_hablantes": 2,
  "hablantes": [
    "Hablante A",
    "Hablante B"
  ],
  "tiempo_por_hablante": {
    "Hablante B": 70.09,
    "Hablante A": 22.97
  },
  "idioma": "es",
  "conversacion": [
    {
      "hablante": "Hablante B",
      "inicio": 2.75,
      "fin": 3.63,
      "duracion": 0.88,
      "texto": "Hola.",
      "confianza": 0.192
    },
    {
      "hablante": "Hablante B",
      "inicio": 3.65,
      "fin": 4.65,
      "duracion": 1.0,
      "texto": "Hola, buenas tardes.",
      "confianza": 0.649
    },
    {
      "hablante": "Hablante B",
      "inicio": 4.67,
      "fin": 7.29,
      "duracion": 2.62,
      "texto": "¿Hablo con Eduardo?",
      "confianza": 0.627
    },
    {
      "hablante": "Hablante B",
      "inicio": 7.31,
      "fin": 7.65,
      "duracion": 0.34,
      "texto": "Sí, ¿quién habla?",
      "confianza": 0.009
    },
    {
      "hablante": "Hablante B",
      "inicio": 7.67,
      "fin": 8.77,
      "duracion": 1.1,
      "texto": "¿Qué tal, Eduardo?",
      "confianza": 0.539
    },
    {
      "hablante": "Hablante B",
      "inicio": 8.79,
      "fin": 9.65,
      "duracion": 0.86,
      "texto": "Mi nombre es Mayra.",
      "confianza": 0.69
    },
    {
      "hablante": "Hablante B",
      "inicio": 9.67,
      "fin": 15.08,
      "duracion": 5.41,
      "texto": "Me comunico el día de hoy para ofrecerte un beneficio para tu línea con un 80% de descuento.",
      "confianza": 0.782
    },
    {
      "hablante": "Hablante B",
      "inicio": 15.1,
      "fin": 17.68,
      "duracion": 2.58,
      "texto": "¿Cómo estás?",
      "confianza": 0.558
    },
    {
      "hablante": "Hablante B",
      "inicio": 17.7,
      "fin": 19.04,
      "duracion": 1.34,
      "texto": "¿Qué compañía sos?",
      "confianza": 0.667
    },
    {
      "hablante": "Hablante B",
      "inicio": 19.74,
      "fin": 20.3,
      "duracion": 0.56,
      "texto": "¿Cómo voy a estar?",
      "confianza": 0.262
    },
    {
      "hablante": "Hablante B",
      "inicio": 20.32,
      "fin": 25.07,
      "duracion": 4.75,
      "texto": "Un gusto.",
      "confianza": 0.862
    },
    {
      "hablante": "Hablante B",
      "inicio": 25.09,
      "fin": 25.29,
      "duracion": 0.2,
      "texto": "Un gusto.",
      "confianza": 0.104
    },
    {
      "hablante": "Hablante B",
      "inicio": 25.33,
      "fin": 30.37,
      "duracion": 5.04,
      "texto": "Mirá, ya le dije a otra chica que estoy conforme con la línea que tengo, con la compañía que estoy.",
      "confianza": 0.382
    },
    {
      "hablante": "Hablante B",
      "inicio": 30.39,
      "fin": 30.61,
      "duracion": 0.22,
      "texto": "¿Vale?",
      "confianza": 0.198
    },
    {
      "hablante": "Hablante B",
      "inicio": 30.65,
      "fin": 31.31,
      "duracion": 0.66,
      "texto": "Bien, perfecto.",
      "confianza": 0.86
    },
    {
      "hablante": "Hablante B",
      "inicio": 31.39,
      "fin": 32.43,
      "duracion": 1.04,
      "texto": "Muchísimas gracias.",
      "confianza": 0.901
    },
    {
      "hablante": "Hablante B",
      "inicio": 32.77,
      "fin": 36.77,
      "duracion": 4.01,
      "texto": "De igual manera, ¿vos estás cargando muchas gigas?",
      "confianza": 0.436
    },
    {
      "hablante": "Hablante A",
      "inicio": 39.0,
      "fin": 41.4,
      "duracion": 2.4,
      "texto": "Yo uso más o menos 18, creo que me dan.",
      "confianza": 0.558
    },
    {
      "hablante": "Hablante A",
      "inicio": 41.44,
      "fin": 49.71,
      "duracion": 8.27,
      "texto": "Llego 28 gigas, pero 20 mil pesos, más internet en mi casa, un montón de beneficios tengo.",
      "confianza": 0.621
    },
    {
      "hablante": "Hablante A",
      "inicio": 49.95,
      "fin": 52.26,
      "duracion": 2.3,
      "texto": "Por eso te digo que estoy conforme.",
      "confianza": 0.408
    },
    {
      "hablante": "Hablante A",
      "inicio": 52.27,
      "fin": 53.08,
      "duracion": 0.8,
      "texto": "Bien, perfecto.",
      "confianza": 0.845
    },
    {
      "hablante": "Hablante A",
      "inicio": 53.36,
      "fin": 58.28,
      "duracion": 4.93,
      "texto": "¿Internet, más su portabilidad, 20 mil?",
      "confianza": 0.643
    },
    {
      "hablante": "Hablante A",
      "inicio": 58.3,
      "fin": 61.57,
      "duracion": 3.27,
      "texto": "Claro, y también Amazon.",
      "confianza": 0.761
    },
    {
      "hablante": "Hablante A",
      "inicio": 61.59,
      "fin": 62.59,
      "duracion": 1.0,
      "texto": "Todo incluido.",
      "confianza": 0.553
    },
    {
      "hablante": "Hablante B",
      "inicio": 64.31,
      "fin": 81.14,
      "duracion": 16.83,
      "texto": "Bien, nosotros actualmente estamos contando con un plan de 18 libras también, 8 digas que son de tu abono, más 10 digas del regalo, que contamos con WhatsApp gratis, llamadas y limitadas a cualquier compañera, América al precio local y Ramen en América.",
      "confianza": 0.767
    },
    {
      "hablante": "Hablante B",
      "inicio": 81.6,
      "fin": 89.25,
      "duracion": 7.65,
      "texto": "Tenemos un descuento por 6 meses del 80% del descuento que te queda por un precio final de 10.720 pesos, ¿sí?",
      "confianza": 0.693
    },
    {
      "hablante": "Hablante B",
      "inicio": 90.38,
      "fin": 96.86,
      "duracion": 6.48,
      "texto": "Sí, bueno, apenas llamarme Maracana, claro, me paso a moita, ¿vale?",
      "confianza": 0.483
    },
    {
      "hablante": "Hablante B",
      "inicio": 96.88,
      "fin": 97.7,
      "duracion": 0.82,
      "texto": "Listo, muchísimas gracias.",
      "confianza": 0.44
    },
    {
      "hablante": "Hablante B",
      "inicio": 97.72,
      "fin": 102.88,
      "duracion": 5.16,
      "texto": "Igual me se te dejo una entrevista por WhatsApp, ¿sí?",
      "confianza": 0.305
    },
    {
      "hablante": "Hablante B",
      "inicio": 102.9,
      "fin": 103.44,
      "duracion": 0.54,
      "texto": "Gracias, bien.",
      "confianza": 0.266
    }
  ],
  "transcripcion_completa": "Hola. Hola, buenas tardes. ¿Hablo con Eduardo? Sí, ¿quién habla? ¿Qué tal, Eduardo? Mi nombre es Mayra. Me comunico el día de hoy para ofrecerte un beneficio para tu línea con un 80% de descuento. ¿Cómo estás? ¿Qué compañía sos? ¿Cómo voy a estar? Un gusto. Un gusto. Mirá, ya le dije a otra chica que estoy conforme con la línea que tengo, con la compañía que estoy. ¿Vale? Bien, perfecto. Muchísimas gracias. De igual manera, ¿vos estás cargando muchas gigas? Yo uso más o menos 18, creo que me dan. Llego 28 gigas, pero 20 mil pesos, más internet en mi casa, un montón de beneficios tengo. Por eso te digo que estoy conforme. Bien, perfecto. ¿Internet, más su portabilidad, 20 mil? Claro, y también Amazon. Todo incluido. Bien, nosotros actualmente estamos contando con un plan de 18 libras también, 8 digas que son de tu abono, más 10 digas del regalo, que contamos con WhatsApp gratis, llamadas y limitadas a cualquier compañera, América al precio local y Ramen en América. Tenemos un descuento por 6 meses del 80% del descuento que te queda por un precio final de 10.720 pesos, ¿sí? Sí, bueno, apenas llamarme Maracana, claro, me paso a moita, ¿vale? Listo, muchísimas gracias. Igual me se te dejo una entrevista por WhatsApp, ¿sí? Gracias, bien.",
  "calidad": {
    "confianza_promedio": 0.535,
    "metodo_diarizacion": "pausas_fallback",
    "tiempo_procesamiento": 8.6
  },
  "metadata": {
    "modelo": "whisperx_medium",
    "diarizacion": "pausas",
    "dispositivo": "cuda",
    "fecha": "2026-02-18T22:45:18.492105",
    "version": "5.0_ecapa"
  }
}