{
  "archivo": "amza13_1_260219103024706_ACD_63877.wav",
  "duracion_segundos": 75.19,
  "num_segmentos": 22,
  "num_hablantes": 2,
  "hablantes": [
    "Hablante A",
    "Hablante B"
  ],
  "tiempo_por_hablante": {
    "Hablante A": 61.51,
    "Hablante B": 2.88
  },
  "idioma": "es",
  "conversacion": [
    {
      "hablante": "Hablante A",
      "inicio": 1.48,
      "fin": 4.25,
      "duracion": 2.76,
      "texto": "Hola, ¿buen día?",
      "confianza": 0.172
    },
    {
      "hablante": "Hablante A",
      "inicio": 4.27,
      "fin": 4.53,
      "duracion": 0.26,
      "texto": "Sí, buen día.",
      "confianza": 0.037
    },
    {
      "hablante": "Hablante A",
      "inicio": 4.55,
      "fin": 9.69,
      "duracion": 5.15,
      "texto": "¿Hablo con la ciudad de Madgalena?",
      "confianza": 0.486
    },
    {
      "hablante": "Hablante A",
      "inicio": 9.71,
      "fin": 10.39,
      "duracion": 0.68,
      "texto": "¿Quién estaría llamando?",
      "confianza": 0.129
    },
    {
      "hablante": "Hablante A",
      "inicio": 10.41,
      "fin": 12.62,
      "duracion": 2.2,
      "texto": "No estamos comunicando en la área de beneficios de Movistar.",
      "confianza": 0.499
    },
    {
      "hablante": "Hablante A",
      "inicio": 13.8,
      "fin": 18.86,
      "duracion": 5.07,
      "texto": "Tenemos para revelar lo que es un plan de 18 gigabytes a un valor de 10,730 pesos.",
      "confianza": 0.662
    },
    {
      "hablante": "Hablante A",
      "inicio": 18.92,
      "fin": 27.03,
      "duracion": 8.11,
      "texto": "Es un descuento exclusivo para los clientes de Claro.",
      "confianza": 0.708
    },
    {
      "hablante": "Hablante A",
      "inicio": 27.14,
      "fin": 28.3,
      "duracion": 1.16,
      "texto": "Sí, no, te agradezco.",
      "confianza": 0.151
    },
    {
      "hablante": "Hablante A",
      "inicio": 28.32,
      "fin": 29.18,
      "duracion": 0.86,
      "texto": "Te agradezco que se me estuvieron llamando.",
      "confianza": 0.037
    },
    {
      "hablante": "Hablante A",
      "inicio": 29.2,
      "fin": 30.68,
      "duracion": 1.48,
      "texto": "Claro, ¿por qué motivo no le interesa?",
      "confianza": 0.635
    },
    {
      "hablante": "Hablante A",
      "inicio": 31.7,
      "fin": 38.2,
      "duracion": 6.49,
      "texto": "No, necesariamente no tengo ninguna respuesta para darte a esa pregunta.",
      "confianza": 0.699
    },
    {
      "hablante": "Hablante A",
      "inicio": 38.8,
      "fin": 45.89,
      "duracion": 7.09,
      "texto": "Necesariamente, bueno, yo ya, este, anteriormente me estuvieron llamando y, bueno, no me interesa por el momento.",
      "confianza": 0.577
    },
    {
      "hablante": "Hablante A",
      "inicio": 46.03,
      "fin": 57.78,
      "duracion": 11.76,
      "texto": "Claro, para que tenga presente usted, usted me entendría el mismo número y en ningún momento se quedaría incomunicada y podría aprovechar esta promoción que es exclusiva, ¿sí?",
      "confianza": 0.745
    },
    {
      "hablante": "Hablante A",
      "inicio": 57.8,
      "fin": 61.09,
      "duracion": 3.29,
      "texto": "Sí, sí, te entiendo, te entiendo, pero no por el momento, mujer.",
      "confianza": 0.315
    },
    {
      "hablante": "Hablante A",
      "inicio": 61.54,
      "fin": 62.6,
      "duracion": 1.06,
      "texto": "La una consulta.",
      "confianza": 0.679
    },
    {
      "hablante": "Hablante A",
      "inicio": 62.62,
      "fin": 65.97,
      "duracion": 3.35,
      "texto": "¿Le parece que le deje la promoviación a WhatsApp por si en un futuro le lleguen de resal?",
      "confianza": 0.604
    },
    {
      "hablante": "Hablante A",
      "inicio": 65.99,
      "fin": 66.73,
      "duracion": 0.74,
      "texto": "¿Y usted me avisa?",
      "confianza": 0.654
    },
    {
      "hablante": "Hablante B",
      "inicio": 71.06,
      "fin": 72.03,
      "duracion": 0.96,
      "texto": "Sí, sí, como quiera.",
      "confianza": 0.138
    },
    {
      "hablante": "Hablante B",
      "inicio": 72.05,
      "fin": 72.37,
      "duracion": 0.32,
      "texto": "Bueno, perfecto.",
      "confianza": 0.024
    },
    {
      "hablante": "Hablante B",
      "inicio": 72.39,
      "fin": 73.15,
      "duracion": 0.76,
      "texto": "Ha sido un gusto.",
      "confianza": 0.386
    },
    {
      "hablante": "Hablante B",
      "inicio": 73.17,
      "fin": 73.45,
      "duracion": 0.28,
      "texto": "Hasta luego.",
      "confianza": 0.18
    },
    {
      "hablante": "Hablante B",
      "inicio": 74.63,
      "fin": 75.19,
      "duracion": 0.56,
      "texto": "Hasta luego.",
      "confianza": 0.34
    }
  ],
  "transcripcion_completa": "Hola, ¿buen día? Sí, buen día. ¿Hablo con la ciudad de Madgalena? ¿Quién estaría llamando? No estamos comunicando en la área de beneficios de Movistar. Tenemos para revelar lo que es un plan de 18 gigabytes a un valor de 10,730 pesos. Es un descuento exclusivo para los clientes de Claro. Sí, no, te agradezco. Te agradezco que se me estuvieron llamando. Claro, ¿por qué motivo no le interesa? No, necesariamente no tengo ninguna respuesta para darte a esa pregunta. Necesariamente, bueno, yo ya, este, anteriormente me estuvieron llamando y, bueno, no me interesa por el momento. Claro, para que tenga presente usted, usted me entendría el mismo número y en ningún momento se quedaría incomunicada y podría aprovechar esta promoción que es exclusiva, ¿sí? Sí, sí, te entiendo, te entiendo, pero no por el momento, mujer. La una consulta. ¿Le parece que le deje la promoviación a WhatsApp por si en un futuro le lleguen de resal? ¿Y usted me avisa? Sí, sí, como quiera. Bueno, perfecto. Ha sido un gusto. Hasta luego. Hasta luego.",
  "calidad": {
    "confianza_promedio": 0.403,
    "metodo_diarizacion": "pausas_fallback",
    "tiempo_procesamiento": 7.6
  },
  "metadata": {
    "modelo": "whisperx_medium",
    "diarizacion": "pausas",
    "dispositivo": "cuda",
    "fecha": "2026-02-21T13:35:41.524966",
    "version": "5.0_ecapa"
  }
}