{
  "archivo": "amza16_1_260213120502609_ACD_01485.wav",
  "duracion_segundos": 135.0,
  "num_segmentos": 48,
  "num_hablantes": 2,
  "hablantes": [
    "Hablante A",
    "Hablante B"
  ],
  "tiempo_por_hablante": {
    "Hablante A": 46.84,
    "Hablante B": 71.38
  },
  "idioma": "es",
  "conversacion": [
    {
      "hablante": "Hablante A",
      "inicio": 1.16,
      "fin": 1.34,
      "duracion": 0.18,
      "texto": "Hola.",
      "confianza": 0.34
    },
    {
      "hablante": "Hablante A",
      "inicio": 1.36,
      "fin": 8.33,
      "duracion": 6.97,
      "texto": "Buenos días, estoy hablando con Adriana o alguna de sus líneas.",
      "confianza": 0.362
    },
    {
      "hablante": "Hablante A",
      "inicio": 8.35,
      "fin": 9.39,
      "duracion": 1.04,
      "texto": "Estaba hablando con el marido.",
      "confianza": 0.498
    },
    {
      "hablante": "Hablante A",
      "inicio": 10.07,
      "fin": 10.57,
      "duracion": 0.5,
      "texto": "¿Cómo le va?",
      "confianza": 0.641
    },
    {
      "hablante": "Hablante A",
      "inicio": 10.59,
      "fin": 11.52,
      "duracion": 0.92,
      "texto": "Mi nombre es Delfina.",
      "confianza": 0.713
    },
    {
      "hablante": "Hablante A",
      "inicio": 11.71,
      "fin": 14.44,
      "duracion": 2.72,
      "texto": "Yo me estoy comunicando desde el área de beneficios de Movistar.",
      "confianza": 0.613
    },
    {
      "hablante": "Hablante A",
      "inicio": 15.08,
      "fin": 17.4,
      "duracion": 2.32,
      "texto": "Me figura que ustedes actualmente se encuentran en claro.",
      "confianza": 0.787
    },
    {
      "hablante": "Hablante A",
      "inicio": 17.42,
      "fin": 18.12,
      "duracion": 0.7,
      "texto": "¿Esto es correcto?",
      "confianza": 0.531
    },
    {
      "hablante": "Hablante B",
      "inicio": 19.8,
      "fin": 21.35,
      "duracion": 1.54,
      "texto": "Estamos en claro, sí.",
      "confianza": 0.842
    },
    {
      "hablante": "Hablante B",
      "inicio": 21.37,
      "fin": 21.63,
      "duracion": 0.26,
      "texto": "Bien.",
      "confianza": 0.463
    },
    {
      "hablante": "Hablante B",
      "inicio": 21.65,
      "fin": 24.45,
      "duracion": 2.8,
      "texto": "¿Y cuánto están abonando por las líneas a día de hoy?",
      "confianza": 0.684
    },
    {
      "hablante": "Hablante A",
      "inicio": 26.69,
      "fin": 27.39,
      "duracion": 0.7,
      "texto": "No me acuerdo.",
      "confianza": 0.435
    },
    {
      "hablante": "Hablante A",
      "inicio": 27.48,
      "fin": 29.82,
      "duracion": 2.34,
      "texto": "Creo que 13 mil pesos cada línea.",
      "confianza": 0.736
    },
    {
      "hablante": "Hablante A",
      "inicio": 30.14,
      "fin": 31.16,
      "duracion": 1.02,
      "texto": "Ah, bien, bastante.",
      "confianza": 0.792
    },
    {
      "hablante": "Hablante A",
      "inicio": 31.24,
      "fin": 38.53,
      "duracion": 7.29,
      "texto": "Igual, ¿tienen muchos gigas o ocupan poquitos?",
      "confianza": 0.382
    },
    {
      "hablante": "Hablante A",
      "inicio": 38.55,
      "fin": 39.57,
      "duracion": 1.02,
      "texto": "No, no, tenemos bastante.",
      "confianza": 0.135
    },
    {
      "hablante": "Hablante A",
      "inicio": 39.59,
      "fin": 40.59,
      "duracion": 1.0,
      "texto": "Bueno, mira, te comento.",
      "confianza": 0.721
    },
    {
      "hablante": "Hablante A",
      "inicio": 40.61,
      "fin": 49.36,
      "duracion": 8.75,
      "texto": "Tengo un plan en el que tendrían cuatro gigas de base, si cada uno más diez de regalo, un total de 14, y les damos cuatro gigas más por el grupo familiar.",
      "confianza": 0.818
    },
    {
      "hablante": "Hablante A",
      "inicio": 49.44,
      "fin": 58.81,
      "duracion": 9.37,
      "texto": "Si al pasar más de una línea bajo la misma titularidad con WhatsApp gratis, ya me das libres a todas las compañías por 7.790 pesos al día de hoy, ¿sí?",
      "confianza": 0.719
    },
    {
      "hablante": "Hablante B",
      "inicio": 61.2,
      "fin": 68.23,
      "duracion": 7.03,
      "texto": "Sí, lo que pasa es que no sé por qué teníamos movistar nosotros, no sé por qué mi señora se pasó al claro.",
      "confianza": 0.67
    },
    {
      "hablante": "Hablante B",
      "inicio": 69.43,
      "fin": 78.36,
      "duracion": 8.93,
      "texto": "Como ella es la que paga todas las líneas, yo le doy la plata pero ella encarga de pagar todas las líneas.",
      "confianza": 0.677
    },
    {
      "hablante": "Hablante B",
      "inicio": 78.39,
      "fin": 80.03,
      "duracion": 1.64,
      "texto": "Bien, o sea que usted no toma decisiones.",
      "confianza": 0.06
    },
    {
      "hablante": "Hablante B",
      "inicio": 80.05,
      "fin": 83.87,
      "duracion": 3.83,
      "texto": "No, no, yo en las líneas no, yo agarro el teléfono, hablo y nada más.",
      "confianza": 0.446
    },
    {
      "hablante": "Hablante B",
      "inicio": 83.89,
      "fin": 86.78,
      "duracion": 2.88,
      "texto": "Así que tendría que llamarla a ella.",
      "confianza": 0.388
    },
    {
      "hablante": "Hablante B",
      "inicio": 86.8,
      "fin": 90.18,
      "duracion": 3.38,
      "texto": "Bien, ¿puede ser que el número de ella termine en 4728?",
      "confianza": 0.243
    },
    {
      "hablante": "Hablante B",
      "inicio": 90.78,
      "fin": 92.41,
      "duracion": 1.62,
      "texto": "Sí, ese 4728.",
      "confianza": 0.541
    },
    {
      "hablante": "Hablante B",
      "inicio": 92.45,
      "fin": 93.49,
      "duracion": 1.04,
      "texto": "2515-4728.",
      "confianza": 0.737
    },
    {
      "hablante": "Hablante B",
      "inicio": 93.51,
      "fin": 96.61,
      "duracion": 3.1,
      "texto": "Perfecto.",
      "confianza": 0.621
    },
    {
      "hablante": "Hablante B",
      "inicio": 96.64,
      "fin": 101.2,
      "duracion": 4.57,
      "texto": "¿Ustedes solo tienen los servicios de las líneas?",
      "confianza": 0.761
    },
    {
      "hablante": "Hablante B",
      "inicio": 101.22,
      "fin": 102.56,
      "duracion": 1.34,
      "texto": "¿Qué más tienen?",
      "confianza": 0.149
    },
    {
      "hablante": "Hablante B",
      "inicio": 102.58,
      "fin": 107.13,
      "duracion": 4.55,
      "texto": "No, no, tenemos el servicio de las líneas nomás.",
      "confianza": 0.386
    },
    {
      "hablante": "Hablante B",
      "inicio": 107.15,
      "fin": 107.59,
      "duracion": 0.44,
      "texto": "Ajá, ¿y son dos o más?",
      "confianza": 0.01
    },
    {
      "hablante": "Hablante B",
      "inicio": 107.61,
      "fin": 108.8,
      "duracion": 1.18,
      "texto": "No, creo que somos tres.",
      "confianza": 0.811
    },
    {
      "hablante": "Hablante B",
      "inicio": 109.18,
      "fin": 110.82,
      "duracion": 1.64,
      "texto": "Tres o cuatro, algo así.",
      "confianza": 0.631
    },
    {
      "hablante": "Hablante B",
      "inicio": 110.84,
      "fin": 111.28,
      "duracion": 0.44,
      "texto": "Perfecto.",
      "confianza": 0.742
    },
    {
      "hablante": "Hablante B",
      "inicio": 111.46,
      "fin": 113.12,
      "duracion": 1.66,
      "texto": "Bueno, dice, entonces ahora le llamo a ella.",
      "confianza": 0.515
    },
    {
      "hablante": "Hablante B",
      "inicio": 113.16,
      "fin": 116.17,
      "duracion": 3.01,
      "texto": "Si vos le puedes avisar que la voy a llamar, buenísimo, así me entiendes.",
      "confianza": 0.444
    },
    {
      "hablante": "Hablante B",
      "inicio": 116.86,
      "fin": 122.11,
      "duracion": 5.25,
      "texto": "Bueno, pasa que ahora está laburando, no sé si te va a atender, y a mí me quiso atender.",
      "confianza": 0.576
    },
    {
      "hablante": "Hablante B",
      "inicio": 122.13,
      "fin": 124.56,
      "duracion": 2.43,
      "texto": "Está laburando, está haciendo cosas y no te va a atender.",
      "confianza": 0.507
    },
    {
      "hablante": "Hablante B",
      "inicio": 125.38,
      "fin": 126.78,
      "duracion": 1.4,
      "texto": "Bueno, entonces le mando un mensajito.",
      "confianza": 0.445
    },
    {
      "hablante": "Hablante B",
      "inicio": 126.8,
      "fin": 128.22,
      "duracion": 1.42,
      "texto": "A las 12 y media sale.",
      "confianza": 0.62
    },
    {
      "hablante": "Hablante B",
      "inicio": 129.19,
      "fin": 129.39,
      "duracion": 0.2,
      "texto": "Ah, ok.",
      "confianza": 0.496
    },
    {
      "hablante": "Hablante B",
      "inicio": 129.63,
      "fin": 129.97,
      "duracion": 0.34,
      "texto": "Perfecto.",
      "confianza": 0.698
    },
    {
      "hablante": "Hablante B",
      "inicio": 129.99,
      "fin": 131.83,
      "duracion": 1.84,
      "texto": "Entonces directamente me comunico con ellos.",
      "confianza": 0.564
    },
    {
      "hablante": "Hablante B",
      "inicio": 133.32,
      "fin": 133.44,
      "duracion": 0.12,
      "texto": "Listo.",
      "confianza": 0.012
    },
    {
      "hablante": "Hablante B",
      "inicio": 133.46,
      "fin": 133.62,
      "duracion": 0.16,
      "texto": "Gracias.",
      "confianza": 0.086
    },
    {
      "hablante": "Hablante B",
      "inicio": 133.64,
      "fin": 134.6,
      "duracion": 0.96,
      "texto": "Muchísimas gracias.",
      "confianza": 0.308
    },
    {
      "hablante": "Hablante B",
      "inicio": 134.62,
      "fin": 135.0,
      "duracion": 0.38,
      "texto": "Hasta luego.",
      "confianza": 0.214
    }
  ],
  "transcripcion_completa": "Hola. Buenos días, estoy hablando con Adriana o alguna de sus líneas. Estaba hablando con el marido. ¿Cómo le va? Mi nombre es Delfina. Yo me estoy comunicando desde el área de beneficios de Movistar. Me figura que ustedes actualmente se encuentran en claro. ¿Esto es correcto? Estamos en claro, sí. Bien. ¿Y cuánto están abonando por las líneas a día de hoy? No me acuerdo. Creo que 13 mil pesos cada línea. Ah, bien, bastante. Igual, ¿tienen muchos gigas o ocupan poquitos? No, no, tenemos bastante. Bueno, mira, te comento. Tengo un plan en el que tendrían cuatro gigas de base, si cada uno más diez de regalo, un total de 14, y les damos cuatro gigas más por el grupo familiar. Si al pasar más de una línea bajo la misma titularidad con WhatsApp gratis, ya me das libres a todas las compañías por 7.790 pesos al día de hoy, ¿sí? Sí, lo que pasa es que no sé por qué teníamos movistar nosotros, no sé por qué mi señora se pasó al claro. Como ella es la que paga todas las líneas, yo le doy la plata pero ella encarga de pagar todas las líneas. Bien, o sea que usted no toma decisiones. No, no, yo en las líneas no, yo agarro el teléfono, hablo y nada más. Así que tendría que llamarla a ella. Bien, ¿puede ser que el número de ella termine en 4728? Sí, ese 4728. 2515-4728. Perfecto. ¿Ustedes solo tienen los servicios de las líneas? ¿Qué más tienen? No, no, tenemos el servicio de las líneas nomás. Ajá, ¿y son dos o más? No, creo que somos tres. Tres o cuatro, algo así. Perfecto. Bueno, dice, entonces ahora le llamo a ella. Si vos le puedes avisar que la voy a llamar, buenísimo, así me entiendes. Bueno, pasa que ahora está laburando, no sé si te va a atender, y a mí me quiso atender. Está laburando, está haciendo cosas y no te va a atender. Bueno, entonces le mando un mensajito. A las 12 y media sale. Ah, ok. Perfecto. Entonces directamente me comunico con ellos. Listo. Gracias. Muchísimas gracias. Hasta luego.",
  "calidad": {
    "confianza_promedio": 0.512,
    "metodo_diarizacion": "pausas_fallback",
    "tiempo_procesamiento": 9.5
  },
  "metadata": {
    "modelo": "whisperx_medium",
    "diarizacion": "pausas",
    "dispositivo": "cuda",
    "fecha": "2026-02-18T23:57:18.693939",
    "version": "5.0_ecapa"
  }
}