{
  "archivo": "amza10_1_260219141755367_ACD_53675.wav",
  "duracion_segundos": 60.01,
  "num_segmentos": 17,
  "num_hablantes": 2,
  "hablantes": [
    "Hablante A",
    "Hablante B"
  ],
  "tiempo_por_hablante": {
    "Hablante A": 16.23,
    "Hablante B": 24.4
  },
  "idioma": "es",
  "conversacion": [
    {
      "hablante": "Hablante A",
      "inicio": 0.62,
      "fin": 3.83,
      "duracion": 3.2,
      "texto": "Hola, buenas tardes con Carlos.",
      "confianza": 0.562
    },
    {
      "hablante": "Hablante B",
      "inicio": 8.91,
      "fin": 9.35,
      "duracion": 0.44,
      "texto": "No, pero ¿Quién habla?",
      "confianza": 0.008
    },
    {
      "hablante": "Hablante B",
      "inicio": 9.37,
      "fin": 17.38,
      "duracion": 8.01,
      "texto": "Quería contactarme con el titular, Lourdes, que habla a este lado, pero no sé si... ¿Usted toma alguna decisión por las niñas?",
      "confianza": 0.67
    },
    {
      "hablante": "Hablante B",
      "inicio": 17.4,
      "fin": 17.64,
      "duracion": 0.24,
      "texto": "¿Cómo?",
      "confianza": 0.651
    },
    {
      "hablante": "Hablante B",
      "inicio": 18.41,
      "fin": 20.43,
      "duracion": 2.02,
      "texto": "¿Usted toma alguna decisión por las niñas móviles?",
      "confianza": 0.81
    },
    {
      "hablante": "Hablante B",
      "inicio": 20.45,
      "fin": 26.57,
      "duracion": 6.13,
      "texto": "¿Precisión en qué sentido?",
      "confianza": 0.462
    },
    {
      "hablante": "Hablante B",
      "inicio": 26.59,
      "fin": 27.02,
      "duracion": 0.42,
      "texto": "¿Para qué lo buscaba?",
      "confianza": 0.007
    },
    {
      "hablante": "Hablante B",
      "inicio": 27.04,
      "fin": 28.1,
      "duracion": 1.06,
      "texto": "Por eso, el titular.",
      "confianza": 0.646
    },
    {
      "hablante": "Hablante B",
      "inicio": 29.33,
      "fin": 31.37,
      "duracion": 2.04,
      "texto": "¿Para qué lo necesitaba, para qué?",
      "confianza": 0.323
    },
    {
      "hablante": "Hablante B",
      "inicio": 31.39,
      "fin": 33.39,
      "duracion": 2.0,
      "texto": "Ah, para brindarle una bonificación del 80%.",
      "confianza": 0.557
    },
    {
      "hablante": "Hablante A",
      "inicio": 40.8,
      "fin": 41.62,
      "duracion": 0.82,
      "texto": "Ah, no, no, no.",
      "confianza": 0.352
    },
    {
      "hablante": "Hablante A",
      "inicio": 41.64,
      "fin": 46.14,
      "duracion": 4.5,
      "texto": "Sí, yo te diría, a mí no me interesa, pero yo le pregunto a él y cualquier cosa que se comunique con ustedes.",
      "confianza": 0.726
    },
    {
      "hablante": "Hablante B",
      "inicio": 47.64,
      "fin": 49.69,
      "duracion": 2.04,
      "texto": "Claro, ¿en qué hora a mí me puedo contactar que se encuentre él?",
      "confianza": 0.346
    },
    {
      "hablante": "Hablante A",
      "inicio": 51.41,
      "fin": 56.49,
      "duracion": 5.09,
      "texto": "Y llamarlo en tres horas más o menos.",
      "confianza": 0.489
    },
    {
      "hablante": "Hablante A",
      "inicio": 56.51,
      "fin": 58.37,
      "duracion": 1.86,
      "texto": "Listo, muchas gracias.",
      "confianza": 0.39
    },
    {
      "hablante": "Hablante A",
      "inicio": 58.39,
      "fin": 58.79,
      "duracion": 0.4,
      "texto": "Adiós.",
      "confianza": 0.416
    },
    {
      "hablante": "Hablante A",
      "inicio": 59.65,
      "fin": 60.01,
      "duracion": 0.36,
      "texto": "¿Sí?",
      "confianza": 0.446
    }
  ],
  "transcripcion_completa": "Hola, buenas tardes con Carlos. No, pero ¿Quién habla? Quería contactarme con el titular, Lourdes, que habla a este lado, pero no sé si... ¿Usted toma alguna decisión por las niñas? ¿Cómo? ¿Usted toma alguna decisión por las niñas móviles? ¿Precisión en qué sentido? ¿Para qué lo buscaba? Por eso, el titular. ¿Para qué lo necesitaba, para qué? Ah, para brindarle una bonificación del 80%. Ah, no, no, no. Sí, yo te diría, a mí no me interesa, pero yo le pregunto a él y cualquier cosa que se comunique con ustedes. Claro, ¿en qué hora a mí me puedo contactar que se encuentre él? Y llamarlo en tres horas más o menos. Listo, muchas gracias. Adiós. ¿Sí?",
  "calidad": {
    "confianza_promedio": 0.462,
    "metodo_diarizacion": "pausas_fallback",
    "tiempo_procesamiento": 6.9
  },
  "metadata": {
    "modelo": "whisperx_medium",
    "diarizacion": "pausas",
    "dispositivo": "cuda",
    "fecha": "2026-02-21T13:29:34.995166",
    "version": "5.0_ecapa"
  }
}