{
  "archivo": "amza10_1_260213141748944_ACD_71367.wav",
  "duracion_segundos": 88.39,
  "num_segmentos": 27,
  "num_hablantes": 2,
  "hablantes": [
    "Hablante A",
    "Hablante B"
  ],
  "tiempo_por_hablante": {
    "Hablante A": 56.25,
    "Hablante B": 20.41
  },
  "idioma": "es",
  "conversacion": [
    {
      "hablante": "Hablante A",
      "inicio": 1.11,
      "fin": 3.41,
      "duracion": 2.3,
      "texto": "Hola, sí, buen día.",
      "confianza": 0.495
    },
    {
      "hablante": "Hablante B",
      "inicio": 5.02,
      "fin": 5.08,
      "duracion": 0.06,
      "texto": "Sí.",
      "confianza": 0.052
    },
    {
      "hablante": "Hablante B",
      "inicio": 5.1,
      "fin": 5.92,
      "duracion": 0.82,
      "texto": "¿Cómo le va Lourdes?",
      "confianza": 0.58
    },
    {
      "hablante": "Hablante B",
      "inicio": 5.94,
      "fin": 8.64,
      "duracion": 2.7,
      "texto": "Le hablé, te habló con Sergio.",
      "confianza": 0.596
    },
    {
      "hablante": "Hablante B",
      "inicio": 8.66,
      "fin": 10.7,
      "duracion": 2.04,
      "texto": "Venga, dame que esto lo he movilizado.",
      "confianza": 0.352
    },
    {
      "hablante": "Hablante B",
      "inicio": 11.12,
      "fin": 12.83,
      "duracion": 1.7,
      "texto": "Sí, lo te vino.",
      "confianza": 0.343
    },
    {
      "hablante": "Hablante B",
      "inicio": 12.85,
      "fin": 13.87,
      "duracion": 1.02,
      "texto": "A ver quién corté con uno.",
      "confianza": 0.328
    },
    {
      "hablante": "Hablante B",
      "inicio": 14.61,
      "fin": 15.77,
      "duracion": 1.16,
      "texto": "¿Cómo?",
      "confianza": 0.368
    },
    {
      "hablante": "Hablante B",
      "inicio": 15.79,
      "fin": 17.83,
      "duracion": 2.04,
      "texto": "A ver quién corté con uno.",
      "confianza": 0.486
    },
    {
      "hablante": "Hablante B",
      "inicio": 17.85,
      "fin": 18.8,
      "duracion": 0.94,
      "texto": "Ah, bien, ¿qué te comentó?",
      "confianza": 0.359
    },
    {
      "hablante": "Hablante B",
      "inicio": 18.82,
      "fin": 20.88,
      "duracion": 2.06,
      "texto": "¿Qué te comentaron?",
      "confianza": 0.626
    },
    {
      "hablante": "Hablante B",
      "inicio": 20.9,
      "fin": 22.94,
      "duracion": 2.04,
      "texto": "Amigo, lo mismo que me vas a comentar vos ahora.",
      "confianza": 0.474
    },
    {
      "hablante": "Hablante A",
      "inicio": 24.46,
      "fin": 25.14,
      "duracion": 0.68,
      "texto": "¿Qué he comentado?",
      "confianza": 0.513
    },
    {
      "hablante": "Hablante B",
      "inicio": 26.81,
      "fin": 30.64,
      "duracion": 3.83,
      "texto": "La promoción, de la promoción, de las promociones, de la promoción.",
      "confianza": 0.855
    },
    {
      "hablante": "Hablante A",
      "inicio": 32.98,
      "fin": 34.86,
      "duracion": 1.88,
      "texto": "¿Qué promoción te brindaron de consulta?",
      "confianza": 0.215
    },
    {
      "hablante": "Hablante A",
      "inicio": 34.88,
      "fin": 43.34,
      "duracion": 8.45,
      "texto": "Te digo la verdad, me ofrecen tantas promociones que no sé cuál y con cuál quedarme.",
      "confianza": 0.573
    },
    {
      "hablante": "Hablante A",
      "inicio": 43.36,
      "fin": 43.8,
      "duracion": 0.44,
      "texto": "¿Y cuál fue la última?",
      "confianza": 0.023
    },
    {
      "hablante": "Hablante A",
      "inicio": 43.82,
      "fin": 47.38,
      "duracion": 3.57,
      "texto": "No sé, creo que gratis.",
      "confianza": 0.579
    },
    {
      "hablante": "Hablante A",
      "inicio": 47.4,
      "fin": 48.68,
      "duracion": 1.28,
      "texto": "No quiero, no quiero.",
      "confianza": 0.223
    },
    {
      "hablante": "Hablante A",
      "inicio": 48.7,
      "fin": 50.65,
      "duracion": 1.94,
      "texto": "Ya le dije 500 veces.",
      "confianza": 0.678
    },
    {
      "hablante": "Hablante A",
      "inicio": 50.67,
      "fin": 53.73,
      "duracion": 3.07,
      "texto": "A ver, yo te llamo, 10 veces por día.",
      "confianza": 0.752
    },
    {
      "hablante": "Hablante A",
      "inicio": 54.09,
      "fin": 55.33,
      "duracion": 1.24,
      "texto": "A la semana, ¿cuánto estás?",
      "confianza": 0.677
    },
    {
      "hablante": "Hablante A",
      "inicio": 56.02,
      "fin": 60.07,
      "duracion": 4.04,
      "texto": "Vamos a contar de lunes a sábado, son 60 veces por semana.",
      "confianza": 0.551
    },
    {
      "hablante": "Hablante A",
      "inicio": 60.09,
      "fin": 64.45,
      "duracion": 4.36,
      "texto": "Son 120 cada 15 días, son 440 por mes.",
      "confianza": 0.729
    },
    {
      "hablante": "Hablante A",
      "inicio": 64.47,
      "fin": 68.87,
      "duracion": 4.4,
      "texto": "Es medio cargoso, ¿no?",
      "confianza": 0.668
    },
    {
      "hablante": "Hablante A",
      "inicio": 68.89,
      "fin": 86.03,
      "duracion": 17.13,
      "texto": "¿Estamos hablando o no estamos hablando?",
      "confianza": 0.437
    },
    {
      "hablante": "Hablante A",
      "inicio": 86.92,
      "fin": 88.39,
      "duracion": 1.47,
      "texto": "Pero en menos quieres hablar.",
      "confianza": 0.323
    }
  ],
  "transcripcion_completa": "Hola, sí, buen día. Sí. ¿Cómo le va Lourdes? Le hablé, te habló con Sergio. Venga, dame que esto lo he movilizado. Sí, lo te vino. A ver quién corté con uno. ¿Cómo? A ver quién corté con uno. Ah, bien, ¿qué te comentó? ¿Qué te comentaron? Amigo, lo mismo que me vas a comentar vos ahora. ¿Qué he comentado? La promoción, de la promoción, de las promociones, de la promoción. ¿Qué promoción te brindaron de consulta? Te digo la verdad, me ofrecen tantas promociones que no sé cuál y con cuál quedarme. ¿Y cuál fue la última? No sé, creo que gratis. No quiero, no quiero. Ya le dije 500 veces. A ver, yo te llamo, 10 veces por día. A la semana, ¿cuánto estás? Vamos a contar de lunes a sábado, son 60 veces por semana. Son 120 cada 15 días, son 440 por mes. Es medio cargoso, ¿no? ¿Estamos hablando o no estamos hablando? Pero en menos quieres hablar.",
  "calidad": {
    "confianza_promedio": 0.476,
    "metodo_diarizacion": "pausas_fallback",
    "tiempo_procesamiento": 7.8
  },
  "metadata": {
    "modelo": "whisperx_medium",
    "diarizacion": "pausas",
    "dispositivo": "cuda",
    "fecha": "2026-02-18T22:50:47.871276",
    "version": "5.0_ecapa"
  }
}