{
  "archivo": "amza16_1_260212133918329_ACD_45955.wav",
  "duracion_segundos": 77.52,
  "num_segmentos": 31,
  "num_hablantes": 2,
  "hablantes": [
    "Hablante A",
    "Hablante B"
  ],
  "tiempo_por_hablante": {
    "Hablante A": 39.07,
    "Hablante B": 30.98
  },
  "idioma": "es",
  "conversacion": [
    {
      "hablante": "Hablante A",
      "inicio": 0.03,
      "fin": 2.44,
      "duracion": 2.4,
      "texto": "Hola, buenos días.",
      "confianza": 0.393
    },
    {
      "hablante": "Hablante A",
      "inicio": 2.46,
      "fin": 5.0,
      "duracion": 2.54,
      "texto": "Se habló con Héctor.",
      "confianza": 0.339
    },
    {
      "hablante": "Hablante A",
      "inicio": 5.02,
      "fin": 5.28,
      "duracion": 0.26,
      "texto": "Sí, él habla.",
      "confianza": 0.044
    },
    {
      "hablante": "Hablante A",
      "inicio": 5.3,
      "fin": 5.8,
      "duracion": 0.5,
      "texto": "¿Cómo estás?",
      "confianza": 0.733
    },
    {
      "hablante": "Hablante A",
      "inicio": 5.82,
      "fin": 6.76,
      "duracion": 0.94,
      "texto": "Mi nombre es Delfina.",
      "confianza": 0.65
    },
    {
      "hablante": "Hablante A",
      "inicio": 6.78,
      "fin": 10.09,
      "duracion": 3.31,
      "texto": "Me estoy comunicando desde la grilla de beneficios y promociones de Movistar.",
      "confianza": 0.657
    },
    {
      "hablante": "Hablante A",
      "inicio": 10.75,
      "fin": 12.41,
      "duracion": 1.66,
      "texto": "Me figura que está haciendo clara actualmente.",
      "confianza": 0.725
    },
    {
      "hablante": "Hablante A",
      "inicio": 12.43,
      "fin": 15.33,
      "duracion": 2.9,
      "texto": "¿Es correcto?",
      "confianza": 0.854
    },
    {
      "hablante": "Hablante A",
      "inicio": 15.35,
      "fin": 15.61,
      "duracion": 0.26,
      "texto": "Exactamente.",
      "confianza": 0.12
    },
    {
      "hablante": "Hablante A",
      "inicio": 15.63,
      "fin": 15.93,
      "duracion": 0.3,
      "texto": "Perfecto.",
      "confianza": 0.769
    },
    {
      "hablante": "Hablante A",
      "inicio": 15.99,
      "fin": 16.61,
      "duracion": 0.62,
      "texto": "Le consulto.",
      "confianza": 0.674
    },
    {
      "hablante": "Hablante A",
      "inicio": 16.64,
      "fin": 23.36,
      "duracion": 6.73,
      "texto": "¿Usted sabe cuánto está bonando a 10 de hoy por su línea?",
      "confianza": 0.607
    },
    {
      "hablante": "Hablante A",
      "inicio": 23.39,
      "fin": 23.83,
      "duracion": 0.44,
      "texto": "Sí, 30 y pico por ahí.",
      "confianza": 0.003
    },
    {
      "hablante": "Hablante A",
      "inicio": 23.85,
      "fin": 24.15,
      "duracion": 0.3,
      "texto": "Ah, bien.",
      "confianza": 0.388
    },
    {
      "hablante": "Hablante A",
      "inicio": 24.17,
      "fin": 26.09,
      "duracion": 1.92,
      "texto": "¿Y cuánto de tierras tiene por ese precio?",
      "confianza": 0.621
    },
    {
      "hablante": "Hablante B",
      "inicio": 27.69,
      "fin": 34.0,
      "duracion": 6.31,
      "texto": "No, ni idea.",
      "confianza": 0.11
    },
    {
      "hablante": "Hablante B",
      "inicio": 34.02,
      "fin": 34.4,
      "duracion": 0.38,
      "texto": "Sinceramente no sé.",
      "confianza": 0.0
    },
    {
      "hablante": "Hablante B",
      "inicio": 34.42,
      "fin": 36.95,
      "duracion": 2.52,
      "texto": "Lo único que sé es que lo uso para trabajar, me conecto a internet y todo y me redura, me alcanza, no me quedo nunca corto.",
      "confianza": 0.009
    },
    {
      "hablante": "Hablante B",
      "inicio": 36.97,
      "fin": 37.83,
      "duracion": 0.86,
      "texto": "Ajá, bien, perfecto.",
      "confianza": 0.397
    },
    {
      "hablante": "Hablante B",
      "inicio": 37.85,
      "fin": 42.34,
      "duracion": 4.49,
      "texto": "Pero usted en los lugares que frecuenta tiene internet entonces.",
      "confianza": 0.8
    },
    {
      "hablante": "Hablante B",
      "inicio": 42.35,
      "fin": 43.28,
      "duracion": 0.92,
      "texto": "Sí, sí, no tengo problema.",
      "confianza": 0.146
    },
    {
      "hablante": "Hablante B",
      "inicio": 43.3,
      "fin": 43.98,
      "duracion": 0.68,
      "texto": "Ajá, perfecto.",
      "confianza": 0.604
    },
    {
      "hablante": "Hablante B",
      "inicio": 44.04,
      "fin": 52.21,
      "duracion": 8.17,
      "texto": "Bueno, ya le comento, tengo una oferta así en la que tendría 18 gigas en total, que eres bastante, son 8 de base más 10 de regalo durante toda la promoción.",
      "confianza": 0.674
    },
    {
      "hablante": "Hablante B",
      "inicio": 52.53,
      "fin": 59.18,
      "duracion": 6.65,
      "texto": "con WhatsApp gratis, llamas y dirés a todas las compañías que ruminen América por 10.720 pesos al día de hoy, ¿sí?",
      "confianza": 0.633
    },
    {
      "hablante": "Hablante A",
      "inicio": 60.78,
      "fin": 66.33,
      "duracion": 5.55,
      "texto": "Bueno, cualquier cosa... Y por el momento no, porque más estoy logrando ahora.",
      "confianza": 0.667
    },
    {
      "hablante": "Hablante A",
      "inicio": 66.93,
      "fin": 69.29,
      "duracion": 2.36,
      "texto": "Pero por el momento no me interesa cambiar.",
      "confianza": 0.809
    },
    {
      "hablante": "Hablante A",
      "inicio": 69.89,
      "fin": 72.4,
      "duracion": 2.5,
      "texto": "Bueno, igual le dejo las promociones por WhatsApp, ¿sí?",
      "confianza": 0.546
    },
    {
      "hablante": "Hablante A",
      "inicio": 73.48,
      "fin": 74.04,
      "duracion": 0.56,
      "texto": "Bueno, dale.",
      "confianza": 0.518
    },
    {
      "hablante": "Hablante A",
      "inicio": 74.46,
      "fin": 76.48,
      "duracion": 2.02,
      "texto": "Listo, que tenga lindo día.",
      "confianza": 0.618
    },
    {
      "hablante": "Hablante A",
      "inicio": 76.5,
      "fin": 77.16,
      "duracion": 0.66,
      "texto": "Dale, gracias.",
      "confianza": 0.502
    },
    {
      "hablante": "Hablante A",
      "inicio": 77.18,
      "fin": 77.52,
      "duracion": 0.34,
      "texto": "Hasta luego.",
      "confianza": 0.146
    }
  ],
  "transcripcion_completa": "Hola, buenos días. Se habló con Héctor. Sí, él habla. ¿Cómo estás? Mi nombre es Delfina. Me estoy comunicando desde la grilla de beneficios y promociones de Movistar. Me figura que está haciendo clara actualmente. ¿Es correcto? Exactamente. Perfecto. Le consulto. ¿Usted sabe cuánto está bonando a 10 de hoy por su línea? Sí, 30 y pico por ahí. Ah, bien. ¿Y cuánto de tierras tiene por ese precio? No, ni idea. Sinceramente no sé. Lo único que sé es que lo uso para trabajar, me conecto a internet y todo y me redura, me alcanza, no me quedo nunca corto. Ajá, bien, perfecto. Pero usted en los lugares que frecuenta tiene internet entonces. Sí, sí, no tengo problema. Ajá, perfecto. Bueno, ya le comento, tengo una oferta así en la que tendría 18 gigas en total, que eres bastante, son 8 de base más 10 de regalo durante toda la promoción. con WhatsApp gratis, llamas y dirés a todas las compañías que ruminen América por 10.720 pesos al día de hoy, ¿sí? Bueno, cualquier cosa... Y por el momento no, porque más estoy logrando ahora. Pero por el momento no me interesa cambiar. Bueno, igual le dejo las promociones por WhatsApp, ¿sí? Bueno, dale. Listo, que tenga lindo día. Dale, gracias. Hasta luego.",
  "calidad": {
    "confianza_promedio": 0.492,
    "metodo_diarizacion": "pausas_fallback",
    "tiempo_procesamiento": 7.7
  },
  "metadata": {
    "modelo": "whisperx_medium",
    "diarizacion": "pausas",
    "dispositivo": "cuda",
    "fecha": "2026-02-18T23:56:49.602908",
    "version": "5.0_ecapa"
  }
}