{
  "archivo": "amza10_1_260218113645619_ACD_84413.wav",
  "duracion_segundos": 102.84,
  "num_segmentos": 40,
  "num_hablantes": 2,
  "hablantes": [
    "Hablante A",
    "Hablante B"
  ],
  "tiempo_por_hablante": {
    "Hablante A": 26.96,
    "Hablante B": 67.03
  },
  "idioma": "es",
  "conversacion": [
    {
      "hablante": "Hablante A",
      "inicio": 0.6,
      "fin": 2.31,
      "duracion": 1.7,
      "texto": "Hola.",
      "confianza": 0.216
    },
    {
      "hablante": "Hablante A",
      "inicio": 2.33,
      "fin": 3.19,
      "duracion": 0.86,
      "texto": "Hola, sí, buenos días.",
      "confianza": 0.289
    },
    {
      "hablante": "Hablante A",
      "inicio": 3.21,
      "fin": 6.73,
      "duracion": 3.52,
      "texto": "Queríamos hablar con Walter, ¿es usted?",
      "confianza": 0.506
    },
    {
      "hablante": "Hablante A",
      "inicio": 6.75,
      "fin": 6.83,
      "duracion": 0.08,
      "texto": "Sí.",
      "confianza": 0.415
    },
    {
      "hablante": "Hablante A",
      "inicio": 6.85,
      "fin": 9.3,
      "duracion": 2.44,
      "texto": "Walter, un gusto, Lourdes, desde la otra que habla.",
      "confianza": 0.588
    },
    {
      "hablante": "Hablante A",
      "inicio": 9.32,
      "fin": 16.71,
      "duracion": 7.39,
      "texto": "Me pongo en contacto, sí, con usted para brindarle una bonificación que tenemos al día de hoy, sí, con un 85% de descuento, sí.",
      "confianza": 0.68
    },
    {
      "hablante": "Hablante A",
      "inicio": 17.31,
      "fin": 21.49,
      "duracion": 4.18,
      "texto": "Usted actualmente está en claro, ¿no?",
      "confianza": 0.622
    },
    {
      "hablante": "Hablante A",
      "inicio": 21.51,
      "fin": 21.77,
      "duracion": 0.26,
      "texto": "Sí, correcto.",
      "confianza": 0.03
    },
    {
      "hablante": "Hablante A",
      "inicio": 21.79,
      "fin": 21.97,
      "duracion": 0.18,
      "texto": "Bien.",
      "confianza": 0.655
    },
    {
      "hablante": "Hablante A",
      "inicio": 22.47,
      "fin": 28.82,
      "duracion": 6.35,
      "texto": "Bueno, te quería comentar, sí, Walter, acá mi sistema me asegura, no sé si es correcto, que el contacto más de una línea.",
      "confianza": 0.697
    },
    {
      "hablante": "Hablante B",
      "inicio": 31.23,
      "fin": 34.3,
      "duracion": 3.07,
      "texto": "Sí, sí, correcto.",
      "confianza": 0.109
    },
    {
      "hablante": "Hablante B",
      "inicio": 34.32,
      "fin": 34.54,
      "duracion": 0.22,
      "texto": "1, 2, 3, 4.",
      "confianza": 0.011
    },
    {
      "hablante": "Hablante B",
      "inicio": 34.56,
      "fin": 35.22,
      "duracion": 0.66,
      "texto": "Bueno, son 5, pero OK.",
      "confianza": 0.106
    },
    {
      "hablante": "Hablante B",
      "inicio": 35.32,
      "fin": 38.7,
      "duracion": 3.39,
      "texto": "Te paso a comentar, Walter, sí, nosotros tenemos un plan con 85%.",
      "confianza": 0.663
    },
    {
      "hablante": "Hablante B",
      "inicio": 38.95,
      "fin": 43.91,
      "duracion": 4.97,
      "texto": "Te cuento qué serían, 8 gigas de base con 10 gigas de regalo que creamos por 6 meses, ¿sí?",
      "confianza": 0.689
    },
    {
      "hablante": "Hablante B",
      "inicio": 43.93,
      "fin": 47.16,
      "duracion": 3.23,
      "texto": "Así que el plan te va a quedar en 18 gigas, ¿sí?",
      "confianza": 0.627
    },
    {
      "hablante": "Hablante B",
      "inicio": 47.18,
      "fin": 48.04,
      "duracion": 0.86,
      "texto": "¿Qué te incluye esto?",
      "confianza": 0.769
    },
    {
      "hablante": "Hablante B",
      "inicio": 48.12,
      "fin": 52.01,
      "duracion": 3.89,
      "texto": "Lo que es Rummen en América, WhatsApp gratis y todo limitado, ¿sí?",
      "confianza": 0.728
    },
    {
      "hablante": "Hablante B",
      "inicio": 52.03,
      "fin": 55.85,
      "duracion": 3.83,
      "texto": "Te queda en 8.047 pesos el plan, ¿sí, final?",
      "confianza": 0.663
    },
    {
      "hablante": "Hablante B",
      "inicio": 55.87,
      "fin": 57.91,
      "duracion": 2.04,
      "texto": "Entonces, ¿qué te parece, si te conviene?",
      "confianza": 0.679
    },
    {
      "hablante": "Hablante B",
      "inicio": 58.5,
      "fin": 65.59,
      "duracion": 7.09,
      "texto": "Bueno, en realidad, mira, eso no lo llevo yo, a eso se interaga mi hijo, así que tendría que preguntarle a él.",
      "confianza": 0.549
    },
    {
      "hablante": "Hablante B",
      "inicio": 65.61,
      "fin": 66.71,
      "duracion": 1.1,
      "texto": "Ah, creí que era usted.",
      "confianza": 0.349
    },
    {
      "hablante": "Hablante B",
      "inicio": 66.73,
      "fin": 67.91,
      "duracion": 1.18,
      "texto": "Yo nada que ver con eso, sí.",
      "confianza": 0.507
    },
    {
      "hablante": "Hablante B",
      "inicio": 68.59,
      "fin": 72.5,
      "duracion": 3.9,
      "texto": "Bien, ¿y qué línea sería para contactarme?",
      "confianza": 0.314
    },
    {
      "hablante": "Hablante B",
      "inicio": 72.52,
      "fin": 77.17,
      "duracion": 4.65,
      "texto": "Es la que termina en 952.",
      "confianza": 0.8
    },
    {
      "hablante": "Hablante B",
      "inicio": 77.19,
      "fin": 79.71,
      "duracion": 2.52,
      "texto": "952, acá.",
      "confianza": 0.714
    },
    {
      "hablante": "Hablante B",
      "inicio": 79.73,
      "fin": 85.67,
      "duracion": 5.95,
      "texto": "952, hay una acá, OK.",
      "confianza": 0.637
    },
    {
      "hablante": "Hablante B",
      "inicio": 86.04,
      "fin": 86.42,
      "duracion": 0.38,
      "texto": "Bien.",
      "confianza": 0.692
    },
    {
      "hablante": "Hablante B",
      "inicio": 86.72,
      "fin": 89.03,
      "duracion": 2.3,
      "texto": "O sea, usted es el titular, pero él toma las decisiones.",
      "confianza": 0.733
    },
    {
      "hablante": "Hablante B",
      "inicio": 89.07,
      "fin": 90.49,
      "duracion": 1.42,
      "texto": "Algo así, ¿eh?",
      "confianza": 0.431
    },
    {
      "hablante": "Hablante B",
      "inicio": 90.51,
      "fin": 91.27,
      "duracion": 0.76,
      "texto": "Correcto.",
      "confianza": 0.569
    },
    {
      "hablante": "Hablante B",
      "inicio": 91.29,
      "fin": 91.89,
      "duracion": 0.6,
      "texto": "Sí, sí, no.",
      "confianza": 0.57
    },
    {
      "hablante": "Hablante B",
      "inicio": 91.95,
      "fin": 93.38,
      "duracion": 1.42,
      "texto": "Yo no me encargo nada de eso.",
      "confianza": 0.525
    },
    {
      "hablante": "Hablante B",
      "inicio": 94.18,
      "fin": 95.3,
      "duracion": 1.12,
      "texto": "Ah, dale.",
      "confianza": 0.585
    },
    {
      "hablante": "Hablante B",
      "inicio": 95.32,
      "fin": 96.69,
      "duracion": 1.36,
      "texto": "Bueno, no hay problema.",
      "confianza": 0.289
    },
    {
      "hablante": "Hablante B",
      "inicio": 96.7,
      "fin": 98.35,
      "duracion": 1.64,
      "texto": "Bueno, ahí me contacto entonces.",
      "confianza": 0.686
    },
    {
      "hablante": "Hablante B",
      "inicio": 98.45,
      "fin": 99.31,
      "duracion": 0.86,
      "texto": "Muchas gracias.",
      "confianza": 0.794
    },
    {
      "hablante": "Hablante B",
      "inicio": 100.17,
      "fin": 101.35,
      "duracion": 1.18,
      "texto": "Bueno, muy bien.",
      "confianza": 0.575
    },
    {
      "hablante": "Hablante B",
      "inicio": 101.37,
      "fin": 102.16,
      "duracion": 0.78,
      "texto": "Adiós.",
      "confianza": 0.637
    },
    {
      "hablante": "Hablante B",
      "inicio": 102.18,
      "fin": 102.84,
      "duracion": 0.66,
      "texto": "Hasta luego.",
      "confianza": 0.352
    }
  ],
  "transcripcion_completa": "Hola. Hola, sí, buenos días. Queríamos hablar con Walter, ¿es usted? Sí. Walter, un gusto, Lourdes, desde la otra que habla. Me pongo en contacto, sí, con usted para brindarle una bonificación que tenemos al día de hoy, sí, con un 85% de descuento, sí. Usted actualmente está en claro, ¿no? Sí, correcto. Bien. Bueno, te quería comentar, sí, Walter, acá mi sistema me asegura, no sé si es correcto, que el contacto más de una línea. Sí, sí, correcto. 1, 2, 3, 4. Bueno, son 5, pero OK. Te paso a comentar, Walter, sí, nosotros tenemos un plan con 85%. Te cuento qué serían, 8 gigas de base con 10 gigas de regalo que creamos por 6 meses, ¿sí? Así que el plan te va a quedar en 18 gigas, ¿sí? ¿Qué te incluye esto? Lo que es Rummen en América, WhatsApp gratis y todo limitado, ¿sí? Te queda en 8.047 pesos el plan, ¿sí, final? Entonces, ¿qué te parece, si te conviene? Bueno, en realidad, mira, eso no lo llevo yo, a eso se interaga mi hijo, así que tendría que preguntarle a él. Ah, creí que era usted. Yo nada que ver con eso, sí. Bien, ¿y qué línea sería para contactarme? Es la que termina en 952. 952, acá. 952, hay una acá, OK. Bien. O sea, usted es el titular, pero él toma las decisiones. Algo así, ¿eh? Correcto. Sí, sí, no. Yo no me encargo nada de eso. Ah, dale. Bueno, no hay problema. Bueno, ahí me contacto entonces. Muchas gracias. Bueno, muy bien. Adiós. Hasta luego.",
  "calidad": {
    "confianza_promedio": 0.526,
    "metodo_diarizacion": "pausas_fallback",
    "tiempo_procesamiento": 8.9
  },
  "metadata": {
    "modelo": "whisperx_medium",
    "diarizacion": "pausas",
    "dispositivo": "cuda",
    "fecha": "2026-02-18T22:52:57.764843",
    "version": "5.0_ecapa"
  }
}