{
  "archivo": "amza13_1_260219120038247_ACD_77971.wav",
  "duracion_segundos": 84.49,
  "num_segmentos": 28,
  "num_hablantes": 2,
  "hablantes": [
    "Hablante A",
    "Hablante B"
  ],
  "tiempo_por_hablante": {
    "Hablante A": 39.58,
    "Hablante B": 27.77
  },
  "idioma": "es",
  "conversacion": [
    {
      "hablante": "Hablante A",
      "inicio": 0.03,
      "fin": 1.91,
      "duracion": 1.88,
      "texto": "Hola.",
      "confianza": 0.434
    },
    {
      "hablante": "Hablante A",
      "inicio": 2.01,
      "fin": 2.63,
      "duracion": 0.62,
      "texto": "Hola, buen día.",
      "confianza": 0.532
    },
    {
      "hablante": "Hablante A",
      "inicio": 2.65,
      "fin": 7.06,
      "duracion": 4.41,
      "texto": "Hablo con la señora Jessica.",
      "confianza": 0.222
    },
    {
      "hablante": "Hablante A",
      "inicio": 7.08,
      "fin": 12.06,
      "duracion": 4.99,
      "texto": "Buen día.",
      "confianza": 0.298
    },
    {
      "hablante": "Hablante A",
      "inicio": 12.08,
      "fin": 13.55,
      "duracion": 1.46,
      "texto": "Hola, buen día.",
      "confianza": 0.724
    },
    {
      "hablante": "Hablante A",
      "inicio": 13.57,
      "fin": 14.65,
      "duracion": 1.08,
      "texto": "Sí, buen día.",
      "confianza": 0.715
    },
    {
      "hablante": "Hablante A",
      "inicio": 14.67,
      "fin": 14.89,
      "duracion": 0.22,
      "texto": "¿Qué tal?",
      "confianza": 0.298
    },
    {
      "hablante": "Hablante A",
      "inicio": 14.91,
      "fin": 15.69,
      "duracion": 0.78,
      "texto": "Lo gusto, Jessica.",
      "confianza": 0.569
    },
    {
      "hablante": "Hablante A",
      "inicio": 15.71,
      "fin": 16.49,
      "duracion": 0.78,
      "texto": "Mi nombre es Rodrigo.",
      "confianza": 0.613
    },
    {
      "hablante": "Hablante A",
      "inicio": 16.51,
      "fin": 17.49,
      "duracion": 0.98,
      "texto": "¿Cómo le hagan el día de hoy?",
      "confianza": 0.663
    },
    {
      "hablante": "Hablante A",
      "inicio": 17.53,
      "fin": 17.95,
      "duracion": 0.42,
      "texto": "¿Todo bien?",
      "confianza": 0.842
    },
    {
      "hablante": "Hablante B",
      "inicio": 20.09,
      "fin": 20.31,
      "duracion": 0.22,
      "texto": "Bien, bien.",
      "confianza": 0.046
    },
    {
      "hablante": "Hablante B",
      "inicio": 20.33,
      "fin": 23.84,
      "duracion": 3.5,
      "texto": "Nos estamos comunicando del área del beneficio de Movistar.",
      "confianza": 0.662
    },
    {
      "hablante": "Hablante B",
      "inicio": 23.86,
      "fin": 29.14,
      "duracion": 5.29,
      "texto": "Tenemos para brindar lo que es un plan de 18 GB a un valor de $10,730.",
      "confianza": 0.799
    },
    {
      "hablante": "Hablante A",
      "inicio": 33.41,
      "fin": 42.99,
      "duracion": 9.58,
      "texto": "Este es un descuento exclusivo para los clientes de Claro.",
      "confianza": 0.791
    },
    {
      "hablante": "Hablante B",
      "inicio": 47.4,
      "fin": 51.02,
      "duracion": 3.63,
      "texto": "¿Qué tenemos para los clientes de Claro?",
      "confianza": 0.812
    },
    {
      "hablante": "Hablante B",
      "inicio": 51.34,
      "fin": 53.43,
      "duracion": 2.08,
      "texto": "La idea es que vuelvan a contar con la compañía.",
      "confianza": 0.736
    },
    {
      "hablante": "Hablante A",
      "inicio": 56.95,
      "fin": 66.39,
      "duracion": 9.44,
      "texto": "No tengo nada porque yo tengo cinco líneas y también tengo una bonita.",
      "confianza": 0.161
    },
    {
      "hablante": "Hablante A",
      "inicio": 66.41,
      "fin": 66.53,
      "duracion": 0.12,
      "texto": "Claro.",
      "confianza": 0.139
    },
    {
      "hablante": "Hablante A",
      "inicio": 66.55,
      "fin": 68.05,
      "duracion": 1.5,
      "texto": "¿Quiere que le deje las promos bien a WhatsApp?",
      "confianza": 0.515
    },
    {
      "hablante": "Hablante A",
      "inicio": 68.07,
      "fin": 69.39,
      "duracion": 1.32,
      "texto": "¿Cualquier cosita usted me avisa?",
      "confianza": 0.556
    },
    {
      "hablante": "Hablante B",
      "inicio": 71.29,
      "fin": 71.41,
      "duracion": 0.12,
      "texto": "Claro.",
      "confianza": 0.031
    },
    {
      "hablante": "Hablante B",
      "inicio": 71.43,
      "fin": 72.92,
      "duracion": 1.48,
      "texto": "Cualquier cosa.",
      "confianza": 0.319
    },
    {
      "hablante": "Hablante B",
      "inicio": 72.94,
      "fin": 73.84,
      "duracion": 0.9,
      "texto": "Bueno, perfecto.",
      "confianza": 0.776
    },
    {
      "hablante": "Hablante B",
      "inicio": 73.88,
      "fin": 75.52,
      "duracion": 1.64,
      "texto": "Ha sido un gusto, ¿sí?",
      "confianza": 0.268
    },
    {
      "hablante": "Hablante B",
      "inicio": 75.54,
      "fin": 84.09,
      "duracion": 8.55,
      "texto": "Hasta luego.",
      "confianza": 0.272
    },
    {
      "hablante": "Hablante B",
      "inicio": 84.11,
      "fin": 84.23,
      "duracion": 0.12,
      "texto": "Listo.",
      "confianza": 0.031
    },
    {
      "hablante": "Hablante B",
      "inicio": 84.25,
      "fin": 84.49,
      "duracion": 0.24,
      "texto": "Hasta luego.",
      "confianza": 0.084
    }
  ],
  "transcripcion_completa": "Hola. Hola, buen día. Hablo con la señora Jessica. Buen día. Hola, buen día. Sí, buen día. ¿Qué tal? Lo gusto, Jessica. Mi nombre es Rodrigo. ¿Cómo le hagan el día de hoy? ¿Todo bien? Bien, bien. Nos estamos comunicando del área del beneficio de Movistar. Tenemos para brindar lo que es un plan de 18 GB a un valor de $10,730. Este es un descuento exclusivo para los clientes de Claro. ¿Qué tenemos para los clientes de Claro? La idea es que vuelvan a contar con la compañía. No tengo nada porque yo tengo cinco líneas y también tengo una bonita. Claro. ¿Quiere que le deje las promos bien a WhatsApp? ¿Cualquier cosita usted me avisa? Claro. Cualquier cosa. Bueno, perfecto. Ha sido un gusto, ¿sí? Hasta luego. Listo. Hasta luego.",
  "calidad": {
    "confianza_promedio": 0.461,
    "metodo_diarizacion": "pausas_fallback",
    "tiempo_procesamiento": 7.3
  },
  "metadata": {
    "modelo": "whisperx_medium",
    "diarizacion": "pausas",
    "dispositivo": "cuda",
    "fecha": "2026-02-21T13:36:42.706550",
    "version": "5.0_ecapa"
  }
}