{
  "archivo": "amza10_1_260209132534958_ACD_06371.wav",
  "duracion_segundos": 252.3,
  "num_segmentos": 74,
  "num_hablantes": 1,
  "hablantes": [
    "Hablante B"
  ],
  "tiempo_por_hablante": {
    "Hablante B": 237.31
  },
  "idioma": "es",
  "conversacion": [
    {
      "hablante": "Hablante B",
      "inicio": 1.99,
      "fin": 4.93,
      "duracion": 2.94,
      "texto": "Hola, ¿buen día?",
      "confianza": 0.151
    },
    {
      "hablante": "Hablante B",
      "inicio": 4.95,
      "fin": 5.01,
      "duracion": 0.06,
      "texto": "Sí.",
      "confianza": 0.211
    },
    {
      "hablante": "Hablante B",
      "inicio": 5.03,
      "fin": 5.99,
      "duracion": 0.96,
      "texto": "Buenas tardes, ¿cómo estás?",
      "confianza": 0.364
    },
    {
      "hablante": "Hablante B",
      "inicio": 6.25,
      "fin": 6.75,
      "duracion": 0.5,
      "texto": "Yurde Estela.",
      "confianza": 0.43
    },
    {
      "hablante": "Hablante B",
      "inicio": 6.77,
      "fin": 10.36,
      "duracion": 3.58,
      "texto": "¿Teníamos que hablar con la niña Esther?",
      "confianza": 0.685
    },
    {
      "hablante": "Hablante B",
      "inicio": 10.38,
      "fin": 11.22,
      "duracion": 0.84,
      "texto": "Sí, soy yo.",
      "confianza": 0.185
    },
    {
      "hablante": "Hablante B",
      "inicio": 11.24,
      "fin": 11.86,
      "duracion": 0.62,
      "texto": "Me gustó.",
      "confianza": 0.451
    },
    {
      "hablante": "Hablante B",
      "inicio": 12.1,
      "fin": 18.06,
      "duracion": 5.96,
      "texto": "Me ponía entonces para adivinarte una unificación que nosotros tenemos por el 80% de descuento.",
      "confianza": 0.653
    },
    {
      "hablante": "Hablante B",
      "inicio": 18.08,
      "fin": 22.29,
      "duracion": 4.21,
      "texto": "Y vos, actualmente, como te veo, estás en claro, ¿no?",
      "confianza": 0.486
    },
    {
      "hablante": "Hablante B",
      "inicio": 22.31,
      "fin": 23.27,
      "duracion": 0.96,
      "texto": "¿Cómo no te escucho?",
      "confianza": 0.559
    },
    {
      "hablante": "Hablante B",
      "inicio": 23.29,
      "fin": 27.17,
      "duracion": 3.88,
      "texto": "¿Vos actualmente, Esther, estás en claro?",
      "confianza": 0.619
    },
    {
      "hablante": "Hablante B",
      "inicio": 27.19,
      "fin": 28.01,
      "duracion": 0.82,
      "texto": "Sí, estoy en claro, sí.",
      "confianza": 0.211
    },
    {
      "hablante": "Hablante B",
      "inicio": 28.4,
      "fin": 31.24,
      "duracion": 2.84,
      "texto": "Bien, más o menos, no sé si recordás, ¿qué plan tenés?",
      "confianza": 0.485
    },
    {
      "hablante": "Hablante B",
      "inicio": 31.26,
      "fin": 39.37,
      "duracion": 8.11,
      "texto": "¿Cuánto estás abonando?",
      "confianza": 0.662
    },
    {
      "hablante": "Hablante B",
      "inicio": 39.39,
      "fin": 40.39,
      "duracion": 1.0,
      "texto": "Estoy abonando 10 mil y 11 mil casi por mes.",
      "confianza": 0.198
    },
    {
      "hablante": "Hablante B",
      "inicio": 40.41,
      "fin": 40.71,
      "duracion": 0.3,
      "texto": "Ajá, bien.",
      "confianza": 0.182
    },
    {
      "hablante": "Hablante B",
      "inicio": 40.73,
      "fin": 44.36,
      "duracion": 3.62,
      "texto": "Bueno, mira, yo te ofrezco esta promo, sí, para que vos la puedas escuchar estar al tanto, sí.",
      "confianza": 0.458
    },
    {
      "hablante": "Hablante B",
      "inicio": 44.72,
      "fin": 50.87,
      "duracion": 6.15,
      "texto": "En este caso, yo te voy a brindar un plan que son 8 gigas y vas con 10 gigas de regalo por 6 meses, ¿sí?",
      "confianza": 0.559
    },
    {
      "hablante": "Hablante B",
      "inicio": 50.89,
      "fin": 55.71,
      "duracion": 4.83,
      "texto": "Calculá, obviamente, qué mensual vas a estar teniendo 18 gigas, sí, hasta ahí voy bien.",
      "confianza": 0.583
    },
    {
      "hablante": "Hablante B",
      "inicio": 56.98,
      "fin": 57.05,
      "duracion": 0.08,
      "texto": "Ajá.",
      "confianza": 0.25
    },
    {
      "hablante": "Hablante B",
      "inicio": 57.3,
      "fin": 59.03,
      "duracion": 1.72,
      "texto": "Bien, ¿qué te incluye este plan?",
      "confianza": 0.635
    },
    {
      "hablante": "Hablante B",
      "inicio": 59.05,
      "fin": 71.88,
      "duracion": 12.83,
      "texto": "Por ejemplo, Rubin en América, sí, ya te voy a incluir dentro del plan, entonces tú vas a necesitar salir, con WhatsApp gratis, sí, todo limitado, y te quedan un valor final de 10.720 pesos, ¿sí?",
      "confianza": 0.652
    },
    {
      "hablante": "Hablante B",
      "inicio": 71.9,
      "fin": 72.48,
      "duracion": 0.58,
      "texto": "Los 18.",
      "confianza": 0.638
    },
    {
      "hablante": "Hablante B",
      "inicio": 73.36,
      "fin": 75.47,
      "duracion": 2.11,
      "texto": "No sé vos más o menos cuántos ya estás consumiendo.",
      "confianza": 0.675
    },
    {
      "hablante": "Hablante B",
      "inicio": 76.24,
      "fin": 88.79,
      "duracion": 12.56,
      "texto": "No, casi nada, porque como en mi casa tengo Wi-Fi, a donde voy tengo Wi-Fi, por ahí cuando salgo nada más y es que no uso tanto las megas ni la promoción ni nada.",
      "confianza": 0.681
    },
    {
      "hablante": "Hablante B",
      "inicio": 88.81,
      "fin": 89.94,
      "duracion": 1.12,
      "texto": "OK, miren.",
      "confianza": 0.168
    },
    {
      "hablante": "Hablante B",
      "inicio": 89.96,
      "fin": 97.63,
      "duracion": 7.67,
      "texto": "Solamente le tengo o ponele cuando salgo de mi casa, y para eso nada más.",
      "confianza": 0.691
    },
    {
      "hablante": "Hablante B",
      "inicio": 97.65,
      "fin": 105.22,
      "duracion": 7.57,
      "texto": "Exactamente, es a donde voy, mi casa, mi trabajo, tengo Wi-Fi, sé que me quedo con ese plan.",
      "confianza": 0.626
    },
    {
      "hablante": "Hablante B",
      "inicio": 105.58,
      "fin": 109.29,
      "duracion": 3.7,
      "texto": "Bueno, mira, y el otro plan, te lo brindo, ya que vos me comentaste eso, ¿sí?",
      "confianza": 0.682
    },
    {
      "hablante": "Hablante B",
      "inicio": 109.67,
      "fin": 112.71,
      "duracion": 3.04,
      "texto": "Te sale $7,790, ¿sí?",
      "confianza": 0.748
    },
    {
      "hablante": "Hablante B",
      "inicio": 112.79,
      "fin": 115.66,
      "duracion": 2.86,
      "texto": "Vas a contar con 4 gigas más 10 gigas de reales por 6 meses.",
      "confianza": 0.668
    },
    {
      "hablante": "Hablante B",
      "inicio": 115.68,
      "fin": 118.28,
      "duracion": 2.6,
      "texto": "O sea, que vas a tener 14 gigas, ¿sí?",
      "confianza": 0.561
    },
    {
      "hablante": "Hablante B",
      "inicio": 118.3,
      "fin": 126.53,
      "duracion": 8.23,
      "texto": "A mí me está bueno porque tenéis bastante gigas que así las buses o no las buses, sabéis que vos acá tenéis la opción de guardar, pasar y pedir, ¿sí?",
      "confianza": 0.528
    },
    {
      "hablante": "Hablante B",
      "inicio": 126.55,
      "fin": 129.73,
      "duracion": 3.18,
      "texto": "En el caso de que no hay buses, lo guardarás en algún momento, ¿viste?",
      "confianza": 0.484
    },
    {
      "hablante": "Hablante B",
      "inicio": 129.75,
      "fin": 132.66,
      "duracion": 2.9,
      "texto": "Que a veces tenéis que hacer un plan y tú estás en la calle, listo, lo usas.",
      "confianza": 0.479
    },
    {
      "hablante": "Hablante B",
      "inicio": 132.68,
      "fin": 133.8,
      "duracion": 1.12,
      "texto": "Sabéis que tenéis.",
      "confianza": 0.298
    },
    {
      "hablante": "Hablante B",
      "inicio": 133.82,
      "fin": 134.36,
      "duracion": 0.54,
      "texto": "Exactamente.",
      "confianza": 0.173
    },
    {
      "hablante": "Hablante B",
      "inicio": 134.63,
      "fin": 136.77,
      "duracion": 2.14,
      "texto": "Y va a estar abonando, bueno, un poco menos.",
      "confianza": 0.459
    },
    {
      "hablante": "Hablante B",
      "inicio": 137.35,
      "fin": 140.67,
      "duracion": 3.32,
      "texto": "Así que está bastante bueno, no sé su opinión.",
      "confianza": 0.393
    },
    {
      "hablante": "Hablante B",
      "inicio": 140.69,
      "fin": 145.74,
      "duracion": 5.04,
      "texto": "Sí, está bueno, desde 7000, se quiere bajar de 10.000 a 7.000, está bueno.",
      "confianza": 0.478
    },
    {
      "hablante": "Hablante B",
      "inicio": 145.76,
      "fin": 149.3,
      "duracion": 3.54,
      "texto": "Sí, por eso te digo, está bueno y dentro de todo se está vendiendo bastante gigas.",
      "confianza": 0.562
    },
    {
      "hablante": "Hablante B",
      "inicio": 149.54,
      "fin": 151.26,
      "duracion": 1.72,
      "texto": "Exactamente.",
      "confianza": 0.546
    },
    {
      "hablante": "Hablante B",
      "inicio": 151.9,
      "fin": 153.02,
      "duracion": 1.12,
      "texto": "Bien.",
      "confianza": 0.893
    },
    {
      "hablante": "Hablante B",
      "inicio": 153.04,
      "fin": 155.59,
      "duracion": 2.54,
      "texto": "¿Vos solamente tenéis una línea a estar?",
      "confianza": 0.641
    },
    {
      "hablante": "Hablante B",
      "inicio": 155.81,
      "fin": 161.99,
      "duracion": 6.19,
      "texto": "Sí, sí, tengo esta línea sola, pero tengo la de mis hijos que son todas a tarjeta.",
      "confianza": 0.448
    },
    {
      "hablante": "Hablante B",
      "inicio": 162.01,
      "fin": 163.55,
      "duracion": 1.54,
      "texto": "Ah, son prepagas las otras.",
      "confianza": 0.821
    },
    {
      "hablante": "Hablante B",
      "inicio": 163.72,
      "fin": 165.86,
      "duracion": 2.14,
      "texto": "Las otras son personas, sí.",
      "confianza": 0.148
    },
    {
      "hablante": "Hablante B",
      "inicio": 165.88,
      "fin": 172.83,
      "duracion": 6.95,
      "texto": "Soy la única porque como mi hijo está en casa todo el tiempo y el colegio tiene wifi, yo que no...",
      "confianza": 0.564
    },
    {
      "hablante": "Hablante B",
      "inicio": 172.85,
      "fin": 174.07,
      "duracion": 1.22,
      "texto": "Por ahí tanto.",
      "confianza": 0.431
    },
    {
      "hablante": "Hablante B",
      "inicio": 174.09,
      "fin": 175.07,
      "duracion": 0.98,
      "texto": "Para estar usando tanto.",
      "confianza": 0.684
    },
    {
      "hablante": "Hablante B",
      "inicio": 175.49,
      "fin": 176.07,
      "duracion": 0.58,
      "texto": "Bien.",
      "confianza": 0.858
    },
    {
      "hablante": "Hablante B",
      "inicio": 176.09,
      "fin": 176.88,
      "duracion": 0.78,
      "texto": "Exactamente.",
      "confianza": 0.154
    },
    {
      "hablante": "Hablante B",
      "inicio": 176.9,
      "fin": 177.3,
      "duracion": 0.4,
      "texto": "Perfecto.",
      "confianza": 0.616
    },
    {
      "hablante": "Hablante B",
      "inicio": 177.66,
      "fin": 178.4,
      "duracion": 0.74,
      "texto": "Bueno, te comento.",
      "confianza": 0.803
    },
    {
      "hablante": "Hablante B",
      "inicio": 178.62,
      "fin": 187.27,
      "duracion": 8.65,
      "texto": "Esto sí, sería que luego, obviamente, podás hacer lo que es para... Que tienes esta promo, digamos, de hacer el cambio de entre, para nada más, manteniendo tu mismo número de líneas.",
      "confianza": 0.558
    },
    {
      "hablante": "Hablante B",
      "inicio": 187.47,
      "fin": 190.69,
      "duracion": 3.22,
      "texto": "Puedás estar en donde te encontrás.",
      "confianza": 0.379
    },
    {
      "hablante": "Hablante B",
      "inicio": 190.88,
      "fin": 191.94,
      "duracion": 1.06,
      "texto": "En La Plata.",
      "confianza": 0.722
    },
    {
      "hablante": "Hablante B",
      "inicio": 192.52,
      "fin": 194.91,
      "duracion": 2.38,
      "texto": "en la plata.",
      "confianza": 0.112
    },
    {
      "hablante": "Hablante B",
      "inicio": 194.93,
      "fin": 195.19,
      "duracion": 0.26,
      "texto": "Buenos Aires.",
      "confianza": 0.08
    },
    {
      "hablante": "Hablante B",
      "inicio": 195.21,
      "fin": 196.41,
      "duracion": 1.2,
      "texto": "Claro, qué lindo.",
      "confianza": 0.504
    },
    {
      "hablante": "Hablante B",
      "inicio": 196.43,
      "fin": 197.85,
      "duracion": 1.42,
      "texto": "Bueno, mira, yo te comento, ¿sí?",
      "confianza": 0.685
    },
    {
      "hablante": "Hablante B",
      "inicio": 197.91,
      "fin": 199.57,
      "duracion": 1.66,
      "texto": "Como es para que vos me estés hablando también.",
      "confianza": 0.679
    },
    {
      "hablante": "Hablante B",
      "inicio": 200.06,
      "fin": 204.48,
      "duracion": 4.43,
      "texto": "Nosotros enviamos el chip a una sucursal que a vos te quede, obviamente, cercana, ¿sí?",
      "confianza": 0.714
    },
    {
      "hablante": "Hablante B",
      "inicio": 204.58,
      "fin": 207.43,
      "duracion": 2.84,
      "texto": "Para que vos retienes el chip a partir de las 8 horas.",
      "confianza": 0.519
    },
    {
      "hablante": "Hablante B",
      "inicio": 207.99,
      "fin": 211.75,
      "duracion": 3.77,
      "texto": "Claramente, te damos el aviso para que vos retienes el chip, ¿sí?",
      "confianza": 0.628
    },
    {
      "hablante": "Hablante B",
      "inicio": 211.95,
      "fin": 216.98,
      "duracion": 5.03,
      "texto": "Y nosotros le damos el aviso, claro, obviamente, para que vos no te corten la línea, no crees en comunicada, ¿sabes?",
      "confianza": 0.7
    },
    {
      "hablante": "Hablante B",
      "inicio": 217.0,
      "fin": 219.12,
      "duracion": 2.12,
      "texto": "Porque, claro, te da 8 días, ¿sí?",
      "confianza": 0.637
    },
    {
      "hablante": "Hablante B",
      "inicio": 219.14,
      "fin": 220.69,
      "duracion": 1.54,
      "texto": "Ok.",
      "confianza": 0.304
    },
    {
      "hablante": "Hablante B",
      "inicio": 220.71,
      "fin": 220.94,
      "duracion": 0.24,
      "texto": "No da igual.",
      "confianza": 0.066
    },
    {
      "hablante": "Hablante B",
      "inicio": 221.23,
      "fin": 231.58,
      "duracion": 10.35,
      "texto": "No, me quedo con este de línea porque si no cambia de chip se me borra todo y es como sucio.",
      "confianza": 0.634
    },
    {
      "hablante": "Hablante B",
      "inicio": 231.72,
      "fin": 243.49,
      "duracion": 11.77,
      "texto": "Pero en el chip igual solo haces el cambio de chip, no perdas ni fotos ni contactos ni nada porque seguís manteniendo tus mismas cosas, tu mismo número de líneas.",
      "confianza": 0.594
    },
    {
      "hablante": "Hablante B",
      "inicio": 243.51,
      "fin": 247.79,
      "duracion": 4.28,
      "texto": "No me quedo con este, será la próxima vuelta.",
      "confianza": 0.748
    },
    {
      "hablante": "Hablante B",
      "inicio": 248.68,
      "fin": 250.42,
      "duracion": 1.74,
      "texto": "Bueno, dale, dale.",
      "confianza": 0.595
    },
    {
      "hablante": "Hablante B",
      "inicio": 250.48,
      "fin": 252.3,
      "duracion": 1.82,
      "texto": "Muchas gracias.",
      "confianza": 0.653
    }
  ],
  "transcripcion_completa": "Hola, ¿buen día? Sí. Buenas tardes, ¿cómo estás? Yurde Estela. ¿Teníamos que hablar con la niña Esther? Sí, soy yo. Me gustó. Me ponía entonces para adivinarte una unificación que nosotros tenemos por el 80% de descuento. Y vos, actualmente, como te veo, estás en claro, ¿no? ¿Cómo no te escucho? ¿Vos actualmente, Esther, estás en claro? Sí, estoy en claro, sí. Bien, más o menos, no sé si recordás, ¿qué plan tenés? ¿Cuánto estás abonando? Estoy abonando 10 mil y 11 mil casi por mes. Ajá, bien. Bueno, mira, yo te ofrezco esta promo, sí, para que vos la puedas escuchar estar al tanto, sí. En este caso, yo te voy a brindar un plan que son 8 gigas y vas con 10 gigas de regalo por 6 meses, ¿sí? Calculá, obviamente, qué mensual vas a estar teniendo 18 gigas, sí, hasta ahí voy bien. Ajá. Bien, ¿qué te incluye este plan? Por ejemplo, Rubin en América, sí, ya te voy a incluir dentro del plan, entonces tú vas a necesitar salir, con WhatsApp gratis, sí, todo limitado, y te quedan un valor final de 10.720 pesos, ¿sí? Los 18. No sé vos más o menos cuántos ya estás consumiendo. No, casi nada, porque como en mi casa tengo Wi-Fi, a donde voy tengo Wi-Fi, por ahí cuando salgo nada más y es que no uso tanto las megas ni la promoción ni nada. OK, miren. Solamente le tengo o ponele cuando salgo de mi casa, y para eso nada más. Exactamente, es a donde voy, mi casa, mi trabajo, tengo Wi-Fi, sé que me quedo con ese plan. Bueno, mira, y el otro plan, te lo brindo, ya que vos me comentaste eso, ¿sí? Te sale $7,790, ¿sí? Vas a contar con 4 gigas más 10 gigas de reales por 6 meses. O sea, que vas a tener 14 gigas, ¿sí? A mí me está bueno porque tenéis bastante gigas que así las buses o no las buses, sabéis que vos acá tenéis la opción de guardar, pasar y pedir, ¿sí? En el caso de que no hay buses, lo guardarás en algún momento, ¿viste? Que a veces tenéis que hacer un plan y tú estás en la calle, listo, lo usas. Sabéis que tenéis. Exactamente. Y va a estar abonando, bueno, un poco menos. Así que está bastante bueno, no sé su opinión. Sí, está bueno, desde 7000, se quiere bajar de 10.000 a 7.000, está bueno. Sí, por eso te digo, está bueno y dentro de todo se está vendiendo bastante gigas. Exactamente. Bien. ¿Vos solamente tenéis una línea a estar? Sí, sí, tengo esta línea sola, pero tengo la de mis hijos que son todas a tarjeta. Ah, son prepagas las otras. Las otras son personas, sí. Soy la única porque como mi hijo está en casa todo el tiempo y el colegio tiene wifi, yo que no... Por ahí tanto. Para estar usando tanto. Bien. Exactamente. Perfecto. Bueno, te comento. Esto sí, sería que luego, obviamente, podás hacer lo que es para... Que tienes esta promo, digamos, de hacer el cambio de entre, para nada más, manteniendo tu mismo número de líneas. Puedás estar en donde te encontrás. En La Plata. en la plata. Buenos Aires. Claro, qué lindo. Bueno, mira, yo te comento, ¿sí? Como es para que vos me estés hablando también. Nosotros enviamos el chip a una sucursal que a vos te quede, obviamente, cercana, ¿sí? Para que vos retienes el chip a partir de las 8 horas. Claramente, te damos el aviso para que vos retienes el chip, ¿sí? Y nosotros le damos el aviso, claro, obviamente, para que vos no te corten la línea, no crees en comunicada, ¿sabes? Porque, claro, te da 8 días, ¿sí? Ok. No da igual. No, me quedo con este de línea porque si no cambia de chip se me borra todo y es como sucio. Pero en el chip igual solo haces el cambio de chip, no perdas ni fotos ni contactos ni nada porque seguís manteniendo tus mismas cosas, tu mismo número de líneas. No me quedo con este, será la próxima vuelta. Bueno, dale, dale. Muchas gracias.",
  "calidad": {
    "confianza_promedio": 0.511,
    "metodo_diarizacion": "pausas_fallback",
    "tiempo_procesamiento": 14.5
  },
  "metadata": {
    "modelo": "whisperx_medium",
    "diarizacion": "pausas",
    "dispositivo": "cuda",
    "fecha": "2026-02-18T22:30:07.280506",
    "version": "5.0_ecapa"
  }
}