{
  "archivo": "amza10_1_260218133600745_ACD_88841.wav",
  "duracion_segundos": 76.98,
  "num_segmentos": 25,
  "num_hablantes": 2,
  "hablantes": [
    "Hablante A",
    "Hablante B"
  ],
  "tiempo_por_hablante": {
    "Hablante A": 23.12,
    "Hablante B": 40.92
  },
  "idioma": "es",
  "conversacion": [
    {
      "hablante": "Hablante A",
      "inicio": 1.21,
      "fin": 2.11,
      "duracion": 0.9,
      "texto": "Hola.",
      "confianza": 0.404
    },
    {
      "hablante": "Hablante A",
      "inicio": 2.13,
      "fin": 3.33,
      "duracion": 1.2,
      "texto": "Hola, sí, buenos días.",
      "confianza": 0.265
    },
    {
      "hablante": "Hablante A",
      "inicio": 3.35,
      "fin": 5.14,
      "duracion": 1.78,
      "texto": "Queríamos hablar con Aurelia, ¿se encuentra?",
      "confianza": 0.64
    },
    {
      "hablante": "Hablante B",
      "inicio": 9.32,
      "fin": 9.38,
      "duracion": 0.06,
      "texto": "No.",
      "confianza": 0.015
    },
    {
      "hablante": "Hablante B",
      "inicio": 9.4,
      "fin": 10.6,
      "duracion": 1.2,
      "texto": "Bien, ¿se encuentra?",
      "confianza": 0.475
    },
    {
      "hablante": "Hablante B",
      "inicio": 10.62,
      "fin": 13.62,
      "duracion": 3.0,
      "texto": "¿Usted toma alguna decisión por las líneas móviles?",
      "confianza": 0.63
    },
    {
      "hablante": "Hablante B",
      "inicio": 14.81,
      "fin": 20.19,
      "duracion": 5.39,
      "texto": "Sí, pero movistar yo no quiero usar nada.",
      "confianza": 0.385
    },
    {
      "hablante": "Hablante B",
      "inicio": 20.21,
      "fin": 22.71,
      "duracion": 2.5,
      "texto": "Tuve que movistar y me faltaron mal.",
      "confianza": 0.639
    },
    {
      "hablante": "Hablante B",
      "inicio": 23.26,
      "fin": 29.9,
      "duracion": 6.65,
      "texto": "Se me terminó la promoción, le pedí si me podían dar otra promoción porque no tenía, sinceramente no podía pagarla.",
      "confianza": 0.795
    },
    {
      "hablante": "Hablante B",
      "inicio": 30.73,
      "fin": 33.15,
      "duracion": 2.42,
      "texto": "Me dice, no, bueno, entonces pasé a otra empresa, me dijo.",
      "confianza": 0.405
    },
    {
      "hablante": "Hablante B",
      "inicio": 33.17,
      "fin": 33.99,
      "duracion": 0.82,
      "texto": "Y me cortó.",
      "confianza": 0.828
    },
    {
      "hablante": "Hablante B",
      "inicio": 34.01,
      "fin": 36.35,
      "duracion": 2.34,
      "texto": "Entonces agarré y me pasé para... Claro.",
      "confianza": 0.357
    },
    {
      "hablante": "Hablante B",
      "inicio": 36.37,
      "fin": 37.31,
      "duracion": 0.94,
      "texto": "Ah, mirá vos.",
      "confianza": 0.304
    },
    {
      "hablante": "Hablante B",
      "inicio": 37.33,
      "fin": 37.79,
      "duracion": 0.46,
      "texto": "Qué feo.",
      "confianza": 0.46
    },
    {
      "hablante": "Hablante B",
      "inicio": 37.87,
      "fin": 39.1,
      "duracion": 1.22,
      "texto": "Entonces no quiero hacer más nada.",
      "confianza": 0.442
    },
    {
      "hablante": "Hablante B",
      "inicio": 39.12,
      "fin": 39.54,
      "duracion": 0.42,
      "texto": "Entiendo.",
      "confianza": 0.81
    },
    {
      "hablante": "Hablante B",
      "inicio": 39.72,
      "fin": 40.16,
      "duracion": 0.44,
      "texto": "Con Movistar.",
      "confianza": 0.372
    },
    {
      "hablante": "Hablante B",
      "inicio": 40.18,
      "fin": 44.16,
      "duracion": 3.98,
      "texto": "Entiendo que hayas tenido esa mala experiencia y, bueno, lamentablemente caemos todo en esa bolsa.",
      "confianza": 0.586
    },
    {
      "hablante": "Hablante B",
      "inicio": 45.08,
      "fin": 48.75,
      "duracion": 3.66,
      "texto": "Pero bueno, la idea de esto es brindarte el servicio ya que es una nueva gestión y demás.",
      "confianza": 0.626
    },
    {
      "hablante": "Hablante B",
      "inicio": 48.99,
      "fin": 50.67,
      "duracion": 1.68,
      "texto": "Si es el área de recupero, movistar.",
      "confianza": 0.583
    },
    {
      "hablante": "Hablante B",
      "inicio": 50.69,
      "fin": 54.43,
      "duracion": 3.74,
      "texto": "Y bueno, tuviste ese problema que yo obviamente entiendo perfectamente y tienes razón.",
      "confianza": 0.649
    },
    {
      "hablante": "Hablante A",
      "inicio": 55.99,
      "fin": 59.42,
      "duracion": 3.42,
      "texto": "Sí, no, pero no, Movistar no le piensa un peso más, así que no...",
      "confianza": 0.549
    },
    {
      "hablante": "Hablante A",
      "inicio": 60.53,
      "fin": 72.31,
      "duracion": 11.79,
      "texto": "me quedo con moviste con claro y si no averiguaré para personal pero a movistar no le piensa un peso.",
      "confianza": 0.566
    },
    {
      "hablante": "Hablante A",
      "inicio": 72.94,
      "fin": 75.18,
      "duracion": 2.25,
      "texto": "Bueno vale no tengas problemas.",
      "confianza": 0.492
    },
    {
      "hablante": "Hablante A",
      "inicio": 75.2,
      "fin": 76.98,
      "duracion": 1.78,
      "texto": "Muchas gracias.",
      "confianza": 0.534
    }
  ],
  "transcripcion_completa": "Hola. Hola, sí, buenos días. Queríamos hablar con Aurelia, ¿se encuentra? No. Bien, ¿se encuentra? ¿Usted toma alguna decisión por las líneas móviles? Sí, pero movistar yo no quiero usar nada. Tuve que movistar y me faltaron mal. Se me terminó la promoción, le pedí si me podían dar otra promoción porque no tenía, sinceramente no podía pagarla. Me dice, no, bueno, entonces pasé a otra empresa, me dijo. Y me cortó. Entonces agarré y me pasé para... Claro. Ah, mirá vos. Qué feo. Entonces no quiero hacer más nada. Entiendo. Con Movistar. Entiendo que hayas tenido esa mala experiencia y, bueno, lamentablemente caemos todo en esa bolsa. Pero bueno, la idea de esto es brindarte el servicio ya que es una nueva gestión y demás. Si es el área de recupero, movistar. Y bueno, tuviste ese problema que yo obviamente entiendo perfectamente y tienes razón. Sí, no, pero no, Movistar no le piensa un peso más, así que no... me quedo con moviste con claro y si no averiguaré para personal pero a movistar no le piensa un peso. Bueno vale no tengas problemas. Muchas gracias.",
  "calidad": {
    "confianza_promedio": 0.512,
    "metodo_diarizacion": "pausas_fallback",
    "tiempo_procesamiento": 8.6
  },
  "metadata": {
    "modelo": "whisperx_medium",
    "diarizacion": "pausas",
    "dispositivo": "cuda",
    "fecha": "2026-02-18T22:54:37.108422",
    "version": "5.0_ecapa"
  }
}