{
  "archivo": "amza12_1_260213120032455_ACD_91849.wav",
  "duracion_segundos": 88.04,
  "num_segmentos": 31,
  "num_hablantes": 2,
  "hablantes": [
    "Hablante A",
    "Hablante B"
  ],
  "tiempo_por_hablante": {
    "Hablante A": 25.7,
    "Hablante B": 44.62
  },
  "idioma": "es",
  "conversacion": [
    {
      "hablante": "Hablante A",
      "inicio": 0.88,
      "fin": 3.98,
      "duracion": 3.1,
      "texto": "Hola, buen día.",
      "confianza": 0.048
    },
    {
      "hablante": "Hablante A",
      "inicio": 4.0,
      "fin": 4.26,
      "duracion": 0.26,
      "texto": "Sí, buen día.",
      "confianza": 0.034
    },
    {
      "hablante": "Hablante A",
      "inicio": 4.28,
      "fin": 4.68,
      "duracion": 0.4,
      "texto": "¿Cómo estás?",
      "confianza": 0.677
    },
    {
      "hablante": "Hablante A",
      "inicio": 4.7,
      "fin": 5.04,
      "duracion": 0.34,
      "texto": "Buen día.",
      "confianza": 0.685
    },
    {
      "hablante": "Hablante A",
      "inicio": 5.06,
      "fin": 6.22,
      "duracion": 1.16,
      "texto": "¿Me comunicó con Julio?",
      "confianza": 0.768
    },
    {
      "hablante": "Hablante B",
      "inicio": 9.0,
      "fin": 9.06,
      "duracion": 0.06,
      "texto": "Sí.",
      "confianza": 0.026
    },
    {
      "hablante": "Hablante B",
      "inicio": 9.08,
      "fin": 10.0,
      "duracion": 0.92,
      "texto": "Julio, ¿cómo estás?",
      "confianza": 0.614
    },
    {
      "hablante": "Hablante B",
      "inicio": 10.02,
      "fin": 11.14,
      "duracion": 1.12,
      "texto": "No voy a atablar este helado.",
      "confianza": 0.503
    },
    {
      "hablante": "Hablante B",
      "inicio": 11.18,
      "fin": 14.41,
      "duracion": 3.22,
      "texto": "Me estoy comunicando de la idea de recuperar clientes de Movistar.",
      "confianza": 0.644
    },
    {
      "hablante": "Hablante B",
      "inicio": 14.43,
      "fin": 17.79,
      "duracion": 3.36,
      "texto": "¿Cómo le va?",
      "confianza": 0.605
    },
    {
      "hablante": "Hablante B",
      "inicio": 17.81,
      "fin": 18.01,
      "duracion": 0.2,
      "texto": "¿Qué sale?",
      "confianza": 0.007
    },
    {
      "hablante": "Hablante B",
      "inicio": 18.03,
      "fin": 20.73,
      "duracion": 2.7,
      "texto": "Bien, vos.",
      "confianza": 0.212
    },
    {
      "hablante": "Hablante B",
      "inicio": 20.75,
      "fin": 22.35,
      "duracion": 1.6,
      "texto": "Bien, Julio, te molesto dos segundos.",
      "confianza": 0.762
    },
    {
      "hablante": "Hablante B",
      "inicio": 22.41,
      "fin": 26.72,
      "duracion": 4.3,
      "texto": "Me estaba comunicando con vos para brindarte una promoción con el 80% de descuento, ¿sí?",
      "confianza": 0.632
    },
    {
      "hablante": "Hablante B",
      "inicio": 27.56,
      "fin": 30.46,
      "duracion": 2.9,
      "texto": "Es igual el sistema que vos actualmente tenés claro, ¿es correcto?",
      "confianza": 0.579
    },
    {
      "hablante": "Hablante B",
      "inicio": 31.27,
      "fin": 31.45,
      "duracion": 0.18,
      "texto": "Sí.",
      "confianza": 0.312
    },
    {
      "hablante": "Hablante B",
      "inicio": 31.55,
      "fin": 35.77,
      "duracion": 4.23,
      "texto": "Bien, me asegura también que sos de Córdoba, no sé de qué parte de Córdoba sos.",
      "confianza": 0.637
    },
    {
      "hablante": "Hablante A",
      "inicio": 38.56,
      "fin": 38.84,
      "duracion": 0.28,
      "texto": "De la capital.",
      "confianza": 0.016
    },
    {
      "hablante": "Hablante A",
      "inicio": 38.86,
      "fin": 39.92,
      "duracion": 1.06,
      "texto": "De la capital, perfecto.",
      "confianza": 0.628
    },
    {
      "hablante": "Hablante A",
      "inicio": 39.94,
      "fin": 46.63,
      "duracion": 6.69,
      "texto": "Bien, no sé si sabías que actualmente contamos con un arreglo en el señal en capital de Córdoba para que puedas acceder a justamente este beneficio.",
      "confianza": 0.626
    },
    {
      "hablante": "Hablante A",
      "inicio": 46.85,
      "fin": 49.73,
      "duracion": 2.88,
      "texto": "Pon el 80% y aparte tenemos llegas de regalo también en los planes.",
      "confianza": 0.628
    },
    {
      "hablante": "Hablante A",
      "inicio": 50.87,
      "fin": 56.98,
      "duracion": 6.11,
      "texto": "Va actualmente en claro cuánto estás abonando más o menos, cuánto llegas tenés de regalo.",
      "confianza": 0.647
    },
    {
      "hablante": "Hablante A",
      "inicio": 57.0,
      "fin": 57.66,
      "duracion": 0.66,
      "texto": "No me interesa por ahora cambiar.",
      "confianza": 0.025
    },
    {
      "hablante": "Hablante B",
      "inicio": 60.68,
      "fin": 63.38,
      "duracion": 2.7,
      "texto": "¿Por qué razón no te interesa?",
      "confianza": 0.095
    },
    {
      "hablante": "Hablante B",
      "inicio": 63.4,
      "fin": 67.79,
      "duracion": 4.39,
      "texto": "Porque tengo el poder de decidir si me interesa no cambiar y estoy decidiendo que no me interesa cambiar.",
      "confianza": 0.48
    },
    {
      "hablante": "Hablante B",
      "inicio": 68.71,
      "fin": 73.96,
      "duracion": 5.25,
      "texto": "No, si eso lo entiendo, pero quiero saber por qué, por alguna razón en particular, no te interesa, porque todavía no te ofrezco el bromo.",
      "confianza": 0.546
    },
    {
      "hablante": "Hablante B",
      "inicio": 74.52,
      "fin": 76.68,
      "duracion": 2.16,
      "texto": "No te he dicho ni cuánto sales.",
      "confianza": 0.305
    },
    {
      "hablante": "Hablante B",
      "inicio": 76.7,
      "fin": 80.81,
      "duracion": 4.11,
      "texto": "No me interesa escucharla, está loco, por eso justamente que te estoy diciendo que no me interesa cambiar.",
      "confianza": 0.432
    },
    {
      "hablante": "Hablante B",
      "inicio": 81.65,
      "fin": 82.87,
      "duracion": 1.22,
      "texto": "Bueno, Julio, no te hagas problemas.",
      "confianza": 0.465
    },
    {
      "hablante": "Hablante A",
      "inicio": 84.41,
      "fin": 86.22,
      "duracion": 1.8,
      "texto": "Muchas gracias por tu tiempo, así que tengas buen día.",
      "confianza": 0.596
    },
    {
      "hablante": "Hablante A",
      "inicio": 87.08,
      "fin": 88.04,
      "duracion": 0.96,
      "texto": "Igualmente, hasta luego.",
      "confianza": 0.497
    }
  ],
  "transcripcion_completa": "Hola, buen día. Sí, buen día. ¿Cómo estás? Buen día. ¿Me comunicó con Julio? Sí. Julio, ¿cómo estás? No voy a atablar este helado. Me estoy comunicando de la idea de recuperar clientes de Movistar. ¿Cómo le va? ¿Qué sale? Bien, vos. Bien, Julio, te molesto dos segundos. Me estaba comunicando con vos para brindarte una promoción con el 80% de descuento, ¿sí? Es igual el sistema que vos actualmente tenés claro, ¿es correcto? Sí. Bien, me asegura también que sos de Córdoba, no sé de qué parte de Córdoba sos. De la capital. De la capital, perfecto. Bien, no sé si sabías que actualmente contamos con un arreglo en el señal en capital de Córdoba para que puedas acceder a justamente este beneficio. Pon el 80% y aparte tenemos llegas de regalo también en los planes. Va actualmente en claro cuánto estás abonando más o menos, cuánto llegas tenés de regalo. No me interesa por ahora cambiar. ¿Por qué razón no te interesa? Porque tengo el poder de decidir si me interesa no cambiar y estoy decidiendo que no me interesa cambiar. No, si eso lo entiendo, pero quiero saber por qué, por alguna razón en particular, no te interesa, porque todavía no te ofrezco el bromo. No te he dicho ni cuánto sales. No me interesa escucharla, está loco, por eso justamente que te estoy diciendo que no me interesa cambiar. Bueno, Julio, no te hagas problemas. Muchas gracias por tu tiempo, así que tengas buen día. Igualmente, hasta luego.",
  "calidad": {
    "confianza_promedio": 0.443,
    "metodo_diarizacion": "pausas_fallback",
    "tiempo_procesamiento": 8.4
  },
  "metadata": {
    "modelo": "whisperx_medium",
    "diarizacion": "pausas",
    "dispositivo": "cuda",
    "fecha": "2026-02-18T23:16:43.993433",
    "version": "5.0_ecapa"
  }
}