{
  "archivo": "amza12_1_260212105740800_ACD_54371.wav",
  "duracion_segundos": 78.13,
  "num_segmentos": 29,
  "num_hablantes": 2,
  "hablantes": [
    "Hablante A",
    "Hablante B"
  ],
  "tiempo_por_hablante": {
    "Hablante A": 33.35,
    "Hablante B": 28.68
  },
  "idioma": "es",
  "conversacion": [
    {
      "hablante": "Hablante A",
      "inicio": 0.54,
      "fin": 1.78,
      "duracion": 1.24,
      "texto": "Hola.",
      "confianza": 0.205
    },
    {
      "hablante": "Hablante A",
      "inicio": 1.8,
      "fin": 2.48,
      "duracion": 0.68,
      "texto": "Hola, buenos días.",
      "confianza": 0.392
    },
    {
      "hablante": "Hablante A",
      "inicio": 2.5,
      "fin": 3.0,
      "duracion": 0.5,
      "texto": "¿Cómo estás?",
      "confianza": 0.488
    },
    {
      "hablante": "Hablante B",
      "inicio": 7.25,
      "fin": 7.43,
      "duracion": 0.18,
      "texto": "Buen día.",
      "confianza": 0.0
    },
    {
      "hablante": "Hablante B",
      "inicio": 7.45,
      "fin": 7.93,
      "duracion": 0.48,
      "texto": "¿Me comunico con Daniel?",
      "confianza": 0.004
    },
    {
      "hablante": "Hablante B",
      "inicio": 7.95,
      "fin": 8.01,
      "duracion": 0.06,
      "texto": "Sí.",
      "confianza": 0.014
    },
    {
      "hablante": "Hablante B",
      "inicio": 8.03,
      "fin": 8.39,
      "duracion": 0.36,
      "texto": "Me alegro.",
      "confianza": 0.19
    },
    {
      "hablante": "Hablante B",
      "inicio": 8.41,
      "fin": 11.59,
      "duracion": 3.18,
      "texto": "Me estoy comunicando con vos el día de hoy para brindarte un beneficio en tu línea.",
      "confianza": 0.717
    },
    {
      "hablante": "Hablante B",
      "inicio": 11.61,
      "fin": 14.36,
      "duracion": 2.74,
      "texto": "Me asegura que actualmente estás con claro, ¿es correcto?",
      "confianza": 0.615
    },
    {
      "hablante": "Hablante A",
      "inicio": 16.28,
      "fin": 17.74,
      "duracion": 1.46,
      "texto": "Estoy con claro, así es.",
      "confianza": 0.133
    },
    {
      "hablante": "Hablante A",
      "inicio": 17.76,
      "fin": 18.06,
      "duracion": 0.3,
      "texto": "Perfecto.",
      "confianza": 0.143
    },
    {
      "hablante": "Hablante A",
      "inicio": 18.08,
      "fin": 19.89,
      "duracion": 1.8,
      "texto": "Queríamos brindarte algo mejor en este caso.",
      "confianza": 0.664
    },
    {
      "hablante": "Hablante B",
      "inicio": 21.87,
      "fin": 23.01,
      "duracion": 1.14,
      "texto": "¿De qué línea?",
      "confianza": 0.374
    },
    {
      "hablante": "Hablante B",
      "inicio": 23.03,
      "fin": 24.87,
      "duracion": 1.84,
      "texto": "¿De qué compañía?",
      "confianza": 0.465
    },
    {
      "hablante": "Hablante B",
      "inicio": 25.87,
      "fin": 33.23,
      "duracion": 7.37,
      "texto": "que ayude a movistar en una oportunidad y lo deje porque acá tiene muy mala cobertura, así que no creo que haya mejorado.",
      "confianza": 0.507
    },
    {
      "hablante": "Hablante B",
      "inicio": 33.26,
      "fin": 39.68,
      "duracion": 6.43,
      "texto": "Estamos hablando de un año atrás, así que te agradezco, pero acá tienen mala cobertura.",
      "confianza": 0.749
    },
    {
      "hablante": "Hablante B",
      "inicio": 39.78,
      "fin": 42.55,
      "duracion": 2.76,
      "texto": "¿De dónde sos actualmente, Daniel?",
      "confianza": 0.703
    },
    {
      "hablante": "Hablante B",
      "inicio": 42.56,
      "fin": 43.41,
      "duracion": 0.84,
      "texto": "Perdón.",
      "confianza": 0.678
    },
    {
      "hablante": "Hablante B",
      "inicio": 43.43,
      "fin": 44.73,
      "duracion": 1.3,
      "texto": "¿De dónde sos actualmente?",
      "confianza": 0.654
    },
    {
      "hablante": "Hablante A",
      "inicio": 47.25,
      "fin": 47.63,
      "duracion": 0.38,
      "texto": "De General Pacheco.",
      "confianza": 0.006
    },
    {
      "hablante": "Hablante A",
      "inicio": 47.65,
      "fin": 50.07,
      "duracion": 2.42,
      "texto": "De General Pacheco y me decís que ahí no tenés cobertura.",
      "confianza": 0.391
    },
    {
      "hablante": "Hablante A",
      "inicio": 50.09,
      "fin": 53.16,
      "duracion": 3.06,
      "texto": "¿Te dejas a alguna persona que tenga que movistar ahora?",
      "confianza": 0.481
    },
    {
      "hablante": "Hablante A",
      "inicio": 53.83,
      "fin": 58.36,
      "duracion": 4.53,
      "texto": "No te digo que no tengo, te digo que había mala cobertura de movistar.",
      "confianza": 0.807
    },
    {
      "hablante": "Hablante A",
      "inicio": 58.58,
      "fin": 66.39,
      "duracion": 7.81,
      "texto": "Ah, bueno, ahora me voy a fijar si querés, para que te quedes tranquilo, si tenemos o no cobertura en la zona, ¿te parece?",
      "confianza": 0.53
    },
    {
      "hablante": "Hablante A",
      "inicio": 67.87,
      "fin": 68.92,
      "duracion": 1.04,
      "texto": "¿Sabes qué?",
      "confianza": 0.755
    },
    {
      "hablante": "Hablante A",
      "inicio": 68.94,
      "fin": 74.25,
      "duracion": 5.31,
      "texto": "Estoy trabajando, así que te pido disculpas si querés que en otro momento conversamos.",
      "confianza": 0.596
    },
    {
      "hablante": "Hablante A",
      "inicio": 74.27,
      "fin": 75.45,
      "duracion": 1.18,
      "texto": "Dale, te ayudamos en otro momento, ¿sí?",
      "confianza": 0.306
    },
    {
      "hablante": "Hablante A",
      "inicio": 76.47,
      "fin": 77.41,
      "duracion": 0.94,
      "texto": "Gracias, chao.",
      "confianza": 0.32
    },
    {
      "hablante": "Hablante A",
      "inicio": 77.43,
      "fin": 78.13,
      "duracion": 0.7,
      "texto": "Hasta luego.",
      "confianza": 0.678
    }
  ],
  "transcripcion_completa": "Hola. Hola, buenos días. ¿Cómo estás? Buen día. ¿Me comunico con Daniel? Sí. Me alegro. Me estoy comunicando con vos el día de hoy para brindarte un beneficio en tu línea. Me asegura que actualmente estás con claro, ¿es correcto? Estoy con claro, así es. Perfecto. Queríamos brindarte algo mejor en este caso. ¿De qué línea? ¿De qué compañía? que ayude a movistar en una oportunidad y lo deje porque acá tiene muy mala cobertura, así que no creo que haya mejorado. Estamos hablando de un año atrás, así que te agradezco, pero acá tienen mala cobertura. ¿De dónde sos actualmente, Daniel? Perdón. ¿De dónde sos actualmente? De General Pacheco. De General Pacheco y me decís que ahí no tenés cobertura. ¿Te dejas a alguna persona que tenga que movistar ahora? No te digo que no tengo, te digo que había mala cobertura de movistar. Ah, bueno, ahora me voy a fijar si querés, para que te quedes tranquilo, si tenemos o no cobertura en la zona, ¿te parece? ¿Sabes qué? Estoy trabajando, así que te pido disculpas si querés que en otro momento conversamos. Dale, te ayudamos en otro momento, ¿sí? Gracias, chao. Hasta luego.",
  "calidad": {
    "confianza_promedio": 0.449,
    "metodo_diarizacion": "pausas_fallback",
    "tiempo_procesamiento": 7.6
  },
  "metadata": {
    "modelo": "whisperx_medium",
    "diarizacion": "pausas",
    "dispositivo": "cuda",
    "fecha": "2026-02-18T23:10:58.540599",
    "version": "5.0_ecapa"
  }
}