{
  "archivo": "amza14_1_260218111459216_ACD_04961.wav",
  "duracion_segundos": 224.0,
  "num_segmentos": 51,
  "num_hablantes": 2,
  "hablantes": [
    "Hablante A",
    "Hablante B"
  ],
  "tiempo_por_hablante": {
    "Hablante A": 104.41,
    "Hablante B": 93.99
  },
  "idioma": "es",
  "conversacion": [
    {
      "hablante": "Hablante A",
      "inicio": 1.16,
      "fin": 3.96,
      "duracion": 2.8,
      "texto": "Hola, buen día.",
      "confianza": 0.287
    },
    {
      "hablante": "Hablante A",
      "inicio": 3.98,
      "fin": 4.63,
      "duracion": 0.64,
      "texto": "Buen día.",
      "confianza": 0.209
    },
    {
      "hablante": "Hablante A",
      "inicio": 4.65,
      "fin": 5.21,
      "duracion": 0.56,
      "texto": "¿Cómo le va?",
      "confianza": 0.619
    },
    {
      "hablante": "Hablante A",
      "inicio": 5.23,
      "fin": 5.51,
      "duracion": 0.28,
      "texto": "Un gusto.",
      "confianza": 0.49
    },
    {
      "hablante": "Hablante A",
      "inicio": 5.55,
      "fin": 6.35,
      "duracion": 0.8,
      "texto": "Mi nombre es Bruno.",
      "confianza": 0.692
    },
    {
      "hablante": "Hablante A",
      "inicio": 6.39,
      "fin": 8.29,
      "duracion": 1.9,
      "texto": "Me estaba comunicando desde la área de recupero.",
      "confianza": 0.613
    },
    {
      "hablante": "Hablante A",
      "inicio": 8.31,
      "fin": 9.45,
      "duracion": 1.14,
      "texto": "El cliente es Movistar.",
      "confianza": 0.797
    },
    {
      "hablante": "Hablante A",
      "inicio": 10.71,
      "fin": 16.82,
      "duracion": 6.11,
      "texto": "Tenemos una promoción disponible para la línea.",
      "confianza": 0.799
    },
    {
      "hablante": "Hablante A",
      "inicio": 16.84,
      "fin": 17.14,
      "duracion": 0.3,
      "texto": "A ver, contame.",
      "confianza": 0.056
    },
    {
      "hablante": "Hablante A",
      "inicio": 17.16,
      "fin": 17.26,
      "duracion": 0.1,
      "texto": "Bien.",
      "confianza": 0.048
    },
    {
      "hablante": "Hablante A",
      "inicio": 17.28,
      "fin": 21.5,
      "duracion": 4.22,
      "texto": "Tengo en principio una promoción con 8 gigas de base más 10 gigas de regalo.",
      "confianza": 0.702
    },
    {
      "hablante": "Hablante A",
      "inicio": 22.07,
      "fin": 22.79,
      "duracion": 0.72,
      "texto": "WhatsApp gratis.",
      "confianza": 0.56
    },
    {
      "hablante": "Hablante A",
      "inicio": 22.81,
      "fin": 24.19,
      "duracion": 1.38,
      "texto": "Habla libre de cualquier compañía.",
      "confianza": 0.636
    },
    {
      "hablante": "Hablante A",
      "inicio": 24.21,
      "fin": 27.59,
      "duracion": 3.38,
      "texto": "También incluye Rumin en América en 8.047 pesos.",
      "confianza": 0.773
    },
    {
      "hablante": "Hablante A",
      "inicio": 28.04,
      "fin": 33.55,
      "duracion": 5.51,
      "texto": "Sino otro plan con 15 gigas de base y también 10 de regalo con WhatsApp Gratis a la líder de cualquier compañía.",
      "confianza": 0.712
    },
    {
      "hablante": "Hablante A",
      "inicio": 33.59,
      "fin": 36.54,
      "duracion": 2.95,
      "texto": "Este plan interrumpina al mundo en 11 mil 932.",
      "confianza": 0.679
    },
    {
      "hablante": "Hablante A",
      "inicio": 36.56,
      "fin": 40.32,
      "duracion": 3.77,
      "texto": "¿Usted qué cantidad llega a ocupar actualmente?",
      "confianza": 0.704
    },
    {
      "hablante": "Hablante A",
      "inicio": 41.45,
      "fin": 48.04,
      "duracion": 6.59,
      "texto": "A ver, en nuestra empresa en los tres o siete gigas, de dos meses y ocho a ocho mil pesos.",
      "confianza": 0.068
    },
    {
      "hablante": "Hablante A",
      "inicio": 48.06,
      "fin": 50.92,
      "duracion": 2.87,
      "texto": "Se pregunto por cuánto tiempo sería eso.",
      "confianza": 0.636
    },
    {
      "hablante": "Hablante A",
      "inicio": 50.94,
      "fin": 54.19,
      "duracion": 3.24,
      "texto": "La promoción es por seis meses del 85 por ciento.",
      "confianza": 0.629
    },
    {
      "hablante": "Hablante A",
      "inicio": 55.58,
      "fin": 60.37,
      "duracion": 4.79,
      "texto": "Luego de esos seis meses, nosotros les brindamos un número donde les brindan las nuevas promociones.",
      "confianza": 0.66
    },
    {
      "hablante": "Hablante B",
      "inicio": 64.68,
      "fin": 74.49,
      "duracion": 9.81,
      "texto": "Había escuchado, porque yo tengo Movistar en fibra con ustedes y me habían dicho que también se puede hacer un descuento ahí a la fibra.",
      "confianza": 0.442
    },
    {
      "hablante": "Hablante B",
      "inicio": 75.69,
      "fin": 81.32,
      "duracion": 5.63,
      "texto": "Bien, en el caso de que estén ambos servicios bajo el mismo titular, tendrías lo que son.",
      "confianza": 0.763
    },
    {
      "hablante": "Hablante B",
      "inicio": 81.52,
      "fin": 93.36,
      "duracion": 11.84,
      "texto": "4GB de regalo en la línea y también tendrías un descuento de 4.000 pesos en la factura de la cidura.",
      "confianza": 0.746
    },
    {
      "hablante": "Hablante B",
      "inicio": 93.38,
      "fin": 93.64,
      "duracion": 0.26,
      "texto": "Bien, genial.",
      "confianza": 0.002
    },
    {
      "hablante": "Hablante B",
      "inicio": 93.66,
      "fin": 96.55,
      "duracion": 2.89,
      "texto": "Y escúchame, ¿qué necesito para hacer esto?",
      "confianza": 0.113
    },
    {
      "hablante": "Hablante B",
      "inicio": 96.57,
      "fin": 97.13,
      "duracion": 0.56,
      "texto": "Bien.",
      "confianza": 0.483
    },
    {
      "hablante": "Hablante B",
      "inicio": 97.15,
      "fin": 103.1,
      "duracion": 5.95,
      "texto": "Nosotros lo que buscamos en principio es una sucursal que tenga cercana para ir a retirar el chip.",
      "confianza": 0.765
    },
    {
      "hablante": "Hablante B",
      "inicio": 103.12,
      "fin": 103.92,
      "duracion": 0.8,
      "texto": "Necesito...",
      "confianza": 0.573
    },
    {
      "hablante": "Hablante B",
      "inicio": 103.94,
      "fin": 104.74,
      "duracion": 0.8,
      "texto": "No lo usa chip.",
      "confianza": 0.505
    },
    {
      "hablante": "Hablante B",
      "inicio": 105.25,
      "fin": 121.13,
      "duracion": 15.88,
      "texto": "Entonces, no buscamos ninguna secursal, más o menos en lo que son 48 a 72 horas, mediante tu email que vos tengas en actual movimiento, por ahí te llega lo que es el QR, entonces, en el caso de que sea eSIM.",
      "confianza": 0.748
    },
    {
      "hablante": "Hablante A",
      "inicio": 122.93,
      "fin": 128.98,
      "duracion": 6.05,
      "texto": "Y verificamos tus datos, necesito, por WhatsApp, que te voy a mandar un mensajito,",
      "confianza": 0.689
    },
    {
      "hablante": "Hablante A",
      "inicio": 129.26,
      "fin": 145.47,
      "duracion": 16.22,
      "texto": "que me brindes lo que es la para validar tu identidad, la foto del frente del CD de mi valido identidad y las puedes borrar y enviarte el mensaje de portabilidad, nada más.",
      "confianza": 0.626
    },
    {
      "hablante": "Hablante B",
      "inicio": 149.58,
      "fin": 152.4,
      "duracion": 2.82,
      "texto": "Claro, ahí está el tema, el tema de enviarte el DMI, porque ustedes ya tienen todos mis datos, con todo lo que pasa hoy en día y es el miedo.",
      "confianza": 0.007
    },
    {
      "hablante": "Hablante B",
      "inicio": 152.42,
      "fin": 153.68,
      "duracion": 1.26,
      "texto": "Claro, de una.",
      "confianza": 0.487
    },
    {
      "hablante": "Hablante B",
      "inicio": 153.7,
      "fin": 156.69,
      "duracion": 2.98,
      "texto": "Sí, este es uno de los problemas que tenemos principalmente, pero",
      "confianza": 0.682
    },
    {
      "hablante": "Hablante B",
      "inicio": 156.95,
      "fin": 164.76,
      "duracion": 7.81,
      "texto": "Anteriormente hemos tenido los problemas de que personas que no son las titulares hacen portabilidades de líneas que no son suyas, por así decirlo.",
      "confianza": 0.818
    },
    {
      "hablante": "Hablante B",
      "inicio": 164.8,
      "fin": 168.95,
      "duracion": 4.15,
      "texto": "Por eso ahora sí o sí nos exigen eso del documento.",
      "confianza": 0.797
    },
    {
      "hablante": "Hablante B",
      "inicio": 169.05,
      "fin": 176.68,
      "duracion": 7.63,
      "texto": "Pero de última, yo te voy a mandar un WhatsApp de todas formas y voy a consultar a ver si podemos hacer algún tipo de excepción en tu caso.",
      "confianza": 0.69
    },
    {
      "hablante": "Hablante B",
      "inicio": 177.04,
      "fin": 178.3,
      "duracion": 1.26,
      "texto": "No sé si te parece eso.",
      "confianza": 0.637
    },
    {
      "hablante": "Hablante B",
      "inicio": 179.28,
      "fin": 186.49,
      "duracion": 7.21,
      "texto": "¿Cómo es tu nombre, perdón?",
      "confianza": 0.578
    },
    {
      "hablante": "Hablante B",
      "inicio": 187.13,
      "fin": 191.57,
      "duracion": 4.45,
      "texto": "Hasmani.",
      "confianza": 0.688
    },
    {
      "hablante": "Hablante A",
      "inicio": 193.88,
      "fin": 199.66,
      "duracion": 5.79,
      "texto": "Hasmani, perdón, no lo quería pronunciar mal.",
      "confianza": 0.608
    },
    {
      "hablante": "Hablante A",
      "inicio": 200.07,
      "fin": 205.11,
      "duracion": 5.05,
      "texto": "Mira, yo ahí te mandé un mensaje por WhatsApp, voy a consultar y te confirmo por ahí.",
      "confianza": 0.717
    },
    {
      "hablante": "Hablante A",
      "inicio": 205.13,
      "fin": 210.22,
      "duracion": 5.09,
      "texto": "En el caso de que me dejen hacerlo sin la documentación, podemos avanzar como sin problemas, ¿sí?",
      "confianza": 0.813
    },
    {
      "hablante": "Hablante A",
      "inicio": 210.8,
      "fin": 215.77,
      "duracion": 4.97,
      "texto": "Pero déjame que consulte y yo ahí te confirmo por ahí por el mismo WhatsApp.",
      "confianza": 0.759
    },
    {
      "hablante": "Hablante A",
      "inicio": 215.79,
      "fin": 216.27,
      "duracion": 0.48,
      "texto": "Vale, gracias.",
      "confianza": 0.25
    },
    {
      "hablante": "Hablante A",
      "inicio": 217.23,
      "fin": 221.19,
      "duracion": 3.97,
      "texto": "Dale, ahí cualquier cosa te vuelvo a llamar.",
      "confianza": 0.606
    },
    {
      "hablante": "Hablante A",
      "inicio": 221.22,
      "fin": 221.42,
      "duracion": 0.2,
      "texto": "Dale, voy.",
      "confianza": 0.024
    },
    {
      "hablante": "Hablante A",
      "inicio": 221.44,
      "fin": 223.74,
      "duracion": 2.3,
      "texto": "Buen día, hasta luego.",
      "confianza": 0.765
    },
    {
      "hablante": "Hablante A",
      "inicio": 223.76,
      "fin": 224.0,
      "duracion": 0.24,
      "texto": "Hasta luego.",
      "confianza": 0.084
    }
  ],
  "transcripcion_completa": "Hola, buen día. Buen día. ¿Cómo le va? Un gusto. Mi nombre es Bruno. Me estaba comunicando desde la área de recupero. El cliente es Movistar. Tenemos una promoción disponible para la línea. A ver, contame. Bien. Tengo en principio una promoción con 8 gigas de base más 10 gigas de regalo. WhatsApp gratis. Habla libre de cualquier compañía. También incluye Rumin en América en 8.047 pesos. Sino otro plan con 15 gigas de base y también 10 de regalo con WhatsApp Gratis a la líder de cualquier compañía. Este plan interrumpina al mundo en 11 mil 932. ¿Usted qué cantidad llega a ocupar actualmente? A ver, en nuestra empresa en los tres o siete gigas, de dos meses y ocho a ocho mil pesos. Se pregunto por cuánto tiempo sería eso. La promoción es por seis meses del 85 por ciento. Luego de esos seis meses, nosotros les brindamos un número donde les brindan las nuevas promociones. Había escuchado, porque yo tengo Movistar en fibra con ustedes y me habían dicho que también se puede hacer un descuento ahí a la fibra. Bien, en el caso de que estén ambos servicios bajo el mismo titular, tendrías lo que son. 4GB de regalo en la línea y también tendrías un descuento de 4.000 pesos en la factura de la cidura. Bien, genial. Y escúchame, ¿qué necesito para hacer esto? Bien. Nosotros lo que buscamos en principio es una sucursal que tenga cercana para ir a retirar el chip. Necesito... No lo usa chip. Entonces, no buscamos ninguna secursal, más o menos en lo que son 48 a 72 horas, mediante tu email que vos tengas en actual movimiento, por ahí te llega lo que es el QR, entonces, en el caso de que sea eSIM. Y verificamos tus datos, necesito, por WhatsApp, que te voy a mandar un mensajito, que me brindes lo que es la para validar tu identidad, la foto del frente del CD de mi valido identidad y las puedes borrar y enviarte el mensaje de portabilidad, nada más. Claro, ahí está el tema, el tema de enviarte el DMI, porque ustedes ya tienen todos mis datos, con todo lo que pasa hoy en día y es el miedo. Claro, de una. Sí, este es uno de los problemas que tenemos principalmente, pero Anteriormente hemos tenido los problemas de que personas que no son las titulares hacen portabilidades de líneas que no son suyas, por así decirlo. Por eso ahora sí o sí nos exigen eso del documento. Pero de última, yo te voy a mandar un WhatsApp de todas formas y voy a consultar a ver si podemos hacer algún tipo de excepción en tu caso. No sé si te parece eso. ¿Cómo es tu nombre, perdón? Hasmani. Hasmani, perdón, no lo quería pronunciar mal. Mira, yo ahí te mandé un mensaje por WhatsApp, voy a consultar y te confirmo por ahí. En el caso de que me dejen hacerlo sin la documentación, podemos avanzar como sin problemas, ¿sí? Pero déjame que consulte y yo ahí te confirmo por ahí por el mismo WhatsApp. Vale, gracias. Dale, ahí cualquier cosa te vuelvo a llamar. Dale, voy. Buen día, hasta luego. Hasta luego.",
  "calidad": {
    "confianza_promedio": 0.546,
    "metodo_diarizacion": "pausas_fallback",
    "tiempo_procesamiento": 12.0
  },
  "metadata": {
    "modelo": "whisperx_medium",
    "diarizacion": "pausas",
    "dispositivo": "cuda",
    "fecha": "2026-02-18T23:32:28.883787",
    "version": "5.0_ecapa"
  }
}