{
  "archivo": "amza10_1_260219111148431_ACD_21011.wav",
  "duracion_segundos": 118.38,
  "num_segmentos": 39,
  "num_hablantes": 2,
  "hablantes": [
    "Hablante A",
    "Hablante B"
  ],
  "tiempo_por_hablante": {
    "Hablante B": 51.49,
    "Hablante A": 45.75
  },
  "idioma": "es",
  "conversacion": [
    {
      "hablante": "Hablante B",
      "inicio": 1.6,
      "fin": 2.76,
      "duracion": 1.16,
      "texto": "Hola, buenos días.",
      "confianza": 0.072
    },
    {
      "hablante": "Hablante B",
      "inicio": 2.78,
      "fin": 3.4,
      "duracion": 0.62,
      "texto": "¿Con Cristian?",
      "confianza": 0.482
    },
    {
      "hablante": "Hablante A",
      "inicio": 7.35,
      "fin": 7.69,
      "duracion": 0.34,
      "texto": "Sí, con él hablo.",
      "confianza": 0.024
    },
    {
      "hablante": "Hablante A",
      "inicio": 7.71,
      "fin": 7.97,
      "duracion": 0.26,
      "texto": "¿Quién habla?",
      "confianza": 0.027
    },
    {
      "hablante": "Hablante A",
      "inicio": 7.99,
      "fin": 8.61,
      "duracion": 0.62,
      "texto": "Lourdes te habla.",
      "confianza": 0.607
    },
    {
      "hablante": "Hablante A",
      "inicio": 8.63,
      "fin": 9.33,
      "duracion": 0.7,
      "texto": "¿Cómo estás?",
      "confianza": 0.711
    },
    {
      "hablante": "Hablante A",
      "inicio": 9.35,
      "fin": 10.81,
      "duracion": 1.46,
      "texto": "Me ponían en contacto Cristian.",
      "confianza": 0.666
    },
    {
      "hablante": "Hablante A",
      "inicio": 10.97,
      "fin": 15.32,
      "duracion": 4.35,
      "texto": "Sí, Lourdes Movistar, para brindarte una bonificación que tenemos al 80% descuento.",
      "confianza": 0.762
    },
    {
      "hablante": "Hablante A",
      "inicio": 16.28,
      "fin": 16.84,
      "duracion": 0.56,
      "texto": "Bien, Lourdes.",
      "confianza": 0.312
    },
    {
      "hablante": "Hablante A",
      "inicio": 17.84,
      "fin": 22.09,
      "duracion": 4.25,
      "texto": "Veo que estás en claro, Cristian.",
      "confianza": 0.784
    },
    {
      "hablante": "Hablante A",
      "inicio": 22.11,
      "fin": 22.57,
      "duracion": 0.46,
      "texto": "Sí, sí, estoy en claro.",
      "confianza": 0.031
    },
    {
      "hablante": "Hablante A",
      "inicio": 22.59,
      "fin": 22.69,
      "duracion": 0.1,
      "texto": "Bien.",
      "confianza": 0.007
    },
    {
      "hablante": "Hablante A",
      "inicio": 22.71,
      "fin": 25.24,
      "duracion": 2.52,
      "texto": "Bueno, más que nada, era brindarte la oferta que puedas estar al tanto.",
      "confianza": 0.585
    },
    {
      "hablante": "Hablante A",
      "inicio": 25.3,
      "fin": 26.96,
      "duracion": 1.66,
      "texto": "Sí, a mí es una que contás con dos líneas.",
      "confianza": 0.671
    },
    {
      "hablante": "Hablante A",
      "inicio": 27.0,
      "fin": 28.5,
      "duracion": 1.5,
      "texto": "No sé si siguen activas a dos.",
      "confianza": 0.58
    },
    {
      "hablante": "Hablante B",
      "inicio": 30.02,
      "fin": 33.34,
      "duracion": 3.32,
      "texto": "Sí, están activas.",
      "confianza": 0.254
    },
    {
      "hablante": "Hablante B",
      "inicio": 33.36,
      "fin": 34.42,
      "duracion": 1.06,
      "texto": "Bien, te comento el plan.",
      "confianza": 0.621
    },
    {
      "hablante": "Hablante B",
      "inicio": 34.44,
      "fin": 41.79,
      "duracion": 7.35,
      "texto": "Son 8 gigas de base con 10 gigas aparte del regalo que creamos por 6 meses, donde vas a estar contando con 18 gigas mensual.",
      "confianza": 0.677
    },
    {
      "hablante": "Hablante B",
      "inicio": 42.41,
      "fin": 43.97,
      "duracion": 1.56,
      "texto": "¿Qué te incluye este plan, Cristian?",
      "confianza": 0.61
    },
    {
      "hablante": "Hablante B",
      "inicio": 43.99,
      "fin": 53.34,
      "duracion": 9.35,
      "texto": "Lo que es rumen en América, WhatsApp gratis y todo limitado, que eso sería las llamadas y los mensajes, en un valor final de 10.730 pesos.",
      "confianza": 0.792
    },
    {
      "hablante": "Hablante B",
      "inicio": 53.4,
      "fin": 54.74,
      "duracion": 1.34,
      "texto": "Estos 18 gigas en total.",
      "confianza": 0.64
    },
    {
      "hablante": "Hablante B",
      "inicio": 55.53,
      "fin": 58.2,
      "duracion": 2.66,
      "texto": "En este caso, por ser dos líneas, se te hace con loco.",
      "confianza": 0.672
    },
    {
      "hablante": "Hablante B",
      "inicio": 58.22,
      "fin": 62.12,
      "duracion": 3.9,
      "texto": "Es como un plan familiar y te damos cuatro Ligas aparte de regalo, para cada línea.",
      "confianza": 0.727
    },
    {
      "hablante": "Hablante B",
      "inicio": 62.7,
      "fin": 64.36,
      "duracion": 1.66,
      "texto": "Así que bueno, ahí ya vas a tener 22 Ligas.",
      "confianza": 0.459
    },
    {
      "hablante": "Hablante B",
      "inicio": 64.64,
      "fin": 69.55,
      "duracion": 4.9,
      "texto": "No sé cómo te va este plan en tema de los Ligas.",
      "confianza": 0.753
    },
    {
      "hablante": "Hablante B",
      "inicio": 69.57,
      "fin": 77.13,
      "duracion": 7.57,
      "texto": "Mira, Lulz, está de que yo estoy bien en un claro, no estoy teniendo problemas, tengo un buen número.",
      "confianza": 0.716
    },
    {
      "hablante": "Hablante A",
      "inicio": 79.17,
      "fin": 83.06,
      "duracion": 3.88,
      "texto": "No sé si llevo con las dos líneas algo de 12.000 pesos.",
      "confianza": 0.601
    },
    {
      "hablante": "Hablante A",
      "inicio": 83.68,
      "fin": 90.01,
      "duracion": 6.33,
      "texto": "Estoy llegando bien con internet, estoy bastante bien, así que bueno, en el caso de que necesites hacer un cambio, te aviso.",
      "confianza": 0.689
    },
    {
      "hablante": "Hablante A",
      "inicio": 90.03,
      "fin": 94.89,
      "duracion": 4.87,
      "texto": "¿Me podías mandar un mensajito con la promo?",
      "confianza": 0.749
    },
    {
      "hablante": "Hablante A",
      "inicio": 94.91,
      "fin": 97.74,
      "duracion": 2.82,
      "texto": "Y lo evaluo después en casa porque estoy trabajando ahora.",
      "confianza": 0.476
    },
    {
      "hablante": "Hablante A",
      "inicio": 98.5,
      "fin": 100.88,
      "duracion": 2.38,
      "texto": "Sí, me habías dicho igual que por las dos líneas hablas 12.000 personas.",
      "confianza": 0.555
    },
    {
      "hablante": "Hablante A",
      "inicio": 101.8,
      "fin": 102.98,
      "duracion": 1.18,
      "texto": "Sí, exacto.",
      "confianza": 0.255
    },
    {
      "hablante": "Hablante A",
      "inicio": 103.0,
      "fin": 103.92,
      "duracion": 0.92,
      "texto": "Claro.",
      "confianza": 0.261
    },
    {
      "hablante": "Hablante A",
      "inicio": 103.94,
      "fin": 105.17,
      "duracion": 1.22,
      "texto": "Bueno, dale, hacemos una cosa, Cristian.",
      "confianza": 0.53
    },
    {
      "hablante": "Hablante A",
      "inicio": 105.19,
      "fin": 106.99,
      "duracion": 1.8,
      "texto": "Yo te dejo ahí un mensajito por WhatsApp.",
      "confianza": 0.633
    },
    {
      "hablante": "Hablante B",
      "inicio": 109.51,
      "fin": 109.71,
      "duracion": 0.2,
      "texto": "Claro, ok.",
      "confianza": 0.022
    },
    {
      "hablante": "Hablante B",
      "inicio": 109.73,
      "fin": 111.61,
      "duracion": 1.88,
      "texto": "Bueno, avísame por este medio mientras tanto.",
      "confianza": 0.712
    },
    {
      "hablante": "Hablante B",
      "inicio": 112.33,
      "fin": 115.3,
      "duracion": 2.96,
      "texto": "Muchas gracias Christian, de todas maneras.",
      "confianza": 0.644
    },
    {
      "hablante": "Hablante A",
      "inicio": 116.81,
      "fin": 118.38,
      "duracion": 1.57,
      "texto": "Igualmente para vos.",
      "confianza": 0.492
    }
  ],
  "transcripcion_completa": "Hola, buenos días. ¿Con Cristian? Sí, con él hablo. ¿Quién habla? Lourdes te habla. ¿Cómo estás? Me ponían en contacto Cristian. Sí, Lourdes Movistar, para brindarte una bonificación que tenemos al 80% descuento. Bien, Lourdes. Veo que estás en claro, Cristian. Sí, sí, estoy en claro. Bien. Bueno, más que nada, era brindarte la oferta que puedas estar al tanto. Sí, a mí es una que contás con dos líneas. No sé si siguen activas a dos. Sí, están activas. Bien, te comento el plan. Son 8 gigas de base con 10 gigas aparte del regalo que creamos por 6 meses, donde vas a estar contando con 18 gigas mensual. ¿Qué te incluye este plan, Cristian? Lo que es rumen en América, WhatsApp gratis y todo limitado, que eso sería las llamadas y los mensajes, en un valor final de 10.730 pesos. Estos 18 gigas en total. En este caso, por ser dos líneas, se te hace con loco. Es como un plan familiar y te damos cuatro Ligas aparte de regalo, para cada línea. Así que bueno, ahí ya vas a tener 22 Ligas. No sé cómo te va este plan en tema de los Ligas. Mira, Lulz, está de que yo estoy bien en un claro, no estoy teniendo problemas, tengo un buen número. No sé si llevo con las dos líneas algo de 12.000 pesos. Estoy llegando bien con internet, estoy bastante bien, así que bueno, en el caso de que necesites hacer un cambio, te aviso. ¿Me podías mandar un mensajito con la promo? Y lo evaluo después en casa porque estoy trabajando ahora. Sí, me habías dicho igual que por las dos líneas hablas 12.000 personas. Sí, exacto. Claro. Bueno, dale, hacemos una cosa, Cristian. Yo te dejo ahí un mensajito por WhatsApp. Claro, ok. Bueno, avísame por este medio mientras tanto. Muchas gracias Christian, de todas maneras. Igualmente para vos.",
  "calidad": {
    "confianza_promedio": 0.509,
    "metodo_diarizacion": "pausas_fallback",
    "tiempo_procesamiento": 9.4
  },
  "metadata": {
    "modelo": "whisperx_medium",
    "diarizacion": "pausas",
    "dispositivo": "cuda",
    "fecha": "2026-02-21T13:27:54.869206",
    "version": "5.0_ecapa"
  }
}