{
  "archivo": "amza12_1_260212145751370_ACD_12219.wav",
  "duracion_segundos": 143.72,
  "num_segmentos": 42,
  "num_hablantes": 2,
  "hablantes": [
    "Hablante A",
    "Hablante B"
  ],
  "tiempo_por_hablante": {
    "Hablante A": 59.72,
    "Hablante B": 69.25
  },
  "idioma": "es",
  "conversacion": [
    {
      "hablante": "Hablante A",
      "inicio": 0.03,
      "fin": 1.43,
      "duracion": 1.4,
      "texto": "Hola.",
      "confianza": 0.229
    },
    {
      "hablante": "Hablante A",
      "inicio": 1.45,
      "fin": 2.25,
      "duracion": 0.8,
      "texto": "Hola, buenos días.",
      "confianza": 0.545
    },
    {
      "hablante": "Hablante A",
      "inicio": 2.31,
      "fin": 2.79,
      "duracion": 0.48,
      "texto": "¿Cómo le va?",
      "confianza": 0.462
    },
    {
      "hablante": "Hablante A",
      "inicio": 2.81,
      "fin": 7.26,
      "duracion": 4.45,
      "texto": "¿Me comunico con Mario?",
      "confianza": 0.644
    },
    {
      "hablante": "Hablante A",
      "inicio": 7.28,
      "fin": 7.34,
      "duracion": 0.06,
      "texto": "Sí.",
      "confianza": 0.018
    },
    {
      "hablante": "Hablante A",
      "inicio": 7.36,
      "fin": 8.22,
      "duracion": 0.86,
      "texto": "Mario, ¿cómo estás?",
      "confianza": 0.193
    },
    {
      "hablante": "Hablante A",
      "inicio": 8.24,
      "fin": 9.02,
      "duracion": 0.78,
      "texto": "No, él es mi nombre.",
      "confianza": 0.272
    },
    {
      "hablante": "Hablante A",
      "inicio": 9.04,
      "fin": 18.09,
      "duracion": 9.05,
      "texto": "Me estoy comunicando de la idea de recuperar el cliente de Movistar.",
      "confianza": 0.447
    },
    {
      "hablante": "Hablante A",
      "inicio": 18.11,
      "fin": 21.76,
      "duracion": 3.65,
      "texto": "¿Cómo le va?",
      "confianza": 0.372
    },
    {
      "hablante": "Hablante A",
      "inicio": 21.78,
      "fin": 21.88,
      "duracion": 0.1,
      "texto": "Hola.",
      "confianza": 0.055
    },
    {
      "hablante": "Hablante A",
      "inicio": 21.9,
      "fin": 24.48,
      "duracion": 2.58,
      "texto": "Sí, hola, hola, hola.",
      "confianza": 0.553
    },
    {
      "hablante": "Hablante A",
      "inicio": 24.5,
      "fin": 25.98,
      "duracion": 1.48,
      "texto": "No, no, no.",
      "confianza": 0.417
    },
    {
      "hablante": "Hablante A",
      "inicio": 26.0,
      "fin": 26.34,
      "duracion": 0.34,
      "texto": "¿Cómo?",
      "confianza": 0.538
    },
    {
      "hablante": "Hablante A",
      "inicio": 27.25,
      "fin": 34.82,
      "duracion": 7.57,
      "texto": "Que no anda bien el teléfono, digo.",
      "confianza": 0.253
    },
    {
      "hablante": "Hablante A",
      "inicio": 34.84,
      "fin": 39.17,
      "duracion": 4.33,
      "texto": "Bien, yo te escucho bien, ¿eh?",
      "confianza": 0.427
    },
    {
      "hablante": "Hablante A",
      "inicio": 39.19,
      "fin": 41.47,
      "duracion": 2.28,
      "texto": "Me comunico con usted para brindarle beneficios a su línea.",
      "confianza": 0.631
    },
    {
      "hablante": "Hablante B",
      "inicio": 45.36,
      "fin": 45.42,
      "duracion": 0.06,
      "texto": "Sí.",
      "confianza": 0.276
    },
    {
      "hablante": "Hablante B",
      "inicio": 45.44,
      "fin": 48.84,
      "duracion": 3.41,
      "texto": "Quería brindarle lo que es un 80% del puente en tu línea, ¿sí?",
      "confianza": 0.674
    },
    {
      "hablante": "Hablante B",
      "inicio": 48.86,
      "fin": 50.49,
      "duracion": 1.62,
      "texto": "Me asegura que el problema está siendo claro.",
      "confianza": 0.384
    },
    {
      "hablante": "Hablante B",
      "inicio": 51.87,
      "fin": 53.19,
      "duracion": 1.32,
      "texto": "Sí, sí.",
      "confianza": 0.308
    },
    {
      "hablante": "Hablante B",
      "inicio": 53.96,
      "fin": 63.69,
      "duracion": 9.73,
      "texto": "Bien, cuéntame, ¿cuánto más o menos estás pagando en tu línea hasta el día de hoy?",
      "confianza": 0.49
    },
    {
      "hablante": "Hablante B",
      "inicio": 63.71,
      "fin": 64.33,
      "duracion": 0.62,
      "texto": "Estaba pagando ocho mil y algo.",
      "confianza": 0.006
    },
    {
      "hablante": "Hablante B",
      "inicio": 64.35,
      "fin": 65.35,
      "duracion": 1.0,
      "texto": "Ocho mil y algo, perfecto.",
      "confianza": 0.493
    },
    {
      "hablante": "Hablante B",
      "inicio": 65.37,
      "fin": 70.84,
      "duracion": 5.47,
      "texto": "¿Con eso estás bien o además de eso se recarga?",
      "confianza": 0.693
    },
    {
      "hablante": "Hablante B",
      "inicio": 70.86,
      "fin": 70.92,
      "duracion": 0.06,
      "texto": "Sí.",
      "confianza": 0.091
    },
    {
      "hablante": "Hablante B",
      "inicio": 70.94,
      "fin": 75.0,
      "duracion": 4.06,
      "texto": "¿Además de eso se recarga o estás bien con eso?",
      "confianza": 0.599
    },
    {
      "hablante": "Hablante B",
      "inicio": 75.02,
      "fin": 81.17,
      "duracion": 6.15,
      "texto": "No, no, no, porque yo lo uso únicamente para llamar y mandar",
      "confianza": 0.59
    },
    {
      "hablante": "Hablante B",
      "inicio": 82.57,
      "fin": 85.59,
      "duracion": 3.02,
      "texto": "WhatsApp, nada más.",
      "confianza": 0.117
    },
    {
      "hablante": "Hablante B",
      "inicio": 85.61,
      "fin": 89.66,
      "duracion": 4.05,
      "texto": "Después no la he usado para otra cosa.",
      "confianza": 0.428
    },
    {
      "hablante": "Hablante B",
      "inicio": 89.94,
      "fin": 90.28,
      "duracion": 0.34,
      "texto": "Bien, perfecto.",
      "confianza": 0.194
    },
    {
      "hablante": "Hablante B",
      "inicio": 90.3,
      "fin": 99.41,
      "duracion": 9.11,
      "texto": "En este caso tenemos la posibilidad de brindarte una promo con el 80% de descuento, que es una promo de 4 gigas de base y 10 de regalo por 6 meses en 7.790.",
      "confianza": 0.586
    },
    {
      "hablante": "Hablante B",
      "inicio": 99.43,
      "fin": 105.06,
      "duracion": 5.63,
      "texto": "¿Te parece bien la cantidad de gigas y el valor?",
      "confianza": 0.477
    },
    {
      "hablante": "Hablante B",
      "inicio": 105.08,
      "fin": 106.18,
      "duracion": 1.1,
      "texto": "Bueno, vamos a ver.",
      "confianza": 0.638
    },
    {
      "hablante": "Hablante B",
      "inicio": 106.2,
      "fin": 107.34,
      "duracion": 1.14,
      "texto": "Yo no entiendo nada de teléfono.",
      "confianza": 0.475
    },
    {
      "hablante": "Hablante B",
      "inicio": 107.36,
      "fin": 109.4,
      "duracion": 2.04,
      "texto": "Cuando venga mi hijo le comento.",
      "confianza": 0.5
    },
    {
      "hablante": "Hablante A",
      "inicio": 111.03,
      "fin": 117.81,
      "duracion": 6.77,
      "texto": "Vale, ¿en qué momento estás con tu hijo?",
      "confianza": 0.509
    },
    {
      "hablante": "Hablante A",
      "inicio": 117.83,
      "fin": 118.91,
      "duracion": 1.08,
      "texto": "¿Cómo?",
      "confianza": 0.238
    },
    {
      "hablante": "Hablante A",
      "inicio": 118.93,
      "fin": 122.05,
      "duracion": 3.12,
      "texto": "¿En qué momento estás con tu hijo?",
      "confianza": 0.52
    },
    {
      "hablante": "Hablante A",
      "inicio": 122.11,
      "fin": 126.6,
      "duracion": 4.49,
      "texto": "A veces a las 8, por ahí viene más tarde.",
      "confianza": 0.508
    },
    {
      "hablante": "Hablante A",
      "inicio": 127.88,
      "fin": 131.93,
      "duracion": 4.05,
      "texto": "Bueno, te pongo a la puerta comercial por WhatsApp y ahí hablamos directamente.",
      "confianza": 0.579
    },
    {
      "hablante": "Hablante B",
      "inicio": 134.35,
      "fin": 135.47,
      "duracion": 1.12,
      "texto": "Bueno, bueno, gracias.",
      "confianza": 0.219
    },
    {
      "hablante": "Hablante B",
      "inicio": 135.52,
      "fin": 143.72,
      "duracion": 8.2,
      "texto": "Vale, gracias a vos que estén a su mismo día.",
      "confianza": 0.624
    }
  ],
  "transcripcion_completa": "Hola. Hola, buenos días. ¿Cómo le va? ¿Me comunico con Mario? Sí. Mario, ¿cómo estás? No, él es mi nombre. Me estoy comunicando de la idea de recuperar el cliente de Movistar. ¿Cómo le va? Hola. Sí, hola, hola, hola. No, no, no. ¿Cómo? Que no anda bien el teléfono, digo. Bien, yo te escucho bien, ¿eh? Me comunico con usted para brindarle beneficios a su línea. Sí. Quería brindarle lo que es un 80% del puente en tu línea, ¿sí? Me asegura que el problema está siendo claro. Sí, sí. Bien, cuéntame, ¿cuánto más o menos estás pagando en tu línea hasta el día de hoy? Estaba pagando ocho mil y algo. Ocho mil y algo, perfecto. ¿Con eso estás bien o además de eso se recarga? Sí. ¿Además de eso se recarga o estás bien con eso? No, no, no, porque yo lo uso únicamente para llamar y mandar WhatsApp, nada más. Después no la he usado para otra cosa. Bien, perfecto. En este caso tenemos la posibilidad de brindarte una promo con el 80% de descuento, que es una promo de 4 gigas de base y 10 de regalo por 6 meses en 7.790. ¿Te parece bien la cantidad de gigas y el valor? Bueno, vamos a ver. Yo no entiendo nada de teléfono. Cuando venga mi hijo le comento. Vale, ¿en qué momento estás con tu hijo? ¿Cómo? ¿En qué momento estás con tu hijo? A veces a las 8, por ahí viene más tarde. Bueno, te pongo a la puerta comercial por WhatsApp y ahí hablamos directamente. Bueno, bueno, gracias. Vale, gracias a vos que estén a su mismo día.",
  "calidad": {
    "confianza_promedio": 0.411,
    "metodo_diarizacion": "pausas_fallback",
    "tiempo_procesamiento": 9.4
  },
  "metadata": {
    "modelo": "whisperx_medium",
    "diarizacion": "pausas",
    "dispositivo": "cuda",
    "fecha": "2026-02-18T23:13:31.896505",
    "version": "5.0_ecapa"
  }
}