{
  "archivo": "amza12_2_260210115515587_ACD_35595.wav",
  "duracion_segundos": 79.87,
  "num_segmentos": 25,
  "num_hablantes": 2,
  "hablantes": [
    "Hablante A",
    "Hablante B"
  ],
  "tiempo_por_hablante": {
    "Hablante B": 45.7,
    "Hablante A": 4.18
  },
  "idioma": "es",
  "conversacion": [
    {
      "hablante": "Hablante B",
      "inicio": 20.28,
      "fin": 24.45,
      "duracion": 4.17,
      "texto": "Hola.",
      "confianza": 0.454
    },
    {
      "hablante": "Hablante B",
      "inicio": 24.47,
      "fin": 24.83,
      "duracion": 0.36,
      "texto": "Hola, buenos días.",
      "confianza": 0.007
    },
    {
      "hablante": "Hablante B",
      "inicio": 24.85,
      "fin": 25.09,
      "duracion": 0.24,
      "texto": "¿Cómo le va?",
      "confianza": 0.01
    },
    {
      "hablante": "Hablante B",
      "inicio": 25.11,
      "fin": 25.29,
      "duracion": 0.18,
      "texto": "¿Qué tal?",
      "confianza": 0.062
    },
    {
      "hablante": "Hablante B",
      "inicio": 25.31,
      "fin": 25.49,
      "duracion": 0.18,
      "texto": "Buen día.",
      "confianza": 0.031
    },
    {
      "hablante": "Hablante B",
      "inicio": 25.51,
      "fin": 25.75,
      "duracion": 0.24,
      "texto": "¿Cómo estás?",
      "confianza": 0.011
    },
    {
      "hablante": "Hablante B",
      "inicio": 25.77,
      "fin": 29.28,
      "duracion": 3.51,
      "texto": "¿Me comunico con Susana?",
      "confianza": 0.211
    },
    {
      "hablante": "Hablante B",
      "inicio": 29.3,
      "fin": 29.36,
      "duracion": 0.06,
      "texto": "Sí.",
      "confianza": 0.002
    },
    {
      "hablante": "Hablante B",
      "inicio": 29.38,
      "fin": 30.08,
      "duracion": 0.7,
      "texto": "Susana Noely es mi nombre.",
      "confianza": 0.247
    },
    {
      "hablante": "Hablante B",
      "inicio": 30.14,
      "fin": 32.18,
      "duracion": 2.04,
      "texto": "Me comunico de la área de beneficios móviles.",
      "confianza": 0.765
    },
    {
      "hablante": "Hablante B",
      "inicio": 32.74,
      "fin": 37.57,
      "duracion": 4.83,
      "texto": "Me estaba comunicando con usted el día de hoy para brindarle un beneficio a su línea, ¿sí?",
      "confianza": 0.647
    },
    {
      "hablante": "Hablante B",
      "inicio": 37.59,
      "fin": 38.8,
      "duracion": 1.2,
      "texto": "Te agradezco por el momento.",
      "confianza": 0.475
    },
    {
      "hablante": "Hablante B",
      "inicio": 39.6,
      "fin": 41.04,
      "duracion": 1.44,
      "texto": "Bien, ¿por qué razón no te interesa?",
      "confianza": 0.615
    },
    {
      "hablante": "Hablante B",
      "inicio": 42.22,
      "fin": 53.81,
      "duracion": 11.6,
      "texto": "porque cuando estuve en Movistar no me, en ningún momento me ofrecieron nada, tuve muchísimos daños con la empresa y me tuve que cambiar.",
      "confianza": 0.211
    },
    {
      "hablante": "Hablante B",
      "inicio": 53.84,
      "fin": 54.8,
      "duracion": 0.96,
      "texto": "La verdad que no quiero comenzar nada más.",
      "confianza": 0.13
    },
    {
      "hablante": "Hablante B",
      "inicio": 54.84,
      "fin": 56.68,
      "duracion": 1.84,
      "texto": "¿Puede ser?",
      "confianza": 0.668
    },
    {
      "hablante": "Hablante B",
      "inicio": 56.7,
      "fin": 56.82,
      "duracion": 0.12,
      "texto": "Sí.",
      "confianza": 0.359
    },
    {
      "hablante": "Hablante B",
      "inicio": 57.56,
      "fin": 65.07,
      "duracion": 7.51,
      "texto": "Bien, en este caso no sé si sabías que se ha cambiado lo que es la gestión de Movistar para que, justamente, no tengan este tipo de problemas con los clientes.",
      "confianza": 0.736
    },
    {
      "hablante": "Hablante B",
      "inicio": 65.09,
      "fin": 68.53,
      "duracion": 3.44,
      "texto": "Igual, te agradezco por el momento.",
      "confianza": 0.48
    },
    {
      "hablante": "Hablante B",
      "inicio": 68.56,
      "fin": 68.8,
      "duracion": 0.24,
      "texto": "Bueno, dale.",
      "confianza": 0.017
    },
    {
      "hablante": "Hablante B",
      "inicio": 68.82,
      "fin": 69.06,
      "duracion": 0.24,
      "texto": "Hasta luego.",
      "confianza": 0.0
    },
    {
      "hablante": "Hablante B",
      "inicio": 69.08,
      "fin": 69.68,
      "duracion": 0.6,
      "texto": "Gracias, buen día.",
      "confianza": 0.451
    },
    {
      "hablante": "Hablante A",
      "inicio": 75.65,
      "fin": 75.71,
      "duracion": 0.06,
      "texto": ".",
      "confianza": 0.126
    },
    {
      "hablante": "Hablante A",
      "inicio": 75.73,
      "fin": 75.75,
      "duracion": 0.02,
      "texto": ".",
      "confianza": 0.188
    },
    {
      "hablante": "Hablante A",
      "inicio": 75.77,
      "fin": 79.87,
      "duracion": 4.1,
      "texto": ".",
      "confianza": 0.644
    }
  ],
  "transcripcion_completa": "Hola. Hola, buenos días. ¿Cómo le va? ¿Qué tal? Buen día. ¿Cómo estás? ¿Me comunico con Susana? Sí. Susana Noely es mi nombre. Me comunico de la área de beneficios móviles. Me estaba comunicando con usted el día de hoy para brindarle un beneficio a su línea, ¿sí? Te agradezco por el momento. Bien, ¿por qué razón no te interesa? porque cuando estuve en Movistar no me, en ningún momento me ofrecieron nada, tuve muchísimos daños con la empresa y me tuve que cambiar. La verdad que no quiero comenzar nada más. ¿Puede ser? Sí. Bien, en este caso no sé si sabías que se ha cambiado lo que es la gestión de Movistar para que, justamente, no tengan este tipo de problemas con los clientes. Igual, te agradezco por el momento. Bueno, dale. Hasta luego. Gracias, buen día. . . .",
  "calidad": {
    "confianza_promedio": 0.314,
    "metodo_diarizacion": "pausas_fallback",
    "tiempo_procesamiento": 7.1
  },
  "metadata": {
    "modelo": "whisperx_medium",
    "diarizacion": "pausas",
    "dispositivo": "cuda",
    "fecha": "2026-02-18T23:19:38.520033",
    "version": "5.0_ecapa"
  }
}