{
  "archivo": "amza15_1_260211114920553_ACD_95869.wav",
  "duracion_segundos": 1029.66,
  "num_segmentos": 270,
  "num_hablantes": 2,
  "hablantes": [
    "Hablante A",
    "Hablante B"
  ],
  "tiempo_por_hablante": {
    "Hablante A": 412.71,
    "Hablante B": 522.73
  },
  "idioma": "es",
  "conversacion": [
    {
      "hablante": "Hablante A",
      "inicio": 0.34,
      "fin": 0.43,
      "duracion": 0.1,
      "texto": "Hola.",
      "confianza": 0.2
    },
    {
      "hablante": "Hablante A",
      "inicio": 0.46,
      "fin": 4.5,
      "duracion": 4.04,
      "texto": "Hola, buen día, Sandra.",
      "confianza": 0.317
    },
    {
      "hablante": "Hablante A",
      "inicio": 4.52,
      "fin": 4.78,
      "duracion": 0.26,
      "texto": "¿Quién habla?",
      "confianza": 0.005
    },
    {
      "hablante": "Hablante A",
      "inicio": 4.8,
      "fin": 5.4,
      "duracion": 0.6,
      "texto": "Sandra, mucho gusto.",
      "confianza": 0.506
    },
    {
      "hablante": "Hablante A",
      "inicio": 5.42,
      "fin": 6.26,
      "duracion": 0.84,
      "texto": "Mi nombre es Agustín.",
      "confianza": 0.442
    },
    {
      "hablante": "Hablante A",
      "inicio": 6.28,
      "fin": 8.22,
      "duracion": 1.94,
      "texto": "Yo la estoy llamando desde el área de calidad movistar.",
      "confianza": 0.504
    },
    {
      "hablante": "Hablante A",
      "inicio": 8.24,
      "fin": 8.74,
      "duracion": 0.5,
      "texto": "¿Cómo le va?",
      "confianza": 0.576
    },
    {
      "hablante": "Hablante A",
      "inicio": 8.76,
      "fin": 12.41,
      "duracion": 3.64,
      "texto": "¿Todo bien?",
      "confianza": 0.848
    },
    {
      "hablante": "Hablante A",
      "inicio": 12.43,
      "fin": 12.63,
      "duracion": 0.2,
      "texto": "Todo bien.",
      "confianza": 0.016
    },
    {
      "hablante": "Hablante A",
      "inicio": 12.65,
      "fin": 17.67,
      "duracion": 5.02,
      "texto": "Sí, yo más que nada estoy llamando a Sandra porque, mire, me subió el canal en sistema que usted fue parte de la compañía hasta hace un tiempo atrás, ¿no?",
      "confianza": 0.539
    },
    {
      "hablante": "Hablante A",
      "inicio": 18.13,
      "fin": 20.09,
      "duracion": 1.96,
      "texto": "Y quería saber qué fue lo que le había llevado a cambiar.",
      "confianza": 0.539
    },
    {
      "hablante": "Hablante A",
      "inicio": 20.11,
      "fin": 21.33,
      "duracion": 1.22,
      "texto": "¿Se tuvo algún inconveniente?",
      "confianza": 0.512
    },
    {
      "hablante": "Hablante A",
      "inicio": 21.35,
      "fin": 22.43,
      "duracion": 1.08,
      "texto": "¿Fue por otra oferta?",
      "confianza": 0.752
    },
    {
      "hablante": "Hablante B",
      "inicio": 28.18,
      "fin": 29.48,
      "duracion": 1.3,
      "texto": "Sí, por otra oferta y, este, porque tenía inconvenientes también.",
      "confianza": 0.014
    },
    {
      "hablante": "Hablante B",
      "inicio": 29.98,
      "fin": 30.3,
      "duracion": 0.32,
      "texto": "Ajá.",
      "confianza": 0.232
    },
    {
      "hablante": "Hablante B",
      "inicio": 30.32,
      "fin": 31.83,
      "duracion": 1.5,
      "texto": "Bien, Sandra.",
      "confianza": 0.366
    },
    {
      "hablante": "Hablante B",
      "inicio": 31.85,
      "fin": 33.57,
      "duracion": 1.72,
      "texto": "Es la verdad que es algo bastante lógico.",
      "confianza": 0.429
    },
    {
      "hablante": "Hablante B",
      "inicio": 33.61,
      "fin": 38.9,
      "duracion": 5.29,
      "texto": "Uno siempre tiene que ver como lo mejor que le convenga a uno en el bolsillo, más como está en la Argentina el día de hoy, ¿no?",
      "confianza": 0.593
    },
    {
      "hablante": "Hablante B",
      "inicio": 38.91,
      "fin": 40.36,
      "duracion": 1.44,
      "texto": "Es así, Sandra.",
      "confianza": 0.259
    },
    {
      "hablante": "Hablante B",
      "inicio": 40.62,
      "fin": 41.84,
      "duracion": 1.22,
      "texto": "No hay mucha más vuelta que darle.",
      "confianza": 0.464
    },
    {
      "hablante": "Hablante B",
      "inicio": 42.32,
      "fin": 51.51,
      "duracion": 9.19,
      "texto": "Justamente por ese motivo, yo la estoy llamando, Sandra, primeramente, no para hacerle disculpas a parte de la empresa, por si vuelve un mal entendido o, bueno, por si no fue tan competitiva en ese momento la oferta.",
      "confianza": 0.675
    },
    {
      "hablante": "Hablante B",
      "inicio": 52.13,
      "fin": 57.36,
      "duracion": 5.23,
      "texto": "Y como segundo Sandra, sabemos que este es un excelente cliente de la compañía, que hace un año y medio que ya no está más.",
      "confianza": 0.593
    },
    {
      "hablante": "Hablante B",
      "inicio": 57.66,
      "fin": 62.02,
      "duracion": 4.37,
      "texto": "y que es justamente por eso la idea de la empresa que pueda volver con algo bueno para usted.",
      "confianza": 0.639
    },
    {
      "hablante": "Hablante B",
      "inicio": 62.05,
      "fin": 68.01,
      "duracion": 5.97,
      "texto": "O sea, es una inversión exclusiva a la que estamos dando a aquellos clientes que tuvieron algún inconveniente con la empresa y es una inversión del 85%.",
      "confianza": 0.598
    },
    {
      "hablante": "Hablante B",
      "inicio": 69.09,
      "fin": 73.8,
      "duracion": 4.71,
      "texto": "Justamente esto es para que usted pueda pagar menos, lo que está pagando hoy en día y que tenga más beneficios también.",
      "confianza": 0.696
    },
    {
      "hablante": "Hablante B",
      "inicio": 74.56,
      "fin": 78.09,
      "duracion": 3.52,
      "texto": "Le hago una consulta a Sandra, hoy en día, por ejemplo, para que utilicense el celular.",
      "confianza": 0.485
    },
    {
      "hablante": "Hablante B",
      "inicio": 78.11,
      "fin": 80.91,
      "duracion": 2.8,
      "texto": "Lo utiliza para WhatsApp, llamarlas o trabajarla.",
      "confianza": 0.717
    },
    {
      "hablante": "Hablante B",
      "inicio": 81.21,
      "fin": 83.11,
      "duracion": 1.9,
      "texto": "Todo, todo, todo.",
      "confianza": 0.546
    },
    {
      "hablante": "Hablante B",
      "inicio": 83.14,
      "fin": 83.42,
      "duracion": 0.28,
      "texto": "Todo.",
      "confianza": 0.469
    },
    {
      "hablante": "Hablante B",
      "inicio": 84.26,
      "fin": 86.62,
      "duracion": 2.36,
      "texto": "Bueno, mire, yo creo que tengo un plan muy bueno para usted",
      "confianza": 0.756
    },
    {
      "hablante": "Hablante B",
      "inicio": 86.82,
      "fin": 89.2,
      "duracion": 2.38,
      "texto": "que, mire, yo se lo comento y vemos realmente si le conviene.",
      "confianza": 0.427
    },
    {
      "hablante": "Hablante B",
      "inicio": 89.44,
      "fin": 91.74,
      "duracion": 2.3,
      "texto": "Por ejemplo, este plan le viene en total con 18 gigas.",
      "confianza": 0.677
    },
    {
      "hablante": "Hablante B",
      "inicio": 91.76,
      "fin": 93.49,
      "duracion": 1.72,
      "texto": "Es un plan intermedio igual.",
      "confianza": 0.526
    },
    {
      "hablante": "Hablante B",
      "inicio": 94.07,
      "fin": 96.95,
      "duracion": 2.88,
      "texto": "Le viene con 8 gigas de base más 10 regalos por 6 meses.",
      "confianza": 0.723
    },
    {
      "hablante": "Hablante B",
      "inicio": 97.55,
      "fin": 101.23,
      "duracion": 3.68,
      "texto": "Le viene con lo que es, obviamente, el WhatsApp gratis, con llamadas limitadas a cualquier compañía.",
      "confianza": 0.689
    },
    {
      "hablante": "Hablante B",
      "inicio": 101.25,
      "fin": 105.76,
      "duracion": 4.5,
      "texto": "Realmente tiene un giga para Free Fire, que no creo que lo juegue, pero lo tiene también ahí.",
      "confianza": 0.644
    },
    {
      "hablante": "Hablante B",
      "inicio": 105.78,
      "fin": 111.4,
      "duracion": 5.62,
      "texto": "Tiene América Precio Local, que se le permite llamar a personas que están afuera del país, y también tiene el Roaming para toda América.",
      "confianza": 0.714
    },
    {
      "hablante": "Hablante B",
      "inicio": 111.98,
      "fin": 115.95,
      "duracion": 3.96,
      "texto": "O sea, que usted en algún momento se va de mataciones, es que se le permite el bolsillo, ¿no?",
      "confianza": 0.543
    },
    {
      "hablante": "Hablante B",
      "inicio": 116.1,
      "fin": 119.78,
      "duracion": 3.68,
      "texto": "también con el Clase para el País o por motivos de trabajo, lo que sea.",
      "confianza": 0.74
    },
    {
      "hablante": "Hablante B",
      "inicio": 120.34,
      "fin": 124.97,
      "duracion": 4.62,
      "texto": "También, además de esto, tenemos algo que está muy bueno, que no existe en claro, que es guardar parcheas y gigas.",
      "confianza": 0.689
    },
    {
      "hablante": "Hablante B",
      "inicio": 125.11,
      "fin": 126.63,
      "duracion": 1.52,
      "texto": "No sé si usted lo utiliza alguna vez.",
      "confianza": 0.617
    },
    {
      "hablante": "Hablante B",
      "inicio": 127.19,
      "fin": 131.39,
      "duracion": 4.2,
      "texto": "Básicamente, hacer eso sobre las gigas es el plan base que se le guarda automáticamente al mes que viene.",
      "confianza": 0.568
    },
    {
      "hablante": "Hablante B",
      "inicio": 132.21,
      "fin": 134.98,
      "duracion": 2.76,
      "texto": "Haciendo de esta manera que siempre se le respite todo el plan.",
      "confianza": 0.681
    },
    {
      "hablante": "Hablante B",
      "inicio": 135.0,
      "fin": 139.88,
      "duracion": 4.88,
      "texto": "Como le comentaba, este es el descuento del 85% y te queda el día de hoy en lo que es $8,047.",
      "confianza": 0.66
    },
    {
      "hablante": "Hablante A",
      "inicio": 141.54,
      "fin": 145.55,
      "duracion": 4.0,
      "texto": "No sé, usted, por ejemplo, Sandra, ¿cuánto estaba pagando actualmente su compañía?",
      "confianza": 0.799
    },
    {
      "hablante": "Hablante B",
      "inicio": 147.26,
      "fin": 152.65,
      "duracion": 5.39,
      "texto": "Y mira, yo por dos líneas pago $9,000 pesos, o sea que es casi lo mismo.",
      "confianza": 0.117
    },
    {
      "hablante": "Hablante B",
      "inicio": 152.67,
      "fin": 158.52,
      "duracion": 5.85,
      "texto": "Bien, o sea por dos líneas estás pagando $9,000.",
      "confianza": 0.532
    },
    {
      "hablante": "Hablante B",
      "inicio": 158.54,
      "fin": 158.7,
      "duracion": 0.16,
      "texto": "$19,000.",
      "confianza": 0.087
    },
    {
      "hablante": "Hablante B",
      "inicio": 158.72,
      "fin": 158.9,
      "duracion": 0.18,
      "texto": "OK.",
      "confianza": 0.405
    },
    {
      "hablante": "Hablante B",
      "inicio": 158.92,
      "fin": 159.42,
      "duracion": 0.5,
      "texto": "$19,000 por dos.",
      "confianza": 0.237
    },
    {
      "hablante": "Hablante B",
      "inicio": 159.44,
      "fin": 161.06,
      "duracion": 1.62,
      "texto": "Ah, $19,000 por las dos.",
      "confianza": 0.745
    },
    {
      "hablante": "Hablante B",
      "inicio": 161.08,
      "fin": 161.3,
      "duracion": 0.22,
      "texto": "Bien.",
      "confianza": 0.73
    },
    {
      "hablante": "Hablante B",
      "inicio": 161.88,
      "fin": 165.99,
      "duracion": 4.1,
      "texto": "Si no, tenés dos, pero si tenés una sola, entonces te puedo ofrecer como familiar también.",
      "confianza": 0.632
    },
    {
      "hablante": "Hablante B",
      "inicio": 166.71,
      "fin": 170.03,
      "duracion": 3.32,
      "texto": "En el caso de que pases dos, te puedo ofrecer un cómo que es más económico igual.",
      "confianza": 0.706
    },
    {
      "hablante": "Hablante B",
      "inicio": 170.44,
      "fin": 179.44,
      "duracion": 9.01,
      "texto": "que te va a quedar también de 18 gigas, que son 4 de base, más 10 regalos por 6 meses, y 4 extra por hacer con el combo familiar, y esas no tienen vencimiento.",
      "confianza": 0.673
    },
    {
      "hablante": "Hablante B",
      "inicio": 180.14,
      "fin": 189.85,
      "duracion": 9.71,
      "texto": "En total son 18 con los mismos beneficios, solamente que no viene con roaming y con América Pesos Local, y ese te queda en $5,835 al día de hoy, ¿bien?",
      "confianza": 0.686
    },
    {
      "hablante": "Hablante B",
      "inicio": 189.87,
      "fin": 199.48,
      "duracion": 9.61,
      "texto": "O sea, estamos hablando que las dos serían, a ver, dame un segundo, alrededor de $11,670 pesos al día de hoy.",
      "confianza": 0.704
    },
    {
      "hablante": "Hablante B",
      "inicio": 199.75,
      "fin": 206.5,
      "duracion": 6.75,
      "texto": "Hay una promoción por tres líneas, porque tengo la de mi hijo, pero es prepago.",
      "confianza": 0.128
    },
    {
      "hablante": "Hablante B",
      "inicio": 206.52,
      "fin": 211.0,
      "duracion": 4.49,
      "texto": "¿Él es prepago en claro o está en Movistar?",
      "confianza": 0.787
    },
    {
      "hablante": "Hablante B",
      "inicio": 211.02,
      "fin": 211.26,
      "duracion": 0.24,
      "texto": "En Movistar.",
      "confianza": 0.02
    },
    {
      "hablante": "Hablante B",
      "inicio": 211.28,
      "fin": 211.76,
      "duracion": 0.48,
      "texto": "En Movistar.",
      "confianza": 0.535
    },
    {
      "hablante": "Hablante B",
      "inicio": 212.11,
      "fin": 229.01,
      "duracion": 16.91,
      "texto": "Mira, lo que podemos hacer nosotros es pasar las líneas de carga Movistar con esa promoción y a él yo te puedo conseguir para que justamente puedas comunicar con el área justamente que se encarga de eso, porque yo me encargo del área de portabilidades.",
      "confianza": 0.736
    },
    {
      "hablante": "Hablante B",
      "inicio": 229.13,
      "fin": 232.25,
      "duracion": 3.12,
      "texto": "es el puesto que yo estoy, no puedo hacer otra cosa, por más que quiera.",
      "confianza": 0.694
    },
    {
      "hablante": "Hablante B",
      "inicio": 232.59,
      "fin": 235.75,
      "duracion": 3.16,
      "texto": "Pero te puedo derivar a la idea correspondiente para que le puedan aplicar la promoción.",
      "confianza": 0.734
    },
    {
      "hablante": "Hablante A",
      "inicio": 237.63,
      "fin": 240.36,
      "duracion": 2.72,
      "texto": "Eso es lo que podemos hacer, así de esa manera lo aprovechan todos.",
      "confianza": 0.654
    },
    {
      "hablante": "Hablante A",
      "inicio": 240.46,
      "fin": 244.88,
      "duracion": 4.43,
      "texto": "Además, bueno, me figura Sandra que bueno, tenés un excelente historial acá en Botar.",
      "confianza": 0.731
    },
    {
      "hablante": "Hablante A",
      "inicio": 244.9,
      "fin": 250.61,
      "duracion": 5.71,
      "texto": "O sea, si querés puedes pedir un celular a contrafactura, hay un montón de cosas más.",
      "confianza": 0.626
    },
    {
      "hablante": "Hablante A",
      "inicio": 250.63,
      "fin": 254.89,
      "duracion": 4.27,
      "texto": "Te felicito porque no cualquiera tiene un buen historial hoy en día.",
      "confianza": 0.668
    },
    {
      "hablante": "Hablante A",
      "inicio": 254.91,
      "fin": 256.42,
      "duracion": 1.5,
      "texto": "En general, ¿no?",
      "confianza": 0.53
    },
    {
      "hablante": "Hablante A",
      "inicio": 256.44,
      "fin": 259.0,
      "duracion": 2.56,
      "texto": "Eso es, obviamente, porque cumplir con las boletas,",
      "confianza": 0.575
    },
    {
      "hablante": "Hablante A",
      "inicio": 259.28,
      "fin": 262.77,
      "duracion": 3.48,
      "texto": "el tiempo y forma y todo eso, viste que siempre va sumando.",
      "confianza": 0.529
    },
    {
      "hablante": "Hablante A",
      "inicio": 262.79,
      "fin": 262.97,
      "duracion": 0.18,
      "texto": "Sí, sí.",
      "confianza": 0.175
    },
    {
      "hablante": "Hablante A",
      "inicio": 262.99,
      "fin": 266.99,
      "duracion": 4.0,
      "texto": "Por eso voy donde me conviene, porque sé lo que puedo pagar, ¿viste?",
      "confianza": 0.777
    },
    {
      "hablante": "Hablante A",
      "inicio": 267.01,
      "fin": 267.55,
      "duracion": 0.54,
      "texto": "Exacto.",
      "confianza": 0.531
    },
    {
      "hablante": "Hablante A",
      "inicio": 267.57,
      "fin": 272.9,
      "duracion": 5.33,
      "texto": "Para quedar moroso no me meto en las cosas.",
      "confianza": 0.852
    },
    {
      "hablante": "Hablante A",
      "inicio": 272.92,
      "fin": 281.23,
      "duracion": 8.31,
      "texto": "No, porque aparte después te frenan un montón de cosas y tenés que pedir un crédito, un préstamo, siempre que tenés todo en regla.",
      "confianza": 0.454
    },
    {
      "hablante": "Hablante A",
      "inicio": 281.25,
      "fin": 282.63,
      "duracion": 1.38,
      "texto": "Ahora, escúchame otra cosa.",
      "confianza": 0.497
    },
    {
      "hablante": "Hablante A",
      "inicio": 282.65,
      "fin": 289.14,
      "duracion": 6.49,
      "texto": "Tengo el celular de mi hijo que tiene también con abono.",
      "confianza": 0.697
    },
    {
      "hablante": "Hablante A",
      "inicio": 289.66,
      "fin": 293.62,
      "duracion": 3.97,
      "texto": "Pero esta nombre de él, ¿viste?",
      "confianza": 0.042
    },
    {
      "hablante": "Hablante A",
      "inicio": 293.64,
      "fin": 293.7,
      "duracion": 0.06,
      "texto": "Sí.",
      "confianza": 0.001
    },
    {
      "hablante": "Hablante A",
      "inicio": 293.72,
      "fin": 295.99,
      "duracion": 2.26,
      "texto": "¿Y en cuánto quedaría la de él?",
      "confianza": 0.665
    },
    {
      "hablante": "Hablante A",
      "inicio": 296.0,
      "fin": 298.53,
      "duracion": 2.52,
      "texto": "¿También quedarían $6,500 pesos?",
      "confianza": 0.786
    },
    {
      "hablante": "Hablante A",
      "inicio": 299.03,
      "fin": 302.65,
      "duracion": 3.62,
      "texto": "Y él también está en cargo en movilizar ahora.",
      "confianza": 0.622
    },
    {
      "hablante": "Hablante A",
      "inicio": 303.45,
      "fin": 304.6,
      "duracion": 1.14,
      "texto": "En claro.",
      "confianza": 0.818
    },
    {
      "hablante": "Hablante A",
      "inicio": 304.62,
      "fin": 306.44,
      "duracion": 1.82,
      "texto": "O sea, vos tenés en total tres, ¿sabes?",
      "confianza": 0.516
    },
    {
      "hablante": "Hablante A",
      "inicio": 306.46,
      "fin": 307.84,
      "duracion": 1.38,
      "texto": "Estás vos y sus dos hijos.",
      "confianza": 0.769
    },
    {
      "hablante": "Hablante A",
      "inicio": 308.16,
      "fin": 313.87,
      "duracion": 5.71,
      "texto": "Estás vos y un hijo tuyo están en claro y tenés otro hijo en movilizar en prepago.",
      "confianza": 0.794
    },
    {
      "hablante": "Hablante A",
      "inicio": 314.91,
      "fin": 315.43,
      "duracion": 0.52,
      "texto": "Así es.",
      "confianza": 0.676
    },
    {
      "hablante": "Hablante A",
      "inicio": 315.66,
      "fin": 317.52,
      "duracion": 1.86,
      "texto": "Bien, ahora entendí.",
      "confianza": 0.78
    },
    {
      "hablante": "Hablante A",
      "inicio": 317.54,
      "fin": 327.1,
      "duracion": 9.55,
      "texto": "No, que real el mismo precio, exactamente, en cinco minutos y dos treinta y cinco.",
      "confianza": 0.479
    },
    {
      "hablante": "Hablante A",
      "inicio": 327.12,
      "fin": 328.66,
      "duracion": 1.54,
      "texto": "Lo que pasa es que la de él está a nombre de él, la línea.",
      "confianza": 0.058
    },
    {
      "hablante": "Hablante A",
      "inicio": 328.68,
      "fin": 329.54,
      "duracion": 0.86,
      "texto": "Sí, sí, eso no es el problema.",
      "confianza": 0.418
    },
    {
      "hablante": "Hablante A",
      "inicio": 329.62,
      "fin": 331.24,
      "duracion": 1.62,
      "texto": "Eso lo que se puede hacer es lo siguiente.",
      "confianza": 0.763
    },
    {
      "hablante": "Hablante A",
      "inicio": 331.92,
      "fin": 333.81,
      "duracion": 1.88,
      "texto": "Hoy en día hay dos maneras de hacerlo, ¿bien?",
      "confianza": 0.639
    },
    {
      "hablante": "Hablante A",
      "inicio": 334.23,
      "fin": 340.56,
      "duracion": 6.33,
      "texto": "Que después, yo, por ejemplo, ahora, por ejemplo, podemos hacer su trámite sin problema, después yo contactarlo a él y hacerlo con él,",
      "confianza": 0.835
    },
    {
      "hablante": "Hablante A",
      "inicio": 340.94,
      "fin": 345.61,
      "duracion": 4.67,
      "texto": "O la otra opción, si usted lo vete, son familias, tiene mucha confianza, ¿no?",
      "confianza": 0.707
    },
    {
      "hablante": "Hablante A",
      "inicio": 346.23,
      "fin": 352.08,
      "duracion": 5.85,
      "texto": "Es de que usted puede hacer el trámite por él, digamos, al nombre de él, por más que sea su línea que esté en nombre de él.",
      "confianza": 0.7
    },
    {
      "hablante": "Hablante A",
      "inicio": 352.3,
      "fin": 355.92,
      "duracion": 3.63,
      "texto": "Como usted le va más alto, no hay problema, hay esos permisos.",
      "confianza": 0.58
    },
    {
      "hablante": "Hablante A",
      "inicio": 356.8,
      "fin": 365.84,
      "duracion": 9.03,
      "texto": "Y usted, por ejemplo, solamente tendría que saberse el DNI de él, que me imagino que lo sabe, y con eso ya podría hacer el trámite también de él.",
      "confianza": 0.666
    },
    {
      "hablante": "Hablante A",
      "inicio": 365.86,
      "fin": 366.56,
      "duracion": 0.7,
      "texto": "¿Y qué darían las líneas, entonces?",
      "confianza": 0.024
    },
    {
      "hablante": "Hablante A",
      "inicio": 367.69,
      "fin": 370.15,
      "duracion": 2.46,
      "texto": "que es en 5.835.",
      "confianza": 0.54
    },
    {
      "hablante": "Hablante A",
      "inicio": 370.37,
      "fin": 376.84,
      "duracion": 6.47,
      "texto": "Lo único que sí, como son diferentes titulares, tendrían en total 14 gigas cada uno, que son cuatro y es regalo.",
      "confianza": 0.785
    },
    {
      "hablante": "Hablante A",
      "inicio": 377.3,
      "fin": 386.14,
      "duracion": 8.83,
      "texto": "Si esto es en un futuro, por ejemplo, vos te pasas a nombre de él o él te pasa a nombre tuyo a la línea, ahí te le aplican cuatro gigas más a cada línea, que es el combo familiar.",
      "confianza": 0.724
    },
    {
      "hablante": "Hablante B",
      "inicio": 388.68,
      "fin": 390.12,
      "duracion": 1.44,
      "texto": "No sé si más o menos iguales entendido.",
      "confianza": 0.24
    },
    {
      "hablante": "Hablante B",
      "inicio": 390.14,
      "fin": 394.15,
      "duracion": 4.01,
      "texto": "Igualmente eso, ahí se coloca en la aplicación de Movistar, eso le aparece cuando quiera y cualquier cosa es igual.",
      "confianza": 0.618
    },
    {
      "hablante": "Hablante B",
      "inicio": 394.43,
      "fin": 397.78,
      "duracion": 3.35,
      "texto": "Eso tiene que decir, Sandra, que ahora yo te acabo de enviar lo que es un mensaje de WhatsApp también.",
      "confianza": 0.526
    },
    {
      "hablante": "Hablante B",
      "inicio": 397.8,
      "fin": 398.84,
      "duracion": 1.04,
      "texto": "¿Para qué?",
      "confianza": 0.544
    },
    {
      "hablante": "Hablante B",
      "inicio": 398.92,
      "fin": 401.86,
      "duracion": 2.94,
      "texto": "Porque a mí, por ejemplo, me gusta mucho hablar con las maquinitas o eso.",
      "confianza": 0.586
    },
    {
      "hablante": "Hablante B",
      "inicio": 401.88,
      "fin": 403.63,
      "duracion": 1.74,
      "texto": "Me imagino que a vos tampoco.",
      "confianza": 0.324
    },
    {
      "hablante": "Hablante B",
      "inicio": 403.65,
      "fin": 407.69,
      "duracion": 4.05,
      "texto": "Entonces, ante cualquier duda, consulta que pueda surgir hasta el momento que se les porte las líneas.",
      "confianza": 0.673
    },
    {
      "hablante": "Hablante B",
      "inicio": 408.13,
      "fin": 409.81,
      "duracion": 1.68,
      "texto": "Van a encontrar conmigo a través de WhatsApp.",
      "confianza": 0.63
    },
    {
      "hablante": "Hablante B",
      "inicio": 410.21,
      "fin": 418.47,
      "duracion": 8.25,
      "texto": "Bien, por eso es que yo te... Ahorita, escúchame.",
      "confianza": 0.461
    },
    {
      "hablante": "Hablante B",
      "inicio": 418.49,
      "fin": 420.69,
      "duracion": 2.2,
      "texto": "¿Y por qué no, cuando llamamos a la compañía, no te ofrecen este... este hormón?",
      "confianza": 0.254
    },
    {
      "hablante": "Hablante B",
      "inicio": 420.71,
      "fin": 421.13,
      "duracion": 0.42,
      "texto": "Bien, ¿sabes por qué?",
      "confianza": 0.055
    },
    {
      "hablante": "Hablante B",
      "inicio": 421.15,
      "fin": 421.69,
      "duracion": 0.54,
      "texto": "Porque nosotros llamamos...",
      "confianza": 0.016
    },
    {
      "hablante": "Hablante B",
      "inicio": 421.71,
      "fin": 422.11,
      "duracion": 0.4,
      "texto": "Yo estoy del área...",
      "confianza": 0.049
    },
    {
      "hablante": "Hablante B",
      "inicio": 422.75,
      "fin": 428.66,
      "duracion": 5.91,
      "texto": "Entiendo, es súper entendible, porque nosotros estamos llamando lo que es el área de recuperación de clientes, ¿bien?",
      "confianza": 0.646
    },
    {
      "hablante": "Hablante B",
      "inicio": 429.1,
      "fin": 444.0,
      "duracion": 14.9,
      "texto": "Entonces, nosotros tenemos mejores promociones, porque son personas que ya estuvieron previamente en la empresa, que si vos consultas en la página web o en una sociosucursal de Movistar, porque realmente hay van personas que nunca han estado en Movistar, pues se consultan otro tipo de precios.",
      "confianza": 0.73
    },
    {
      "hablante": "Hablante B",
      "inicio": 444.47,
      "fin": 450.34,
      "duracion": 5.87,
      "texto": "Igualmente, a veces tenemos el mismo precio que ofrece la plataforma normal de Movistar.",
      "confianza": 0.735
    },
    {
      "hablante": "Hablante B",
      "inicio": 450.52,
      "fin": 451.52,
      "duracion": 1.0,
      "texto": "A veces sí, a veces no.",
      "confianza": 0.52
    },
    {
      "hablante": "Hablante B",
      "inicio": 451.54,
      "fin": 456.73,
      "duracion": 5.19,
      "texto": "Esta es una promoción exclusiva que lanzó Movistar para que, digamos, esos clientes que estuvieron en Movistar puedan volver.",
      "confianza": 0.676
    },
    {
      "hablante": "Hablante B",
      "inicio": 457.85,
      "fin": 458.83,
      "duracion": 0.98,
      "texto": "Es simplemente por eso.",
      "confianza": 0.709
    },
    {
      "hablante": "Hablante B",
      "inicio": 458.95,
      "fin": 461.13,
      "duracion": 2.18,
      "texto": "La de él la lanzan uno o dos días, ¿me entendés?",
      "confianza": 0.637
    },
    {
      "hablante": "Hablante B",
      "inicio": 461.15,
      "fin": 463.1,
      "duracion": 1.94,
      "texto": "No es algo que lancen todo el tiempo.",
      "confianza": 0.539
    },
    {
      "hablante": "Hablante B",
      "inicio": 463.72,
      "fin": 468.64,
      "duracion": 4.93,
      "texto": "Viste, cuando te dicen por ahí... Hacemos una cosa, ¿y en cuánto tiempo se hace el cambio?",
      "confianza": 0.179
    },
    {
      "hablante": "Hablante B",
      "inicio": 468.66,
      "fin": 473.09,
      "duracion": 4.43,
      "texto": "Mira, hoy, por ejemplo, ingresamos en lo que sería el trámite, vos o menos, vos con él,",
      "confianza": 0.767
    },
    {
      "hablante": "Hablante B",
      "inicio": 473.59,
      "fin": 475.32,
      "duracion": 1.72,
      "texto": "que hoy estamos aquí a miércoles.",
      "confianza": 0.444
    },
    {
      "hablante": "Hablante B",
      "inicio": 475.76,
      "fin": 479.64,
      "duracion": 3.89,
      "texto": "Más o menos para lunes o martes, la semana que viene, ya arrancarías como Vistar.",
      "confianza": 0.686
    },
    {
      "hablante": "Hablante B",
      "inicio": 480.06,
      "fin": 489.61,
      "duracion": 9.55,
      "texto": "Igualmente, este periodo de tiempo, estos 5 o 6 días que son, o una semana, ponerle en el interior de los casos, vos seguís con claro, o sea, nunca te caes sin señal.",
      "confianza": 0.688
    },
    {
      "hablante": "Hablante B",
      "inicio": 490.01,
      "fin": 498.94,
      "duracion": 8.93,
      "texto": "Vos, es así, una vez que esté cargado el término en el sistema, que se tiene que aprobar, una vez que queda aprobado, bien que está todo bien, que se ve el psicólogo, que se yo,",
      "confianza": 0.579
    },
    {
      "hablante": "Hablante B",
      "inicio": 499.13,
      "fin": 503.33,
      "duracion": 4.2,
      "texto": "Bueno, ahí vemos el tema del envío del chip.",
      "confianza": 0.714
    },
    {
      "hablante": "Hablante B",
      "inicio": 503.35,
      "fin": 506.99,
      "duracion": 3.64,
      "texto": "Yo, generalmente, lo que más recomiendo es con una sucursal Movistar para que vos te puedas acercar.",
      "confianza": 0.66
    },
    {
      "hablante": "Hablante B",
      "inicio": 507.91,
      "fin": 514.08,
      "duracion": 6.17,
      "texto": "Y una vez que tenés el chip, más o menos al día siguiente, o a los dos días hábiles después, te cortas la señal de claro y arrancas con Movistar.",
      "confianza": 0.586
    },
    {
      "hablante": "Hablante B",
      "inicio": 514.1,
      "fin": 514.78,
      "duracion": 0.68,
      "texto": "¿Por qué?",
      "confianza": 0.764
    },
    {
      "hablante": "Hablante B",
      "inicio": 514.82,
      "fin": 521.23,
      "duracion": 6.4,
      "texto": "Porque Movistar se asegura que vos ya tengas el chip en tu mano al momento de, para recién ahí, cortarte la señal de claro.",
      "confianza": 0.636
    },
    {
      "hablante": "Hablante B",
      "inicio": 522.15,
      "fin": 526.49,
      "duracion": 4.34,
      "texto": "Así nos aseguramos que todo salga bien.",
      "confianza": 0.475
    },
    {
      "hablante": "Hablante B",
      "inicio": 526.51,
      "fin": 527.19,
      "duracion": 0.68,
      "texto": "¿Y con las dos líneas a mi nombre?",
      "confianza": 0.036
    },
    {
      "hablante": "Hablante B",
      "inicio": 527.44,
      "fin": 533.57,
      "duracion": 6.13,
      "texto": "¿Cuáles son los beneficios que tendría en el plan más bajo y qué es lo que no tendría con el que le sigue?",
      "confianza": 0.721
    },
    {
      "hablante": "Hablante A",
      "inicio": 535.53,
      "fin": 536.06,
      "duracion": 0.52,
      "texto": "¿Cuál sería la diferencia?",
      "confianza": 0.02
    },
    {
      "hablante": "Hablante A",
      "inicio": 536.08,
      "fin": 537.2,
      "duracion": 1.12,
      "texto": "Bien, ahora se lo explico.",
      "confianza": 0.17
    },
    {
      "hablante": "Hablante A",
      "inicio": 537.22,
      "fin": 545.41,
      "duracion": 8.19,
      "texto": "Si usted tiene las dos líneas a su nombre, se le suma un beneficio extra que son cuatro gigas más por tiempo indeterminado para cada línea.",
      "confianza": 0.763
    },
    {
      "hablante": "Hablante A",
      "inicio": 546.29,
      "fin": 552.72,
      "duracion": 6.43,
      "texto": "Eso lo puede contratar, digamos, desde el momento que, por ejemplo, pasa líneas de su hijo a su nombre o al revés,",
      "confianza": 0.793
    },
    {
      "hablante": "Hablante A",
      "inicio": 553.06,
      "fin": 558.45,
      "duracion": 5.39,
      "texto": "y eso lo pueden hacer en la misma aplicación de movilidad, o sea, yo tengo un video para pasarle chiquete, o bueno, ese no es el problema.",
      "confianza": 0.549
    },
    {
      "hablante": "Hablante A",
      "inicio": 559.19,
      "fin": 572.43,
      "duracion": 13.24,
      "texto": "Ahora, la diferencia del plan más bajo con el que le comenté recién es que el plan un poco más alto, que es el plan 8000, viene con rooming, que es el exclusivo, con rooming incluido, por si usted quiere salir del país o irse de vacaciones.",
      "confianza": 0.688
    },
    {
      "hablante": "Hablante A",
      "inicio": 573.71,
      "fin": 580.16,
      "duracion": 6.45,
      "texto": "Si usted quiere irse de vacaciones, por ahí se lo recomiendo, pero si no, no, la verdad, o sea, si le vas por el país, me refiero.",
      "confianza": 0.562
    },
    {
      "hablante": "Hablante A",
      "inicio": 580.82,
      "fin": 582.54,
      "duracion": 1.72,
      "texto": "Si vas a irse, no sé, Brasil,",
      "confianza": 0.359
    },
    {
      "hablante": "Hablante A",
      "inicio": 582.81,
      "fin": 587.43,
      "duracion": 4.63,
      "texto": "Uruguay, Paraguay, no sé si vuelves a irse a otros países.",
      "confianza": 0.351
    },
    {
      "hablante": "Hablante A",
      "inicio": 587.46,
      "fin": 587.68,
      "duracion": 0.22,
      "texto": "No, no, no.",
      "confianza": 0.032
    },
    {
      "hablante": "Hablante A",
      "inicio": 587.7,
      "fin": 591.98,
      "duracion": 4.29,
      "texto": "Bueno, entonces por ahí no se lo recomiendo tanto.",
      "confianza": 0.367
    },
    {
      "hablante": "Hablante A",
      "inicio": 592.0,
      "fin": 592.6,
      "duracion": 0.6,
      "texto": "¿Y cuál es la otra diferencia?",
      "confianza": 0.019
    },
    {
      "hablante": "Hablante A",
      "inicio": 592.62,
      "fin": 605.34,
      "duracion": 12.72,
      "texto": "Y la otra diferencia es que usted también viene con América a precio local, que se le permite llamar desde Argentina a otra persona que esté en América, en algún país de América, sin ningún problema.",
      "confianza": 0.732
    },
    {
      "hablante": "Hablante A",
      "inicio": 605.36,
      "fin": 606.28,
      "duracion": 0.92,
      "texto": "Es la diferencia también.",
      "confianza": 0.811
    },
    {
      "hablante": "Hablante A",
      "inicio": 606.94,
      "fin": 609.21,
      "duracion": 2.26,
      "texto": "Pero si usted tampoco tiene familiares fuera del país,",
      "confianza": 0.643
    },
    {
      "hablante": "Hablante A",
      "inicio": 609.93,
      "fin": 614.9,
      "duracion": 4.97,
      "texto": "Y eso depende si tiene un amigo, puede ser.",
      "confianza": 0.724
    },
    {
      "hablante": "Hablante A",
      "inicio": 614.92,
      "fin": 616.22,
      "duracion": 1.3,
      "texto": "Pero bueno, es más que nada para eso.",
      "confianza": 0.661
    },
    {
      "hablante": "Hablante A",
      "inicio": 616.7,
      "fin": 617.64,
      "duracion": 0.94,
      "texto": "No hay mucha diferencia.",
      "confianza": 0.882
    },
    {
      "hablante": "Hablante A",
      "inicio": 617.68,
      "fin": 618.65,
      "duracion": 0.96,
      "texto": "El resto es todo lo mismo.",
      "confianza": 0.804
    },
    {
      "hablante": "Hablante A",
      "inicio": 619.07,
      "fin": 625.68,
      "duracion": 6.62,
      "texto": "Le viene el WhatsApp gratuito con llamadas limitadas, tiene un giro para Free Fire, tiene guardapas a PayGigas y también el descuento al 85%.",
      "confianza": 0.665
    },
    {
      "hablante": "Hablante A",
      "inicio": 625.74,
      "fin": 628.19,
      "duracion": 2.45,
      "texto": "Es todo exactamente lo mismo.",
      "confianza": 0.679
    },
    {
      "hablante": "Hablante A",
      "inicio": 628.59,
      "fin": 631.33,
      "duracion": 2.74,
      "texto": "Ay, ¿tenés ese de pasar a los GIGAS?",
      "confianza": 0.051
    },
    {
      "hablante": "Hablante A",
      "inicio": 631.35,
      "fin": 635.74,
      "duracion": 4.38,
      "texto": "O sea, ¿tienen vencimiento eso para pasarlo o es sin...",
      "confianza": 0.497
    },
    {
      "hablante": "Hablante A",
      "inicio": 635.76,
      "fin": 635.94,
      "duracion": 0.18,
      "texto": "Yo fui...",
      "confianza": 0.0
    },
    {
      "hablante": "Hablante A",
      "inicio": 635.96,
      "fin": 647.33,
      "duracion": 11.37,
      "texto": "Mire, usted, por ejemplo, vio a usted, cuando le sobran GIGAS al plan base, esos se le pasan para el siguiente mes y le duran 30 días a las GIGAS del mes anterior que le sobraron.",
      "confianza": 0.758
    },
    {
      "hablante": "Hablante A",
      "inicio": 647.37,
      "fin": 650.41,
      "duracion": 3.04,
      "texto": "Igualmente, ustedes la pueden pasar cuando quieran a las GIGAS.",
      "confianza": 0.72
    },
    {
      "hablante": "Hablante A",
      "inicio": 650.43,
      "fin": 653.32,
      "duracion": 2.88,
      "texto": "Por ejemplo, si a él o a usted le sobraron GIGAS,",
      "confianza": 0.649
    },
    {
      "hablante": "Hablante A",
      "inicio": 653.63,
      "fin": 663.7,
      "duracion": 10.07,
      "texto": "Y no sé, le pasa a dos gigas, bueno, a esas dos gigas se las pasa a él cuando quiera, no hay problema con eso.",
      "confianza": 0.609
    },
    {
      "hablante": "Hablante A",
      "inicio": 663.72,
      "fin": 664.12,
      "duracion": 0.4,
      "texto": "¿O a cualquier otro?",
      "confianza": 0.0
    },
    {
      "hablante": "Hablante A",
      "inicio": 664.14,
      "fin": 664.7,
      "duracion": 0.56,
      "texto": "¿No importa que sea prepago?",
      "confianza": 0.004
    },
    {
      "hablante": "Hablante A",
      "inicio": 664.72,
      "fin": 671.65,
      "duracion": 6.93,
      "texto": "No, no, en ese caso el guardar pasapes gigas en este caso es solamente para abono, desmovilizar.",
      "confianza": 0.645
    },
    {
      "hablante": "Hablante A",
      "inicio": 671.67,
      "fin": 673.33,
      "duracion": 1.66,
      "texto": "Eso sí, eso sí es así, no para prepago.",
      "confianza": 0.38
    },
    {
      "hablante": "Hablante A",
      "inicio": 673.91,
      "fin": 675.51,
      "duracion": 1.6,
      "texto": "Pero para todos los abonos sí.",
      "confianza": 0.688
    },
    {
      "hablante": "Hablante A",
      "inicio": 675.77,
      "fin": 680.6,
      "duracion": 4.83,
      "texto": "Puede ser su hijo, puede ser un vecín, un familiar que tenga también mostar abono, se los puede pasar.",
      "confianza": 0.632
    },
    {
      "hablante": "Hablante A",
      "inicio": 681.76,
      "fin": 682.66,
      "duracion": 0.9,
      "texto": "Eso no hay problema.",
      "confianza": 0.638
    },
    {
      "hablante": "Hablante A",
      "inicio": 683.38,
      "fin": 685.43,
      "duracion": 2.04,
      "texto": "Sandra.",
      "confianza": 0.143
    },
    {
      "hablante": "Hablante A",
      "inicio": 685.45,
      "fin": 690.35,
      "duracion": 4.91,
      "texto": "¿Y mi hijo ponerle en el que tiene a nombre de él, con alguno?",
      "confianza": 0.675
    },
    {
      "hablante": "Hablante A",
      "inicio": 690.71,
      "fin": 691.05,
      "duracion": 0.34,
      "texto": "Sí, con mí.",
      "confianza": 0.366
    },
    {
      "hablante": "Hablante A",
      "inicio": 691.17,
      "fin": 692.17,
      "duracion": 1.0,
      "texto": "¿A cuánto le quedaría?",
      "confianza": 0.801
    },
    {
      "hablante": "Hablante A",
      "inicio": 693.1,
      "fin": 694.72,
      "duracion": 1.62,
      "texto": "El mismo valor, o sea, los 5835.",
      "confianza": 0.756
    },
    {
      "hablante": "Hablante A",
      "inicio": 694.8,
      "fin": 695.34,
      "duracion": 0.54,
      "texto": "Ajá.",
      "confianza": 0.199
    },
    {
      "hablante": "Hablante A",
      "inicio": 695.36,
      "fin": 705.05,
      "duracion": 9.69,
      "texto": "¿Vos me podés enviar ese detalle por WhatsApp?",
      "confianza": 0.701
    },
    {
      "hablante": "Hablante A",
      "inicio": 705.07,
      "fin": 705.89,
      "duracion": 0.82,
      "texto": "Sí, sí, sí, no hay problema.",
      "confianza": 0.435
    },
    {
      "hablante": "Hablante A",
      "inicio": 706.51,
      "fin": 712.6,
      "duracion": 6.09,
      "texto": "Yo lo consulto y no sé cuándo me podés llamar o cómo es.",
      "confianza": 0.642
    },
    {
      "hablante": "Hablante A",
      "inicio": 713.32,
      "fin": 717.52,
      "duracion": 4.2,
      "texto": "Y sí, mira, nosotros generalmente trabajamos acá hasta las 3, estamos en la oficina.",
      "confianza": 0.71
    },
    {
      "hablante": "Hablante A",
      "inicio": 718.09,
      "fin": 727.14,
      "duracion": 9.05,
      "texto": "No sé si, por ejemplo, podés hablar antes de esa hora con él.",
      "confianza": 0.54
    },
    {
      "hablante": "Hablante A",
      "inicio": 727.84,
      "fin": 728.32,
      "duracion": 0.48,
      "texto": "Yo creo que sí.",
      "confianza": 0.086
    },
    {
      "hablante": "Hablante A",
      "inicio": 728.34,
      "fin": 728.7,
      "duracion": 0.36,
      "texto": "¿Vos crees que sí?",
      "confianza": 0.004
    },
    {
      "hablante": "Hablante A",
      "inicio": 728.72,
      "fin": 735.09,
      "duracion": 6.37,
      "texto": "Bueno, Sandra, yo ahora te envío también esta promoción con los dos problemas más bajos, y luego ven cuáles conviene.",
      "confianza": 0.528
    },
    {
      "hablante": "Hablante A",
      "inicio": 735.11,
      "fin": 736.95,
      "duracion": 1.84,
      "texto": "Yo, cualquier...",
      "confianza": 0.582
    },
    {
      "hablante": "Hablante A",
      "inicio": 737.03,
      "fin": 742.86,
      "duracion": 5.83,
      "texto": "Por ejemplo, si a vos o a él le sirve más entrar un poco más alto, él puede contatar eso y vos eres más bajo, ese no es el problema.",
      "confianza": 0.655
    },
    {
      "hablante": "Hablante A",
      "inicio": 743.61,
      "fin": 745.77,
      "duracion": 2.16,
      "texto": "Yo ahora lo envío por WhatsApp.",
      "confianza": 0.597
    },
    {
      "hablante": "Hablante A",
      "inicio": 746.31,
      "fin": 749.16,
      "duracion": 2.84,
      "texto": "Y si te parece, hablando tipo a las dos.",
      "confianza": 0.792
    },
    {
      "hablante": "Hablante A",
      "inicio": 750.02,
      "fin": 752.18,
      "duracion": 2.16,
      "texto": "No sé si cuatro horas.",
      "confianza": 0.523
    },
    {
      "hablante": "Hablante A",
      "inicio": 752.24,
      "fin": 754.14,
      "duracion": 1.9,
      "texto": "Bueno, vale.",
      "confianza": 0.768
    },
    {
      "hablante": "Hablante A",
      "inicio": 754.16,
      "fin": 756.35,
      "duracion": 2.18,
      "texto": "Escúchame.",
      "confianza": 0.65
    },
    {
      "hablante": "Hablante A",
      "inicio": 756.37,
      "fin": 756.52,
      "duracion": 0.16,
      "texto": "Sí, sí.",
      "confianza": 0.328
    },
    {
      "hablante": "Hablante A",
      "inicio": 756.59,
      "fin": 758.51,
      "duracion": 1.92,
      "texto": "Otra cosita que te quería preguntar.",
      "confianza": 0.844
    },
    {
      "hablante": "Hablante A",
      "inicio": 758.53,
      "fin": 764.77,
      "duracion": 6.25,
      "texto": "¿Cuándo está el plan menor con abono?",
      "confianza": 0.733
    },
    {
      "hablante": "Hablante A",
      "inicio": 765.39,
      "fin": 769.14,
      "duracion": 3.74,
      "texto": "Mi hijo tiene con prepago.",
      "confianza": 0.805
    },
    {
      "hablante": "Hablante A",
      "inicio": 769.86,
      "fin": 770.12,
      "duracion": 0.26,
      "texto": "Sí.",
      "confianza": 0.696
    },
    {
      "hablante": "Hablante A",
      "inicio": 770.84,
      "fin": 772.08,
      "duracion": 1.24,
      "texto": "Lo quiero pasar abono.",
      "confianza": 0.803
    },
    {
      "hablante": "Hablante A",
      "inicio": 773.11,
      "fin": 778.42,
      "duracion": 5.31,
      "texto": "El plan menor con A1, eso, ahora demos un segundo y se lo confirmo porque eso me toca.",
      "confianza": 0.62
    },
    {
      "hablante": "Hablante A",
      "inicio": 778.86,
      "fin": 787.55,
      "duracion": 8.69,
      "texto": "Ahí voy a entrar en la aplicación de Movistar y ahí me fijo a ver qué figura, porque no me figura acá en el sistema, pero ahora entro ya a mi aplicación y le confirmo también.",
      "confianza": 0.683
    },
    {
      "hablante": "Hablante B",
      "inicio": 789.21,
      "fin": 790.56,
      "duracion": 1.34,
      "texto": "A ver qué opciones hay.",
      "confianza": 0.709
    },
    {
      "hablante": "Hablante B",
      "inicio": 790.68,
      "fin": 795.78,
      "duracion": 5.11,
      "texto": "Igual, si no, también las puede ver desde la misma aplicación de Movistar, digamos.",
      "confianza": 0.791
    },
    {
      "hablante": "Hablante B",
      "inicio": 795.83,
      "fin": 799.67,
      "duracion": 3.85,
      "texto": "También las puedo hacer de esa manera.",
      "confianza": 0.57
    },
    {
      "hablante": "Hablante B",
      "inicio": 799.69,
      "fin": 799.99,
      "duracion": 0.3,
      "texto": "Pero bueno.",
      "confianza": 0.276
    },
    {
      "hablante": "Hablante B",
      "inicio": 800.01,
      "fin": 800.43,
      "duracion": 0.42,
      "texto": "Ya que estás ahí.",
      "confianza": 0.158
    },
    {
      "hablante": "Hablante B",
      "inicio": 801.46,
      "fin": 803.36,
      "duracion": 1.9,
      "texto": "Sí, puedes girarse por ahí también.",
      "confianza": 0.58
    },
    {
      "hablante": "Hablante B",
      "inicio": 803.38,
      "fin": 812.75,
      "duracion": 9.37,
      "texto": "¿Vos no podéis improvisar ahora?",
      "confianza": 0.454
    },
    {
      "hablante": "Hablante B",
      "inicio": 812.77,
      "fin": 813.58,
      "duracion": 0.8,
      "texto": "¿A mí me preguntas?",
      "confianza": 0.677
    },
    {
      "hablante": "Hablante A",
      "inicio": 816.22,
      "fin": 816.28,
      "duracion": 0.06,
      "texto": "Sí.",
      "confianza": 0.024
    },
    {
      "hablante": "Hablante A",
      "inicio": 816.3,
      "fin": 819.18,
      "duracion": 2.88,
      "texto": "Ah, sí, sí, deme un segundo, a ver.",
      "confianza": 0.355
    },
    {
      "hablante": "Hablante A",
      "inicio": 819.2,
      "fin": 821.02,
      "duracion": 1.82,
      "texto": "O sea, hay que ir.",
      "confianza": 0.387
    },
    {
      "hablante": "Hablante A",
      "inicio": 821.04,
      "fin": 823.65,
      "duracion": 2.6,
      "texto": "A ver.",
      "confianza": 0.766
    },
    {
      "hablante": "Hablante A",
      "inicio": 823.67,
      "fin": 826.03,
      "duracion": 2.36,
      "texto": "Deme un segundo.",
      "confianza": 0.586
    },
    {
      "hablante": "Hablante B",
      "inicio": 830.18,
      "fin": 836.31,
      "duracion": 6.13,
      "texto": "También me habías comentado que se pueden pedir celulares.",
      "confianza": 0.095
    },
    {
      "hablante": "Hablante B",
      "inicio": 836.33,
      "fin": 836.51,
      "duracion": 0.18,
      "texto": "Exacto.",
      "confianza": 0.238
    },
    {
      "hablante": "Hablante B",
      "inicio": 836.53,
      "fin": 844.82,
      "duracion": 8.29,
      "texto": "Como vos tenés un historial muy bueno en Movistar, vos podés tranquilamente contratarlo y pedirlo contra las facturas.",
      "confianza": 0.703
    },
    {
      "hablante": "Hablante B",
      "inicio": 845.12,
      "fin": 846.22,
      "duracion": 1.1,
      "texto": "Así que eso está buenísimo.",
      "confianza": 0.419
    },
    {
      "hablante": "Hablante B",
      "inicio": 846.9,
      "fin": 850.61,
      "duracion": 3.71,
      "texto": "Acá entra la aplicación.",
      "confianza": 0.334
    },
    {
      "hablante": "Hablante B",
      "inicio": 850.63,
      "fin": 850.69,
      "duracion": 0.06,
      "texto": "Sí.",
      "confianza": 0.079
    },
    {
      "hablante": "Hablante B",
      "inicio": 850.71,
      "fin": 851.17,
      "duracion": 0.46,
      "texto": "Sí, dale, terminemos.",
      "confianza": 0.104
    },
    {
      "hablante": "Hablante B",
      "inicio": 851.19,
      "fin": 856.58,
      "duracion": 5.39,
      "texto": "Acá te decía que yo acabo de entrar la aplicación, pero el tema es que yo ya tengo abono.",
      "confianza": 0.552
    },
    {
      "hablante": "Hablante B",
      "inicio": 856.6,
      "fin": 859.24,
      "duracion": 2.64,
      "texto": "Entonces, me arroja promociones.",
      "confianza": 0.801
    },
    {
      "hablante": "Hablante B",
      "inicio": 860.05,
      "fin": 862.09,
      "duracion": 2.04,
      "texto": "pero diferente.",
      "confianza": 0.899
    },
    {
      "hablante": "Hablante B",
      "inicio": 862.13,
      "fin": 873.65,
      "duracion": 11.52,
      "texto": "Como él ya tiene prepago, tiene que entrar a la aplicación porque a él le van a ayudar otras promociones porque yo ya tengo abono, entonces es diferente.",
      "confianza": 0.628
    },
    {
      "hablante": "Hablante B",
      "inicio": 873.67,
      "fin": 882.63,
      "duracion": 8.96,
      "texto": "Ahora, escúchame, el tema de los celulares, ¿esos vienen solamente para la compañía de movistar?",
      "confianza": 0.75
    },
    {
      "hablante": "Hablante B",
      "inicio": 884.03,
      "fin": 888.77,
      "duracion": 4.75,
      "texto": "Creo que todas las compañías tienen, no sé cómo será la verdad.",
      "confianza": 0.614
    },
    {
      "hablante": "Hablante B",
      "inicio": 888.79,
      "fin": 906.7,
      "duracion": 17.91,
      "texto": "En Movistar, por ejemplo, cuando usted ya es Movistar a uno, puede ver en la misma aplicación, hay una parte especial que es para ese tipo de cosas, y ahí puede ver todos los celulares y un montón de cosas más que... Me refiero si no son libres.",
      "confianza": 0.548
    },
    {
      "hablante": "Hablante B",
      "inicio": 906.72,
      "fin": 911.93,
      "duracion": 5.21,
      "texto": "O sea, ¿en qué sentido serían libres?",
      "confianza": 0.439
    },
    {
      "hablante": "Hablante B",
      "inicio": 911.95,
      "fin": 912.97,
      "duracion": 1.02,
      "texto": "Libres para elegir cualquier compañía en el futuro.",
      "confianza": 0.02
    },
    {
      "hablante": "Hablante B",
      "inicio": 913.54,
      "fin": 914.62,
      "duracion": 1.08,
      "texto": "Ah, sí, sí, sí, sí.",
      "confianza": 0.156
    },
    {
      "hablante": "Hablante B",
      "inicio": 914.76,
      "fin": 918.03,
      "duracion": 3.26,
      "texto": "O sea, usted, una vez que lo saca, no hay problema.",
      "confianza": 0.758
    },
    {
      "hablante": "Hablante B",
      "inicio": 918.11,
      "fin": 922.48,
      "duracion": 4.37,
      "texto": "Eso lo mantiene pagando y obviamente usted es libre.",
      "confianza": 0.664
    },
    {
      "hablante": "Hablante B",
      "inicio": 922.5,
      "fin": 924.78,
      "duracion": 2.28,
      "texto": "O sea, hoy en día no hay ningún contrato, si a eso se refiere.",
      "confianza": 0.526
    },
    {
      "hablante": "Hablante B",
      "inicio": 924.8,
      "fin": 926.0,
      "duracion": 1.2,
      "texto": "No hay ningún contrato permanente.",
      "confianza": 0.414
    },
    {
      "hablante": "Hablante B",
      "inicio": 926.02,
      "fin": 930.55,
      "duracion": 4.53,
      "texto": "Usted está en la compañía que quiera, básicamente.",
      "confianza": 0.683
    },
    {
      "hablante": "Hablante B",
      "inicio": 931.83,
      "fin": 938.0,
      "duracion": 6.17,
      "texto": "Pero básicamente, si usted lo empieza a pagar, igualmente es libre la compañía que esté, ¿no?",
      "confianza": 0.662
    },
    {
      "hablante": "Hablante B",
      "inicio": 938.02,
      "fin": 938.08,
      "duracion": 0.06,
      "texto": "Sí.",
      "confianza": 0.325
    },
    {
      "hablante": "Hablante B",
      "inicio": 938.2,
      "fin": 947.23,
      "duracion": 9.03,
      "texto": "Y volviendo a esto del plan menor, ¿por cuánto tiempo es la promoción del 85?",
      "confianza": 0.466
    },
    {
      "hablante": "Hablante B",
      "inicio": 947.25,
      "fin": 950.15,
      "duracion": 2.9,
      "texto": "Todas las promociones, sí, sí, sí.",
      "confianza": 0.358
    },
    {
      "hablante": "Hablante B",
      "inicio": 950.17,
      "fin": 954.62,
      "duracion": 4.45,
      "texto": "Del 85 ya están dando con un periodo de seis meses.",
      "confianza": 0.6
    },
    {
      "hablante": "Hablante B",
      "inicio": 954.64,
      "fin": 963.09,
      "duracion": 8.45,
      "texto": "Igualmente, esto también, con la misma aplicación de Movistar, uno puede ver todas las diferentes opciones que les figuran con respecto al tema de las promociones.",
      "confianza": 0.8
    },
    {
      "hablante": "Hablante B",
      "inicio": 963.13,
      "fin": 966.05,
      "duracion": 2.92,
      "texto": "Por ejemplo, es lo que hago yo también, ¿no?",
      "confianza": 0.706
    },
    {
      "hablante": "Hablante B",
      "inicio": 966.07,
      "fin": 966.74,
      "duracion": 0.66,
      "texto": "No lo veo mentir.",
      "confianza": 0.586
    },
    {
      "hablante": "Hablante B",
      "inicio": 967.07,
      "fin": 974.54,
      "duracion": 7.47,
      "texto": "Cuando se va, por ejemplo, por el mes número 5 o 5 y medio, puede consultar por esta promoción y ahí la misma aplicación le va a aparecer todas las opciones.",
      "confianza": 0.666
    },
    {
      "hablante": "Hablante B",
      "inicio": 975.28,
      "fin": 978.3,
      "duracion": 3.02,
      "texto": "O puede pedir que la llamen y ahí agarrar otra oferta.",
      "confianza": 0.736
    },
    {
      "hablante": "Hablante B",
      "inicio": 978.94,
      "fin": 982.21,
      "duracion": 3.26,
      "texto": "Pero, bueno, eso, ¿cómo se funciona?",
      "confianza": 0.504
    },
    {
      "hablante": "Hablante B",
      "inicio": 982.23,
      "fin": 984.39,
      "duracion": 2.16,
      "texto": "Sí, no se puede pasar al mejor postor, digamos.",
      "confianza": 0.257
    },
    {
      "hablante": "Hablante B",
      "inicio": 984.41,
      "fin": 993.12,
      "duracion": 8.71,
      "texto": "Se puede pasar al mejor postor, se puede pasar a prepago, eso sí, es así.",
      "confianza": 0.502
    },
    {
      "hablante": "Hablante B",
      "inicio": 993.14,
      "fin": 993.66,
      "duracion": 0.52,
      "texto": "Es así, así funciona todo.",
      "confianza": 0.0
    },
    {
      "hablante": "Hablante B",
      "inicio": 993.68,
      "fin": 996.4,
      "duracion": 2.72,
      "texto": "Dale, envíame entonces por WhatsApp la información y vemos.",
      "confianza": 0.132
    },
    {
      "hablante": "Hablante B",
      "inicio": 996.67,
      "fin": 1003.96,
      "duracion": 7.29,
      "texto": "Dale, Sandra, yo hoy le envié ahí, bueno, si le parece a las 14 horas, le vuelvo a llamar.",
      "confianza": 0.592
    },
    {
      "hablante": "Hablante B",
      "inicio": 1003.98,
      "fin": 1004.1,
      "duracion": 0.12,
      "texto": "Bueno.",
      "confianza": 0.048
    },
    {
      "hablante": "Hablante B",
      "inicio": 1004.12,
      "fin": 1009.06,
      "duracion": 4.95,
      "texto": "Dale, yo le voy a besar por WhatsApp, que la llamamos y se da cuenta que soy yo y no cualquier otra persona.",
      "confianza": 0.595
    },
    {
      "hablante": "Hablante A",
      "inicio": 1010.8,
      "fin": 1011.16,
      "duracion": 0.36,
      "texto": "Bueno, ¿tu nombre?",
      "confianza": 0.017
    },
    {
      "hablante": "Hablante A",
      "inicio": 1011.18,
      "fin": 1011.78,
      "duracion": 0.6,
      "texto": "Agustín.",
      "confianza": 0.82
    },
    {
      "hablante": "Hablante A",
      "inicio": 1011.8,
      "fin": 1015.49,
      "duracion": 3.68,
      "texto": "Agustín, igual yo hoy se le envié por WhatsApp y también mi nombre.",
      "confianza": 0.655
    },
    {
      "hablante": "Hablante A",
      "inicio": 1015.51,
      "fin": 1016.27,
      "duracion": 0.76,
      "texto": "Así le figura.",
      "confianza": 0.639
    },
    {
      "hablante": "Hablante A",
      "inicio": 1016.29,
      "fin": 1017.83,
      "duracion": 1.54,
      "texto": "Agustín Gontur, si le voy a aparecer.",
      "confianza": 0.56
    },
    {
      "hablante": "Hablante B",
      "inicio": 1022.01,
      "fin": 1022.22,
      "duracion": 0.2,
      "texto": "Ah, bueno.",
      "confianza": 0.007
    },
    {
      "hablante": "Hablante B",
      "inicio": 1022.24,
      "fin": 1022.36,
      "duracion": 0.12,
      "texto": "Bueno.",
      "confianza": 0.007
    },
    {
      "hablante": "Hablante B",
      "inicio": 1022.38,
      "fin": 1022.55,
      "duracion": 0.18,
      "texto": "Perfecto.",
      "confianza": 0.028
    },
    {
      "hablante": "Hablante B",
      "inicio": 1022.58,
      "fin": 1025.04,
      "duracion": 2.46,
      "texto": "Sandra, estamos en contacto a las 14 horas.",
      "confianza": 0.605
    },
    {
      "hablante": "Hablante B",
      "inicio": 1025.73,
      "fin": 1026.82,
      "duracion": 1.09,
      "texto": "Bueno, bueno.",
      "confianza": 0.578
    },
    {
      "hablante": "Hablante B",
      "inicio": 1026.84,
      "fin": 1027.48,
      "duracion": 0.65,
      "texto": "Me encanta.",
      "confianza": 0.129
    },
    {
      "hablante": "Hablante B",
      "inicio": 1027.5,
      "fin": 1027.79,
      "duracion": 0.28,
      "texto": "Dale.",
      "confianza": 0.895
    },
    {
      "hablante": "Hablante B",
      "inicio": 1028.09,
      "fin": 1028.53,
      "duracion": 0.44,
      "texto": "Perfecto.",
      "confianza": 0.353
    },
    {
      "hablante": "Hablante B",
      "inicio": 1028.55,
      "fin": 1028.92,
      "duracion": 0.36,
      "texto": "Hablamos.",
      "confianza": 0.823
    },
    {
      "hablante": "Hablante B",
      "inicio": 1029.12,
      "fin": 1029.66,
      "duracion": 0.55,
      "texto": "Chao, chao.",
      "confianza": 0.317
    }
  ],
  "transcripcion_completa": "Hola. Hola, buen día, Sandra. ¿Quién habla? Sandra, mucho gusto. Mi nombre es Agustín. Yo la estoy llamando desde el área de calidad movistar. ¿Cómo le va? ¿Todo bien? Todo bien. Sí, yo más que nada estoy llamando a Sandra porque, mire, me subió el canal en sistema que usted fue parte de la compañía hasta hace un tiempo atrás, ¿no? Y quería saber qué fue lo que le había llevado a cambiar. ¿Se tuvo algún inconveniente? ¿Fue por otra oferta? Sí, por otra oferta y, este, porque tenía inconvenientes también. Ajá. Bien, Sandra. Es la verdad que es algo bastante lógico. Uno siempre tiene que ver como lo mejor que le convenga a uno en el bolsillo, más como está en la Argentina el día de hoy, ¿no? Es así, Sandra. No hay mucha más vuelta que darle. Justamente por ese motivo, yo la estoy llamando, Sandra, primeramente, no para hacerle disculpas a parte de la empresa, por si vuelve un mal entendido o, bueno, por si no fue tan competitiva en ese momento la oferta. Y como segundo Sandra, sabemos que este es un excelente cliente de la compañía, que hace un año y medio que ya no está más. y que es justamente por eso la idea de la empresa que pueda volver con algo bueno para usted. O sea, es una inversión exclusiva a la que estamos dando a aquellos clientes que tuvieron algún inconveniente con la empresa y es una inversión del 85%. Justamente esto es para que usted pueda pagar menos, lo que está pagando hoy en día y que tenga más beneficios también. Le hago una consulta a Sandra, hoy en día, por ejemplo, para que utilicense el celular. Lo utiliza para WhatsApp, llamarlas o trabajarla. Todo, todo, todo. Todo. Bueno, mire, yo creo que tengo un plan muy bueno para usted que, mire, yo se lo comento y vemos realmente si le conviene. Por ejemplo, este plan le viene en total con 18 gigas. Es un plan intermedio igual. Le viene con 8 gigas de base más 10 regalos por 6 meses. Le viene con lo que es, obviamente, el WhatsApp gratis, con llamadas limitadas a cualquier compañía. Realmente tiene un giga para Free Fire, que no creo que lo juegue, pero lo tiene también ahí. Tiene América Precio Local, que se le permite llamar a personas que están afuera del país, y también tiene el Roaming para toda América. O sea, que usted en algún momento se va de mataciones, es que se le permite el bolsillo, ¿no? también con el Clase para el País o por motivos de trabajo, lo que sea. También, además de esto, tenemos algo que está muy bueno, que no existe en claro, que es guardar parcheas y gigas. No sé si usted lo utiliza alguna vez. Básicamente, hacer eso sobre las gigas es el plan base que se le guarda automáticamente al mes que viene. Haciendo de esta manera que siempre se le respite todo el plan. Como le comentaba, este es el descuento del 85% y te queda el día de hoy en lo que es $8,047. No sé, usted, por ejemplo, Sandra, ¿cuánto estaba pagando actualmente su compañía? Y mira, yo por dos líneas pago $9,000 pesos, o sea que es casi lo mismo. Bien, o sea por dos líneas estás pagando $9,000. $19,000. OK. $19,000 por dos. Ah, $19,000 por las dos. Bien. Si no, tenés dos, pero si tenés una sola, entonces te puedo ofrecer como familiar también. En el caso de que pases dos, te puedo ofrecer un cómo que es más económico igual. que te va a quedar también de 18 gigas, que son 4 de base, más 10 regalos por 6 meses, y 4 extra por hacer con el combo familiar, y esas no tienen vencimiento. En total son 18 con los mismos beneficios, solamente que no viene con roaming y con América Pesos Local, y ese te queda en $5,835 al día de hoy, ¿bien? O sea, estamos hablando que las dos serían, a ver, dame un segundo, alrededor de $11,670 pesos al día de hoy. Hay una promoción por tres líneas, porque tengo la de mi hijo, pero es prepago. ¿Él es prepago en claro o está en Movistar? En Movistar. En Movistar. Mira, lo que podemos hacer nosotros es pasar las líneas de carga Movistar con esa promoción y a él yo te puedo conseguir para que justamente puedas comunicar con el área justamente que se encarga de eso, porque yo me encargo del área de portabilidades. es el puesto que yo estoy, no puedo hacer otra cosa, por más que quiera. Pero te puedo derivar a la idea correspondiente para que le puedan aplicar la promoción. Eso es lo que podemos hacer, así de esa manera lo aprovechan todos. Además, bueno, me figura Sandra que bueno, tenés un excelente historial acá en Botar. O sea, si querés puedes pedir un celular a contrafactura, hay un montón de cosas más. Te felicito porque no cualquiera tiene un buen historial hoy en día. En general, ¿no? Eso es, obviamente, porque cumplir con las boletas, el tiempo y forma y todo eso, viste que siempre va sumando. Sí, sí. Por eso voy donde me conviene, porque sé lo que puedo pagar, ¿viste? Exacto. Para quedar moroso no me meto en las cosas. No, porque aparte después te frenan un montón de cosas y tenés que pedir un crédito, un préstamo, siempre que tenés todo en regla. Ahora, escúchame otra cosa. Tengo el celular de mi hijo que tiene también con abono. Pero esta nombre de él, ¿viste? Sí. ¿Y en cuánto quedaría la de él? ¿También quedarían $6,500 pesos? Y él también está en cargo en movilizar ahora. En claro. O sea, vos tenés en total tres, ¿sabes? Estás vos y sus dos hijos. Estás vos y un hijo tuyo están en claro y tenés otro hijo en movilizar en prepago. Así es. Bien, ahora entendí. No, que real el mismo precio, exactamente, en cinco minutos y dos treinta y cinco. Lo que pasa es que la de él está a nombre de él, la línea. Sí, sí, eso no es el problema. Eso lo que se puede hacer es lo siguiente. Hoy en día hay dos maneras de hacerlo, ¿bien? Que después, yo, por ejemplo, ahora, por ejemplo, podemos hacer su trámite sin problema, después yo contactarlo a él y hacerlo con él, O la otra opción, si usted lo vete, son familias, tiene mucha confianza, ¿no? Es de que usted puede hacer el trámite por él, digamos, al nombre de él, por más que sea su línea que esté en nombre de él. Como usted le va más alto, no hay problema, hay esos permisos. Y usted, por ejemplo, solamente tendría que saberse el DNI de él, que me imagino que lo sabe, y con eso ya podría hacer el trámite también de él. ¿Y qué darían las líneas, entonces? que es en 5.835. Lo único que sí, como son diferentes titulares, tendrían en total 14 gigas cada uno, que son cuatro y es regalo. Si esto es en un futuro, por ejemplo, vos te pasas a nombre de él o él te pasa a nombre tuyo a la línea, ahí te le aplican cuatro gigas más a cada línea, que es el combo familiar. No sé si más o menos iguales entendido. Igualmente eso, ahí se coloca en la aplicación de Movistar, eso le aparece cuando quiera y cualquier cosa es igual. Eso tiene que decir, Sandra, que ahora yo te acabo de enviar lo que es un mensaje de WhatsApp también. ¿Para qué? Porque a mí, por ejemplo, me gusta mucho hablar con las maquinitas o eso. Me imagino que a vos tampoco. Entonces, ante cualquier duda, consulta que pueda surgir hasta el momento que se les porte las líneas. Van a encontrar conmigo a través de WhatsApp. Bien, por eso es que yo te... Ahorita, escúchame. ¿Y por qué no, cuando llamamos a la compañía, no te ofrecen este... este hormón? Bien, ¿sabes por qué? Porque nosotros llamamos... Yo estoy del área... Entiendo, es súper entendible, porque nosotros estamos llamando lo que es el área de recuperación de clientes, ¿bien? Entonces, nosotros tenemos mejores promociones, porque son personas que ya estuvieron previamente en la empresa, que si vos consultas en la página web o en una sociosucursal de Movistar, porque realmente hay van personas que nunca han estado en Movistar, pues se consultan otro tipo de precios. Igualmente, a veces tenemos el mismo precio que ofrece la plataforma normal de Movistar. A veces sí, a veces no. Esta es una promoción exclusiva que lanzó Movistar para que, digamos, esos clientes que estuvieron en Movistar puedan volver. Es simplemente por eso. La de él la lanzan uno o dos días, ¿me entendés? No es algo que lancen todo el tiempo. Viste, cuando te dicen por ahí... Hacemos una cosa, ¿y en cuánto tiempo se hace el cambio? Mira, hoy, por ejemplo, ingresamos en lo que sería el trámite, vos o menos, vos con él, que hoy estamos aquí a miércoles. Más o menos para lunes o martes, la semana que viene, ya arrancarías como Vistar. Igualmente, este periodo de tiempo, estos 5 o 6 días que son, o una semana, ponerle en el interior de los casos, vos seguís con claro, o sea, nunca te caes sin señal. Vos, es así, una vez que esté cargado el término en el sistema, que se tiene que aprobar, una vez que queda aprobado, bien que está todo bien, que se ve el psicólogo, que se yo, Bueno, ahí vemos el tema del envío del chip. Yo, generalmente, lo que más recomiendo es con una sucursal Movistar para que vos te puedas acercar. Y una vez que tenés el chip, más o menos al día siguiente, o a los dos días hábiles después, te cortas la señal de claro y arrancas con Movistar. ¿Por qué? Porque Movistar se asegura que vos ya tengas el chip en tu mano al momento de, para recién ahí, cortarte la señal de claro. Así nos aseguramos que todo salga bien. ¿Y con las dos líneas a mi nombre? ¿Cuáles son los beneficios que tendría en el plan más bajo y qué es lo que no tendría con el que le sigue? ¿Cuál sería la diferencia? Bien, ahora se lo explico. Si usted tiene las dos líneas a su nombre, se le suma un beneficio extra que son cuatro gigas más por tiempo indeterminado para cada línea. Eso lo puede contratar, digamos, desde el momento que, por ejemplo, pasa líneas de su hijo a su nombre o al revés, y eso lo pueden hacer en la misma aplicación de movilidad, o sea, yo tengo un video para pasarle chiquete, o bueno, ese no es el problema. Ahora, la diferencia del plan más bajo con el que le comenté recién es que el plan un poco más alto, que es el plan 8000, viene con rooming, que es el exclusivo, con rooming incluido, por si usted quiere salir del país o irse de vacaciones. Si usted quiere irse de vacaciones, por ahí se lo recomiendo, pero si no, no, la verdad, o sea, si le vas por el país, me refiero. Si vas a irse, no sé, Brasil, Uruguay, Paraguay, no sé si vuelves a irse a otros países. No, no, no. Bueno, entonces por ahí no se lo recomiendo tanto. ¿Y cuál es la otra diferencia? Y la otra diferencia es que usted también viene con América a precio local, que se le permite llamar desde Argentina a otra persona que esté en América, en algún país de América, sin ningún problema. Es la diferencia también. Pero si usted tampoco tiene familiares fuera del país, Y eso depende si tiene un amigo, puede ser. Pero bueno, es más que nada para eso. No hay mucha diferencia. El resto es todo lo mismo. Le viene el WhatsApp gratuito con llamadas limitadas, tiene un giro para Free Fire, tiene guardapas a PayGigas y también el descuento al 85%. Es todo exactamente lo mismo. Ay, ¿tenés ese de pasar a los GIGAS? O sea, ¿tienen vencimiento eso para pasarlo o es sin... Yo fui... Mire, usted, por ejemplo, vio a usted, cuando le sobran GIGAS al plan base, esos se le pasan para el siguiente mes y le duran 30 días a las GIGAS del mes anterior que le sobraron. Igualmente, ustedes la pueden pasar cuando quieran a las GIGAS. Por ejemplo, si a él o a usted le sobraron GIGAS, Y no sé, le pasa a dos gigas, bueno, a esas dos gigas se las pasa a él cuando quiera, no hay problema con eso. ¿O a cualquier otro? ¿No importa que sea prepago? No, no, en ese caso el guardar pasapes gigas en este caso es solamente para abono, desmovilizar. Eso sí, eso sí es así, no para prepago. Pero para todos los abonos sí. Puede ser su hijo, puede ser un vecín, un familiar que tenga también mostar abono, se los puede pasar. Eso no hay problema. Sandra. ¿Y mi hijo ponerle en el que tiene a nombre de él, con alguno? Sí, con mí. ¿A cuánto le quedaría? El mismo valor, o sea, los 5835. Ajá. ¿Vos me podés enviar ese detalle por WhatsApp? Sí, sí, sí, no hay problema. Yo lo consulto y no sé cuándo me podés llamar o cómo es. Y sí, mira, nosotros generalmente trabajamos acá hasta las 3, estamos en la oficina. No sé si, por ejemplo, podés hablar antes de esa hora con él. Yo creo que sí. ¿Vos crees que sí? Bueno, Sandra, yo ahora te envío también esta promoción con los dos problemas más bajos, y luego ven cuáles conviene. Yo, cualquier... Por ejemplo, si a vos o a él le sirve más entrar un poco más alto, él puede contatar eso y vos eres más bajo, ese no es el problema. Yo ahora lo envío por WhatsApp. Y si te parece, hablando tipo a las dos. No sé si cuatro horas. Bueno, vale. Escúchame. Sí, sí. Otra cosita que te quería preguntar. ¿Cuándo está el plan menor con abono? Mi hijo tiene con prepago. Sí. Lo quiero pasar abono. El plan menor con A1, eso, ahora demos un segundo y se lo confirmo porque eso me toca. Ahí voy a entrar en la aplicación de Movistar y ahí me fijo a ver qué figura, porque no me figura acá en el sistema, pero ahora entro ya a mi aplicación y le confirmo también. A ver qué opciones hay. Igual, si no, también las puede ver desde la misma aplicación de Movistar, digamos. También las puedo hacer de esa manera. Pero bueno. Ya que estás ahí. Sí, puedes girarse por ahí también. ¿Vos no podéis improvisar ahora? ¿A mí me preguntas? Sí. Ah, sí, sí, deme un segundo, a ver. O sea, hay que ir. A ver. Deme un segundo. También me habías comentado que se pueden pedir celulares. Exacto. Como vos tenés un historial muy bueno en Movistar, vos podés tranquilamente contratarlo y pedirlo contra las facturas. Así que eso está buenísimo. Acá entra la aplicación. Sí. Sí, dale, terminemos. Acá te decía que yo acabo de entrar la aplicación, pero el tema es que yo ya tengo abono. Entonces, me arroja promociones. pero diferente. Como él ya tiene prepago, tiene que entrar a la aplicación porque a él le van a ayudar otras promociones porque yo ya tengo abono, entonces es diferente. Ahora, escúchame, el tema de los celulares, ¿esos vienen solamente para la compañía de movistar? Creo que todas las compañías tienen, no sé cómo será la verdad. En Movistar, por ejemplo, cuando usted ya es Movistar a uno, puede ver en la misma aplicación, hay una parte especial que es para ese tipo de cosas, y ahí puede ver todos los celulares y un montón de cosas más que... Me refiero si no son libres. O sea, ¿en qué sentido serían libres? Libres para elegir cualquier compañía en el futuro. Ah, sí, sí, sí, sí. O sea, usted, una vez que lo saca, no hay problema. Eso lo mantiene pagando y obviamente usted es libre. O sea, hoy en día no hay ningún contrato, si a eso se refiere. No hay ningún contrato permanente. Usted está en la compañía que quiera, básicamente. Pero básicamente, si usted lo empieza a pagar, igualmente es libre la compañía que esté, ¿no? Sí. Y volviendo a esto del plan menor, ¿por cuánto tiempo es la promoción del 85? Todas las promociones, sí, sí, sí. Del 85 ya están dando con un periodo de seis meses. Igualmente, esto también, con la misma aplicación de Movistar, uno puede ver todas las diferentes opciones que les figuran con respecto al tema de las promociones. Por ejemplo, es lo que hago yo también, ¿no? No lo veo mentir. Cuando se va, por ejemplo, por el mes número 5 o 5 y medio, puede consultar por esta promoción y ahí la misma aplicación le va a aparecer todas las opciones. O puede pedir que la llamen y ahí agarrar otra oferta. Pero, bueno, eso, ¿cómo se funciona? Sí, no se puede pasar al mejor postor, digamos. Se puede pasar al mejor postor, se puede pasar a prepago, eso sí, es así. Es así, así funciona todo. Dale, envíame entonces por WhatsApp la información y vemos. Dale, Sandra, yo hoy le envié ahí, bueno, si le parece a las 14 horas, le vuelvo a llamar. Bueno. Dale, yo le voy a besar por WhatsApp, que la llamamos y se da cuenta que soy yo y no cualquier otra persona. Bueno, ¿tu nombre? Agustín. Agustín, igual yo hoy se le envié por WhatsApp y también mi nombre. Así le figura. Agustín Gontur, si le voy a aparecer. Ah, bueno. Bueno. Perfecto. Sandra, estamos en contacto a las 14 horas. Bueno, bueno. Me encanta. Dale. Perfecto. Hablamos. Chao, chao.",
  "calidad": {
    "confianza_promedio": 0.527,
    "metodo_diarizacion": "pausas_fallback",
    "tiempo_procesamiento": 43.0
  },
  "metadata": {
    "modelo": "whisperx_medium",
    "diarizacion": "pausas",
    "dispositivo": "cuda",
    "fecha": "2026-02-18T23:40:52.799960",
    "version": "5.0_ecapa"
  }
}