{
  "archivo": "amza15_1_260212134614213_ACD_70225.wav",
  "duracion_segundos": 432.19,
  "num_segmentos": 130,
  "num_hablantes": 2,
  "hablantes": [
    "Hablante A",
    "Hablante B"
  ],
  "tiempo_por_hablante": {
    "Hablante A": 26.15,
    "Hablante B": 356.7
  },
  "idioma": "es",
  "conversacion": [
    {
      "hablante": "Hablante A",
      "inicio": 1.5,
      "fin": 4.37,
      "duracion": 2.87,
      "texto": "Hola.",
      "confianza": 0.179
    },
    {
      "hablante": "Hablante A",
      "inicio": 4.38,
      "fin": 4.69,
      "duracion": 0.3,
      "texto": "Hola, buen día.",
      "confianza": 0.018
    },
    {
      "hablante": "Hablante A",
      "inicio": 4.71,
      "fin": 4.77,
      "duracion": 0.06,
      "texto": "Sí.",
      "confianza": 0.014
    },
    {
      "hablante": "Hablante A",
      "inicio": 4.79,
      "fin": 6.25,
      "duracion": 1.46,
      "texto": "Silvio Brucio, volumen familiar.",
      "confianza": 0.592
    },
    {
      "hablante": "Hablante B",
      "inicio": 8.55,
      "fin": 8.61,
      "duracion": 0.06,
      "texto": "Sí.",
      "confianza": 0.054
    },
    {
      "hablante": "Hablante B",
      "inicio": 8.63,
      "fin": 9.21,
      "duracion": 0.58,
      "texto": "¿Qué pasó?",
      "confianza": 0.234
    },
    {
      "hablante": "Hablante B",
      "inicio": 9.23,
      "fin": 10.24,
      "duracion": 1.0,
      "texto": "Señorita, me lo presento.",
      "confianza": 0.392
    },
    {
      "hablante": "Hablante B",
      "inicio": 10.26,
      "fin": 11.08,
      "duracion": 0.82,
      "texto": "Mi nombre es Agustín.",
      "confianza": 0.43
    },
    {
      "hablante": "Hablante B",
      "inicio": 11.12,
      "fin": 13.32,
      "duracion": 2.21,
      "texto": "Yo estoy llamándole lo que es el área que le vamos a visitar.",
      "confianza": 0.538
    },
    {
      "hablante": "Hablante B",
      "inicio": 13.34,
      "fin": 13.95,
      "duracion": 0.6,
      "texto": "¿Cómo le va?",
      "confianza": 0.617
    },
    {
      "hablante": "Hablante B",
      "inicio": 13.96,
      "fin": 16.51,
      "duracion": 2.55,
      "texto": "¿Todo bien?",
      "confianza": 0.437
    },
    {
      "hablante": "Hablante B",
      "inicio": 16.53,
      "fin": 16.81,
      "duracion": 0.28,
      "texto": "Sí, todo bien.",
      "confianza": 0.027
    },
    {
      "hablante": "Hablante B",
      "inicio": 16.83,
      "fin": 17.15,
      "duracion": 0.32,
      "texto": "Vale, era mucho.",
      "confianza": 0.043
    },
    {
      "hablante": "Hablante B",
      "inicio": 17.17,
      "fin": 22.34,
      "duracion": 5.17,
      "texto": "Yo estoy llamando más que nada porque, mire, me descubrieron el sistema que ustedes, bueno, fueron parte de la compañía hace un tiempo atrás, ¿no?",
      "confianza": 0.597
    },
    {
      "hablante": "Hablante B",
      "inicio": 22.59,
      "fin": 27.68,
      "duracion": 5.09,
      "texto": "Quería saber qué fue lo que los hubiera llevado a cambiar, si tuvieron algún inconveniente, fue por otra oferta.",
      "confianza": 0.587
    },
    {
      "hablante": "Hablante B",
      "inicio": 27.7,
      "fin": 33.65,
      "duracion": 5.95,
      "texto": "Sí, tuve un inconveniente que fueron tres meses cedidos.",
      "confianza": 0.483
    },
    {
      "hablante": "Hablante B",
      "inicio": 33.67,
      "fin": 40.06,
      "duracion": 6.39,
      "texto": "Me habían llegado a una postura, cuando eso yo creo que pagaba mis farituras 5.000, 5.000 y algo, ¿qué es eso?",
      "confianza": 0.708
    },
    {
      "hablante": "Hablante B",
      "inicio": 40.12,
      "fin": 46.31,
      "duracion": 6.19,
      "texto": "11.000, ponéle que me alcanzaba para los dos juntos, porque son dos líneas las que tengo.",
      "confianza": 0.614
    },
    {
      "hablante": "Hablante B",
      "inicio": 46.33,
      "fin": 46.55,
      "duracion": 0.22,
      "texto": "Sí, sí, sí.",
      "confianza": 0.005
    },
    {
      "hablante": "Hablante B",
      "inicio": 46.57,
      "fin": 49.7,
      "duracion": 3.12,
      "texto": "Bueno, el primer mes me habido como 40 y algo.",
      "confianza": 0.688
    },
    {
      "hablante": "Hablante B",
      "inicio": 50.5,
      "fin": 56.63,
      "duracion": 6.13,
      "texto": "que llamé a reclamar, me dijeron que me cobraron robarme porque había salido del país, que esto y aquello.",
      "confianza": 0.663
    },
    {
      "hablante": "Hablante B",
      "inicio": 56.65,
      "fin": 58.79,
      "duracion": 2.14,
      "texto": "Le dije, ni siquiera tengo para llegar advertido.",
      "confianza": 0.717
    },
    {
      "hablante": "Hablante B",
      "inicio": 58.83,
      "fin": 60.11,
      "duracion": 1.28,
      "texto": "Le dije, o sea, nada que ver.",
      "confianza": 0.503
    },
    {
      "hablante": "Hablante B",
      "inicio": 61.48,
      "fin": 63.66,
      "duracion": 2.18,
      "texto": "Bueno, lo que sí que me hicieron descuento, pagué 22.",
      "confianza": 0.623
    },
    {
      "hablante": "Hablante B",
      "inicio": 65.12,
      "fin": 75.23,
      "duracion": 10.11,
      "texto": "El siguiente mes, el mismo problema que se ha salido del país, que fue robarme, que esto y aquello, sí me vino 47, 49, algo así.",
      "confianza": 0.648
    },
    {
      "hablante": "Hablante B",
      "inicio": 76.1,
      "fin": 79.61,
      "duracion": 3.51,
      "texto": "De vuelta volví a reclamar que no salí.",
      "confianza": 0.663
    },
    {
      "hablante": "Hablante B",
      "inicio": 79.63,
      "fin": 81.37,
      "duracion": 1.74,
      "texto": "Bueno, tuve que pagar 27.",
      "confianza": 0.63
    },
    {
      "hablante": "Hablante B",
      "inicio": 82.63,
      "fin": 85.1,
      "duracion": 2.46,
      "texto": "El tercer mes me vino casi 80.000 pesos.",
      "confianza": 0.734
    },
    {
      "hablante": "Hablante B",
      "inicio": 86.56,
      "fin": 88.04,
      "duracion": 1.48,
      "texto": "De vuelta por el mismo problema.",
      "confianza": 0.767
    },
    {
      "hablante": "Hablante A",
      "inicio": 89.74,
      "fin": 98.86,
      "duracion": 9.11,
      "texto": "Y yo no podía pagarle un monto de 5.000 porque encima mi papá en internet usa, mi papá tiene para WhatsApp el teléfono.",
      "confianza": 0.599
    },
    {
      "hablante": "Hablante A",
      "inicio": 98.88,
      "fin": 101.74,
      "duracion": 2.86,
      "texto": "Y tener que pagar a 10.000 que me vino casi 80.000.",
      "confianza": 0.633
    },
    {
      "hablante": "Hablante A",
      "inicio": 102.09,
      "fin": 106.82,
      "duracion": 4.73,
      "texto": "En pleno diciembre, que no tenía trabajo, estaba haciendo plata, no, era demasiado.",
      "confianza": 0.68
    },
    {
      "hablante": "Hablante B",
      "inicio": 109.7,
      "fin": 109.8,
      "duracion": 0.1,
      "texto": "Bien.",
      "confianza": 0.003
    },
    {
      "hablante": "Hablante B",
      "inicio": 109.82,
      "fin": 113.88,
      "duracion": 4.06,
      "texto": "Entonces, lo llamé y prácticamente no me quisieron hacer caso.",
      "confianza": 0.576
    },
    {
      "hablante": "Hablante B",
      "inicio": 115.06,
      "fin": 120.03,
      "duracion": 4.97,
      "texto": "Llamé a pedirles si me podían falturar el 2 o 3 pagos porque no llegaba a esa cantidad.",
      "confianza": 0.759
    },
    {
      "hablante": "Hablante B",
      "inicio": 121.01,
      "fin": 123.99,
      "duracion": 2.98,
      "texto": "Me dijeron que no, que no se podía, se tenía que abonar el total.",
      "confianza": 0.655
    },
    {
      "hablante": "Hablante B",
      "inicio": 125.21,
      "fin": 131.22,
      "duracion": 6.01,
      "texto": "Le dije, pero yo lo estoy pidiendo que me lo hagan el 2 o 3 pago y pasarme a tarjeta.",
      "confianza": 0.749
    },
    {
      "hablante": "Hablante B",
      "inicio": 131.94,
      "fin": 135.87,
      "duracion": 3.93,
      "texto": "Me dicen, no, no te puedo pasar tarjetas mientras que vos no canceles la deuda que tenés.",
      "confianza": 0.566
    },
    {
      "hablante": "Hablante B",
      "inicio": 137.33,
      "fin": 138.47,
      "duracion": 1.14,
      "texto": "Y no tenía para pagar.",
      "confianza": 0.618
    },
    {
      "hablante": "Hablante B",
      "inicio": 139.84,
      "fin": 141.34,
      "duracion": 1.5,
      "texto": "Entonces me tuve que pasar la recompartía.",
      "confianza": 0.453
    },
    {
      "hablante": "Hablante B",
      "inicio": 141.36,
      "fin": 142.58,
      "duracion": 1.22,
      "texto": "Eso fue la realidad.",
      "confianza": 0.54
    },
    {
      "hablante": "Hablante B",
      "inicio": 142.82,
      "fin": 145.06,
      "duracion": 2.24,
      "texto": "O sea, no tenía seguridad ni la vuelta, ¿por qué?",
      "confianza": 0.527
    },
    {
      "hablante": "Hablante B",
      "inicio": 145.62,
      "fin": 146.45,
      "duracion": 0.82,
      "texto": "Fue esa la realidad.",
      "confianza": 0.731
    },
    {
      "hablante": "Hablante B",
      "inicio": 147.27,
      "fin": 151.44,
      "duracion": 4.17,
      "texto": "Era una piada que no tenía para pagar y no podía.",
      "confianza": 0.818
    },
    {
      "hablante": "Hablante B",
      "inicio": 151.46,
      "fin": 152.84,
      "duracion": 1.38,
      "texto": "No, sí, la verdad es que te entiendo.",
      "confianza": 0.304
    },
    {
      "hablante": "Hablante B",
      "inicio": 153.14,
      "fin": 159.17,
      "duracion": 6.03,
      "texto": "La verdad que sí, usted tuviste una pésima administración de parte de la era de, ¿cómo se llama?",
      "confianza": 0.61
    },
    {
      "hablante": "Hablante B",
      "inicio": 159.19,
      "fin": 159.41,
      "duracion": 0.22,
      "texto": "De Pinarza.",
      "confianza": 0.024
    },
    {
      "hablante": "Hablante B",
      "inicio": 159.43,
      "fin": 160.65,
      "duracion": 1.22,
      "texto": "Sí, era un cliente de Movistar.",
      "confianza": 0.365
    },
    {
      "hablante": "Hablante B",
      "inicio": 160.67,
      "fin": 163.69,
      "duracion": 3.02,
      "texto": "Casi 15 años mantuvo el mismo número en Movistar.",
      "confianza": 0.471
    },
    {
      "hablante": "Hablante B",
      "inicio": 164.43,
      "fin": 165.74,
      "duracion": 1.3,
      "texto": "Un montón, un montón de tiempo.",
      "confianza": 0.591
    },
    {
      "hablante": "Hablante B",
      "inicio": 166.24,
      "fin": 172.79,
      "duracion": 6.55,
      "texto": "O sea, te venía funcionando todo re bien hasta que en ese, a partir de esos meses, se descontroló, digamos.",
      "confianza": 0.674
    },
    {
      "hablante": "Hablante B",
      "inicio": 173.19,
      "fin": 178.45,
      "duracion": 5.27,
      "texto": "Ponerme que cada dos, tres años igual siempre tengo el mismo problema, pero con una cantidad más baja.",
      "confianza": 0.599
    },
    {
      "hablante": "Hablante B",
      "inicio": 178.47,
      "fin": 182.52,
      "duracion": 4.05,
      "texto": "Que después arreglo, me dan la promoción de vuelta de un año, vuelvo a usar.",
      "confianza": 0.402
    },
    {
      "hablante": "Hablante B",
      "inicio": 183.26,
      "fin": 192.03,
      "duracion": 8.77,
      "texto": "Y así venía manteniendo todo el tiempo, pero después, imagínate, en esta época que estamos que nadie tiene plata y de 10.000 que me venga 80.000.",
      "confianza": 0.738
    },
    {
      "hablante": "Hablante B",
      "inicio": 192.05,
      "fin": 195.34,
      "duracion": 3.28,
      "texto": "No, mirá, es una locura.",
      "confianza": 0.251
    },
    {
      "hablante": "Hablante B",
      "inicio": 195.36,
      "fin": 198.26,
      "duracion": 2.9,
      "texto": "Fueron tres meses seguidos, o sea, no fue solo un mes.",
      "confianza": 0.416
    },
    {
      "hablante": "Hablante B",
      "inicio": 198.28,
      "fin": 205.05,
      "duracion": 6.77,
      "texto": "Tuve problemas un mes, el siguiente mes y el tercer mes, o sea, fueron tres meses que fue problema, problema, problema.",
      "confianza": 0.592
    },
    {
      "hablante": "Hablante B",
      "inicio": 205.09,
      "fin": 208.46,
      "duracion": 3.36,
      "texto": "Y venía pagando una plata cuando nos contaba.",
      "confianza": 0.684
    },
    {
      "hablante": "Hablante B",
      "inicio": 209.5,
      "fin": 210.44,
      "duracion": 0.94,
      "texto": "Bien, bien, Sino.",
      "confianza": 0.558
    },
    {
      "hablante": "Hablante B",
      "inicio": 210.46,
      "fin": 211.86,
      "duracion": 1.4,
      "texto": "La verdad que te entiendo.",
      "confianza": 0.537
    },
    {
      "hablante": "Hablante B",
      "inicio": 211.88,
      "fin": 215.85,
      "duracion": 3.97,
      "texto": "Bueno, mi parte de la empresa, obviamente, es lo primero que yo quisiera hacer, pedirte disculpas, ¿no?",
      "confianza": 0.572
    },
    {
      "hablante": "Hablante B",
      "inicio": 216.33,
      "fin": 217.49,
      "duracion": 1.16,
      "texto": "Lo que hiciste es una consulta.",
      "confianza": 0.744
    },
    {
      "hablante": "Hablante B",
      "inicio": 217.51,
      "fin": 225.32,
      "duracion": 7.81,
      "texto": "¿Vos recordabas, o sea, la última abuelita esa que te dio 80, esa la alcanzaste a abonar o no la abonaste?",
      "confianza": 0.626
    },
    {
      "hablante": "Hablante B",
      "inicio": 225.34,
      "fin": 226.59,
      "duracion": 1.24,
      "texto": "No, no la aboné porque no tenía.",
      "confianza": 0.337
    },
    {
      "hablante": "Hablante B",
      "inicio": 226.63,
      "fin": 237.26,
      "duracion": 10.64,
      "texto": "Le llamé a ellos que me pase una tarjeta y que me lo hagan en factura para pagar y me dijeron que no, que tenía que pagar el total y después pasar más tarjetas.",
      "confianza": 0.728
    },
    {
      "hablante": "Hablante B",
      "inicio": 237.97,
      "fin": 240.41,
      "duracion": 2.44,
      "texto": "Y yo no ponía, no tenía y tampoco iba a tener.",
      "confianza": 0.412
    },
    {
      "hablante": "Hablante B",
      "inicio": 240.91,
      "fin": 241.61,
      "duracion": 0.7,
      "texto": "Era la realidad.",
      "confianza": 0.794
    },
    {
      "hablante": "Hablante B",
      "inicio": 241.63,
      "fin": 243.96,
      "duracion": 2.32,
      "texto": "¿Y hoy en día estás en claro con tarjeta también?",
      "confianza": 0.561
    },
    {
      "hablante": "Hablante B",
      "inicio": 244.96,
      "fin": 246.2,
      "duracion": 1.24,
      "texto": "No, no, estoy con fortura.",
      "confianza": 0.555
    },
    {
      "hablante": "Hablante B",
      "inicio": 246.86,
      "fin": 248.46,
      "duracion": 1.6,
      "texto": "Con fortura y tu cuapa también.",
      "confianza": 0.574
    },
    {
      "hablante": "Hablante B",
      "inicio": 248.48,
      "fin": 250.65,
      "duracion": 2.16,
      "texto": "Pero tengo una fortura de 5.000 pesos al mes.",
      "confianza": 0.272
    },
    {
      "hablante": "Hablante B",
      "inicio": 250.67,
      "fin": 254.17,
      "duracion": 3.51,
      "texto": "De 5.000 a 80.000, la diferencia es de acá a la china.",
      "confianza": 0.545
    },
    {
      "hablante": "Hablante B",
      "inicio": 254.19,
      "fin": 255.46,
      "duracion": 1.26,
      "texto": "No, no, no, bien, te entiendo.",
      "confianza": 0.508
    },
    {
      "hablante": "Hablante B",
      "inicio": 255.96,
      "fin": 257.56,
      "duracion": 1.6,
      "texto": "O sea, digamos, los dos ahora tienen la uno.",
      "confianza": 0.467
    },
    {
      "hablante": "Hablante B",
      "inicio": 258.38,
      "fin": 259.74,
      "duracion": 1.36,
      "texto": "Sí, sí.",
      "confianza": 0.556
    },
    {
      "hablante": "Hablante B",
      "inicio": 259.76,
      "fin": 261.38,
      "duracion": 1.62,
      "texto": "Bien, a ver, dame un segundito entonces.",
      "confianza": 0.671
    },
    {
      "hablante": "Hablante B",
      "inicio": 261.4,
      "fin": 262.06,
      "duracion": 0.66,
      "texto": "¿Cómo es tu nombre?",
      "confianza": 0.666
    },
    {
      "hablante": "Hablante B",
      "inicio": 263.29,
      "fin": 265.15,
      "duracion": 1.86,
      "texto": "El mío es Lisa, soy la hija de Silvio.",
      "confianza": 0.598
    },
    {
      "hablante": "Hablante B",
      "inicio": 266.21,
      "fin": 266.91,
      "duracion": 0.7,
      "texto": "Vale, ¿cómo?",
      "confianza": 0.744
    },
    {
      "hablante": "Hablante B",
      "inicio": 267.21,
      "fin": 272.7,
      "duracion": 5.49,
      "texto": "Liza, en realidad soy yo la que maneja las dos líneas.",
      "confianza": 0.562
    },
    {
      "hablante": "Hablante B",
      "inicio": 273.36,
      "fin": 275.86,
      "duracion": 2.5,
      "texto": "Me doy cuenta que lo manejas vos, es que haces tranquila.",
      "confianza": 0.457
    },
    {
      "hablante": "Hablante B",
      "inicio": 276.24,
      "fin": 277.28,
      "duracion": 1.04,
      "texto": "Liza, entonces, tu nombre.",
      "confianza": 0.8
    },
    {
      "hablante": "Hablante B",
      "inicio": 277.82,
      "fin": 285.39,
      "duracion": 7.57,
      "texto": "Bien, dame un segundito, entonces, voy a ver en qué ha quedado el tema de... Bueno, de tu historia de acá en Movistar.",
      "confianza": 0.514
    },
    {
      "hablante": "Hablante B",
      "inicio": 285.81,
      "fin": 292.02,
      "duracion": 6.21,
      "texto": "Dame un segundito, a ver qué lo que podamos hacer justamente para... ¿Cómo?",
      "confianza": 0.637
    },
    {
      "hablante": "Hablante B",
      "inicio": 292.04,
      "fin": 293.98,
      "duracion": 1.94,
      "texto": "No, no, disculpa, estaba saliendo al colectivo y...",
      "confianza": 0.465
    },
    {
      "hablante": "Hablante B",
      "inicio": 294.16,
      "fin": 295.6,
      "duracion": 1.44,
      "texto": "Ah, no pasa nada.",
      "confianza": 0.339
    },
    {
      "hablante": "Hablante B",
      "inicio": 295.62,
      "fin": 298.43,
      "duracion": 2.8,
      "texto": "Dame un segundo, así nos van a estar informando al 100%.",
      "confianza": 0.631
    },
    {
      "hablante": "Hablante B",
      "inicio": 298.47,
      "fin": 305.31,
      "duracion": 6.85,
      "texto": "Yo, por mientras, lo que voy a hacer... Elisa, me habías dicho, te voy a estar enviando lo que es un mensajito por WhatsApp desde mi número personal.",
      "confianza": 0.586
    },
    {
      "hablante": "Hablante B",
      "inicio": 305.49,
      "fin": 306.19,
      "duracion": 0.7,
      "texto": "Dame un segundo.",
      "confianza": 0.61
    },
    {
      "hablante": "Hablante B",
      "inicio": 306.47,
      "fin": 312.76,
      "duracion": 6.29,
      "texto": "Igual, hoy en día, hace tres meses atrás, solo ese número está en nombre de mi papá.",
      "confianza": 0.756
    },
    {
      "hablante": "Hablante B",
      "inicio": 312.78,
      "fin": 316.64,
      "duracion": 3.86,
      "texto": "Ya nosotros, yo lo paso a mi nombre, a mi nombre, con mi número de documento.",
      "confianza": 0.49
    },
    {
      "hablante": "Hablante B",
      "inicio": 316.66,
      "fin": 321.91,
      "duracion": 5.25,
      "texto": "Y solo ese es el que mantengo en tarjeta y con el número de mi papá todavía.",
      "confianza": 0.749
    },
    {
      "hablante": "Hablante B",
      "inicio": 322.36,
      "fin": 322.84,
      "duracion": 0.48,
      "texto": "Ah, ok.",
      "confianza": 0.188
    },
    {
      "hablante": "Hablante B",
      "inicio": 322.86,
      "fin": 325.8,
      "duracion": 2.94,
      "texto": "Pero este número ya está el nombre tuyo entonces.",
      "confianza": 0.655
    },
    {
      "hablante": "Hablante B",
      "inicio": 325.82,
      "fin": 325.96,
      "duracion": 0.14,
      "texto": "No, no.",
      "confianza": 0.058
    },
    {
      "hablante": "Hablante B",
      "inicio": 325.98,
      "fin": 328.35,
      "duracion": 2.36,
      "texto": "Los otros que ya tenía...",
      "confianza": 0.404
    },
    {
      "hablante": "Hablante B",
      "inicio": 328.37,
      "fin": 331.87,
      "duracion": 3.5,
      "texto": "Tenía tres números, los tres con el nombre de mi papá.",
      "confianza": 0.626
    },
    {
      "hablante": "Hablante B",
      "inicio": 331.89,
      "fin": 331.97,
      "duracion": 0.08,
      "texto": "Ajá.",
      "confianza": 0.003
    },
    {
      "hablante": "Hablante B",
      "inicio": 331.99,
      "fin": 336.04,
      "duracion": 4.05,
      "texto": "Y los otros dos me los pasé a mi... A mi nombre.",
      "confianza": 0.536
    },
    {
      "hablante": "Hablante B",
      "inicio": 336.68,
      "fin": 339.32,
      "duracion": 2.64,
      "texto": "Y ese solo ya figura hoy en día el nombre de mi papá.",
      "confianza": 0.739
    },
    {
      "hablante": "Hablante B",
      "inicio": 339.34,
      "fin": 343.0,
      "duracion": 3.66,
      "texto": "O sea, los otros dos ya no figura el nombre de él.",
      "confianza": 0.602
    },
    {
      "hablante": "Hablante B",
      "inicio": 343.02,
      "fin": 347.87,
      "duracion": 4.85,
      "texto": "Ah, porque a mí me figura el nombre de él, digamos, el número de él y el tuyo que está el nombre de él.",
      "confianza": 0.695
    },
    {
      "hablante": "Hablante B",
      "inicio": 348.65,
      "fin": 350.07,
      "duracion": 1.42,
      "texto": "En este que estamos hablando ahora...",
      "confianza": 0.632
    },
    {
      "hablante": "Hablante B",
      "inicio": 350.37,
      "fin": 353.24,
      "duracion": 2.86,
      "texto": "O sea, eso no sé si hay que corregirlo, papá.",
      "confianza": 0.455
    },
    {
      "hablante": "Hablante B",
      "inicio": 353.26,
      "fin": 357.04,
      "duracion": 3.78,
      "texto": "Pero me sobra esta, que es el número que estamos hablando ahora y uno que termina en 0723.",
      "confianza": 0.636
    },
    {
      "hablante": "Hablante B",
      "inicio": 357.1,
      "fin": 359.2,
      "duracion": 2.1,
      "texto": "Sí, 0723.",
      "confianza": 0.688
    },
    {
      "hablante": "Hablante B",
      "inicio": 359.23,
      "fin": 360.75,
      "duracion": 1.52,
      "texto": "Que es el nombre de tu papá.",
      "confianza": 0.344
    },
    {
      "hablante": "Hablante B",
      "inicio": 360.77,
      "fin": 369.44,
      "duracion": 8.67,
      "texto": "Las dos están, hoy en día, están los dos en nombre de él o solamente el que termina en 723?",
      "confianza": 0.577
    },
    {
      "hablante": "Hablante B",
      "inicio": 369.46,
      "fin": 371.24,
      "duracion": 1.78,
      "texto": "No, no, hoy en día solo eso.",
      "confianza": 0.085
    },
    {
      "hablante": "Hablante B",
      "inicio": 371.26,
      "fin": 372.46,
      "duracion": 1.2,
      "texto": "Después que me pasé a claro, yo el otro lo pasé a mi nombre.",
      "confianza": 0.004
    },
    {
      "hablante": "Hablante B",
      "inicio": 372.48,
      "fin": 372.7,
      "duracion": 0.22,
      "texto": "Ah, ok, ok.",
      "confianza": 0.061
    },
    {
      "hablante": "Hablante B",
      "inicio": 372.72,
      "fin": 374.47,
      "duracion": 1.74,
      "texto": "Entonces, eso no estaba en el sistema tampoco.",
      "confianza": 0.705
    },
    {
      "hablante": "Hablante B",
      "inicio": 375.07,
      "fin": 379.65,
      "duracion": 4.59,
      "texto": "Bien, mira, Liza, lo que yo te pude recomendar, o sea, lo único que ahí me confirmó en el sistema,",
      "confianza": 0.671
    },
    {
      "hablante": "Hablante B",
      "inicio": 380.09,
      "fin": 395.52,
      "duracion": 15.43,
      "texto": "es que vos podés llegar a pasar, o sea, pasándote vos, o también tu papá, o los dos, o uno de los dos, lo que podemos hacer acá, donde estoy yo, que es la recuperación de clientes, es que ustedes puedan volver a la compañía y que se les perdone el saldo pendiente que tenían de antes.",
      "confianza": 0.671
    },
    {
      "hablante": "Hablante B",
      "inicio": 396.66,
      "fin": 402.45,
      "duracion": 5.79,
      "texto": "Es lo único que yo podría hacer para que justamente puedan de esa manera volver a la compañía, ¿entenderás?",
      "confianza": 0.765
    },
    {
      "hablante": "Hablante B",
      "inicio": 403.58,
      "fin": 412.15,
      "duracion": 8.57,
      "texto": "Disculpa, ¿será que no me podés llamar mañana o después, más tardecita?",
      "confianza": 0.115
    },
    {
      "hablante": "Hablante B",
      "inicio": 412.17,
      "fin": 412.23,
      "duracion": 0.06,
      "texto": "Sí.",
      "confianza": 0.087
    },
    {
      "hablante": "Hablante B",
      "inicio": 412.25,
      "fin": 415.27,
      "duracion": 3.02,
      "texto": "Porque yo soy con 5% de batería y tengo como una hora todavía para llegar al aburo.",
      "confianza": 0.263
    },
    {
      "hablante": "Hablante B",
      "inicio": 415.29,
      "fin": 416.43,
      "duracion": 1.14,
      "texto": "Oh, mira.",
      "confianza": 0.613
    },
    {
      "hablante": "Hablante B",
      "inicio": 416.45,
      "fin": 418.85,
      "duracion": 2.4,
      "texto": "Mira, pues así si podés hablar tipo 5 de la tarde.",
      "confianza": 0.579
    },
    {
      "hablante": "Hablante B",
      "inicio": 419.74,
      "fin": 421.08,
      "duracion": 1.34,
      "texto": "Dale, buenísimo.",
      "confianza": 0.287
    },
    {
      "hablante": "Hablante B",
      "inicio": 421.1,
      "fin": 421.68,
      "duracion": 0.58,
      "texto": "Dale, bueno, a las 5.",
      "confianza": 0.274
    },
    {
      "hablante": "Hablante B",
      "inicio": 421.7,
      "fin": 423.32,
      "duracion": 1.62,
      "texto": "Yo igual te mandé un mensaje por WhatsApp.",
      "confianza": 0.574
    },
    {
      "hablante": "Hablante B",
      "inicio": 423.34,
      "fin": 424.54,
      "duracion": 1.2,
      "texto": "Te voy a avisar que te ayudamos.",
      "confianza": 0.443
    },
    {
      "hablante": "Hablante A",
      "inicio": 426.32,
      "fin": 427.88,
      "duracion": 1.56,
      "texto": "Pero bueno, te voy a estar llamando tipo esa hora.",
      "confianza": 0.452
    },
    {
      "hablante": "Hablante A",
      "inicio": 427.9,
      "fin": 428.24,
      "duracion": 0.34,
      "texto": "Dale.",
      "confianza": 0.795
    },
    {
      "hablante": "Hablante A",
      "inicio": 429.0,
      "fin": 429.6,
      "duracion": 0.6,
      "texto": "Dale, gracias.",
      "confianza": 0.67
    },
    {
      "hablante": "Hablante A",
      "inicio": 429.74,
      "fin": 430.32,
      "duracion": 0.58,
      "texto": "Perfecto, Elisa.",
      "confianza": 0.613
    },
    {
      "hablante": "Hablante A",
      "inicio": 430.36,
      "fin": 431.17,
      "duracion": 0.8,
      "texto": "Estamos en contacto.",
      "confianza": 0.69
    },
    {
      "hablante": "Hablante A",
      "inicio": 431.31,
      "fin": 432.19,
      "duracion": 0.88,
      "texto": "Buen viaje.",
      "confianza": 0.857
    }
  ],
  "transcripcion_completa": "Hola. Hola, buen día. Sí. Silvio Brucio, volumen familiar. Sí. ¿Qué pasó? Señorita, me lo presento. Mi nombre es Agustín. Yo estoy llamándole lo que es el área que le vamos a visitar. ¿Cómo le va? ¿Todo bien? Sí, todo bien. Vale, era mucho. Yo estoy llamando más que nada porque, mire, me descubrieron el sistema que ustedes, bueno, fueron parte de la compañía hace un tiempo atrás, ¿no? Quería saber qué fue lo que los hubiera llevado a cambiar, si tuvieron algún inconveniente, fue por otra oferta. Sí, tuve un inconveniente que fueron tres meses cedidos. Me habían llegado a una postura, cuando eso yo creo que pagaba mis farituras 5.000, 5.000 y algo, ¿qué es eso? 11.000, ponéle que me alcanzaba para los dos juntos, porque son dos líneas las que tengo. Sí, sí, sí. Bueno, el primer mes me habido como 40 y algo. que llamé a reclamar, me dijeron que me cobraron robarme porque había salido del país, que esto y aquello. Le dije, ni siquiera tengo para llegar advertido. Le dije, o sea, nada que ver. Bueno, lo que sí que me hicieron descuento, pagué 22. El siguiente mes, el mismo problema que se ha salido del país, que fue robarme, que esto y aquello, sí me vino 47, 49, algo así. De vuelta volví a reclamar que no salí. Bueno, tuve que pagar 27. El tercer mes me vino casi 80.000 pesos. De vuelta por el mismo problema. Y yo no podía pagarle un monto de 5.000 porque encima mi papá en internet usa, mi papá tiene para WhatsApp el teléfono. Y tener que pagar a 10.000 que me vino casi 80.000. En pleno diciembre, que no tenía trabajo, estaba haciendo plata, no, era demasiado. Bien. Entonces, lo llamé y prácticamente no me quisieron hacer caso. Llamé a pedirles si me podían falturar el 2 o 3 pagos porque no llegaba a esa cantidad. Me dijeron que no, que no se podía, se tenía que abonar el total. Le dije, pero yo lo estoy pidiendo que me lo hagan el 2 o 3 pago y pasarme a tarjeta. Me dicen, no, no te puedo pasar tarjetas mientras que vos no canceles la deuda que tenés. Y no tenía para pagar. Entonces me tuve que pasar la recompartía. Eso fue la realidad. O sea, no tenía seguridad ni la vuelta, ¿por qué? Fue esa la realidad. Era una piada que no tenía para pagar y no podía. No, sí, la verdad es que te entiendo. La verdad que sí, usted tuviste una pésima administración de parte de la era de, ¿cómo se llama? De Pinarza. Sí, era un cliente de Movistar. Casi 15 años mantuvo el mismo número en Movistar. Un montón, un montón de tiempo. O sea, te venía funcionando todo re bien hasta que en ese, a partir de esos meses, se descontroló, digamos. Ponerme que cada dos, tres años igual siempre tengo el mismo problema, pero con una cantidad más baja. Que después arreglo, me dan la promoción de vuelta de un año, vuelvo a usar. Y así venía manteniendo todo el tiempo, pero después, imagínate, en esta época que estamos que nadie tiene plata y de 10.000 que me venga 80.000. No, mirá, es una locura. Fueron tres meses seguidos, o sea, no fue solo un mes. Tuve problemas un mes, el siguiente mes y el tercer mes, o sea, fueron tres meses que fue problema, problema, problema. Y venía pagando una plata cuando nos contaba. Bien, bien, Sino. La verdad que te entiendo. Bueno, mi parte de la empresa, obviamente, es lo primero que yo quisiera hacer, pedirte disculpas, ¿no? Lo que hiciste es una consulta. ¿Vos recordabas, o sea, la última abuelita esa que te dio 80, esa la alcanzaste a abonar o no la abonaste? No, no la aboné porque no tenía. Le llamé a ellos que me pase una tarjeta y que me lo hagan en factura para pagar y me dijeron que no, que tenía que pagar el total y después pasar más tarjetas. Y yo no ponía, no tenía y tampoco iba a tener. Era la realidad. ¿Y hoy en día estás en claro con tarjeta también? No, no, estoy con fortura. Con fortura y tu cuapa también. Pero tengo una fortura de 5.000 pesos al mes. De 5.000 a 80.000, la diferencia es de acá a la china. No, no, no, bien, te entiendo. O sea, digamos, los dos ahora tienen la uno. Sí, sí. Bien, a ver, dame un segundito entonces. ¿Cómo es tu nombre? El mío es Lisa, soy la hija de Silvio. Vale, ¿cómo? Liza, en realidad soy yo la que maneja las dos líneas. Me doy cuenta que lo manejas vos, es que haces tranquila. Liza, entonces, tu nombre. Bien, dame un segundito, entonces, voy a ver en qué ha quedado el tema de... Bueno, de tu historia de acá en Movistar. Dame un segundito, a ver qué lo que podamos hacer justamente para... ¿Cómo? No, no, disculpa, estaba saliendo al colectivo y... Ah, no pasa nada. Dame un segundo, así nos van a estar informando al 100%. Yo, por mientras, lo que voy a hacer... Elisa, me habías dicho, te voy a estar enviando lo que es un mensajito por WhatsApp desde mi número personal. Dame un segundo. Igual, hoy en día, hace tres meses atrás, solo ese número está en nombre de mi papá. Ya nosotros, yo lo paso a mi nombre, a mi nombre, con mi número de documento. Y solo ese es el que mantengo en tarjeta y con el número de mi papá todavía. Ah, ok. Pero este número ya está el nombre tuyo entonces. No, no. Los otros que ya tenía... Tenía tres números, los tres con el nombre de mi papá. Ajá. Y los otros dos me los pasé a mi... A mi nombre. Y ese solo ya figura hoy en día el nombre de mi papá. O sea, los otros dos ya no figura el nombre de él. Ah, porque a mí me figura el nombre de él, digamos, el número de él y el tuyo que está el nombre de él. En este que estamos hablando ahora... O sea, eso no sé si hay que corregirlo, papá. Pero me sobra esta, que es el número que estamos hablando ahora y uno que termina en 0723. Sí, 0723. Que es el nombre de tu papá. Las dos están, hoy en día, están los dos en nombre de él o solamente el que termina en 723? No, no, hoy en día solo eso. Después que me pasé a claro, yo el otro lo pasé a mi nombre. Ah, ok, ok. Entonces, eso no estaba en el sistema tampoco. Bien, mira, Liza, lo que yo te pude recomendar, o sea, lo único que ahí me confirmó en el sistema, es que vos podés llegar a pasar, o sea, pasándote vos, o también tu papá, o los dos, o uno de los dos, lo que podemos hacer acá, donde estoy yo, que es la recuperación de clientes, es que ustedes puedan volver a la compañía y que se les perdone el saldo pendiente que tenían de antes. Es lo único que yo podría hacer para que justamente puedan de esa manera volver a la compañía, ¿entenderás? Disculpa, ¿será que no me podés llamar mañana o después, más tardecita? Sí. Porque yo soy con 5% de batería y tengo como una hora todavía para llegar al aburo. Oh, mira. Mira, pues así si podés hablar tipo 5 de la tarde. Dale, buenísimo. Dale, bueno, a las 5. Yo igual te mandé un mensaje por WhatsApp. Te voy a avisar que te ayudamos. Pero bueno, te voy a estar llamando tipo esa hora. Dale. Dale, gracias. Perfecto, Elisa. Estamos en contacto. Buen viaje.",
  "calidad": {
    "confianza_promedio": 0.512,
    "metodo_diarizacion": "pausas_fallback",
    "tiempo_procesamiento": 19.6
  },
  "metadata": {
    "modelo": "whisperx_medium",
    "diarizacion": "pausas",
    "dispositivo": "cuda",
    "fecha": "2026-02-18T23:46:58.547074",
    "version": "5.0_ecapa"
  }
}