{
  "archivo": "amza15_1_260212165306158_ACD_23621.wav",
  "duracion_segundos": 78.99,
  "num_segmentos": 18,
  "num_hablantes": 1,
  "hablantes": [
    "Hablante A"
  ],
  "tiempo_por_hablante": {
    "Hablante A": 72.74
  },
  "idioma": "es",
  "conversacion": [
    {
      "hablante": "Hablante A",
      "inicio": 0.03,
      "fin": 3.0,
      "duracion": 2.96,
      "texto": "Hola, ¿qué tal?",
      "confianza": 0.423
    },
    {
      "hablante": "Hablante A",
      "inicio": 3.02,
      "fin": 7.74,
      "duracion": 4.73,
      "texto": "Buenas tardes, ¿me comunico con Matías?",
      "confianza": 0.661
    },
    {
      "hablante": "Hablante A",
      "inicio": 7.76,
      "fin": 7.96,
      "duracion": 0.2,
      "texto": "¿De parte?",
      "confianza": 0.07
    },
    {
      "hablante": "Hablante A",
      "inicio": 7.98,
      "fin": 8.82,
      "duracion": 0.84,
      "texto": "¿Cómo estás, Matías?",
      "confianza": 0.754
    },
    {
      "hablante": "Hablante A",
      "inicio": 8.88,
      "fin": 10.19,
      "duracion": 1.3,
      "texto": "Me presento, soy Sara.",
      "confianza": 0.78
    },
    {
      "hablante": "Hablante A",
      "inicio": 11.45,
      "fin": 17.61,
      "duracion": 6.17,
      "texto": "Me estoy comunicando con vos para poder brindarte un beneficio para tu línea, verificando el sistema que sos claro, ¿es correcto?",
      "confianza": 0.748
    },
    {
      "hablante": "Hablante A",
      "inicio": 18.76,
      "fin": 20.66,
      "duracion": 1.9,
      "texto": "Correcto.",
      "confianza": 0.238
    },
    {
      "hablante": "Hablante A",
      "inicio": 20.68,
      "fin": 21.06,
      "duracion": 0.38,
      "texto": "Buenísimo.",
      "confianza": 0.298
    },
    {
      "hablante": "Hablante A",
      "inicio": 21.26,
      "fin": 25.23,
      "duracion": 3.97,
      "texto": "¿Puntame sos claro o no, o prepago?",
      "confianza": 0.589
    },
    {
      "hablante": "Hablante A",
      "inicio": 25.25,
      "fin": 25.57,
      "duracion": 0.32,
      "texto": "No, prepago soy.",
      "confianza": 0.092
    },
    {
      "hablante": "Hablante A",
      "inicio": 26.25,
      "fin": 33.96,
      "duracion": 7.71,
      "texto": "Bueno, mira, me va a tomar solo menos de un minutito contarte los planes que hoy están al 80% de descuento.",
      "confianza": 0.63
    },
    {
      "hablante": "Hablante A",
      "inicio": 34.55,
      "fin": 39.61,
      "duracion": 5.07,
      "texto": "Tenemos el plan de 4 GB que viene con 10 GB de regalo, ¿sí?",
      "confianza": 0.591
    },
    {
      "hablante": "Hablante A",
      "inicio": 40.47,
      "fin": 42.77,
      "duracion": 2.3,
      "texto": "O sea, terminaría siendo un plan de 14 GB.",
      "confianza": 0.549
    },
    {
      "hablante": "Hablante A",
      "inicio": 43.03,
      "fin": 48.56,
      "duracion": 5.53,
      "texto": "Este incluye WhatsApp gratis, llamadas libres a cualquier compañía, además de tener un GB para juegos.",
      "confianza": 0.718
    },
    {
      "hablante": "Hablante A",
      "inicio": 48.68,
      "fin": 55.89,
      "duracion": 7.21,
      "texto": "Es decir, si tienes hijos y están afuera, sin necesidad de estar conectado a una red Wi-Fi, vas a poder jugar.",
      "confianza": 0.588
    },
    {
      "hablante": "Hablante A",
      "inicio": 56.24,
      "fin": 62.25,
      "duracion": 6.01,
      "texto": "que harías por 6 meses con un 80% del cuento solo por el precio de $7,790.",
      "confianza": 0.661
    },
    {
      "hablante": "Hablante A",
      "inicio": 62.71,
      "fin": 71.8,
      "duracion": 9.09,
      "texto": "Además tenemos el plan de 8 días, como te dije, también con WhatsApp gratis, llamadas a cualquier compañía, entrada para juegos, y esto incluye también Rumi en América.",
      "confianza": 0.736
    },
    {
      "hablante": "Hablante A",
      "inicio": 71.94,
      "fin": 78.99,
      "duracion": 7.05,
      "texto": "Esto quiere decir que si viajes a Brasil, a Chile, donde vayas a viajar o vacacionar, estés en el aeropuerto,",
      "confianza": 0.692
    }
  ],
  "transcripcion_completa": "Hola, ¿qué tal? Buenas tardes, ¿me comunico con Matías? ¿De parte? ¿Cómo estás, Matías? Me presento, soy Sara. Me estoy comunicando con vos para poder brindarte un beneficio para tu línea, verificando el sistema que sos claro, ¿es correcto? Correcto. Buenísimo. ¿Puntame sos claro o no, o prepago? No, prepago soy. Bueno, mira, me va a tomar solo menos de un minutito contarte los planes que hoy están al 80% de descuento. Tenemos el plan de 4 GB que viene con 10 GB de regalo, ¿sí? O sea, terminaría siendo un plan de 14 GB. Este incluye WhatsApp gratis, llamadas libres a cualquier compañía, además de tener un GB para juegos. Es decir, si tienes hijos y están afuera, sin necesidad de estar conectado a una red Wi-Fi, vas a poder jugar. que harías por 6 meses con un 80% del cuento solo por el precio de $7,790. Además tenemos el plan de 8 días, como te dije, también con WhatsApp gratis, llamadas a cualquier compañía, entrada para juegos, y esto incluye también Rumi en América. Esto quiere decir que si viajes a Brasil, a Chile, donde vayas a viajar o vacacionar, estés en el aeropuerto,",
  "calidad": {
    "confianza_promedio": 0.545,
    "metodo_diarizacion": "pausas_fallback",
    "tiempo_procesamiento": 7.8
  },
  "metadata": {
    "modelo": "whisperx_medium",
    "diarizacion": "pausas",
    "dispositivo": "cuda",
    "fecha": "2026-02-18T23:47:58.536766",
    "version": "5.0_ecapa"
  }
}