{
  "archivo": "amza15_1_260213134910478_ACD_70555.wav",
  "duracion_segundos": 96.31,
  "num_segmentos": 33,
  "num_hablantes": 2,
  "hablantes": [
    "Hablante A",
    "Hablante B"
  ],
  "tiempo_por_hablante": {
    "Hablante B": 36.38,
    "Hablante A": 38.63
  },
  "idioma": "es",
  "conversacion": [
    {
      "hablante": "Hablante B",
      "inicio": 2.0,
      "fin": 4.79,
      "duracion": 2.78,
      "texto": "Hola, bonita, Daniel.",
      "confianza": 0.245
    },
    {
      "hablante": "Hablante B",
      "inicio": 4.81,
      "fin": 4.87,
      "duracion": 0.06,
      "texto": "Sí.",
      "confianza": 0.043
    },
    {
      "hablante": "Hablante B",
      "inicio": 4.89,
      "fin": 5.67,
      "duracion": 0.78,
      "texto": "Mucho gusto, me presento.",
      "confianza": 0.414
    },
    {
      "hablante": "Hablante B",
      "inicio": 5.75,
      "fin": 6.51,
      "duracion": 0.76,
      "texto": "Mi nombre es Agustín.",
      "confianza": 0.325
    },
    {
      "hablante": "Hablante B",
      "inicio": 6.53,
      "fin": 9.04,
      "duracion": 2.5,
      "texto": "Yo estoy tomando desde lo que es el área de movistar negocios.",
      "confianza": 0.556
    },
    {
      "hablante": "Hablante B",
      "inicio": 9.06,
      "fin": 9.98,
      "duracion": 0.92,
      "texto": "¿Cómo le va todo bien?",
      "confianza": 0.658
    },
    {
      "hablante": "Hablante A",
      "inicio": 12.26,
      "fin": 12.72,
      "duracion": 0.46,
      "texto": "Sí, todo bien, gracias.",
      "confianza": 0.002
    },
    {
      "hablante": "Hablante A",
      "inicio": 12.74,
      "fin": 13.66,
      "duracion": 0.92,
      "texto": "Vale, era muchísimo.",
      "confianza": 0.414
    },
    {
      "hablante": "Hablante A",
      "inicio": 13.68,
      "fin": 18.77,
      "duracion": 5.09,
      "texto": "Mira, yo estoy llamando básicamente porque me descubrí acá en el sistema que, bueno, usted fue parte de la compañía hace un tiempo atrás, ¿no?",
      "confianza": 0.582
    },
    {
      "hablante": "Hablante A",
      "inicio": 18.79,
      "fin": 23.26,
      "duracion": 4.47,
      "texto": "¿Y quiere decir que usted lo llevó a cambiar, si tuvo algún inconveniente, fue para otra oferta?",
      "confianza": 0.571
    },
    {
      "hablante": "Hablante B",
      "inicio": 25.18,
      "fin": 26.98,
      "duracion": 1.8,
      "texto": "Por un mejor servicio con menor precio.",
      "confianza": 0.524
    },
    {
      "hablante": "Hablante B",
      "inicio": 27.5,
      "fin": 28.61,
      "duracion": 1.1,
      "texto": "Aún mejor sube ahí.",
      "confianza": 0.572
    },
    {
      "hablante": "Hablante B",
      "inicio": 28.62,
      "fin": 34.71,
      "duracion": 6.09,
      "texto": "Bueno, la verdad que me parece ver que cuando al fin y al cabo esto es oferta de mando y no donde más le conviene.",
      "confianza": 0.474
    },
    {
      "hablante": "Hablante B",
      "inicio": 34.73,
      "fin": 34.99,
      "duracion": 0.26,
      "texto": "¿Es así o no?",
      "confianza": 0.008
    },
    {
      "hablante": "Hablante B",
      "inicio": 35.02,
      "fin": 35.16,
      "duracion": 0.14,
      "texto": "Sí, sí.",
      "confianza": 0.02
    },
    {
      "hablante": "Hablante B",
      "inicio": 35.17,
      "fin": 36.68,
      "duracion": 1.5,
      "texto": "Bueno, Daniel, por eso mismo yo lo estaba tomando.",
      "confianza": 0.342
    },
    {
      "hablante": "Hablante B",
      "inicio": 36.7,
      "fin": 39.4,
      "duracion": 2.7,
      "texto": "Sí, porque bueno, sabemos que usted fue un excelente cliente de la compañía.",
      "confianza": 0.51
    },
    {
      "hablante": "Hablante B",
      "inicio": 39.42,
      "fin": 44.03,
      "duracion": 4.61,
      "texto": "Y justamente por eso, la idea es poder comentarle promociones muy buenas, mejores que las que tiene actualmente.",
      "confianza": 0.647
    },
    {
      "hablante": "Hablante A",
      "inicio": 48.13,
      "fin": 51.18,
      "duracion": 3.05,
      "texto": "Sí, ya me las enviaron por mail, pero bueno, estoy en vacaciones, no las he podido ver todavía.",
      "confianza": 0.051
    },
    {
      "hablante": "Hablante A",
      "inicio": 51.2,
      "fin": 52.16,
      "duracion": 0.96,
      "texto": "Ah, ya se las han enviado.",
      "confianza": 0.271
    },
    {
      "hablante": "Hablante A",
      "inicio": 52.78,
      "fin": 58.11,
      "duracion": 5.33,
      "texto": "Sí, ya acabo la mirada por mí, porque le pedí una mirada por mí, finalizarla, verlo tranquilo.",
      "confianza": 0.447
    },
    {
      "hablante": "Hablante B",
      "inicio": 59.61,
      "fin": 64.92,
      "duracion": 5.31,
      "texto": "Ah, no sabía que estaba... Estoy en vacaciones a los fines de mes, así que recién a los fines de mes no voy a hacer nada.",
      "confianza": 0.351
    },
    {
      "hablante": "Hablante B",
      "inicio": 66.02,
      "fin": 69.97,
      "duracion": 3.95,
      "texto": "Ok, le parece lo que puedo hacer yo, Fernando, si le parece se la puedo mirar por WhatsApp.",
      "confianza": 0.674
    },
    {
      "hablante": "Hablante A",
      "inicio": 71.71,
      "fin": 73.41,
      "duracion": 1.7,
      "texto": "Dale, me voy a mirar, dale.",
      "confianza": 0.075
    },
    {
      "hablante": "Hablante A",
      "inicio": 73.43,
      "fin": 74.17,
      "duracion": 0.74,
      "texto": "Lo que quiere, ¿como tú?",
      "confianza": 0.603
    },
    {
      "hablante": "Hablante A",
      "inicio": 74.19,
      "fin": 77.72,
      "duracion": 3.52,
      "texto": "¿Usted tiene más de una línea a su nombre, de casualidad?",
      "confianza": 0.788
    },
    {
      "hablante": "Hablante A",
      "inicio": 77.74,
      "fin": 78.96,
      "duracion": 1.22,
      "texto": "Son seis líneas que tengo.",
      "confianza": 0.242
    },
    {
      "hablante": "Hablante A",
      "inicio": 79.38,
      "fin": 82.76,
      "duracion": 3.39,
      "texto": "Ah, bastante, perfecto, listo, así le armo un combo familiar.",
      "confianza": 0.607
    },
    {
      "hablante": "Hablante A",
      "inicio": 83.6,
      "fin": 85.17,
      "duracion": 1.56,
      "texto": "Un combo familiar, exactamente.",
      "confianza": 0.302
    },
    {
      "hablante": "Hablante A",
      "inicio": 85.19,
      "fin": 88.85,
      "duracion": 3.67,
      "texto": "Ahí le envío un mensaje por WhatsApp, ahí le envío también una promoción familiar.",
      "confianza": 0.506
    },
    {
      "hablante": "Hablante A",
      "inicio": 89.43,
      "fin": 91.98,
      "duracion": 2.55,
      "texto": "Estamos hablando, que tenga líneas vacaciones.",
      "confianza": 0.693
    },
    {
      "hablante": "Hablante B",
      "inicio": 95.16,
      "fin": 95.72,
      "duracion": 0.56,
      "texto": "Gracias, gracias, saluditos.",
      "confianza": 0.026
    },
    {
      "hablante": "Hablante B",
      "inicio": 95.75,
      "fin": 96.31,
      "duracion": 0.56,
      "texto": "Saludos.",
      "confianza": 0.721
    }
  ],
  "transcripcion_completa": "Hola, bonita, Daniel. Sí. Mucho gusto, me presento. Mi nombre es Agustín. Yo estoy tomando desde lo que es el área de movistar negocios. ¿Cómo le va todo bien? Sí, todo bien, gracias. Vale, era muchísimo. Mira, yo estoy llamando básicamente porque me descubrí acá en el sistema que, bueno, usted fue parte de la compañía hace un tiempo atrás, ¿no? ¿Y quiere decir que usted lo llevó a cambiar, si tuvo algún inconveniente, fue para otra oferta? Por un mejor servicio con menor precio. Aún mejor sube ahí. Bueno, la verdad que me parece ver que cuando al fin y al cabo esto es oferta de mando y no donde más le conviene. ¿Es así o no? Sí, sí. Bueno, Daniel, por eso mismo yo lo estaba tomando. Sí, porque bueno, sabemos que usted fue un excelente cliente de la compañía. Y justamente por eso, la idea es poder comentarle promociones muy buenas, mejores que las que tiene actualmente. Sí, ya me las enviaron por mail, pero bueno, estoy en vacaciones, no las he podido ver todavía. Ah, ya se las han enviado. Sí, ya acabo la mirada por mí, porque le pedí una mirada por mí, finalizarla, verlo tranquilo. Ah, no sabía que estaba... Estoy en vacaciones a los fines de mes, así que recién a los fines de mes no voy a hacer nada. Ok, le parece lo que puedo hacer yo, Fernando, si le parece se la puedo mirar por WhatsApp. Dale, me voy a mirar, dale. Lo que quiere, ¿como tú? ¿Usted tiene más de una línea a su nombre, de casualidad? Son seis líneas que tengo. Ah, bastante, perfecto, listo, así le armo un combo familiar. Un combo familiar, exactamente. Ahí le envío un mensaje por WhatsApp, ahí le envío también una promoción familiar. Estamos hablando, que tenga líneas vacaciones. Gracias, gracias, saluditos. Saludos.",
  "calidad": {
    "confianza_promedio": 0.402,
    "metodo_diarizacion": "pausas_fallback",
    "tiempo_procesamiento": 8.8
  },
  "metadata": {
    "modelo": "whisperx_medium",
    "diarizacion": "pausas",
    "dispositivo": "cuda",
    "fecha": "2026-02-18T23:51:24.911336",
    "version": "5.0_ecapa"
  }
}