{
  "archivo": "amza10_1_260211144714594_MIT_01988.wav",
  "duracion_segundos": 535.46,
  "num_segmentos": 151,
  "num_hablantes": 2,
  "hablantes": [
    "Hablante A",
    "Hablante B"
  ],
  "tiempo_por_hablante": {
    "Hablante A": 247.28,
    "Hablante B": 215.8
  },
  "idioma": "es",
  "conversacion": [
    {
      "hablante": "Hablante A",
      "inicio": 0.4,
      "fin": 2.04,
      "duracion": 1.64,
      "texto": "No.",
      "confianza": 0.553
    },
    {
      "hablante": "Hablante B",
      "inicio": 31.1,
      "fin": 34.4,
      "duracion": 3.3,
      "texto": "Hola.",
      "confianza": 0.181
    },
    {
      "hablante": "Hablante B",
      "inicio": 34.42,
      "fin": 34.8,
      "duracion": 0.38,
      "texto": "Hola, ¿sí Santiago?",
      "confianza": 0.054
    },
    {
      "hablante": "Hablante B",
      "inicio": 34.82,
      "fin": 35.28,
      "duracion": 0.46,
      "texto": "Sí, gracias.",
      "confianza": 0.213
    },
    {
      "hablante": "Hablante B",
      "inicio": 35.3,
      "fin": 35.96,
      "duracion": 0.66,
      "texto": "¿Cómo estás?",
      "confianza": 0.304
    },
    {
      "hablante": "Hablante B",
      "inicio": 35.98,
      "fin": 36.5,
      "duracion": 0.52,
      "texto": "Bien.",
      "confianza": 0.71
    },
    {
      "hablante": "Hablante B",
      "inicio": 36.52,
      "fin": 40.89,
      "duracion": 4.36,
      "texto": "Bueno, Lourdes, nuevamente, Movistar, para que todo bien grabado en llamada.",
      "confianza": 0.566
    },
    {
      "hablante": "Hablante B",
      "inicio": 41.83,
      "fin": 47.33,
      "duracion": 5.5,
      "texto": "Ahí, bueno, habíamos estado hablando por WhatsApp, recibí lo que es, bueno, el correo que me enviaste, el foto de NIC y demás.",
      "confianza": 0.579
    },
    {
      "hablante": "Hablante B",
      "inicio": 47.83,
      "fin": 49.59,
      "duracion": 1.76,
      "texto": "Te comenté el plan, sí, nuevamente.",
      "confianza": 0.518
    },
    {
      "hablante": "Hablante B",
      "inicio": 50.3,
      "fin": 54.82,
      "duracion": 4.52,
      "texto": "Bueno, eran los 15 GB de base, con los 10 GB aparte de regalo por 6 meses.",
      "confianza": 0.619
    },
    {
      "hablante": "Hablante B",
      "inicio": 55.24,
      "fin": 58.3,
      "duracion": 3.06,
      "texto": "Obviamente, en mensual vas a tener 25 GB, ¿sí?",
      "confianza": 0.572
    },
    {
      "hablante": "Hablante B",
      "inicio": 58.76,
      "fin": 60.14,
      "duracion": 1.38,
      "texto": "¿Qué tipo de este plan?",
      "confianza": 0.576
    },
    {
      "hablante": "Hablante B",
      "inicio": 60.28,
      "fin": 64.89,
      "duracion": 4.61,
      "texto": "WhatsApp Gratis, Rumin al Mundo, y todo limitado que tener la llamada es lo mesaca.",
      "confianza": 0.692
    },
    {
      "hablante": "Hablante B",
      "inicio": 65.29,
      "fin": 69.99,
      "duracion": 4.71,
      "texto": "Con el 85% descuento de este plan, te quedan el valor de $11,932.",
      "confianza": 0.747
    },
    {
      "hablante": "Hablante B",
      "inicio": 70.01,
      "fin": 74.74,
      "duracion": 4.73,
      "texto": "¿Aparirá alguna consulta?",
      "confianza": 0.686
    },
    {
      "hablante": "Hablante B",
      "inicio": 74.76,
      "fin": 80.23,
      "duracion": 5.47,
      "texto": "No, simplemente, una vez que terminan los seis meses, ¿qué descuento queda o cómo queda el plan?",
      "confianza": 0.124
    },
    {
      "hablante": "Hablante B",
      "inicio": 80.25,
      "fin": 87.7,
      "duracion": 7.45,
      "texto": "Ok, se te da el aviso, digamos, de que tu programa está por terminar, donde vos irá directamente a acceder a otra bonificación, en el caso que sigas en la empresa.",
      "confianza": 0.651
    },
    {
      "hablante": "Hablante B",
      "inicio": 88.12,
      "fin": 96.17,
      "duracion": 8.05,
      "texto": "Cualquier cosa, obviamente, si vos querés que te ayude, ya sea por otra cosa, sabés que igual por ese medio me puedes hablar, ¿sí?",
      "confianza": 0.613
    },
    {
      "hablante": "Hablante B",
      "inicio": 96.19,
      "fin": 97.33,
      "duracion": 1.14,
      "texto": "Bien, ¿qué te iba a comentar?",
      "confianza": 0.441
    },
    {
      "hablante": "Hablante B",
      "inicio": 97.79,
      "fin": 104.33,
      "duracion": 6.55,
      "texto": "Bueno, tu línea, entonces, figuraba, como te decía, el nombre de tu mamá, que sería Fioretti Sonia Beatriz, ¿sí?, el titular.",
      "confianza": 0.676
    },
    {
      "hablante": "Hablante B",
      "inicio": 105.17,
      "fin": 107.6,
      "duracion": 2.42,
      "texto": "El DNI termina en 763, ¿sí?",
      "confianza": 0.656
    },
    {
      "hablante": "Hablante B",
      "inicio": 108.66,
      "fin": 110.74,
      "duracion": 2.08,
      "texto": "Ahí, bueno, ahí lo estuve chequeando, perfecto.",
      "confianza": 0.532
    },
    {
      "hablante": "Hablante B",
      "inicio": 111.2,
      "fin": 116.93,
      "duracion": 5.73,
      "texto": "Bueno, el correo, entonces, que dejamos, sí, que me envías, seré santiago arroba... Ah, mira, es la primera vez que...",
      "confianza": 0.601
    },
    {
      "hablante": "Hablante B",
      "inicio": 117.23,
      "fin": 121.37,
      "duracion": 4.15,
      "texto": "Perfecto.",
      "confianza": 0.768
    },
    {
      "hablante": "Hablante B",
      "inicio": 121.39,
      "fin": 122.69,
      "duracion": 1.3,
      "texto": "Te comento el tema del chip.",
      "confianza": 0.727
    },
    {
      "hablante": "Hablante B",
      "inicio": 122.73,
      "fin": 129.1,
      "duracion": 6.37,
      "texto": "Nosotros te lo enviamos a una sucursal, pero bueno, eso igual ahora no te lo podemos enviar por un problema que hubo.",
      "confianza": 0.674
    },
    {
      "hablante": "Hablante B",
      "inicio": 129.14,
      "fin": 136.57,
      "duracion": 7.43,
      "texto": "Así que directamente te lo puedo enviar, que ahora se está usando, a un kiosco, que obviamente te quede cercano ahí donde vos vivís.",
      "confianza": 0.624
    },
    {
      "hablante": "Hablante B",
      "inicio": 136.93,
      "fin": 139.57,
      "duracion": 2.64,
      "texto": "¿A domicilio no lo envían?",
      "confianza": 0.369
    },
    {
      "hablante": "Hablante B",
      "inicio": 140.75,
      "fin": 144.6,
      "duracion": 3.84,
      "texto": "Ahí estuve revisando, mira, domicilio lo podemos enviar.",
      "confianza": 0.72
    },
    {
      "hablante": "Hablante B",
      "inicio": 145.16,
      "fin": 156.53,
      "duracion": 11.38,
      "texto": "Porque es un barrio privado, o sea, es un barrio privado y se puede dejar en la guardia, o sea, siempre hay gente, se puede dejar en la guardia y automáticamente a penas lo dejan, me llaman y lo paso a retirar.",
      "confianza": 0.733
    },
    {
      "hablante": "Hablante B",
      "inicio": 156.55,
      "fin": 163.64,
      "duracion": 7.09,
      "texto": "Bueno, bueno, te valió nuevamente otro domicilio, sería Mariano Boedo al 2879 del Juan de Cúcuta.",
      "confianza": 0.65
    },
    {
      "hablante": "Hablante B",
      "inicio": 163.66,
      "fin": 164.03,
      "duracion": 0.36,
      "texto": "Así es.",
      "confianza": 0.461
    },
    {
      "hablante": "Hablante B",
      "inicio": 164.43,
      "fin": 168.81,
      "duracion": 4.39,
      "texto": "Así es, el barrio se llama Gran Buedo.",
      "confianza": 0.675
    },
    {
      "hablante": "Hablante B",
      "inicio": 168.83,
      "fin": 176.8,
      "duracion": 7.97,
      "texto": "Si vos ponés referencia al barrio Gran Buedo, directamente se deja ahí en la portería del barrio.",
      "confianza": 0.747
    },
    {
      "hablante": "Hablante B",
      "inicio": 176.82,
      "fin": 177.2,
      "duracion": 0.38,
      "texto": "Listo, perfecto.",
      "confianza": 0.222
    },
    {
      "hablante": "Hablante B",
      "inicio": 177.22,
      "fin": 180.13,
      "duracion": 2.9,
      "texto": "Entonces vamos a dejar asentado eso como referencia.",
      "confianza": 0.807
    },
    {
      "hablante": "Hablante B",
      "inicio": 180.49,
      "fin": 185.05,
      "duracion": 4.56,
      "texto": "Que se llama Gran Buedo el barrio y que lo dejen en la portería.",
      "confianza": 0.576
    },
    {
      "hablante": "Hablante B",
      "inicio": 185.07,
      "fin": 186.17,
      "duracion": 1.1,
      "texto": "En la portería, sí es.",
      "confianza": 0.465
    },
    {
      "hablante": "Hablante B",
      "inicio": 186.19,
      "fin": 187.44,
      "duracion": 1.24,
      "texto": "Ok, listo, perfecto.",
      "confianza": 0.502
    },
    {
      "hablante": "Hablante B",
      "inicio": 187.46,
      "fin": 191.94,
      "duracion": 4.49,
      "texto": "A nombre de familia del popolo, digamos, ¿no?",
      "confianza": 0.752
    },
    {
      "hablante": "Hablante B",
      "inicio": 191.96,
      "fin": 192.88,
      "duracion": 0.92,
      "texto": "A mi nombre sería.",
      "confianza": 0.738
    },
    {
      "hablante": "Hablante B",
      "inicio": 193.81,
      "fin": 196.59,
      "duracion": 2.78,
      "texto": "Claro, sí, igual el chip va a llegar seguramente con tu nombre.",
      "confianza": 0.623
    },
    {
      "hablante": "Hablante A",
      "inicio": 199.49,
      "fin": 199.67,
      "duracion": 0.18,
      "texto": "Perfecto.",
      "confianza": 0.004
    },
    {
      "hablante": "Hablante A",
      "inicio": 199.69,
      "fin": 205.7,
      "duracion": 6.01,
      "texto": "Bueno, familia igual por las dudas, popolo.",
      "confianza": 0.442
    },
    {
      "hablante": "Hablante A",
      "inicio": 205.72,
      "fin": 206.2,
      "duracion": 0.48,
      "texto": "Del popolo, mi apellido.",
      "confianza": 0.005
    },
    {
      "hablante": "Hablante A",
      "inicio": 206.22,
      "fin": 208.26,
      "duracion": 2.04,
      "texto": "Listo, perfecto, bien.",
      "confianza": 0.828
    },
    {
      "hablante": "Hablante A",
      "inicio": 208.75,
      "fin": 219.36,
      "duracion": 10.61,
      "texto": "Te comento, sí, las entrecalles, sí, para validar nuevamente por las dudas, sí, la que te había comentado, es Vietes.",
      "confianza": 0.696
    },
    {
      "hablante": "Hablante A",
      "inicio": 220.01,
      "fin": 226.42,
      "duracion": 6.41,
      "texto": "Bioites y Tarradas, son las dos calles que están.",
      "confianza": 0.121
    },
    {
      "hablante": "Hablante A",
      "inicio": 226.44,
      "fin": 226.82,
      "duracion": 0.38,
      "texto": "Bioites y Tarradas.",
      "confianza": 0.002
    },
    {
      "hablante": "Hablante A",
      "inicio": 226.84,
      "fin": 227.18,
      "duracion": 0.34,
      "texto": "Genial, ya lo vi.",
      "confianza": 0.046
    },
    {
      "hablante": "Hablante A",
      "inicio": 227.2,
      "fin": 228.3,
      "duracion": 1.1,
      "texto": "Listo, perfecto.",
      "confianza": 0.573
    },
    {
      "hablante": "Hablante A",
      "inicio": 228.32,
      "fin": 230.33,
      "duracion": 2.0,
      "texto": "Bueno, ahí te vamos a estar enviando el chip, sí.",
      "confianza": 0.627
    },
    {
      "hablante": "Hablante A",
      "inicio": 230.35,
      "fin": 232.85,
      "duracion": 2.5,
      "texto": "Ahora, bueno, como ya tenemos la mayoría de los datos, te comento.",
      "confianza": 0.626
    },
    {
      "hablante": "Hablante A",
      "inicio": 232.89,
      "fin": 236.55,
      "duracion": 3.66,
      "texto": "Para darle la visual, claro, sí, te voy a estar enviando ahora lo que es el código de portabilidad.",
      "confianza": 0.596
    },
    {
      "hablante": "Hablante A",
      "inicio": 237.15,
      "fin": 240.34,
      "duracion": 3.18,
      "texto": "Bueno, que eso te llega Santi por mensaje de texto común del 223.",
      "confianza": 0.652
    },
    {
      "hablante": "Hablante A",
      "inicio": 240.88,
      "fin": 245.56,
      "duracion": 4.69,
      "texto": "Y eso llega ahora a tu línea, sí, y cuando lo recibas me avisás.",
      "confianza": 0.662
    },
    {
      "hablante": "Hablante A",
      "inicio": 245.9,
      "fin": 248.16,
      "duracion": 2.26,
      "texto": "Te comento rapidito que te van a empezar a entrar llamados.",
      "confianza": 0.572
    },
    {
      "hablante": "Hablante A",
      "inicio": 248.2,
      "fin": 253.23,
      "duracion": 5.03,
      "texto": "Te pido que no entiendas de realidad porque van a estar las empresas claramente y la idea es que no se corte el llamado, ¿sí?",
      "confianza": 0.537
    },
    {
      "hablante": "Hablante A",
      "inicio": 253.25,
      "fin": 254.07,
      "duracion": 0.82,
      "texto": "Ahí te lo envío.",
      "confianza": 0.513
    },
    {
      "hablante": "Hablante A",
      "inicio": 254.09,
      "fin": 262.22,
      "duracion": 8.13,
      "texto": "Cuando vos lo recibas, recordá por mensaje de texto, me envías una cantura de pantalla que es un comprobante, ¿sí?",
      "confianza": 0.581
    },
    {
      "hablante": "Hablante A",
      "inicio": 262.24,
      "fin": 263.04,
      "duracion": 0.8,
      "texto": "Ahí te lo envié.",
      "confianza": 0.52
    },
    {
      "hablante": "Hablante A",
      "inicio": 263.46,
      "fin": 268.97,
      "duracion": 5.51,
      "texto": "Mientras tanto, bueno, como sé que estás medio apurado por lo que me comentaste en WhatsApp, te voy a pasar a hacer el cierre comercial.",
      "confianza": 0.613
    },
    {
      "hablante": "Hablante A",
      "inicio": 268.99,
      "fin": 270.25,
      "duracion": 1.26,
      "texto": "Siga, sigamos adelantando.",
      "confianza": 0.726
    },
    {
      "hablante": "Hablante A",
      "inicio": 270.98,
      "fin": 274.22,
      "duracion": 3.24,
      "texto": "Yo te leo un cierre, que el cierre, bueno, esto es por un tema de seguridad tuya y mía.",
      "confianza": 0.461
    },
    {
      "hablante": "Hablante A",
      "inicio": 274.72,
      "fin": 279.19,
      "duracion": 4.47,
      "texto": "para hacer una avaliación y vos ahí avisando y me envías el ombro, ¿sí?",
      "confianza": 0.626
    },
    {
      "hablante": "Hablante A",
      "inicio": 279.21,
      "fin": 279.91,
      "duracion": 0.7,
      "texto": "Bien, arrancó.",
      "confianza": 0.436
    },
    {
      "hablante": "Hablante A",
      "inicio": 280.27,
      "fin": 286.74,
      "duracion": 6.47,
      "texto": "Para recibir futuras promociones antiactualmente, ¿traes internet y hemos visto en tu domicilio?",
      "confianza": 0.619
    },
    {
      "hablante": "Hablante A",
      "inicio": 286.76,
      "fin": 286.82,
      "duracion": 0.06,
      "texto": "No.",
      "confianza": 0.016
    },
    {
      "hablante": "Hablante A",
      "inicio": 286.84,
      "fin": 287.42,
      "duracion": 0.58,
      "texto": "Ok, bien.",
      "confianza": 0.264
    },
    {
      "hablante": "Hablante A",
      "inicio": 287.44,
      "fin": 297.49,
      "duracion": 10.05,
      "texto": "Entonces, estamos portando, sí, la línea que es 12.1.251.10.38 a nombre y apellido de la titular de actual que sería Sonia, Beatriz y Oreti.",
      "confianza": 0.653
    },
    {
      "hablante": "Hablante A",
      "inicio": 298.49,
      "fin": 298.91,
      "duracion": 0.42,
      "texto": "Perfecto.",
      "confianza": 0.154
    },
    {
      "hablante": "Hablante A",
      "inicio": 298.93,
      "fin": 302.76,
      "duracion": 3.82,
      "texto": "Bien, ¿me confirma los últimos tres fíjitos del DNI de Sonia?",
      "confianza": 0.741
    },
    {
      "hablante": "Hablante A",
      "inicio": 302.78,
      "fin": 302.84,
      "duracion": 0.06,
      "texto": "Sí.",
      "confianza": 0.334
    },
    {
      "hablante": "Hablante A",
      "inicio": 303.61,
      "fin": 304.41,
      "duracion": 0.8,
      "texto": "763.",
      "confianza": 0.756
    },
    {
      "hablante": "Hablante A",
      "inicio": 304.65,
      "fin": 307.06,
      "duracion": 2.4,
      "texto": "Perfecto.",
      "confianza": 0.87
    },
    {
      "hablante": "Hablante A",
      "inicio": 307.6,
      "fin": 312.35,
      "duracion": 4.75,
      "texto": "Actualmente me comentaste que estás en claro, Santi, con una factura mensual, sí, o sea, un abono.",
      "confianza": 0.595
    },
    {
      "hablante": "Hablante A",
      "inicio": 312.37,
      "fin": 314.63,
      "duracion": 2.26,
      "texto": "¿La factura llega a nombre de Sonia o a nombre de otra persona?",
      "confianza": 0.631
    },
    {
      "hablante": "Hablante A",
      "inicio": 316.06,
      "fin": 318.02,
      "duracion": 1.96,
      "texto": "A nombre de Sonia.",
      "confianza": 0.635
    },
    {
      "hablante": "Hablante A",
      "inicio": 318.04,
      "fin": 318.22,
      "duracion": 0.18,
      "texto": "Perfecto.",
      "confianza": 0.081
    },
    {
      "hablante": "Hablante A",
      "inicio": 318.24,
      "fin": 318.82,
      "duracion": 0.58,
      "texto": "Bien.",
      "confianza": 0.869
    },
    {
      "hablante": "Hablante A",
      "inicio": 318.84,
      "fin": 323.47,
      "duracion": 4.63,
      "texto": "¿Contas con un chip físico que es normal o tenés algún chip virtual?",
      "confianza": 0.693
    },
    {
      "hablante": "Hablante A",
      "inicio": 323.49,
      "fin": 324.55,
      "duracion": 1.06,
      "texto": "Chip físico.",
      "confianza": 0.302
    },
    {
      "hablante": "Hablante A",
      "inicio": 324.57,
      "fin": 324.79,
      "duracion": 0.22,
      "texto": "Perfecto.",
      "confianza": 0.187
    },
    {
      "hablante": "Hablante A",
      "inicio": 324.81,
      "fin": 327.7,
      "duracion": 2.89,
      "texto": "Recuerdo entonces que te vamos a estar enviando tu chip, digamos.",
      "confianza": 0.559
    },
    {
      "hablante": "Hablante A",
      "inicio": 327.95,
      "fin": 333.51,
      "duracion": 5.57,
      "texto": "a tu domicilio que es en calle Mariano Buredo al 2879 de Luján de Cundro Mendoza, ¿sí?",
      "confianza": 0.61
    },
    {
      "hablante": "Hablante A",
      "inicio": 333.57,
      "fin": 337.8,
      "duracion": 4.23,
      "texto": "Esto está ubicado entre calle Enterrada y la otra que sería Viejas, ¿sí?",
      "confianza": 0.642
    },
    {
      "hablante": "Hablante A",
      "inicio": 337.88,
      "fin": 347.51,
      "duracion": 9.63,
      "texto": "Obviamente como referencias pusimos, bueno, familia del populo, el bar que se llama el Gran Buredo, barrio, perdón, barrio del Gran Buredo y que lo dejen en purtería, ¿sí?",
      "confianza": 0.609
    },
    {
      "hablante": "Hablante A",
      "inicio": 347.57,
      "fin": 347.95,
      "duracion": 0.38,
      "texto": "Perfecto.",
      "confianza": 0.759
    },
    {
      "hablante": "Hablante A",
      "inicio": 348.17,
      "fin": 348.85,
      "duracion": 0.68,
      "texto": "Perfecto.",
      "confianza": 0.183
    },
    {
      "hablante": "Hablante A",
      "inicio": 348.87,
      "fin": 352.73,
      "duracion": 3.86,
      "texto": "Bueno, te recuerdo nuevamente el costo del servicio aliado de hoy, que sale 11.932 pesos.",
      "confianza": 0.615
    },
    {
      "hablante": "Hablante A",
      "inicio": 352.93,
      "fin": 356.52,
      "duracion": 3.58,
      "texto": "Cuál es el descuento este por seis meses del 85%",
      "confianza": 0.466
    },
    {
      "hablante": "Hablante A",
      "inicio": 357.38,
      "fin": 362.34,
      "duracion": 4.97,
      "texto": "¿A irme a escuchar?",
      "confianza": 0.603
    },
    {
      "hablante": "Hablante A",
      "inicio": 362.36,
      "fin": 362.62,
      "duracion": 0.26,
      "texto": "Sí, perfecto.",
      "confianza": 0.012
    },
    {
      "hablante": "Hablante A",
      "inicio": 362.64,
      "fin": 363.4,
      "duracion": 0.76,
      "texto": "Ah, bien.",
      "confianza": 0.442
    },
    {
      "hablante": "Hablante A",
      "inicio": 363.42,
      "fin": 366.17,
      "duracion": 2.74,
      "texto": "Bueno, te reenvío nuevamente el plan.",
      "confianza": 0.561
    },
    {
      "hablante": "Hablante A",
      "inicio": 366.19,
      "fin": 369.61,
      "duracion": 3.42,
      "texto": "Son 15 gigas de base y más 10 gigas de realo por 6 meses, ¿sí?",
      "confianza": 0.61
    },
    {
      "hablante": "Hablante A",
      "inicio": 369.69,
      "fin": 371.79,
      "duracion": 2.1,
      "texto": "Donde obviamente las van a contar con 15 gigas.",
      "confianza": 0.449
    },
    {
      "hablante": "Hablante A",
      "inicio": 372.47,
      "fin": 375.36,
      "duracion": 2.88,
      "texto": "Con WhatsApp Gratis, Rumina del Mundo y 5 gigas por limitado.",
      "confianza": 0.405
    },
    {
      "hablante": "Hablante A",
      "inicio": 375.9,
      "fin": 380.34,
      "duracion": 4.44,
      "texto": "Recordarles que les cuento que es por 6 meses, que el servicio se fractura a mes adelantado.",
      "confianza": 0.57
    },
    {
      "hablante": "Hablante A",
      "inicio": 380.66,
      "fin": 382.84,
      "duracion": 2.18,
      "texto": "Sí, obviamente igual ahora no vas a estar mandando nada.",
      "confianza": 0.519
    },
    {
      "hablante": "Hablante A",
      "inicio": 383.11,
      "fin": 392.75,
      "duracion": 9.63,
      "texto": "Y ahora después de que tengas la línea activa Santi & Movistar, te van a figurar primero las 15 gigas, y después de las 48 horas, automáticamente, se te habilitan los otros 10 gigas.",
      "confianza": 0.567
    },
    {
      "hablante": "Hablante A",
      "inicio": 393.11,
      "fin": 394.63,
      "duracion": 1.52,
      "texto": "Ahí vas a arrancar a tener los 25 gigas.",
      "confianza": 0.488
    },
    {
      "hablante": "Hablante A",
      "inicio": 394.73,
      "fin": 400.56,
      "duracion": 5.83,
      "texto": "Y luego nuevamente el correo sería santiago.com.",
      "confianza": 0.644
    },
    {
      "hablante": "Hablante A",
      "inicio": 401.38,
      "fin": 404.12,
      "duracion": 2.74,
      "texto": "Por ese medio vas a estar recibiendo lo que es la calculación online.",
      "confianza": 0.543
    },
    {
      "hablante": "Hablante A",
      "inicio": 404.37,
      "fin": 413.88,
      "duracion": 9.51,
      "texto": "que después, si vos te descargas la aplicación de Montar en la parte del servicio, vas a poder ver toda la información referida a tu factura, ya sea tu ciclo de facturación, vencimientos o motos a pagar.",
      "confianza": 0.57
    },
    {
      "hablante": "Hablante A",
      "inicio": 414.31,
      "fin": 420.41,
      "duracion": 6.11,
      "texto": "También te comento que tenés para activar 20 gigas que al de regalo con una duración de 30 días, eso está disponible una vez por año.",
      "confianza": 0.663
    },
    {
      "hablante": "Hablante A",
      "inicio": 421.11,
      "fin": 423.02,
      "duracion": 1.9,
      "texto": "También te puedes adherir al débito automático.",
      "confianza": 0.701
    },
    {
      "hablante": "Hablante B",
      "inicio": 424.82,
      "fin": 428.72,
      "duracion": 3.9,
      "texto": "Y bueno, una vez aprobada la portabilidad, la línea portabal entre 7 y 10 gigas fábiles.",
      "confianza": 0.626
    },
    {
      "hablante": "Hablante B",
      "inicio": 428.74,
      "fin": 430.19,
      "duracion": 1.44,
      "texto": "Sí, la que va a enviado a domicilio.",
      "confianza": 0.515
    },
    {
      "hablante": "Hablante B",
      "inicio": 430.69,
      "fin": 432.71,
      "duracion": 2.02,
      "texto": "Una vez lo que es aprobar,",
      "confianza": 0.844
    },
    {
      "hablante": "Hablante B",
      "inicio": 433.09,
      "fin": 438.86,
      "duracion": 5.77,
      "texto": "Esto sí, te van a estar enviando un mensaje por WhatsApp para informar lo que es la fecha de fortalecer, para que te quedes tranquilo.",
      "confianza": 0.598
    },
    {
      "hablante": "Hablante B",
      "inicio": 439.67,
      "fin": 443.39,
      "duracion": 3.73,
      "texto": "Recuerda que es importante que no toques el chip antes de la fecha informada.",
      "confianza": 0.563
    },
    {
      "hablante": "Hablante B",
      "inicio": 443.85,
      "fin": 447.92,
      "duracion": 4.07,
      "texto": "De todas maneras, te vas a dar cuenta porque la línea es clara, va a dejar de recibir señales.",
      "confianza": 0.56
    },
    {
      "hablante": "Hablante B",
      "inicio": 448.34,
      "fin": 450.3,
      "duracion": 1.96,
      "texto": "Ahí sería cuando debes colocarlo.",
      "confianza": 0.466
    },
    {
      "hablante": "Hablante B",
      "inicio": 450.32,
      "fin": 452.53,
      "duracion": 2.2,
      "texto": "Por única vez, deberás validar identidad al activarlo.",
      "confianza": 0.632
    },
    {
      "hablante": "Hablante B",
      "inicio": 452.95,
      "fin": 456.98,
      "duracion": 4.03,
      "texto": "Acá sí te va a pedir el DNI de Sonia, porque esa es la titular.",
      "confianza": 0.555
    },
    {
      "hablante": "Hablante B",
      "inicio": 457.12,
      "fin": 461.55,
      "duracion": 4.43,
      "texto": "En caso de que tengas alguna dificultad con la evaluación, te puedes comunicar a un ser hecho cierto.",
      "confianza": 0.535
    },
    {
      "hablante": "Hablante B",
      "inicio": 461.63,
      "fin": 468.8,
      "duracion": 7.17,
      "texto": "Después para poner la línea, mi nombre, no hay problema, ¿no?",
      "confianza": 0.497
    },
    {
      "hablante": "Hablante B",
      "inicio": 468.82,
      "fin": 469.4,
      "duracion": 0.58,
      "texto": "No, no hay problema.",
      "confianza": 0.425
    },
    {
      "hablante": "Hablante B",
      "inicio": 469.57,
      "fin": 474.39,
      "duracion": 4.83,
      "texto": "Después puedes hacer el cambio de titularidad, puedes dar uno al sucursal, más seguro.",
      "confianza": 0.581
    },
    {
      "hablante": "Hablante B",
      "inicio": 475.15,
      "fin": 477.26,
      "duracion": 2.1,
      "texto": "Así que lo puedes hacer, obviamente, una vez que ya esté activa.",
      "confianza": 0.502
    },
    {
      "hablante": "Hablante B",
      "inicio": 477.59,
      "fin": 480.2,
      "duracion": 2.6,
      "texto": "Bien, en caso no le atraseñen el chifre, organizase el equipo.",
      "confianza": 0.481
    },
    {
      "hablante": "Hablante B",
      "inicio": 480.42,
      "fin": 484.96,
      "duracion": 4.55,
      "texto": "Y por otro lado, dentro de los próximos días se está recibiendo una encuesta de satisfacción por WhatsApp.",
      "confianza": 0.627
    },
    {
      "hablante": "Hablante B",
      "inicio": 484.98,
      "fin": 488.65,
      "duracion": 3.67,
      "texto": "Le solicitamos por por qué la completéis, ya que suponeis que es muy importante para la empresa.",
      "confianza": 0.619
    },
    {
      "hablante": "Hablante B",
      "inicio": 489.49,
      "fin": 490.85,
      "duracion": 1.36,
      "texto": "Bien, Santi, ahí salió el cierre.",
      "confianza": 0.402
    },
    {
      "hablante": "Hablante B",
      "inicio": 491.11,
      "fin": 492.37,
      "duracion": 1.26,
      "texto": "Diste lo más rápido posible.",
      "confianza": 0.773
    },
    {
      "hablante": "Hablante A",
      "inicio": 494.44,
      "fin": 495.9,
      "duracion": 1.46,
      "texto": "Ahí me llevo el número.",
      "confianza": 0.228
    },
    {
      "hablante": "Hablante A",
      "inicio": 495.92,
      "fin": 496.88,
      "duracion": 0.96,
      "texto": "¿Te lo paso?",
      "confianza": 0.528
    },
    {
      "hablante": "Hablante A",
      "inicio": 496.9,
      "fin": 500.4,
      "duracion": 3.5,
      "texto": "Sí, por favor, por WhatsApp.",
      "confianza": 0.681
    },
    {
      "hablante": "Hablante A",
      "inicio": 500.42,
      "fin": 502.23,
      "duracion": 1.8,
      "texto": "Ah, te lo escribo.",
      "confianza": 0.311
    },
    {
      "hablante": "Hablante A",
      "inicio": 502.25,
      "fin": 503.73,
      "duracion": 1.48,
      "texto": "Si tenés una captura, mejor.",
      "confianza": 0.703
    },
    {
      "hablante": "Hablante A",
      "inicio": 504.11,
      "fin": 505.75,
      "duracion": 1.64,
      "texto": "Dale.",
      "confianza": 0.634
    },
    {
      "hablante": "Hablante A",
      "inicio": 505.77,
      "fin": 506.89,
      "duracion": 1.12,
      "texto": "Una captura de pantalla.",
      "confianza": 0.304
    },
    {
      "hablante": "Hablante A",
      "inicio": 507.23,
      "fin": 507.89,
      "duracion": 0.66,
      "texto": "Perfecto.",
      "confianza": 0.591
    },
    {
      "hablante": "Hablante A",
      "inicio": 507.95,
      "fin": 511.09,
      "duracion": 3.15,
      "texto": "Mientras tanto, ¿hasta acá tenéis alguna consulta, algo?",
      "confianza": 0.57
    },
    {
      "hablante": "Hablante A",
      "inicio": 511.11,
      "fin": 512.4,
      "duracion": 1.28,
      "texto": "No, no.",
      "confianza": 0.348
    },
    {
      "hablante": "Hablante A",
      "inicio": 512.42,
      "fin": 513.18,
      "duracion": 0.76,
      "texto": "¿Ninguna?",
      "confianza": 0.523
    },
    {
      "hablante": "Hablante A",
      "inicio": 513.2,
      "fin": 518.49,
      "duracion": 5.29,
      "texto": "Bueno, cualquier cosa, recordad que tenéis un contacto conmigo por este medio, no le pasarás nada a nadie más.",
      "confianza": 0.593
    },
    {
      "hablante": "Hablante A",
      "inicio": 519.17,
      "fin": 522.92,
      "duracion": 3.75,
      "texto": "Estamos hablando, obviamente, por el tema del chip, cualquier cosita, ¿sí?",
      "confianza": 0.521
    },
    {
      "hablante": "Hablante A",
      "inicio": 522.94,
      "fin": 523.88,
      "duracion": 0.94,
      "texto": "Ahí recibí la captura.",
      "confianza": 0.498
    },
    {
      "hablante": "Hablante A",
      "inicio": 524.4,
      "fin": 527.71,
      "duracion": 3.31,
      "texto": "Bueno, muchísimas gracias, Fanti, por el tiempo y todo lo demás.",
      "confianza": 0.505
    },
    {
      "hablante": "Hablante A",
      "inicio": 527.73,
      "fin": 528.85,
      "duracion": 1.12,
      "texto": "Hacía muy amable.",
      "confianza": 0.566
    },
    {
      "hablante": "Hablante A",
      "inicio": 528.87,
      "fin": 529.69,
      "duracion": 0.82,
      "texto": "Estamos en contacto.",
      "confianza": 0.223
    },
    {
      "hablante": "Hablante A",
      "inicio": 529.71,
      "fin": 529.97,
      "duracion": 0.26,
      "texto": "Muy bien.",
      "confianza": 0.296
    },
    {
      "hablante": "Hablante A",
      "inicio": 530.87,
      "fin": 531.65,
      "duracion": 0.78,
      "texto": "Adiós.",
      "confianza": 0.309
    },
    {
      "hablante": "Hablante A",
      "inicio": 531.67,
      "fin": 534.36,
      "duracion": 2.69,
      "texto": "Estamos en contacto.",
      "confianza": 0.173
    },
    {
      "hablante": "Hablante A",
      "inicio": 534.38,
      "fin": 534.54,
      "duracion": 0.16,
      "texto": "Saludos.",
      "confianza": 0.003
    },
    {
      "hablante": "Hablante A",
      "inicio": 534.56,
      "fin": 534.68,
      "duracion": 0.12,
      "texto": "Adiós.",
      "confianza": 0.004
    },
    {
      "hablante": "Hablante A",
      "inicio": 534.7,
      "fin": 534.86,
      "duracion": 0.16,
      "texto": "Gracias.",
      "confianza": 0.164
    },
    {
      "hablante": "Hablante A",
      "inicio": 534.92,
      "fin": 535.28,
      "duracion": 0.36,
      "texto": "A vos.",
      "confianza": 0.489
    },
    {
      "hablante": "Hablante A",
      "inicio": 535.3,
      "fin": 535.46,
      "duracion": 0.16,
      "texto": "Gracias.",
      "confianza": 0.131
    }
  ],
  "transcripcion_completa": "No. Hola. Hola, ¿sí Santiago? Sí, gracias. ¿Cómo estás? Bien. Bueno, Lourdes, nuevamente, Movistar, para que todo bien grabado en llamada. Ahí, bueno, habíamos estado hablando por WhatsApp, recibí lo que es, bueno, el correo que me enviaste, el foto de NIC y demás. Te comenté el plan, sí, nuevamente. Bueno, eran los 15 GB de base, con los 10 GB aparte de regalo por 6 meses. Obviamente, en mensual vas a tener 25 GB, ¿sí? ¿Qué tipo de este plan? WhatsApp Gratis, Rumin al Mundo, y todo limitado que tener la llamada es lo mesaca. Con el 85% descuento de este plan, te quedan el valor de $11,932. ¿Aparirá alguna consulta? No, simplemente, una vez que terminan los seis meses, ¿qué descuento queda o cómo queda el plan? Ok, se te da el aviso, digamos, de que tu programa está por terminar, donde vos irá directamente a acceder a otra bonificación, en el caso que sigas en la empresa. Cualquier cosa, obviamente, si vos querés que te ayude, ya sea por otra cosa, sabés que igual por ese medio me puedes hablar, ¿sí? Bien, ¿qué te iba a comentar? Bueno, tu línea, entonces, figuraba, como te decía, el nombre de tu mamá, que sería Fioretti Sonia Beatriz, ¿sí?, el titular. El DNI termina en 763, ¿sí? Ahí, bueno, ahí lo estuve chequeando, perfecto. Bueno, el correo, entonces, que dejamos, sí, que me envías, seré santiago arroba... Ah, mira, es la primera vez que... Perfecto. Te comento el tema del chip. Nosotros te lo enviamos a una sucursal, pero bueno, eso igual ahora no te lo podemos enviar por un problema que hubo. Así que directamente te lo puedo enviar, que ahora se está usando, a un kiosco, que obviamente te quede cercano ahí donde vos vivís. ¿A domicilio no lo envían? Ahí estuve revisando, mira, domicilio lo podemos enviar. Porque es un barrio privado, o sea, es un barrio privado y se puede dejar en la guardia, o sea, siempre hay gente, se puede dejar en la guardia y automáticamente a penas lo dejan, me llaman y lo paso a retirar. Bueno, bueno, te valió nuevamente otro domicilio, sería Mariano Boedo al 2879 del Juan de Cúcuta. Así es. Así es, el barrio se llama Gran Buedo. Si vos ponés referencia al barrio Gran Buedo, directamente se deja ahí en la portería del barrio. Listo, perfecto. Entonces vamos a dejar asentado eso como referencia. Que se llama Gran Buedo el barrio y que lo dejen en la portería. En la portería, sí es. Ok, listo, perfecto. A nombre de familia del popolo, digamos, ¿no? A mi nombre sería. Claro, sí, igual el chip va a llegar seguramente con tu nombre. Perfecto. Bueno, familia igual por las dudas, popolo. Del popolo, mi apellido. Listo, perfecto, bien. Te comento, sí, las entrecalles, sí, para validar nuevamente por las dudas, sí, la que te había comentado, es Vietes. Bioites y Tarradas, son las dos calles que están. Bioites y Tarradas. Genial, ya lo vi. Listo, perfecto. Bueno, ahí te vamos a estar enviando el chip, sí. Ahora, bueno, como ya tenemos la mayoría de los datos, te comento. Para darle la visual, claro, sí, te voy a estar enviando ahora lo que es el código de portabilidad. Bueno, que eso te llega Santi por mensaje de texto común del 223. Y eso llega ahora a tu línea, sí, y cuando lo recibas me avisás. Te comento rapidito que te van a empezar a entrar llamados. Te pido que no entiendas de realidad porque van a estar las empresas claramente y la idea es que no se corte el llamado, ¿sí? Ahí te lo envío. Cuando vos lo recibas, recordá por mensaje de texto, me envías una cantura de pantalla que es un comprobante, ¿sí? Ahí te lo envié. Mientras tanto, bueno, como sé que estás medio apurado por lo que me comentaste en WhatsApp, te voy a pasar a hacer el cierre comercial. Siga, sigamos adelantando. Yo te leo un cierre, que el cierre, bueno, esto es por un tema de seguridad tuya y mía. para hacer una avaliación y vos ahí avisando y me envías el ombro, ¿sí? Bien, arrancó. Para recibir futuras promociones antiactualmente, ¿traes internet y hemos visto en tu domicilio? No. Ok, bien. Entonces, estamos portando, sí, la línea que es 12.1.251.10.38 a nombre y apellido de la titular de actual que sería Sonia, Beatriz y Oreti. Perfecto. Bien, ¿me confirma los últimos tres fíjitos del DNI de Sonia? Sí. 763. Perfecto. Actualmente me comentaste que estás en claro, Santi, con una factura mensual, sí, o sea, un abono. ¿La factura llega a nombre de Sonia o a nombre de otra persona? A nombre de Sonia. Perfecto. Bien. ¿Contas con un chip físico que es normal o tenés algún chip virtual? Chip físico. Perfecto. Recuerdo entonces que te vamos a estar enviando tu chip, digamos. a tu domicilio que es en calle Mariano Buredo al 2879 de Luján de Cundro Mendoza, ¿sí? Esto está ubicado entre calle Enterrada y la otra que sería Viejas, ¿sí? Obviamente como referencias pusimos, bueno, familia del populo, el bar que se llama el Gran Buredo, barrio, perdón, barrio del Gran Buredo y que lo dejen en purtería, ¿sí? Perfecto. Perfecto. Bueno, te recuerdo nuevamente el costo del servicio aliado de hoy, que sale 11.932 pesos. Cuál es el descuento este por seis meses del 85% ¿A irme a escuchar? Sí, perfecto. Ah, bien. Bueno, te reenvío nuevamente el plan. Son 15 gigas de base y más 10 gigas de realo por 6 meses, ¿sí? Donde obviamente las van a contar con 15 gigas. Con WhatsApp Gratis, Rumina del Mundo y 5 gigas por limitado. Recordarles que les cuento que es por 6 meses, que el servicio se fractura a mes adelantado. Sí, obviamente igual ahora no vas a estar mandando nada. Y ahora después de que tengas la línea activa Santi & Movistar, te van a figurar primero las 15 gigas, y después de las 48 horas, automáticamente, se te habilitan los otros 10 gigas. Ahí vas a arrancar a tener los 25 gigas. Y luego nuevamente el correo sería santiago.com. Por ese medio vas a estar recibiendo lo que es la calculación online. que después, si vos te descargas la aplicación de Montar en la parte del servicio, vas a poder ver toda la información referida a tu factura, ya sea tu ciclo de facturación, vencimientos o motos a pagar. También te comento que tenés para activar 20 gigas que al de regalo con una duración de 30 días, eso está disponible una vez por año. También te puedes adherir al débito automático. Y bueno, una vez aprobada la portabilidad, la línea portabal entre 7 y 10 gigas fábiles. Sí, la que va a enviado a domicilio. Una vez lo que es aprobar, Esto sí, te van a estar enviando un mensaje por WhatsApp para informar lo que es la fecha de fortalecer, para que te quedes tranquilo. Recuerda que es importante que no toques el chip antes de la fecha informada. De todas maneras, te vas a dar cuenta porque la línea es clara, va a dejar de recibir señales. Ahí sería cuando debes colocarlo. Por única vez, deberás validar identidad al activarlo. Acá sí te va a pedir el DNI de Sonia, porque esa es la titular. En caso de que tengas alguna dificultad con la evaluación, te puedes comunicar a un ser hecho cierto. Después para poner la línea, mi nombre, no hay problema, ¿no? No, no hay problema. Después puedes hacer el cambio de titularidad, puedes dar uno al sucursal, más seguro. Así que lo puedes hacer, obviamente, una vez que ya esté activa. Bien, en caso no le atraseñen el chifre, organizase el equipo. Y por otro lado, dentro de los próximos días se está recibiendo una encuesta de satisfacción por WhatsApp. Le solicitamos por por qué la completéis, ya que suponeis que es muy importante para la empresa. Bien, Santi, ahí salió el cierre. Diste lo más rápido posible. Ahí me llevo el número. ¿Te lo paso? Sí, por favor, por WhatsApp. Ah, te lo escribo. Si tenés una captura, mejor. Dale. Una captura de pantalla. Perfecto. Mientras tanto, ¿hasta acá tenéis alguna consulta, algo? No, no. ¿Ninguna? Bueno, cualquier cosa, recordad que tenéis un contacto conmigo por este medio, no le pasarás nada a nadie más. Estamos hablando, obviamente, por el tema del chip, cualquier cosita, ¿sí? Ahí recibí la captura. Bueno, muchísimas gracias, Fanti, por el tiempo y todo lo demás. Hacía muy amable. Estamos en contacto. Muy bien. Adiós. Estamos en contacto. Saludos. Adiós. Gracias. A vos. Gracias.",
  "calidad": {
    "confianza_promedio": 0.51,
    "metodo_diarizacion": "pausas_fallback",
    "tiempo_procesamiento": 23.3
  },
  "metadata": {
    "modelo": "whisperx_medium",
    "diarizacion": "pausas",
    "dispositivo": "cuda",
    "fecha": "2026-02-18T22:38:01.578527",
    "version": "5.0_ecapa"
  }
}