{
  "archivo": "amza10_1_260213120613068_ACD_04501.wav",
  "duracion_segundos": 88.76,
  "num_segmentos": 22,
  "num_hablantes": 2,
  "hablantes": [
    "Hablante A",
    "Hablante B"
  ],
  "tiempo_por_hablante": {
    "Hablante A": 4.94,
    "Hablante B": 61.32
  },
  "idioma": "es",
  "conversacion": [
    {
      "hablante": "Hablante A",
      "inicio": 1.08,
      "fin": 3.58,
      "duracion": 2.5,
      "texto": "Hola, buenas días.",
      "confianza": 0.481
    },
    {
      "hablante": "Hablante A",
      "inicio": 3.6,
      "fin": 4.5,
      "duracion": 0.9,
      "texto": "Hablo con Carlos.",
      "confianza": 0.777
    },
    {
      "hablante": "Hablante B",
      "inicio": 6.98,
      "fin": 7.4,
      "duracion": 0.42,
      "texto": "Sí, ¿quién habla?",
      "confianza": 0.153
    },
    {
      "hablante": "Hablante B",
      "inicio": 7.44,
      "fin": 8.64,
      "duracion": 1.2,
      "texto": "Lourdes, ¿cómo estás?",
      "confianza": 0.61
    },
    {
      "hablante": "Hablante B",
      "inicio": 8.66,
      "fin": 12.09,
      "duracion": 3.42,
      "texto": "Me ponía en contacto para brindarte una bonificación en tu línea.",
      "confianza": 0.778
    },
    {
      "hablante": "Hablante B",
      "inicio": 12.11,
      "fin": 15.73,
      "duracion": 3.62,
      "texto": "Me pude ver el sistema que estás en claro, actualmente es correcto.",
      "confianza": 0.678
    },
    {
      "hablante": "Hablante B",
      "inicio": 16.79,
      "fin": 18.95,
      "duracion": 2.16,
      "texto": "Sí, te dejo, no me interesa.",
      "confianza": 0.098
    },
    {
      "hablante": "Hablante B",
      "inicio": 18.97,
      "fin": 26.62,
      "duracion": 7.65,
      "texto": "Bien, contame, ¿por qué no estabas interesado?",
      "confianza": 0.748
    },
    {
      "hablante": "Hablante B",
      "inicio": 26.64,
      "fin": 27.18,
      "duracion": 0.54,
      "texto": "No puedo, estoy trabajando.",
      "confianza": 0.0
    },
    {
      "hablante": "Hablante B",
      "inicio": 27.2,
      "fin": 27.74,
      "duracion": 0.54,
      "texto": "Ya me llamo todos los días.",
      "confianza": 0.003
    },
    {
      "hablante": "Hablante B",
      "inicio": 27.76,
      "fin": 29.14,
      "duracion": 1.38,
      "texto": "Vale, ¿qué horario puedes hablar?",
      "confianza": 0.398
    },
    {
      "hablante": "Hablante B",
      "inicio": 30.02,
      "fin": 35.7,
      "duracion": 5.69,
      "texto": "No quiero que me llaman, me llaman tres veces al día, me tienen tres podridos.",
      "confianza": 0.269
    },
    {
      "hablante": "Hablante B",
      "inicio": 35.73,
      "fin": 40.09,
      "duracion": 4.37,
      "texto": "Es la primera vez que yo me estoy contactando con vos, por eso te digo, pero para dejarlo sentado.",
      "confianza": 0.647
    },
    {
      "hablante": "Hablante B",
      "inicio": 41.27,
      "fin": 49.06,
      "duracion": 7.79,
      "texto": "Me llaman, me llaman todos los días, no sé quién me llama, pero en molestón me llaman todos los días, dos, tres veces al día me llaman.",
      "confianza": 0.33
    },
    {
      "hablante": "Hablante B",
      "inicio": 49.08,
      "fin": 49.16,
      "duracion": 0.08,
      "texto": "Ajá.",
      "confianza": 0.1
    },
    {
      "hablante": "Hablante B",
      "inicio": 49.18,
      "fin": 54.23,
      "duracion": 5.05,
      "texto": "Bien, y contame por qué no estabas interesado, por qué te llaman.",
      "confianza": 0.614
    },
    {
      "hablante": "Hablante B",
      "inicio": 54.25,
      "fin": 56.43,
      "duracion": 2.18,
      "texto": "Por no ser interesado, no es tan difícil de entender.",
      "confianza": 0.351
    },
    {
      "hablante": "Hablante B",
      "inicio": 57.73,
      "fin": 65.52,
      "duracion": 7.8,
      "texto": "No, si te entiendo, quédate tranquilo, pero te consulto bien el motivo para poner si es falchuración, si es por un tema de señal o cobertura, que no sé qué te ha sucedido.",
      "confianza": 0.57
    },
    {
      "hablante": "Hablante B",
      "inicio": 66.94,
      "fin": 71.91,
      "duracion": 4.97,
      "texto": "No, poné lo que quieras, no me interesa, no quiero hablar más como el ser.",
      "confianza": 0.661
    },
    {
      "hablante": "Hablante B",
      "inicio": 71.93,
      "fin": 73.8,
      "duracion": 1.86,
      "texto": "Bueno, que tengamos un día, gracias.",
      "confianza": 0.293
    },
    {
      "hablante": "Hablante B",
      "inicio": 73.82,
      "fin": 74.42,
      "duracion": 0.6,
      "texto": "Dale, gracias.",
      "confianza": 0.32
    },
    {
      "hablante": "Hablante A",
      "inicio": 87.22,
      "fin": 88.76,
      "duracion": 1.54,
      "texto": "Podría acortar eso más por favor.",
      "confianza": 0.525
    }
  ],
  "transcripcion_completa": "Hola, buenas días. Hablo con Carlos. Sí, ¿quién habla? Lourdes, ¿cómo estás? Me ponía en contacto para brindarte una bonificación en tu línea. Me pude ver el sistema que estás en claro, actualmente es correcto. Sí, te dejo, no me interesa. Bien, contame, ¿por qué no estabas interesado? No puedo, estoy trabajando. Ya me llamo todos los días. Vale, ¿qué horario puedes hablar? No quiero que me llaman, me llaman tres veces al día, me tienen tres podridos. Es la primera vez que yo me estoy contactando con vos, por eso te digo, pero para dejarlo sentado. Me llaman, me llaman todos los días, no sé quién me llama, pero en molestón me llaman todos los días, dos, tres veces al día me llaman. Ajá. Bien, y contame por qué no estabas interesado, por qué te llaman. Por no ser interesado, no es tan difícil de entender. No, si te entiendo, quédate tranquilo, pero te consulto bien el motivo para poner si es falchuración, si es por un tema de señal o cobertura, que no sé qué te ha sucedido. No, poné lo que quieras, no me interesa, no quiero hablar más como el ser. Bueno, que tengamos un día, gracias. Dale, gracias. Podría acortar eso más por favor.",
  "calidad": {
    "confianza_promedio": 0.448,
    "metodo_diarizacion": "pausas_fallback",
    "tiempo_procesamiento": 7.9
  },
  "metadata": {
    "modelo": "whisperx_medium",
    "diarizacion": "pausas",
    "dispositivo": "cuda",
    "fecha": "2026-02-18T22:48:55.097437",
    "version": "5.0_ecapa"
  }
}