{
  "archivo": "amza10_1_260211111514304_ACD_93277.wav",
  "duracion_segundos": 116.39,
  "num_segmentos": 33,
  "num_hablantes": 2,
  "hablantes": [
    "Hablante A",
    "Hablante B"
  ],
  "tiempo_por_hablante": {
    "Hablante A": 98.38,
    "Hablante B": 7.24
  },
  "idioma": "es",
  "conversacion": [
    {
      "hablante": "Hablante A",
      "inicio": 0.03,
      "fin": 5.68,
      "duracion": 5.65,
      "texto": "Hola, buenos días.",
      "confianza": 0.317
    },
    {
      "hablante": "Hablante A",
      "inicio": 5.7,
      "fin": 6.46,
      "duracion": 0.76,
      "texto": "Buenos días.",
      "confianza": 0.192
    },
    {
      "hablante": "Hablante A",
      "inicio": 6.48,
      "fin": 7.1,
      "duracion": 0.62,
      "texto": "¿Cómo estás?",
      "confianza": 0.37
    },
    {
      "hablante": "Hablante A",
      "inicio": 7.12,
      "fin": 8.02,
      "duracion": 0.9,
      "texto": "Un gusto, Lourdes.",
      "confianza": 0.452
    },
    {
      "hablante": "Hablante A",
      "inicio": 8.04,
      "fin": 11.13,
      "duracion": 3.08,
      "texto": "A ver, se lo hablo con la línea de Elizabeth.",
      "confianza": 0.538
    },
    {
      "hablante": "Hablante A",
      "inicio": 11.15,
      "fin": 11.59,
      "duracion": 0.44,
      "texto": "Sí.",
      "confianza": 0.591
    },
    {
      "hablante": "Hablante A",
      "inicio": 11.61,
      "fin": 13.05,
      "duracion": 1.44,
      "texto": "Elizabeth, un gusto.",
      "confianza": 0.404
    },
    {
      "hablante": "Hablante A",
      "inicio": 13.07,
      "fin": 17.72,
      "duracion": 4.65,
      "texto": "Te he contactado así porque tenemos para rindarte un 85% del cuento en la línea.",
      "confianza": 0.755
    },
    {
      "hablante": "Hablante A",
      "inicio": 18.18,
      "fin": 20.2,
      "duracion": 2.02,
      "texto": "Sí, me re encantaría que puedas escuchar el plan.",
      "confianza": 0.576
    },
    {
      "hablante": "Hablante A",
      "inicio": 20.84,
      "fin": 22.66,
      "duracion": 1.82,
      "texto": "No sé, actualmente, Elizabeth, ¿estás en claro?",
      "confianza": 0.614
    },
    {
      "hablante": "Hablante A",
      "inicio": 22.7,
      "fin": 27.05,
      "duracion": 4.35,
      "texto": "No sé cuánto estás abonando actualmente, si recordás.",
      "confianza": 0.626
    },
    {
      "hablante": "Hablante A",
      "inicio": 27.07,
      "fin": 28.33,
      "duracion": 1.26,
      "texto": "¿Estoy en claro?",
      "confianza": 0.468
    },
    {
      "hablante": "Hablante A",
      "inicio": 28.35,
      "fin": 28.41,
      "duracion": 0.06,
      "texto": "Sí.",
      "confianza": 0.529
    },
    {
      "hablante": "Hablante A",
      "inicio": 28.53,
      "fin": 29.84,
      "duracion": 1.3,
      "texto": "¿Recordás cuánto estás abonando?",
      "confianza": 0.672
    },
    {
      "hablante": "Hablante A",
      "inicio": 30.32,
      "fin": 33.93,
      "duracion": 3.6,
      "texto": "Diez, diez mil.",
      "confianza": 0.544
    },
    {
      "hablante": "Hablante A",
      "inicio": 33.95,
      "fin": 35.05,
      "duracion": 1.1,
      "texto": "Diez mil.",
      "confianza": 0.871
    },
    {
      "hablante": "Hablante A",
      "inicio": 35.07,
      "fin": 43.16,
      "duracion": 8.09,
      "texto": "Bueno, mirad, no sé si con esos llevajos que ustedes actualmente te alcanzan, estás bien o necesitas más gigas.",
      "confianza": 0.608
    },
    {
      "hablante": "Hablante A",
      "inicio": 43.18,
      "fin": 46.28,
      "duracion": 3.1,
      "texto": "No, estoy bien, estoy bien.",
      "confianza": 0.377
    },
    {
      "hablante": "Hablante A",
      "inicio": 46.3,
      "fin": 55.45,
      "duracion": 9.15,
      "texto": "Bueno, mirad, yo todo frisco si un plan que tenemos es una oferta y en este caso son ocho gigas de Movistar, me contacto a la nueva gestión.",
      "confianza": 0.694
    },
    {
      "hablante": "Hablante A",
      "inicio": 56.24,
      "fin": 62.31,
      "duracion": 6.07,
      "texto": "Sí, recién hablé con un muchacho de Movistar, así que ya está, ya arreglé con él.",
      "confianza": 0.458
    },
    {
      "hablante": "Hablante A",
      "inicio": 62.33,
      "fin": 63.29,
      "duracion": 0.96,
      "texto": "¿Pero qué te comentó?",
      "confianza": 0.625
    },
    {
      "hablante": "Hablante A",
      "inicio": 63.31,
      "fin": 65.01,
      "duracion": 1.7,
      "texto": "¿Por qué no me figura nada sentado acá?",
      "confianza": 0.69
    },
    {
      "hablante": "Hablante A",
      "inicio": 66.23,
      "fin": 68.88,
      "duracion": 2.64,
      "texto": "No, sí, se arreglé con él.",
      "confianza": 0.651
    },
    {
      "hablante": "Hablante A",
      "inicio": 68.89,
      "fin": 70.58,
      "duracion": 1.68,
      "texto": "Bien, ¿en qué quedaron para dejarlo sentado?",
      "confianza": 0.666
    },
    {
      "hablante": "Hablante B",
      "inicio": 72.9,
      "fin": 78.06,
      "duracion": 5.16,
      "texto": "Me tengo que fijar, tengo que cortarte y fijarme, pero no, ya arreglé con una persona que me llama mañana.",
      "confianza": 0.62
    },
    {
      "hablante": "Hablante B",
      "inicio": 79.2,
      "fin": 81.29,
      "duracion": 2.08,
      "texto": "Bien, ¿y qué platos ofrecieron?",
      "confianza": 0.426
    },
    {
      "hablante": "Hablante A",
      "inicio": 83.7,
      "fin": 88.38,
      "duracion": 4.69,
      "texto": "Supongo que es el plan de ustedes, es más económico, a mí me conviene.",
      "confianza": 0.148
    },
    {
      "hablante": "Hablante A",
      "inicio": 88.4,
      "fin": 91.41,
      "duracion": 3.0,
      "texto": "Claro, yo te iba a brindar un plan que te queda en 8047 y son 18 shears en total.",
      "confianza": 0.531
    },
    {
      "hablante": "Hablante A",
      "inicio": 91.43,
      "fin": 97.83,
      "duracion": 6.41,
      "texto": "No, no, no, no, me dio mucho más barato.",
      "confianza": 0.337
    },
    {
      "hablante": "Hablante A",
      "inicio": 97.85,
      "fin": 102.7,
      "duracion": 4.84,
      "texto": "Ah, no, bueno, otro te informo que más económico no hay, sí, ya se acabó esa promo de más económico.",
      "confianza": 0.574
    },
    {
      "hablante": "Hablante A",
      "inicio": 103.02,
      "fin": 108.94,
      "duracion": 5.93,
      "texto": "Estos son otros beneficios, pero bueno, para que lo tengas en cuenta, por las dudas, viste que puede daros en un saludo.",
      "confianza": 0.66
    },
    {
      "hablante": "Hablante A",
      "inicio": 109.28,
      "fin": 111.23,
      "duracion": 1.95,
      "texto": "No me llames, una persona.",
      "confianza": 0.6
    },
    {
      "hablante": "Hablante A",
      "inicio": 111.27,
      "fin": 116.39,
      "duracion": 5.12,
      "texto": "Gracias, mi amable.",
      "confianza": 0.559
    }
  ],
  "transcripcion_completa": "Hola, buenos días. Buenos días. ¿Cómo estás? Un gusto, Lourdes. A ver, se lo hablo con la línea de Elizabeth. Sí. Elizabeth, un gusto. Te he contactado así porque tenemos para rindarte un 85% del cuento en la línea. Sí, me re encantaría que puedas escuchar el plan. No sé, actualmente, Elizabeth, ¿estás en claro? No sé cuánto estás abonando actualmente, si recordás. ¿Estoy en claro? Sí. ¿Recordás cuánto estás abonando? Diez, diez mil. Diez mil. Bueno, mirad, no sé si con esos llevajos que ustedes actualmente te alcanzan, estás bien o necesitas más gigas. No, estoy bien, estoy bien. Bueno, mirad, yo todo frisco si un plan que tenemos es una oferta y en este caso son ocho gigas de Movistar, me contacto a la nueva gestión. Sí, recién hablé con un muchacho de Movistar, así que ya está, ya arreglé con él. ¿Pero qué te comentó? ¿Por qué no me figura nada sentado acá? No, sí, se arreglé con él. Bien, ¿en qué quedaron para dejarlo sentado? Me tengo que fijar, tengo que cortarte y fijarme, pero no, ya arreglé con una persona que me llama mañana. Bien, ¿y qué platos ofrecieron? Supongo que es el plan de ustedes, es más económico, a mí me conviene. Claro, yo te iba a brindar un plan que te queda en 8047 y son 18 shears en total. No, no, no, no, me dio mucho más barato. Ah, no, bueno, otro te informo que más económico no hay, sí, ya se acabó esa promo de más económico. Estos son otros beneficios, pero bueno, para que lo tengas en cuenta, por las dudas, viste que puede daros en un saludo. No me llames, una persona. Gracias, mi amable.",
  "calidad": {
    "confianza_promedio": 0.538,
    "metodo_diarizacion": "pausas_fallback",
    "tiempo_procesamiento": 9.2
  },
  "metadata": {
    "modelo": "whisperx_medium",
    "diarizacion": "pausas",
    "dispositivo": "cuda",
    "fecha": "2026-02-18T22:36:11.158478",
    "version": "5.0_ecapa"
  }
}