{
  "archivo": "amza10_1_260218104836176_ACD_03953.wav",
  "duracion_segundos": 132.06,
  "num_segmentos": 51,
  "num_hablantes": 2,
  "hablantes": [
    "Hablante A",
    "Hablante B"
  ],
  "tiempo_por_hablante": {
    "Hablante B": 55.36,
    "Hablante A": 61.5
  },
  "idioma": "es",
  "conversacion": [
    {
      "hablante": "Hablante B",
      "inicio": 1.7,
      "fin": 3.04,
      "duracion": 1.34,
      "texto": "Hola.",
      "confianza": 0.182
    },
    {
      "hablante": "Hablante B",
      "inicio": 3.06,
      "fin": 3.16,
      "duracion": 0.1,
      "texto": "Hola.",
      "confianza": 0.034
    },
    {
      "hablante": "Hablante B",
      "inicio": 3.18,
      "fin": 5.45,
      "duracion": 2.26,
      "texto": "Sí, habló con Luis.",
      "confianza": 0.402
    },
    {
      "hablante": "Hablante B",
      "inicio": 5.47,
      "fin": 5.69,
      "duracion": 0.22,
      "texto": "Sí.",
      "confianza": 0.429
    },
    {
      "hablante": "Hablante B",
      "inicio": 6.25,
      "fin": 7.45,
      "duracion": 1.2,
      "texto": "Luis, un gusto, Lourdes.",
      "confianza": 0.657
    },
    {
      "hablante": "Hablante B",
      "inicio": 7.63,
      "fin": 8.25,
      "duracion": 0.62,
      "texto": "Habla de ese lado.",
      "confianza": 0.622
    },
    {
      "hablante": "Hablante B",
      "inicio": 8.67,
      "fin": 12.61,
      "duracion": 3.94,
      "texto": "Me ponía en contacto para darte una bonificación que tenemos en tu línea.",
      "confianza": 0.715
    },
    {
      "hablante": "Hablante B",
      "inicio": 12.63,
      "fin": 14.96,
      "duracion": 2.32,
      "texto": "Sí, con un 85% descuento.",
      "confianza": 0.546
    },
    {
      "hablante": "Hablante B",
      "inicio": 14.97,
      "fin": 18.3,
      "duracion": 3.32,
      "texto": "¿De dónde me hablas?",
      "confianza": 0.313
    },
    {
      "hablante": "Hablante B",
      "inicio": 18.32,
      "fin": 20.26,
      "duracion": 1.94,
      "texto": "De la idea de movistarme, estoy contactando.",
      "confianza": 0.58
    },
    {
      "hablante": "Hablante A",
      "inicio": 22.92,
      "fin": 22.98,
      "duracion": 0.06,
      "texto": "Ah.",
      "confianza": 0.181
    },
    {
      "hablante": "Hablante A",
      "inicio": 23.0,
      "fin": 26.83,
      "duracion": 3.82,
      "texto": "Bien, usted está en claro, ¿no?",
      "confianza": 0.393
    },
    {
      "hablante": "Hablante A",
      "inicio": 26.85,
      "fin": 27.17,
      "duracion": 0.32,
      "texto": "Sí, tengo claro.",
      "confianza": 0.03
    },
    {
      "hablante": "Hablante A",
      "inicio": 27.19,
      "fin": 27.39,
      "duracion": 0.2,
      "texto": "Ajá, bien.",
      "confianza": 0.102
    },
    {
      "hablante": "Hablante A",
      "inicio": 27.62,
      "fin": 31.83,
      "duracion": 4.21,
      "texto": "Bueno, nosotros tenemos un 85% del cuento, Luis, por eso es que te estamos contactando, ¿sí?",
      "confianza": 0.55
    },
    {
      "hablante": "Hablante A",
      "inicio": 31.85,
      "fin": 33.71,
      "duracion": 1.86,
      "texto": "No sé más o menos qué plan estás usando.",
      "confianza": 0.692
    },
    {
      "hablante": "Hablante B",
      "inicio": 36.11,
      "fin": 38.99,
      "duracion": 2.88,
      "texto": "¿Cuánto es el plan?",
      "confianza": 0.699
    },
    {
      "hablante": "Hablante B",
      "inicio": 39.02,
      "fin": 42.14,
      "duracion": 3.12,
      "texto": "¿Cuánto es que con el 85% cuánto queda la cuota?",
      "confianza": 0.311
    },
    {
      "hablante": "Hablante B",
      "inicio": 42.16,
      "fin": 44.06,
      "duracion": 1.9,
      "texto": "Bueno, te estaría quedando primero un plan.",
      "confianza": 0.696
    },
    {
      "hablante": "Hablante B",
      "inicio": 44.08,
      "fin": 45.72,
      "duracion": 1.64,
      "texto": "Sí, tenemos dos planes.",
      "confianza": 0.778
    },
    {
      "hablante": "Hablante B",
      "inicio": 45.98,
      "fin": 53.51,
      "duracion": 7.53,
      "texto": "Sí, uno te queda en 11.932 pesos, pero son 15 gigas y tenés aparte 10 gigas por seis meses.",
      "confianza": 0.725
    },
    {
      "hablante": "Hablante B",
      "inicio": 53.53,
      "fin": 55.98,
      "duracion": 2.44,
      "texto": "Así que estarían ponen 23 gigas, ¿sí?",
      "confianza": 0.606
    },
    {
      "hablante": "Hablante B",
      "inicio": 56.41,
      "fin": 60.56,
      "duracion": 4.15,
      "texto": "El otro plan, sí, el otro plan son en total 18 gigas, ¿sí?",
      "confianza": 0.638
    },
    {
      "hablante": "Hablante B",
      "inicio": 61.32,
      "fin": 62.48,
      "duracion": 1.16,
      "texto": "Y te quedan 8,047 pesos.",
      "confianza": 0.682
    },
    {
      "hablante": "Hablante B",
      "inicio": 62.5,
      "fin": 69.5,
      "duracion": 6.99,
      "texto": "¿8 gigas o 8 mil?",
      "confianza": 0.582
    },
    {
      "hablante": "Hablante B",
      "inicio": 69.52,
      "fin": 70.86,
      "duracion": 1.34,
      "texto": "8,047 pesos, claro.",
      "confianza": 0.751
    },
    {
      "hablante": "Hablante B",
      "inicio": 70.92,
      "fin": 74.28,
      "duracion": 3.37,
      "texto": "Son 8 gigas y 10 gigas aparte de regalo por 6 meses.",
      "confianza": 0.755
    },
    {
      "hablante": "Hablante B",
      "inicio": 74.3,
      "fin": 75.89,
      "duracion": 1.58,
      "texto": "10 y 8 gigas vas a tener ahí.",
      "confianza": 0.646
    },
    {
      "hablante": "Hablante A",
      "inicio": 78.03,
      "fin": 79.87,
      "duracion": 1.84,
      "texto": "Bueno, mira, el tema es así.",
      "confianza": 0.643
    },
    {
      "hablante": "Hablante A",
      "inicio": 81.05,
      "fin": 84.08,
      "duracion": 3.02,
      "texto": "Lo hablo con mi mujer porque es la que lleva esto.",
      "confianza": 0.74
    },
    {
      "hablante": "Hablante A",
      "inicio": 84.1,
      "fin": 87.46,
      "duracion": 3.37,
      "texto": "Dice que yo tengo cuatro líneas, dos con ustedes y dos con claro.",
      "confianza": 0.644
    },
    {
      "hablante": "Hablante A",
      "inicio": 87.56,
      "fin": 92.55,
      "duracion": 4.99,
      "texto": "Así que es la que lleva a ella los celulares.",
      "confianza": 0.504
    },
    {
      "hablante": "Hablante A",
      "inicio": 93.21,
      "fin": 100.32,
      "duracion": 7.11,
      "texto": "Si querés, llámame a la tarde.",
      "confianza": 0.575
    },
    {
      "hablante": "Hablante A",
      "inicio": 100.34,
      "fin": 101.14,
      "duracion": 0.8,
      "texto": "Bueno, Luis, Miriam, hacemos una cosita.",
      "confianza": 0.002
    },
    {
      "hablante": "Hablante A",
      "inicio": 101.17,
      "fin": 102.27,
      "duracion": 1.1,
      "texto": "Yo ahora te voy a dejar un mensajito por WhatsApp, ¿sí?",
      "confianza": 0.003
    },
    {
      "hablante": "Hablante A",
      "inicio": 102.29,
      "fin": 102.35,
      "duracion": 0.06,
      "texto": "Sí.",
      "confianza": 0.327
    },
    {
      "hablante": "Hablante A",
      "inicio": 102.51,
      "fin": 105.86,
      "duracion": 3.35,
      "texto": "Si vos te lo puedes compartir con tu mujer, genial.",
      "confianza": 0.587
    },
    {
      "hablante": "Hablante A",
      "inicio": 105.88,
      "fin": 106.16,
      "duracion": 0.28,
      "texto": "¿Por qué?",
      "confianza": 0.688
    },
    {
      "hablante": "Hablante A",
      "inicio": 106.24,
      "fin": 108.32,
      "duracion": 2.08,
      "texto": "Porque yo estoy acá hasta las 3 de la tarde.",
      "confianza": 0.603
    },
    {
      "hablante": "Hablante A",
      "inicio": 108.78,
      "fin": 110.27,
      "duracion": 1.48,
      "texto": "Ah, bueno, vale.",
      "confianza": 0.391
    },
    {
      "hablante": "Hablante A",
      "inicio": 110.31,
      "fin": 116.86,
      "duracion": 6.55,
      "texto": "Enviásela a su WhatsApp y de última me avisas por ese medio, ¿te parece?",
      "confianza": 0.547
    },
    {
      "hablante": "Hablante A",
      "inicio": 116.88,
      "fin": 117.24,
      "duracion": 0.36,
      "texto": "Me parece bárbaro.",
      "confianza": 0.002
    },
    {
      "hablante": "Hablante A",
      "inicio": 117.26,
      "fin": 117.64,
      "duracion": 0.38,
      "texto": "Mándamela al sitio.",
      "confianza": 0.012
    },
    {
      "hablante": "Hablante A",
      "inicio": 117.66,
      "fin": 118.66,
      "duracion": 1.0,
      "texto": "Bueno, muchas gracias, Luis.",
      "confianza": 0.501
    },
    {
      "hablante": "Hablante A",
      "inicio": 118.68,
      "fin": 121.81,
      "duracion": 3.12,
      "texto": "Ahí te mando un mensaje.",
      "confianza": 0.406
    },
    {
      "hablante": "Hablante A",
      "inicio": 121.83,
      "fin": 130.54,
      "duracion": 8.72,
      "texto": "Eso me queda, gracias.",
      "confianza": 0.198
    },
    {
      "hablante": "Hablante A",
      "inicio": 130.56,
      "fin": 130.86,
      "duracion": 0.3,
      "texto": "Soy muy amable.",
      "confianza": 0.001
    },
    {
      "hablante": "Hablante A",
      "inicio": 130.88,
      "fin": 131.1,
      "duracion": 0.22,
      "texto": "Igualmente.",
      "confianza": 0.001
    },
    {
      "hablante": "Hablante A",
      "inicio": 131.12,
      "fin": 131.24,
      "duracion": 0.12,
      "texto": "Adiós.",
      "confianza": 0.002
    },
    {
      "hablante": "Hablante A",
      "inicio": 131.26,
      "fin": 131.6,
      "duracion": 0.34,
      "texto": "¿Qué haces, Luis?",
      "confianza": 0.099
    },
    {
      "hablante": "Hablante A",
      "inicio": 131.62,
      "fin": 132.06,
      "duracion": 0.44,
      "texto": "¿Qué haces, Luis?",
      "confianza": 0.174
    }
  ],
  "transcripcion_completa": "Hola. Hola. Sí, habló con Luis. Sí. Luis, un gusto, Lourdes. Habla de ese lado. Me ponía en contacto para darte una bonificación que tenemos en tu línea. Sí, con un 85% descuento. ¿De dónde me hablas? De la idea de movistarme, estoy contactando. Ah. Bien, usted está en claro, ¿no? Sí, tengo claro. Ajá, bien. Bueno, nosotros tenemos un 85% del cuento, Luis, por eso es que te estamos contactando, ¿sí? No sé más o menos qué plan estás usando. ¿Cuánto es el plan? ¿Cuánto es que con el 85% cuánto queda la cuota? Bueno, te estaría quedando primero un plan. Sí, tenemos dos planes. Sí, uno te queda en 11.932 pesos, pero son 15 gigas y tenés aparte 10 gigas por seis meses. Así que estarían ponen 23 gigas, ¿sí? El otro plan, sí, el otro plan son en total 18 gigas, ¿sí? Y te quedan 8,047 pesos. ¿8 gigas o 8 mil? 8,047 pesos, claro. Son 8 gigas y 10 gigas aparte de regalo por 6 meses. 10 y 8 gigas vas a tener ahí. Bueno, mira, el tema es así. Lo hablo con mi mujer porque es la que lleva esto. Dice que yo tengo cuatro líneas, dos con ustedes y dos con claro. Así que es la que lleva a ella los celulares. Si querés, llámame a la tarde. Bueno, Luis, Miriam, hacemos una cosita. Yo ahora te voy a dejar un mensajito por WhatsApp, ¿sí? Sí. Si vos te lo puedes compartir con tu mujer, genial. ¿Por qué? Porque yo estoy acá hasta las 3 de la tarde. Ah, bueno, vale. Enviásela a su WhatsApp y de última me avisas por ese medio, ¿te parece? Me parece bárbaro. Mándamela al sitio. Bueno, muchas gracias, Luis. Ahí te mando un mensaje. Eso me queda, gracias. Soy muy amable. Igualmente. Adiós. ¿Qué haces, Luis? ¿Qué haces, Luis?",
  "calidad": {
    "confianza_promedio": 0.43,
    "metodo_diarizacion": "pausas_fallback",
    "tiempo_procesamiento": 9.6
  },
  "metadata": {
    "modelo": "whisperx_medium",
    "diarizacion": "pausas",
    "dispositivo": "cuda",
    "fecha": "2026-02-18T22:52:02.398680",
    "version": "5.0_ecapa"
  }
}