{
  "archivo": "amza10_1_260218124847210_ACD_30879.wav",
  "duracion_segundos": 177.79,
  "num_segmentos": 52,
  "num_hablantes": 2,
  "hablantes": [
    "Hablante A",
    "Hablante B"
  ],
  "tiempo_por_hablante": {
    "Hablante B": 33.6,
    "Hablante A": 125.51
  },
  "idioma": "es",
  "conversacion": [
    {
      "hablante": "Hablante B",
      "inicio": 1.52,
      "fin": 2.94,
      "duracion": 1.42,
      "texto": "Hola, buenos días.",
      "confianza": 0.101
    },
    {
      "hablante": "Hablante B",
      "inicio": 2.96,
      "fin": 7.28,
      "duracion": 4.33,
      "texto": "¿Con Isabel?",
      "confianza": 0.262
    },
    {
      "hablante": "Hablante B",
      "inicio": 7.3,
      "fin": 7.38,
      "duracion": 0.08,
      "texto": "Sí.",
      "confianza": 0.303
    },
    {
      "hablante": "Hablante B",
      "inicio": 7.4,
      "fin": 7.62,
      "duracion": 0.22,
      "texto": "Un gusto.",
      "confianza": 0.258
    },
    {
      "hablante": "Hablante B",
      "inicio": 7.64,
      "fin": 7.96,
      "duracion": 0.32,
      "texto": "¿Cómo va?",
      "confianza": 0.725
    },
    {
      "hablante": "Hablante B",
      "inicio": 7.98,
      "fin": 8.46,
      "duracion": 0.48,
      "texto": "¿Todo bien?",
      "confianza": 0.87
    },
    {
      "hablante": "Hablante B",
      "inicio": 8.94,
      "fin": 15.03,
      "duracion": 6.09,
      "texto": "Me estoy contactando, sí, porque queríamos brindarle un 85% del fondo que tenemos y desde la área de Recuperar Movistar.",
      "confianza": 0.699
    },
    {
      "hablante": "Hablante B",
      "inicio": 15.05,
      "fin": 16.03,
      "duracion": 0.98,
      "texto": "¿Usted está en claro?",
      "confianza": 0.801
    },
    {
      "hablante": "Hablante A",
      "inicio": 18.89,
      "fin": 18.95,
      "duracion": 0.06,
      "texto": "Sí.",
      "confianza": 0.063
    },
    {
      "hablante": "Hablante A",
      "inicio": 18.97,
      "fin": 19.07,
      "duracion": 0.1,
      "texto": "Bien.",
      "confianza": 0.094
    },
    {
      "hablante": "Hablante A",
      "inicio": 19.09,
      "fin": 21.98,
      "duracion": 2.88,
      "texto": "No sé más o menos si recordarás cuánto es lo que estás abonando.",
      "confianza": 0.692
    },
    {
      "hablante": "Hablante A",
      "inicio": 22.38,
      "fin": 26.34,
      "duracion": 3.96,
      "texto": "Actualmente en claro.",
      "confianza": 0.776
    },
    {
      "hablante": "Hablante A",
      "inicio": 26.36,
      "fin": 29.2,
      "duracion": 2.84,
      "texto": "Ay, no, no me acuerdo porque en viernes el disco se quemó.",
      "confianza": 0.114
    },
    {
      "hablante": "Hablante A",
      "inicio": 29.22,
      "fin": 29.36,
      "duracion": 0.14,
      "texto": "¿Vamos?",
      "confianza": 0.143
    },
    {
      "hablante": "Hablante A",
      "inicio": 30.42,
      "fin": 35.27,
      "duracion": 4.85,
      "texto": "No me acuerdo por qué él es el que me pagó, no sé cuánto pagó la última vez.",
      "confianza": 0.348
    },
    {
      "hablante": "Hablante A",
      "inicio": 35.51,
      "fin": 39.92,
      "duracion": 4.41,
      "texto": "Ok, el problema mío es que estás hablando 16.748 pesos, en claro.",
      "confianza": 0.654
    },
    {
      "hablante": "Hablante A",
      "inicio": 40.14,
      "fin": 55.3,
      "duracion": 15.16,
      "texto": "Con este 85% que tengo para brindarte, estarías hablando 8.047 pesos y sería un plan de 8 GB con 10 GB aparte de regalo por 6 metros, tendrías 18 GB, que es un montón,",
      "confianza": 0.631
    },
    {
      "hablante": "Hablante A",
      "inicio": 55.52,
      "fin": 58.98,
      "duracion": 3.46,
      "texto": "está bastante bueno y vas a estar hablando 8.047 pesos.",
      "confianza": 0.675
    },
    {
      "hablante": "Hablante A",
      "inicio": 59.2,
      "fin": 61.4,
      "duracion": 2.2,
      "texto": "O sea, la mitad de lo que vos estás hablando ahora, ¿sí?",
      "confianza": 0.503
    },
    {
      "hablante": "Hablante A",
      "inicio": 62.0,
      "fin": 66.05,
      "duracion": 4.05,
      "texto": "Así que nada, te ahorrarías un montón y aparte tendrías bastantes gigas, ¿sí?",
      "confianza": 0.526
    },
    {
      "hablante": "Hablante A",
      "inicio": 66.73,
      "fin": 70.67,
      "duracion": 3.94,
      "texto": "Con WhatsApp gratis, todo limitado, que serían las llamadas, los mensajes.",
      "confianza": 0.68
    },
    {
      "hablante": "Hablante A",
      "inicio": 70.69,
      "fin": 76.18,
      "duracion": 5.49,
      "texto": "Y te viene incluido lo que es roaming en América, tal plan.",
      "confianza": 0.682
    },
    {
      "hablante": "Hablante A",
      "inicio": 76.2,
      "fin": 82.71,
      "duracion": 6.51,
      "texto": "Pues mira, no sé, no tengo a pensar porque la verdad es que estoy un poco peleada con el internet, ¿sí?",
      "confianza": 0.259
    },
    {
      "hablante": "Hablante A",
      "inicio": 82.73,
      "fin": 83.13,
      "duracion": 0.4,
      "texto": "En el sentido de que",
      "confianza": 0.071
    },
    {
      "hablante": "Hablante A",
      "inicio": 84.14,
      "fin": 90.56,
      "duracion": 6.43,
      "texto": "y es agotador estar por la tecnología.",
      "confianza": 0.547
    },
    {
      "hablante": "Hablante A",
      "inicio": 90.58,
      "fin": 93.85,
      "duracion": 3.26,
      "texto": "Bien, pero ¿qué tendrás que investigar?",
      "confianza": 0.386
    },
    {
      "hablante": "Hablante A",
      "inicio": 94.71,
      "fin": 101.92,
      "duracion": 7.21,
      "texto": "Soy grande y me cuesta aprender muchas cosas y me lo aprendo un poco de ratito y después al rato no me acuerdo más nada.",
      "confianza": 0.308
    },
    {
      "hablante": "Hablante A",
      "inicio": 101.94,
      "fin": 102.9,
      "duracion": 0.96,
      "texto": "¿De qué me estás hablando?",
      "confianza": 0.561
    },
    {
      "hablante": "Hablante A",
      "inicio": 102.92,
      "fin": 106.61,
      "duracion": 3.68,
      "texto": "¿De fibra o de la línea de salud?",
      "confianza": 0.753
    },
    {
      "hablante": "Hablante A",
      "inicio": 106.91,
      "fin": 111.39,
      "duracion": 4.49,
      "texto": "De los trabajos que tú haces en el interno, porque tienes que hacer siempre cosas nuevas.",
      "confianza": 0.506
    },
    {
      "hablante": "Hablante A",
      "inicio": 111.83,
      "fin": 112.81,
      "duracion": 0.98,
      "texto": "Ah, bien.",
      "confianza": 0.336
    },
    {
      "hablante": "Hablante A",
      "inicio": 112.83,
      "fin": 115.89,
      "duracion": 3.06,
      "texto": "Bueno, igual en este caso sí, estarías en contacto conmigo, nada más.",
      "confianza": 0.676
    },
    {
      "hablante": "Hablante A",
      "inicio": 116.03,
      "fin": 119.48,
      "duracion": 3.44,
      "texto": "Esto se hace en línea y después tenés el contacto conmigo por WhatsApp.",
      "confianza": 0.54
    },
    {
      "hablante": "Hablante A",
      "inicio": 120.06,
      "fin": 121.98,
      "duracion": 1.92,
      "texto": "Obviamente para que estemos al tanto, ¿no?",
      "confianza": 0.739
    },
    {
      "hablante": "Hablante A",
      "inicio": 122.48,
      "fin": 123.5,
      "duracion": 1.02,
      "texto": "Yo seguido no hay problema.",
      "confianza": 0.633
    },
    {
      "hablante": "Hablante A",
      "inicio": 123.54,
      "fin": 126.51,
      "duracion": 2.96,
      "texto": "Obviamente hay bastantes clientes que algunos pare y otros que no, ¿sí?",
      "confianza": 0.613
    },
    {
      "hablante": "Hablante A",
      "inicio": 127.43,
      "fin": 129.11,
      "duracion": 1.68,
      "texto": "Pero bueno, nada, está bastante bueno el plan.",
      "confianza": 0.663
    },
    {
      "hablante": "Hablante A",
      "inicio": 129.13,
      "fin": 130.89,
      "duracion": 1.76,
      "texto": "Por eso te lo comento.",
      "confianza": 0.675
    },
    {
      "hablante": "Hablante A",
      "inicio": 130.91,
      "fin": 137.74,
      "duracion": 6.83,
      "texto": "O sea, te conviene.",
      "confianza": 0.152
    },
    {
      "hablante": "Hablante A",
      "inicio": 137.76,
      "fin": 137.96,
      "duracion": 0.2,
      "texto": "Sí, bueno.",
      "confianza": 0.001
    },
    {
      "hablante": "Hablante A",
      "inicio": 137.98,
      "fin": 139.1,
      "duracion": 1.12,
      "texto": "Sí, pero me lo voy a consultar porque es una verdad que,",
      "confianza": 0.028
    },
    {
      "hablante": "Hablante A",
      "inicio": 140.4,
      "fin": 144.7,
      "duracion": 4.31,
      "texto": "Eso me pasa, me cansa un poco todo eso.",
      "confianza": 0.063
    },
    {
      "hablante": "Hablante A",
      "inicio": 144.72,
      "fin": 146.41,
      "duracion": 1.68,
      "texto": "Bueno, dale, mira, hacemos una cosita.",
      "confianza": 0.465
    },
    {
      "hablante": "Hablante A",
      "inicio": 146.6,
      "fin": 151.45,
      "duracion": 4.85,
      "texto": "Yo voy a estar a cesta a las 3 de la tarde, después estoy trabajando en mi casa también.",
      "confianza": 0.556
    },
    {
      "hablante": "Hablante A",
      "inicio": 152.07,
      "fin": 154.05,
      "duracion": 1.98,
      "texto": "Te voy a dejar un mensaje por WhatsApp, ¿sí?",
      "confianza": 0.586
    },
    {
      "hablante": "Hablante A",
      "inicio": 154.07,
      "fin": 155.32,
      "duracion": 1.24,
      "texto": "Espero tu respuesta.",
      "confianza": 0.839
    },
    {
      "hablante": "Hablante B",
      "inicio": 157.4,
      "fin": 159.2,
      "duracion": 1.8,
      "texto": "Y si querés, bueno, nada más, seguimos hablando.",
      "confianza": 0.366
    },
    {
      "hablante": "Hablante B",
      "inicio": 159.24,
      "fin": 162.71,
      "duracion": 3.46,
      "texto": "Si estés con alguien ahí también para que vos nos sientas más segura.",
      "confianza": 0.638
    },
    {
      "hablante": "Hablante B",
      "inicio": 162.72,
      "fin": 166.79,
      "duracion": 4.07,
      "texto": "¿Te parece?",
      "confianza": 0.15
    },
    {
      "hablante": "Hablante B",
      "inicio": 166.81,
      "fin": 167.57,
      "duracion": 0.76,
      "texto": "Dale, quedamos así.",
      "confianza": 0.242
    },
    {
      "hablante": "Hablante B",
      "inicio": 167.59,
      "fin": 170.24,
      "duracion": 2.64,
      "texto": "Entonces, bueno, muchas gracias, muy amable, que tengas buen día.",
      "confianza": 0.74
    },
    {
      "hablante": "Hablante B",
      "inicio": 170.84,
      "fin": 177.79,
      "duracion": 6.95,
      "texto": "Adiós.",
      "confianza": 0.54
    }
  ],
  "transcripcion_completa": "Hola, buenos días. ¿Con Isabel? Sí. Un gusto. ¿Cómo va? ¿Todo bien? Me estoy contactando, sí, porque queríamos brindarle un 85% del fondo que tenemos y desde la área de Recuperar Movistar. ¿Usted está en claro? Sí. Bien. No sé más o menos si recordarás cuánto es lo que estás abonando. Actualmente en claro. Ay, no, no me acuerdo porque en viernes el disco se quemó. ¿Vamos? No me acuerdo por qué él es el que me pagó, no sé cuánto pagó la última vez. Ok, el problema mío es que estás hablando 16.748 pesos, en claro. Con este 85% que tengo para brindarte, estarías hablando 8.047 pesos y sería un plan de 8 GB con 10 GB aparte de regalo por 6 metros, tendrías 18 GB, que es un montón, está bastante bueno y vas a estar hablando 8.047 pesos. O sea, la mitad de lo que vos estás hablando ahora, ¿sí? Así que nada, te ahorrarías un montón y aparte tendrías bastantes gigas, ¿sí? Con WhatsApp gratis, todo limitado, que serían las llamadas, los mensajes. Y te viene incluido lo que es roaming en América, tal plan. Pues mira, no sé, no tengo a pensar porque la verdad es que estoy un poco peleada con el internet, ¿sí? En el sentido de que y es agotador estar por la tecnología. Bien, pero ¿qué tendrás que investigar? Soy grande y me cuesta aprender muchas cosas y me lo aprendo un poco de ratito y después al rato no me acuerdo más nada. ¿De qué me estás hablando? ¿De fibra o de la línea de salud? De los trabajos que tú haces en el interno, porque tienes que hacer siempre cosas nuevas. Ah, bien. Bueno, igual en este caso sí, estarías en contacto conmigo, nada más. Esto se hace en línea y después tenés el contacto conmigo por WhatsApp. Obviamente para que estemos al tanto, ¿no? Yo seguido no hay problema. Obviamente hay bastantes clientes que algunos pare y otros que no, ¿sí? Pero bueno, nada, está bastante bueno el plan. Por eso te lo comento. O sea, te conviene. Sí, bueno. Sí, pero me lo voy a consultar porque es una verdad que, Eso me pasa, me cansa un poco todo eso. Bueno, dale, mira, hacemos una cosita. Yo voy a estar a cesta a las 3 de la tarde, después estoy trabajando en mi casa también. Te voy a dejar un mensaje por WhatsApp, ¿sí? Espero tu respuesta. Y si querés, bueno, nada más, seguimos hablando. Si estés con alguien ahí también para que vos nos sientas más segura. ¿Te parece? Dale, quedamos así. Entonces, bueno, muchas gracias, muy amable, que tengas buen día. Adiós.",
  "calidad": {
    "confianza_promedio": 0.466,
    "metodo_diarizacion": "pausas_fallback",
    "tiempo_procesamiento": 11.0
  },
  "metadata": {
    "modelo": "whisperx_medium",
    "diarizacion": "pausas",
    "dispositivo": "cuda",
    "fecha": "2026-02-18T22:54:10.176311",
    "version": "5.0_ecapa"
  }
}