{
  "archivo": "amza10_1_260213113552461_ACD_20721.wav",
  "duracion_segundos": 71.99,
  "num_segmentos": 16,
  "num_hablantes": 1,
  "hablantes": [
    "Hablante A"
  ],
  "tiempo_por_hablante": {
    "Hablante A": 66.5
  },
  "idioma": "es",
  "conversacion": [
    {
      "hablante": "Hablante A",
      "inicio": 0.03,
      "fin": 2.6,
      "duracion": 2.56,
      "texto": "Hola, buenos días.",
      "confianza": 0.628
    },
    {
      "hablante": "Hablante A",
      "inicio": 2.62,
      "fin": 3.44,
      "duracion": 0.82,
      "texto": "¿Con Luciana?",
      "confianza": 0.592
    },
    {
      "hablante": "Hablante A",
      "inicio": 3.46,
      "fin": 8.24,
      "duracion": 4.79,
      "texto": "¿Hola?",
      "confianza": 0.451
    },
    {
      "hablante": "Hablante A",
      "inicio": 8.27,
      "fin": 10.45,
      "duracion": 2.18,
      "texto": "Sí, hola.",
      "confianza": 0.566
    },
    {
      "hablante": "Hablante A",
      "inicio": 10.47,
      "fin": 13.01,
      "duracion": 2.54,
      "texto": "Hubo un dolor de estado de estado.",
      "confianza": 0.41
    },
    {
      "hablante": "Hablante A",
      "inicio": 13.03,
      "fin": 16.62,
      "duracion": 3.59,
      "texto": "¿Estabas para brindarte una parte que me lo mejoras con un resuelto?",
      "confianza": 0.318
    },
    {
      "hablante": "Hablante A",
      "inicio": 17.86,
      "fin": 20.07,
      "duracion": 2.2,
      "texto": "Está así, naturalmente, es correcto.",
      "confianza": 0.454
    },
    {
      "hablante": "Hablante A",
      "inicio": 21.07,
      "fin": 24.23,
      "duracion": 3.16,
      "texto": "Me llamaron ayer y quedé en confusión, así que mandé al comienzo.",
      "confianza": 0.276
    },
    {
      "hablante": "Hablante A",
      "inicio": 25.11,
      "fin": 34.18,
      "duracion": 9.07,
      "texto": "¿Qué hora te habías invitado tú?",
      "confianza": 0.396
    },
    {
      "hablante": "Hablante A",
      "inicio": 34.2,
      "fin": 35.28,
      "duracion": 1.08,
      "texto": "¿Vos podés hablar bien ahora?",
      "confianza": 0.376
    },
    {
      "hablante": "Hablante A",
      "inicio": 36.42,
      "fin": 40.33,
      "duracion": 3.91,
      "texto": "No, estoy en el centro, pero de igual manera se me ha llamado.",
      "confianza": 0.432
    },
    {
      "hablante": "Hablante A",
      "inicio": 40.35,
      "fin": 42.19,
      "duracion": 1.84,
      "texto": "Ya estaba allá, ya les quería yo avisar.",
      "confianza": 0.382
    },
    {
      "hablante": "Hablante A",
      "inicio": 42.61,
      "fin": 46.17,
      "duracion": 3.56,
      "texto": "Me mandaron un mensaje después para que les conforme.",
      "confianza": 0.606
    },
    {
      "hablante": "Hablante A",
      "inicio": 46.19,
      "fin": 52.7,
      "duracion": 6.51,
      "texto": "Claro, bien, pero te queríamos consultar cuando hay otras a poner, digamos... O sea, no me dejes que... Quiero que conozcas el grupo.",
      "confianza": 0.29
    },
    {
      "hablante": "Hablante A",
      "inicio": 53.27,
      "fin": 64.89,
      "duracion": 11.62,
      "texto": "No, cuando me decían que no quieren más cupos no importa, pero cuando me decían... Bueno, pero ¿te importa o no te importa?",
      "confianza": 0.455
    },
    {
      "hablante": "Hablante A",
      "inicio": 64.92,
      "fin": 71.99,
      "duracion": 7.07,
      "texto": "Me importa, pero cuando yo me decidas, no cuando yo me decidas.",
      "confianza": 0.28
    }
  ],
  "transcripcion_completa": "Hola, buenos días. ¿Con Luciana? ¿Hola? Sí, hola. Hubo un dolor de estado de estado. ¿Estabas para brindarte una parte que me lo mejoras con un resuelto? Está así, naturalmente, es correcto. Me llamaron ayer y quedé en confusión, así que mandé al comienzo. ¿Qué hora te habías invitado tú? ¿Vos podés hablar bien ahora? No, estoy en el centro, pero de igual manera se me ha llamado. Ya estaba allá, ya les quería yo avisar. Me mandaron un mensaje después para que les conforme. Claro, bien, pero te queríamos consultar cuando hay otras a poner, digamos... O sea, no me dejes que... Quiero que conozcas el grupo. No, cuando me decían que no quieren más cupos no importa, pero cuando me decían... Bueno, pero ¿te importa o no te importa? Me importa, pero cuando yo me decidas, no cuando yo me decidas.",
  "calidad": {
    "confianza_promedio": 0.432,
    "metodo_diarizacion": "pausas_fallback",
    "tiempo_procesamiento": 7.0
  },
  "metadata": {
    "modelo": "whisperx_medium",
    "diarizacion": "pausas",
    "dispositivo": "cuda",
    "fecha": "2026-02-18T22:48:07.384182",
    "version": "5.0_ecapa"
  }
}