{
  "archivo": "amza15_1_260124142256541_ACD_53799.wav",
  "duracion_segundos": 79.25,
  "num_segmentos": 27,
  "num_hablantes": 2,
  "hablantes": [
    "Hablante A",
    "Hablante B"
  ],
  "tiempo_por_hablante": {
    "Hablante B": 16.72,
    "Hablante A": 41.01
  },
  "idioma": "es",
  "conversacion": [
    {
      "hablante": "Hablante B",
      "inicio": 2.02,
      "fin": 3.58,
      "duracion": 1.56,
      "texto": "Hola, buenas tardes.",
      "confianza": 0.163
    },
    {
      "hablante": "Hablante B",
      "inicio": 3.6,
      "fin": 6.81,
      "duracion": 3.2,
      "texto": "¿Me comunico con Osvaldo?",
      "confianza": 0.103
    },
    {
      "hablante": "Hablante B",
      "inicio": 6.83,
      "fin": 6.89,
      "duracion": 0.06,
      "texto": "Sí.",
      "confianza": 0.102
    },
    {
      "hablante": "Hablante B",
      "inicio": 6.91,
      "fin": 7.63,
      "duracion": 0.72,
      "texto": "¿Cómo estás, Osvaldo?",
      "confianza": 0.511
    },
    {
      "hablante": "Hablante B",
      "inicio": 7.67,
      "fin": 8.29,
      "duracion": 0.62,
      "texto": "Me presento.",
      "confianza": 0.768
    },
    {
      "hablante": "Hablante B",
      "inicio": 8.31,
      "fin": 11.73,
      "duracion": 3.42,
      "texto": "Soy Luisa, y me comunico con vos para brindarte una serie de beneficios en tu línea, ¿sí?",
      "confianza": 0.639
    },
    {
      "hablante": "Hablante A",
      "inicio": 14.46,
      "fin": 14.54,
      "duracion": 0.08,
      "texto": "Ajá.",
      "confianza": 0.062
    },
    {
      "hablante": "Hablante A",
      "inicio": 14.56,
      "fin": 16.14,
      "duracion": 1.58,
      "texto": "Actualmente me parece que estás en clave.",
      "confianza": 0.767
    },
    {
      "hablante": "Hablante A",
      "inicio": 16.16,
      "fin": 16.92,
      "duracion": 0.76,
      "texto": "¿Esto es correcto?",
      "confianza": 0.868
    },
    {
      "hablante": "Hablante B",
      "inicio": 19.86,
      "fin": 19.94,
      "duracion": 0.08,
      "texto": "Ajá.",
      "confianza": 0.108
    },
    {
      "hablante": "Hablante B",
      "inicio": 19.96,
      "fin": 20.62,
      "duracion": 0.66,
      "texto": "Excelente.",
      "confianza": 0.897
    },
    {
      "hablante": "Hablante B",
      "inicio": 20.68,
      "fin": 22.18,
      "duracion": 1.5,
      "texto": "Juan, te hago una consulta.",
      "confianza": 0.732
    },
    {
      "hablante": "Hablante B",
      "inicio": 22.2,
      "fin": 23.45,
      "duracion": 1.24,
      "texto": "¿A cuál día de hoy estás pagando?",
      "confianza": 0.525
    },
    {
      "hablante": "Hablante B",
      "inicio": 23.46,
      "fin": 24.35,
      "duracion": 0.88,
      "texto": "¿A bueno o prepago?",
      "confianza": 0.703
    },
    {
      "hablante": "Hablante A",
      "inicio": 28.35,
      "fin": 28.67,
      "duracion": 0.32,
      "texto": "Preto y prepago.",
      "confianza": 0.045
    },
    {
      "hablante": "Hablante B",
      "inicio": 30.22,
      "fin": 30.78,
      "duracion": 0.56,
      "texto": "Excelente.",
      "confianza": 0.719
    },
    {
      "hablante": "Hablante B",
      "inicio": 30.82,
      "fin": 33.04,
      "duracion": 2.22,
      "texto": "Juanso, ¿es mucho usar el ser o no lo usas bastante?",
      "confianza": 0.617
    },
    {
      "hablante": "Hablante A",
      "inicio": 38.37,
      "fin": 40.55,
      "duracion": 2.18,
      "texto": "En realidad, me estoy bien con esto, con claro.",
      "confianza": 0.166
    },
    {
      "hablante": "Hablante A",
      "inicio": 40.57,
      "fin": 41.07,
      "duracion": 0.5,
      "texto": "Excelente.",
      "confianza": 0.637
    },
    {
      "hablante": "Hablante A",
      "inicio": 41.09,
      "fin": 41.71,
      "duracion": 0.62,
      "texto": "Juanso, entiendo.",
      "confianza": 0.794
    },
    {
      "hablante": "Hablante A",
      "inicio": 41.73,
      "fin": 50.76,
      "duracion": 9.03,
      "texto": "Yo solamente quería brindarte un servicio de 14 GB a tan solo $6,450 pesos al día de hoy, ¿sí?",
      "confianza": 0.674
    },
    {
      "hablante": "Hablante A",
      "inicio": 50.78,
      "fin": 50.88,
      "duracion": 0.1,
      "texto": "Bien.",
      "confianza": 0.047
    },
    {
      "hablante": "Hablante A",
      "inicio": 50.9,
      "fin": 57.85,
      "duracion": 6.95,
      "texto": "Esto te va a incluir WhatsApp gratis, HablaLibreCuartelCompañía y un GB para free si es que lo utilizas.",
      "confianza": 0.515
    },
    {
      "hablante": "Hablante A",
      "inicio": 58.49,
      "fin": 62.09,
      "duracion": 3.61,
      "texto": "Pero en este momento no.",
      "confianza": 0.793
    },
    {
      "hablante": "Hablante A",
      "inicio": 62.11,
      "fin": 73.89,
      "duracion": 11.78,
      "texto": "Yo estuve movistar y bueno, esto me pasó claro y veo que hay totalmente de diferencia, pero me he quedado con claro en este momento.",
      "confianza": 0.68
    },
    {
      "hablante": "Hablante A",
      "inicio": 74.92,
      "fin": 77.06,
      "duracion": 2.14,
      "texto": "Bien, excelente Juárez, entonces que tengas un lindo día.",
      "confianza": 0.631
    },
    {
      "hablante": "Hablante A",
      "inicio": 77.88,
      "fin": 79.25,
      "duracion": 1.36,
      "texto": "Igualmente, gracias.",
      "confianza": 0.54
    }
  ],
  "transcripcion_completa": "Hola, buenas tardes. ¿Me comunico con Osvaldo? Sí. ¿Cómo estás, Osvaldo? Me presento. Soy Luisa, y me comunico con vos para brindarte una serie de beneficios en tu línea, ¿sí? Ajá. Actualmente me parece que estás en clave. ¿Esto es correcto? Ajá. Excelente. Juan, te hago una consulta. ¿A cuál día de hoy estás pagando? ¿A bueno o prepago? Preto y prepago. Excelente. Juanso, ¿es mucho usar el ser o no lo usas bastante? En realidad, me estoy bien con esto, con claro. Excelente. Juanso, entiendo. Yo solamente quería brindarte un servicio de 14 GB a tan solo $6,450 pesos al día de hoy, ¿sí? Bien. Esto te va a incluir WhatsApp gratis, HablaLibreCuartelCompañía y un GB para free si es que lo utilizas. Pero en este momento no. Yo estuve movistar y bueno, esto me pasó claro y veo que hay totalmente de diferencia, pero me he quedado con claro en este momento. Bien, excelente Juárez, entonces que tengas un lindo día. Igualmente, gracias.",
  "calidad": {
    "confianza_promedio": 0.511,
    "metodo_diarizacion": "pausas_fallback",
    "tiempo_procesamiento": 5.2
  },
  "metadata": {
    "modelo": "whisperx_medium",
    "diarizacion": "pausas",
    "dispositivo": "cuda",
    "fecha": "2026-01-26T01:43:20.163222",
    "version": "5.0_ecapa"
  }
}