{
  "archivo": "amza22_1_260124102804894_ACD_40357.wav",
  "duracion_segundos": 66.02,
  "num_segmentos": 19,
  "num_hablantes": 2,
  "hablantes": [
    "Hablante A",
    "Hablante B"
  ],
  "tiempo_por_hablante": {
    "Hablante B": 31.77,
    "Hablante A": 20.51
  },
  "idioma": "es",
  "conversacion": [
    {
      "hablante": "Hablante B",
      "inicio": 1.55,
      "fin": 3.19,
      "duracion": 1.64,
      "texto": "Hola.",
      "confianza": 0.467
    },
    {
      "hablante": "Hablante B",
      "inicio": 3.21,
      "fin": 5.4,
      "duracion": 2.18,
      "texto": "¿Hablo con José Luis?",
      "confianza": 0.605
    },
    {
      "hablante": "Hablante B",
      "inicio": 5.42,
      "fin": 6.3,
      "duracion": 0.88,
      "texto": "Con él hablo.",
      "confianza": 0.664
    },
    {
      "hablante": "Hablante B",
      "inicio": 6.32,
      "fin": 6.78,
      "duracion": 0.46,
      "texto": "¿Cómo estás?",
      "confianza": 0.68
    },
    {
      "hablante": "Hablante B",
      "inicio": 6.8,
      "fin": 8.2,
      "duracion": 1.4,
      "texto": "Mi nombre es Belén, me presento.",
      "confianza": 0.522
    },
    {
      "hablante": "Hablante B",
      "inicio": 8.66,
      "fin": 12.35,
      "duracion": 3.69,
      "texto": "Mira, yo te estoy llamando desde el área de recupero de clientes de Movistar.",
      "confianza": 0.608
    },
    {
      "hablante": "Hablante B",
      "inicio": 12.87,
      "fin": 15.63,
      "duracion": 2.76,
      "texto": "Querían saber por qué te había sido y la acompañé en su momento.",
      "confianza": 0.617
    },
    {
      "hablante": "Hablante B",
      "inicio": 15.65,
      "fin": 17.53,
      "duracion": 1.88,
      "texto": "¿Me podrías comentar qué fue lo que te sucedió?",
      "confianza": 0.563
    },
    {
      "hablante": "Hablante A",
      "inicio": 20.88,
      "fin": 21.1,
      "duracion": 0.22,
      "texto": "Mira... Sí.",
      "confianza": 0.012
    },
    {
      "hablante": "Hablante A",
      "inicio": 21.12,
      "fin": 21.96,
      "duracion": 0.84,
      "texto": "Yo...",
      "confianza": 0.325
    },
    {
      "hablante": "Hablante A",
      "inicio": 21.98,
      "fin": 23.98,
      "duracion": 2.0,
      "texto": "Se ha pensado un montón de veces, está informado.",
      "confianza": 0.536
    },
    {
      "hablante": "Hablante A",
      "inicio": 24.1,
      "fin": 25.41,
      "duracion": 1.3,
      "texto": "Es por comunidad propia.",
      "confianza": 0.834
    },
    {
      "hablante": "Hablante A",
      "inicio": 25.45,
      "fin": 31.25,
      "duracion": 5.81,
      "texto": "Eso igual cuando fui a Movistar les dice que era temporal y... Sí.",
      "confianza": 0.606
    },
    {
      "hablante": "Hablante B",
      "inicio": 33.34,
      "fin": 40.17,
      "duracion": 6.83,
      "texto": "Y ahora vos qué plan tenés con Claro en estos momentos?",
      "confianza": 0.485
    },
    {
      "hablante": "Hablante B",
      "inicio": 40.19,
      "fin": 46.84,
      "duracion": 6.65,
      "texto": "Me ofrezca lo que me ofrezca no tengo pensado cambiarme de compañía.",
      "confianza": 0.588
    },
    {
      "hablante": "Hablante B",
      "inicio": 47.82,
      "fin": 51.22,
      "duracion": 3.4,
      "texto": "Por comodidad propia no tengo pensado cambiarme de compañía.",
      "confianza": 0.664
    },
    {
      "hablante": "Hablante A",
      "inicio": 54.55,
      "fin": 57.41,
      "duracion": 2.86,
      "texto": "Y aunque sea más barato tampoco?",
      "confianza": 0.204
    },
    {
      "hablante": "Hablante A",
      "inicio": 57.77,
      "fin": 61.38,
      "duracion": 3.6,
      "texto": "Así me cobré 10 pesos y no me pasó.",
      "confianza": 0.588
    },
    {
      "hablante": "Hablante A",
      "inicio": 62.13,
      "fin": 66.02,
      "duracion": 3.88,
      "texto": "No hay problema, dejámoslo atentado.",
      "confianza": 0.445
    }
  ],
  "transcripcion_completa": "Hola. ¿Hablo con José Luis? Con él hablo. ¿Cómo estás? Mi nombre es Belén, me presento. Mira, yo te estoy llamando desde el área de recupero de clientes de Movistar. Querían saber por qué te había sido y la acompañé en su momento. ¿Me podrías comentar qué fue lo que te sucedió? Mira... Sí. Yo... Se ha pensado un montón de veces, está informado. Es por comunidad propia. Eso igual cuando fui a Movistar les dice que era temporal y... Sí. Y ahora vos qué plan tenés con Claro en estos momentos? Me ofrezca lo que me ofrezca no tengo pensado cambiarme de compañía. Por comodidad propia no tengo pensado cambiarme de compañía. Y aunque sea más barato tampoco? Así me cobré 10 pesos y no me pasó. No hay problema, dejámoslo atentado.",
  "calidad": {
    "confianza_promedio": 0.527,
    "metodo_diarizacion": "pausas_fallback",
    "tiempo_procesamiento": 5.0
  },
  "metadata": {
    "modelo": "whisperx_medium",
    "diarizacion": "pausas",
    "dispositivo": "cuda",
    "fecha": "2026-01-26T02:00:16.917448",
    "version": "5.0_ecapa"
  }
}