{
  "archivo": "amza24_1_260120145548211_ACD_84821.wav",
  "duracion_segundos": 651.73,
  "num_segmentos": 162,
  "num_hablantes": 2,
  "hablantes": [
    "Hablante A",
    "Hablante B"
  ],
  "tiempo_por_hablante": {
    "Hablante A": 385.29,
    "Hablante B": 181.01
  },
  "idioma": "es",
  "conversacion": [
    {
      "hablante": "Hablante A",
      "inicio": 0.03,
      "fin": 2.75,
      "duracion": 2.72,
      "texto": "¿Hola?",
      "confianza": 0.148
    },
    {
      "hablante": "Hablante A",
      "inicio": 2.77,
      "fin": 3.15,
      "duracion": 0.38,
      "texto": "Sí.",
      "confianza": 0.535
    },
    {
      "hablante": "Hablante A",
      "inicio": 3.17,
      "fin": 3.58,
      "duracion": 0.4,
      "texto": "¿Cómo estás?",
      "confianza": 0.573
    },
    {
      "hablante": "Hablante A",
      "inicio": 3.6,
      "fin": 4.13,
      "duracion": 0.54,
      "texto": "Buenos días.",
      "confianza": 0.687
    },
    {
      "hablante": "Hablante A",
      "inicio": 4.32,
      "fin": 6.46,
      "duracion": 2.14,
      "texto": "Hablo con Angélica.",
      "confianza": 0.572
    },
    {
      "hablante": "Hablante A",
      "inicio": 6.48,
      "fin": 7.08,
      "duracion": 0.6,
      "texto": "Sí, habla ella.",
      "confianza": 0.558
    },
    {
      "hablante": "Hablante A",
      "inicio": 7.32,
      "fin": 7.86,
      "duracion": 0.54,
      "texto": "¿Cómo estás?",
      "confianza": 0.412
    },
    {
      "hablante": "Hablante A",
      "inicio": 7.88,
      "fin": 8.7,
      "duracion": 0.82,
      "texto": "Agustín es mi nombre.",
      "confianza": 0.759
    },
    {
      "hablante": "Hablante A",
      "inicio": 8.74,
      "fin": 11.94,
      "duracion": 3.2,
      "texto": "Me estoy comunicando la día del recupero de clientes Movistar.",
      "confianza": 0.728
    },
    {
      "hablante": "Hablante A",
      "inicio": 13.35,
      "fin": 13.4,
      "duracion": 0.06,
      "texto": "Sí.",
      "confianza": 0.014
    },
    {
      "hablante": "Hablante A",
      "inicio": 13.43,
      "fin": 17.59,
      "duracion": 4.16,
      "texto": "Angélica, nos figura en el sistema que vos actualmente estás en claro, ¿sí?",
      "confianza": 0.558
    },
    {
      "hablante": "Hablante A",
      "inicio": 17.61,
      "fin": 18.09,
      "duracion": 0.48,
      "texto": "Exacto.",
      "confianza": 0.849
    },
    {
      "hablante": "Hablante A",
      "inicio": 18.51,
      "fin": 18.79,
      "duracion": 0.28,
      "texto": "Bien.",
      "confianza": 0.551
    },
    {
      "hablante": "Hablante A",
      "inicio": 18.81,
      "fin": 22.83,
      "duracion": 4.02,
      "texto": "Te consulto el motivo por el que te fuiste de Movistar, por favor.",
      "confianza": 0.692
    },
    {
      "hablante": "Hablante A",
      "inicio": 22.85,
      "fin": 29.48,
      "duracion": 6.63,
      "texto": "Sí, yo había pedido bajar un poco el plan y en ese momento me dijeron que no, que no se podía bajar el plan.",
      "confianza": 0.781
    },
    {
      "hablante": "Hablante A",
      "inicio": 29.75,
      "fin": 33.79,
      "duracion": 4.04,
      "texto": "Y después, que me casbíe, ahí empezaron a llamarme y a pedir.",
      "confianza": 0.688
    },
    {
      "hablante": "Hablante A",
      "inicio": 34.25,
      "fin": 38.48,
      "duracion": 4.23,
      "texto": "Realmente, yo, donde vivo, la mejor señora que tengo es la de Movistar.",
      "confianza": 0.681
    },
    {
      "hablante": "Hablante A",
      "inicio": 38.62,
      "fin": 39.3,
      "duracion": 0.68,
      "texto": "No la declaro.",
      "confianza": 0.868
    },
    {
      "hablante": "Hablante A",
      "inicio": 39.9,
      "fin": 44.77,
      "duracion": 4.87,
      "texto": "Pero realmente, la diferencia era muy importante en este momento.",
      "confianza": 0.824
    },
    {
      "hablante": "Hablante A",
      "inicio": 44.79,
      "fin": 45.35,
      "duracion": 0.56,
      "texto": "Claro, entiendo.",
      "confianza": 0.407
    },
    {
      "hablante": "Hablante A",
      "inicio": 45.95,
      "fin": 55.28,
      "duracion": 9.33,
      "texto": "Bien, bueno, primero que nada, pedirse disculpas por lo que te pasó anteriormente con respecto al plan y a la promoción que solicitaste.",
      "confianza": 0.531
    },
    {
      "hablante": "Hablante A",
      "inicio": 55.3,
      "fin": 59.05,
      "duracion": 3.74,
      "texto": "Por otro lado, darte la tranquilidad que eso no te va a suceder nuevamente.",
      "confianza": 0.564
    },
    {
      "hablante": "Hablante A",
      "inicio": 59.41,
      "fin": 68.33,
      "duracion": 8.91,
      "texto": "porque te voy a avisar 30 días antes de que vas a ver un incremento en la factura que te va a notificar si a través de la app de Movistar.",
      "confianza": 0.599
    },
    {
      "hablante": "Hablante A",
      "inicio": 68.35,
      "fin": 72.37,
      "duracion": 4.02,
      "texto": "Bien, ahora avisamos 30 días antes para que vos puedas pedir nuevos descuentos o promociones.",
      "confianza": 0.694
    },
    {
      "hablante": "Hablante A",
      "inicio": 72.95,
      "fin": 80.8,
      "duracion": 7.85,
      "texto": "Lo pedís desde la app o si no te comunicas conmigo, que yo voy a ser tu asesora a partir de ahora, en el caso de que vuelvas antes de que con nosotros.",
      "confianza": 0.589
    },
    {
      "hablante": "Hablante A",
      "inicio": 81.36,
      "fin": 87.55,
      "duracion": 6.19,
      "texto": "Y si no te puedo, si no, así te derivo a los canales oficiales donde vas a tener una respuesta inmediata, ¿bien?",
      "confianza": 0.535
    },
    {
      "hablante": "Hablante A",
      "inicio": 87.57,
      "fin": 88.39,
      "duracion": 0.82,
      "texto": "Y pedís...",
      "confianza": 0.483
    },
    {
      "hablante": "Hablante A",
      "inicio": 88.62,
      "fin": 90.91,
      "duracion": 2.28,
      "texto": "que tenemos en vigencia.",
      "confianza": 0.196
    },
    {
      "hablante": "Hablante A",
      "inicio": 90.93,
      "fin": 97.48,
      "duracion": 6.55,
      "texto": "Por otro lado, contarte si que tenemos promociones realmente muy buenas e inclusivas para aquellos clientes que han sido parte de la compañía.",
      "confianza": 0.766
    },
    {
      "hablante": "Hablante A",
      "inicio": 97.52,
      "fin": 103.83,
      "duracion": 6.31,
      "texto": "Angélica, tengo lo que es un plan de 8 siglas de base, más 10 de regalo, van a ser 18 siglas en total.",
      "confianza": 0.733
    },
    {
      "hablante": "Hablante A",
      "inicio": 104.53,
      "fin": 114.06,
      "duracion": 9.53,
      "texto": "WhatsApp es la más libre a todas las compañías, inclusive los 0800 y los 0810, por un precio final de 8 mil pesos.",
      "confianza": 0.694
    },
    {
      "hablante": "Hablante A",
      "inicio": 114.76,
      "fin": 118.63,
      "duracion": 3.87,
      "texto": "Y yo estoy en condiciones ahora de cambiar de plan.",
      "confianza": 0.744
    },
    {
      "hablante": "Hablante A",
      "inicio": 118.65,
      "fin": 120.51,
      "duracion": 1.86,
      "texto": "¿Puedo hacerlo?",
      "confianza": 0.534
    },
    {
      "hablante": "Hablante A",
      "inicio": 120.53,
      "fin": 120.91,
      "duracion": 0.38,
      "texto": "Sí.",
      "confianza": 0.427
    },
    {
      "hablante": "Hablante A",
      "inicio": 120.93,
      "fin": 122.84,
      "duracion": 1.9,
      "texto": "O sea, pasas.",
      "confianza": 0.158
    },
    {
      "hablante": "Hablante A",
      "inicio": 122.86,
      "fin": 126.02,
      "duracion": 3.17,
      "texto": "¿Y eso cuánto tiempo me tardaría más o menos en hacer el cambio?",
      "confianza": 0.76
    },
    {
      "hablante": "Hablante A",
      "inicio": 126.58,
      "fin": 127.76,
      "duracion": 1.18,
      "texto": "Bien, es así.",
      "confianza": 0.441
    },
    {
      "hablante": "Hablante A",
      "inicio": 128.02,
      "fin": 134.11,
      "duracion": 6.09,
      "texto": "Entre 48 y 72 horas hábiles, te va a estar llegando el chip a la sucursal más cerquita del domicilio.",
      "confianza": 0.664
    },
    {
      "hablante": "Hablante A",
      "inicio": 135.19,
      "fin": 139.78,
      "duracion": 4.59,
      "texto": "Lo hacemos de esta manera porque es el tiempo más rápido para que vos te encuentres con el chip.",
      "confianza": 0.767
    },
    {
      "hablante": "Hablante A",
      "inicio": 140.72,
      "fin": 143.93,
      "duracion": 3.2,
      "texto": "Si no, por ahí correo demora un poco más porque ya no depende de nosotros.",
      "confianza": 0.607
    },
    {
      "hablante": "Hablante A",
      "inicio": 144.09,
      "fin": 153.14,
      "duracion": 9.05,
      "texto": "Y está bien, pero tiene que ser la dirección de mi domicilio de mi casa o puede ser la laboral.",
      "confianza": 0.817
    },
    {
      "hablante": "Hablante A",
      "inicio": 153.16,
      "fin": 155.19,
      "duracion": 2.02,
      "texto": "No, puede ser la laboral, sí.",
      "confianza": 0.294
    },
    {
      "hablante": "Hablante A",
      "inicio": 155.21,
      "fin": 158.79,
      "duracion": 3.58,
      "texto": "Sí, lo mejor es que te quede a vos retirarlo.",
      "confianza": 0.443
    },
    {
      "hablante": "Hablante A",
      "inicio": 158.81,
      "fin": 159.87,
      "duracion": 1.06,
      "texto": "Está bien, está bien.",
      "confianza": 0.316
    },
    {
      "hablante": "Hablante A",
      "inicio": 159.89,
      "fin": 170.03,
      "duracion": 10.13,
      "texto": "Lo vas a retirar en 48, 72 horas hábiles, sí, y más o menos en 48 horas después de que tengas el chip va a portar la línea.",
      "confianza": 0.728
    },
    {
      "hablante": "Hablante A",
      "inicio": 170.12,
      "fin": 171.69,
      "duracion": 1.56,
      "texto": "Sí, claro, dejará funcionar.",
      "confianza": 0.792
    },
    {
      "hablante": "Hablante A",
      "inicio": 171.84,
      "fin": 176.48,
      "duracion": 4.64,
      "texto": "Bien, ahí lo único que haces es simplemente cambiar los chips, nada más.",
      "confianza": 0.665
    },
    {
      "hablante": "Hablante A",
      "inicio": 176.5,
      "fin": 180.54,
      "duracion": 4.04,
      "texto": "También, yo el tema es porque este celular también lo uso para mi trabajo.",
      "confianza": 0.777
    },
    {
      "hablante": "Hablante A",
      "inicio": 181.28,
      "fin": 185.01,
      "duracion": 3.72,
      "texto": "O sea, necesito no quedarme sin línea de teléfono.",
      "confianza": 0.597
    },
    {
      "hablante": "Hablante A",
      "inicio": 185.03,
      "fin": 196.88,
      "duracion": 11.85,
      "texto": "No, no, en este caso quédate tranquilo, por eso la idea es esa, que lo retires en la sucursal en 48, 72 horas hábiles, entonces cuando claro deja de funcionar, vos ya vas a tener el chip Movistar con vos.",
      "confianza": 0.665
    },
    {
      "hablante": "Hablante A",
      "inicio": 196.9,
      "fin": 196.96,
      "duracion": 0.06,
      "texto": "Sí.",
      "confianza": 0.258
    },
    {
      "hablante": "Hablante A",
      "inicio": 196.98,
      "fin": 197.32,
      "duracion": 0.34,
      "texto": "Bueno.",
      "confianza": 0.833
    },
    {
      "hablante": "Hablante A",
      "inicio": 197.81,
      "fin": 199.95,
      "duracion": 2.14,
      "texto": "Está bien.",
      "confianza": 0.488
    },
    {
      "hablante": "Hablante A",
      "inicio": 199.97,
      "fin": 201.55,
      "duracion": 1.58,
      "texto": "¿Y el trámite lo hacen ustedes directo?",
      "confianza": 0.396
    },
    {
      "hablante": "Hablante A",
      "inicio": 201.97,
      "fin": 202.77,
      "duracion": 0.8,
      "texto": "Exactamente.",
      "confianza": 0.869
    },
    {
      "hablante": "Hablante A",
      "inicio": 202.89,
      "fin": 203.39,
      "duracion": 0.5,
      "texto": "Exactamente.",
      "confianza": 0.892
    },
    {
      "hablante": "Hablante A",
      "inicio": 203.55,
      "fin": 205.5,
      "duracion": 1.94,
      "texto": "El trámite es súper sencillo, simplemente.",
      "confianza": 0.542
    },
    {
      "hablante": "Hablante A",
      "inicio": 205.7,
      "fin": 208.76,
      "duracion": 3.06,
      "texto": "Ahora te verifico los datos que tenemos ingresados en el sistema.",
      "confianza": 0.819
    },
    {
      "hablante": "Hablante A",
      "inicio": 208.78,
      "fin": 213.53,
      "duracion": 4.75,
      "texto": "Y te enviamos lo que es el chip.",
      "confianza": 0.674
    },
    {
      "hablante": "Hablante A",
      "inicio": 213.67,
      "fin": 217.15,
      "duracion": 3.48,
      "texto": "Lo que es la portabilidad en sí, directamente se encarga de mostrar.",
      "confianza": 0.614
    },
    {
      "hablante": "Hablante A",
      "inicio": 217.91,
      "fin": 218.12,
      "duracion": 0.2,
      "texto": "Está bien.",
      "confianza": 0.029
    },
    {
      "hablante": "Hablante A",
      "inicio": 218.13,
      "fin": 219.44,
      "duracion": 1.3,
      "texto": "No hace falta que vos hagas nada.",
      "confianza": 0.459
    },
    {
      "hablante": "Hablante A",
      "inicio": 220.84,
      "fin": 222.3,
      "duracion": 1.46,
      "texto": "Bien, ahora te consulto.",
      "confianza": 0.638
    },
    {
      "hablante": "Hablante A",
      "inicio": 222.32,
      "fin": 224.36,
      "duracion": 2.04,
      "texto": "¿Vos estás en Caba o en provincia?",
      "confianza": 0.713
    },
    {
      "hablante": "Hablante A",
      "inicio": 225.43,
      "fin": 227.13,
      "duracion": 1.7,
      "texto": "La dirección laboral.",
      "confianza": 0.561
    },
    {
      "hablante": "Hablante A",
      "inicio": 227.15,
      "fin": 227.51,
      "duracion": 0.36,
      "texto": "Claro.",
      "confianza": 0.856
    },
    {
      "hablante": "Hablante A",
      "inicio": 227.83,
      "fin": 238.34,
      "duracion": 10.51,
      "texto": "No, laboral es el CAVA, es en Belgrano.",
      "confianza": 0.097
    },
    {
      "hablante": "Hablante A",
      "inicio": 238.36,
      "fin": 239.34,
      "duracion": 0.98,
      "texto": "Bien, dame un segundo.",
      "confianza": 0.492
    },
    {
      "hablante": "Hablante A",
      "inicio": 239.46,
      "fin": 239.96,
      "duracion": 0.5,
      "texto": "Aguántame.",
      "confianza": 0.314
    },
    {
      "hablante": "Hablante A",
      "inicio": 239.98,
      "fin": 241.1,
      "duracion": 1.12,
      "texto": "Bien, en Belgrano tengo en Cabrilo 2939.",
      "confianza": 0.392
    },
    {
      "hablante": "Hablante A",
      "inicio": 241.12,
      "fin": 245.82,
      "duracion": 4.7,
      "texto": "¿Se te queda cómodo para ir a retirarlo?",
      "confianza": 0.521
    },
    {
      "hablante": "Hablante A",
      "inicio": 245.84,
      "fin": 246.06,
      "duracion": 0.22,
      "texto": "Sí, sí, sí.",
      "confianza": 0.017
    },
    {
      "hablante": "Hablante A",
      "inicio": 246.09,
      "fin": 246.27,
      "duracion": 0.18,
      "texto": "Perfecto.",
      "confianza": 0.015
    },
    {
      "hablante": "Hablante A",
      "inicio": 246.29,
      "fin": 249.73,
      "duracion": 3.44,
      "texto": "Bien, yo te voy a enviar ahora un mensajito de WhatsApp para que vos tengas mi número.",
      "confianza": 0.595
    },
    {
      "hablante": "Hablante A",
      "inicio": 250.03,
      "fin": 250.39,
      "duracion": 0.36,
      "texto": "Bien.",
      "confianza": 0.704
    },
    {
      "hablante": "Hablante A",
      "inicio": 251.07,
      "fin": 252.37,
      "duracion": 1.3,
      "texto": "Espérame.",
      "confianza": 0.685
    },
    {
      "hablante": "Hablante A",
      "inicio": 252.39,
      "fin": 257.18,
      "duracion": 4.79,
      "texto": "Entonces, cualquier duda o consulta que vos tengas, directamente me hablas a mí.",
      "confianza": 0.772
    },
    {
      "hablante": "Hablante A",
      "inicio": 257.2,
      "fin": 257.6,
      "duracion": 0.4,
      "texto": "Bien.",
      "confianza": 0.774
    },
    {
      "hablante": "Hablante A",
      "inicio": 258.03,
      "fin": 270.8,
      "duracion": 12.77,
      "texto": "Vamos a ver si hay una.",
      "confianza": 0.459
    },
    {
      "hablante": "Hablante A",
      "inicio": 270.82,
      "fin": 276.15,
      "duracion": 5.32,
      "texto": "Bien.",
      "confianza": 0.681
    },
    {
      "hablante": "Hablante A",
      "inicio": 276.17,
      "fin": 284.34,
      "duracion": 8.17,
      "texto": "No sé, ahí está.",
      "confianza": 0.397
    },
    {
      "hablante": "Hablante A",
      "inicio": 284.44,
      "fin": 287.18,
      "duracion": 2.74,
      "texto": "Ahí está.",
      "confianza": 0.218
    },
    {
      "hablante": "Hablante A",
      "inicio": 287.46,
      "fin": 288.61,
      "duracion": 1.14,
      "texto": "Ahí te envío el WhatsApp.",
      "confianza": 0.318
    },
    {
      "hablante": "Hablante A",
      "inicio": 288.67,
      "fin": 290.17,
      "duracion": 1.5,
      "texto": "Confírmame si te llevan.",
      "confianza": 0.662
    },
    {
      "hablante": "Hablante A",
      "inicio": 290.61,
      "fin": 301.1,
      "duracion": 10.49,
      "texto": "Te voy a enviar entonces ahí mismo la sucursal donde vas a ir a retirar el chip.",
      "confianza": 0.65
    },
    {
      "hablante": "Hablante A",
      "inicio": 301.12,
      "fin": 312.3,
      "duracion": 11.18,
      "texto": "Ahí estamos.",
      "confianza": 0.21
    },
    {
      "hablante": "Hablante A",
      "inicio": 312.32,
      "fin": 313.0,
      "duracion": 0.68,
      "texto": "Ahí te llegaron.",
      "confianza": 0.198
    },
    {
      "hablante": "Hablante A",
      "inicio": 313.02,
      "fin": 314.18,
      "duracion": 1.16,
      "texto": "¿Por qué te llegaban?",
      "confianza": 0.217
    },
    {
      "hablante": "Hablante B",
      "inicio": 316.72,
      "fin": 317.69,
      "duracion": 0.96,
      "texto": "Vale.",
      "confianza": 0.503
    },
    {
      "hablante": "Hablante B",
      "inicio": 317.71,
      "fin": 319.53,
      "duracion": 1.82,
      "texto": "Te consulto el mail.",
      "confianza": 0.702
    },
    {
      "hablante": "Hablante B",
      "inicio": 320.59,
      "fin": 322.03,
      "duracion": 1.44,
      "texto": "Ese mismo que llevamos acá.",
      "confianza": 0.441
    },
    {
      "hablante": "Hablante B",
      "inicio": 322.27,
      "fin": 323.19,
      "duracion": 0.92,
      "texto": "Ah, perdón.",
      "confianza": 0.557
    },
    {
      "hablante": "Hablante B",
      "inicio": 323.21,
      "fin": 324.42,
      "duracion": 1.2,
      "texto": "No, entonces no es.",
      "confianza": 0.592
    },
    {
      "hablante": "Hablante B",
      "inicio": 324.44,
      "fin": 330.49,
      "duracion": 6.05,
      "texto": "O sí, mloverso, arrobar.",
      "confianza": 0.682
    },
    {
      "hablante": "Hablante B",
      "inicio": 330.51,
      "fin": 330.77,
      "duracion": 0.26,
      "texto": "Panelapp.com.",
      "confianza": 0.013
    },
    {
      "hablante": "Hablante B",
      "inicio": 330.79,
      "fin": 331.07,
      "duracion": 0.28,
      "texto": "Sí, punto com.",
      "confianza": 0.022
    },
    {
      "hablante": "Hablante B",
      "inicio": 331.09,
      "fin": 332.55,
      "duracion": 1.46,
      "texto": "No es punto ar.",
      "confianza": 0.286
    },
    {
      "hablante": "Hablante B",
      "inicio": 332.57,
      "fin": 334.19,
      "duracion": 1.62,
      "texto": "Sí, no es punto com, punto ar.",
      "confianza": 0.484
    },
    {
      "hablante": "Hablante B",
      "inicio": 334.21,
      "fin": 334.39,
      "duracion": 0.18,
      "texto": "Perfecto.",
      "confianza": 0.088
    },
    {
      "hablante": "Hablante B",
      "inicio": 334.41,
      "fin": 337.18,
      "duracion": 2.76,
      "texto": "Entonces, mantenemos el mismo entonces, ¿sí?",
      "confianza": 0.671
    },
    {
      "hablante": "Hablante B",
      "inicio": 337.2,
      "fin": 337.38,
      "duracion": 0.18,
      "texto": "Sí.",
      "confianza": 0.425
    },
    {
      "hablante": "Hablante B",
      "inicio": 337.46,
      "fin": 338.58,
      "duracion": 1.12,
      "texto": "Perfecto.",
      "confianza": 0.776
    },
    {
      "hablante": "Hablante A",
      "inicio": 340.47,
      "fin": 351.2,
      "duracion": 10.73,
      "texto": "Bien, por otro lado, sí, ahora lo que te voy a enviar, que va a llegar por un SMS común con el remitente 223, es el código de portabilidad, ¿bien?",
      "confianza": 0.752
    },
    {
      "hablante": "Hablante A",
      "inicio": 351.22,
      "fin": 356.3,
      "duracion": 5.08,
      "texto": "Es que le avista claro de que vos te vas a cambiar de compañía, pero para que no pierdas tu número, ¿sí?",
      "confianza": 0.621
    },
    {
      "hablante": "Hablante A",
      "inicio": 356.93,
      "fin": 367.12,
      "duracion": 10.19,
      "texto": "Aguardame un segundo, quizás te lo mando.",
      "confianza": 0.665
    },
    {
      "hablante": "Hablante B",
      "inicio": 374.94,
      "fin": 388.45,
      "duracion": 13.51,
      "texto": "En el caso de que tengas más de una línea para pasar a movistar, vamos a tener cuatro días de regalo extra por tiempo indeterminado para cada una de las líneas.",
      "confianza": 0.812
    },
    {
      "hablante": "Hablante A",
      "inicio": 390.18,
      "fin": 391.32,
      "duracion": 1.14,
      "texto": "Ahora te hago otra pregunta.",
      "confianza": 0.702
    },
    {
      "hablante": "Hablante A",
      "inicio": 391.36,
      "fin": 394.7,
      "duracion": 3.34,
      "texto": "Este plan, ¿por cuánto tiempo es ahora esta promoción?",
      "confianza": 0.773
    },
    {
      "hablante": "Hablante A",
      "inicio": 395.28,
      "fin": 398.72,
      "duracion": 3.44,
      "texto": "Esto es, vamos a tener un descuento fijo por seis meses.",
      "confianza": 0.724
    },
    {
      "hablante": "Hablante A",
      "inicio": 398.88,
      "fin": 403.99,
      "duracion": 5.1,
      "texto": "Como te dije, 30 días antes, quédate tranquila que se te va a notificar.",
      "confianza": 0.64
    },
    {
      "hablante": "Hablante A",
      "inicio": 404.22,
      "fin": 406.52,
      "duracion": 2.3,
      "texto": "No me cortes.",
      "confianza": 0.591
    },
    {
      "hablante": "Hablante A",
      "inicio": 406.64,
      "fin": 430.74,
      "duracion": 24.09,
      "texto": "Espera un minutito.",
      "confianza": 0.615
    },
    {
      "hablante": "Hablante B",
      "inicio": 434.73,
      "fin": 444.12,
      "duracion": 9.39,
      "texto": "El remitente 223.",
      "confianza": 0.815
    },
    {
      "hablante": "Hablante A",
      "inicio": 466.29,
      "fin": 480.52,
      "duracion": 14.23,
      "texto": "Hola.",
      "confianza": 0.515
    },
    {
      "hablante": "Hablante A",
      "inicio": 480.54,
      "fin": 481.58,
      "duracion": 1.04,
      "texto": "Sí, sí me llegó.",
      "confianza": 0.409
    },
    {
      "hablante": "Hablante A",
      "inicio": 481.6,
      "fin": 485.93,
      "duracion": 4.32,
      "texto": "Bien, te dije, tu código de portabilidad es tanto, convencimiento tanto, ¿sí?",
      "confianza": 0.585
    },
    {
      "hablante": "Hablante A",
      "inicio": 485.94,
      "fin": 486.87,
      "duracion": 0.92,
      "texto": "Perfecto.",
      "confianza": 0.286
    },
    {
      "hablante": "Hablante A",
      "inicio": 486.88,
      "fin": 491.17,
      "duracion": 4.28,
      "texto": "Bien, Angelica, te pido que ese mensaje lo copies y me lo mandes al WhatsApp, por favor.",
      "confianza": 0.705
    },
    {
      "hablante": "Hablante B",
      "inicio": 493.89,
      "fin": 494.25,
      "duracion": 0.36,
      "texto": "Bueno.",
      "confianza": 0.872
    },
    {
      "hablante": "Hablante B",
      "inicio": 494.62,
      "fin": 500.73,
      "duracion": 6.11,
      "texto": "Y lo último, decime cómo es, él te dice, el código por debilidad es... No te entiendo, ¿cómo?",
      "confianza": 0.646
    },
    {
      "hablante": "Hablante B",
      "inicio": 501.09,
      "fin": 505.27,
      "duracion": 4.19,
      "texto": "Me lo decís, por favor, mientras se lo voy cargando, ya no hay problema de la captura.",
      "confianza": 0.503
    },
    {
      "hablante": "Hablante B",
      "inicio": 505.3,
      "fin": 506.12,
      "duracion": 0.82,
      "texto": "Espera.",
      "confianza": 0.572
    },
    {
      "hablante": "Hablante B",
      "inicio": 506.14,
      "fin": 506.38,
      "duracion": 0.24,
      "texto": "Sí, sí.",
      "confianza": 0.414
    },
    {
      "hablante": "Hablante A",
      "inicio": 514.49,
      "fin": 515.45,
      "duracion": 0.96,
      "texto": "2452.",
      "confianza": 0.822
    },
    {
      "hablante": "Hablante B",
      "inicio": 517.13,
      "fin": 518.91,
      "duracion": 1.78,
      "texto": "Perfecto, con menchimiento del 27, ¿sí?",
      "confianza": 0.729
    },
    {
      "hablante": "Hablante B",
      "inicio": 519.21,
      "fin": 519.63,
      "duracion": 0.42,
      "texto": "Sí.",
      "confianza": 0.516
    },
    {
      "hablante": "Hablante B",
      "inicio": 519.65,
      "fin": 521.02,
      "duracion": 1.36,
      "texto": "Perfecto.",
      "confianza": 0.51
    },
    {
      "hablante": "Hablante B",
      "inicio": 521.25,
      "fin": 526.18,
      "duracion": 4.93,
      "texto": "Bien, entonces esto haces la captura de pantalla y enviámelo al WhatsApp, ¿sí?",
      "confianza": 0.635
    },
    {
      "hablante": "Hablante B",
      "inicio": 526.2,
      "fin": 526.32,
      "duracion": 0.12,
      "texto": "Bueno.",
      "confianza": 0.048
    },
    {
      "hablante": "Hablante B",
      "inicio": 526.34,
      "fin": 530.85,
      "duracion": 4.51,
      "texto": "Y lo último que voy a necesitar de vos va a ser una foto de Frontier Lord sobre tu DNA.",
      "confianza": 0.596
    },
    {
      "hablante": "Hablante B",
      "inicio": 531.28,
      "fin": 539.02,
      "duracion": 7.73,
      "texto": "Esto es simplemente para validar tu identidad angélica para que no cualquiera pueda aportar una línea a tu nombre sin que sea vos, ¿sí?",
      "confianza": 0.669
    },
    {
      "hablante": "Hablante B",
      "inicio": 539.04,
      "fin": 539.56,
      "duracion": 0.52,
      "texto": "Dale, ahora te lo paso.",
      "confianza": 0.138
    },
    {
      "hablante": "Hablante B",
      "inicio": 539.58,
      "fin": 543.97,
      "duracion": 4.39,
      "texto": "Si vos querés ponerme en altavoz mientras vas mandando eso, yo te voy a hacer el cierre comercial",
      "confianza": 0.557
    },
    {
      "hablante": "Hablante B",
      "inicio": 544.33,
      "fin": 548.54,
      "duracion": 4.21,
      "texto": "para la que quede en registro de esta llamada que estás contratando, ¿sí?",
      "confianza": 0.526
    },
    {
      "hablante": "Hablante B",
      "inicio": 548.56,
      "fin": 549.06,
      "duracion": 0.5,
      "texto": "Sí, está bien.",
      "confianza": 0.545
    },
    {
      "hablante": "Hablante B",
      "inicio": 549.08,
      "fin": 551.62,
      "duracion": 2.54,
      "texto": "Lo que pasa es que no tengo ahora acá el DNI, tengo que buscarlo.",
      "confianza": 0.513
    },
    {
      "hablante": "Hablante B",
      "inicio": 551.64,
      "fin": 553.99,
      "duracion": 2.34,
      "texto": "¿Te lo puedo mandar en dos minutos?",
      "confianza": 0.779
    },
    {
      "hablante": "Hablante B",
      "inicio": 554.45,
      "fin": 555.61,
      "duracion": 1.16,
      "texto": "No hay problema, no hay problema.",
      "confianza": 0.71
    },
    {
      "hablante": "Hablante B",
      "inicio": 555.63,
      "fin": 558.19,
      "duracion": 2.56,
      "texto": "Yo te voy a ir haciendo el cierre comercial para no quitarte más tiempo.",
      "confianza": 0.517
    },
    {
      "hablante": "Hablante B",
      "inicio": 559.36,
      "fin": 559.46,
      "duracion": 0.1,
      "texto": "Dale.",
      "confianza": 0.126
    },
    {
      "hablante": "Hablante B",
      "inicio": 559.48,
      "fin": 562.18,
      "duracion": 2.7,
      "texto": "Dale, Ángelica, entonces, para recibir futuras promociones.",
      "confianza": 0.749
    },
    {
      "hablante": "Hablante B",
      "inicio": 562.2,
      "fin": 564.84,
      "duracion": 2.64,
      "texto": "¿Usted tiene Internet Movistar actualmente en su homicidio?",
      "confianza": 0.653
    },
    {
      "hablante": "Hablante B",
      "inicio": 565.78,
      "fin": 567.61,
      "duracion": 1.82,
      "texto": "Sí, pero ya me dijeron que no llega ahí.",
      "confianza": 0.625
    },
    {
      "hablante": "Hablante B",
      "inicio": 567.63,
      "fin": 568.69,
      "duracion": 1.06,
      "texto": "Ah, bien, perfecto.",
      "confianza": 0.603
    },
    {
      "hablante": "Hablante B",
      "inicio": 569.0,
      "fin": 580.53,
      "duracion": 11.52,
      "texto": "Estamos portando la línea 11-5709-4450 a nombre de Lobarzo María Angélica, los tres últimos dígitos del QNI 132, ¿sí?",
      "confianza": 0.731
    },
    {
      "hablante": "Hablante B",
      "inicio": 580.55,
      "fin": 583.11,
      "duracion": 2.56,
      "texto": "Sí, exacto.",
      "confianza": 0.334
    },
    {
      "hablante": "Hablante B",
      "inicio": 583.13,
      "fin": 583.33,
      "duracion": 0.2,
      "texto": "Perfecto.",
      "confianza": 0.123
    },
    {
      "hablante": "Hablante B",
      "inicio": 583.35,
      "fin": 585.08,
      "duracion": 1.72,
      "texto": "Angélica, ¿tu compañía actual es claro?",
      "confianza": 0.783
    },
    {
      "hablante": "Hablante B",
      "inicio": 585.1,
      "fin": 585.76,
      "duracion": 0.66,
      "texto": "¿Bien?",
      "confianza": 0.843
    },
    {
      "hablante": "Hablante B",
      "inicio": 586.36,
      "fin": 586.42,
      "duracion": 0.06,
      "texto": "Sí.",
      "confianza": 0.109
    },
    {
      "hablante": "Hablante B",
      "inicio": 586.44,
      "fin": 590.62,
      "duracion": 4.19,
      "texto": "Me comentaste que contas con factura mensual, la factura está a nombre tuyo, ¿sí?",
      "confianza": 0.655
    },
    {
      "hablante": "Hablante B",
      "inicio": 591.15,
      "fin": 591.23,
      "duracion": 0.08,
      "texto": "Sí.",
      "confianza": 0.343
    },
    {
      "hablante": "Hablante B",
      "inicio": 591.25,
      "fin": 591.59,
      "duracion": 0.34,
      "texto": "Bien.",
      "confianza": 0.65
    },
    {
      "hablante": "Hablante B",
      "inicio": 592.09,
      "fin": 601.42,
      "duracion": 9.33,
      "texto": "Tienes lo que es un chip físico, bien, lo vas a ir a retirar a la sucursal de Avenida Cabildo, 2939, de Crabba, provincia de Buenos Aires.",
      "confianza": 0.713
    },
    {
      "hablante": "Hablante B",
      "inicio": 601.44,
      "fin": 604.99,
      "duracion": 3.54,
      "texto": "¿Y a partir de cuándo puedo retirarlo?",
      "confianza": 0.801
    },
    {
      "hablante": "Hablante B",
      "inicio": 605.45,
      "fin": 614.18,
      "duracion": 8.73,
      "texto": "Más o menos en 48 o 72 horas a la vida se va a llegar un mensaje, sí, por guarda de hotel de que ya está, para que lo retires, para que no te vayas y no estés.",
      "confianza": 0.59
    },
    {
      "hablante": "Hablante B",
      "inicio": 614.2,
      "fin": 614.52,
      "duracion": 0.32,
      "texto": "Perfecto.",
      "confianza": 0.258
    },
    {
      "hablante": "Hablante B",
      "inicio": 615.36,
      "fin": 616.42,
      "duracion": 1.06,
      "texto": "Perfecto.",
      "confianza": 0.399
    },
    {
      "hablante": "Hablante B",
      "inicio": 616.44,
      "fin": 617.52,
      "duracion": 1.08,
      "texto": "Continuamos entonces.",
      "confianza": 0.885
    },
    {
      "hablante": "Hablante B",
      "inicio": 617.64,
      "fin": 624.91,
      "duracion": 7.27,
      "texto": "Te recuerdo que el costo del servicio al día de hoy es de 8.000 pesos con un descuento fijo por 6 meses de 44.050.",
      "confianza": 0.769
    },
    {
      "hablante": "Hablante B",
      "inicio": 624.95,
      "fin": 637.37,
      "duracion": 12.42,
      "texto": "Este plan te incluye 8 gigas de base más 10 de regalo por 6 meses, WhatsApp gratis, llamadas libres a todas las compañías, América Precio Local y roaming en América Incluido.",
      "confianza": 0.805
    },
    {
      "hablante": "Hablante B",
      "inicio": 638.06,
      "fin": 651.73,
      "duracion": 13.67,
      "texto": "Te recuerdo que el servicio se factura mes adelantado, los 10 gigas de regalo se van a habilitar a la cuenta 48 horas después de activar la línea.",
      "confianza": 0.632
    }
  ],
  "transcripcion_completa": "¿Hola? Sí. ¿Cómo estás? Buenos días. Hablo con Angélica. Sí, habla ella. ¿Cómo estás? Agustín es mi nombre. Me estoy comunicando la día del recupero de clientes Movistar. Sí. Angélica, nos figura en el sistema que vos actualmente estás en claro, ¿sí? Exacto. Bien. Te consulto el motivo por el que te fuiste de Movistar, por favor. Sí, yo había pedido bajar un poco el plan y en ese momento me dijeron que no, que no se podía bajar el plan. Y después, que me casbíe, ahí empezaron a llamarme y a pedir. Realmente, yo, donde vivo, la mejor señora que tengo es la de Movistar. No la declaro. Pero realmente, la diferencia era muy importante en este momento. Claro, entiendo. Bien, bueno, primero que nada, pedirse disculpas por lo que te pasó anteriormente con respecto al plan y a la promoción que solicitaste. Por otro lado, darte la tranquilidad que eso no te va a suceder nuevamente. porque te voy a avisar 30 días antes de que vas a ver un incremento en la factura que te va a notificar si a través de la app de Movistar. Bien, ahora avisamos 30 días antes para que vos puedas pedir nuevos descuentos o promociones. Lo pedís desde la app o si no te comunicas conmigo, que yo voy a ser tu asesora a partir de ahora, en el caso de que vuelvas antes de que con nosotros. Y si no te puedo, si no, así te derivo a los canales oficiales donde vas a tener una respuesta inmediata, ¿bien? Y pedís... que tenemos en vigencia. Por otro lado, contarte si que tenemos promociones realmente muy buenas e inclusivas para aquellos clientes que han sido parte de la compañía. Angélica, tengo lo que es un plan de 8 siglas de base, más 10 de regalo, van a ser 18 siglas en total. WhatsApp es la más libre a todas las compañías, inclusive los 0800 y los 0810, por un precio final de 8 mil pesos. Y yo estoy en condiciones ahora de cambiar de plan. ¿Puedo hacerlo? Sí. O sea, pasas. ¿Y eso cuánto tiempo me tardaría más o menos en hacer el cambio? Bien, es así. Entre 48 y 72 horas hábiles, te va a estar llegando el chip a la sucursal más cerquita del domicilio. Lo hacemos de esta manera porque es el tiempo más rápido para que vos te encuentres con el chip. Si no, por ahí correo demora un poco más porque ya no depende de nosotros. Y está bien, pero tiene que ser la dirección de mi domicilio de mi casa o puede ser la laboral. No, puede ser la laboral, sí. Sí, lo mejor es que te quede a vos retirarlo. Está bien, está bien. Lo vas a retirar en 48, 72 horas hábiles, sí, y más o menos en 48 horas después de que tengas el chip va a portar la línea. Sí, claro, dejará funcionar. Bien, ahí lo único que haces es simplemente cambiar los chips, nada más. También, yo el tema es porque este celular también lo uso para mi trabajo. O sea, necesito no quedarme sin línea de teléfono. No, no, en este caso quédate tranquilo, por eso la idea es esa, que lo retires en la sucursal en 48, 72 horas hábiles, entonces cuando claro deja de funcionar, vos ya vas a tener el chip Movistar con vos. Sí. Bueno. Está bien. ¿Y el trámite lo hacen ustedes directo? Exactamente. Exactamente. El trámite es súper sencillo, simplemente. Ahora te verifico los datos que tenemos ingresados en el sistema. Y te enviamos lo que es el chip. Lo que es la portabilidad en sí, directamente se encarga de mostrar. Está bien. No hace falta que vos hagas nada. Bien, ahora te consulto. ¿Vos estás en Caba o en provincia? La dirección laboral. Claro. No, laboral es el CAVA, es en Belgrano. Bien, dame un segundo. Aguántame. Bien, en Belgrano tengo en Cabrilo 2939. ¿Se te queda cómodo para ir a retirarlo? Sí, sí, sí. Perfecto. Bien, yo te voy a enviar ahora un mensajito de WhatsApp para que vos tengas mi número. Bien. Espérame. Entonces, cualquier duda o consulta que vos tengas, directamente me hablas a mí. Bien. Vamos a ver si hay una. Bien. No sé, ahí está. Ahí está. Ahí te envío el WhatsApp. Confírmame si te llevan. Te voy a enviar entonces ahí mismo la sucursal donde vas a ir a retirar el chip. Ahí estamos. Ahí te llegaron. ¿Por qué te llegaban? Vale. Te consulto el mail. Ese mismo que llevamos acá. Ah, perdón. No, entonces no es. O sí, mloverso, arrobar. Panelapp.com. Sí, punto com. No es punto ar. Sí, no es punto com, punto ar. Perfecto. Entonces, mantenemos el mismo entonces, ¿sí? Sí. Perfecto. Bien, por otro lado, sí, ahora lo que te voy a enviar, que va a llegar por un SMS común con el remitente 223, es el código de portabilidad, ¿bien? Es que le avista claro de que vos te vas a cambiar de compañía, pero para que no pierdas tu número, ¿sí? Aguardame un segundo, quizás te lo mando. En el caso de que tengas más de una línea para pasar a movistar, vamos a tener cuatro días de regalo extra por tiempo indeterminado para cada una de las líneas. Ahora te hago otra pregunta. Este plan, ¿por cuánto tiempo es ahora esta promoción? Esto es, vamos a tener un descuento fijo por seis meses. Como te dije, 30 días antes, quédate tranquila que se te va a notificar. No me cortes. Espera un minutito. El remitente 223. Hola. Sí, sí me llegó. Bien, te dije, tu código de portabilidad es tanto, convencimiento tanto, ¿sí? Perfecto. Bien, Angelica, te pido que ese mensaje lo copies y me lo mandes al WhatsApp, por favor. Bueno. Y lo último, decime cómo es, él te dice, el código por debilidad es... No te entiendo, ¿cómo? Me lo decís, por favor, mientras se lo voy cargando, ya no hay problema de la captura. Espera. Sí, sí. 2452. Perfecto, con menchimiento del 27, ¿sí? Sí. Perfecto. Bien, entonces esto haces la captura de pantalla y enviámelo al WhatsApp, ¿sí? Bueno. Y lo último que voy a necesitar de vos va a ser una foto de Frontier Lord sobre tu DNA. Esto es simplemente para validar tu identidad angélica para que no cualquiera pueda aportar una línea a tu nombre sin que sea vos, ¿sí? Dale, ahora te lo paso. Si vos querés ponerme en altavoz mientras vas mandando eso, yo te voy a hacer el cierre comercial para la que quede en registro de esta llamada que estás contratando, ¿sí? Sí, está bien. Lo que pasa es que no tengo ahora acá el DNI, tengo que buscarlo. ¿Te lo puedo mandar en dos minutos? No hay problema, no hay problema. Yo te voy a ir haciendo el cierre comercial para no quitarte más tiempo. Dale. Dale, Ángelica, entonces, para recibir futuras promociones. ¿Usted tiene Internet Movistar actualmente en su homicidio? Sí, pero ya me dijeron que no llega ahí. Ah, bien, perfecto. Estamos portando la línea 11-5709-4450 a nombre de Lobarzo María Angélica, los tres últimos dígitos del QNI 132, ¿sí? Sí, exacto. Perfecto. Angélica, ¿tu compañía actual es claro? ¿Bien? Sí. Me comentaste que contas con factura mensual, la factura está a nombre tuyo, ¿sí? Sí. Bien. Tienes lo que es un chip físico, bien, lo vas a ir a retirar a la sucursal de Avenida Cabildo, 2939, de Crabba, provincia de Buenos Aires. ¿Y a partir de cuándo puedo retirarlo? Más o menos en 48 o 72 horas a la vida se va a llegar un mensaje, sí, por guarda de hotel de que ya está, para que lo retires, para que no te vayas y no estés. Perfecto. Perfecto. Continuamos entonces. Te recuerdo que el costo del servicio al día de hoy es de 8.000 pesos con un descuento fijo por 6 meses de 44.050. Este plan te incluye 8 gigas de base más 10 de regalo por 6 meses, WhatsApp gratis, llamadas libres a todas las compañías, América Precio Local y roaming en América Incluido. Te recuerdo que el servicio se factura mes adelantado, los 10 gigas de regalo se van a habilitar a la cuenta 48 horas después de activar la línea.",
  "calidad": {
    "confianza_promedio": 0.555,
    "metodo_diarizacion": "pausas_fallback",
    "tiempo_procesamiento": 17.5
  },
  "metadata": {
    "modelo": "whisperx_medium",
    "diarizacion": "pausas",
    "dispositivo": "cuda",
    "fecha": "2026-01-25T18:20:27.812485",
    "version": "5.0_ecapa"
  }
}