{
  "archivo": "amza21_1_260124121127554_MIT_01998.wav",
  "duracion_segundos": 511.08,
  "num_segmentos": 135,
  "num_hablantes": 2,
  "hablantes": [
    "Hablante A",
    "Hablante B"
  ],
  "tiempo_por_hablante": {
    "Hablante B": 199.44,
    "Hablante A": 222.57
  },
  "idioma": "es",
  "conversacion": [
    {
      "hablante": "Hablante B",
      "inicio": 25.33,
      "fin": 25.53,
      "duracion": 0.2,
      "texto": "Hola.",
      "confianza": 0.489
    },
    {
      "hablante": "Hablante B",
      "inicio": 26.35,
      "fin": 27.49,
      "duracion": 1.14,
      "texto": "Hola, Ivana, ¿cómo estás?",
      "confianza": 0.38
    },
    {
      "hablante": "Hablante B",
      "inicio": 27.51,
      "fin": 32.17,
      "duracion": 4.66,
      "texto": "Soy Celeste.",
      "confianza": 0.272
    },
    {
      "hablante": "Hablante B",
      "inicio": 32.19,
      "fin": 32.49,
      "duracion": 0.3,
      "texto": "Hola, ¿qué tal?",
      "confianza": 0.003
    },
    {
      "hablante": "Hablante B",
      "inicio": 32.51,
      "fin": 32.91,
      "duracion": 0.4,
      "texto": "Bien.",
      "confianza": 0.221
    },
    {
      "hablante": "Hablante B",
      "inicio": 32.94,
      "fin": 45.03,
      "duracion": 12.09,
      "texto": "Mira, para hacer lo que es el cierre comercial, como te había dicho por WhatsApp, básicamente te van a repasar todos los datos y lo que serían las líneas que vas a pasar a la compañía y con la promoción que también vas a entrar a la compañía, ¿sí?",
      "confianza": 0.704
    },
    {
      "hablante": "Hablante B",
      "inicio": 46.51,
      "fin": 46.61,
      "duracion": 0.1,
      "texto": "Dale.",
      "confianza": 0.05
    },
    {
      "hablante": "Hablante B",
      "inicio": 46.63,
      "fin": 47.39,
      "duracion": 0.76,
      "texto": "Bien.",
      "confianza": 0.653
    },
    {
      "hablante": "Hablante B",
      "inicio": 47.41,
      "fin": 55.2,
      "duracion": 7.79,
      "texto": "Antes de comenzar el cierre comercial, para que cada línea pase manteniendo el mismo número de la compañía, yo tengo que enviarte lo que es un mensaje del portavillera.",
      "confianza": 0.823
    },
    {
      "hablante": "Hablante B",
      "inicio": 55.43,
      "fin": 66.83,
      "duracion": 11.39,
      "texto": "que lo hago a tu línea, por lo que sos la titular, no hace falta que lo haga con las otras líneas, te llega por mensaje de texto, este mensaje de portabilidad, cuando te cambiaste de movistar hacia claro, también te lo enviaron.",
      "confianza": 0.761
    },
    {
      "hablante": "Hablante B",
      "inicio": 67.31,
      "fin": 69.01,
      "duracion": 1.7,
      "texto": "Bien, pero te llegó de parte de claro.",
      "confianza": 0.727
    },
    {
      "hablante": "Hablante B",
      "inicio": 69.41,
      "fin": 70.57,
      "duracion": 1.16,
      "texto": "Entonces, ¿qué te voy a pedir?",
      "confianza": 0.695
    },
    {
      "hablante": "Hablante B",
      "inicio": 70.71,
      "fin": 79.54,
      "duracion": 8.83,
      "texto": "Que me pongas en alta voz y me avises cuando lo recibas, en el caso de que no te llegue, me decís y lo volvemos a enviar, no hay ningún problema, ¿sí?",
      "confianza": 0.758
    },
    {
      "hablante": "Hablante B",
      "inicio": 79.56,
      "fin": 79.78,
      "duracion": 0.22,
      "texto": "Vale, dale.",
      "confianza": 0.028
    },
    {
      "hablante": "Hablante B",
      "inicio": 79.81,
      "fin": 83.65,
      "duracion": 3.84,
      "texto": "Y si te llegan a ingresar llamados y vanas de número privado o de números no agendados,",
      "confianza": 0.7
    },
    {
      "hablante": "Hablante B",
      "inicio": 83.92,
      "fin": 85.8,
      "duracion": 1.88,
      "texto": "Yo te pido por un ratito que no atienda.",
      "confianza": 0.832
    },
    {
      "hablante": "Hablante B",
      "inicio": 85.82,
      "fin": 93.95,
      "duracion": 8.13,
      "texto": "Somos nosotros, de parte de Movistar, estamos probando que la línea esté activa y no se se puede dar de baja en claro, ¿sí?",
      "confianza": 0.652
    },
    {
      "hablante": "Hablante B",
      "inicio": 93.97,
      "fin": 100.56,
      "duracion": 6.59,
      "texto": "Por falta de facturación, los clientes hay veces que quieren hacer el cambio y se terminan quedando sin línea entre medio de la portabilidad.",
      "confianza": 0.719
    },
    {
      "hablante": "Hablante B",
      "inicio": 100.58,
      "fin": 106.63,
      "duracion": 6.05,
      "texto": "Entonces, para evitar eso, hacemos esos llamados para verificar las líneas, ¿sí?",
      "confianza": 0.761
    },
    {
      "hablante": "Hablante B",
      "inicio": 106.65,
      "fin": 106.87,
      "duracion": 0.22,
      "texto": "Dale, dale.",
      "confianza": 0.0
    },
    {
      "hablante": "Hablante B",
      "inicio": 106.89,
      "fin": 106.99,
      "duracion": 0.1,
      "texto": "Bien.",
      "confianza": 0.046
    },
    {
      "hablante": "Hablante B",
      "inicio": 107.01,
      "fin": 108.57,
      "duracion": 1.56,
      "texto": "Dame un minutito y lo enviamos.",
      "confianza": 0.741
    },
    {
      "hablante": "Hablante B",
      "inicio": 109.31,
      "fin": 113.1,
      "duracion": 3.78,
      "texto": "Se va a llegar por mensaje de texto desde el remitente 223, ¿sí?",
      "confianza": 0.693
    },
    {
      "hablante": "Hablante B",
      "inicio": 113.7,
      "fin": 114.22,
      "duracion": 0.52,
      "texto": "Dale.",
      "confianza": 0.412
    },
    {
      "hablante": "Hablante B",
      "inicio": 115.32,
      "fin": 116.7,
      "duracion": 1.38,
      "texto": "Vos decime cuando te llegue.",
      "confianza": 0.82
    },
    {
      "hablante": "Hablante B",
      "inicio": 116.74,
      "fin": 118.51,
      "duracion": 1.76,
      "texto": "Yo te digo cuando lo envíen, ¿sí?",
      "confianza": 0.712
    },
    {
      "hablante": "Hablante B",
      "inicio": 118.53,
      "fin": 119.45,
      "duracion": 0.92,
      "texto": "Dame un segundito.",
      "confianza": 0.668
    },
    {
      "hablante": "Hablante A",
      "inicio": 122.59,
      "fin": 123.53,
      "duracion": 0.94,
      "texto": "Ha sido enviado.",
      "confianza": 0.638
    },
    {
      "hablante": "Hablante A",
      "inicio": 123.57,
      "fin": 129.84,
      "duracion": 6.27,
      "texto": "Más o menos tarda 5 o 6 segundos en ingresarte a vos.",
      "confianza": 0.706
    },
    {
      "hablante": "Hablante A",
      "inicio": 129.86,
      "fin": 129.96,
      "duracion": 0.1,
      "texto": "Dale.",
      "confianza": 0.069
    },
    {
      "hablante": "Hablante A",
      "inicio": 129.98,
      "fin": 131.04,
      "duracion": 1.06,
      "texto": "Dame cuando te llegue.",
      "confianza": 0.766
    },
    {
      "hablante": "Hablante B",
      "inicio": 138.67,
      "fin": 139.25,
      "duracion": 0.58,
      "texto": "No, todavía no me llega nada.",
      "confianza": 0.005
    },
    {
      "hablante": "Hablante B",
      "inicio": 139.27,
      "fin": 140.81,
      "duracion": 1.54,
      "texto": "Dame un segundo y lo volvemos a enviar.",
      "confianza": 0.725
    },
    {
      "hablante": "Hablante B",
      "inicio": 140.83,
      "fin": 142.83,
      "duracion": 2.0,
      "texto": "Voy a traer unos segunditos, ¿sí?",
      "confianza": 0.555
    },
    {
      "hablante": "Hablante A",
      "inicio": 146.66,
      "fin": 148.64,
      "duracion": 1.98,
      "texto": "Sí, ahí llego.",
      "confianza": 0.279
    },
    {
      "hablante": "Hablante A",
      "inicio": 148.66,
      "fin": 149.5,
      "duracion": 0.84,
      "texto": "Perfecto.",
      "confianza": 0.188
    },
    {
      "hablante": "Hablante A",
      "inicio": 149.52,
      "fin": 150.2,
      "duracion": 0.68,
      "texto": "Exactamente.",
      "confianza": 0.816
    },
    {
      "hablante": "Hablante A",
      "inicio": 150.28,
      "fin": 157.41,
      "duracion": 7.13,
      "texto": "Te daré fecha de vencimiento para el 2 de febrero, que es la fecha estimada, para que nosotros entreguemos lo que es el chip en la tienda de Movistar, ¿sí?",
      "confianza": 0.707
    },
    {
      "hablante": "Hablante A",
      "inicio": 158.17,
      "fin": 159.35,
      "duracion": 1.18,
      "texto": "Ah, vale.",
      "confianza": 0.582
    },
    {
      "hablante": "Hablante A",
      "inicio": 159.37,
      "fin": 163.34,
      "duracion": 3.97,
      "texto": "Le podéis sacar captura de pantalla al mensaje de texto y enviármelo por WhatsApp, por favor.",
      "confianza": 0.731
    },
    {
      "hablante": "Hablante B",
      "inicio": 166.36,
      "fin": 169.15,
      "duracion": 2.78,
      "texto": "Y mientras haces eso, voy haciendo lo que es el cierre comercial.",
      "confianza": 0.759
    },
    {
      "hablante": "Hablante B",
      "inicio": 169.33,
      "fin": 171.99,
      "duracion": 2.66,
      "texto": "Te voy a repasar todos los datos, ¿sí?",
      "confianza": 0.686
    },
    {
      "hablante": "Hablante B",
      "inicio": 172.29,
      "fin": 173.11,
      "duracion": 0.82,
      "texto": "¿Qué te voy a pedir?",
      "confianza": 0.519
    },
    {
      "hablante": "Hablante B",
      "inicio": 173.21,
      "fin": 176.72,
      "duracion": 3.5,
      "texto": "Que cualquier duda o consulta, me lo hablas al final del cierre, ¿sí?",
      "confianza": 0.762
    },
    {
      "hablante": "Hablante A",
      "inicio": 178.24,
      "fin": 178.52,
      "duracion": 0.28,
      "texto": "Vale.",
      "confianza": 0.816
    },
    {
      "hablante": "Hablante A",
      "inicio": 178.96,
      "fin": 179.14,
      "duracion": 0.18,
      "texto": "Bien.",
      "confianza": 0.822
    },
    {
      "hablante": "Hablante A",
      "inicio": 179.26,
      "fin": 181.6,
      "duracion": 2.34,
      "texto": "Y te voy a hacer ciertas preguntas que necesito que las respondas.",
      "confianza": 0.802
    },
    {
      "hablante": "Hablante A",
      "inicio": 181.68,
      "fin": 187.67,
      "duracion": 5.99,
      "texto": "Más que nada tienen que ver con lo que sería la titularidad de las líneas y lo que serían los chips, ¿sí?",
      "confianza": 0.765
    },
    {
      "hablante": "Hablante B",
      "inicio": 190.23,
      "fin": 190.53,
      "duracion": 0.3,
      "texto": "Bien.",
      "confianza": 0.793
    },
    {
      "hablante": "Hablante B",
      "inicio": 190.55,
      "fin": 196.56,
      "duracion": 6.01,
      "texto": "Para recibir futuras promociones, Ivana, ¿usted tiene contratado algún servicio de internet en casa?",
      "confianza": 0.676
    },
    {
      "hablante": "Hablante B",
      "inicio": 196.58,
      "fin": 197.58,
      "duracion": 1.0,
      "texto": "Sí.",
      "confianza": 0.51
    },
    {
      "hablante": "Hablante B",
      "inicio": 197.6,
      "fin": 197.82,
      "duracion": 0.22,
      "texto": "Bien.",
      "confianza": 0.742
    },
    {
      "hablante": "Hablante B",
      "inicio": 197.84,
      "fin": 199.42,
      "duracion": 1.58,
      "texto": "¿De Movistar tiene contratado?",
      "confianza": 0.83
    },
    {
      "hablante": "Hablante B",
      "inicio": 200.69,
      "fin": 201.07,
      "duracion": 0.38,
      "texto": "Sí, Movistar tengo.",
      "confianza": 0.065
    },
    {
      "hablante": "Hablante B",
      "inicio": 201.52,
      "fin": 202.04,
      "duracion": 0.52,
      "texto": "Bien.",
      "confianza": 0.724
    },
    {
      "hablante": "Hablante B",
      "inicio": 202.18,
      "fin": 204.54,
      "duracion": 2.36,
      "texto": "¿Ustedes saben el número de línea fija?",
      "confianza": 0.723
    },
    {
      "hablante": "Hablante B",
      "inicio": 204.56,
      "fin": 208.7,
      "duracion": 4.14,
      "texto": "¿O lo tiene la aplicación de Movistar?",
      "confianza": 0.705
    },
    {
      "hablante": "Hablante A",
      "inicio": 211.13,
      "fin": 214.37,
      "duracion": 3.24,
      "texto": "Creo que no, la aplicación no la tengo, la de Movistar.",
      "confianza": 0.687
    },
    {
      "hablante": "Hablante A",
      "inicio": 214.39,
      "fin": 215.35,
      "duracion": 0.96,
      "texto": "Bueno, mira, no hay problema.",
      "confianza": 0.44
    },
    {
      "hablante": "Hablante A",
      "inicio": 215.69,
      "fin": 221.5,
      "duracion": 5.81,
      "texto": "Yo voy a buscar en lo que sería el perfil suyo de clienta, lo que sería el número de línea fija.",
      "confianza": 0.785
    },
    {
      "hablante": "Hablante A",
      "inicio": 221.9,
      "fin": 229.7,
      "duracion": 7.81,
      "texto": "Si esa línea fija no tiene el descuento, nosotros hacemos un descuento por contratar lo que sería el servicio de internet en casa y la línea en celular.",
      "confianza": 0.684
    },
    {
      "hablante": "Hablante A",
      "inicio": 230.04,
      "fin": 234.42,
      "duracion": 4.39,
      "texto": "que es de 4.000 pesos, se hace en la factura de fibra óptica.",
      "confianza": 0.714
    },
    {
      "hablante": "Hablante A",
      "inicio": 234.97,
      "fin": 239.13,
      "duracion": 4.17,
      "texto": "Y se hace todos los meses siempre y cuando usted tenga su línea Movistar.",
      "confianza": 0.745
    },
    {
      "hablante": "Hablante A",
      "inicio": 239.61,
      "fin": 244.3,
      "duracion": 4.69,
      "texto": "Está bueno el descuento porque todos los meses va a pagar 4.000 pesos menos si es que no lo tiene aplicado.",
      "confianza": 0.705
    },
    {
      "hablante": "Hablante A",
      "inicio": 244.82,
      "fin": 249.87,
      "duracion": 5.05,
      "texto": "¿Está su nombre la fibra óptica?",
      "confianza": 0.764
    },
    {
      "hablante": "Hablante A",
      "inicio": 249.89,
      "fin": 250.87,
      "duracion": 0.98,
      "texto": "Creo que sí.",
      "confianza": 0.738
    },
    {
      "hablante": "Hablante A",
      "inicio": 252.05,
      "fin": 256.3,
      "duracion": 4.25,
      "texto": "Si está su nombre el descuento se va a poder aplicar, si no está su nombre no porque las líneas",
      "confianza": 0.68
    },
    {
      "hablante": "Hablante A",
      "inicio": 256.5,
      "fin": 261.98,
      "duracion": 5.49,
      "texto": "como están a su nombre tiene que ser como la misma titularía, ¿bien?",
      "confianza": 0.723
    },
    {
      "hablante": "Hablante A",
      "inicio": 262.0,
      "fin": 262.22,
      "duracion": 0.22,
      "texto": "Sí, sí, sí.",
      "confianza": 0.007
    },
    {
      "hablante": "Hablante A",
      "inicio": 262.24,
      "fin": 264.02,
      "duracion": 1.78,
      "texto": "Entonces, puede que lo tenga el descuento y puede que no.",
      "confianza": 0.538
    },
    {
      "hablante": "Hablante A",
      "inicio": 264.04,
      "fin": 269.53,
      "duracion": 5.49,
      "texto": "Si no lo tiene aplicado, lo va a tener y si ya lo tiene aplicado, obviamente no va a tener el descuento, ¿sí?",
      "confianza": 0.656
    },
    {
      "hablante": "Hablante B",
      "inicio": 271.27,
      "fin": 271.99,
      "duracion": 0.72,
      "texto": "Perfecto.",
      "confianza": 0.685
    },
    {
      "hablante": "Hablante B",
      "inicio": 272.03,
      "fin": 276.72,
      "duracion": 4.69,
      "texto": "Vamos a pasar entonces a la compañía, la primer línea número 11 57 54 18 20, ¿sí?",
      "confianza": 0.752
    },
    {
      "hablante": "Hablante B",
      "inicio": 276.82,
      "fin": 283.38,
      "duracion": 6.57,
      "texto": "La segunda línea número 11 51 77 49 20,",
      "confianza": 0.693
    },
    {
      "hablante": "Hablante B",
      "inicio": 283.65,
      "fin": 287.27,
      "duracion": 3.63,
      "texto": "Y la tercera línea número 11-60-07-98-13, ¿sí?",
      "confianza": 0.764
    },
    {
      "hablante": "Hablante A",
      "inicio": 289.34,
      "fin": 296.25,
      "duracion": 6.91,
      "texto": "Dijimos que actualmente las tres líneas están en nombre de Ivana Mariela Prubiller.",
      "confianza": 0.735
    },
    {
      "hablante": "Hablante A",
      "inicio": 296.27,
      "fin": 300.58,
      "duracion": 4.31,
      "texto": "Confírmeme los últimos tres dígitos de su DNI, por favor, Ivana.",
      "confianza": 0.774
    },
    {
      "hablante": "Hablante A",
      "inicio": 300.6,
      "fin": 301.42,
      "duracion": 0.82,
      "texto": "7-58.",
      "confianza": 0.747
    },
    {
      "hablante": "Hablante A",
      "inicio": 302.2,
      "fin": 302.72,
      "duracion": 0.52,
      "texto": "Perfecto.",
      "confianza": 0.933
    },
    {
      "hablante": "Hablante A",
      "inicio": 303.12,
      "fin": 306.51,
      "duracion": 3.39,
      "texto": "Por las tres líneas, ¿usted recibió una factura de declaro a su nombre?",
      "confianza": 0.766
    },
    {
      "hablante": "Hablante A",
      "inicio": 306.53,
      "fin": 307.97,
      "duracion": 1.44,
      "texto": "Sí.",
      "confianza": 0.508
    },
    {
      "hablante": "Hablante A",
      "inicio": 308.27,
      "fin": 309.79,
      "duracion": 1.52,
      "texto": "¿O hay alguna que le haga recarga?",
      "confianza": 0.693
    },
    {
      "hablante": "Hablante A",
      "inicio": 311.19,
      "fin": 312.73,
      "duracion": 1.54,
      "texto": "No, no, no.",
      "confianza": 0.553
    },
    {
      "hablante": "Hablante A",
      "inicio": 312.83,
      "fin": 315.31,
      "duracion": 2.48,
      "texto": "Tengo estas tres mías.",
      "confianza": 0.784
    },
    {
      "hablante": "Hablante A",
      "inicio": 315.33,
      "fin": 316.59,
      "duracion": 1.26,
      "texto": "Bien.",
      "confianza": 0.665
    },
    {
      "hablante": "Hablante A",
      "inicio": 316.61,
      "fin": 320.4,
      "duracion": 3.78,
      "texto": "Ustedes pagan un monto por las tres líneas, ¿cierto?",
      "confianza": 0.87
    },
    {
      "hablante": "Hablante A",
      "inicio": 320.42,
      "fin": 320.48,
      "duracion": 0.06,
      "texto": "Sí.",
      "confianza": 0.074
    },
    {
      "hablante": "Hablante A",
      "inicio": 320.5,
      "fin": 320.76,
      "duracion": 0.26,
      "texto": "Bien.",
      "confianza": 0.79
    },
    {
      "hablante": "Hablante A",
      "inicio": 320.78,
      "fin": 322.7,
      "duracion": 1.92,
      "texto": "Eso significa que cuentan con una factura bono.",
      "confianza": 0.812
    },
    {
      "hablante": "Hablante A",
      "inicio": 323.12,
      "fin": 323.28,
      "duracion": 0.16,
      "texto": "Bien.",
      "confianza": 0.831
    },
    {
      "hablante": "Hablante A",
      "inicio": 323.56,
      "fin": 327.29,
      "duracion": 3.72,
      "texto": "Lo que son los chips, ¿lo colocan dentro del celular o los escanean por QR?",
      "confianza": 0.757
    },
    {
      "hablante": "Hablante A",
      "inicio": 328.39,
      "fin": 331.19,
      "duracion": 2.8,
      "texto": "No, los coloco dentro del celular.",
      "confianza": 0.782
    },
    {
      "hablante": "Hablante A",
      "inicio": 331.21,
      "fin": 331.37,
      "duracion": 0.16,
      "texto": "Bien.",
      "confianza": 0.597
    },
    {
      "hablante": "Hablante A",
      "inicio": 331.39,
      "fin": 332.47,
      "duracion": 1.08,
      "texto": "Es decir que son físicos.",
      "confianza": 0.83
    },
    {
      "hablante": "Hablante A",
      "inicio": 332.59,
      "fin": 333.05,
      "duracion": 0.46,
      "texto": "Perfecto.",
      "confianza": 0.92
    },
    {
      "hablante": "Hablante A",
      "inicio": 333.43,
      "fin": 339.68,
      "duracion": 6.25,
      "texto": "Va a recibir entonces lo que es el chip en lo que sería la provincia de Buenos Aires, la localidad de Los Polvorines,",
      "confianza": 0.744
    },
    {
      "hablante": "Hablante A",
      "inicio": 339.96,
      "fin": 343.76,
      "duracion": 3.8,
      "texto": "En la tienda de Movistar de La Calla, Avenida Presidente Juan Domingo Aplón 3309.",
      "confianza": 0.622
    },
    {
      "hablante": "Hablante A",
      "inicio": 343.99,
      "fin": 352.99,
      "duracion": 9.01,
      "texto": "Recuerde que la sucursal abre el lunes a sábado de 9 y media a 1 y media y de 4 a 8 de la tarde, si hacer el entrecortado.",
      "confianza": 0.671
    },
    {
      "hablante": "Hablante A",
      "inicio": 353.73,
      "fin": 357.52,
      "duracion": 3.78,
      "texto": "Se le va a avisar con un día de anticipación para que pueda retirar el chip por la sucursal.",
      "confianza": 0.703
    },
    {
      "hablante": "Hablante A",
      "inicio": 358.5,
      "fin": 363.22,
      "duracion": 4.72,
      "texto": "Le recuerdo el costo del servicio al día de hoy, es de 8 mil pesos por cada una de las líneas.",
      "confianza": 0.72
    },
    {
      "hablante": "Hablante A",
      "inicio": 363.64,
      "fin": 369.85,
      "duracion": 6.21,
      "texto": "Va a tener lo que es un plan con 8 gigas mensuales, 10 gigas de regalo durante seis meses.",
      "confianza": 0.717
    },
    {
      "hablante": "Hablante A",
      "inicio": 370.08,
      "fin": 380.2,
      "duracion": 10.11,
      "texto": "Sí, y también incluye lo que es el plan WhatsApp Gratis Hablar Libre a Cualquier Compañía, un gigabyte de regalo para el juego Free Five, América Precio Local y Rumina en América.",
      "confianza": 0.739
    },
    {
      "hablante": "Hablante A",
      "inicio": 380.94,
      "fin": 384.99,
      "duracion": 4.05,
      "texto": "Incluye lo que es un descuento por seis meses de 44.050 pesos.",
      "confianza": 0.582
    },
    {
      "hablante": "Hablante A",
      "inicio": 385.47,
      "fin": 390.95,
      "duracion": 5.49,
      "texto": "Recuerde que las ligas de regalo se pueden habilitar hasta 48 horas después de activar la línea.",
      "confianza": 0.782
    },
    {
      "hablante": "Hablante A",
      "inicio": 392.28,
      "fin": 399.03,
      "duracion": 6.75,
      "texto": "El mes que me proporcionó para hacer lo que es el envío de facturación, dijimos que es ivanacruvier.com",
      "confianza": 0.713
    },
    {
      "hablante": "Hablante A",
      "inicio": 399.26,
      "fin": 402.42,
      "duracion": 3.16,
      "texto": "En ese mail va a estar recibiendo toda la facturación de manera online.",
      "confianza": 0.727
    },
    {
      "hablante": "Hablante A",
      "inicio": 403.16,
      "fin": 407.03,
      "duracion": 3.86,
      "texto": "Y también puede ingresar a la aplicación MiMovistar, la descarga en su celular.",
      "confianza": 0.829
    },
    {
      "hablante": "Hablante A",
      "inicio": 407.49,
      "fin": 414.84,
      "duracion": 7.35,
      "texto": "Y cuando ingresa a la sección de servicios, va a haber toda la información referida a su factura, ciclo de facturación, vencimiento y montos a pagar.",
      "confianza": 0.657
    },
    {
      "hablante": "Hablante A",
      "inicio": 414.86,
      "fin": 420.78,
      "duracion": 5.93,
      "texto": "También desde la aplicación está bueno que la puedas descargar porque vas a tener 20 días de regalo durante un mes.",
      "confianza": 0.705
    },
    {
      "hablante": "Hablante A",
      "inicio": 421.34,
      "fin": 424.35,
      "duracion": 3.0,
      "texto": "Sí, que eso lo tenés disponible una vez al año cada una de las líneas.",
      "confianza": 0.667
    },
    {
      "hablante": "Hablante A",
      "inicio": 424.71,
      "fin": 425.01,
      "duracion": 0.3,
      "texto": "Sí.",
      "confianza": 0.683
    },
    {
      "hablante": "Hablante A",
      "inicio": 425.45,
      "fin": 428.49,
      "duracion": 3.04,
      "texto": "También tenés la posibilidad de añadir el servicio de debate automático.",
      "confianza": 0.488
    },
    {
      "hablante": "Hablante A",
      "inicio": 428.64,
      "fin": 438.54,
      "duracion": 9.9,
      "texto": "Y como es en este caso que pasas más de dos líneas registradas bajo tu nombre Movistar, vas a tener cuatro gigas de regalo en cada una de las líneas que también se activan en la aplicación Movistar.",
      "confianza": 0.703
    },
    {
      "hablante": "Hablante B",
      "inicio": 440.14,
      "fin": 444.14,
      "duracion": 4.01,
      "texto": "En cuanto al uso de portabilidad, va a demorar aproximadamente 48 horas hábiles.",
      "confianza": 0.529
    },
    {
      "hablante": "Hablante B",
      "inicio": 444.17,
      "fin": 449.85,
      "duracion": 5.69,
      "texto": "Un día antes, por mensaje de WhatsApp, le vamos a estar informando la fecha de portabilidad para que te quedes tranquila.",
      "confianza": 0.726
    },
    {
      "hablante": "Hablante B",
      "inicio": 450.27,
      "fin": 453.92,
      "duracion": 3.65,
      "texto": "En cuanto a no levantar señales, tienes que reiniciar el equipo.",
      "confianza": 0.515
    },
    {
      "hablante": "Hablante B",
      "inicio": 454.09,
      "fin": 459.39,
      "duracion": 5.31,
      "texto": "Y por otro lado, dentro de los próximos días vas a recibir una encuesta de satisfacción por WhatsApp.",
      "confianza": 0.646
    },
    {
      "hablante": "Hablante B",
      "inicio": 459.41,
      "fin": 463.1,
      "duracion": 3.69,
      "texto": "Te solicito por favor que la completes ya que tu opinión es importante para la empresa.",
      "confianza": 0.791
    },
    {
      "hablante": "Hablante B",
      "inicio": 463.7,
      "fin": 464.58,
      "duracion": 0.88,
      "texto": "Bien.",
      "confianza": 0.673
    },
    {
      "hablante": "Hablante B",
      "inicio": 464.6,
      "fin": 465.88,
      "duracion": 1.28,
      "texto": "Ana, eso sería todo.",
      "confianza": 0.673
    },
    {
      "hablante": "Hablante B",
      "inicio": 466.04,
      "fin": 467.74,
      "duracion": 1.7,
      "texto": "Sí, ya finalicé con lo que es el cierre.",
      "confianza": 0.743
    },
    {
      "hablante": "Hablante B",
      "inicio": 467.76,
      "fin": 468.86,
      "duracion": 1.1,
      "texto": "¿Qué te voy a pedir?",
      "confianza": 0.638
    },
    {
      "hablante": "Hablante B",
      "inicio": 469.08,
      "fin": 474.13,
      "duracion": 5.05,
      "texto": "Puede que te sigan llamando de Movistar porque nosotros no vamos a cortar la línea ahora para no dejarte incomunicada.",
      "confianza": 0.75
    },
    {
      "hablante": "Hablante B",
      "inicio": 474.69,
      "fin": 476.49,
      "duracion": 1.8,
      "texto": "Entonces, con claro.",
      "confianza": 0.855
    },
    {
      "hablante": "Hablante B",
      "inicio": 476.89,
      "fin": 477.56,
      "duracion": 0.66,
      "texto": "¿Qué te voy a pedir?",
      "confianza": 0.511
    },
    {
      "hablante": "Hablante B",
      "inicio": 477.65,
      "fin": 483.18,
      "duracion": 5.53,
      "texto": "Que si te llama algún vendedor de Movistar, una, no lo atiendas, otra, que le digas que ya estás en la compañía.",
      "confianza": 0.765
    },
    {
      "hablante": "Hablante B",
      "inicio": 483.2,
      "fin": 483.94,
      "duracion": 0.74,
      "texto": "¿Sí?",
      "confianza": 0.472
    },
    {
      "hablante": "Hablante B",
      "inicio": 484.12,
      "fin": 489.79,
      "duracion": 5.67,
      "texto": "porque si vos quieres brindar datos, se puede hacer una duplicidad en el pedido, ¿bien?",
      "confianza": 0.594
    },
    {
      "hablante": "Hablante B",
      "inicio": 489.81,
      "fin": 500.0,
      "duracion": 10.19,
      "texto": "Así que también para evitar que me roben lo que serían las ventas a mí, nosotros mantenemos contactos por WhatsApp, por cualquier duda o consulta, usted comunica conmigo por ese medio, ¿sí?",
      "confianza": 0.809
    },
    {
      "hablante": "Hablante B",
      "inicio": 500.68,
      "fin": 501.73,
      "duracion": 1.04,
      "texto": "Ah, bueno.",
      "confianza": 0.286
    },
    {
      "hablante": "Hablante B",
      "inicio": 501.75,
      "fin": 503.51,
      "duracion": 1.76,
      "texto": "Bueno, perfecto Ivana, ha sido un placer.",
      "confianza": 0.689
    },
    {
      "hablante": "Hablante B",
      "inicio": 503.59,
      "fin": 506.35,
      "duracion": 2.76,
      "texto": "Cualquier cosa, tenés mi número y me podés hablar por ahí, ¿sí?",
      "confianza": 0.719
    },
    {
      "hablante": "Hablante B",
      "inicio": 507.57,
      "fin": 508.19,
      "duracion": 0.62,
      "texto": "Dale, dale.",
      "confianza": 0.25
    },
    {
      "hablante": "Hablante B",
      "inicio": 508.21,
      "fin": 510.74,
      "duracion": 2.52,
      "texto": "Bueno, hasta luego, que tengas buen día.",
      "confianza": 0.679
    },
    {
      "hablante": "Hablante B",
      "inicio": 510.76,
      "fin": 511.08,
      "duracion": 0.32,
      "texto": "Hasta luego.",
      "confianza": 0.204
    }
  ],
  "transcripcion_completa": "Hola. Hola, Ivana, ¿cómo estás? Soy Celeste. Hola, ¿qué tal? Bien. Mira, para hacer lo que es el cierre comercial, como te había dicho por WhatsApp, básicamente te van a repasar todos los datos y lo que serían las líneas que vas a pasar a la compañía y con la promoción que también vas a entrar a la compañía, ¿sí? Dale. Bien. Antes de comenzar el cierre comercial, para que cada línea pase manteniendo el mismo número de la compañía, yo tengo que enviarte lo que es un mensaje del portavillera. que lo hago a tu línea, por lo que sos la titular, no hace falta que lo haga con las otras líneas, te llega por mensaje de texto, este mensaje de portabilidad, cuando te cambiaste de movistar hacia claro, también te lo enviaron. Bien, pero te llegó de parte de claro. Entonces, ¿qué te voy a pedir? Que me pongas en alta voz y me avises cuando lo recibas, en el caso de que no te llegue, me decís y lo volvemos a enviar, no hay ningún problema, ¿sí? Vale, dale. Y si te llegan a ingresar llamados y vanas de número privado o de números no agendados, Yo te pido por un ratito que no atienda. Somos nosotros, de parte de Movistar, estamos probando que la línea esté activa y no se se puede dar de baja en claro, ¿sí? Por falta de facturación, los clientes hay veces que quieren hacer el cambio y se terminan quedando sin línea entre medio de la portabilidad. Entonces, para evitar eso, hacemos esos llamados para verificar las líneas, ¿sí? Dale, dale. Bien. Dame un minutito y lo enviamos. Se va a llegar por mensaje de texto desde el remitente 223, ¿sí? Dale. Vos decime cuando te llegue. Yo te digo cuando lo envíen, ¿sí? Dame un segundito. Ha sido enviado. Más o menos tarda 5 o 6 segundos en ingresarte a vos. Dale. Dame cuando te llegue. No, todavía no me llega nada. Dame un segundo y lo volvemos a enviar. Voy a traer unos segunditos, ¿sí? Sí, ahí llego. Perfecto. Exactamente. Te daré fecha de vencimiento para el 2 de febrero, que es la fecha estimada, para que nosotros entreguemos lo que es el chip en la tienda de Movistar, ¿sí? Ah, vale. Le podéis sacar captura de pantalla al mensaje de texto y enviármelo por WhatsApp, por favor. Y mientras haces eso, voy haciendo lo que es el cierre comercial. Te voy a repasar todos los datos, ¿sí? ¿Qué te voy a pedir? Que cualquier duda o consulta, me lo hablas al final del cierre, ¿sí? Vale. Bien. Y te voy a hacer ciertas preguntas que necesito que las respondas. Más que nada tienen que ver con lo que sería la titularidad de las líneas y lo que serían los chips, ¿sí? Bien. Para recibir futuras promociones, Ivana, ¿usted tiene contratado algún servicio de internet en casa? Sí. Bien. ¿De Movistar tiene contratado? Sí, Movistar tengo. Bien. ¿Ustedes saben el número de línea fija? ¿O lo tiene la aplicación de Movistar? Creo que no, la aplicación no la tengo, la de Movistar. Bueno, mira, no hay problema. Yo voy a buscar en lo que sería el perfil suyo de clienta, lo que sería el número de línea fija. Si esa línea fija no tiene el descuento, nosotros hacemos un descuento por contratar lo que sería el servicio de internet en casa y la línea en celular. que es de 4.000 pesos, se hace en la factura de fibra óptica. Y se hace todos los meses siempre y cuando usted tenga su línea Movistar. Está bueno el descuento porque todos los meses va a pagar 4.000 pesos menos si es que no lo tiene aplicado. ¿Está su nombre la fibra óptica? Creo que sí. Si está su nombre el descuento se va a poder aplicar, si no está su nombre no porque las líneas como están a su nombre tiene que ser como la misma titularía, ¿bien? Sí, sí, sí. Entonces, puede que lo tenga el descuento y puede que no. Si no lo tiene aplicado, lo va a tener y si ya lo tiene aplicado, obviamente no va a tener el descuento, ¿sí? Perfecto. Vamos a pasar entonces a la compañía, la primer línea número 11 57 54 18 20, ¿sí? La segunda línea número 11 51 77 49 20, Y la tercera línea número 11-60-07-98-13, ¿sí? Dijimos que actualmente las tres líneas están en nombre de Ivana Mariela Prubiller. Confírmeme los últimos tres dígitos de su DNI, por favor, Ivana. 7-58. Perfecto. Por las tres líneas, ¿usted recibió una factura de declaro a su nombre? Sí. ¿O hay alguna que le haga recarga? No, no, no. Tengo estas tres mías. Bien. Ustedes pagan un monto por las tres líneas, ¿cierto? Sí. Bien. Eso significa que cuentan con una factura bono. Bien. Lo que son los chips, ¿lo colocan dentro del celular o los escanean por QR? No, los coloco dentro del celular. Bien. Es decir que son físicos. Perfecto. Va a recibir entonces lo que es el chip en lo que sería la provincia de Buenos Aires, la localidad de Los Polvorines, En la tienda de Movistar de La Calla, Avenida Presidente Juan Domingo Aplón 3309. Recuerde que la sucursal abre el lunes a sábado de 9 y media a 1 y media y de 4 a 8 de la tarde, si hacer el entrecortado. Se le va a avisar con un día de anticipación para que pueda retirar el chip por la sucursal. Le recuerdo el costo del servicio al día de hoy, es de 8 mil pesos por cada una de las líneas. Va a tener lo que es un plan con 8 gigas mensuales, 10 gigas de regalo durante seis meses. Sí, y también incluye lo que es el plan WhatsApp Gratis Hablar Libre a Cualquier Compañía, un gigabyte de regalo para el juego Free Five, América Precio Local y Rumina en América. Incluye lo que es un descuento por seis meses de 44.050 pesos. Recuerde que las ligas de regalo se pueden habilitar hasta 48 horas después de activar la línea. El mes que me proporcionó para hacer lo que es el envío de facturación, dijimos que es ivanacruvier.com En ese mail va a estar recibiendo toda la facturación de manera online. Y también puede ingresar a la aplicación MiMovistar, la descarga en su celular. Y cuando ingresa a la sección de servicios, va a haber toda la información referida a su factura, ciclo de facturación, vencimiento y montos a pagar. También desde la aplicación está bueno que la puedas descargar porque vas a tener 20 días de regalo durante un mes. Sí, que eso lo tenés disponible una vez al año cada una de las líneas. Sí. También tenés la posibilidad de añadir el servicio de debate automático. Y como es en este caso que pasas más de dos líneas registradas bajo tu nombre Movistar, vas a tener cuatro gigas de regalo en cada una de las líneas que también se activan en la aplicación Movistar. En cuanto al uso de portabilidad, va a demorar aproximadamente 48 horas hábiles. Un día antes, por mensaje de WhatsApp, le vamos a estar informando la fecha de portabilidad para que te quedes tranquila. En cuanto a no levantar señales, tienes que reiniciar el equipo. Y por otro lado, dentro de los próximos días vas a recibir una encuesta de satisfacción por WhatsApp. Te solicito por favor que la completes ya que tu opinión es importante para la empresa. Bien. Ana, eso sería todo. Sí, ya finalicé con lo que es el cierre. ¿Qué te voy a pedir? Puede que te sigan llamando de Movistar porque nosotros no vamos a cortar la línea ahora para no dejarte incomunicada. Entonces, con claro. ¿Qué te voy a pedir? Que si te llama algún vendedor de Movistar, una, no lo atiendas, otra, que le digas que ya estás en la compañía. ¿Sí? porque si vos quieres brindar datos, se puede hacer una duplicidad en el pedido, ¿bien? Así que también para evitar que me roben lo que serían las ventas a mí, nosotros mantenemos contactos por WhatsApp, por cualquier duda o consulta, usted comunica conmigo por ese medio, ¿sí? Ah, bueno. Bueno, perfecto Ivana, ha sido un placer. Cualquier cosa, tenés mi número y me podés hablar por ahí, ¿sí? Dale, dale. Bueno, hasta luego, que tengas buen día. Hasta luego.",
  "calidad": {
    "confianza_promedio": 0.634,
    "metodo_diarizacion": "pausas_fallback",
    "tiempo_procesamiento": 15.9
  },
  "metadata": {
    "modelo": "whisperx_medium",
    "diarizacion": "pausas",
    "dispositivo": "cuda",
    "fecha": "2026-01-26T01:56:39.123660",
    "version": "5.0_ecapa"
  }
}