{
  "archivo": "amza19_1_260121121254520_ACD_70275.wav",
  "duracion_segundos": 298.06,
  "num_segmentos": 73,
  "num_hablantes": 2,
  "hablantes": [
    "Hablante A",
    "Hablante B"
  ],
  "tiempo_por_hablante": {
    "Hablante B": 242.05,
    "Hablante A": 32.74
  },
  "idioma": "es",
  "conversacion": [
    {
      "hablante": "Hablante B",
      "inicio": 1.9,
      "fin": 6.63,
      "duracion": 4.73,
      "texto": "Hola, buen día.",
      "confianza": 0.282
    },
    {
      "hablante": "Hablante B",
      "inicio": 6.65,
      "fin": 7.05,
      "duracion": 0.4,
      "texto": "Hablo con Elizabeth.",
      "confianza": 0.002
    },
    {
      "hablante": "Hablante B",
      "inicio": 7.07,
      "fin": 7.29,
      "duracion": 0.22,
      "texto": "Sí, soy yo.",
      "confianza": 0.013
    },
    {
      "hablante": "Hablante B",
      "inicio": 7.31,
      "fin": 7.91,
      "duracion": 0.6,
      "texto": "Un gusto.",
      "confianza": 0.816
    },
    {
      "hablante": "Hablante B",
      "inicio": 7.93,
      "fin": 8.71,
      "duracion": 0.78,
      "texto": "Sí, me presento.",
      "confianza": 0.578
    },
    {
      "hablante": "Hablante B",
      "inicio": 8.73,
      "fin": 10.3,
      "duracion": 1.56,
      "texto": "Mi nombre es Lisa.",
      "confianza": 0.465
    },
    {
      "hablante": "Hablante B",
      "inicio": 10.32,
      "fin": 13.2,
      "duracion": 2.88,
      "texto": "Estaba llamando hoy la día y recupero clientes de Movistar.",
      "confianza": 0.675
    },
    {
      "hablante": "Hablante B",
      "inicio": 13.64,
      "fin": 16.27,
      "duracion": 2.62,
      "texto": "Era para poder brindarte un descuento para tu línea.",
      "confianza": 0.634
    },
    {
      "hablante": "Hablante B",
      "inicio": 16.29,
      "fin": 18.33,
      "duracion": 2.04,
      "texto": "¿Vos tenéis claro actualmente?",
      "confianza": 0.788
    },
    {
      "hablante": "Hablante A",
      "inicio": 20.79,
      "fin": 20.85,
      "duracion": 0.06,
      "texto": "Sí.",
      "confianza": 0.215
    },
    {
      "hablante": "Hablante A",
      "inicio": 20.87,
      "fin": 26.16,
      "duracion": 5.29,
      "texto": "Nosotros de Movistar queríamos recuperarte como clienta para poder brindarte un gran descuento con tu línea.",
      "confianza": 0.751
    },
    {
      "hablante": "Hablante B",
      "inicio": 27.8,
      "fin": 27.86,
      "duracion": 0.06,
      "texto": "Sí.",
      "confianza": 0.003
    },
    {
      "hablante": "Hablante B",
      "inicio": 27.88,
      "fin": 28.82,
      "duracion": 0.94,
      "texto": "Bueno, ¿cuál sería?",
      "confianza": 0.327
    },
    {
      "hablante": "Hablante B",
      "inicio": 28.85,
      "fin": 30.93,
      "duracion": 2.08,
      "texto": "Mira, tenemos dos opciones para ofrecerte.",
      "confianza": 0.726
    },
    {
      "hablante": "Hablante B",
      "inicio": 31.04,
      "fin": 38.98,
      "duracion": 7.95,
      "texto": "Una completa, que es la que más estamos utilizando, es la línea con 8 gigas de base más 10 de regalo por 6 meses.",
      "confianza": 0.755
    },
    {
      "hablante": "Hablante B",
      "inicio": 39.69,
      "fin": 44.71,
      "duracion": 5.03,
      "texto": "Viene con WhatsApp gratis, llamas libres a cualquier compañía y roaming en América.",
      "confianza": 0.768
    },
    {
      "hablante": "Hablante B",
      "inicio": 45.47,
      "fin": 55.34,
      "duracion": 9.87,
      "texto": "Ese promo así que te quedaría con 18 gigas mensuales y en un valor de solo 8,000 pesos.",
      "confianza": 0.651
    },
    {
      "hablante": "Hablante B",
      "inicio": 55.36,
      "fin": 55.44,
      "duracion": 0.08,
      "texto": "¿Sí?",
      "confianza": 0.008
    },
    {
      "hablante": "Hablante B",
      "inicio": 55.46,
      "fin": 55.52,
      "duracion": 0.06,
      "texto": "Sí.",
      "confianza": 0.007
    },
    {
      "hablante": "Hablante B",
      "inicio": 55.54,
      "fin": 55.6,
      "duracion": 0.06,
      "texto": "OK.",
      "confianza": 0.333
    },
    {
      "hablante": "Hablante B",
      "inicio": 56.34,
      "fin": 66.12,
      "duracion": 9.77,
      "texto": "18 gigas mensuales y tienes la posibilidad de activar 20 gigas de regalo durante 30 días.",
      "confianza": 0.773
    },
    {
      "hablante": "Hablante B",
      "inicio": 67.2,
      "fin": 71.97,
      "duracion": 4.77,
      "texto": "Una vez al año en el momento que vos quieras en caso de que te hiciera falta más cantidad de gigas.",
      "confianza": 0.655
    },
    {
      "hablante": "Hablante B",
      "inicio": 71.99,
      "fin": 74.39,
      "duracion": 2.4,
      "texto": "¿Y por cuánto tiempo es la promoción?",
      "confianza": 0.889
    },
    {
      "hablante": "Hablante B",
      "inicio": 75.39,
      "fin": 79.28,
      "duracion": 3.89,
      "texto": "Bien, esta promo la vas a tener durante 6 meses.",
      "confianza": 0.718
    },
    {
      "hablante": "Hablante B",
      "inicio": 79.58,
      "fin": 91.67,
      "duracion": 12.09,
      "texto": "Y luego, al quinto mes, yo me voy a ocupar de mandarte un mes lejito para que por la misma vista renueves lo que sería una nueva promoción para que vos en ningún momento te quedes sin descuento ni promoción, ¿sí?",
      "confianza": 0.736
    },
    {
      "hablante": "Hablante B",
      "inicio": 93.09,
      "fin": 97.66,
      "duracion": 4.57,
      "texto": "OK. Pero, ¿me esperas un segundito?",
      "confianza": 0.554
    },
    {
      "hablante": "Hablante B",
      "inicio": 97.68,
      "fin": 103.64,
      "duracion": 5.97,
      "texto": "Porque yo creo que mi promoción actual que tengo con claro es de 30 gigas.",
      "confianza": 0.75
    },
    {
      "hablante": "Hablante B",
      "inicio": 103.67,
      "fin": 105.51,
      "duracion": 1.84,
      "texto": "Bueno, yo te espero que vos me digas de borrar.",
      "confianza": 0.4
    },
    {
      "hablante": "Hablante B",
      "inicio": 106.11,
      "fin": 107.27,
      "duracion": 1.16,
      "texto": "Dale, dale, dale.",
      "confianza": 0.489
    },
    {
      "hablante": "Hablante B",
      "inicio": 107.29,
      "fin": 107.61,
      "duracion": 0.32,
      "texto": "Ahora te digo.",
      "confianza": 0.133
    },
    {
      "hablante": "Hablante B",
      "inicio": 107.63,
      "fin": 107.95,
      "duracion": 0.32,
      "texto": "Dale.",
      "confianza": 0.829
    },
    {
      "hablante": "Hablante B",
      "inicio": 109.01,
      "fin": 110.21,
      "duracion": 1.2,
      "texto": "¿Cuántas responsabilidades?",
      "confianza": 0.252
    },
    {
      "hablante": "Hablante B",
      "inicio": 110.23,
      "fin": 112.85,
      "duracion": 2.62,
      "texto": "¿Cuánto tiempo?",
      "confianza": 0.343
    },
    {
      "hablante": "Hablante B",
      "inicio": 112.87,
      "fin": 119.74,
      "duracion": 6.87,
      "texto": "¿Qué pasa al primer día?",
      "confianza": 0.471
    },
    {
      "hablante": "Hablante B",
      "inicio": 119.76,
      "fin": 124.53,
      "duracion": 4.77,
      "texto": "¿Cuánto tiempo?",
      "confianza": 0.24
    },
    {
      "hablante": "Hablante B",
      "inicio": 124.55,
      "fin": 127.51,
      "duracion": 2.96,
      "texto": "¿Qué pasa al primer día?",
      "confianza": 0.444
    },
    {
      "hablante": "Hablante B",
      "inicio": 127.67,
      "fin": 128.53,
      "duracion": 0.86,
      "texto": "¿Cuánto tiempo?",
      "confianza": 0.356
    },
    {
      "hablante": "Hablante B",
      "inicio": 128.59,
      "fin": 131.83,
      "duracion": 3.24,
      "texto": "¿Qué pasa al primer día?",
      "confianza": 0.24
    },
    {
      "hablante": "Hablante B",
      "inicio": 131.91,
      "fin": 132.44,
      "duracion": 0.52,
      "texto": "¿Cuánto tiempo?",
      "confianza": 0.143
    },
    {
      "hablante": "Hablante A",
      "inicio": 134.03,
      "fin": 161.43,
      "duracion": 27.39,
      "texto": "Perfecto.",
      "confianza": 0.34
    },
    {
      "hablante": "Hablante B",
      "inicio": 163.8,
      "fin": 167.45,
      "duracion": 3.65,
      "texto": "Sí, yo tengo 30 gigas.",
      "confianza": 0.079
    },
    {
      "hablante": "Hablante B",
      "inicio": 167.47,
      "fin": 167.57,
      "duracion": 0.1,
      "texto": "Bien.",
      "confianza": 0.023
    },
    {
      "hablante": "Hablante B",
      "inicio": 167.59,
      "fin": 169.71,
      "duracion": 2.12,
      "texto": "Te comento como para que vos sepas más o menos.",
      "confianza": 0.725
    },
    {
      "hablante": "Hablante B",
      "inicio": 169.77,
      "fin": 174.42,
      "duracion": 4.65,
      "texto": "¿Te suelen sobrar cantidad de gigas o sueles usar todo al límite?",
      "confianza": 0.669
    },
    {
      "hablante": "Hablante B",
      "inicio": 174.44,
      "fin": 177.62,
      "duracion": 3.18,
      "texto": "No, la verdad que no tengo la menor idea.",
      "confianza": 0.418
    },
    {
      "hablante": "Hablante B",
      "inicio": 177.64,
      "fin": 178.46,
      "duracion": 0.82,
      "texto": "Bien.",
      "confianza": 0.39
    },
    {
      "hablante": "Hablante B",
      "inicio": 178.48,
      "fin": 179.98,
      "duracion": 1.5,
      "texto": "¿Por qué te decía esto?",
      "confianza": 0.724
    },
    {
      "hablante": "Hablante B",
      "inicio": 180.0,
      "fin": 189.1,
      "duracion": 9.09,
      "texto": "Porque nosotros hemos colocado lo que son la posibilidad de que los chips y los gigas duren más, ¿sí?",
      "confianza": 0.666
    },
    {
      "hablante": "Hablante B",
      "inicio": 189.12,
      "fin": 192.56,
      "duracion": 3.44,
      "texto": "¿Cómo, o sea, se hace esto?",
      "confianza": 0.64
    },
    {
      "hablante": "Hablante B",
      "inicio": 193.03,
      "fin": 200.2,
      "duracion": 7.17,
      "texto": "Cuando vos de entero activas lo que son los datos, claro, le da un paquete de 20 megas para que vos utilices.",
      "confianza": 0.645
    },
    {
      "hablante": "Hablante B",
      "inicio": 200.22,
      "fin": 209.22,
      "duracion": 9.01,
      "texto": "Una vez que te volvés a conectar a un Wi-Fi, ese paquete de 20 megas se elimina directamente, por más que hayan sobrado ahí megas para que vos utilices, ¿sí?",
      "confianza": 0.618
    },
    {
      "hablante": "Hablante B",
      "inicio": 209.25,
      "fin": 211.21,
      "duracion": 1.96,
      "texto": "Sí.",
      "confianza": 0.468
    },
    {
      "hablante": "Hablante B",
      "inicio": 211.23,
      "fin": 218.83,
      "duracion": 7.61,
      "texto": "En Movistar, ese paquete de 20 megas que vos activas con los datos se guarda y se pone en pausa hasta que vos vuelvas a activar los datos.",
      "confianza": 0.714
    },
    {
      "hablante": "Hablante B",
      "inicio": 218.85,
      "fin": 220.13,
      "duracion": 1.28,
      "texto": "Entonces, los digas qué es.",
      "confianza": 0.548
    },
    {
      "hablante": "Hablante B",
      "inicio": 220.47,
      "fin": 221.87,
      "duracion": 1.4,
      "texto": "En claro, son 30.",
      "confianza": 0.868
    },
    {
      "hablante": "Hablante B",
      "inicio": 221.91,
      "fin": 229.52,
      "duracion": 7.61,
      "texto": "En claro, te están con 15 gigas o vas a tirar hasta todo el mes, ¿sí?",
      "confianza": 0.654
    },
    {
      "hablante": "Hablante B",
      "inicio": 229.54,
      "fin": 229.6,
      "duracion": 0.06,
      "texto": "Sí.",
      "confianza": 0.217
    },
    {
      "hablante": "Hablante B",
      "inicio": 229.62,
      "fin": 237.65,
      "duracion": 8.03,
      "texto": "Por eso es muy importante también activar la oferta de guardar y pasar gigas porque suelen sobrar durante el mes.",
      "confianza": 0.582
    },
    {
      "hablante": "Hablante B",
      "inicio": 237.67,
      "fin": 243.52,
      "duracion": 5.85,
      "texto": "Entonces, puedes ir guardando mes a mes para seguir acumulándolos también, ¿sí?",
      "confianza": 0.709
    },
    {
      "hablante": "Hablante B",
      "inicio": 243.54,
      "fin": 243.76,
      "duracion": 0.22,
      "texto": "OK. OK.",
      "confianza": 0.386
    },
    {
      "hablante": "Hablante B",
      "inicio": 243.89,
      "fin": 246.78,
      "duracion": 2.88,
      "texto": "Escúchame, ¿vos me podés volver a llamar, así yo lo pienso?",
      "confianza": 0.558
    },
    {
      "hablante": "Hablante B",
      "inicio": 246.8,
      "fin": 254.1,
      "duracion": 7.31,
      "texto": "Porque ahora me he enganchado en la calle y la verdad que no voy a tomar una decisión sin pensarlo.",
      "confianza": 0.59
    },
    {
      "hablante": "Hablante B",
      "inicio": 254.91,
      "fin": 257.59,
      "duracion": 2.68,
      "texto": "¿Me podrás volver a llamar?",
      "confianza": 0.795
    },
    {
      "hablante": "Hablante B",
      "inicio": 257.63,
      "fin": 265.86,
      "duracion": 8.23,
      "texto": "Sí, mira, yo hoy... O mandame por WhatsApp cuáles serían las condiciones, así yo lo veo, tranquila.",
      "confianza": 0.71
    },
    {
      "hablante": "Hablante B",
      "inicio": 266.38,
      "fin": 270.51,
      "duracion": 4.12,
      "texto": "Pobre, yo te voy a mandar ahora las promos que te comenté.",
      "confianza": 0.361
    },
    {
      "hablante": "Hablante B",
      "inicio": 270.81,
      "fin": 273.73,
      "duracion": 2.92,
      "texto": "Y yo estoy hasta las tres.",
      "confianza": 0.648
    },
    {
      "hablante": "Hablante B",
      "inicio": 273.75,
      "fin": 276.92,
      "duracion": 3.16,
      "texto": "Y te podré llamar a esto de las dos por ahí mejor.",
      "confianza": 0.631
    },
    {
      "hablante": "Hablante B",
      "inicio": 277.13,
      "fin": 278.86,
      "duracion": 1.72,
      "texto": "Dale, dale.",
      "confianza": 0.729
    },
    {
      "hablante": "Hablante B",
      "inicio": 278.88,
      "fin": 281.54,
      "duracion": 2.66,
      "texto": "Y tienen roaming en Europa?",
      "confianza": 0.839
    },
    {
      "hablante": "Hablante B",
      "inicio": 282.48,
      "fin": 294.28,
      "duracion": 11.8,
      "texto": "En lo que es la promo directamente que nosotros te ofreciemos tiene una roaming en América y te voy a mandar la que tiene roaming en Europa también, ¿sí?",
      "confianza": 0.595
    },
    {
      "hablante": "Hablante B",
      "inicio": 294.3,
      "fin": 294.64,
      "duracion": 0.34,
      "texto": "OK. Bueno, bueno.",
      "confianza": 0.033
    },
    {
      "hablante": "Hablante B",
      "inicio": 294.66,
      "fin": 294.9,
      "duracion": 0.24,
      "texto": "OK. Gracias.",
      "confianza": 0.002
    },
    {
      "hablante": "Hablante B",
      "inicio": 294.92,
      "fin": 298.06,
      "duracion": 3.14,
      "texto": "Gracias a vos que estés muy bien.",
      "confianza": 0.727
    }
  ],
  "transcripcion_completa": "Hola, buen día. Hablo con Elizabeth. Sí, soy yo. Un gusto. Sí, me presento. Mi nombre es Lisa. Estaba llamando hoy la día y recupero clientes de Movistar. Era para poder brindarte un descuento para tu línea. ¿Vos tenéis claro actualmente? Sí. Nosotros de Movistar queríamos recuperarte como clienta para poder brindarte un gran descuento con tu línea. Sí. Bueno, ¿cuál sería? Mira, tenemos dos opciones para ofrecerte. Una completa, que es la que más estamos utilizando, es la línea con 8 gigas de base más 10 de regalo por 6 meses. Viene con WhatsApp gratis, llamas libres a cualquier compañía y roaming en América. Ese promo así que te quedaría con 18 gigas mensuales y en un valor de solo 8,000 pesos. ¿Sí? Sí. OK. 18 gigas mensuales y tienes la posibilidad de activar 20 gigas de regalo durante 30 días. Una vez al año en el momento que vos quieras en caso de que te hiciera falta más cantidad de gigas. ¿Y por cuánto tiempo es la promoción? Bien, esta promo la vas a tener durante 6 meses. Y luego, al quinto mes, yo me voy a ocupar de mandarte un mes lejito para que por la misma vista renueves lo que sería una nueva promoción para que vos en ningún momento te quedes sin descuento ni promoción, ¿sí? OK. Pero, ¿me esperas un segundito? Porque yo creo que mi promoción actual que tengo con claro es de 30 gigas. Bueno, yo te espero que vos me digas de borrar. Dale, dale, dale. Ahora te digo. Dale. ¿Cuántas responsabilidades? ¿Cuánto tiempo? ¿Qué pasa al primer día? ¿Cuánto tiempo? ¿Qué pasa al primer día? ¿Cuánto tiempo? ¿Qué pasa al primer día? ¿Cuánto tiempo? Perfecto. Sí, yo tengo 30 gigas. Bien. Te comento como para que vos sepas más o menos. ¿Te suelen sobrar cantidad de gigas o sueles usar todo al límite? No, la verdad que no tengo la menor idea. Bien. ¿Por qué te decía esto? Porque nosotros hemos colocado lo que son la posibilidad de que los chips y los gigas duren más, ¿sí? ¿Cómo, o sea, se hace esto? Cuando vos de entero activas lo que son los datos, claro, le da un paquete de 20 megas para que vos utilices. Una vez que te volvés a conectar a un Wi-Fi, ese paquete de 20 megas se elimina directamente, por más que hayan sobrado ahí megas para que vos utilices, ¿sí? Sí. En Movistar, ese paquete de 20 megas que vos activas con los datos se guarda y se pone en pausa hasta que vos vuelvas a activar los datos. Entonces, los digas qué es. En claro, son 30. En claro, te están con 15 gigas o vas a tirar hasta todo el mes, ¿sí? Sí. Por eso es muy importante también activar la oferta de guardar y pasar gigas porque suelen sobrar durante el mes. Entonces, puedes ir guardando mes a mes para seguir acumulándolos también, ¿sí? OK. OK. Escúchame, ¿vos me podés volver a llamar, así yo lo pienso? Porque ahora me he enganchado en la calle y la verdad que no voy a tomar una decisión sin pensarlo. ¿Me podrás volver a llamar? Sí, mira, yo hoy... O mandame por WhatsApp cuáles serían las condiciones, así yo lo veo, tranquila. Pobre, yo te voy a mandar ahora las promos que te comenté. Y yo estoy hasta las tres. Y te podré llamar a esto de las dos por ahí mejor. Dale, dale. Y tienen roaming en Europa? En lo que es la promo directamente que nosotros te ofreciemos tiene una roaming en América y te voy a mandar la que tiene roaming en Europa también, ¿sí? OK. Bueno, bueno. OK. Gracias. Gracias a vos que estés muy bien.",
  "calidad": {
    "confianza_promedio": 0.5,
    "metodo_diarizacion": "pausas_fallback",
    "tiempo_procesamiento": 9.9
  },
  "metadata": {
    "modelo": "whisperx_medium",
    "diarizacion": "pausas",
    "dispositivo": "cuda",
    "fecha": "2026-01-25T17:34:12.737484",
    "version": "5.0_ecapa"
  }
}