{
  "archivo": "amza24_1_260120113301895_ACD_17019.wav",
  "duracion_segundos": 70.0,
  "num_segmentos": 29,
  "num_hablantes": 1,
  "hablantes": [
    "Hablante A"
  ],
  "tiempo_por_hablante": {
    "Hablante A": 63.2
  },
  "idioma": "es",
  "conversacion": [
    {
      "hablante": "Hablante A",
      "inicio": 0.03,
      "fin": 3.62,
      "duracion": 3.58,
      "texto": "Hola.",
      "confianza": 0.716
    },
    {
      "hablante": "Hablante A",
      "inicio": 3.64,
      "fin": 4.46,
      "duracion": 0.82,
      "texto": "Hola, ¿cómo estás?",
      "confianza": 0.227
    },
    {
      "hablante": "Hablante A",
      "inicio": 4.48,
      "fin": 4.96,
      "duracion": 0.48,
      "texto": "Buenos días.",
      "confianza": 0.612
    },
    {
      "hablante": "Hablante A",
      "inicio": 4.98,
      "fin": 5.8,
      "duracion": 0.82,
      "texto": "Hola.",
      "confianza": 0.344
    },
    {
      "hablante": "Hablante A",
      "inicio": 5.82,
      "fin": 13.95,
      "duracion": 8.13,
      "texto": "Hola, ¿cómo estás?",
      "confianza": 0.432
    },
    {
      "hablante": "Hablante A",
      "inicio": 13.97,
      "fin": 14.21,
      "duracion": 0.24,
      "texto": "Buenos días.",
      "confianza": 0.014
    },
    {
      "hablante": "Hablante A",
      "inicio": 14.23,
      "fin": 16.44,
      "duracion": 2.2,
      "texto": "Buenos días.",
      "confianza": 0.232
    },
    {
      "hablante": "Hablante A",
      "inicio": 16.46,
      "fin": 20.42,
      "duracion": 3.97,
      "texto": "Agustín, en mi nombre me estoy comunicando del área de recupero de clientes movistar.",
      "confianza": 0.685
    },
    {
      "hablante": "Hablante A",
      "inicio": 20.44,
      "fin": 23.07,
      "duracion": 2.62,
      "texto": "Me asegura que actualmente están en claro, ¿verdad?",
      "confianza": 0.686
    },
    {
      "hablante": "Hablante A",
      "inicio": 23.09,
      "fin": 27.47,
      "duracion": 4.39,
      "texto": "Y no me quiero cambiar, así que te agradezco un montón.",
      "confianza": 0.745
    },
    {
      "hablante": "Hablante A",
      "inicio": 27.72,
      "fin": 30.81,
      "duracion": 3.08,
      "texto": "¿Cuál sería el inconveniente cuando no querrías cambiarte?",
      "confianza": 0.66
    },
    {
      "hablante": "Hablante A",
      "inicio": 31.39,
      "fin": 36.97,
      "duracion": 5.58,
      "texto": "Porque ya tuve movilidad y no me gustó el servicio.",
      "confianza": 0.428
    },
    {
      "hablante": "Hablante A",
      "inicio": 36.99,
      "fin": 37.07,
      "duracion": 0.08,
      "texto": "Ahá.",
      "confianza": 0.047
    },
    {
      "hablante": "Hablante A",
      "inicio": 37.09,
      "fin": 37.19,
      "duracion": 0.1,
      "texto": "Bien.",
      "confianza": 0.03
    },
    {
      "hablante": "Hablante A",
      "inicio": 37.21,
      "fin": 38.35,
      "duracion": 1.14,
      "texto": "¿Esto hace cuánto que ha sido?",
      "confianza": 0.512
    },
    {
      "hablante": "Hablante A",
      "inicio": 38.41,
      "fin": 42.9,
      "duracion": 4.48,
      "texto": "¿Podemos verificar si tenemos buena señal y cobertura actualmente para tu línea?",
      "confianza": 0.687
    },
    {
      "hablante": "Hablante A",
      "inicio": 42.92,
      "fin": 43.42,
      "duracion": 0.5,
      "texto": "Te lo dejo.",
      "confianza": 0.396
    },
    {
      "hablante": "Hablante A",
      "inicio": 43.44,
      "fin": 44.34,
      "duracion": 0.9,
      "texto": "Te lo dejo, por favor.",
      "confianza": 0.582
    },
    {
      "hablante": "Hablante A",
      "inicio": 44.4,
      "fin": 47.4,
      "duracion": 3.0,
      "texto": "Mira, no quiero ser grosero todos los días.",
      "confianza": 0.664
    },
    {
      "hablante": "Hablante A",
      "inicio": 47.42,
      "fin": 49.12,
      "duracion": 1.7,
      "texto": "Me están llamando.",
      "confianza": 0.421
    },
    {
      "hablante": "Hablante A",
      "inicio": 49.14,
      "fin": 50.96,
      "duracion": 1.82,
      "texto": "Por favor, no quiero movilizar.",
      "confianza": 0.831
    },
    {
      "hablante": "Hablante A",
      "inicio": 52.23,
      "fin": 54.85,
      "duracion": 2.62,
      "texto": "Por favor, por favor, no me llamen.",
      "confianza": 0.746
    },
    {
      "hablante": "Hablante A",
      "inicio": 55.73,
      "fin": 57.73,
      "duracion": 2.0,
      "texto": "Porque a mí es solamente molesto.",
      "confianza": 0.271
    },
    {
      "hablante": "Hablante A",
      "inicio": 58.87,
      "fin": 62.85,
      "duracion": 3.98,
      "texto": "La insistencia es que molesta.",
      "confianza": 0.769
    },
    {
      "hablante": "Hablante A",
      "inicio": 62.97,
      "fin": 64.14,
      "duracion": 1.17,
      "texto": "Por favor, les pido.",
      "confianza": 0.675
    },
    {
      "hablante": "Hablante A",
      "inicio": 65.14,
      "fin": 66.3,
      "duracion": 1.16,
      "texto": "Bien, lo dejo registrado.",
      "confianza": 0.645
    },
    {
      "hablante": "Hablante A",
      "inicio": 66.36,
      "fin": 67.29,
      "duracion": 0.92,
      "texto": "Gracias por tu tiempo.",
      "confianza": 0.891
    },
    {
      "hablante": "Hablante A",
      "inicio": 68.25,
      "fin": 69.4,
      "duracion": 1.14,
      "texto": "Por favor, hasta luego.",
      "confianza": 0.4
    },
    {
      "hablante": "Hablante A",
      "inicio": 69.42,
      "fin": 70.0,
      "duracion": 0.58,
      "texto": "Hasta luego.",
      "confianza": 0.57
    }
  ],
  "transcripcion_completa": "Hola. Hola, ¿cómo estás? Buenos días. Hola. Hola, ¿cómo estás? Buenos días. Buenos días. Agustín, en mi nombre me estoy comunicando del área de recupero de clientes movistar. Me asegura que actualmente están en claro, ¿verdad? Y no me quiero cambiar, así que te agradezco un montón. ¿Cuál sería el inconveniente cuando no querrías cambiarte? Porque ya tuve movilidad y no me gustó el servicio. Ahá. Bien. ¿Esto hace cuánto que ha sido? ¿Podemos verificar si tenemos buena señal y cobertura actualmente para tu línea? Te lo dejo. Te lo dejo, por favor. Mira, no quiero ser grosero todos los días. Me están llamando. Por favor, no quiero movilizar. Por favor, por favor, no me llamen. Porque a mí es solamente molesto. La insistencia es que molesta. Por favor, les pido. Bien, lo dejo registrado. Gracias por tu tiempo. Por favor, hasta luego. Hasta luego.",
  "calidad": {
    "confianza_promedio": 0.514,
    "metodo_diarizacion": "pausas_fallback",
    "tiempo_procesamiento": 5.0
  },
  "metadata": {
    "modelo": "whisperx_medium",
    "diarizacion": "pausas",
    "dispositivo": "cuda",
    "fecha": "2026-01-25T18:19:19.998447",
    "version": "5.0_ecapa"
  }
}