{
  "archivo": "amza23_1_260123143211585_ACD_85685.wav",
  "duracion_segundos": 118.21,
  "num_segmentos": 41,
  "num_hablantes": 1,
  "hablantes": [
    "Hablante A"
  ],
  "tiempo_por_hablante": {
    "Hablante A": 107.68
  },
  "idioma": "es",
  "conversacion": [
    {
      "hablante": "Hablante A",
      "inicio": 1.04,
      "fin": 3.63,
      "duracion": 2.58,
      "texto": "Hola, general.",
      "confianza": 0.558
    },
    {
      "hablante": "Hablante A",
      "inicio": 3.65,
      "fin": 9.07,
      "duracion": 5.43,
      "texto": "Buenas tardes.",
      "confianza": 0.786
    },
    {
      "hablante": "Hablante A",
      "inicio": 9.09,
      "fin": 9.62,
      "duracion": 0.52,
      "texto": "¿Con familiares de Miriam?",
      "confianza": 0.003
    },
    {
      "hablante": "Hablante A",
      "inicio": 9.63,
      "fin": 9.7,
      "duracion": 0.06,
      "texto": "Sí.",
      "confianza": 0.117
    },
    {
      "hablante": "Hablante A",
      "inicio": 9.71,
      "fin": 10.64,
      "duracion": 0.92,
      "texto": "Un gusto, Macarena.",
      "confianza": 0.542
    },
    {
      "hablante": "Hablante A",
      "inicio": 10.68,
      "fin": 16.1,
      "duracion": 5.43,
      "texto": "Mi nombre nos estamos contactando para brindarle en el día de hoy una muy buena promoción en las líneas.",
      "confianza": 0.729
    },
    {
      "hablante": "Hablante A",
      "inicio": 16.79,
      "fin": 21.63,
      "duracion": 4.85,
      "texto": "Ella actualmente está en claro, ¿verdad?",
      "confianza": 0.649
    },
    {
      "hablante": "Hablante A",
      "inicio": 21.65,
      "fin": 22.11,
      "duracion": 0.46,
      "texto": "Estamos todos en claro.",
      "confianza": 0.016
    },
    {
      "hablante": "Hablante A",
      "inicio": 22.13,
      "fin": 22.75,
      "duracion": 0.62,
      "texto": "Bien, perfecto.",
      "confianza": 0.417
    },
    {
      "hablante": "Hablante A",
      "inicio": 23.31,
      "fin": 26.9,
      "duracion": 3.59,
      "texto": "Y de consultor, ¿cuánto están abonando aproximadamente por la línea?",
      "confianza": 0.814
    },
    {
      "hablante": "Hablante A",
      "inicio": 28.26,
      "fin": 29.45,
      "duracion": 1.18,
      "texto": "No tengo idea, perdón.",
      "confianza": 0.62
    },
    {
      "hablante": "Hablante A",
      "inicio": 29.64,
      "fin": 31.09,
      "duracion": 1.44,
      "texto": "Estamos súper bien.",
      "confianza": 0.756
    },
    {
      "hablante": "Hablante A",
      "inicio": 31.11,
      "fin": 33.99,
      "duracion": 2.88,
      "texto": "¿Dónde hay más de movilidad?",
      "confianza": 0.104
    },
    {
      "hablante": "Hablante A",
      "inicio": 34.01,
      "fin": 34.15,
      "duracion": 0.14,
      "texto": "Así es.",
      "confianza": 0.009
    },
    {
      "hablante": "Hablante A",
      "inicio": 34.17,
      "fin": 39.26,
      "duracion": 5.09,
      "texto": "Teníamos para brindarle una promoción de seis mil cuatrocientos pesos con catorce gigas.",
      "confianza": 0.663
    },
    {
      "hablante": "Hablante A",
      "inicio": 40.68,
      "fin": 41.14,
      "duracion": 0.46,
      "texto": "No, no.",
      "confianza": 0.177
    },
    {
      "hablante": "Hablante A",
      "inicio": 41.16,
      "fin": 44.31,
      "duracion": 3.14,
      "texto": "Me figura que es titular de cuatro líneas.",
      "confianza": 0.094
    },
    {
      "hablante": "Hablante A",
      "inicio": 44.33,
      "fin": 44.47,
      "duracion": 0.14,
      "texto": "Exacto.",
      "confianza": 0.031
    },
    {
      "hablante": "Hablante A",
      "inicio": 44.49,
      "fin": 48.75,
      "duracion": 4.27,
      "texto": "Siempre fuimos titulares de cuatro líneas, fuimos titulares de cuatro líneas y nunca nos ofrecieron nada.",
      "confianza": 0.684
    },
    {
      "hablante": "Hablante A",
      "inicio": 48.77,
      "fin": 53.28,
      "duracion": 4.51,
      "texto": "Así que nos cambiamos a claro y ya me han bastardeado.",
      "confianza": 0.668
    },
    {
      "hablante": "Hablante A",
      "inicio": 53.3,
      "fin": 56.16,
      "duracion": 2.86,
      "texto": "Me llaman a cada rato y no nos vamos a cambiar.",
      "confianza": 0.639
    },
    {
      "hablante": "Hablante A",
      "inicio": 56.18,
      "fin": 56.68,
      "duracion": 0.5,
      "texto": "Ya estamos",
      "confianza": 0.859
    },
    {
      "hablante": "Hablante A",
      "inicio": 57.59,
      "fin": 59.99,
      "duracion": 2.4,
      "texto": "Estamos súper bien.",
      "confianza": 0.116
    },
    {
      "hablante": "Hablante A",
      "inicio": 60.02,
      "fin": 67.34,
      "duracion": 7.33,
      "texto": "Te agradezco de todos modos, pero igual... No, no, no, o sea... A ver, te lo voy a decir por otros caminos.",
      "confianza": 0.508
    },
    {
      "hablante": "Hablante A",
      "inicio": 68.15,
      "fin": 70.95,
      "duracion": 2.8,
      "texto": "Cuando el amor lo descuidas y se va, no vuelve.",
      "confianza": 0.696
    },
    {
      "hablante": "Hablante A",
      "inicio": 70.97,
      "fin": 71.89,
      "duracion": 0.92,
      "texto": "Acá pasa lo mismo.",
      "confianza": 0.626
    },
    {
      "hablante": "Hablante A",
      "inicio": 71.91,
      "fin": 82.85,
      "duracion": 10.94,
      "texto": "Yo pagaba hasta 100.000 pesos por las cuatro líneas, nunca me ofrecieron nada, y ahora me están queriendo meter algo que realmente, cuando en su momento era cliente, nunca me ofrecieron.",
      "confianza": 0.674
    },
    {
      "hablante": "Hablante A",
      "inicio": 82.87,
      "fin": 85.49,
      "duracion": 2.62,
      "texto": "Me pasé el claro y directamente me...",
      "confianza": 0.641
    },
    {
      "hablante": "Hablante A",
      "inicio": 85.96,
      "fin": 89.24,
      "duracion": 3.28,
      "texto": "Estoy super bien con claro, no tengo ni medio drama.",
      "confianza": 0.559
    },
    {
      "hablante": "Hablante A",
      "inicio": 89.82,
      "fin": 91.78,
      "duracion": 1.96,
      "texto": "No, al contrario.",
      "confianza": 0.76
    },
    {
      "hablante": "Hablante A",
      "inicio": 91.8,
      "fin": 95.55,
      "duracion": 3.74,
      "texto": "¿Entendés lo que te quiero decir?",
      "confianza": 0.54
    },
    {
      "hablante": "Hablante A",
      "inicio": 95.57,
      "fin": 96.29,
      "duracion": 0.72,
      "texto": "Pero ¿cuántos días tienen con claro?",
      "confianza": 0.005
    },
    {
      "hablante": "Hablante A",
      "inicio": 96.31,
      "fin": 97.35,
      "duracion": 1.04,
      "texto": "¿Cómo?",
      "confianza": 0.549
    },
    {
      "hablante": "Hablante A",
      "inicio": 97.37,
      "fin": 100.75,
      "duracion": 3.38,
      "texto": "No sé, pero estoy super bien con los días que estoy trabajando bien.",
      "confianza": 0.329
    },
    {
      "hablante": "Hablante A",
      "inicio": 101.51,
      "fin": 102.45,
      "duracion": 0.94,
      "texto": "No tengo el problema.",
      "confianza": 0.781
    },
    {
      "hablante": "Hablante A",
      "inicio": 103.09,
      "fin": 109.82,
      "duracion": 6.73,
      "texto": "Pago, no estoy pagando prácticamente la mitad de lo que pagaba con ustedes.",
      "confianza": 0.631
    },
    {
      "hablante": "Hablante A",
      "inicio": 109.84,
      "fin": 110.74,
      "duracion": 0.9,
      "texto": "Pues digo, no nos vamos a cambiar.",
      "confianza": 0.261
    },
    {
      "hablante": "Hablante A",
      "inicio": 110.78,
      "fin": 111.48,
      "duracion": 0.7,
      "texto": "Estamos bien ahora.",
      "confianza": 0.688
    },
    {
      "hablante": "Hablante A",
      "inicio": 111.54,
      "fin": 113.16,
      "duracion": 1.62,
      "texto": "Te agradezco igual.",
      "confianza": 0.564
    },
    {
      "hablante": "Hablante A",
      "inicio": 113.18,
      "fin": 113.7,
      "duracion": 0.52,
      "texto": "¿Entendés?",
      "confianza": 0.184
    },
    {
      "hablante": "Hablante A",
      "inicio": 114.14,
      "fin": 118.21,
      "duracion": 4.07,
      "texto": "Bueno, que sea muy bien, no hay problema.",
      "confianza": 0.719
    }
  ],
  "transcripcion_completa": "Hola, general. Buenas tardes. ¿Con familiares de Miriam? Sí. Un gusto, Macarena. Mi nombre nos estamos contactando para brindarle en el día de hoy una muy buena promoción en las líneas. Ella actualmente está en claro, ¿verdad? Estamos todos en claro. Bien, perfecto. Y de consultor, ¿cuánto están abonando aproximadamente por la línea? No tengo idea, perdón. Estamos súper bien. ¿Dónde hay más de movilidad? Así es. Teníamos para brindarle una promoción de seis mil cuatrocientos pesos con catorce gigas. No, no. Me figura que es titular de cuatro líneas. Exacto. Siempre fuimos titulares de cuatro líneas, fuimos titulares de cuatro líneas y nunca nos ofrecieron nada. Así que nos cambiamos a claro y ya me han bastardeado. Me llaman a cada rato y no nos vamos a cambiar. Ya estamos Estamos súper bien. Te agradezco de todos modos, pero igual... No, no, no, o sea... A ver, te lo voy a decir por otros caminos. Cuando el amor lo descuidas y se va, no vuelve. Acá pasa lo mismo. Yo pagaba hasta 100.000 pesos por las cuatro líneas, nunca me ofrecieron nada, y ahora me están queriendo meter algo que realmente, cuando en su momento era cliente, nunca me ofrecieron. Me pasé el claro y directamente me... Estoy super bien con claro, no tengo ni medio drama. No, al contrario. ¿Entendés lo que te quiero decir? Pero ¿cuántos días tienen con claro? ¿Cómo? No sé, pero estoy super bien con los días que estoy trabajando bien. No tengo el problema. Pago, no estoy pagando prácticamente la mitad de lo que pagaba con ustedes. Pues digo, no nos vamos a cambiar. Estamos bien ahora. Te agradezco igual. ¿Entendés? Bueno, que sea muy bien, no hay problema.",
  "calidad": {
    "confianza_promedio": 0.482,
    "metodo_diarizacion": "pausas_fallback",
    "tiempo_procesamiento": 6.2
  },
  "metadata": {
    "modelo": "whisperx_medium",
    "diarizacion": "pausas",
    "dispositivo": "cuda",
    "fecha": "2026-01-26T02:04:20.358381",
    "version": "5.0_ecapa"
  }
}