{
  "archivo": "amza1_1_260119143908434_ACD_88407.wav",
  "duracion_segundos": 288.63,
  "num_segmentos": 62,
  "num_hablantes": 2,
  "hablantes": [
    "Hablante A",
    "Hablante B"
  ],
  "tiempo_por_hablante": {
    "Hablante A": 96.91,
    "Hablante B": 165.93
  },
  "idioma": "es",
  "conversacion": [
    {
      "hablante": "Hablante A",
      "inicio": 1.26,
      "fin": 2.0,
      "duracion": 0.74,
      "texto": "Hola, ¿qué tal?",
      "confianza": 0.342
    },
    {
      "hablante": "Hablante A",
      "inicio": 2.02,
      "fin": 3.58,
      "duracion": 1.56,
      "texto": "Buenos días, he hablado con Patricia.",
      "confianza": 0.46
    },
    {
      "hablante": "Hablante B",
      "inicio": 5.83,
      "fin": 6.15,
      "duracion": 0.32,
      "texto": "Sí, buenos días.",
      "confianza": 0.027
    },
    {
      "hablante": "Hablante B",
      "inicio": 6.17,
      "fin": 6.83,
      "duracion": 0.66,
      "texto": "Patricia, cómo te va?",
      "confianza": 0.196
    },
    {
      "hablante": "Hablante B",
      "inicio": 6.91,
      "fin": 8.03,
      "duracion": 1.12,
      "texto": "Un placer hablar con usted.",
      "confianza": 0.603
    },
    {
      "hablante": "Hablante B",
      "inicio": 8.57,
      "fin": 11.29,
      "duracion": 2.72,
      "texto": "¿Todo bien?",
      "confianza": 0.566
    },
    {
      "hablante": "Hablante B",
      "inicio": 11.31,
      "fin": 11.51,
      "duracion": 0.2,
      "texto": "Todo bien.",
      "confianza": 0.036
    },
    {
      "hablante": "Hablante B",
      "inicio": 11.53,
      "fin": 12.49,
      "duracion": 0.96,
      "texto": "Bueno, me alegro.",
      "confianza": 0.366
    },
    {
      "hablante": "Hablante B",
      "inicio": 12.53,
      "fin": 14.03,
      "duracion": 1.5,
      "texto": "Patricia, le comento, soy muy breve.",
      "confianza": 0.708
    },
    {
      "hablante": "Hablante B",
      "inicio": 14.09,
      "fin": 17.08,
      "duracion": 2.98,
      "texto": "Sí, yo me comunico justamente en la área de beneficios de Movistar.",
      "confianza": 0.66
    },
    {
      "hablante": "Hablante B",
      "inicio": 18.1,
      "fin": 23.32,
      "duracion": 5.22,
      "texto": "Me figura que usted estuvo anteriormente en la compañía y queríamos darle lo que es un descuento para que justamente vuelva bien.",
      "confianza": 0.774
    },
    {
      "hablante": "Hablante B",
      "inicio": 24.76,
      "fin": 27.11,
      "duracion": 2.34,
      "texto": "Actualmente tiene lo que es un abono mensual en la compañía de Claro.",
      "confianza": 0.57
    },
    {
      "hablante": "Hablante A",
      "inicio": 29.57,
      "fin": 30.31,
      "duracion": 0.74,
      "texto": "Sí, estoy en Claro.",
      "confianza": 0.412
    },
    {
      "hablante": "Hablante A",
      "inicio": 30.62,
      "fin": 57.17,
      "duracion": 26.55,
      "texto": "Bien, Patricia, ya comento brevemente la promoción a ver si le interesa si es justamente un plan de 8 GB de base más 8 GB de regalo por 6 meses que le va a incluir en este caso, lo que es WhatsApp gratis los 30 días del mes, llamadas libres a cualquier compañía, no importa cual sea, y además tiene como extra lo que es roaming en América y llamadas América preciosa, es decir, que las llamadas que usted haga fuera del país en América se van a facturar como llamadas nacionales, ¿sí?",
      "confianza": 0.68
    },
    {
      "hablante": "Hablante A",
      "inicio": 57.56,
      "fin": 61.98,
      "duracion": 4.43,
      "texto": "Todo esto por ocho mil pesos mensuales con un descuento fijo por seis meses.",
      "confianza": 0.586
    },
    {
      "hablante": "Hablante A",
      "inicio": 62.02,
      "fin": 64.97,
      "duracion": 2.94,
      "texto": "No sé qué le parece, Patricia.",
      "confianza": 0.711
    },
    {
      "hablante": "Hablante A",
      "inicio": 65.29,
      "fin": 68.79,
      "duracion": 3.5,
      "texto": "Por el momento, mira, no me voy a cambiar de empresa.",
      "confianza": 0.689
    },
    {
      "hablante": "Hablante A",
      "inicio": 69.11,
      "fin": 76.52,
      "duracion": 7.41,
      "texto": "Voy a esperar porque me faltan un par de meses para terminar con una promoción que tenía y después lo voy a volver a analizar.",
      "confianza": 0.723
    },
    {
      "hablante": "Hablante A",
      "inicio": 76.54,
      "fin": 81.11,
      "duracion": 4.57,
      "texto": "A ver si me conviene seguir con esta empresa con la cual estoy.",
      "confianza": 0.644
    },
    {
      "hablante": "Hablante A",
      "inicio": 81.71,
      "fin": 83.89,
      "duracion": 2.18,
      "texto": "Obviamente, me cambio.",
      "confianza": 0.792
    },
    {
      "hablante": "Hablante A",
      "inicio": 85.0,
      "fin": 86.52,
      "duracion": 1.52,
      "texto": "Bien, pero estamos hablando más usted.",
      "confianza": 0.288
    },
    {
      "hablante": "Hablante A",
      "inicio": 86.82,
      "fin": 97.85,
      "duracion": 11.03,
      "texto": "Estoy abonando... Está abonando lo de 13 mil pesos, debe estar abonando.",
      "confianza": 0.642
    },
    {
      "hablante": "Hablante A",
      "inicio": 97.87,
      "fin": 99.07,
      "duracion": 1.2,
      "texto": "Espero que 11.",
      "confianza": 0.158
    },
    {
      "hablante": "Hablante A",
      "inicio": 99.09,
      "fin": 101.62,
      "duracion": 2.52,
      "texto": "Sí, acá me figura así.",
      "confianza": 0.544
    },
    {
      "hablante": "Hablante A",
      "inicio": 102.44,
      "fin": 107.32,
      "duracion": 4.89,
      "texto": "No me figura el precio, pero me figura que el plan actual se tiene en los 12 mil, 13 mil pesos.",
      "confianza": 0.672
    },
    {
      "hablante": "Hablante A",
      "inicio": 108.61,
      "fin": 109.43,
      "duracion": 0.82,
      "texto": "Sí, algo así.",
      "confianza": 0.246
    },
    {
      "hablante": "Hablante A",
      "inicio": 109.45,
      "fin": 111.41,
      "duracion": 1.96,
      "texto": "Pero quiero esperar",
      "confianza": 0.806
    },
    {
      "hablante": "Hablante A",
      "inicio": 111.78,
      "fin": 115.64,
      "duracion": 3.86,
      "texto": "Porque ya creo que, no sé, me parece que pronto se terminan el promo.",
      "confianza": 0.696
    },
    {
      "hablante": "Hablante A",
      "inicio": 116.02,
      "fin": 118.66,
      "duracion": 2.64,
      "texto": "Me parece que era algo así.",
      "confianza": 0.168
    },
    {
      "hablante": "Hablante A",
      "inicio": 118.69,
      "fin": 122.13,
      "duracion": 3.44,
      "texto": "Y ver qué me ofrecen y si no, me cambiaré de empresa.",
      "confianza": 0.504
    },
    {
      "hablante": "Hablante A",
      "inicio": 123.03,
      "fin": 129.7,
      "duracion": 6.67,
      "texto": "Claro, pero en ese caso, ¿por qué no directamente probar ahora a Patricia, que le estoy brindando lo que es un descuento fijo por seis meses de 8.000?",
      "confianza": 0.721
    },
    {
      "hablante": "Hablante A",
      "inicio": 129.9,
      "fin": 131.64,
      "duracion": 1.74,
      "texto": "Ya sabes que se va a quedar con este precio.",
      "confianza": 0.708
    },
    {
      "hablante": "Hablante B",
      "inicio": 134.3,
      "fin": 137.56,
      "duracion": 3.26,
      "texto": "Es un plan a más de 16 gigas, ¿sí?",
      "confianza": 0.707
    },
    {
      "hablante": "Hablante B",
      "inicio": 138.03,
      "fin": 140.2,
      "duracion": 2.16,
      "texto": "O sea, ahora, claro, usted, ¿qué pasa?",
      "confianza": 0.582
    },
    {
      "hablante": "Hablante B",
      "inicio": 140.28,
      "fin": 151.83,
      "duracion": 11.55,
      "texto": "Claro, a usted, primeramente, le brinda lo que es un plan, por ejemplo, de 8 gigas más 4 gigas de regalo, pero cuando ustedes lo expresen la bonificación, no le dan digas de regalo, sino que le dan un descuento.",
      "confianza": 0.711
    },
    {
      "hablante": "Hablante B",
      "inicio": 152.35,
      "fin": 153.68,
      "duracion": 1.32,
      "texto": "Usted se queda con el plan básico.",
      "confianza": 0.741
    },
    {
      "hablante": "Hablante B",
      "inicio": 153.69,
      "fin": 157.82,
      "duracion": 4.12,
      "texto": "Es decir que ahora usted debe estar contando con 4 gigas en su línea móvil, me imagino.",
      "confianza": 0.69
    },
    {
      "hablante": "Hablante B",
      "inicio": 158.5,
      "fin": 167.55,
      "duracion": 9.05,
      "texto": "Si usted renueva la bonificación de cada mes, lo que va a hacer claro es que le va a bajar justamente el precio a usted, pero le va a dejar el plan de 4 gigas inicial, ¿sí?",
      "confianza": 0.674
    },
    {
      "hablante": "Hablante B",
      "inicio": 167.89,
      "fin": 175.81,
      "duracion": 7.93,
      "texto": "En este caso, nosotros le estamos ofreciendo el plan de 16 gigas, 8 gigas de base más, 8 de regalo, y va a pagar 8 mil pesos, ¿sí?",
      "confianza": 0.741
    },
    {
      "hablante": "Hablante B",
      "inicio": 175.84,
      "fin": 181.82,
      "duracion": 5.99,
      "texto": "Es justamente 8 mil pesos mensuales lo que va a estar abonando, ¿sí?",
      "confianza": 0.531
    },
    {
      "hablante": "Hablante B",
      "inicio": 182.62,
      "fin": 185.68,
      "duracion": 3.06,
      "texto": "Sí, sí, pero por el momento voy a seguir con esto.",
      "confianza": 0.614
    },
    {
      "hablante": "Hablante B",
      "inicio": 185.7,
      "fin": 194.65,
      "duracion": 8.95,
      "texto": "Ya te digo, terminado la promoción de que eso yo estoy creo que dentro de una promoción, terminada la promoción voy a ver qué hago.",
      "confianza": 0.646
    },
    {
      "hablante": "Hablante B",
      "inicio": 195.16,
      "fin": 206.04,
      "duracion": 10.88,
      "texto": "Yo salí del país y la verdad que no tuve en ningún momento ningún problema con esta empresa.",
      "confianza": 0.698
    },
    {
      "hablante": "Hablante B",
      "inicio": 206.2,
      "fin": 216.68,
      "duracion": 10.48,
      "texto": "Yo no sé si en determinados momentos, por ahora no voy a salir, pero en determinados momentos tendría que salir, yo no sé si movistar me funcionaría lo mismo.",
      "confianza": 0.675
    },
    {
      "hablante": "Hablante B",
      "inicio": 217.09,
      "fin": 222.12,
      "duracion": 5.03,
      "texto": "Y sí, es el plan de roaming, por eso mismo, es lo que estoy haciendo yo justamente el día de hoy, señora.",
      "confianza": 0.579
    },
    {
      "hablante": "Hablante B",
      "inicio": 222.48,
      "fin": 230.19,
      "duracion": 7.71,
      "texto": "¿Tanto que esté dentro de Sudamérica o usted, por ejemplo, en Europa o en algún otro lugar?",
      "confianza": 0.714
    },
    {
      "hablante": "Hablante B",
      "inicio": 230.21,
      "fin": 231.43,
      "duracion": 1.22,
      "texto": "¿Nada es igual o no?",
      "confianza": 0.291
    },
    {
      "hablante": "Hablante B",
      "inicio": 231.45,
      "fin": 238.16,
      "duracion": 6.71,
      "texto": "En este caso, el plan promocional de 8.000 pesos que estoy mirando yo es el plan justamente de roaming en América, ¿bien?",
      "confianza": 0.74
    },
    {
      "hablante": "Hablante B",
      "inicio": 238.18,
      "fin": 240.87,
      "duracion": 2.68,
      "texto": "No es el plan de roaming al mundo.",
      "confianza": 0.737
    },
    {
      "hablante": "Hablante B",
      "inicio": 241.13,
      "fin": 245.43,
      "duracion": 4.31,
      "texto": "El de roaming al mundo no es tan descuento, tiene un valor de 23.000 pesos.",
      "confianza": 0.668
    },
    {
      "hablante": "Hablante B",
      "inicio": 245.45,
      "fin": 245.95,
      "duracion": 0.5,
      "texto": "¿Bien?",
      "confianza": 0.808
    },
    {
      "hablante": "Hablante B",
      "inicio": 246.22,
      "fin": 248.04,
      "duracion": 1.82,
      "texto": "Ese justamente es más cortoso.",
      "confianza": 0.37
    },
    {
      "hablante": "Hablante B",
      "inicio": 248.54,
      "fin": 259.54,
      "duracion": 11.0,
      "texto": "Pero bueno, ahí igual la cámara le mandó un mensaje por WhatsApp, le adjunté las promociones, el plan de trabajo es el que tiene Roaming en el mundo y el plan de arriba es el que tiene Roaming en América, ¿sí?",
      "confianza": 0.626
    },
    {
      "hablante": "Hablante B",
      "inicio": 259.56,
      "fin": 260.88,
      "duracion": 1.32,
      "texto": "Dale, dale.",
      "confianza": 0.28
    },
    {
      "hablante": "Hablante B",
      "inicio": 260.9,
      "fin": 268.03,
      "duracion": 7.13,
      "texto": "Bueno, estábamos en comunicación, bajo, por cualquier cosa, pero por el momento ya te he ido.",
      "confianza": 0.652
    },
    {
      "hablante": "Hablante B",
      "inicio": 268.05,
      "fin": 273.76,
      "duracion": 5.71,
      "texto": "Pero si lo quisiera igual, tal vez en la tarde o mañana, tal vez en la semana y cambiado opinión,",
      "confianza": 0.603
    },
    {
      "hablante": "Hablante B",
      "inicio": 274.03,
      "fin": 280.05,
      "duracion": 6.02,
      "texto": "porque quiero aprovechar el descuento, me mando mensajes de número y no hay problema, ¿sí?",
      "confianza": 0.65
    },
    {
      "hablante": "Hablante B",
      "inicio": 280.07,
      "fin": 280.29,
      "duracion": 0.22,
      "texto": "Dale, dale.",
      "confianza": 0.008
    },
    {
      "hablante": "Hablante B",
      "inicio": 280.31,
      "fin": 280.73,
      "duracion": 0.42,
      "texto": "Buenísimo, buenísimo.",
      "confianza": 0.015
    },
    {
      "hablante": "Hablante B",
      "inicio": 280.75,
      "fin": 284.78,
      "duracion": 4.03,
      "texto": "Gracias por tu atención, por la explicación también.",
      "confianza": 0.798
    },
    {
      "hablante": "Hablante B",
      "inicio": 285.28,
      "fin": 288.07,
      "duracion": 2.79,
      "texto": "Bueno, muchas gracias.",
      "confianza": 0.654
    },
    {
      "hablante": "Hablante B",
      "inicio": 288.09,
      "fin": 288.63,
      "duracion": 0.54,
      "texto": "Gracias.",
      "confianza": 0.238
    }
  ],
  "transcripcion_completa": "Hola, ¿qué tal? Buenos días, he hablado con Patricia. Sí, buenos días. Patricia, cómo te va? Un placer hablar con usted. ¿Todo bien? Todo bien. Bueno, me alegro. Patricia, le comento, soy muy breve. Sí, yo me comunico justamente en la área de beneficios de Movistar. Me figura que usted estuvo anteriormente en la compañía y queríamos darle lo que es un descuento para que justamente vuelva bien. Actualmente tiene lo que es un abono mensual en la compañía de Claro. Sí, estoy en Claro. Bien, Patricia, ya comento brevemente la promoción a ver si le interesa si es justamente un plan de 8 GB de base más 8 GB de regalo por 6 meses que le va a incluir en este caso, lo que es WhatsApp gratis los 30 días del mes, llamadas libres a cualquier compañía, no importa cual sea, y además tiene como extra lo que es roaming en América y llamadas América preciosa, es decir, que las llamadas que usted haga fuera del país en América se van a facturar como llamadas nacionales, ¿sí? Todo esto por ocho mil pesos mensuales con un descuento fijo por seis meses. No sé qué le parece, Patricia. Por el momento, mira, no me voy a cambiar de empresa. Voy a esperar porque me faltan un par de meses para terminar con una promoción que tenía y después lo voy a volver a analizar. A ver si me conviene seguir con esta empresa con la cual estoy. Obviamente, me cambio. Bien, pero estamos hablando más usted. Estoy abonando... Está abonando lo de 13 mil pesos, debe estar abonando. Espero que 11. Sí, acá me figura así. No me figura el precio, pero me figura que el plan actual se tiene en los 12 mil, 13 mil pesos. Sí, algo así. Pero quiero esperar Porque ya creo que, no sé, me parece que pronto se terminan el promo. Me parece que era algo así. Y ver qué me ofrecen y si no, me cambiaré de empresa. Claro, pero en ese caso, ¿por qué no directamente probar ahora a Patricia, que le estoy brindando lo que es un descuento fijo por seis meses de 8.000? Ya sabes que se va a quedar con este precio. Es un plan a más de 16 gigas, ¿sí? O sea, ahora, claro, usted, ¿qué pasa? Claro, a usted, primeramente, le brinda lo que es un plan, por ejemplo, de 8 gigas más 4 gigas de regalo, pero cuando ustedes lo expresen la bonificación, no le dan digas de regalo, sino que le dan un descuento. Usted se queda con el plan básico. Es decir que ahora usted debe estar contando con 4 gigas en su línea móvil, me imagino. Si usted renueva la bonificación de cada mes, lo que va a hacer claro es que le va a bajar justamente el precio a usted, pero le va a dejar el plan de 4 gigas inicial, ¿sí? En este caso, nosotros le estamos ofreciendo el plan de 16 gigas, 8 gigas de base más, 8 de regalo, y va a pagar 8 mil pesos, ¿sí? Es justamente 8 mil pesos mensuales lo que va a estar abonando, ¿sí? Sí, sí, pero por el momento voy a seguir con esto. Ya te digo, terminado la promoción de que eso yo estoy creo que dentro de una promoción, terminada la promoción voy a ver qué hago. Yo salí del país y la verdad que no tuve en ningún momento ningún problema con esta empresa. Yo no sé si en determinados momentos, por ahora no voy a salir, pero en determinados momentos tendría que salir, yo no sé si movistar me funcionaría lo mismo. Y sí, es el plan de roaming, por eso mismo, es lo que estoy haciendo yo justamente el día de hoy, señora. ¿Tanto que esté dentro de Sudamérica o usted, por ejemplo, en Europa o en algún otro lugar? ¿Nada es igual o no? En este caso, el plan promocional de 8.000 pesos que estoy mirando yo es el plan justamente de roaming en América, ¿bien? No es el plan de roaming al mundo. El de roaming al mundo no es tan descuento, tiene un valor de 23.000 pesos. ¿Bien? Ese justamente es más cortoso. Pero bueno, ahí igual la cámara le mandó un mensaje por WhatsApp, le adjunté las promociones, el plan de trabajo es el que tiene Roaming en el mundo y el plan de arriba es el que tiene Roaming en América, ¿sí? Dale, dale. Bueno, estábamos en comunicación, bajo, por cualquier cosa, pero por el momento ya te he ido. Pero si lo quisiera igual, tal vez en la tarde o mañana, tal vez en la semana y cambiado opinión, porque quiero aprovechar el descuento, me mando mensajes de número y no hay problema, ¿sí? Dale, dale. Buenísimo, buenísimo. Gracias por tu atención, por la explicación también. Bueno, muchas gracias. Gracias.",
  "calidad": {
    "confianza_promedio": 0.551,
    "metodo_diarizacion": "pausas_fallback",
    "tiempo_procesamiento": 10.4
  },
  "metadata": {
    "modelo": "whisperx_medium",
    "diarizacion": "pausas",
    "dispositivo": "cuda",
    "fecha": "2026-01-25T17:41:28.131430",
    "version": "5.0_ecapa"
  }
}