{
  "archivo": "amza23_1_260121142213223_ACD_00381.wav",
  "duracion_segundos": 67.16,
  "num_segmentos": 18,
  "num_hablantes": 2,
  "hablantes": [
    "Hablante A",
    "Hablante B"
  ],
  "tiempo_por_hablante": {
    "Hablante A": 29.69,
    "Hablante B": 27.15
  },
  "idioma": "es",
  "conversacion": [
    {
      "hablante": "Hablante A",
      "inicio": 0.03,
      "fin": 5.5,
      "duracion": 5.47,
      "texto": "Hola, ¿buenas tardes con Verónica?",
      "confianza": 0.592
    },
    {
      "hablante": "Hablante A",
      "inicio": 5.52,
      "fin": 7.06,
      "duracion": 1.54,
      "texto": "No, ¿a quién habla?",
      "confianza": 0.129
    },
    {
      "hablante": "Hablante A",
      "inicio": 7.08,
      "fin": 11.95,
      "duracion": 4.87,
      "texto": "Macarena es mi nombre, nos estamos contactando para brindarte un beneficio en tu línea al día de hoy.",
      "confianza": 0.65
    },
    {
      "hablante": "Hablante A",
      "inicio": 13.23,
      "fin": 14.42,
      "duracion": 1.18,
      "texto": "No, ya te lo agradezco mucho.",
      "confianza": 0.294
    },
    {
      "hablante": "Hablante A",
      "inicio": 14.68,
      "fin": 23.91,
      "duracion": 9.24,
      "texto": "¿Hay alguna manera de que, porque este es nuestro teléfono de Verónica, no es nada de Verónica, y me llaman todo el tiempo, ¿hay alguna manera de que le podamos dar de baja?",
      "confianza": 0.73
    },
    {
      "hablante": "Hablante A",
      "inicio": 25.39,
      "fin": 31.44,
      "duracion": 6.05,
      "texto": "Bien, en ese caso deberías contactarte a la asteriscose 11 que es de apreciar al cliente.",
      "confianza": 0.67
    },
    {
      "hablante": "Hablante A",
      "inicio": 31.5,
      "fin": 32.85,
      "duracion": 1.34,
      "texto": "Yo estoy en el área de ventas.",
      "confianza": 0.541
    },
    {
      "hablante": "Hablante B",
      "inicio": 35.27,
      "fin": 38.03,
      "duracion": 2.76,
      "texto": "Porque tenemos una muy buena promoción para tu línea.",
      "confianza": 0.685
    },
    {
      "hablante": "Hablante B",
      "inicio": 39.36,
      "fin": 40.8,
      "duracion": 1.44,
      "texto": "No, yo te agradezco un montón.",
      "confianza": 0.632
    },
    {
      "hablante": "Hablante B",
      "inicio": 41.04,
      "fin": 42.48,
      "duracion": 1.44,
      "texto": "Quisiera que no me llamen más.",
      "confianza": 0.762
    },
    {
      "hablante": "Hablante B",
      "inicio": 43.92,
      "fin": 47.05,
      "duracion": 3.12,
      "texto": "Pero en todo caso, si yo quiero una promoción en algún momento entraré.",
      "confianza": 0.601
    },
    {
      "hablante": "Hablante B",
      "inicio": 47.67,
      "fin": 49.17,
      "duracion": 1.5,
      "texto": "Pero me gustaría que no me llamen más.",
      "confianza": 0.668
    },
    {
      "hablante": "Hablante B",
      "inicio": 50.0,
      "fin": 55.09,
      "duracion": 5.09,
      "texto": "Digo, vos no podréis escribir ahí por sistema, como no llamar más, me quiere el mundo.",
      "confianza": 0.605
    },
    {
      "hablante": "Hablante B",
      "inicio": 55.1,
      "fin": 58.91,
      "duracion": 3.81,
      "texto": "Es una manera de contactar, pero son distintas bases las que se contactan.",
      "confianza": 0.747
    },
    {
      "hablante": "Hablante B",
      "inicio": 59.09,
      "fin": 65.26,
      "duracion": 6.17,
      "texto": "No, eso es de ya, pero si ya vamos liquidando una base, está buenísimo.",
      "confianza": 0.511
    },
    {
      "hablante": "Hablante B",
      "inicio": 65.3,
      "fin": 66.64,
      "duracion": 1.34,
      "texto": "Perfecto.",
      "confianza": 0.407
    },
    {
      "hablante": "Hablante B",
      "inicio": 66.66,
      "fin": 66.82,
      "duracion": 0.16,
      "texto": "Gracias.",
      "confianza": 0.046
    },
    {
      "hablante": "Hablante B",
      "inicio": 66.84,
      "fin": 67.16,
      "duracion": 0.32,
      "texto": "Chau, chau.",
      "confianza": 0.315
    }
  ],
  "transcripcion_completa": "Hola, ¿buenas tardes con Verónica? No, ¿a quién habla? Macarena es mi nombre, nos estamos contactando para brindarte un beneficio en tu línea al día de hoy. No, ya te lo agradezco mucho. ¿Hay alguna manera de que, porque este es nuestro teléfono de Verónica, no es nada de Verónica, y me llaman todo el tiempo, ¿hay alguna manera de que le podamos dar de baja? Bien, en ese caso deberías contactarte a la asteriscose 11 que es de apreciar al cliente. Yo estoy en el área de ventas. Porque tenemos una muy buena promoción para tu línea. No, yo te agradezco un montón. Quisiera que no me llamen más. Pero en todo caso, si yo quiero una promoción en algún momento entraré. Pero me gustaría que no me llamen más. Digo, vos no podréis escribir ahí por sistema, como no llamar más, me quiere el mundo. Es una manera de contactar, pero son distintas bases las que se contactan. No, eso es de ya, pero si ya vamos liquidando una base, está buenísimo. Perfecto. Gracias. Chau, chau.",
  "calidad": {
    "confianza_promedio": 0.532,
    "metodo_diarizacion": "pausas_fallback",
    "tiempo_procesamiento": 4.7
  },
  "metadata": {
    "modelo": "whisperx_medium",
    "diarizacion": "pausas",
    "dispositivo": "cuda",
    "fecha": "2026-01-25T18:14:45.554531",
    "version": "5.0_ecapa"
  }
}