{
  "archivo": "amza24_1_260121144310822_MIT_01967.wav",
  "duracion_segundos": 1097.33,
  "num_segmentos": 312,
  "num_hablantes": 2,
  "hablantes": [
    "Hablante A",
    "Hablante B"
  ],
  "tiempo_por_hablante": {
    "Hablante A": 726.28,
    "Hablante B": 262.36
  },
  "idioma": "es",
  "conversacion": [
    {
      "hablante": "Hablante A",
      "inicio": 0.03,
      "fin": 13.48,
      "duracion": 13.45,
      "texto": "Me habló una que le hablé hace un ratito que tenía tres viñas.",
      "confianza": 0.569
    },
    {
      "hablante": "Hablante A",
      "inicio": 13.5,
      "fin": 14.58,
      "duracion": 1.08,
      "texto": "Hola.",
      "confianza": 0.613
    },
    {
      "hablante": "Hablante A",
      "inicio": 14.72,
      "fin": 16.32,
      "duracion": 1.6,
      "texto": "Hola, Cynthia.",
      "confianza": 0.518
    },
    {
      "hablante": "Hablante A",
      "inicio": 17.3,
      "fin": 18.93,
      "duracion": 1.62,
      "texto": "Mi hijo tiene poca batería.",
      "confianza": 0.651
    },
    {
      "hablante": "Hablante A",
      "inicio": 19.79,
      "fin": 20.87,
      "duracion": 1.08,
      "texto": "Ah, bien, perfecto.",
      "confianza": 0.462
    },
    {
      "hablante": "Hablante A",
      "inicio": 21.27,
      "fin": 21.63,
      "duracion": 0.36,
      "texto": "Dale.",
      "confianza": 0.929
    },
    {
      "hablante": "Hablante A",
      "inicio": 21.92,
      "fin": 24.52,
      "duracion": 2.6,
      "texto": "Bien, Cynthia, bueno, vamos a hacer lo siguiente.",
      "confianza": 0.594
    },
    {
      "hablante": "Hablante A",
      "inicio": 24.7,
      "fin": 31.45,
      "duracion": 6.75,
      "texto": "Como te había contado, bueno, yo te voy a mandar entonces ahora lo que sea el mensaje de texto con el código de portabilidad, ¿bien?",
      "confianza": 0.61
    },
    {
      "hablante": "Hablante A",
      "inicio": 31.99,
      "fin": 37.26,
      "duracion": 5.27,
      "texto": "Que es el que nos va a permitir cambiar de compañía y que no pierdan los números, que sigan conservando los números.",
      "confianza": 0.738
    },
    {
      "hablante": "Hablante A",
      "inicio": 38.24,
      "fin": 42.42,
      "duracion": 4.18,
      "texto": "Las líneas que vamos a portar entonces es la 11-35-74-94-24, ¿sí?",
      "confianza": 0.767
    },
    {
      "hablante": "Hablante A",
      "inicio": 42.84,
      "fin": 48.57,
      "duracion": 5.73,
      "texto": "Y las otras dos, ¿cuáles serían?",
      "confianza": 0.623
    },
    {
      "hablante": "Hablante A",
      "inicio": 49.22,
      "fin": 52.1,
      "duracion": 2.88,
      "texto": "La del papá, que termina en 22.",
      "confianza": 0.621
    },
    {
      "hablante": "Hablante A",
      "inicio": 52.92,
      "fin": 53.21,
      "duracion": 0.28,
      "texto": "Sí.",
      "confianza": 0.601
    },
    {
      "hablante": "Hablante A",
      "inicio": 53.23,
      "fin": 64.78,
      "duracion": 11.55,
      "texto": "Aguárdeme, que ver si la tengo por aquí.",
      "confianza": 0.565
    },
    {
      "hablante": "Hablante A",
      "inicio": 64.8,
      "fin": 66.02,
      "duracion": 1.22,
      "texto": "Sí, porque está en un lugar de las líneas.",
      "confianza": 0.115
    },
    {
      "hablante": "Hablante A",
      "inicio": 66.04,
      "fin": 66.1,
      "duracion": 0.06,
      "texto": "Sí.",
      "confianza": 0.001
    },
    {
      "hablante": "Hablante A",
      "inicio": 66.12,
      "fin": 66.36,
      "duracion": 0.24,
      "texto": "Aguárdeme.",
      "confianza": 0.109
    },
    {
      "hablante": "Hablante A",
      "inicio": 66.38,
      "fin": 66.46,
      "duracion": 0.08,
      "texto": "425.",
      "confianza": 0.309
    },
    {
      "hablante": "Hablante A",
      "inicio": 66.48,
      "fin": 66.58,
      "duracion": 0.1,
      "texto": "Bien.",
      "confianza": 0.236
    },
    {
      "hablante": "Hablante A",
      "inicio": 66.6,
      "fin": 67.86,
      "duracion": 1.26,
      "texto": "Acá solamente me figura una.",
      "confianza": 0.661
    },
    {
      "hablante": "Hablante A",
      "inicio": 67.9,
      "fin": 69.32,
      "duracion": 1.42,
      "texto": "¿Me las puede decir usted?",
      "confianza": 0.796
    },
    {
      "hablante": "Hablante A",
      "inicio": 69.44,
      "fin": 69.94,
      "duracion": 0.5,
      "texto": "¿Puede estar?",
      "confianza": 0.554
    },
    {
      "hablante": "Hablante B",
      "inicio": 71.62,
      "fin": 74.1,
      "duracion": 2.48,
      "texto": "Ahora, ahí te digo.",
      "confianza": 0.261
    },
    {
      "hablante": "Hablante B",
      "inicio": 74.12,
      "fin": 74.28,
      "duracion": 0.16,
      "texto": "Dígame.",
      "confianza": 0.233
    },
    {
      "hablante": "Hablante B",
      "inicio": 74.3,
      "fin": 75.75,
      "duracion": 1.44,
      "texto": "9424 es la de mi hijo.",
      "confianza": 0.441
    },
    {
      "hablante": "Hablante A",
      "inicio": 77.45,
      "fin": 77.51,
      "duracion": 0.06,
      "texto": "Sí.",
      "confianza": 0.333
    },
    {
      "hablante": "Hablante A",
      "inicio": 77.67,
      "fin": 81.46,
      "duracion": 3.78,
      "texto": "¿Ya no me pasaste entre tu papá?",
      "confianza": 0.32
    },
    {
      "hablante": "Hablante A",
      "inicio": 81.56,
      "fin": 86.22,
      "duracion": 4.67,
      "texto": "65 o 26 también anda a ver.",
      "confianza": 0.392
    },
    {
      "hablante": "Hablante A",
      "inicio": 86.25,
      "fin": 86.79,
      "duracion": 0.54,
      "texto": "Bien.",
      "confianza": 0.307
    },
    {
      "hablante": "Hablante A",
      "inicio": 86.81,
      "fin": 88.63,
      "duracion": 1.82,
      "texto": "¿Me las puede escribir en el WhatsApp?",
      "confianza": 0.514
    },
    {
      "hablante": "Hablante A",
      "inicio": 88.65,
      "fin": 89.33,
      "duracion": 0.68,
      "texto": "¿Me hace el favor?",
      "confianza": 0.652
    },
    {
      "hablante": "Hablante A",
      "inicio": 90.07,
      "fin": 91.13,
      "duracion": 1.06,
      "texto": "Dale, dale.",
      "confianza": 0.513
    },
    {
      "hablante": "Hablante A",
      "inicio": 91.15,
      "fin": 91.71,
      "duracion": 0.56,
      "texto": "Dale.",
      "confianza": 0.579
    },
    {
      "hablante": "Hablante A",
      "inicio": 91.73,
      "fin": 94.9,
      "duracion": 3.16,
      "texto": "Ah, pero no porque vos me estás llamando.",
      "confianza": 0.556
    },
    {
      "hablante": "Hablante A",
      "inicio": 95.38,
      "fin": 101.97,
      "duracion": 6.59,
      "texto": "Vos me envías... Ah, bueno, del número de su hijo, que me las escriba él en el... Dale, espera.",
      "confianza": 0.706
    },
    {
      "hablante": "Hablante A",
      "inicio": 102.13,
      "fin": 105.67,
      "duracion": 3.55,
      "texto": "Una consulta, por si me dice que se va a quedar sin materia.",
      "confianza": 0.599
    },
    {
      "hablante": "Hablante A",
      "inicio": 106.01,
      "fin": 107.99,
      "duracion": 1.98,
      "texto": "Esta línea, la que yo ahora estoy llamando, no.",
      "confianza": 0.595
    },
    {
      "hablante": "Hablante A",
      "inicio": 108.13,
      "fin": 110.55,
      "duracion": 2.42,
      "texto": "Esta es la suya que es personal, ¿verdad?",
      "confianza": 0.665
    },
    {
      "hablante": "Hablante A",
      "inicio": 110.57,
      "fin": 110.65,
      "duracion": 0.08,
      "texto": "Sí.",
      "confianza": 0.485
    },
    {
      "hablante": "Hablante A",
      "inicio": 111.43,
      "fin": 112.92,
      "duracion": 1.48,
      "texto": "Es la que voy a pasar.",
      "confianza": 0.747
    },
    {
      "hablante": "Hablante A",
      "inicio": 113.9,
      "fin": 115.72,
      "duracion": 1.82,
      "texto": "La mía la voy a pasar.",
      "confianza": 0.724
    },
    {
      "hablante": "Hablante A",
      "inicio": 115.74,
      "fin": 116.42,
      "duracion": 0.68,
      "texto": "¿Amovilizar?",
      "confianza": 0.392
    },
    {
      "hablante": "Hablante A",
      "inicio": 117.32,
      "fin": 118.5,
      "duracion": 1.18,
      "texto": "Bien.",
      "confianza": 0.504
    },
    {
      "hablante": "Hablante A",
      "inicio": 118.52,
      "fin": 120.87,
      "duracion": 2.34,
      "texto": "Claro, porque como dijiste, son tres líneas.",
      "confianza": 0.259
    },
    {
      "hablante": "Hablante A",
      "inicio": 121.81,
      "fin": 130.78,
      "duracion": 8.97,
      "texto": "Era la que era más fácil, que más bonifícara.",
      "confianza": 0.495
    },
    {
      "hablante": "Hablante A",
      "inicio": 130.8,
      "fin": 131.0,
      "duracion": 0.2,
      "texto": "Sí, claro.",
      "confianza": 0.002
    },
    {
      "hablante": "Hablante A",
      "inicio": 131.02,
      "fin": 131.26,
      "duracion": 0.24,
      "texto": "Exactamente.",
      "confianza": 0.001
    },
    {
      "hablante": "Hablante A",
      "inicio": 131.28,
      "fin": 131.42,
      "duracion": 0.14,
      "texto": "Sí, sí.",
      "confianza": 0.017
    },
    {
      "hablante": "Hablante A",
      "inicio": 131.44,
      "fin": 131.6,
      "duracion": 0.16,
      "texto": "Bien.",
      "confianza": 0.219
    },
    {
      "hablante": "Hablante A",
      "inicio": 131.62,
      "fin": 135.41,
      "duracion": 3.78,
      "texto": "Es esta y la de... Bien, la que faltaría es la del papá.",
      "confianza": 0.55
    },
    {
      "hablante": "Hablante A",
      "inicio": 135.74,
      "fin": 139.22,
      "duracion": 3.48,
      "texto": "Ahí te digo, ¿sí?",
      "confianza": 0.081
    },
    {
      "hablante": "Hablante A",
      "inicio": 139.24,
      "fin": 139.34,
      "duracion": 0.1,
      "texto": "Bien.",
      "confianza": 0.094
    },
    {
      "hablante": "Hablante A",
      "inicio": 139.36,
      "fin": 141.99,
      "duracion": 2.62,
      "texto": "Aguárdame un momento que quiero verificar.",
      "confianza": 0.701
    },
    {
      "hablante": "Hablante A",
      "inicio": 142.01,
      "fin": 146.41,
      "duracion": 4.41,
      "texto": "¿Te paso el de la pared?",
      "confianza": 0.55
    },
    {
      "hablante": "Hablante A",
      "inicio": 146.43,
      "fin": 146.99,
      "duracion": 0.56,
      "texto": "Sí.",
      "confianza": 0.551
    },
    {
      "hablante": "Hablante A",
      "inicio": 147.01,
      "fin": 150.52,
      "duracion": 3.5,
      "texto": "11-63-06.",
      "confianza": 0.855
    },
    {
      "hablante": "Hablante A",
      "inicio": 150.54,
      "fin": 154.28,
      "duracion": 3.74,
      "texto": "¿11-6-3 o 7-3?",
      "confianza": 0.828
    },
    {
      "hablante": "Hablante A",
      "inicio": 155.3,
      "fin": 156.16,
      "duracion": 0.86,
      "texto": "No, 6-3.",
      "confianza": 0.792
    },
    {
      "hablante": "Hablante A",
      "inicio": 156.93,
      "fin": 157.07,
      "duracion": 0.14,
      "texto": "Sí.",
      "confianza": 0.495
    },
    {
      "hablante": "Hablante A",
      "inicio": 157.87,
      "fin": 158.61,
      "duracion": 0.74,
      "texto": "0-6.",
      "confianza": 0.854
    },
    {
      "hablante": "Hablante A",
      "inicio": 159.55,
      "fin": 159.67,
      "duracion": 0.12,
      "texto": "Sí.",
      "confianza": 0.439
    },
    {
      "hablante": "Hablante A",
      "inicio": 160.67,
      "fin": 161.11,
      "duracion": 0.44,
      "texto": "6-5.",
      "confianza": 0.88
    },
    {
      "hablante": "Hablante A",
      "inicio": 161.13,
      "fin": 161.47,
      "duracion": 0.34,
      "texto": "Sí.",
      "confianza": 0.555
    },
    {
      "hablante": "Hablante A",
      "inicio": 161.49,
      "fin": 164.19,
      "duracion": 2.7,
      "texto": "22.",
      "confianza": 0.884
    },
    {
      "hablante": "Hablante A",
      "inicio": 165.22,
      "fin": 170.93,
      "duracion": 5.71,
      "texto": "Te lo repito, 1163-06-652.",
      "confianza": 0.615
    },
    {
      "hablante": "Hablante A",
      "inicio": 170.95,
      "fin": 172.65,
      "duracion": 1.7,
      "texto": "No, 06 no, 63-02.",
      "confianza": 0.684
    },
    {
      "hablante": "Hablante A",
      "inicio": 173.21,
      "fin": 174.69,
      "duracion": 1.48,
      "texto": "Ah, 022.",
      "confianza": 0.898
    },
    {
      "hablante": "Hablante A",
      "inicio": 174.71,
      "fin": 183.73,
      "duracion": 9.01,
      "texto": "Cualquier cosa le entendi, perdonen.",
      "confianza": 0.579
    },
    {
      "hablante": "Hablante A",
      "inicio": 183.75,
      "fin": 184.81,
      "duracion": 1.06,
      "texto": "022.",
      "confianza": 0.68
    },
    {
      "hablante": "Hablante A",
      "inicio": 184.83,
      "fin": 185.03,
      "duracion": 0.2,
      "texto": "023.",
      "confianza": 0.406
    },
    {
      "hablante": "Hablante A",
      "inicio": 185.05,
      "fin": 185.45,
      "duracion": 0.4,
      "texto": "06.",
      "confianza": 0.676
    },
    {
      "hablante": "Hablante A",
      "inicio": 185.51,
      "fin": 186.61,
      "duracion": 1.1,
      "texto": "Ah, perdón.",
      "confianza": 0.23
    },
    {
      "hablante": "Hablante A",
      "inicio": 186.63,
      "fin": 187.27,
      "duracion": 0.64,
      "texto": "Sí, era 06.",
      "confianza": 0.47
    },
    {
      "hablante": "Hablante A",
      "inicio": 187.89,
      "fin": 188.43,
      "duracion": 0.54,
      "texto": "Ajá, bien.",
      "confianza": 0.42
    },
    {
      "hablante": "Hablante A",
      "inicio": 188.45,
      "fin": 190.16,
      "duracion": 1.7,
      "texto": "Te lo repito, Rosmero.",
      "confianza": 0.751
    },
    {
      "hablante": "Hablante A",
      "inicio": 190.18,
      "fin": 191.34,
      "duracion": 1.16,
      "texto": "Dale.",
      "confianza": 0.64
    },
    {
      "hablante": "Hablante A",
      "inicio": 191.36,
      "fin": 191.82,
      "duracion": 0.46,
      "texto": "1163.",
      "confianza": 0.884
    },
    {
      "hablante": "Hablante A",
      "inicio": 192.68,
      "fin": 199.4,
      "duracion": 6.73,
      "texto": "0, 6, 6, 5, 2, 2.",
      "confianza": 0.399
    },
    {
      "hablante": "Hablante A",
      "inicio": 199.42,
      "fin": 199.48,
      "duracion": 0.06,
      "texto": "Sí.",
      "confianza": 0.022
    },
    {
      "hablante": "Hablante A",
      "inicio": 199.5,
      "fin": 200.06,
      "duracion": 0.56,
      "texto": "Perfecto.",
      "confianza": 0.133
    },
    {
      "hablante": "Hablante A",
      "inicio": 200.08,
      "fin": 200.48,
      "duracion": 0.4,
      "texto": "Bien.",
      "confianza": 0.655
    },
    {
      "hablante": "Hablante A",
      "inicio": 200.5,
      "fin": 201.12,
      "duracion": 0.62,
      "texto": "Aguárdeme.",
      "confianza": 0.687
    },
    {
      "hablante": "Hablante A",
      "inicio": 201.46,
      "fin": 202.44,
      "duracion": 0.98,
      "texto": "Quiero verificar.",
      "confianza": 0.708
    },
    {
      "hablante": "Hablante B",
      "inicio": 205.47,
      "fin": 213.04,
      "duracion": 7.57,
      "texto": "Villanueva, Rondinel, Ángel, Jesús, los tres últimos dígitos del DNI de él, 2, 2, 1.",
      "confianza": 0.591
    },
    {
      "hablante": "Hablante B",
      "inicio": 213.06,
      "fin": 213.16,
      "duracion": 0.1,
      "texto": "Sí.",
      "confianza": 0.302
    },
    {
      "hablante": "Hablante B",
      "inicio": 213.18,
      "fin": 213.24,
      "duracion": 0.06,
      "texto": "Sí.",
      "confianza": 0.284
    },
    {
      "hablante": "Hablante B",
      "inicio": 213.26,
      "fin": 213.78,
      "duracion": 0.52,
      "texto": "Perfecto.",
      "confianza": 0.799
    },
    {
      "hablante": "Hablante B",
      "inicio": 214.2,
      "fin": 214.32,
      "duracion": 0.12,
      "texto": "Bien.",
      "confianza": 0.321
    },
    {
      "hablante": "Hablante B",
      "inicio": 214.34,
      "fin": 215.02,
      "duracion": 0.68,
      "texto": "Aguárdeme.",
      "confianza": 0.62
    },
    {
      "hablante": "Hablante B",
      "inicio": 216.26,
      "fin": 220.66,
      "duracion": 4.4,
      "texto": "Quiero ver si se tenían abiertos en la mano.",
      "confianza": 0.202
    },
    {
      "hablante": "Hablante B",
      "inicio": 220.68,
      "fin": 220.78,
      "duracion": 0.1,
      "texto": "Bien.",
      "confianza": 0.017
    },
    {
      "hablante": "Hablante B",
      "inicio": 220.8,
      "fin": 220.86,
      "duracion": 0.06,
      "texto": "No.",
      "confianza": 0.036
    },
    {
      "hablante": "Hablante B",
      "inicio": 220.88,
      "fin": 221.7,
      "duracion": 0.82,
      "texto": "Un momento.",
      "confianza": 0.33
    },
    {
      "hablante": "Hablante B",
      "inicio": 222.68,
      "fin": 238.4,
      "duracion": 15.72,
      "texto": "Está por acá.",
      "confianza": 0.329
    },
    {
      "hablante": "Hablante B",
      "inicio": 238.42,
      "fin": 241.2,
      "duracion": 2.78,
      "texto": "Bien, dígame un mail, por favor, brindeme un mail.",
      "confianza": 0.583
    },
    {
      "hablante": "Hablante B",
      "inicio": 242.22,
      "fin": 243.91,
      "duracion": 1.68,
      "texto": "Alma Mariano Tiziano.",
      "confianza": 0.621
    },
    {
      "hablante": "Hablante B",
      "inicio": 245.25,
      "fin": 245.83,
      "duracion": 0.58,
      "texto": "Alma.",
      "confianza": 0.782
    },
    {
      "hablante": "Hablante B",
      "inicio": 247.07,
      "fin": 248.39,
      "duracion": 1.32,
      "texto": "Mariano Tiziano.",
      "confianza": 0.649
    },
    {
      "hablante": "Hablante B",
      "inicio": 248.97,
      "fin": 251.44,
      "duracion": 2.46,
      "texto": "Mariano Tiziano concerta, ¿verdad?",
      "confianza": 0.76
    },
    {
      "hablante": "Hablante B",
      "inicio": 252.46,
      "fin": 252.52,
      "duracion": 0.06,
      "texto": "Sí.",
      "confianza": 0.332
    },
    {
      "hablante": "Hablante B",
      "inicio": 252.89,
      "fin": 263.3,
      "duracion": 10.41,
      "texto": "¿Sí?",
      "confianza": 0.622
    },
    {
      "hablante": "Hablante B",
      "inicio": 263.32,
      "fin": 263.58,
      "duracion": 0.26,
      "texto": "Arroba email.",
      "confianza": 0.0
    },
    {
      "hablante": "Hablante B",
      "inicio": 263.6,
      "fin": 263.7,
      "duracion": 0.1,
      "texto": "Bien.",
      "confianza": 0.0
    },
    {
      "hablante": "Hablante B",
      "inicio": 263.72,
      "fin": 263.92,
      "duracion": 0.2,
      "texto": "Punto com.",
      "confianza": 0.0
    },
    {
      "hablante": "Hablante B",
      "inicio": 263.94,
      "fin": 264.12,
      "duracion": 0.18,
      "texto": "Perfecto.",
      "confianza": 0.002
    },
    {
      "hablante": "Hablante B",
      "inicio": 264.14,
      "fin": 264.24,
      "duracion": 0.1,
      "texto": "Bien.",
      "confianza": 0.005
    },
    {
      "hablante": "Hablante B",
      "inicio": 264.26,
      "fin": 267.78,
      "duracion": 3.52,
      "texto": "Bien, le voy a enviar entonces al número de su hijo, ¿sí?",
      "confianza": 0.584
    },
    {
      "hablante": "Hablante B",
      "inicio": 267.8,
      "fin": 268.0,
      "duracion": 0.2,
      "texto": "Sí.",
      "confianza": 0.368
    },
    {
      "hablante": "Hablante B",
      "inicio": 268.56,
      "fin": 271.85,
      "duracion": 3.28,
      "texto": "Que lo que sería el mensaje de texto con el código de portabilidad.",
      "confianza": 0.845
    },
    {
      "hablante": "Hablante B",
      "inicio": 271.95,
      "fin": 279.15,
      "duracion": 7.21,
      "texto": "Recuerde de enviarme, por favor, al mismo WhatsApp lo que sería foto de frente y dorsal del DNI.",
      "confianza": 0.854
    },
    {
      "hablante": "Hablante B",
      "inicio": 279.18,
      "fin": 279.3,
      "duracion": 0.12,
      "texto": "¿Bien?",
      "confianza": 0.002
    },
    {
      "hablante": "Hablante B",
      "inicio": 279.32,
      "fin": 279.64,
      "duracion": 0.32,
      "texto": "Vale.",
      "confianza": 0.781
    },
    {
      "hablante": "Hablante B",
      "inicio": 280.54,
      "fin": 282.45,
      "duracion": 1.9,
      "texto": "del titular, ¿sí?",
      "confianza": 0.442
    },
    {
      "hablante": "Hablante B",
      "inicio": 282.47,
      "fin": 285.23,
      "duracion": 2.76,
      "texto": "Sí, eso se lo tengo que pedir a él ahora.",
      "confianza": 0.625
    },
    {
      "hablante": "Hablante B",
      "inicio": 285.61,
      "fin": 286.13,
      "duracion": 0.52,
      "texto": "Dale.",
      "confianza": 0.348
    },
    {
      "hablante": "Hablante B",
      "inicio": 286.15,
      "fin": 296.94,
      "duracion": 10.79,
      "texto": "Y te lo voy a estar pasando, pero... Pero te lo puedo pasar mañana o más tarde.",
      "confianza": 0.714
    },
    {
      "hablante": "Hablante B",
      "inicio": 296.96,
      "fin": 297.56,
      "duracion": 0.6,
      "texto": "Sí, pues sí.",
      "confianza": 0.313
    },
    {
      "hablante": "Hablante B",
      "inicio": 297.58,
      "fin": 299.53,
      "duracion": 1.94,
      "texto": "Hoy sería lo ideal por la promoción, ¿sí?",
      "confianza": 0.675
    },
    {
      "hablante": "Hablante B",
      "inicio": 300.47,
      "fin": 307.82,
      "duracion": 7.35,
      "texto": "El tema es... ¿Hasta qué hora te lo puedo pasar?",
      "confianza": 0.612
    },
    {
      "hablante": "Hablante B",
      "inicio": 307.84,
      "fin": 309.54,
      "duracion": 1.7,
      "texto": "Mísimáximo seis y media.",
      "confianza": 0.547
    },
    {
      "hablante": "Hablante B",
      "inicio": 309.86,
      "fin": 312.68,
      "duracion": 2.82,
      "texto": "Como máximo.",
      "confianza": 0.454
    },
    {
      "hablante": "Hablante B",
      "inicio": 312.7,
      "fin": 317.78,
      "duracion": 5.08,
      "texto": "Ahí, si es el que le llegó el mensajito de texto, el SMS.",
      "confianza": 0.483
    },
    {
      "hablante": "Hablante B",
      "inicio": 317.8,
      "fin": 323.61,
      "duracion": 5.81,
      "texto": "Porque como a él lo asaltaron varias veces, sale sin el documento.",
      "confianza": 0.748
    },
    {
      "hablante": "Hablante A",
      "inicio": 327.69,
      "fin": 327.81,
      "duracion": 0.12,
      "texto": "¿Cómo?",
      "confianza": 0.006
    },
    {
      "hablante": "Hablante A",
      "inicio": 327.83,
      "fin": 331.72,
      "duracion": 3.88,
      "texto": "Como a él ya le robaron la última vez, sale sin el documento.",
      "confianza": 0.768
    },
    {
      "hablante": "Hablante A",
      "inicio": 332.44,
      "fin": 333.42,
      "duracion": 0.98,
      "texto": "Ah, está bien.",
      "confianza": 0.387
    },
    {
      "hablante": "Hablante A",
      "inicio": 333.44,
      "fin": 334.2,
      "duracion": 0.76,
      "texto": "Ese es el tema.",
      "confianza": 0.711
    },
    {
      "hablante": "Hablante A",
      "inicio": 334.54,
      "fin": 334.94,
      "duracion": 0.4,
      "texto": "Está bien.",
      "confianza": 0.246
    },
    {
      "hablante": "Hablante A",
      "inicio": 334.96,
      "fin": 336.62,
      "duracion": 1.66,
      "texto": "Él sale a las seis de trabajar.",
      "confianza": 0.55
    },
    {
      "hablante": "Hablante A",
      "inicio": 336.87,
      "fin": 347.71,
      "duracion": 10.84,
      "texto": "Por ahí, si los chicos tienen, por ahí nosotros les enviamos a los hijos para que hagan algún trámite, si tienen alguna foto de Fred y Orso.",
      "confianza": 0.69
    },
    {
      "hablante": "Hablante A",
      "inicio": 348.61,
      "fin": 352.76,
      "duracion": 4.15,
      "texto": "Creo que sí, ahora... Sí, búsquenlo tranquilo.",
      "confianza": 0.491
    },
    {
      "hablante": "Hablante A",
      "inicio": 352.78,
      "fin": 365.61,
      "duracion": 12.84,
      "texto": "Fíjese ahí el teléfono de su hijo, que su hijo se fije si le servo el mensajito de texto, el SMS, con el remitente 223.",
      "confianza": 0.713
    },
    {
      "hablante": "Hablante A",
      "inicio": 366.2,
      "fin": 382.25,
      "duracion": 16.05,
      "texto": "El remitente es 223, es un mensaje de texto común.",
      "confianza": 0.719
    },
    {
      "hablante": "Hablante A",
      "inicio": 382.27,
      "fin": 389.02,
      "duracion": 6.75,
      "texto": "Es un mensaje de texto con el 2-3-3.",
      "confianza": 0.438
    },
    {
      "hablante": "Hablante B",
      "inicio": 392.39,
      "fin": 399.9,
      "duracion": 7.51,
      "texto": "Cuando le llegue, necesito, por favor, que le haga captura de pantalla y me lo mande al WhatsApp, donde estábamos hablando.",
      "confianza": 0.737
    },
    {
      "hablante": "Hablante B",
      "inicio": 399.92,
      "fin": 417.16,
      "duracion": 17.24,
      "texto": "Cuando te llegue, le hagas captura de pantalla y que se lo pases al WhatsApp.",
      "confianza": 0.144
    },
    {
      "hablante": "Hablante B",
      "inicio": 417.18,
      "fin": 417.38,
      "duracion": 0.2,
      "texto": "¿Le llegó?",
      "confianza": 0.01
    },
    {
      "hablante": "Hablante B",
      "inicio": 417.4,
      "fin": 417.68,
      "duracion": 0.28,
      "texto": "Le llegó.",
      "confianza": 0.11
    },
    {
      "hablante": "Hablante B",
      "inicio": 417.7,
      "fin": 417.94,
      "duracion": 0.24,
      "texto": "Dice que no.",
      "confianza": 0.111
    },
    {
      "hablante": "Hablante A",
      "inicio": 422.16,
      "fin": 426.22,
      "duracion": 4.06,
      "texto": "Perfecto.",
      "confianza": 0.496
    },
    {
      "hablante": "Hablante A",
      "inicio": 426.38,
      "fin": 445.15,
      "duracion": 18.76,
      "texto": "Bien, hay ese mensaje que le haga captura de pantalla y me lo mande al WhatsApp.",
      "confianza": 0.665
    },
    {
      "hablante": "Hablante A",
      "inicio": 445.17,
      "fin": 445.57,
      "duracion": 0.4,
      "texto": "Bien.",
      "confianza": 0.827
    },
    {
      "hablante": "Hablante A",
      "inicio": 445.78,
      "fin": 454.31,
      "duracion": 8.53,
      "texto": "Por otro lado, sí, Cynthia, vas a estar recibiendo llamadas en el día de hoy en tu línea, en la de tu hijo o en la de el mamá de los chicos, ¿bien?",
      "confianza": 0.625
    },
    {
      "hablante": "Hablante A",
      "inicio": 454.56,
      "fin": 454.62,
      "duracion": 0.06,
      "texto": "Sí.",
      "confianza": 0.03
    },
    {
      "hablante": "Hablante A",
      "inicio": 454.63,
      "fin": 459.76,
      "duracion": 5.13,
      "texto": "Que puede que sea o de claro o de movistar que es para ver que esté activa en la línea, ¿bien?",
      "confianza": 0.765
    },
    {
      "hablante": "Hablante A",
      "inicio": 459.94,
      "fin": 464.79,
      "duracion": 4.85,
      "texto": "Les recomiendo no atender estas llamadas para no generar una doble facturación, ¿sí?",
      "confianza": 0.716
    },
    {
      "hablante": "Hablante A",
      "inicio": 464.81,
      "fin": 472.38,
      "duracion": 7.57,
      "texto": "Para que esta solicitud ingrese en su curso, ¿bien?",
      "confianza": 0.584
    },
    {
      "hablante": "Hablante A",
      "inicio": 472.4,
      "fin": 472.8,
      "duracion": 0.4,
      "texto": "¿Qué están llamando?",
      "confianza": 0.004
    },
    {
      "hablante": "Hablante A",
      "inicio": 472.82,
      "fin": 473.58,
      "duracion": 0.76,
      "texto": "Porque justo estaban llamando",
      "confianza": 0.102
    },
    {
      "hablante": "Hablante A",
      "inicio": 473.83,
      "fin": 476.67,
      "duracion": 2.84,
      "texto": "Claro, que no atienda esta llamada.",
      "confianza": 0.222
    },
    {
      "hablante": "Hablante A",
      "inicio": 476.73,
      "fin": 483.08,
      "duracion": 6.35,
      "texto": "No atienda, porque puede generar una doble facturación y tampoco le pasen documentación a ningún otro asesor.",
      "confianza": 0.825
    },
    {
      "hablante": "Hablante A",
      "inicio": 483.24,
      "fin": 486.12,
      "duracion": 2.88,
      "texto": "Bien, a partir de ahora, solo voy a hacer su asesor.",
      "confianza": 0.509
    },
    {
      "hablante": "Hablante A",
      "inicio": 486.14,
      "fin": 488.12,
      "duracion": 1.98,
      "texto": "Así que les voy a llevar la portabilidad.",
      "confianza": 0.554
    },
    {
      "hablante": "Hablante A",
      "inicio": 488.61,
      "fin": 502.5,
      "duracion": 13.89,
      "texto": "Después cualquier, por supuesto, cualquier consulta o lo que tengan, me hablen en WhatsApp.",
      "confianza": 0.702
    },
    {
      "hablante": "Hablante A",
      "inicio": 502.52,
      "fin": 503.7,
      "duracion": 1.18,
      "texto": "Habíamos dicho...",
      "confianza": 0.296
    },
    {
      "hablante": "Hablante B",
      "inicio": 507.46,
      "fin": 513.09,
      "duracion": 5.63,
      "texto": "Bien, vamos a verificar lo que es la sucursal para enviarle los chips.",
      "confianza": 0.675
    },
    {
      "hablante": "Hablante B",
      "inicio": 513.23,
      "fin": 517.35,
      "duracion": 4.12,
      "texto": "Habíamos dicho, recuérdemelo en qué localidad era.",
      "confianza": 0.683
    },
    {
      "hablante": "Hablante B",
      "inicio": 517.37,
      "fin": 518.39,
      "duracion": 1.02,
      "texto": "San Isidro.",
      "confianza": 0.238
    },
    {
      "hablante": "Hablante B",
      "inicio": 518.41,
      "fin": 522.88,
      "duracion": 4.47,
      "texto": "Ah, cierto, que habíamos visto, también me acordé, me había olvidado.",
      "confianza": 0.553
    },
    {
      "hablante": "Hablante B",
      "inicio": 522.9,
      "fin": 523.94,
      "duracion": 1.04,
      "texto": "Aguárdeme.",
      "confianza": 0.497
    },
    {
      "hablante": "Hablante B",
      "inicio": 523.96,
      "fin": 531.69,
      "duracion": 7.73,
      "texto": "Esto dijimos que era Caba y habíamos visto cual, perdóneme, recuerda por favor, era de él.",
      "confianza": 0.687
    },
    {
      "hablante": "Hablante B",
      "inicio": 531.71,
      "fin": 532.39,
      "duracion": 0.68,
      "texto": "Sí, habíamos visto.",
      "confianza": 0.125
    },
    {
      "hablante": "Hablante B",
      "inicio": 532.91,
      "fin": 534.33,
      "duracion": 1.42,
      "texto": "Centenario 12.",
      "confianza": 0.609
    },
    {
      "hablante": "Hablante B",
      "inicio": 534.89,
      "fin": 535.72,
      "duracion": 0.82,
      "texto": "Ah, claro.",
      "confianza": 0.738
    },
    {
      "hablante": "Hablante B",
      "inicio": 535.74,
      "fin": 538.46,
      "duracion": 2.72,
      "texto": "Y esto era Palermo, ¿era?",
      "confianza": 0.7
    },
    {
      "hablante": "Hablante B",
      "inicio": 538.48,
      "fin": 546.99,
      "duracion": 8.51,
      "texto": "No, no, esto es San Isidro.",
      "confianza": 0.474
    },
    {
      "hablante": "Hablante B",
      "inicio": 547.01,
      "fin": 558.59,
      "duracion": 11.58,
      "texto": "Ah, sí, pero no me salió como San Isidro.",
      "confianza": 0.238
    },
    {
      "hablante": "Hablante B",
      "inicio": 558.61,
      "fin": 559.05,
      "duracion": 0.44,
      "texto": "A ver.",
      "confianza": 0.522
    },
    {
      "hablante": "Hablante A",
      "inicio": 562.56,
      "fin": 567.04,
      "duracion": 4.49,
      "texto": "Acá está el encontro, San Isidro.",
      "confianza": 0.367
    },
    {
      "hablante": "Hablante A",
      "inicio": 567.06,
      "fin": 572.01,
      "duracion": 4.95,
      "texto": "Claro, habíamos dicho Centenario, el que tenía los sábados también.",
      "confianza": 0.603
    },
    {
      "hablante": "Hablante B",
      "inicio": 573.59,
      "fin": 577.6,
      "duracion": 4.0,
      "texto": "Sí, porque prefiero la que está abierta los sábados.",
      "confianza": 0.47
    },
    {
      "hablante": "Hablante B",
      "inicio": 577.62,
      "fin": 578.44,
      "duracion": 0.82,
      "texto": "Claro, seguro.",
      "confianza": 0.698
    },
    {
      "hablante": "Hablante B",
      "inicio": 578.6,
      "fin": 579.3,
      "duracion": 0.7,
      "texto": "Ahí estamos.",
      "confianza": 0.514
    },
    {
      "hablante": "Hablante B",
      "inicio": 579.32,
      "fin": 588.03,
      "duracion": 8.71,
      "texto": "Era esta.",
      "confianza": 0.665
    },
    {
      "hablante": "Hablante A",
      "inicio": 594.03,
      "fin": 594.79,
      "duracion": 0.76,
      "texto": "Ahí está.",
      "confianza": 0.118
    },
    {
      "hablante": "Hablante A",
      "inicio": 594.81,
      "fin": 596.58,
      "duracion": 1.76,
      "texto": "Ahí te lo voy a mandar.",
      "confianza": 0.43
    },
    {
      "hablante": "Hablante A",
      "inicio": 596.6,
      "fin": 597.86,
      "duracion": 1.26,
      "texto": "Me acuerdo si te lo había mandado.",
      "confianza": 0.477
    },
    {
      "hablante": "Hablante A",
      "inicio": 597.9,
      "fin": 598.62,
      "duracion": 0.72,
      "texto": "No, no.",
      "confianza": 0.628
    },
    {
      "hablante": "Hablante A",
      "inicio": 598.8,
      "fin": 600.12,
      "duracion": 1.32,
      "texto": "Ah, bien.",
      "confianza": 0.722
    },
    {
      "hablante": "Hablante A",
      "inicio": 600.14,
      "fin": 602.64,
      "duracion": 2.5,
      "texto": "Ahí vas a ir a retirar los chips.",
      "confianza": 0.572
    },
    {
      "hablante": "Hablante A",
      "inicio": 602.66,
      "fin": 604.05,
      "duracion": 1.38,
      "texto": "Entonces, ¿cuándo les llegues?",
      "confianza": 0.515
    },
    {
      "hablante": "Hablante A",
      "inicio": 604.07,
      "fin": 605.01,
      "duracion": 0.94,
      "texto": "¿Bien?",
      "confianza": 0.554
    },
    {
      "hablante": "Hablante A",
      "inicio": 605.03,
      "fin": 609.17,
      "duracion": 4.15,
      "texto": "Entonces, bueno, después, ya te he dicho, viene lo que es la foto de frente y ahora es el de mí.",
      "confianza": 0.496
    },
    {
      "hablante": "Hablante A",
      "inicio": 609.22,
      "fin": 614.58,
      "duracion": 5.37,
      "texto": "Por ahí, que alguno de los chicos tenga, me la mandan al WhatsApp.",
      "confianza": 0.593
    },
    {
      "hablante": "Hablante A",
      "inicio": 614.6,
      "fin": 616.29,
      "duracion": 1.68,
      "texto": "¿Sí?",
      "confianza": 0.448
    },
    {
      "hablante": "Hablante A",
      "inicio": 616.31,
      "fin": 616.41,
      "duracion": 0.1,
      "texto": "Dale.",
      "confianza": 0.054
    },
    {
      "hablante": "Hablante A",
      "inicio": 616.43,
      "fin": 616.65,
      "duracion": 0.22,
      "texto": "Dale.",
      "confianza": 0.3
    },
    {
      "hablante": "Hablante A",
      "inicio": 616.67,
      "fin": 617.93,
      "duracion": 1.26,
      "texto": "¿Dentro de cuántos días?",
      "confianza": 0.162
    },
    {
      "hablante": "Hablante A",
      "inicio": 617.95,
      "fin": 619.13,
      "duracion": 1.18,
      "texto": "Bien, es así.",
      "confianza": 0.369
    },
    {
      "hablante": "Hablante A",
      "inicio": 619.15,
      "fin": 619.97,
      "duracion": 0.82,
      "texto": "A ver, te explico bien.",
      "confianza": 0.299
    },
    {
      "hablante": "Hablante A",
      "inicio": 620.19,
      "fin": 620.71,
      "duracion": 0.52,
      "texto": "Es así.",
      "confianza": 0.357
    },
    {
      "hablante": "Hablante A",
      "inicio": 620.96,
      "fin": 630.67,
      "duracion": 9.71,
      "texto": "más o menos en 48 o 72 horas a la vila le va a estar llegando la notificación de que están los chips para que los retiren.",
      "confianza": 0.64
    },
    {
      "hablante": "Hablante A",
      "inicio": 630.7,
      "fin": 643.19,
      "duracion": 12.5,
      "texto": "Se van a acercar a la secursal, van a retirar los chips pero no los van a poner en el teléfono hasta que no les llegue el mensaje avisándoles de que claro va a dejar de funcionar.",
      "confianza": 0.686
    },
    {
      "hablante": "Hablante A",
      "inicio": 643.21,
      "fin": 648.24,
      "duracion": 5.03,
      "texto": "Por lo general claro dejar de funcionar a las 5 de la mañana.",
      "confianza": 0.752
    },
    {
      "hablante": "Hablante A",
      "inicio": 648.34,
      "fin": 658.79,
      "duracion": 10.45,
      "texto": "en posteriores y horarios se van a dar cuenta de que la línea no funciona, ahí es cuando tienen que cambiar los cheques.",
      "confianza": 0.659
    },
    {
      "hablante": "Hablante A",
      "inicio": 658.81,
      "fin": 668.62,
      "duracion": 9.81,
      "texto": "Yo te voy a hacer ahora lo que es el cierre comercial, que es para que queden registros de estas llamadas de lo que están contratando.",
      "confianza": 0.677
    },
    {
      "hablante": "Hablante A",
      "inicio": 669.68,
      "fin": 671.26,
      "duracion": 1.58,
      "texto": "Para recibir futuras promociones.",
      "confianza": 0.734
    },
    {
      "hablante": "Hablante A",
      "inicio": 671.28,
      "fin": 673.92,
      "duracion": 2.64,
      "texto": "¿Usted tiene Internet Movistar?",
      "confianza": 0.79
    },
    {
      "hablante": "Hablante A",
      "inicio": 673.94,
      "fin": 676.06,
      "duracion": 2.12,
      "texto": "¿Cómo?",
      "confianza": 0.728
    },
    {
      "hablante": "Hablante A",
      "inicio": 676.6,
      "fin": 678.48,
      "duracion": 1.88,
      "texto": "para recibir futuras promociones.",
      "confianza": 0.792
    },
    {
      "hablante": "Hablante A",
      "inicio": 678.5,
      "fin": 682.61,
      "duracion": 4.11,
      "texto": "¿Usted tiene internet movilizar actualmente en su domicilio?",
      "confianza": 0.757
    },
    {
      "hablante": "Hablante A",
      "inicio": 682.63,
      "fin": 683.45,
      "duracion": 0.82,
      "texto": "No, no.",
      "confianza": 0.552
    },
    {
      "hablante": "Hablante A",
      "inicio": 683.47,
      "fin": 684.15,
      "duracion": 0.68,
      "texto": "Perfecto.",
      "confianza": 0.326
    },
    {
      "hablante": "Hablante A",
      "inicio": 684.21,
      "fin": 684.86,
      "duracion": 0.64,
      "texto": "Bien.",
      "confianza": 0.865
    },
    {
      "hablante": "Hablante A",
      "inicio": 684.88,
      "fin": 689.7,
      "duracion": 4.83,
      "texto": "Estamos portando en las líneas 11 6 3 0 6 6 5 22.",
      "confianza": 0.706
    },
    {
      "hablante": "Hablante A",
      "inicio": 689.72,
      "fin": 695.01,
      "duracion": 5.29,
      "texto": "11 3 5 7 4 9 4 24.",
      "confianza": 0.659
    },
    {
      "hablante": "Hablante A",
      "inicio": 695.03,
      "fin": 699.3,
      "duracion": 4.27,
      "texto": "Ahora en el nombre de, no voy a hacerme, tengo por aquí.",
      "confianza": 0.55
    },
    {
      "hablante": "Hablante B",
      "inicio": 702.32,
      "fin": 703.14,
      "duracion": 0.82,
      "texto": "Bien.",
      "confianza": 0.67
    },
    {
      "hablante": "Hablante B",
      "inicio": 703.16,
      "fin": 707.36,
      "duracion": 4.2,
      "texto": "A nombre de Ángel Jesús Villanueva Rondinell.",
      "confianza": 0.754
    },
    {
      "hablante": "Hablante B",
      "inicio": 707.38,
      "fin": 707.5,
      "duracion": 0.12,
      "texto": "¿Bien?",
      "confianza": 0.002
    },
    {
      "hablante": "Hablante B",
      "inicio": 707.52,
      "fin": 707.58,
      "duracion": 0.06,
      "texto": "Sí.",
      "confianza": 0.181
    },
    {
      "hablante": "Hablante B",
      "inicio": 707.6,
      "fin": 715.43,
      "duracion": 7.83,
      "texto": "Los tres últimos dígitos de NEI, DEEL-221.",
      "confianza": 0.559
    },
    {
      "hablante": "Hablante B",
      "inicio": 715.45,
      "fin": 715.51,
      "duracion": 0.06,
      "texto": "Sí.",
      "confianza": 0.004
    },
    {
      "hablante": "Hablante B",
      "inicio": 715.53,
      "fin": 715.71,
      "duracion": 0.18,
      "texto": "Perfecto.",
      "confianza": 0.025
    },
    {
      "hablante": "Hablante B",
      "inicio": 715.73,
      "fin": 717.25,
      "duracion": 1.52,
      "texto": "Te está faltando mi línea.",
      "confianza": 0.072
    },
    {
      "hablante": "Hablante B",
      "inicio": 717.27,
      "fin": 717.73,
      "duracion": 0.46,
      "texto": "Ah, bien, claro.",
      "confianza": 0.39
    },
    {
      "hablante": "Hablante B",
      "inicio": 717.88,
      "fin": 718.55,
      "duracion": 0.68,
      "texto": "Exactamente.",
      "confianza": 0.935
    },
    {
      "hablante": "Hablante B",
      "inicio": 718.94,
      "fin": 725.1,
      "duracion": 6.17,
      "texto": "Es la que estamos hablando ahora a guarder verde.",
      "confianza": 0.715
    },
    {
      "hablante": "Hablante B",
      "inicio": 725.38,
      "fin": 725.6,
      "duracion": 0.22,
      "texto": "Sí.",
      "confianza": 0.758
    },
    {
      "hablante": "Hablante B",
      "inicio": 725.62,
      "fin": 726.16,
      "duracion": 0.54,
      "texto": "11-697-22-665.",
      "confianza": 0.785
    },
    {
      "hablante": "Hablante B",
      "inicio": 726.56,
      "fin": 730.27,
      "duracion": 3.7,
      "texto": "Sí.",
      "confianza": 0.477
    },
    {
      "hablante": "Hablante B",
      "inicio": 730.29,
      "fin": 730.47,
      "duracion": 0.18,
      "texto": "Perfecto.",
      "confianza": 0.112
    },
    {
      "hablante": "Hablante A",
      "inicio": 733.32,
      "fin": 734.3,
      "duracion": 0.98,
      "texto": "Bien.",
      "confianza": 0.208
    },
    {
      "hablante": "Hablante A",
      "inicio": 734.32,
      "fin": 735.48,
      "duracion": 1.16,
      "texto": "Estará recibiendo.",
      "confianza": 0.642
    },
    {
      "hablante": "Hablante A",
      "inicio": 735.5,
      "fin": 737.1,
      "duracion": 1.6,
      "texto": "No, por acuerdo, me falta de una parte.",
      "confianza": 0.456
    },
    {
      "hablante": "Hablante A",
      "inicio": 737.12,
      "fin": 739.75,
      "duracion": 2.62,
      "texto": "¿Su compañía actual es claro?",
      "confianza": 0.677
    },
    {
      "hablante": "Hablante A",
      "inicio": 739.76,
      "fin": 739.83,
      "duracion": 0.06,
      "texto": "Sí.",
      "confianza": 0.005
    },
    {
      "hablante": "Hablante A",
      "inicio": 739.85,
      "fin": 741.77,
      "duracion": 1.92,
      "texto": "Me comentó que cuenta con factura mensual.",
      "confianza": 0.838
    },
    {
      "hablante": "Hablante A",
      "inicio": 741.81,
      "fin": 758.79,
      "duracion": 16.98,
      "texto": "La factura está en el nombre del señor Ángel Netruz.",
      "confianza": 0.64
    },
    {
      "hablante": "Hablante A",
      "inicio": 758.81,
      "fin": 758.99,
      "duracion": 0.18,
      "texto": "¿Sí?",
      "confianza": 0.474
    },
    {
      "hablante": "Hablante A",
      "inicio": 759.03,
      "fin": 759.19,
      "duracion": 0.16,
      "texto": "Sí.",
      "confianza": 0.789
    },
    {
      "hablante": "Hablante A",
      "inicio": 759.39,
      "fin": 760.03,
      "duracion": 0.64,
      "texto": "Perfecto.",
      "confianza": 0.751
    },
    {
      "hablante": "Hablante A",
      "inicio": 760.05,
      "fin": 760.15,
      "duracion": 0.1,
      "texto": "Bien.",
      "confianza": 0.337
    },
    {
      "hablante": "Hablante A",
      "inicio": 760.25,
      "fin": 760.35,
      "duracion": 0.1,
      "texto": "Bien.",
      "confianza": 0.414
    },
    {
      "hablante": "Hablante A",
      "inicio": 760.39,
      "fin": 761.65,
      "duracion": 1.26,
      "texto": "Vale, usted tiene sus chipsón físicos.",
      "confianza": 0.258
    },
    {
      "hablante": "Hablante A",
      "inicio": 761.9,
      "fin": 773.56,
      "duracion": 11.65,
      "texto": "en la sucursal de Movistar de Centenario 399 de San Isidro, Caba, provincia de Buenos Aires.",
      "confianza": 0.475
    },
    {
      "hablante": "Hablante A",
      "inicio": 773.6,
      "fin": 780.01,
      "duracion": 6.41,
      "texto": "Le recuerdo entonces que el costo del servicio al día de hoy es de 8.000 pesos con un descuento fijo por seis meses de 44.050.",
      "confianza": 0.779
    },
    {
      "hablante": "Hablante A",
      "inicio": 780.19,
      "fin": 784.73,
      "duracion": 4.55,
      "texto": "Un descuento fijo por seis meses de 44.050.",
      "confianza": 0.694
    },
    {
      "hablante": "Hablante A",
      "inicio": 784.91,
      "fin": 789.28,
      "duracion": 4.37,
      "texto": "Este plan incluye 8 gigas de valser más 10 de regalo por seis meses",
      "confianza": 0.826
    },
    {
      "hablante": "Hablante A",
      "inicio": 789.54,
      "fin": 811.1,
      "duracion": 21.55,
      "texto": "El plan incluye 8 siglas de Valle más 10 regalos por 6 meses, WhatsApp gratis llamadas libres a todas las compañías, América Precio Local y Robin en América Incluido.",
      "confianza": 0.72
    },
    {
      "hablante": "Hablante A",
      "inicio": 811.14,
      "fin": 814.77,
      "duracion": 3.62,
      "texto": "Le recuerdo que el servicio se factura a mes adelantado.",
      "confianza": 0.535
    },
    {
      "hablante": "Hablante A",
      "inicio": 814.81,
      "fin": 819.95,
      "duracion": 5.14,
      "texto": "Los 10 gigas de regalos se van a habilitar a la cuenta 48 horas después de activar la línea.",
      "confianza": 0.735
    },
    {
      "hablante": "Hablante A",
      "inicio": 820.49,
      "fin": 826.22,
      "duracion": 5.72,
      "texto": "Su mail es almamarianotisiano.gmail.com.",
      "confianza": 0.559
    },
    {
      "hablante": "Hablante A",
      "inicio": 826.24,
      "fin": 830.36,
      "duracion": 4.12,
      "texto": "Estarás recibiendo tu facturación online a través del mail que nos proporcionó.",
      "confianza": 0.709
    },
    {
      "hablante": "Hablante A",
      "inicio": 831.1,
      "fin": 840.83,
      "duracion": 9.73,
      "texto": "Ingresando a la sección Servicios desde la app Moistar, podés ver toda la información referida a tu factura, ya sea tu ciclo de facturación, vencimiento, montos a pagar.",
      "confianza": 0.672
    },
    {
      "hablante": "Hablante A",
      "inicio": 841.27,
      "fin": 847.93,
      "duracion": 6.67,
      "texto": "También podés activar 20 gigas de regalo con una duración de 30 días disponible una vez por año.",
      "confianza": 0.727
    },
    {
      "hablante": "Hablante A",
      "inicio": 848.58,
      "fin": 858.75,
      "duracion": 10.17,
      "texto": "Podés adherirte al débito automático y podés sumar 4 gigas de regalo en cada línea móvil si es que portas más de dos líneas registradas bajo un mismo titular.",
      "confianza": 0.816
    },
    {
      "hablante": "Hablante A",
      "inicio": 859.77,
      "fin": 866.73,
      "duracion": 6.97,
      "texto": "Una vez aprobada la portabilidad, su línea portará las 48 horas hábiles.",
      "confianza": 0.799
    },
    {
      "hablante": "Hablante A",
      "inicio": 867.66,
      "fin": 874.29,
      "duracion": 6.63,
      "texto": "Un día antes, por mensaje de WhatsApp, vamos a estar informando la fecha de portabilidad para que te quedes tranquila.",
      "confianza": 0.66
    },
    {
      "hablante": "Hablante A",
      "inicio": 874.47,
      "fin": 878.98,
      "duracion": 4.51,
      "texto": "Es importante que usted no coloque el chip antes de la fecha informada.",
      "confianza": 0.766
    },
    {
      "hablante": "Hablante A",
      "inicio": 879.03,
      "fin": 884.18,
      "duracion": 5.15,
      "texto": "De todas maneras, te vas a dar cuenta porque tu línea de claro va a dejar de recibir señal.",
      "confianza": 0.724
    },
    {
      "hablante": "Hablante A",
      "inicio": 884.36,
      "fin": 885.92,
      "duracion": 1.56,
      "texto": "Ahí es cuando debes colocarlo.",
      "confianza": 0.747
    },
    {
      "hablante": "Hablante A",
      "inicio": 886.89,
      "fin": 890.47,
      "duracion": 3.59,
      "texto": "Le comento que por única vez deberá validar identidad al activarlo.",
      "confianza": 0.802
    },
    {
      "hablante": "Hablante A",
      "inicio": 890.51,
      "fin": 897.16,
      "duracion": 6.65,
      "texto": "En caso de que tengas alguna dificultad con la validación, inténtalo nuevamente o comunícate al 0800",
      "confianza": 0.805
    },
    {
      "hablante": "Hablante A",
      "inicio": 897.53,
      "fin": 901.01,
      "duracion": 3.48,
      "texto": "3, 2, 1, 7, 6, 7, 8, 2, opción 4.",
      "confianza": 0.728
    },
    {
      "hablante": "Hablante B",
      "inicio": 902.85,
      "fin": 905.36,
      "duracion": 2.5,
      "texto": "Ahora te voy a mandar ese número.",
      "confianza": 0.71
    },
    {
      "hablante": "Hablante B",
      "inicio": 905.38,
      "fin": 909.7,
      "duracion": 4.32,
      "texto": "Le solicitamos que en caso de que no levantes señal al chip, reinicie el equipo.",
      "confianza": 0.697
    },
    {
      "hablante": "Hablante B",
      "inicio": 910.3,
      "fin": 920.77,
      "duracion": 10.47,
      "texto": "Por otro lado, dentro de los próximos días, vas a estar recibiendo una respuesta a la satisfacción por WhatsApp que solicitamos por favor que la completes, ya que tu opinión es muy importante para la empresa.",
      "confianza": 0.748
    },
    {
      "hablante": "Hablante B",
      "inicio": 920.79,
      "fin": 921.85,
      "duracion": 1.06,
      "texto": "¿Bien?",
      "confianza": 0.737
    },
    {
      "hablante": "Hablante A",
      "inicio": 924.89,
      "fin": 925.86,
      "duracion": 0.96,
      "texto": "Ahí te envié el número.",
      "confianza": 0.405
    },
    {
      "hablante": "Hablante A",
      "inicio": 926.14,
      "fin": 926.88,
      "duracion": 0.74,
      "texto": "Sí, decime.",
      "confianza": 0.618
    },
    {
      "hablante": "Hablante A",
      "inicio": 927.21,
      "fin": 931.04,
      "duracion": 3.82,
      "texto": "de consultos.",
      "confianza": 0.184
    },
    {
      "hablante": "Hablante A",
      "inicio": 931.06,
      "fin": 931.64,
      "duracion": 0.58,
      "texto": "Si obres la deuda, te abrías.",
      "confianza": 0.003
    },
    {
      "hablante": "Hablante A",
      "inicio": 931.66,
      "fin": 933.04,
      "duracion": 1.38,
      "texto": "Eso es como creas.",
      "confianza": 0.213
    },
    {
      "hablante": "Hablante A",
      "inicio": 933.06,
      "fin": 934.36,
      "duracion": 1.3,
      "texto": "Claro, eso es como te decía yo.",
      "confianza": 0.565
    },
    {
      "hablante": "Hablante A",
      "inicio": 934.5,
      "fin": 937.4,
      "duracion": 2.9,
      "texto": "Eso se va a bonificar para que ustedes se puedan portar.",
      "confianza": 0.789
    },
    {
      "hablante": "Hablante A",
      "inicio": 937.79,
      "fin": 947.5,
      "duracion": 9.71,
      "texto": "Quizás el trámite de la portabilidad, en vez de tres o cuatro días, dure un poquito más, porque primero hay que hacer, sí, bonificar esta deuda.",
      "confianza": 0.718
    },
    {
      "hablante": "Hablante A",
      "inicio": 948.46,
      "fin": 954.49,
      "duracion": 6.03,
      "texto": "Así que posiblemente se atienda dos o tres días más, ¿sí?",
      "confianza": 0.72
    },
    {
      "hablante": "Hablante A",
      "inicio": 954.51,
      "fin": 954.57,
      "duracion": 0.06,
      "texto": "Sí.",
      "confianza": 0.197
    },
    {
      "hablante": "Hablante A",
      "inicio": 954.59,
      "fin": 957.13,
      "duracion": 2.54,
      "texto": "Más o menos, estamos hablando que hoy es",
      "confianza": 0.725
    },
    {
      "hablante": "Hablante A",
      "inicio": 958.02,
      "fin": 969.9,
      "duracion": 11.88,
      "texto": "Miércoles, sí, tenemos doce, y quizás posiblemente va a ser para el jueves de la semana próxima, entre el jueves o viernes, ¿sí?",
      "confianza": 0.63
    },
    {
      "hablante": "Hablante A",
      "inicio": 969.92,
      "fin": 970.34,
      "duracion": 0.42,
      "texto": "Así, bien.",
      "confianza": 0.252
    },
    {
      "hablante": "Hablante A",
      "inicio": 970.36,
      "fin": 977.98,
      "duracion": 7.61,
      "texto": "O sea, igual, ponelo, cuando lo segue, para poder activar la línea, la vamos a poder usar.",
      "confianza": 0.428
    },
    {
      "hablante": "Hablante A",
      "inicio": 978.0,
      "fin": 980.12,
      "duracion": 2.12,
      "texto": "Claro, pues sí, sí, sí, por supuesto.",
      "confianza": 0.506
    },
    {
      "hablante": "Hablante A",
      "inicio": 980.22,
      "fin": 983.42,
      "duracion": 3.21,
      "texto": "Una vez que le lleguen los chips, recuerde que... No, no, por supuesto.",
      "confianza": 0.504
    },
    {
      "hablante": "Hablante A",
      "inicio": 983.94,
      "fin": 987.29,
      "duracion": 3.35,
      "texto": "Cuando a usted le lleguen los chips, quizás está todo ok, ¿sí?",
      "confianza": 0.424
    },
    {
      "hablante": "Hablante A",
      "inicio": 987.4,
      "fin": 991.95,
      "duracion": 4.55,
      "texto": "Entonces, cuando... Claro, deje de funcionar.",
      "confianza": 0.716
    },
    {
      "hablante": "Hablante A",
      "inicio": 992.03,
      "fin": 995.06,
      "duracion": 3.03,
      "texto": "Usted lo único que va a hacer, los chips se los van a entregar activos.",
      "confianza": 0.617
    },
    {
      "hablante": "Hablante A",
      "inicio": 996.36,
      "fin": 996.48,
      "duracion": 0.12,
      "texto": "¿Bien?",
      "confianza": 0.004
    },
    {
      "hablante": "Hablante A",
      "inicio": 996.5,
      "fin": 1003.17,
      "duracion": 6.67,
      "texto": "Usted pone el chip, reinicie el equipo y comienza a utilizar la línea de movistar.",
      "confianza": 0.54
    },
    {
      "hablante": "Hablante A",
      "inicio": 1003.19,
      "fin": 1003.25,
      "duracion": 0.06,
      "texto": "Sí.",
      "confianza": 0.001
    },
    {
      "hablante": "Hablante A",
      "inicio": 1003.27,
      "fin": 1006.05,
      "duracion": 2.78,
      "texto": "Y lo que me habías dicho de reconocimiento facial.",
      "confianza": 0.078
    },
    {
      "hablante": "Hablante A",
      "inicio": 1006.07,
      "fin": 1006.49,
      "duracion": 0.42,
      "texto": "Bien.",
      "confianza": 0.607
    },
    {
      "hablante": "Hablante A",
      "inicio": 1006.51,
      "fin": 1011.58,
      "duracion": 5.07,
      "texto": "No, posiblemente a veces le hace reconocimiento facial y otra vez se les hace preguntas para validar identidad.",
      "confianza": 0.666
    },
    {
      "hablante": "Hablante A",
      "inicio": 1011.94,
      "fin": 1012.8,
      "duracion": 0.86,
      "texto": "¿Bien?",
      "confianza": 0.491
    },
    {
      "hablante": "Hablante A",
      "inicio": 1012.86,
      "fin": 1016.13,
      "duracion": 3.26,
      "texto": "Por ejemplo, el lugar de donde trabajó, lugares donde vivió.",
      "confianza": 0.65
    },
    {
      "hablante": "Hablante A",
      "inicio": 1016.35,
      "fin": 1020.33,
      "duracion": 3.99,
      "texto": "Son esas las preguntas que suelen hacerte, ¿sí?",
      "confianza": 0.674
    },
    {
      "hablante": "Hablante A",
      "inicio": 1020.63,
      "fin": 1022.99,
      "duracion": 2.36,
      "texto": "Para volver a identidad.",
      "confianza": 0.641
    },
    {
      "hablante": "Hablante A",
      "inicio": 1023.01,
      "fin": 1023.65,
      "duracion": 0.64,
      "texto": "Vale.",
      "confianza": 0.566
    },
    {
      "hablante": "Hablante A",
      "inicio": 1023.67,
      "fin": 1024.04,
      "duracion": 0.36,
      "texto": "Bien.",
      "confianza": 0.432
    },
    {
      "hablante": "Hablante A",
      "inicio": 1024.06,
      "fin": 1029.9,
      "duracion": 5.85,
      "texto": "Entonces, al final vamos a tener 22 gigas cada... Claro, los primeros seis meses.",
      "confianza": 0.521
    },
    {
      "hablante": "Hablante A",
      "inicio": 1029.92,
      "fin": 1033.53,
      "duracion": 3.61,
      "texto": "Esa cada línea, los primeros seis meses, 22 gigas.",
      "confianza": 0.794
    },
    {
      "hablante": "Hablante A",
      "inicio": 1034.03,
      "fin": 1037.53,
      "duracion": 3.5,
      "texto": "A partir del séptimo mes, son 12 gigas para cada línea.",
      "confianza": 0.808
    },
    {
      "hablante": "Hablante A",
      "inicio": 1038.07,
      "fin": 1038.91,
      "duracion": 0.84,
      "texto": "¿Bien?",
      "confianza": 0.602
    },
    {
      "hablante": "Hablante A",
      "inicio": 1038.93,
      "fin": 1038.99,
      "duracion": 0.06,
      "texto": "Sí.",
      "confianza": 0.334
    },
    {
      "hablante": "Hablante A",
      "inicio": 1039.72,
      "fin": 1040.66,
      "duracion": 0.94,
      "texto": "Perfecto.",
      "confianza": 0.47
    },
    {
      "hablante": "Hablante A",
      "inicio": 1040.68,
      "fin": 1056.58,
      "duracion": 15.9,
      "texto": "Cynthia, bueno, le voy a pedir si lo puede enviarme en lo que es la foto de DNI de Fren Tidorzo, lo antes posible sería lo ideal, si no, bueno, me lo envía en la tarde, no hay problema.",
      "confianza": 0.701
    },
    {
      "hablante": "Hablante A",
      "inicio": 1056.6,
      "fin": 1056.7,
      "duracion": 0.1,
      "texto": "Dale.",
      "confianza": 0.017
    },
    {
      "hablante": "Hablante A",
      "inicio": 1056.72,
      "fin": 1057.76,
      "duracion": 1.04,
      "texto": "Y después de los seis meses, ¿cuánto sería el abono?",
      "confianza": 0.013
    },
    {
      "hablante": "Hablante A",
      "inicio": 1057.78,
      "fin": 1066.23,
      "duracion": 8.45,
      "texto": "No se haga problema con eso porque como yo le dije, va a tener 30 días, eso, 30 días antes, recuerde que se le va a avisar de que la factura se va a incrementar.",
      "confianza": 0.683
    },
    {
      "hablante": "Hablante A",
      "inicio": 1066.41,
      "fin": 1076.3,
      "duracion": 9.89,
      "texto": "para que usted me llame a mí y yo le redirigo los canales oficiales o lo hacemos a través de la app y de descuentos o promociones que tengamos en licencia.",
      "confianza": 0.727
    },
    {
      "hablante": "Hablante B",
      "inicio": 1078.36,
      "fin": 1078.58,
      "duracion": 0.22,
      "texto": "Dale, dale.",
      "confianza": 0.016
    },
    {
      "hablante": "Hablante B",
      "inicio": 1078.6,
      "fin": 1078.72,
      "duracion": 0.12,
      "texto": "¿Bien?",
      "confianza": 0.008
    },
    {
      "hablante": "Hablante B",
      "inicio": 1078.74,
      "fin": 1080.05,
      "duracion": 1.3,
      "texto": "Cintia, bueno, ha sido un gusto.",
      "confianza": 0.761
    },
    {
      "hablante": "Hablante B",
      "inicio": 1080.09,
      "fin": 1087.31,
      "duracion": 7.23,
      "texto": "Recuerde no pasarle argumentación a ningún otro sector y no atender estas llamadas, ¿sí?",
      "confianza": 0.728
    },
    {
      "hablante": "Hablante B",
      "inicio": 1087.33,
      "fin": 1087.81,
      "duracion": 0.48,
      "texto": "Dale.",
      "confianza": 0.673
    },
    {
      "hablante": "Hablante B",
      "inicio": 1088.67,
      "fin": 1089.01,
      "duracion": 0.34,
      "texto": "Ha sido un gusto.",
      "confianza": 0.084
    },
    {
      "hablante": "Hablante B",
      "inicio": 1089.17,
      "fin": 1091.76,
      "duracion": 2.58,
      "texto": "Seguimos en contacto por el WhatsApp.",
      "confianza": 0.722
    },
    {
      "hablante": "Hablante B",
      "inicio": 1092.08,
      "fin": 1092.38,
      "duracion": 0.3,
      "texto": "Bien.",
      "confianza": 0.607
    },
    {
      "hablante": "Hablante B",
      "inicio": 1092.54,
      "fin": 1093.8,
      "duracion": 1.26,
      "texto": "Bienvenidas nuevamente a Movistar.",
      "confianza": 0.429
    },
    {
      "hablante": "Hablante B",
      "inicio": 1093.84,
      "fin": 1094.7,
      "duracion": 0.86,
      "texto": "Que estén muy bien.",
      "confianza": 0.71
    },
    {
      "hablante": "Hablante B",
      "inicio": 1094.91,
      "fin": 1097.33,
      "duracion": 2.42,
      "texto": "Ha sido un gusto, que estén bien.",
      "confianza": 0.398
    }
  ],
  "transcripcion_completa": "Me habló una que le hablé hace un ratito que tenía tres viñas. Hola. Hola, Cynthia. Mi hijo tiene poca batería. Ah, bien, perfecto. Dale. Bien, Cynthia, bueno, vamos a hacer lo siguiente. Como te había contado, bueno, yo te voy a mandar entonces ahora lo que sea el mensaje de texto con el código de portabilidad, ¿bien? Que es el que nos va a permitir cambiar de compañía y que no pierdan los números, que sigan conservando los números. Las líneas que vamos a portar entonces es la 11-35-74-94-24, ¿sí? Y las otras dos, ¿cuáles serían? La del papá, que termina en 22. Sí. Aguárdeme, que ver si la tengo por aquí. Sí, porque está en un lugar de las líneas. Sí. Aguárdeme. 425. Bien. Acá solamente me figura una. ¿Me las puede decir usted? ¿Puede estar? Ahora, ahí te digo. Dígame. 9424 es la de mi hijo. Sí. ¿Ya no me pasaste entre tu papá? 65 o 26 también anda a ver. Bien. ¿Me las puede escribir en el WhatsApp? ¿Me hace el favor? Dale, dale. Dale. Ah, pero no porque vos me estás llamando. Vos me envías... Ah, bueno, del número de su hijo, que me las escriba él en el... Dale, espera. Una consulta, por si me dice que se va a quedar sin materia. Esta línea, la que yo ahora estoy llamando, no. Esta es la suya que es personal, ¿verdad? Sí. Es la que voy a pasar. La mía la voy a pasar. ¿Amovilizar? Bien. Claro, porque como dijiste, son tres líneas. Era la que era más fácil, que más bonifícara. Sí, claro. Exactamente. Sí, sí. Bien. Es esta y la de... Bien, la que faltaría es la del papá. Ahí te digo, ¿sí? Bien. Aguárdame un momento que quiero verificar. ¿Te paso el de la pared? Sí. 11-63-06. ¿11-6-3 o 7-3? No, 6-3. Sí. 0-6. Sí. 6-5. Sí. 22. Te lo repito, 1163-06-652. No, 06 no, 63-02. Ah, 022. Cualquier cosa le entendi, perdonen. 022. 023. 06. Ah, perdón. Sí, era 06. Ajá, bien. Te lo repito, Rosmero. Dale. 1163. 0, 6, 6, 5, 2, 2. Sí. Perfecto. Bien. Aguárdeme. Quiero verificar. Villanueva, Rondinel, Ángel, Jesús, los tres últimos dígitos del DNI de él, 2, 2, 1. Sí. Sí. Perfecto. Bien. Aguárdeme. Quiero ver si se tenían abiertos en la mano. Bien. No. Un momento. Está por acá. Bien, dígame un mail, por favor, brindeme un mail. Alma Mariano Tiziano. Alma. Mariano Tiziano. Mariano Tiziano concerta, ¿verdad? Sí. ¿Sí? Arroba email. Bien. Punto com. Perfecto. Bien. Bien, le voy a enviar entonces al número de su hijo, ¿sí? Sí. Que lo que sería el mensaje de texto con el código de portabilidad. Recuerde de enviarme, por favor, al mismo WhatsApp lo que sería foto de frente y dorsal del DNI. ¿Bien? Vale. del titular, ¿sí? Sí, eso se lo tengo que pedir a él ahora. Dale. Y te lo voy a estar pasando, pero... Pero te lo puedo pasar mañana o más tarde. Sí, pues sí. Hoy sería lo ideal por la promoción, ¿sí? El tema es... ¿Hasta qué hora te lo puedo pasar? Mísimáximo seis y media. Como máximo. Ahí, si es el que le llegó el mensajito de texto, el SMS. Porque como a él lo asaltaron varias veces, sale sin el documento. ¿Cómo? Como a él ya le robaron la última vez, sale sin el documento. Ah, está bien. Ese es el tema. Está bien. Él sale a las seis de trabajar. Por ahí, si los chicos tienen, por ahí nosotros les enviamos a los hijos para que hagan algún trámite, si tienen alguna foto de Fred y Orso. Creo que sí, ahora... Sí, búsquenlo tranquilo. Fíjese ahí el teléfono de su hijo, que su hijo se fije si le servo el mensajito de texto, el SMS, con el remitente 223. El remitente es 223, es un mensaje de texto común. Es un mensaje de texto con el 2-3-3. Cuando le llegue, necesito, por favor, que le haga captura de pantalla y me lo mande al WhatsApp, donde estábamos hablando. Cuando te llegue, le hagas captura de pantalla y que se lo pases al WhatsApp. ¿Le llegó? Le llegó. Dice que no. Perfecto. Bien, hay ese mensaje que le haga captura de pantalla y me lo mande al WhatsApp. Bien. Por otro lado, sí, Cynthia, vas a estar recibiendo llamadas en el día de hoy en tu línea, en la de tu hijo o en la de el mamá de los chicos, ¿bien? Sí. Que puede que sea o de claro o de movistar que es para ver que esté activa en la línea, ¿bien? Les recomiendo no atender estas llamadas para no generar una doble facturación, ¿sí? Para que esta solicitud ingrese en su curso, ¿bien? ¿Qué están llamando? Porque justo estaban llamando Claro, que no atienda esta llamada. No atienda, porque puede generar una doble facturación y tampoco le pasen documentación a ningún otro asesor. Bien, a partir de ahora, solo voy a hacer su asesor. Así que les voy a llevar la portabilidad. Después cualquier, por supuesto, cualquier consulta o lo que tengan, me hablen en WhatsApp. Habíamos dicho... Bien, vamos a verificar lo que es la sucursal para enviarle los chips. Habíamos dicho, recuérdemelo en qué localidad era. San Isidro. Ah, cierto, que habíamos visto, también me acordé, me había olvidado. Aguárdeme. Esto dijimos que era Caba y habíamos visto cual, perdóneme, recuerda por favor, era de él. Sí, habíamos visto. Centenario 12. Ah, claro. Y esto era Palermo, ¿era? No, no, esto es San Isidro. Ah, sí, pero no me salió como San Isidro. A ver. Acá está el encontro, San Isidro. Claro, habíamos dicho Centenario, el que tenía los sábados también. Sí, porque prefiero la que está abierta los sábados. Claro, seguro. Ahí estamos. Era esta. Ahí está. Ahí te lo voy a mandar. Me acuerdo si te lo había mandado. No, no. Ah, bien. Ahí vas a ir a retirar los chips. Entonces, ¿cuándo les llegues? ¿Bien? Entonces, bueno, después, ya te he dicho, viene lo que es la foto de frente y ahora es el de mí. Por ahí, que alguno de los chicos tenga, me la mandan al WhatsApp. ¿Sí? Dale. Dale. ¿Dentro de cuántos días? Bien, es así. A ver, te explico bien. Es así. más o menos en 48 o 72 horas a la vila le va a estar llegando la notificación de que están los chips para que los retiren. Se van a acercar a la secursal, van a retirar los chips pero no los van a poner en el teléfono hasta que no les llegue el mensaje avisándoles de que claro va a dejar de funcionar. Por lo general claro dejar de funcionar a las 5 de la mañana. en posteriores y horarios se van a dar cuenta de que la línea no funciona, ahí es cuando tienen que cambiar los cheques. Yo te voy a hacer ahora lo que es el cierre comercial, que es para que queden registros de estas llamadas de lo que están contratando. Para recibir futuras promociones. ¿Usted tiene Internet Movistar? ¿Cómo? para recibir futuras promociones. ¿Usted tiene internet movilizar actualmente en su domicilio? No, no. Perfecto. Bien. Estamos portando en las líneas 11 6 3 0 6 6 5 22. 11 3 5 7 4 9 4 24. Ahora en el nombre de, no voy a hacerme, tengo por aquí. Bien. A nombre de Ángel Jesús Villanueva Rondinell. ¿Bien? Sí. Los tres últimos dígitos de NEI, DEEL-221. Sí. Perfecto. Te está faltando mi línea. Ah, bien, claro. Exactamente. Es la que estamos hablando ahora a guarder verde. Sí. 11-697-22-665. Sí. Perfecto. Bien. Estará recibiendo. No, por acuerdo, me falta de una parte. ¿Su compañía actual es claro? Sí. Me comentó que cuenta con factura mensual. La factura está en el nombre del señor Ángel Netruz. ¿Sí? Sí. Perfecto. Bien. Bien. Vale, usted tiene sus chipsón físicos. en la sucursal de Movistar de Centenario 399 de San Isidro, Caba, provincia de Buenos Aires. Le recuerdo entonces que el costo del servicio al día de hoy es de 8.000 pesos con un descuento fijo por seis meses de 44.050. Un descuento fijo por seis meses de 44.050. Este plan incluye 8 gigas de valser más 10 de regalo por seis meses El plan incluye 8 siglas de Valle más 10 regalos por 6 meses, WhatsApp gratis llamadas libres a todas las compañías, América Precio Local y Robin en América Incluido. Le recuerdo que el servicio se factura a mes adelantado. Los 10 gigas de regalos se van a habilitar a la cuenta 48 horas después de activar la línea. Su mail es almamarianotisiano.gmail.com. Estarás recibiendo tu facturación online a través del mail que nos proporcionó. Ingresando a la sección Servicios desde la app Moistar, podés ver toda la información referida a tu factura, ya sea tu ciclo de facturación, vencimiento, montos a pagar. También podés activar 20 gigas de regalo con una duración de 30 días disponible una vez por año. Podés adherirte al débito automático y podés sumar 4 gigas de regalo en cada línea móvil si es que portas más de dos líneas registradas bajo un mismo titular. Una vez aprobada la portabilidad, su línea portará las 48 horas hábiles. Un día antes, por mensaje de WhatsApp, vamos a estar informando la fecha de portabilidad para que te quedes tranquila. Es importante que usted no coloque el chip antes de la fecha informada. De todas maneras, te vas a dar cuenta porque tu línea de claro va a dejar de recibir señal. Ahí es cuando debes colocarlo. Le comento que por única vez deberá validar identidad al activarlo. En caso de que tengas alguna dificultad con la validación, inténtalo nuevamente o comunícate al 0800 3, 2, 1, 7, 6, 7, 8, 2, opción 4. Ahora te voy a mandar ese número. Le solicitamos que en caso de que no levantes señal al chip, reinicie el equipo. Por otro lado, dentro de los próximos días, vas a estar recibiendo una respuesta a la satisfacción por WhatsApp que solicitamos por favor que la completes, ya que tu opinión es muy importante para la empresa. ¿Bien? Ahí te envié el número. Sí, decime. de consultos. Si obres la deuda, te abrías. Eso es como creas. Claro, eso es como te decía yo. Eso se va a bonificar para que ustedes se puedan portar. Quizás el trámite de la portabilidad, en vez de tres o cuatro días, dure un poquito más, porque primero hay que hacer, sí, bonificar esta deuda. Así que posiblemente se atienda dos o tres días más, ¿sí? Sí. Más o menos, estamos hablando que hoy es Miércoles, sí, tenemos doce, y quizás posiblemente va a ser para el jueves de la semana próxima, entre el jueves o viernes, ¿sí? Así, bien. O sea, igual, ponelo, cuando lo segue, para poder activar la línea, la vamos a poder usar. Claro, pues sí, sí, sí, por supuesto. Una vez que le lleguen los chips, recuerde que... No, no, por supuesto. Cuando a usted le lleguen los chips, quizás está todo ok, ¿sí? Entonces, cuando... Claro, deje de funcionar. Usted lo único que va a hacer, los chips se los van a entregar activos. ¿Bien? Usted pone el chip, reinicie el equipo y comienza a utilizar la línea de movistar. Sí. Y lo que me habías dicho de reconocimiento facial. Bien. No, posiblemente a veces le hace reconocimiento facial y otra vez se les hace preguntas para validar identidad. ¿Bien? Por ejemplo, el lugar de donde trabajó, lugares donde vivió. Son esas las preguntas que suelen hacerte, ¿sí? Para volver a identidad. Vale. Bien. Entonces, al final vamos a tener 22 gigas cada... Claro, los primeros seis meses. Esa cada línea, los primeros seis meses, 22 gigas. A partir del séptimo mes, son 12 gigas para cada línea. ¿Bien? Sí. Perfecto. Cynthia, bueno, le voy a pedir si lo puede enviarme en lo que es la foto de DNI de Fren Tidorzo, lo antes posible sería lo ideal, si no, bueno, me lo envía en la tarde, no hay problema. Dale. Y después de los seis meses, ¿cuánto sería el abono? No se haga problema con eso porque como yo le dije, va a tener 30 días, eso, 30 días antes, recuerde que se le va a avisar de que la factura se va a incrementar. para que usted me llame a mí y yo le redirigo los canales oficiales o lo hacemos a través de la app y de descuentos o promociones que tengamos en licencia. Dale, dale. ¿Bien? Cintia, bueno, ha sido un gusto. Recuerde no pasarle argumentación a ningún otro sector y no atender estas llamadas, ¿sí? Dale. Ha sido un gusto. Seguimos en contacto por el WhatsApp. Bien. Bienvenidas nuevamente a Movistar. Que estén muy bien. Ha sido un gusto, que estén bien.",
  "calidad": {
    "confianza_promedio": 0.513,
    "metodo_diarizacion": "pausas_fallback",
    "tiempo_procesamiento": 29.0
  },
  "metadata": {
    "modelo": "whisperx_medium",
    "diarizacion": "pausas",
    "dispositivo": "cuda",
    "fecha": "2026-01-25T18:22:44.323009",
    "version": "5.0_ecapa"
  }
}