{
  "archivo": "amza19_1_260119125603112_ACD_55269.wav",
  "duracion_segundos": 74.49,
  "num_segmentos": 22,
  "num_hablantes": 2,
  "hablantes": [
    "Hablante A",
    "Hablante B"
  ],
  "tiempo_por_hablante": {
    "Hablante A": 22.6,
    "Hablante B": 45.23
  },
  "idioma": "es",
  "conversacion": [
    {
      "hablante": "Hablante A",
      "inicio": 0.03,
      "fin": 6.14,
      "duracion": 6.11,
      "texto": "Hola, buen día.",
      "confianza": 0.199
    },
    {
      "hablante": "Hablante A",
      "inicio": 6.16,
      "fin": 6.54,
      "duracion": 0.38,
      "texto": "Hablo con Griselda.",
      "confianza": 0.001
    },
    {
      "hablante": "Hablante A",
      "inicio": 6.56,
      "fin": 6.64,
      "duracion": 0.08,
      "texto": "¿Sí?",
      "confianza": 0.055
    },
    {
      "hablante": "Hablante A",
      "inicio": 6.66,
      "fin": 7.94,
      "duracion": 1.28,
      "texto": "¿Cómo estás, Griselda?",
      "confianza": 0.302
    },
    {
      "hablante": "Hablante A",
      "inicio": 7.96,
      "fin": 10.61,
      "duracion": 2.64,
      "texto": "Yo soy Brisa de la Tierra y recupero clientes de Movistar.",
      "confianza": 0.537
    },
    {
      "hablante": "Hablante A",
      "inicio": 11.35,
      "fin": 15.59,
      "duracion": 4.25,
      "texto": "Te he llamado porque el día de hoy entró una promo super económica para que vos puedas aprovechar.",
      "confianza": 0.623
    },
    {
      "hablante": "Hablante A",
      "inicio": 15.61,
      "fin": 19.24,
      "duracion": 3.62,
      "texto": "¿Vos tenés claro actualmente?",
      "confianza": 0.719
    },
    {
      "hablante": "Hablante A",
      "inicio": 19.26,
      "fin": 19.58,
      "duracion": 0.32,
      "texto": "Sí, tengo claro.",
      "confianza": 0.032
    },
    {
      "hablante": "Hablante A",
      "inicio": 19.6,
      "fin": 20.88,
      "duracion": 1.28,
      "texto": "Bien, te comenté, Griselda.",
      "confianza": 0.644
    },
    {
      "hablante": "Hablante A",
      "inicio": 20.9,
      "fin": 23.54,
      "duracion": 2.64,
      "texto": "El día de hoy entraron dos promociones super económicas.",
      "confianza": 0.612
    },
    {
      "hablante": "Hablante B",
      "inicio": 26.15,
      "fin": 28.57,
      "duracion": 2.42,
      "texto": "Una, te voy a dar 8 días de regalo por seis meses.",
      "confianza": 0.425
    },
    {
      "hablante": "Hablante B",
      "inicio": 28.89,
      "fin": 41.88,
      "duracion": 13.0,
      "texto": "Viene con whatsapp gratis, se llama libre a cualquier compañía, roaming en américa y tiene un valor de 8.000 pesos teniendo 17.000.",
      "confianza": 0.733
    },
    {
      "hablante": "Hablante B",
      "inicio": 42.08,
      "fin": 47.11,
      "duracion": 5.03,
      "texto": "Viene con 15.000, vos puedes activar una vez al año.",
      "confianza": 0.661
    },
    {
      "hablante": "Hablante B",
      "inicio": 47.13,
      "fin": 52.22,
      "duracion": 5.09,
      "texto": "Hola, por ahora no, cuando quieras te lo aviso, ¿sabes?",
      "confianza": 0.712
    },
    {
      "hablante": "Hablante B",
      "inicio": 52.24,
      "fin": 54.6,
      "duracion": 2.36,
      "texto": "Bien, entiendo, ¿es para algo en particular que nos interesa?",
      "confianza": 0.494
    },
    {
      "hablante": "Hablante B",
      "inicio": 55.86,
      "fin": 58.62,
      "duracion": 2.76,
      "texto": "No, no, estoy ocupada en estos momentos.",
      "confianza": 0.571
    },
    {
      "hablante": "Hablante B",
      "inicio": 59.82,
      "fin": 60.72,
      "duracion": 0.9,
      "texto": "Bien, entiendo.",
      "confianza": 0.618
    },
    {
      "hablante": "Hablante B",
      "inicio": 60.74,
      "fin": 65.39,
      "duracion": 4.65,
      "texto": "¿Te puedo dejar un mensajito, aunque sea...?",
      "confianza": 0.311
    },
    {
      "hablante": "Hablante B",
      "inicio": 65.41,
      "fin": 65.67,
      "duracion": 0.26,
      "texto": "Bueno, bueno.",
      "confianza": 0.036
    },
    {
      "hablante": "Hablante B",
      "inicio": 65.69,
      "fin": 73.27,
      "duracion": 7.58,
      "texto": "Vale, ahí te dejo las promos por WhatsApp y si me puedes contestar el día de hoy te lo agradecería un montón.",
      "confianza": 0.452
    },
    {
      "hablante": "Hablante B",
      "inicio": 73.28,
      "fin": 73.71,
      "duracion": 0.42,
      "texto": "Bueno, chao, gracias.",
      "confianza": 0.002
    },
    {
      "hablante": "Hablante B",
      "inicio": 73.73,
      "fin": 74.49,
      "duracion": 0.76,
      "texto": "Hasta luego.",
      "confianza": 0.82
    }
  ],
  "transcripcion_completa": "Hola, buen día. Hablo con Griselda. ¿Sí? ¿Cómo estás, Griselda? Yo soy Brisa de la Tierra y recupero clientes de Movistar. Te he llamado porque el día de hoy entró una promo super económica para que vos puedas aprovechar. ¿Vos tenés claro actualmente? Sí, tengo claro. Bien, te comenté, Griselda. El día de hoy entraron dos promociones super económicas. Una, te voy a dar 8 días de regalo por seis meses. Viene con whatsapp gratis, se llama libre a cualquier compañía, roaming en américa y tiene un valor de 8.000 pesos teniendo 17.000. Viene con 15.000, vos puedes activar una vez al año. Hola, por ahora no, cuando quieras te lo aviso, ¿sabes? Bien, entiendo, ¿es para algo en particular que nos interesa? No, no, estoy ocupada en estos momentos. Bien, entiendo. ¿Te puedo dejar un mensajito, aunque sea...? Bueno, bueno. Vale, ahí te dejo las promos por WhatsApp y si me puedes contestar el día de hoy te lo agradecería un montón. Bueno, chao, gracias. Hasta luego.",
  "calidad": {
    "confianza_promedio": 0.434,
    "metodo_diarizacion": "pausas_fallback",
    "tiempo_procesamiento": 5.2
  },
  "metadata": {
    "modelo": "whisperx_medium",
    "diarizacion": "pausas",
    "dispositivo": "cuda",
    "fecha": "2026-01-25T17:29:31.327236",
    "version": "5.0_ecapa"
  }
}