{
  "archivo": "amza20_1_260122143609925_ACD_76693.wav",
  "duracion_segundos": 73.73,
  "num_segmentos": 21,
  "num_hablantes": 1,
  "hablantes": [
    "Hablante A"
  ],
  "tiempo_por_hablante": {
    "Hablante A": 70.72
  },
  "idioma": "es",
  "conversacion": [
    {
      "hablante": "Hablante A",
      "inicio": 1.33,
      "fin": 4.55,
      "duracion": 3.22,
      "texto": "Hola, muy buenas tardes.",
      "confianza": 0.291
    },
    {
      "hablante": "Hablante A",
      "inicio": 4.58,
      "fin": 4.63,
      "duracion": 0.06,
      "texto": "Sí.",
      "confianza": 0.068
    },
    {
      "hablante": "Hablante A",
      "inicio": 4.66,
      "fin": 9.98,
      "duracion": 5.33,
      "texto": "Buenas tardes, mi nombre es Tomás, me conviene cobrar el edificio Movistar.",
      "confianza": 0.429
    },
    {
      "hablante": "Hablante A",
      "inicio": 10.0,
      "fin": 10.32,
      "duracion": 0.32,
      "texto": "Hablo con todas.",
      "confianza": 0.01
    },
    {
      "hablante": "Hablante A",
      "inicio": 10.34,
      "fin": 10.4,
      "duracion": 0.06,
      "texto": "Sí.",
      "confianza": 0.002
    },
    {
      "hablante": "Hablante A",
      "inicio": 10.42,
      "fin": 10.66,
      "duracion": 0.24,
      "texto": "¿Cómo te va?",
      "confianza": 0.054
    },
    {
      "hablante": "Hablante A",
      "inicio": 10.68,
      "fin": 12.53,
      "duracion": 1.84,
      "texto": "Mira, seguimos mejorando el plan en línea, ¿sí?",
      "confianza": 0.603
    },
    {
      "hablante": "Hablante A",
      "inicio": 12.55,
      "fin": 16.51,
      "duracion": 3.96,
      "texto": "Nos fijabas que estabas en claro con la 1, ¿correcto?",
      "confianza": 0.628
    },
    {
      "hablante": "Hablante A",
      "inicio": 16.53,
      "fin": 16.59,
      "duracion": 0.06,
      "texto": "Sí.",
      "confianza": 0.081
    },
    {
      "hablante": "Hablante A",
      "inicio": 16.61,
      "fin": 20.22,
      "duracion": 3.61,
      "texto": "Bien, mira, si te comento el plan que te compré, debería brindarte el día de hoy.",
      "confianza": 0.45
    },
    {
      "hablante": "Hablante A",
      "inicio": 20.24,
      "fin": 28.57,
      "duracion": 8.33,
      "texto": "Sí, tengo un plan de 8 gigas de base, más 10 de regalo por los 6 meses, tendrás 18, tenés WhatsApp Platy, llamás al libro de todas las compañías y Rumen en América ya incluido, ¿bien?",
      "confianza": 0.659
    },
    {
      "hablante": "Hablante A",
      "inicio": 28.59,
      "fin": 30.49,
      "duracion": 1.9,
      "texto": "Y el plan de compreso es de 8 mil pesos, ¿bien?",
      "confianza": 0.53
    },
    {
      "hablante": "Hablante A",
      "inicio": 30.79,
      "fin": 34.32,
      "duracion": 3.53,
      "texto": "Tendrías 18 gigas, los podrías ir guardando mes a mes en caso de que te sobren y demás.",
      "confianza": 0.526
    },
    {
      "hablante": "Hablante A",
      "inicio": 34.64,
      "fin": 38.21,
      "duracion": 3.57,
      "texto": "Bien, ¿así que las trae?",
      "confianza": 0.305
    },
    {
      "hablante": "Hablante A",
      "inicio": 38.23,
      "fin": 38.29,
      "duracion": 0.06,
      "texto": "Sí.",
      "confianza": 0.04
    },
    {
      "hablante": "Hablante A",
      "inicio": 38.31,
      "fin": 43.53,
      "duracion": 5.23,
      "texto": "Bien, ¿de consultos es la única línea que tenés en justo nombre o tenés alguna otra?",
      "confianza": 0.592
    },
    {
      "hablante": "Hablante A",
      "inicio": 43.55,
      "fin": 45.94,
      "duracion": 2.38,
      "texto": "No, no te puedo dar el justo nombre.",
      "confianza": 0.178
    },
    {
      "hablante": "Hablante A",
      "inicio": 45.96,
      "fin": 46.58,
      "duracion": 0.62,
      "texto": "Entiendo, no hay problema.",
      "confianza": 0.32
    },
    {
      "hablante": "Hablante A",
      "inicio": 46.6,
      "fin": 52.87,
      "duracion": 6.27,
      "texto": "Bueno, mira, como te digo, tendrías en tu línea 18 gigas, guardarlos mes a mes, podrías, y no te quedaría nunca sin conectividad.",
      "confianza": 0.61
    },
    {
      "hablante": "Hablante A",
      "inicio": 53.35,
      "fin": 57.36,
      "duracion": 4.01,
      "texto": "Como ya estuviste en algún momento en la compañía, bien, la medida de los datos los tenemos, ¿sí?",
      "confianza": 0.612
    },
    {
      "hablante": "Hablante A",
      "inicio": 57.61,
      "fin": 73.73,
      "duracion": 16.12,
      "texto": "No, no me interesa.",
      "confianza": 0.572
    }
  ],
  "transcripcion_completa": "Hola, muy buenas tardes. Sí. Buenas tardes, mi nombre es Tomás, me conviene cobrar el edificio Movistar. Hablo con todas. Sí. ¿Cómo te va? Mira, seguimos mejorando el plan en línea, ¿sí? Nos fijabas que estabas en claro con la 1, ¿correcto? Sí. Bien, mira, si te comento el plan que te compré, debería brindarte el día de hoy. Sí, tengo un plan de 8 gigas de base, más 10 de regalo por los 6 meses, tendrás 18, tenés WhatsApp Platy, llamás al libro de todas las compañías y Rumen en América ya incluido, ¿bien? Y el plan de compreso es de 8 mil pesos, ¿bien? Tendrías 18 gigas, los podrías ir guardando mes a mes en caso de que te sobren y demás. Bien, ¿así que las trae? Sí. Bien, ¿de consultos es la única línea que tenés en justo nombre o tenés alguna otra? No, no te puedo dar el justo nombre. Entiendo, no hay problema. Bueno, mira, como te digo, tendrías en tu línea 18 gigas, guardarlos mes a mes, podrías, y no te quedaría nunca sin conectividad. Como ya estuviste en algún momento en la compañía, bien, la medida de los datos los tenemos, ¿sí? No, no me interesa.",
  "calidad": {
    "confianza_promedio": 0.36,
    "metodo_diarizacion": "pausas_fallback",
    "tiempo_procesamiento": 5.7
  },
  "metadata": {
    "modelo": "whisperx_medium",
    "diarizacion": "pausas",
    "dispositivo": "cuda",
    "fecha": "2026-01-25T17:55:34.046420",
    "version": "5.0_ecapa"
  }
}