{
  "archivo": "amza23_1_260121144017178_ACD_51037.wav",
  "duracion_segundos": 82.25,
  "num_segmentos": 28,
  "num_hablantes": 2,
  "hablantes": [
    "Hablante A",
    "Hablante B"
  ],
  "tiempo_por_hablante": {
    "Hablante A": 16.32,
    "Hablante B": 56.26
  },
  "idioma": "es",
  "conversacion": [
    {
      "hablante": "Hablante A",
      "inicio": 0.03,
      "fin": 2.31,
      "duracion": 2.28,
      "texto": "Hola, ¿qué tal?",
      "confianza": 0.631
    },
    {
      "hablante": "Hablante A",
      "inicio": 2.83,
      "fin": 7.98,
      "duracion": 5.15,
      "texto": "Buenas tardes, ¿con Fernando?",
      "confianza": 0.543
    },
    {
      "hablante": "Hablante A",
      "inicio": 8.0,
      "fin": 8.12,
      "duracion": 0.12,
      "texto": "¿Cómo?",
      "confianza": 0.012
    },
    {
      "hablante": "Hablante A",
      "inicio": 8.14,
      "fin": 11.79,
      "duracion": 3.64,
      "texto": "Con Fernando, familiar de él.",
      "confianza": 0.643
    },
    {
      "hablante": "Hablante A",
      "inicio": 11.81,
      "fin": 12.07,
      "duracion": 0.26,
      "texto": "¿Quién habla?",
      "confianza": 0.018
    },
    {
      "hablante": "Hablante A",
      "inicio": 12.09,
      "fin": 16.96,
      "duracion": 4.87,
      "texto": "Nos estamos contactando para otorgarle una promoción exclusiva en el día de hoy a las niñas.",
      "confianza": 0.784
    },
    {
      "hablante": "Hablante B",
      "inicio": 18.58,
      "fin": 22.59,
      "duracion": 4.01,
      "texto": "Actualmente se encuentran en claro, ¿verdad?",
      "confianza": 0.747
    },
    {
      "hablante": "Hablante B",
      "inicio": 22.63,
      "fin": 24.31,
      "duracion": 1.68,
      "texto": "¿De dónde son?",
      "confianza": 0.309
    },
    {
      "hablante": "Hablante B",
      "inicio": 24.33,
      "fin": 27.57,
      "duracion": 3.25,
      "texto": "De Movistar, queríamos brindarle una promoción al día de hoy.",
      "confianza": 0.752
    },
    {
      "hablante": "Hablante B",
      "inicio": 28.2,
      "fin": 32.72,
      "duracion": 4.53,
      "texto": "$6,450 pesos con 14 gigas.",
      "confianza": 0.655
    },
    {
      "hablante": "Hablante B",
      "inicio": 32.74,
      "fin": 34.62,
      "duracion": 1.88,
      "texto": "Ok, ¿podría mandármela por WhatsApp?",
      "confianza": 0.502
    },
    {
      "hablante": "Hablante B",
      "inicio": 35.84,
      "fin": 38.09,
      "duracion": 2.24,
      "texto": "No hay problema, ahora mismo se la envío.",
      "confianza": 0.663
    },
    {
      "hablante": "Hablante B",
      "inicio": 38.11,
      "fin": 41.89,
      "duracion": 3.79,
      "texto": "Le consulto en claro cuánto están abonando aproximadamente por las líneas.",
      "confianza": 0.831
    },
    {
      "hablante": "Hablante B",
      "inicio": 42.85,
      "fin": 45.74,
      "duracion": 2.88,
      "texto": "No sabría decirle.",
      "confianza": 0.628
    },
    {
      "hablante": "Hablante B",
      "inicio": 45.76,
      "fin": 47.46,
      "duracion": 1.7,
      "texto": "Bien, ¿y qué cantidad de gigas tienen?",
      "confianza": 0.531
    },
    {
      "hablante": "Hablante B",
      "inicio": 47.48,
      "fin": 50.66,
      "duracion": 3.18,
      "texto": "¿Cuentan con gigas de regalo?",
      "confianza": 0.764
    },
    {
      "hablante": "Hablante B",
      "inicio": 50.69,
      "fin": 51.73,
      "duracion": 1.04,
      "texto": "No sabría decirle.",
      "confianza": 0.652
    },
    {
      "hablante": "Hablante B",
      "inicio": 52.47,
      "fin": 55.23,
      "duracion": 2.76,
      "texto": "Usted páseme la mejor promo que tenga, por favor.",
      "confianza": 0.615
    },
    {
      "hablante": "Hablante B",
      "inicio": 55.25,
      "fin": 57.27,
      "duracion": 2.02,
      "texto": "Estamos pagando una muy buena promo en claro.",
      "confianza": 0.696
    },
    {
      "hablante": "Hablante B",
      "inicio": 58.33,
      "fin": 61.42,
      "duracion": 3.08,
      "texto": "pero buscamos la mejor promo.",
      "confianza": 0.658
    },
    {
      "hablante": "Hablante B",
      "inicio": 61.44,
      "fin": 69.67,
      "duracion": 8.23,
      "texto": "Bien, es esa de $1450 y van a obtener 14 gigas y cuatro adicionales en el caso de que pasen más de una línea, ¿sí?",
      "confianza": 0.661
    },
    {
      "hablante": "Hablante B",
      "inicio": 69.69,
      "fin": 71.87,
      "duracion": 2.18,
      "texto": "¿Ses mil pesos por persona?",
      "confianza": 0.63
    },
    {
      "hablante": "Hablante B",
      "inicio": 73.28,
      "fin": 76.52,
      "duracion": 3.25,
      "texto": "Así es.",
      "confianza": 0.309
    },
    {
      "hablante": "Hablante B",
      "inicio": 76.54,
      "fin": 76.82,
      "duracion": 0.28,
      "texto": "Bueno, genial.",
      "confianza": 0.02
    },
    {
      "hablante": "Hablante B",
      "inicio": 76.84,
      "fin": 77.72,
      "duracion": 0.88,
      "texto": "Mándenme por WhatsApp, por favor.",
      "confianza": 0.075
    },
    {
      "hablante": "Hablante B",
      "inicio": 77.74,
      "fin": 79.62,
      "duracion": 1.88,
      "texto": "Como no, ahora mismo se la envío.",
      "confianza": 0.621
    },
    {
      "hablante": "Hablante B",
      "inicio": 80.71,
      "fin": 81.99,
      "duracion": 1.28,
      "texto": "Muchas gracias.",
      "confianza": 0.176
    },
    {
      "hablante": "Hablante B",
      "inicio": 82.01,
      "fin": 82.25,
      "duracion": 0.24,
      "texto": "Hasta luego.",
      "confianza": 0.084
    }
  ],
  "transcripcion_completa": "Hola, ¿qué tal? Buenas tardes, ¿con Fernando? ¿Cómo? Con Fernando, familiar de él. ¿Quién habla? Nos estamos contactando para otorgarle una promoción exclusiva en el día de hoy a las niñas. Actualmente se encuentran en claro, ¿verdad? ¿De dónde son? De Movistar, queríamos brindarle una promoción al día de hoy. $6,450 pesos con 14 gigas. Ok, ¿podría mandármela por WhatsApp? No hay problema, ahora mismo se la envío. Le consulto en claro cuánto están abonando aproximadamente por las líneas. No sabría decirle. Bien, ¿y qué cantidad de gigas tienen? ¿Cuentan con gigas de regalo? No sabría decirle. Usted páseme la mejor promo que tenga, por favor. Estamos pagando una muy buena promo en claro. pero buscamos la mejor promo. Bien, es esa de $1450 y van a obtener 14 gigas y cuatro adicionales en el caso de que pasen más de una línea, ¿sí? ¿Ses mil pesos por persona? Así es. Bueno, genial. Mándenme por WhatsApp, por favor. Como no, ahora mismo se la envío. Muchas gracias. Hasta luego.",
  "calidad": {
    "confianza_promedio": 0.507,
    "metodo_diarizacion": "pausas_fallback",
    "tiempo_procesamiento": 5.1
  },
  "metadata": {
    "modelo": "whisperx_medium",
    "diarizacion": "pausas",
    "dispositivo": "cuda",
    "fecha": "2026-01-25T18:14:56.110586",
    "version": "5.0_ecapa"
  }
}