{
  "archivo": "amza23_1_260120141548274_ACD_86733.wav",
  "duracion_segundos": 133.08,
  "num_segmentos": 40,
  "num_hablantes": 1,
  "hablantes": [
    "Hablante B"
  ],
  "tiempo_por_hablante": {
    "Hablante B": 123.02
  },
  "idioma": "es",
  "conversacion": [
    {
      "hablante": "Hablante B",
      "inicio": 1.72,
      "fin": 2.52,
      "duracion": 0.8,
      "texto": "Hola.",
      "confianza": 0.262
    },
    {
      "hablante": "Hablante B",
      "inicio": 2.54,
      "fin": 3.54,
      "duracion": 1.0,
      "texto": "Hola, ¿qué tal?",
      "confianza": 0.421
    },
    {
      "hablante": "Hablante B",
      "inicio": 3.56,
      "fin": 4.34,
      "duracion": 0.78,
      "texto": "Buenas tardes.",
      "confianza": 0.834
    },
    {
      "hablante": "Hablante B",
      "inicio": 4.36,
      "fin": 12.27,
      "duracion": 7.91,
      "texto": "¿Me comunico con el titular de la línea o familiar de Inés?",
      "confianza": 0.504
    },
    {
      "hablante": "Hablante B",
      "inicio": 12.29,
      "fin": 12.35,
      "duracion": 0.06,
      "texto": "No.",
      "confianza": 0.003
    },
    {
      "hablante": "Hablante B",
      "inicio": 12.37,
      "fin": 12.77,
      "duracion": 0.4,
      "texto": "No, no soy familiar.",
      "confianza": 0.01
    },
    {
      "hablante": "Hablante B",
      "inicio": 12.79,
      "fin": 13.33,
      "duracion": 0.54,
      "texto": "¿Qué tal?",
      "confianza": 0.364
    },
    {
      "hablante": "Hablante B",
      "inicio": 13.35,
      "fin": 13.84,
      "duracion": 0.48,
      "texto": "¿Cómo le va?",
      "confianza": 0.663
    },
    {
      "hablante": "Hablante B",
      "inicio": 14.18,
      "fin": 18.3,
      "duracion": 4.12,
      "texto": "Nos estamos contactando para brindarle lo que es una muy buena promoción de su línea.",
      "confianza": 0.797
    },
    {
      "hablante": "Hablante B",
      "inicio": 19.0,
      "fin": 23.43,
      "duracion": 4.43,
      "texto": "Usted es titular de Claro, ¿verdad?",
      "confianza": 0.163
    },
    {
      "hablante": "Hablante B",
      "inicio": 23.45,
      "fin": 23.53,
      "duracion": 0.08,
      "texto": "Ajá.",
      "confianza": 0.121
    },
    {
      "hablante": "Hablante B",
      "inicio": 23.55,
      "fin": 23.73,
      "duracion": 0.18,
      "texto": "Bien.",
      "confianza": 0.446
    },
    {
      "hablante": "Hablante B",
      "inicio": 23.75,
      "fin": 28.98,
      "duracion": 5.23,
      "texto": "¿Y cuánto estamos ganando aproximadamente por la línea?",
      "confianza": 0.724
    },
    {
      "hablante": "Hablante B",
      "inicio": 29.0,
      "fin": 29.4,
      "duracion": 0.4,
      "texto": "¿Vos qué me ofreces?",
      "confianza": 0.033
    },
    {
      "hablante": "Hablante B",
      "inicio": 29.85,
      "fin": 34.84,
      "duracion": 4.99,
      "texto": "Un plan muy económico en seis mil cuatrocientos cincuenta pesos.",
      "confianza": 0.596
    },
    {
      "hablante": "Hablante B",
      "inicio": 34.86,
      "fin": 36.16,
      "duracion": 1.3,
      "texto": "¿Cómo?",
      "confianza": 0.679
    },
    {
      "hablante": "Hablante B",
      "inicio": 36.18,
      "fin": 40.93,
      "duracion": 4.75,
      "texto": "Un plan en seis mil cuatrocientos cincuenta pesos con catorce gigas.",
      "confianza": 0.708
    },
    {
      "hablante": "Hablante B",
      "inicio": 41.03,
      "fin": 45.91,
      "duracion": 4.89,
      "texto": "Son cuatro de base, más diez gigas de regalo por un periodo de seis meses.",
      "confianza": 0.697
    },
    {
      "hablante": "Hablante B",
      "inicio": 47.27,
      "fin": 52.56,
      "duracion": 5.29,
      "texto": "¿Usted le da mucha utilidad a los gigas?",
      "confianza": 0.436
    },
    {
      "hablante": "Hablante B",
      "inicio": 52.58,
      "fin": 52.9,
      "duracion": 0.32,
      "texto": "Sí, todo el día.",
      "confianza": 0.046
    },
    {
      "hablante": "Hablante B",
      "inicio": 52.92,
      "fin": 53.66,
      "duracion": 0.74,
      "texto": "Bien.",
      "confianza": 0.327
    },
    {
      "hablante": "Hablante B",
      "inicio": 53.69,
      "fin": 57.61,
      "duracion": 3.93,
      "texto": "Bien, bien, porque en ese caso... Siempre está.",
      "confianza": 0.448
    },
    {
      "hablante": "Hablante B",
      "inicio": 57.63,
      "fin": 58.47,
      "duracion": 0.84,
      "texto": "Movistar.",
      "confianza": 0.797
    },
    {
      "hablante": "Hablante B",
      "inicio": 59.65,
      "fin": 64.62,
      "duracion": 4.97,
      "texto": "Y decirme una cosa, ¿y eso por cuánto meses?",
      "confianza": 0.406
    },
    {
      "hablante": "Hablante B",
      "inicio": 64.64,
      "fin": 69.78,
      "duracion": 5.15,
      "texto": "Bien, va a obtener lo que es en el día de hoy un descuento fijo por un periodo de seis meses, ¿sí?",
      "confianza": 0.673
    },
    {
      "hablante": "Hablante B",
      "inicio": 71.18,
      "fin": 79.83,
      "duracion": 8.65,
      "texto": "Usted lo que puede hacer al quinto mes es fijarse desde la aplicación qué promociones hay en vigencia para que pueda acceder, ¿sí?",
      "confianza": 0.697
    },
    {
      "hablante": "Hablante B",
      "inicio": 79.85,
      "fin": 82.54,
      "duracion": 2.68,
      "texto": "Ahora decirme una cosa.",
      "confianza": 0.357
    },
    {
      "hablante": "Hablante B",
      "inicio": 82.56,
      "fin": 82.64,
      "duracion": 0.08,
      "texto": "Sí.",
      "confianza": 0.431
    },
    {
      "hablante": "Hablante B",
      "inicio": 82.86,
      "fin": 86.46,
      "duracion": 3.6,
      "texto": "Acá en Rosolio no hay ninguna casa a movilizar.",
      "confianza": 0.089
    },
    {
      "hablante": "Hablante B",
      "inicio": 86.48,
      "fin": 88.54,
      "duracion": 2.06,
      "texto": "Bien, en ese caso no se haga problema.",
      "confianza": 0.785
    },
    {
      "hablante": "Hablante B",
      "inicio": 88.73,
      "fin": 94.65,
      "duracion": 5.93,
      "texto": "Lo que podemos atrecerle es que le llegue el chip a través del correo Andriani a su domicilio.",
      "confianza": 0.363
    },
    {
      "hablante": "Hablante B",
      "inicio": 94.67,
      "fin": 95.61,
      "duracion": 0.94,
      "texto": "Bueno, ¿qué pasa?",
      "confianza": 0.387
    },
    {
      "hablante": "Hablante B",
      "inicio": 95.63,
      "fin": 100.04,
      "duracion": 4.4,
      "texto": "La otra vez yo tuve que ir a buscarlo a San Nicolás.",
      "confianza": 0.434
    },
    {
      "hablante": "Hablante B",
      "inicio": 100.06,
      "fin": 100.9,
      "duracion": 0.84,
      "texto": "¿A San Nicolás?",
      "confianza": 0.5
    },
    {
      "hablante": "Hablante B",
      "inicio": 101.32,
      "fin": 101.58,
      "duracion": 0.26,
      "texto": "Bien.",
      "confianza": 0.813
    },
    {
      "hablante": "Hablante B",
      "inicio": 101.68,
      "fin": 104.38,
      "duracion": 2.7,
      "texto": "Claro, porque no me llegaba.",
      "confianza": 0.746
    },
    {
      "hablante": "Hablante B",
      "inicio": 104.4,
      "fin": 107.11,
      "duracion": 2.7,
      "texto": "Supongo que te queda muy lejos.",
      "confianza": 0.236
    },
    {
      "hablante": "Hablante B",
      "inicio": 107.13,
      "fin": 115.06,
      "duracion": 7.93,
      "texto": "Y hubo calcula que tenía que hacer 60 kilómetros, 120 kilómetros para ir a buscar un chip y que no me lo entregaron.",
      "confianza": 0.507
    },
    {
      "hablante": "Hablante B",
      "inicio": 115.08,
      "fin": 118.7,
      "duracion": 3.62,
      "texto": "Claro, si no podemos... ¿Qué confianza les puedo tener yo ahora a ustedes?",
      "confianza": 0.578
    },
    {
      "hablante": "Hablante B",
      "inicio": 120.03,
      "fin": 133.08,
      "duracion": 13.05,
      "texto": "Bien, entiendo su inconformidad, si no lo que le puedo buscar es una sucursal a Andriani.",
      "confianza": 0.696
    }
  ],
  "transcripcion_completa": "Hola. Hola, ¿qué tal? Buenas tardes. ¿Me comunico con el titular de la línea o familiar de Inés? No. No, no soy familiar. ¿Qué tal? ¿Cómo le va? Nos estamos contactando para brindarle lo que es una muy buena promoción de su línea. Usted es titular de Claro, ¿verdad? Ajá. Bien. ¿Y cuánto estamos ganando aproximadamente por la línea? ¿Vos qué me ofreces? Un plan muy económico en seis mil cuatrocientos cincuenta pesos. ¿Cómo? Un plan en seis mil cuatrocientos cincuenta pesos con catorce gigas. Son cuatro de base, más diez gigas de regalo por un periodo de seis meses. ¿Usted le da mucha utilidad a los gigas? Sí, todo el día. Bien. Bien, bien, porque en ese caso... Siempre está. Movistar. Y decirme una cosa, ¿y eso por cuánto meses? Bien, va a obtener lo que es en el día de hoy un descuento fijo por un periodo de seis meses, ¿sí? Usted lo que puede hacer al quinto mes es fijarse desde la aplicación qué promociones hay en vigencia para que pueda acceder, ¿sí? Ahora decirme una cosa. Sí. Acá en Rosolio no hay ninguna casa a movilizar. Bien, en ese caso no se haga problema. Lo que podemos atrecerle es que le llegue el chip a través del correo Andriani a su domicilio. Bueno, ¿qué pasa? La otra vez yo tuve que ir a buscarlo a San Nicolás. ¿A San Nicolás? Bien. Claro, porque no me llegaba. Supongo que te queda muy lejos. Y hubo calcula que tenía que hacer 60 kilómetros, 120 kilómetros para ir a buscar un chip y que no me lo entregaron. Claro, si no podemos... ¿Qué confianza les puedo tener yo ahora a ustedes? Bien, entiendo su inconformidad, si no lo que le puedo buscar es una sucursal a Andriani.",
  "calidad": {
    "confianza_promedio": 0.469,
    "metodo_diarizacion": "pausas_fallback",
    "tiempo_procesamiento": 6.3
  },
  "metadata": {
    "modelo": "whisperx_medium",
    "diarizacion": "pausas",
    "dispositivo": "cuda",
    "fecha": "2026-01-25T18:13:09.474973",
    "version": "5.0_ecapa"
  }
}