{
  "archivo": "amza21_1_260120102953515_MIT_01997.wav",
  "duracion_segundos": 885.62,
  "num_segmentos": 243,
  "num_hablantes": 2,
  "hablantes": [
    "Hablante A",
    "Hablante B"
  ],
  "tiempo_por_hablante": {
    "Hablante A": 444.39,
    "Hablante B": 335.14
  },
  "idioma": "es",
  "conversacion": [
    {
      "hablante": "Hablante A",
      "inicio": 0.54,
      "fin": 19.34,
      "duracion": 18.8,
      "texto": "¡Bruno, ayúdame en el local!",
      "confianza": 0.185
    },
    {
      "hablante": "Hablante B",
      "inicio": 32.3,
      "fin": 35.02,
      "duracion": 2.72,
      "texto": "¿Hola?",
      "confianza": 0.163
    },
    {
      "hablante": "Hablante B",
      "inicio": 35.04,
      "fin": 35.16,
      "duracion": 0.12,
      "texto": "¿Hola?",
      "confianza": 0.005
    },
    {
      "hablante": "Hablante B",
      "inicio": 35.18,
      "fin": 35.44,
      "duracion": 0.26,
      "texto": "¿Quién habló?",
      "confianza": 0.016
    },
    {
      "hablante": "Hablante B",
      "inicio": 35.46,
      "fin": 35.58,
      "duracion": 0.12,
      "texto": "¿Hola?",
      "confianza": 0.36
    },
    {
      "hablante": "Hablante B",
      "inicio": 35.6,
      "fin": 35.84,
      "duracion": 0.24,
      "texto": "¿Qué tal?",
      "confianza": 0.513
    },
    {
      "hablante": "Hablante B",
      "inicio": 35.86,
      "fin": 37.4,
      "duracion": 1.54,
      "texto": "Buenos días, soy Celeste de Movistar.",
      "confianza": 0.554
    },
    {
      "hablante": "Hablante B",
      "inicio": 37.42,
      "fin": 38.0,
      "duracion": 0.58,
      "texto": "¿Cómo te va?",
      "confianza": 0.626
    },
    {
      "hablante": "Hablante A",
      "inicio": 39.83,
      "fin": 40.19,
      "duracion": 0.36,
      "texto": "¿Qué tal, Celeste?",
      "confianza": 0.021
    },
    {
      "hablante": "Hablante A",
      "inicio": 40.21,
      "fin": 40.99,
      "duracion": 0.78,
      "texto": "Muy bien.",
      "confianza": 0.606
    },
    {
      "hablante": "Hablante A",
      "inicio": 41.01,
      "fin": 44.99,
      "duracion": 3.99,
      "texto": "Mira, llámame para comentarte lo que es la portabilidad de la línea, ¿sí?",
      "confianza": 0.711
    },
    {
      "hablante": "Hablante A",
      "inicio": 45.01,
      "fin": 45.07,
      "duracion": 0.06,
      "texto": "Sí.",
      "confianza": 0.013
    },
    {
      "hablante": "Hablante A",
      "inicio": 45.09,
      "fin": 48.74,
      "duracion": 3.64,
      "texto": "Y no sé si primero te creo alguna duda sobre el plan que te había mencionado anteriormente.",
      "confianza": 0.617
    },
    {
      "hablante": "Hablante A",
      "inicio": 48.76,
      "fin": 51.0,
      "duracion": 2.24,
      "texto": "¿Me puedes repetir?",
      "confianza": 0.125
    },
    {
      "hablante": "Hablante A",
      "inicio": 51.02,
      "fin": 57.77,
      "duracion": 6.75,
      "texto": "Mira, el plan trae ocho gigas de base y vas a tener diez gigas de regalo, ¿sí?",
      "confianza": 0.472
    },
    {
      "hablante": "Hablante A",
      "inicio": 57.79,
      "fin": 60.73,
      "duracion": 2.94,
      "texto": "Yo te había enviado uno que tenía menos gigas, pero justamente el día de hoy",
      "confianza": 0.619
    },
    {
      "hablante": "Hablante A",
      "inicio": 60.93,
      "fin": 64.32,
      "duracion": 3.38,
      "texto": "Tenemos una mejor promoción con ese plan, solo por hoy.",
      "confianza": 0.736
    },
    {
      "hablante": "Hablante A",
      "inicio": 64.36,
      "fin": 71.76,
      "duracion": 7.41,
      "texto": "Así que tendrías 18 gigas, incluye llamadas, mensajerías y WhatsApp ilimitados, y también lo que es Roomin en América.",
      "confianza": 0.688
    },
    {
      "hablante": "Hablante A",
      "inicio": 72.08,
      "fin": 72.92,
      "duracion": 0.84,
      "texto": "¿Qué quiere decir eso?",
      "confianza": 0.749
    },
    {
      "hablante": "Hablante A",
      "inicio": 72.96,
      "fin": 76.29,
      "duracion": 3.32,
      "texto": "Si salís fuera del país, vas a poder seguir conectado, ¿sí?",
      "confianza": 0.656
    },
    {
      "hablante": "Hablante A",
      "inicio": 76.31,
      "fin": 78.33,
      "duracion": 2.02,
      "texto": "Y no se te va a cobrar ningún paquete adicional.",
      "confianza": 0.66
    },
    {
      "hablante": "Hablante A",
      "inicio": 78.97,
      "fin": 80.33,
      "duracion": 1.36,
      "texto": "Bien.",
      "confianza": 0.712
    },
    {
      "hablante": "Hablante A",
      "inicio": 81.09,
      "fin": 83.23,
      "duracion": 2.14,
      "texto": "Y abonarías 8 mil pesos por la línea.",
      "confianza": 0.717
    },
    {
      "hablante": "Hablante A",
      "inicio": 83.85,
      "fin": 84.05,
      "duracion": 0.2,
      "texto": "Bien.",
      "confianza": 0.743
    },
    {
      "hablante": "Hablante A",
      "inicio": 84.07,
      "fin": 88.74,
      "duracion": 4.66,
      "texto": "¿Vos tenés solo una línea en claro o tenés más de una?",
      "confianza": 0.713
    },
    {
      "hablante": "Hablante A",
      "inicio": 88.76,
      "fin": 89.76,
      "duracion": 1.0,
      "texto": "No, no, solo una línea, esta que estamos hablando.",
      "confianza": 0.028
    },
    {
      "hablante": "Hablante A",
      "inicio": 89.92,
      "fin": 91.19,
      "duracion": 1.26,
      "texto": "Bien, perfecto.",
      "confianza": 0.792
    },
    {
      "hablante": "Hablante A",
      "inicio": 91.23,
      "fin": 98.05,
      "duracion": 6.83,
      "texto": "En ese caso, entonces tendrías 18 libras para utilizar y bueno, vanarías 8 mil pesos por tu línea, ¿sí?",
      "confianza": 0.667
    },
    {
      "hablante": "Hablante A",
      "inicio": 98.07,
      "fin": 100.16,
      "duracion": 2.08,
      "texto": "Con respecto a la portabilidad, ¿cómo se hace?",
      "confianza": 0.45
    },
    {
      "hablante": "Hablante A",
      "inicio": 100.74,
      "fin": 104.04,
      "duracion": 3.3,
      "texto": "Yo tengo que solicitarte lo que es el DNI del titular o la titular.",
      "confianza": 0.81
    },
    {
      "hablante": "Hablante A",
      "inicio": 104.06,
      "fin": 107.77,
      "duracion": 3.7,
      "texto": "No sé si sos vos el titular en el claro.",
      "confianza": 0.486
    },
    {
      "hablante": "Hablante A",
      "inicio": 107.79,
      "fin": 109.91,
      "duracion": 2.12,
      "texto": "Bien, tendría que solicitarte el DNI.",
      "confianza": 0.803
    },
    {
      "hablante": "Hablante A",
      "inicio": 110.23,
      "fin": 111.85,
      "duracion": 1.62,
      "texto": "Vamos a hacer una verificación de datos.",
      "confianza": 0.718
    },
    {
      "hablante": "Hablante A",
      "inicio": 111.89,
      "fin": 116.46,
      "duracion": 4.57,
      "texto": "Yo te repasaría todos los datos que están cargados en el sistema de Movistar, ¿sí?",
      "confianza": 0.796
    },
    {
      "hablante": "Hablante A",
      "inicio": 116.48,
      "fin": 119.44,
      "duracion": 2.96,
      "texto": "Si hay alguno que haya que modificar, vos me dices si lo modifico.",
      "confianza": 0.487
    },
    {
      "hablante": "Hablante A",
      "inicio": 119.69,
      "fin": 128.28,
      "duracion": 8.59,
      "texto": "Y programamos lo que es el envío de chip a una tienda de Movistar que demora más o menos cuatro días hábiles.",
      "confianza": 0.57
    },
    {
      "hablante": "Hablante A",
      "inicio": 128.3,
      "fin": 128.6,
      "duracion": 0.3,
      "texto": "¿Basta?",
      "confianza": 0.186
    },
    {
      "hablante": "Hablante A",
      "inicio": 128.62,
      "fin": 128.68,
      "duracion": 0.06,
      "texto": "Sí.",
      "confianza": 0.111
    },
    {
      "hablante": "Hablante A",
      "inicio": 128.7,
      "fin": 129.46,
      "duracion": 0.76,
      "texto": "¿Basta?",
      "confianza": 0.292
    },
    {
      "hablante": "Hablante A",
      "inicio": 129.48,
      "fin": 129.54,
      "duracion": 0.06,
      "texto": "Sí.",
      "confianza": 0.368
    },
    {
      "hablante": "Hablante A",
      "inicio": 129.56,
      "fin": 131.18,
      "duracion": 1.62,
      "texto": "No, pues si quiere más, vuelvan.",
      "confianza": 0.21
    },
    {
      "hablante": "Hablante A",
      "inicio": 131.2,
      "fin": 132.36,
      "duracion": 1.16,
      "texto": "Yo tengo que cerrar un montón, perdón.",
      "confianza": 0.2
    },
    {
      "hablante": "Hablante A",
      "inicio": 132.38,
      "fin": 132.98,
      "duracion": 0.6,
      "texto": "Sí, no hay problema.",
      "confianza": 0.288
    },
    {
      "hablante": "Hablante A",
      "inicio": 133.0,
      "fin": 142.03,
      "duracion": 9.03,
      "texto": "Yo aguardo.",
      "confianza": 0.696
    },
    {
      "hablante": "Hablante A",
      "inicio": 142.15,
      "fin": 146.42,
      "duracion": 4.26,
      "texto": "Hola.",
      "confianza": 0.596
    },
    {
      "hablante": "Hablante A",
      "inicio": 146.66,
      "fin": 147.42,
      "duracion": 0.76,
      "texto": "Ahí sí, perdón.",
      "confianza": 0.173
    },
    {
      "hablante": "Hablante A",
      "inicio": 147.44,
      "fin": 148.3,
      "duracion": 0.86,
      "texto": "Justo estaba trabajando.",
      "confianza": 0.185
    },
    {
      "hablante": "Hablante A",
      "inicio": 148.73,
      "fin": 152.32,
      "duracion": 3.58,
      "texto": "Este, si quiere pregúnteme ahora, ¿lo puedo inscribir ahora?",
      "confianza": 0.544
    },
    {
      "hablante": "Hablante A",
      "inicio": 152.34,
      "fin": 154.82,
      "duracion": 2.48,
      "texto": "No sé cuánto se va a demorar.",
      "confianza": 0.447
    },
    {
      "hablante": "Hablante A",
      "inicio": 154.84,
      "fin": 156.28,
      "duracion": 1.44,
      "texto": "No, cinco minutos como mucho.",
      "confianza": 0.295
    },
    {
      "hablante": "Hablante A",
      "inicio": 156.3,
      "fin": 159.34,
      "duracion": 3.04,
      "texto": "Sí, decime el DIN.",
      "confianza": 0.497
    },
    {
      "hablante": "Hablante A",
      "inicio": 159.38,
      "fin": 159.89,
      "duracion": 0.5,
      "texto": "Es 18-905-371.",
      "confianza": 0.476
    },
    {
      "hablante": "Hablante A",
      "inicio": 160.29,
      "fin": 164.11,
      "duracion": 3.82,
      "texto": "Perfecto.",
      "confianza": 0.788
    },
    {
      "hablante": "Hablante A",
      "inicio": 164.13,
      "fin": 167.79,
      "duracion": 3.66,
      "texto": "Decime un correo electrónico donde querás recibir lo que es la facturación, por favor.",
      "confianza": 0.724
    },
    {
      "hablante": "Hablante B",
      "inicio": 171.12,
      "fin": 174.4,
      "duracion": 3.28,
      "texto": "Sí, te puedo preguntar antes cómo se hace, porque, viste, tengo una duda.",
      "confianza": 0.589
    },
    {
      "hablante": "Hablante B",
      "inicio": 174.42,
      "fin": 175.02,
      "duracion": 0.6,
      "texto": "Quiera que te comente.",
      "confianza": 0.43
    },
    {
      "hablante": "Hablante B",
      "inicio": 175.04,
      "fin": 177.85,
      "duracion": 2.8,
      "texto": "Yo trabajo en todo el turno de la mañana.",
      "confianza": 0.7
    },
    {
      "hablante": "Hablante B",
      "inicio": 178.25,
      "fin": 185.8,
      "duracion": 7.55,
      "texto": "Pero no le estoy jugando, ¿viste?",
      "confianza": 0.153
    },
    {
      "hablante": "Hablante B",
      "inicio": 185.82,
      "fin": 186.18,
      "duracion": 0.36,
      "texto": "Para ir al centro.",
      "confianza": 0.024
    },
    {
      "hablante": "Hablante B",
      "inicio": 186.2,
      "fin": 186.62,
      "duracion": 0.42,
      "texto": "¿Puedo ir a la tarde?",
      "confianza": 0.013
    },
    {
      "hablante": "Hablante B",
      "inicio": 186.64,
      "fin": 187.68,
      "duracion": 1.04,
      "texto": "Si pudiera ir a la tarde, por ejemplo.",
      "confianza": 0.056
    },
    {
      "hablante": "Hablante B",
      "inicio": 188.2,
      "fin": 189.48,
      "duracion": 1.28,
      "texto": "Por ejemplo, te explico cómo es.",
      "confianza": 0.561
    },
    {
      "hablante": "Hablante B",
      "inicio": 189.5,
      "fin": 194.23,
      "duracion": 4.73,
      "texto": "Nosotros hacemos lo que es el envío de chip a la sucursal de multar más cercana a tu domicilio.",
      "confianza": 0.761
    },
    {
      "hablante": "Hablante B",
      "inicio": 194.67,
      "fin": 197.88,
      "duracion": 3.21,
      "texto": "Cuando se active la línea se te va a avisar con un día de anticipación.",
      "confianza": 0.569
    },
    {
      "hablante": "Hablante B",
      "inicio": 197.98,
      "fin": 200.72,
      "duracion": 2.74,
      "texto": "Supongamos que el día viernes o lunes se activa.",
      "confianza": 0.683
    },
    {
      "hablante": "Hablante B",
      "inicio": 201.22,
      "fin": 204.31,
      "duracion": 3.08,
      "texto": "Si es el viernes, por ejemplo, o el jueves vas a recibir un mensaje",
      "confianza": 0.574
    },
    {
      "hablante": "Hablante B",
      "inicio": 204.56,
      "fin": 207.48,
      "duracion": 2.92,
      "texto": "indicándote que puedes ir ese día o al día siguiente.",
      "confianza": 0.71
    },
    {
      "hablante": "Hablante B",
      "inicio": 207.5,
      "fin": 222.88,
      "duracion": 15.38,
      "texto": "El mensajito te llega por mensaje de texto y te dice que la portabilidad ya ha sido aprobada, significa que ya puedes ir a retirarlo ese día o al otro día, en el horario que puedas, obviamente, ¿sí?",
      "confianza": 0.674
    },
    {
      "hablante": "Hablante B",
      "inicio": 222.9,
      "fin": 223.19,
      "duracion": 0.3,
      "texto": "Bien, perfecto.",
      "confianza": 0.028
    },
    {
      "hablante": "Hablante B",
      "inicio": 223.22,
      "fin": 230.76,
      "duracion": 7.55,
      "texto": "Mientras una consulta, igual, ¿tu línea es con un chip físico o es el SIM?",
      "confianza": 0.609
    },
    {
      "hablante": "Hablante B",
      "inicio": 230.78,
      "fin": 231.44,
      "duracion": 0.66,
      "texto": "¿Cómo es el chip físico o el SIM?",
      "confianza": 0.016
    },
    {
      "hablante": "Hablante B",
      "inicio": 231.46,
      "fin": 234.01,
      "duracion": 2.54,
      "texto": "El físico es el que colocas dentro del celular y el es SIM,",
      "confianza": 0.663
    },
    {
      "hablante": "Hablante B",
      "inicio": 234.17,
      "fin": 237.8,
      "duracion": 3.62,
      "texto": "lo escaneas con un QR, que por ahí los iPhone tienen esa opción.",
      "confianza": 0.559
    },
    {
      "hablante": "Hablante B",
      "inicio": 237.82,
      "fin": 242.36,
      "duracion": 4.55,
      "texto": "Ah, el mítico sería, se metieron físico a la tarjeta.",
      "confianza": 0.355
    },
    {
      "hablante": "Hablante B",
      "inicio": 242.38,
      "fin": 243.53,
      "duracion": 1.14,
      "texto": "Bien, perfecto, muy bien.",
      "confianza": 0.766
    },
    {
      "hablante": "Hablante B",
      "inicio": 243.82,
      "fin": 248.01,
      "duracion": 4.19,
      "texto": "Decime el correo electrónico donde querás recibir la facturación, por favor.",
      "confianza": 0.636
    },
    {
      "hablante": "Hablante B",
      "inicio": 248.03,
      "fin": 248.29,
      "duracion": 0.26,
      "texto": "Sí.",
      "confianza": 0.352
    },
    {
      "hablante": "Hablante B",
      "inicio": 248.31,
      "fin": 250.96,
      "duracion": 2.64,
      "texto": "Esto con menú para Salvador Ruiz.",
      "confianza": 0.348
    },
    {
      "hablante": "Hablante B",
      "inicio": 250.97,
      "fin": 253.28,
      "duracion": 2.3,
      "texto": "¿Cómo, perdón?",
      "confianza": 0.326
    },
    {
      "hablante": "Hablante B",
      "inicio": 253.34,
      "fin": 257.0,
      "duracion": 3.66,
      "texto": "Salvador Ruiz.",
      "confianza": 0.594
    },
    {
      "hablante": "Hablante B",
      "inicio": 257.02,
      "fin": 259.29,
      "duracion": 2.26,
      "texto": "Salvador Ruiz.",
      "confianza": 0.793
    },
    {
      "hablante": "Hablante B",
      "inicio": 259.31,
      "fin": 260.77,
      "duracion": 1.46,
      "texto": "Sí, de Ribera.",
      "confianza": 0.179
    },
    {
      "hablante": "Hablante B",
      "inicio": 260.79,
      "fin": 262.17,
      "duracion": 1.38,
      "texto": "Está abreviado.",
      "confianza": 0.153
    },
    {
      "hablante": "Hablante B",
      "inicio": 262.19,
      "fin": 263.03,
      "duracion": 0.84,
      "texto": "El número 2.",
      "confianza": 0.713
    },
    {
      "hablante": "Hablante B",
      "inicio": 264.31,
      "fin": 270.06,
      "duracion": 5.75,
      "texto": "Sí.",
      "confianza": 0.331
    },
    {
      "hablante": "Hablante B",
      "inicio": 270.08,
      "fin": 270.68,
      "duracion": 0.6,
      "texto": "ArruaGmail.com Muchas gracias.",
      "confianza": 0.067
    },
    {
      "hablante": "Hablante B",
      "inicio": 270.7,
      "fin": 271.4,
      "duracion": 0.7,
      "texto": "Bien.",
      "confianza": 0.785
    },
    {
      "hablante": "Hablante B",
      "inicio": 271.42,
      "fin": 279.93,
      "duracion": 8.51,
      "texto": "Me dijiste entonces Salvador.",
      "confianza": 0.645
    },
    {
      "hablante": "Hablante B",
      "inicio": 279.95,
      "fin": 280.01,
      "duracion": 0.06,
      "texto": "Sí.",
      "confianza": 0.005
    },
    {
      "hablante": "Hablante B",
      "inicio": 280.03,
      "fin": 280.33,
      "duracion": 0.3,
      "texto": "Salvador Rubir.",
      "confianza": 0.004
    },
    {
      "hablante": "Hablante B",
      "inicio": 280.35,
      "fin": 280.85,
      "duracion": 0.5,
      "texto": "Número 2, arruaGmail.com.",
      "confianza": 0.004
    },
    {
      "hablante": "Hablante B",
      "inicio": 280.87,
      "fin": 281.79,
      "duracion": 0.92,
      "texto": "Bien, perfecto.",
      "confianza": 0.472
    },
    {
      "hablante": "Hablante B",
      "inicio": 281.81,
      "fin": 283.74,
      "duracion": 1.92,
      "texto": "Ahí te lo envío escrito por WhatsApp.",
      "confianza": 0.167
    },
    {
      "hablante": "Hablante B",
      "inicio": 283.75,
      "fin": 285.32,
      "duracion": 1.56,
      "texto": "Después compro un nombre que está bien tipiado.",
      "confianza": 0.422
    },
    {
      "hablante": "Hablante A",
      "inicio": 286.94,
      "fin": 287.04,
      "duracion": 0.1,
      "texto": "Bien.",
      "confianza": 0.007
    },
    {
      "hablante": "Hablante A",
      "inicio": 287.06,
      "fin": 287.18,
      "duracion": 0.12,
      "texto": "Bueno.",
      "confianza": 0.238
    },
    {
      "hablante": "Hablante A",
      "inicio": 287.2,
      "fin": 293.51,
      "duracion": 6.31,
      "texto": "Aquí te voy a pedir que me envíes lo que es la foto del frente y del torso de tu DNI, por favor, para dejarte asentado como titular de la línea.",
      "confianza": 0.691
    },
    {
      "hablante": "Hablante A",
      "inicio": 293.93,
      "fin": 299.96,
      "duracion": 6.03,
      "texto": "Correcto.",
      "confianza": 0.36
    },
    {
      "hablante": "Hablante A",
      "inicio": 299.98,
      "fin": 300.26,
      "duracion": 0.28,
      "texto": "Si puedes, sí.",
      "confianza": 0.001
    },
    {
      "hablante": "Hablante A",
      "inicio": 300.28,
      "fin": 300.74,
      "duracion": 0.46,
      "texto": "Sí, te doy ahora mismo.",
      "confianza": 0.01
    },
    {
      "hablante": "Hablante A",
      "inicio": 300.76,
      "fin": 300.9,
      "duracion": 0.14,
      "texto": "Genial.",
      "confianza": 0.038
    },
    {
      "hablante": "Hablante A",
      "inicio": 300.92,
      "fin": 305.16,
      "duracion": 4.25,
      "texto": "Decime de qué provincia y qué localidad cosas y mientras envías la foto yo te busco una secursal.",
      "confianza": 0.584
    },
    {
      "hablante": "Hablante B",
      "inicio": 311.31,
      "fin": 311.45,
      "duracion": 0.14,
      "texto": "Perdón.",
      "confianza": 0.026
    },
    {
      "hablante": "Hablante B",
      "inicio": 311.48,
      "fin": 312.8,
      "duracion": 1.32,
      "texto": "Sí, no hay problema.",
      "confianza": 0.112
    },
    {
      "hablante": "Hablante B",
      "inicio": 312.82,
      "fin": 320.71,
      "duracion": 7.89,
      "texto": "Te consultaba de qué provincia y qué localidad cosas y busco una secursal cercana al domicilio.",
      "confianza": 0.656
    },
    {
      "hablante": "Hablante B",
      "inicio": 321.23,
      "fin": 326.88,
      "duracion": 5.65,
      "texto": "Suposal Mendoza, capital.",
      "confianza": 0.444
    },
    {
      "hablante": "Hablante B",
      "inicio": 326.9,
      "fin": 327.24,
      "duracion": 0.34,
      "texto": "Bien, de Mendoza.",
      "confianza": 0.01
    },
    {
      "hablante": "Hablante B",
      "inicio": 327.26,
      "fin": 327.32,
      "duracion": 0.06,
      "texto": "Sí.",
      "confianza": 0.096
    },
    {
      "hablante": "Hablante B",
      "inicio": 327.34,
      "fin": 328.58,
      "duracion": 1.24,
      "texto": "Perfecto, tenemos varias.",
      "confianza": 0.847
    },
    {
      "hablante": "Hablante B",
      "inicio": 329.06,
      "fin": 332.32,
      "duracion": 3.26,
      "texto": "Puede ser cualquiera, yo voy a dejar asentado una, pero tenemos varias.",
      "confianza": 0.683
    },
    {
      "hablante": "Hablante B",
      "inicio": 332.94,
      "fin": 338.51,
      "duracion": 5.57,
      "texto": "¿Tenemos una en la avenida de las Heras o dos en lo que es la calle de San Martín?",
      "confianza": 0.563
    },
    {
      "hablante": "Hablante B",
      "inicio": 338.53,
      "fin": 338.99,
      "duracion": 0.46,
      "texto": "San Martín, cualquiera.",
      "confianza": 0.028
    },
    {
      "hablante": "Hablante B",
      "inicio": 339.01,
      "fin": 340.71,
      "duracion": 1.7,
      "texto": "Bien, cualquiera de San Martín.",
      "confianza": 0.667
    },
    {
      "hablante": "Hablante B",
      "inicio": 341.2,
      "fin": 351.17,
      "duracion": 9.97,
      "texto": "Bien, San Martín 1032, yo te voy a enviar lo que es una fotito con los colores de atención y las direcciones por si las querés tener a mano ahí en el chat.",
      "confianza": 0.636
    },
    {
      "hablante": "Hablante B",
      "inicio": 351.47,
      "fin": 352.45,
      "duracion": 0.98,
      "texto": "Ahí te lo envié.",
      "confianza": 0.568
    },
    {
      "hablante": "Hablante B",
      "inicio": 353.53,
      "fin": 355.08,
      "duracion": 1.54,
      "texto": "Así ya lo tenéis por el mismo chat.",
      "confianza": 0.354
    },
    {
      "hablante": "Hablante B",
      "inicio": 355.58,
      "fin": 358.44,
      "duracion": 2.86,
      "texto": "Y mientras, envíame lo que es la foto del Frontier son DNI.",
      "confianza": 0.661
    },
    {
      "hablante": "Hablante B",
      "inicio": 358.46,
      "fin": 362.41,
      "duracion": 3.95,
      "texto": "Y te comento.",
      "confianza": 0.414
    },
    {
      "hablante": "Hablante B",
      "inicio": 362.43,
      "fin": 362.75,
      "duracion": 0.32,
      "texto": "Ahí te lo mando.",
      "confianza": 0.055
    },
    {
      "hablante": "Hablante B",
      "inicio": 362.77,
      "fin": 363.03,
      "duracion": 0.26,
      "texto": "Bueno.",
      "confianza": 0.336
    },
    {
      "hablante": "Hablante B",
      "inicio": 363.05,
      "fin": 364.51,
      "duracion": 1.46,
      "texto": "¿Debemos dar un WhatsApp?",
      "confianza": 0.27
    },
    {
      "hablante": "Hablante B",
      "inicio": 364.77,
      "fin": 365.51,
      "duracion": 0.74,
      "texto": "¿Dónde te lo mando?",
      "confianza": 0.411
    },
    {
      "hablante": "Hablante B",
      "inicio": 365.81,
      "fin": 366.89,
      "duracion": 1.08,
      "texto": "Por WhatsApp.",
      "confianza": 0.177
    },
    {
      "hablante": "Hablante B",
      "inicio": 366.92,
      "fin": 367.62,
      "duracion": 0.7,
      "texto": "Por WhatsApp, por favor.",
      "confianza": 0.23
    },
    {
      "hablante": "Hablante B",
      "inicio": 367.88,
      "fin": 369.98,
      "duracion": 2.1,
      "texto": "Al mismo que estamos hablando.",
      "confianza": 0.814
    },
    {
      "hablante": "Hablante B",
      "inicio": 370.0,
      "fin": 374.21,
      "duracion": 4.21,
      "texto": "Hay un WhatsApp, últimamente.",
      "confianza": 0.153
    },
    {
      "hablante": "Hablante B",
      "inicio": 374.23,
      "fin": 374.55,
      "duracion": 0.32,
      "texto": "Ahí te lo mando.",
      "confianza": 0.016
    },
    {
      "hablante": "Hablante B",
      "inicio": 374.57,
      "fin": 374.91,
      "duracion": 0.34,
      "texto": "Bueno, yo guardo.",
      "confianza": 0.042
    },
    {
      "hablante": "Hablante B",
      "inicio": 374.93,
      "fin": 377.29,
      "duracion": 2.36,
      "texto": "Y no hay problema, yo guardo en llamada.",
      "confianza": 0.28
    },
    {
      "hablante": "Hablante A",
      "inicio": 384.71,
      "fin": 393.34,
      "duracion": 8.63,
      "texto": "Y mientras te voy comentando, lo último que me queda hacer es enviarte un mensaje de la portabilidad que te llega por mensaje de texto desde el remitente 223.",
      "confianza": 0.7
    },
    {
      "hablante": "Hablante A",
      "inicio": 393.46,
      "fin": 401.87,
      "duracion": 8.41,
      "texto": "Ese mensajito me permite a mí pasar lo que es la línea de una compañía a la otra manteniendo el mismo número.",
      "confianza": 0.789
    },
    {
      "hablante": "Hablante A",
      "inicio": 403.09,
      "fin": 410.92,
      "duracion": 7.83,
      "texto": "Entonces, te voy a pedir que cuando te llegue por mensaje común me envíes captura de pantalla y si te ingresan llamamos de números privados o números no agendados",
      "confianza": 0.683
    },
    {
      "hablante": "Hablante A",
      "inicio": 411.12,
      "fin": 415.07,
      "duracion": 3.94,
      "texto": "Te voy a pedir por un ratito que no atiendas, ya que es de parte nuestra de Movistar.",
      "confianza": 0.618
    },
    {
      "hablante": "Hablante A",
      "inicio": 415.53,
      "fin": 417.55,
      "duracion": 2.02,
      "texto": "Estamos probando que la línea esté activa, ¿sí?",
      "confianza": 0.59
    },
    {
      "hablante": "Hablante A",
      "inicio": 417.57,
      "fin": 422.5,
      "duracion": 4.93,
      "texto": "No sé si esté por donde bajar en claro, para que no se quede sin señales en el medio de la portabilidad.",
      "confianza": 0.68
    },
    {
      "hablante": "Hablante A",
      "inicio": 423.1,
      "fin": 424.14,
      "duracion": 1.04,
      "texto": "Bien.",
      "confianza": 0.914
    },
    {
      "hablante": "Hablante A",
      "inicio": 424.16,
      "fin": 426.86,
      "duracion": 2.7,
      "texto": "Todavía no me llega lo que es la foto del frente y ahora solo el DNI.",
      "confianza": 0.614
    },
    {
      "hablante": "Hablante A",
      "inicio": 426.9,
      "fin": 433.23,
      "duracion": 6.33,
      "texto": "No sé si la podías enviar.",
      "confianza": 0.532
    },
    {
      "hablante": "Hablante A",
      "inicio": 433.25,
      "fin": 433.51,
      "duracion": 0.26,
      "texto": "Ahí me llegó.",
      "confianza": 0.011
    },
    {
      "hablante": "Hablante A",
      "inicio": 433.53,
      "fin": 434.47,
      "duracion": 0.94,
      "texto": "Ahí me llegó el frente.",
      "confianza": 0.346
    },
    {
      "hablante": "Hablante B",
      "inicio": 436.1,
      "fin": 439.88,
      "duracion": 3.78,
      "texto": "Y ahora te envió el mensaje de portabilidad que te dije que te llegara por mensaje común.",
      "confianza": 0.69
    },
    {
      "hablante": "Hablante B",
      "inicio": 440.45,
      "fin": 443.71,
      "duracion": 3.26,
      "texto": "Pues avistame cuando te llegues y no lo vuelvo a enviar, no hay problema.",
      "confianza": 0.672
    },
    {
      "hablante": "Hablante A",
      "inicio": 456.23,
      "fin": 457.51,
      "duracion": 1.28,
      "texto": "Bien, ahí me llegó el dorso.",
      "confianza": 0.514
    },
    {
      "hablante": "Hablante A",
      "inicio": 458.07,
      "fin": 461.29,
      "duracion": 3.22,
      "texto": "Decime si te llegó lo que es el mensajito de portabilidad, por favor.",
      "confianza": 0.742
    },
    {
      "hablante": "Hablante B",
      "inicio": 465.76,
      "fin": 468.6,
      "duracion": 2.84,
      "texto": "Sí, ahí está el mensajito que no fue el primero correo mío.",
      "confianza": 0.337
    },
    {
      "hablante": "Hablante B",
      "inicio": 469.12,
      "fin": 476.43,
      "duracion": 7.31,
      "texto": "No, no, no.",
      "confianza": 0.695
    },
    {
      "hablante": "Hablante B",
      "inicio": 476.73,
      "fin": 486.24,
      "duracion": 9.51,
      "texto": "Te digo que te ha llegado un mensaje de texto por mensaje común, no por WhatsApp, ¿sí?",
      "confianza": 0.544
    },
    {
      "hablante": "Hablante B",
      "inicio": 486.26,
      "fin": 487.2,
      "duracion": 0.94,
      "texto": "Es el número 223.",
      "confianza": 0.348
    },
    {
      "hablante": "Hablante B",
      "inicio": 487.22,
      "fin": 490.04,
      "duracion": 2.82,
      "texto": "¿Sí?",
      "confianza": 0.339
    },
    {
      "hablante": "Hablante B",
      "inicio": 490.06,
      "fin": 492.48,
      "duracion": 2.42,
      "texto": "Decime si te llegó.",
      "confianza": 0.408
    },
    {
      "hablante": "Hablante B",
      "inicio": 492.5,
      "fin": 495.41,
      "duracion": 2.9,
      "texto": "Si te llegó, saca la captura de pantalla.",
      "confianza": 0.694
    },
    {
      "hablante": "Hablante B",
      "inicio": 495.89,
      "fin": 498.37,
      "duracion": 2.48,
      "texto": "Sí, más 233, código de portabilidad.",
      "confianza": 0.446
    },
    {
      "hablante": "Hablante B",
      "inicio": 498.49,
      "fin": 500.99,
      "duracion": 2.5,
      "texto": "Exactamente, ese mismo.",
      "confianza": 0.832
    },
    {
      "hablante": "Hablante B",
      "inicio": 501.01,
      "fin": 507.25,
      "duracion": 6.25,
      "texto": "Te tiene que dar de fecha de vencimiento, si no me equivoco, para el 27, es la fecha estimada que tenemos para hacer la entrega de chip.",
      "confianza": 0.664
    },
    {
      "hablante": "Hablante B",
      "inicio": 507.27,
      "fin": 517.73,
      "duracion": 10.45,
      "texto": "De eso yo te quiero captura de pantalla por WhatsApp, ya que nos permite pasar la línea de una compañía a la otra manteniendo el mismo número, ¿sí?",
      "confianza": 0.718
    },
    {
      "hablante": "Hablante B",
      "inicio": 517.75,
      "fin": 519.25,
      "duracion": 1.5,
      "texto": "Voy a avisarme cuando me lo envíes.",
      "confianza": 0.584
    },
    {
      "hablante": "Hablante B",
      "inicio": 520.33,
      "fin": 527.48,
      "duracion": 7.15,
      "texto": "Y lo último que me queda de ti hacer, mientras sacas la captura de pantalla te comento y cierres el comercial, ¿sí?",
      "confianza": 0.565
    },
    {
      "hablante": "Hablante B",
      "inicio": 527.75,
      "fin": 530.05,
      "duracion": 2.3,
      "texto": "En el cierre comercial, le voy a hacer la hora de llamar.",
      "confianza": 0.448
    },
    {
      "hablante": "Hablante B",
      "inicio": 531.51,
      "fin": 532.05,
      "duracion": 0.54,
      "texto": "Sí, decime.",
      "confianza": 0.571
    },
    {
      "hablante": "Hablante B",
      "inicio": 533.29,
      "fin": 537.42,
      "duracion": 4.12,
      "texto": "No, no, perdón, ahí está.",
      "confianza": 0.319
    },
    {
      "hablante": "Hablante B",
      "inicio": 537.44,
      "fin": 543.91,
      "duracion": 6.47,
      "texto": "Ah, no hay problema.",
      "confianza": 0.445
    },
    {
      "hablante": "Hablante B",
      "inicio": 543.93,
      "fin": 544.23,
      "duracion": 0.3,
      "texto": "Sí.",
      "confianza": 0.283
    },
    {
      "hablante": "Hablante B",
      "inicio": 544.25,
      "fin": 546.37,
      "duracion": 2.12,
      "texto": "Ahí me corre el cuaderno.",
      "confianza": 0.16
    },
    {
      "hablante": "Hablante B",
      "inicio": 546.39,
      "fin": 547.73,
      "duracion": 1.34,
      "texto": "Bueno, no, no hay problema.",
      "confianza": 0.633
    },
    {
      "hablante": "Hablante B",
      "inicio": 547.75,
      "fin": 551.48,
      "duracion": 3.73,
      "texto": "¿Puedes sacarle captura de pantalla al mensaje de texto?",
      "confianza": 0.609
    },
    {
      "hablante": "Hablante B",
      "inicio": 552.0,
      "fin": 555.82,
      "duracion": 3.82,
      "texto": "No, ahora está con captura de pantalla y te lo reenvío por WhatsApp, ¿cómo es?",
      "confianza": 0.038
    },
    {
      "hablante": "Hablante B",
      "inicio": 555.84,
      "fin": 563.61,
      "duracion": 7.77,
      "texto": "Ajá, exactamente, me envías la captura de pantalla por WhatsApp, yo aguardo un llamado.",
      "confianza": 0.473
    },
    {
      "hablante": "Hablante B",
      "inicio": 563.63,
      "fin": 573.78,
      "duracion": 10.15,
      "texto": "Y lo que te decía es que voy a hacer un cierre comercial, te voy a repasar todos los datos de lo que es la titularidad de la línea y el plan que estás contratando para tu seguridad en la compañía que ha todo grabado, ¿sí?",
      "confianza": 0.709
    },
    {
      "hablante": "Hablante B",
      "inicio": 574.24,
      "fin": 581.24,
      "duracion": 7.01,
      "texto": "Te voy a pedir por un ratito que, bueno, los datos que te pida me los confirmes y cualquier duda consulta, me la vas al final del cierre comercial",
      "confianza": 0.739
    },
    {
      "hablante": "Hablante B",
      "inicio": 581.44,
      "fin": 586.25,
      "duracion": 4.81,
      "texto": "ya que tiene que quedar grabado de manera de corrido, ¿sí?",
      "confianza": 0.799
    },
    {
      "hablante": "Hablante B",
      "inicio": 586.27,
      "fin": 590.81,
      "duracion": 4.55,
      "texto": "Lo voy a leer un poquito rapidito, seguramente para no tenerte tanto tiempo en llamada, ¿sí?",
      "confianza": 0.738
    },
    {
      "hablante": "Hablante A",
      "inicio": 594.64,
      "fin": 598.76,
      "duracion": 4.12,
      "texto": "Vos decime si podéis enviarme la captura de pantalla.",
      "confianza": 0.658
    },
    {
      "hablante": "Hablante A",
      "inicio": 598.78,
      "fin": 600.95,
      "duracion": 2.16,
      "texto": "Ahí me llevo.",
      "confianza": 0.243
    },
    {
      "hablante": "Hablante A",
      "inicio": 600.97,
      "fin": 601.93,
      "duracion": 0.96,
      "texto": "Perfecto.",
      "confianza": 0.871
    },
    {
      "hablante": "Hablante A",
      "inicio": 601.95,
      "fin": 603.71,
      "duracion": 1.76,
      "texto": "Bueno, inicio el cierre comercial, ¿sí?",
      "confianza": 0.504
    },
    {
      "hablante": "Hablante A",
      "inicio": 604.11,
      "fin": 606.45,
      "duracion": 2.34,
      "texto": "Cualquier duda o consulta me la haces al final del cierre.",
      "confianza": 0.775
    },
    {
      "hablante": "Hablante A",
      "inicio": 606.75,
      "fin": 613.6,
      "duracion": 6.85,
      "texto": "Bien, para recibir futuras promociones, ¿usted tiene contratado algún servicio de Internet en casa de Movistar?",
      "confianza": 0.694
    },
    {
      "hablante": "Hablante A",
      "inicio": 613.62,
      "fin": 613.68,
      "duracion": 0.06,
      "texto": "No.",
      "confianza": 0.085
    },
    {
      "hablante": "Hablante A",
      "inicio": 613.7,
      "fin": 617.15,
      "duracion": 3.44,
      "texto": "Bueno, seguramente si tiene cobertura, me voy a estar contactando para comentárselo.",
      "confianza": 0.593
    },
    {
      "hablante": "Hablante A",
      "inicio": 617.63,
      "fin": 622.13,
      "duracion": 4.51,
      "texto": "Vamos a aportar entonces la línea número 12 y 1, 526-1784, ¿sí?",
      "confianza": 0.711
    },
    {
      "hablante": "Hablante B",
      "inicio": 624.72,
      "fin": 628.86,
      "duracion": 4.14,
      "texto": "Dijimos que está a nombre de Claudio Salvador Rivera Gutiérrez.",
      "confianza": 0.775
    },
    {
      "hablante": "Hablante B",
      "inicio": 628.94,
      "fin": 631.24,
      "duracion": 2.3,
      "texto": "Confírmeme los últimos tres dígitos de su DNI.",
      "confianza": 0.846
    },
    {
      "hablante": "Hablante A",
      "inicio": 632.98,
      "fin": 635.78,
      "duracion": 2.81,
      "texto": "Sí, sí, soy yo, 371.",
      "confianza": 0.111
    },
    {
      "hablante": "Hablante A",
      "inicio": 635.8,
      "fin": 648.51,
      "duracion": 12.7,
      "texto": "Perfecto, entonces dijimos que usted cuenta actualmente con un abono fijo, es decir que en la compañía de claro usted recibe todos los meses con lo que es un monto de trayendo para dar su nombre, ¿cierto?",
      "confianza": 0.704
    },
    {
      "hablante": "Hablante A",
      "inicio": 648.53,
      "fin": 648.59,
      "duracion": 0.06,
      "texto": "Sí.",
      "confianza": 0.002
    },
    {
      "hablante": "Hablante A",
      "inicio": 648.61,
      "fin": 648.71,
      "duracion": 0.1,
      "texto": "Bien.",
      "confianza": 0.065
    },
    {
      "hablante": "Hablante A",
      "inicio": 648.73,
      "fin": 653.48,
      "duracion": 4.75,
      "texto": "Y posee lo que es un chip físico, es decir que lo coloca dentro del celular, ¿cierto?",
      "confianza": 0.723
    },
    {
      "hablante": "Hablante A",
      "inicio": 653.5,
      "fin": 653.63,
      "duracion": 0.14,
      "texto": "Sí, sí.",
      "confianza": 0.045
    },
    {
      "hablante": "Hablante A",
      "inicio": 653.65,
      "fin": 654.38,
      "duracion": 0.72,
      "texto": "Muy bien.",
      "confianza": 0.816
    },
    {
      "hablante": "Hablante A",
      "inicio": 654.4,
      "fin": 657.28,
      "duracion": 2.88,
      "texto": "Entonces dijimos que va a estar recibiendo lo que es el chip",
      "confianza": 0.617
    },
    {
      "hablante": "Hablante A",
      "inicio": 657.58,
      "fin": 674.92,
      "duracion": 17.34,
      "texto": "en la calle, perdón, en la provincia de Mendoza, sí, en la calle San Martín 1032, sí, es una tienda de movistas, recuerde que usted puede ir a retirar lo que es el chip cuando se le dé aviso de que ya está listo para ser retirado, ¿ven?",
      "confianza": 0.721
    },
    {
      "hablante": "Hablante A",
      "inicio": 674.95,
      "fin": 675.12,
      "duracion": 0.18,
      "texto": "Muy bien.",
      "confianza": 0.04
    },
    {
      "hablante": "Hablante A",
      "inicio": 675.14,
      "fin": 687.2,
      "duracion": 12.06,
      "texto": "Le recuerdo lo que es el costo del servicio al día de hoy, es de 8000 pesos, es un plan con 8 GB de base más 10 GB de regalo por 6 meses, tiene WhatsApp gratis, hablar libre a cualquier compañía, 1 GB de regalo para Free Fire,",
      "confianza": 0.662
    },
    {
      "hablante": "Hablante A",
      "inicio": 687.47,
      "fin": 689.89,
      "duracion": 2.42,
      "texto": "en América y América Precio Local.",
      "confianza": 0.808
    },
    {
      "hablante": "Hablante A",
      "inicio": 690.31,
      "fin": 693.76,
      "duracion": 3.45,
      "texto": "Incluyen descuento por seis meses de 44.050 pesos.",
      "confianza": 0.587
    },
    {
      "hablante": "Hablante A",
      "inicio": 694.24,
      "fin": 700.63,
      "duracion": 6.39,
      "texto": "Bien, y recuerde que las llegas de regalos se pueden habilitar hasta 48 horas después de activar a la línea.",
      "confianza": 0.698
    },
    {
      "hablante": "Hablante A",
      "inicio": 701.05,
      "fin": 707.74,
      "duracion": 6.69,
      "texto": "El email que me proporcionó para hacer lo que es el envío de facturación es salvadorruiz2.com.",
      "confianza": 0.648
    },
    {
      "hablante": "Hablante A",
      "inicio": 707.88,
      "fin": 714.77,
      "duracion": 6.89,
      "texto": "En ese mail va a estar recibiendo toda la facturación de manera online.",
      "confianza": 0.722
    },
    {
      "hablante": "Hablante A",
      "inicio": 714.79,
      "fin": 716.41,
      "duracion": 1.62,
      "texto": "Repítame por favor, del 3 de mayo lo considero porque creo que eso es mal.",
      "confianza": 0.036
    },
    {
      "hablante": "Hablante A",
      "inicio": 716.9,
      "fin": 745.72,
      "duracion": 28.82,
      "texto": "No, no, no, no, no, no, no, no, no, no, no, no, no, no, no, no, no, no, no, no, no, no, no,",
      "confianza": 0.668
    },
    {
      "hablante": "Hablante A",
      "inicio": 746.36,
      "fin": 749.47,
      "duracion": 3.11,
      "texto": "No, no, lo puse con el número.",
      "confianza": 0.182
    },
    {
      "hablante": "Hablante A",
      "inicio": 749.49,
      "fin": 750.01,
      "duracion": 0.52,
      "texto": "Sí, lo puse con el número.",
      "confianza": 0.009
    },
    {
      "hablante": "Hablante A",
      "inicio": 750.03,
      "fin": 750.21,
      "duracion": 0.18,
      "texto": "Perfecto.",
      "confianza": 0.003
    },
    {
      "hablante": "Hablante A",
      "inicio": 750.23,
      "fin": 750.41,
      "duracion": 0.18,
      "texto": "Perfecto.",
      "confianza": 0.045
    },
    {
      "hablante": "Hablante A",
      "inicio": 750.43,
      "fin": 750.79,
      "duracion": 0.36,
      "texto": "Bien.",
      "confianza": 0.348
    },
    {
      "hablante": "Hablante A",
      "inicio": 750.81,
      "fin": 754.75,
      "duracion": 3.95,
      "texto": "En ese mail, entonces, va a estar recibiendo lo que es la facturación de manera online.",
      "confianza": 0.735
    },
    {
      "hablante": "Hablante A",
      "inicio": 754.77,
      "fin": 759.56,
      "duracion": 4.79,
      "texto": "Y también va a poder ingresar a lo que es la aplicación Mimohistar ingresando a la sección de servicios.",
      "confianza": 0.804
    },
    {
      "hablante": "Hablante A",
      "inicio": 759.96,
      "fin": 762.41,
      "duracion": 2.44,
      "texto": "Va a haber toda la información referida a su facturación.",
      "confianza": 0.629
    },
    {
      "hablante": "Hablante A",
      "inicio": 763.83,
      "fin": 764.67,
      "duracion": 0.84,
      "texto": "El monto está a pagar.",
      "confianza": 0.361
    },
    {
      "hablante": "Hablante A",
      "inicio": 764.85,
      "fin": 770.18,
      "duracion": 5.33,
      "texto": "También tiene 20 gigas de regalo durante 30 días, una vez al año, mediante la aplicación Mimohistar.",
      "confianza": 0.736
    },
    {
      "hablante": "Hablante A",
      "inicio": 770.74,
      "fin": 776.17,
      "duracion": 5.43,
      "texto": "Puede sumar 4 gigas de regalos, que es que pasa más de dos.",
      "confianza": 0.609
    },
    {
      "hablante": "Hablante A",
      "inicio": 776.52,
      "fin": 777.88,
      "duracion": 1.36,
      "texto": "con el mismo titular.",
      "confianza": 0.512
    },
    {
      "hablante": "Hablante A",
      "inicio": 778.5,
      "fin": 788.66,
      "duracion": 10.16,
      "texto": "Una vez aprobada su portabilidad y su línea va a aportar dentro de 48 horas hábiles, un día antes, por mensaje de WhatsApp, le vamos a estar informando la fecha de portabilidad para que se quede tranquilo.",
      "confianza": 0.639
    },
    {
      "hablante": "Hablante A",
      "inicio": 789.04,
      "fin": 797.09,
      "duracion": 8.05,
      "texto": "En caso de no darles señal, el chip tiene que financiar el equipo y por otro lado, dentro de las próximas días, reciben una encuesta al sector por WhatsApp.",
      "confianza": 0.473
    },
    {
      "hablante": "Hablante A",
      "inicio": 797.11,
      "fin": 801.28,
      "duracion": 4.17,
      "texto": "Les solicito por favor que se complete, ya que su opinión es importante para la empresa.",
      "confianza": 0.647
    },
    {
      "hablante": "Hablante A",
      "inicio": 801.54,
      "fin": 801.72,
      "duracion": 0.18,
      "texto": "Bien.",
      "confianza": 0.428
    },
    {
      "hablante": "Hablante A",
      "inicio": 801.74,
      "fin": 803.77,
      "duracion": 2.02,
      "texto": "Bueno, perfecto.",
      "confianza": 0.69
    },
    {
      "hablante": "Hablante A",
      "inicio": 803.79,
      "fin": 804.87,
      "duracion": 1.08,
      "texto": "Eso sería todo.",
      "confianza": 0.654
    },
    {
      "hablante": "Hablante A",
      "inicio": 804.91,
      "fin": 807.79,
      "duracion": 2.88,
      "texto": "Si cualquier duda o consulta, me puedes escribir al WhatsApp.",
      "confianza": 0.574
    },
    {
      "hablante": "Hablante A",
      "inicio": 807.81,
      "fin": 808.79,
      "duracion": 0.98,
      "texto": "No hay ningún problema.",
      "confianza": 0.738
    },
    {
      "hablante": "Hablante A",
      "inicio": 809.35,
      "fin": 809.93,
      "duracion": 0.58,
      "texto": "Sí, Claudia.",
      "confianza": 0.385
    },
    {
      "hablante": "Hablante A",
      "inicio": 809.95,
      "fin": 820.15,
      "duracion": 10.19,
      "texto": "Así que lo ideal sería que si te siguen llamando de Movistar, por favor, no brindes ningún dato porque se puede hacer una duplicidad en el pedido y me robarían lo que es la venta a mí.",
      "confianza": 0.739
    },
    {
      "hablante": "Hablante A",
      "inicio": 820.65,
      "fin": 823.31,
      "duracion": 2.66,
      "texto": "Entonces, para evitar eso, por eso te agendo por WhatsApp.",
      "confianza": 0.744
    },
    {
      "hablante": "Hablante A",
      "inicio": 823.69,
      "fin": 825.13,
      "duracion": 1.44,
      "texto": "Cualquier cosita, me hablas por ahí.",
      "confianza": 0.648
    },
    {
      "hablante": "Hablante A",
      "inicio": 825.17,
      "fin": 829.48,
      "duracion": 4.31,
      "texto": "Si yo me quiero contactar con usted, también le voy a hablar por ese medio, ¿sí?",
      "confianza": 0.705
    },
    {
      "hablante": "Hablante A",
      "inicio": 829.5,
      "fin": 829.88,
      "duracion": 0.38,
      "texto": "¿Cómo es tu nombre?",
      "confianza": 0.047
    },
    {
      "hablante": "Hablante A",
      "inicio": 830.1,
      "fin": 830.74,
      "duracion": 0.64,
      "texto": "Celeste.",
      "confianza": 0.572
    },
    {
      "hablante": "Hablante A",
      "inicio": 830.88,
      "fin": 832.2,
      "duracion": 1.32,
      "texto": "Así que ahí se lo envío por escrito.",
      "confianza": 0.606
    },
    {
      "hablante": "Hablante A",
      "inicio": 833.12,
      "fin": 835.94,
      "duracion": 2.82,
      "texto": "Así me puede estar agredada.",
      "confianza": 0.309
    },
    {
      "hablante": "Hablante A",
      "inicio": 835.96,
      "fin": 837.36,
      "duracion": 1.4,
      "texto": "Ahí está el mensaje.",
      "confianza": 0.175
    },
    {
      "hablante": "Hablante A",
      "inicio": 837.38,
      "fin": 845.45,
      "duracion": 8.07,
      "texto": "Sí, mientras no pase ningún dato, usted ya sabe que por mensaje de texto se le avisa cuándo puede retirar el chip.",
      "confianza": 0.643
    },
    {
      "hablante": "Hablante A",
      "inicio": 846.05,
      "fin": 846.67,
      "duracion": 0.62,
      "texto": "Y nada más.",
      "confianza": 0.763
    },
    {
      "hablante": "Hablante A",
      "inicio": 846.89,
      "fin": 848.11,
      "duracion": 1.22,
      "texto": "Solo eso quedaría, ¿sí?",
      "confianza": 0.6
    },
    {
      "hablante": "Hablante B",
      "inicio": 849.77,
      "fin": 850.15,
      "duracion": 0.38,
      "texto": "Sí, tengo una duda.",
      "confianza": 0.016
    },
    {
      "hablante": "Hablante B",
      "inicio": 850.17,
      "fin": 850.61,
      "duracion": 0.44,
      "texto": "Decime.",
      "confianza": 0.84
    },
    {
      "hablante": "Hablante B",
      "inicio": 851.79,
      "fin": 855.94,
      "duracion": 4.14,
      "texto": "Yo estoy con Claro hoy y ahora, en el 26.",
      "confianza": 0.134
    },
    {
      "hablante": "Hablante B",
      "inicio": 855.96,
      "fin": 856.2,
      "duracion": 0.24,
      "texto": "¿Cómo hago?",
      "confianza": 0.084
    },
    {
      "hablante": "Hablante B",
      "inicio": 856.22,
      "fin": 858.6,
      "duracion": 2.38,
      "texto": "¿Tengo que avisar al primero que no voy a estar con ellos?",
      "confianza": 0.24
    },
    {
      "hablante": "Hablante B",
      "inicio": 858.75,
      "fin": 867.02,
      "duracion": 8.27,
      "texto": "No tienes que avisar nada en realidad, es muy probable que ya sea para el viernes o el lunes ya estés en Movistar, así que no tendrías que avisar nada.",
      "confianza": 0.594
    },
    {
      "hablante": "Hablante B",
      "inicio": 867.22,
      "fin": 877.01,
      "duracion": 9.79,
      "texto": "Solo tienes que buscar el chip por la tienda de Movistar y ya te lo van a dar activo, así que directamente lo colocas y ya estás en Movistar.",
      "confianza": 0.636
    },
    {
      "hablante": "Hablante B",
      "inicio": 877.55,
      "fin": 879.51,
      "duracion": 1.96,
      "texto": "No tienes que realizar ninguna baja ni nada.",
      "confianza": 0.776
    },
    {
      "hablante": "Hablante A",
      "inicio": 881.19,
      "fin": 883.6,
      "duracion": 2.4,
      "texto": "Perfecto, que tengas buen día y bienvenido a Movistar.",
      "confianza": 0.626
    },
    {
      "hablante": "Hablante A",
      "inicio": 883.63,
      "fin": 885.62,
      "duracion": 1.98,
      "texto": "Hasta luego.",
      "confianza": 0.754
    }
  ],
  "transcripcion_completa": "¡Bruno, ayúdame en el local! ¿Hola? ¿Hola? ¿Quién habló? ¿Hola? ¿Qué tal? Buenos días, soy Celeste de Movistar. ¿Cómo te va? ¿Qué tal, Celeste? Muy bien. Mira, llámame para comentarte lo que es la portabilidad de la línea, ¿sí? Sí. Y no sé si primero te creo alguna duda sobre el plan que te había mencionado anteriormente. ¿Me puedes repetir? Mira, el plan trae ocho gigas de base y vas a tener diez gigas de regalo, ¿sí? Yo te había enviado uno que tenía menos gigas, pero justamente el día de hoy Tenemos una mejor promoción con ese plan, solo por hoy. Así que tendrías 18 gigas, incluye llamadas, mensajerías y WhatsApp ilimitados, y también lo que es Roomin en América. ¿Qué quiere decir eso? Si salís fuera del país, vas a poder seguir conectado, ¿sí? Y no se te va a cobrar ningún paquete adicional. Bien. Y abonarías 8 mil pesos por la línea. Bien. ¿Vos tenés solo una línea en claro o tenés más de una? No, no, solo una línea, esta que estamos hablando. Bien, perfecto. En ese caso, entonces tendrías 18 libras para utilizar y bueno, vanarías 8 mil pesos por tu línea, ¿sí? Con respecto a la portabilidad, ¿cómo se hace? Yo tengo que solicitarte lo que es el DNI del titular o la titular. No sé si sos vos el titular en el claro. Bien, tendría que solicitarte el DNI. Vamos a hacer una verificación de datos. Yo te repasaría todos los datos que están cargados en el sistema de Movistar, ¿sí? Si hay alguno que haya que modificar, vos me dices si lo modifico. Y programamos lo que es el envío de chip a una tienda de Movistar que demora más o menos cuatro días hábiles. ¿Basta? Sí. ¿Basta? Sí. No, pues si quiere más, vuelvan. Yo tengo que cerrar un montón, perdón. Sí, no hay problema. Yo aguardo. Hola. Ahí sí, perdón. Justo estaba trabajando. Este, si quiere pregúnteme ahora, ¿lo puedo inscribir ahora? No sé cuánto se va a demorar. No, cinco minutos como mucho. Sí, decime el DIN. Es 18-905-371. Perfecto. Decime un correo electrónico donde querás recibir lo que es la facturación, por favor. Sí, te puedo preguntar antes cómo se hace, porque, viste, tengo una duda. Quiera que te comente. Yo trabajo en todo el turno de la mañana. Pero no le estoy jugando, ¿viste? Para ir al centro. ¿Puedo ir a la tarde? Si pudiera ir a la tarde, por ejemplo. Por ejemplo, te explico cómo es. Nosotros hacemos lo que es el envío de chip a la sucursal de multar más cercana a tu domicilio. Cuando se active la línea se te va a avisar con un día de anticipación. Supongamos que el día viernes o lunes se activa. Si es el viernes, por ejemplo, o el jueves vas a recibir un mensaje indicándote que puedes ir ese día o al día siguiente. El mensajito te llega por mensaje de texto y te dice que la portabilidad ya ha sido aprobada, significa que ya puedes ir a retirarlo ese día o al otro día, en el horario que puedas, obviamente, ¿sí? Bien, perfecto. Mientras una consulta, igual, ¿tu línea es con un chip físico o es el SIM? ¿Cómo es el chip físico o el SIM? El físico es el que colocas dentro del celular y el es SIM, lo escaneas con un QR, que por ahí los iPhone tienen esa opción. Ah, el mítico sería, se metieron físico a la tarjeta. Bien, perfecto, muy bien. Decime el correo electrónico donde querás recibir la facturación, por favor. Sí. Esto con menú para Salvador Ruiz. ¿Cómo, perdón? Salvador Ruiz. Salvador Ruiz. Sí, de Ribera. Está abreviado. El número 2. Sí. ArruaGmail.com Muchas gracias. Bien. Me dijiste entonces Salvador. Sí. Salvador Rubir. Número 2, arruaGmail.com. Bien, perfecto. Ahí te lo envío escrito por WhatsApp. Después compro un nombre que está bien tipiado. Bien. Bueno. Aquí te voy a pedir que me envíes lo que es la foto del frente y del torso de tu DNI, por favor, para dejarte asentado como titular de la línea. Correcto. Si puedes, sí. Sí, te doy ahora mismo. Genial. Decime de qué provincia y qué localidad cosas y mientras envías la foto yo te busco una secursal. Perdón. Sí, no hay problema. Te consultaba de qué provincia y qué localidad cosas y busco una secursal cercana al domicilio. Suposal Mendoza, capital. Bien, de Mendoza. Sí. Perfecto, tenemos varias. Puede ser cualquiera, yo voy a dejar asentado una, pero tenemos varias. ¿Tenemos una en la avenida de las Heras o dos en lo que es la calle de San Martín? San Martín, cualquiera. Bien, cualquiera de San Martín. Bien, San Martín 1032, yo te voy a enviar lo que es una fotito con los colores de atención y las direcciones por si las querés tener a mano ahí en el chat. Ahí te lo envié. Así ya lo tenéis por el mismo chat. Y mientras, envíame lo que es la foto del Frontier son DNI. Y te comento. Ahí te lo mando. Bueno. ¿Debemos dar un WhatsApp? ¿Dónde te lo mando? Por WhatsApp. Por WhatsApp, por favor. Al mismo que estamos hablando. Hay un WhatsApp, últimamente. Ahí te lo mando. Bueno, yo guardo. Y no hay problema, yo guardo en llamada. Y mientras te voy comentando, lo último que me queda hacer es enviarte un mensaje de la portabilidad que te llega por mensaje de texto desde el remitente 223. Ese mensajito me permite a mí pasar lo que es la línea de una compañía a la otra manteniendo el mismo número. Entonces, te voy a pedir que cuando te llegue por mensaje común me envíes captura de pantalla y si te ingresan llamamos de números privados o números no agendados Te voy a pedir por un ratito que no atiendas, ya que es de parte nuestra de Movistar. Estamos probando que la línea esté activa, ¿sí? No sé si esté por donde bajar en claro, para que no se quede sin señales en el medio de la portabilidad. Bien. Todavía no me llega lo que es la foto del frente y ahora solo el DNI. No sé si la podías enviar. Ahí me llegó. Ahí me llegó el frente. Y ahora te envió el mensaje de portabilidad que te dije que te llegara por mensaje común. Pues avistame cuando te llegues y no lo vuelvo a enviar, no hay problema. Bien, ahí me llegó el dorso. Decime si te llegó lo que es el mensajito de portabilidad, por favor. Sí, ahí está el mensajito que no fue el primero correo mío. No, no, no. Te digo que te ha llegado un mensaje de texto por mensaje común, no por WhatsApp, ¿sí? Es el número 223. ¿Sí? Decime si te llegó. Si te llegó, saca la captura de pantalla. Sí, más 233, código de portabilidad. Exactamente, ese mismo. Te tiene que dar de fecha de vencimiento, si no me equivoco, para el 27, es la fecha estimada que tenemos para hacer la entrega de chip. De eso yo te quiero captura de pantalla por WhatsApp, ya que nos permite pasar la línea de una compañía a la otra manteniendo el mismo número, ¿sí? Voy a avisarme cuando me lo envíes. Y lo último que me queda de ti hacer, mientras sacas la captura de pantalla te comento y cierres el comercial, ¿sí? En el cierre comercial, le voy a hacer la hora de llamar. Sí, decime. No, no, perdón, ahí está. Ah, no hay problema. Sí. Ahí me corre el cuaderno. Bueno, no, no hay problema. ¿Puedes sacarle captura de pantalla al mensaje de texto? No, ahora está con captura de pantalla y te lo reenvío por WhatsApp, ¿cómo es? Ajá, exactamente, me envías la captura de pantalla por WhatsApp, yo aguardo un llamado. Y lo que te decía es que voy a hacer un cierre comercial, te voy a repasar todos los datos de lo que es la titularidad de la línea y el plan que estás contratando para tu seguridad en la compañía que ha todo grabado, ¿sí? Te voy a pedir por un ratito que, bueno, los datos que te pida me los confirmes y cualquier duda consulta, me la vas al final del cierre comercial ya que tiene que quedar grabado de manera de corrido, ¿sí? Lo voy a leer un poquito rapidito, seguramente para no tenerte tanto tiempo en llamada, ¿sí? Vos decime si podéis enviarme la captura de pantalla. Ahí me llevo. Perfecto. Bueno, inicio el cierre comercial, ¿sí? Cualquier duda o consulta me la haces al final del cierre. Bien, para recibir futuras promociones, ¿usted tiene contratado algún servicio de Internet en casa de Movistar? No. Bueno, seguramente si tiene cobertura, me voy a estar contactando para comentárselo. Vamos a aportar entonces la línea número 12 y 1, 526-1784, ¿sí? Dijimos que está a nombre de Claudio Salvador Rivera Gutiérrez. Confírmeme los últimos tres dígitos de su DNI. Sí, sí, soy yo, 371. Perfecto, entonces dijimos que usted cuenta actualmente con un abono fijo, es decir que en la compañía de claro usted recibe todos los meses con lo que es un monto de trayendo para dar su nombre, ¿cierto? Sí. Bien. Y posee lo que es un chip físico, es decir que lo coloca dentro del celular, ¿cierto? Sí, sí. Muy bien. Entonces dijimos que va a estar recibiendo lo que es el chip en la calle, perdón, en la provincia de Mendoza, sí, en la calle San Martín 1032, sí, es una tienda de movistas, recuerde que usted puede ir a retirar lo que es el chip cuando se le dé aviso de que ya está listo para ser retirado, ¿ven? Muy bien. Le recuerdo lo que es el costo del servicio al día de hoy, es de 8000 pesos, es un plan con 8 GB de base más 10 GB de regalo por 6 meses, tiene WhatsApp gratis, hablar libre a cualquier compañía, 1 GB de regalo para Free Fire, en América y América Precio Local. Incluyen descuento por seis meses de 44.050 pesos. Bien, y recuerde que las llegas de regalos se pueden habilitar hasta 48 horas después de activar a la línea. El email que me proporcionó para hacer lo que es el envío de facturación es salvadorruiz2.com. En ese mail va a estar recibiendo toda la facturación de manera online. Repítame por favor, del 3 de mayo lo considero porque creo que eso es mal. No, no, no, no, no, no, no, no, no, no, no, no, no, no, no, no, no, no, no, no, no, no, no, No, no, lo puse con el número. Sí, lo puse con el número. Perfecto. Perfecto. Bien. En ese mail, entonces, va a estar recibiendo lo que es la facturación de manera online. Y también va a poder ingresar a lo que es la aplicación Mimohistar ingresando a la sección de servicios. Va a haber toda la información referida a su facturación. El monto está a pagar. También tiene 20 gigas de regalo durante 30 días, una vez al año, mediante la aplicación Mimohistar. Puede sumar 4 gigas de regalos, que es que pasa más de dos. con el mismo titular. Una vez aprobada su portabilidad y su línea va a aportar dentro de 48 horas hábiles, un día antes, por mensaje de WhatsApp, le vamos a estar informando la fecha de portabilidad para que se quede tranquilo. En caso de no darles señal, el chip tiene que financiar el equipo y por otro lado, dentro de las próximas días, reciben una encuesta al sector por WhatsApp. Les solicito por favor que se complete, ya que su opinión es importante para la empresa. Bien. Bueno, perfecto. Eso sería todo. Si cualquier duda o consulta, me puedes escribir al WhatsApp. No hay ningún problema. Sí, Claudia. Así que lo ideal sería que si te siguen llamando de Movistar, por favor, no brindes ningún dato porque se puede hacer una duplicidad en el pedido y me robarían lo que es la venta a mí. Entonces, para evitar eso, por eso te agendo por WhatsApp. Cualquier cosita, me hablas por ahí. Si yo me quiero contactar con usted, también le voy a hablar por ese medio, ¿sí? ¿Cómo es tu nombre? Celeste. Así que ahí se lo envío por escrito. Así me puede estar agredada. Ahí está el mensaje. Sí, mientras no pase ningún dato, usted ya sabe que por mensaje de texto se le avisa cuándo puede retirar el chip. Y nada más. Solo eso quedaría, ¿sí? Sí, tengo una duda. Decime. Yo estoy con Claro hoy y ahora, en el 26. ¿Cómo hago? ¿Tengo que avisar al primero que no voy a estar con ellos? No tienes que avisar nada en realidad, es muy probable que ya sea para el viernes o el lunes ya estés en Movistar, así que no tendrías que avisar nada. Solo tienes que buscar el chip por la tienda de Movistar y ya te lo van a dar activo, así que directamente lo colocas y ya estás en Movistar. No tienes que realizar ninguna baja ni nada. Perfecto, que tengas buen día y bienvenido a Movistar. Hasta luego.",
  "calidad": {
    "confianza_promedio": 0.468,
    "metodo_diarizacion": "pausas_fallback",
    "tiempo_procesamiento": 28.0
  },
  "metadata": {
    "modelo": "whisperx_medium",
    "diarizacion": "pausas",
    "dispositivo": "cuda",
    "fecha": "2026-01-25T17:57:26.492584",
    "version": "5.0_ecapa"
  }
}