{
  "archivo": "amza15_1_260123130725901_ACD_86131.wav",
  "duracion_segundos": 102.95,
  "num_segmentos": 33,
  "num_hablantes": 2,
  "hablantes": [
    "Hablante A",
    "Hablante B"
  ],
  "tiempo_por_hablante": {
    "Hablante A": 48.05,
    "Hablante B": 32.81
  },
  "idioma": "es",
  "conversacion": [
    {
      "hablante": "Hablante A",
      "inicio": 0.03,
      "fin": 4.0,
      "duracion": 3.96,
      "texto": "Hola, buenas tardes.",
      "confianza": 0.85
    },
    {
      "hablante": "Hablante A",
      "inicio": 5.44,
      "fin": 6.76,
      "duracion": 1.32,
      "texto": "Sí.",
      "confianza": 0.551
    },
    {
      "hablante": "Hablante A",
      "inicio": 6.78,
      "fin": 8.2,
      "duracion": 1.42,
      "texto": "¿Me comunico con Marcelo?",
      "confianza": 0.776
    },
    {
      "hablante": "Hablante A",
      "inicio": 9.44,
      "fin": 10.42,
      "duracion": 0.98,
      "texto": "Sí.",
      "confianza": 0.568
    },
    {
      "hablante": "Hablante A",
      "inicio": 10.44,
      "fin": 11.32,
      "duracion": 0.88,
      "texto": "¿Cómo estás, Marcelo?",
      "confianza": 0.729
    },
    {
      "hablante": "Hablante A",
      "inicio": 11.38,
      "fin": 12.31,
      "duracion": 0.92,
      "texto": "Mi nombre es Luisana.",
      "confianza": 0.676
    },
    {
      "hablante": "Hablante A",
      "inicio": 12.35,
      "fin": 15.39,
      "duracion": 3.04,
      "texto": "Me comunico desde el área de promociones y bonificaciones de Movistar.",
      "confianza": 0.611
    },
    {
      "hablante": "Hablante B",
      "inicio": 18.45,
      "fin": 19.75,
      "duracion": 1.3,
      "texto": "Hola, Luisana.",
      "confianza": 0.262
    },
    {
      "hablante": "Hablante B",
      "inicio": 19.77,
      "fin": 24.48,
      "duracion": 4.71,
      "texto": "¿Vos sabés que en el de acá habló un compañero tuyo?",
      "confianza": 0.319
    },
    {
      "hablante": "Hablante B",
      "inicio": 24.5,
      "fin": 24.66,
      "duracion": 0.16,
      "texto": "Sí.",
      "confianza": 0.406
    },
    {
      "hablante": "Hablante B",
      "inicio": 24.78,
      "fin": 26.66,
      "duracion": 1.88,
      "texto": "Les dije que todavía no se podían.",
      "confianza": 0.372
    },
    {
      "hablante": "Hablante A",
      "inicio": 28.33,
      "fin": 32.23,
      "duracion": 3.91,
      "texto": "¿Ha tenido algún problema con la línea que no se ha podido?",
      "confianza": 0.777
    },
    {
      "hablante": "Hablante A",
      "inicio": 32.26,
      "fin": 35.44,
      "duracion": 3.18,
      "texto": "Porque no tiene fibra óptica donde estoy.",
      "confianza": 0.28
    },
    {
      "hablante": "Hablante A",
      "inicio": 35.46,
      "fin": 37.6,
      "duracion": 2.14,
      "texto": "¿No tiene fibra óptica donde usted se encuentra?",
      "confianza": 0.766
    },
    {
      "hablante": "Hablante A",
      "inicio": 38.52,
      "fin": 41.27,
      "duracion": 2.74,
      "texto": "Así es.",
      "confianza": 0.402
    },
    {
      "hablante": "Hablante A",
      "inicio": 41.29,
      "fin": 42.25,
      "duracion": 0.96,
      "texto": "¿De qué lugar es usted?",
      "confianza": 0.785
    },
    {
      "hablante": "Hablante B",
      "inicio": 43.81,
      "fin": 44.15,
      "duracion": 0.34,
      "texto": "Tucumán.",
      "confianza": 0.567
    },
    {
      "hablante": "Hablante B",
      "inicio": 45.53,
      "fin": 46.25,
      "duracion": 0.72,
      "texto": "Excelente.",
      "confianza": 0.892
    },
    {
      "hablante": "Hablante B",
      "inicio": 46.27,
      "fin": 48.23,
      "duracion": 1.96,
      "texto": "¿De qué parte de Tucumán?",
      "confianza": 0.768
    },
    {
      "hablante": "Hablante B",
      "inicio": 48.26,
      "fin": 56.02,
      "duracion": 7.77,
      "texto": "Yo ahí nomás averiguo rapidito si hay... Es que ya me hablo muchas veces, si no hay cobertura óptica, por eso te digo, si no, no tendré problemas.",
      "confianza": 0.392
    },
    {
      "hablante": "Hablante A",
      "inicio": 58.66,
      "fin": 61.54,
      "duracion": 2.88,
      "texto": "OK, bueno.",
      "confianza": 0.485
    },
    {
      "hablante": "Hablante A",
      "inicio": 61.62,
      "fin": 69.75,
      "duracion": 8.13,
      "texto": "Le pido su dirección rapidito y después le mando un mensaje en WhatsApp porque en realidad Movistar está trabajando para activar líneas en varios lugares, ¿sí?",
      "confianza": 0.697
    },
    {
      "hablante": "Hablante B",
      "inicio": 72.81,
      "fin": 73.11,
      "duracion": 0.3,
      "texto": "Claro, tal vez.",
      "confianza": 0.02
    },
    {
      "hablante": "Hablante B",
      "inicio": 73.13,
      "fin": 80.01,
      "duracion": 6.89,
      "texto": "Sería... Santiago del Estero, 1.408.",
      "confianza": 0.441
    },
    {
      "hablante": "Hablante B",
      "inicio": 80.11,
      "fin": 84.48,
      "duracion": 4.36,
      "texto": "¿Calle Santiago del Estero?",
      "confianza": 0.748
    },
    {
      "hablante": "Hablante B",
      "inicio": 85.78,
      "fin": 87.16,
      "duracion": 1.38,
      "texto": "1.408.",
      "confianza": 0.78
    },
    {
      "hablante": "Hablante B",
      "inicio": 88.19,
      "fin": 89.23,
      "duracion": 1.04,
      "texto": "1.408.",
      "confianza": 0.658
    },
    {
      "hablante": "Hablante A",
      "inicio": 91.27,
      "fin": 95.38,
      "duracion": 4.11,
      "texto": "Excelente, yo le voy a mandar un WhatsApp y lo voy comunicando cualquier tipo de información.",
      "confianza": 0.741
    },
    {
      "hablante": "Hablante A",
      "inicio": 95.4,
      "fin": 98.29,
      "duracion": 2.89,
      "texto": "Sí, Ricardo.",
      "confianza": 0.792
    },
    {
      "hablante": "Hablante A",
      "inicio": 98.31,
      "fin": 98.63,
      "duracion": 0.32,
      "texto": "Dale, buenísimo.",
      "confianza": 0.011
    },
    {
      "hablante": "Hablante A",
      "inicio": 98.65,
      "fin": 102.57,
      "duracion": 3.93,
      "texto": "Muchas gracias, que tenga lindo día.",
      "confianza": 0.735
    },
    {
      "hablante": "Hablante A",
      "inicio": 102.59,
      "fin": 102.83,
      "duracion": 0.24,
      "texto": "Igual, Chau.",
      "confianza": 0.012
    },
    {
      "hablante": "Hablante A",
      "inicio": 102.86,
      "fin": 102.95,
      "duracion": 0.1,
      "texto": "Chau.",
      "confianza": 0.201
    }
  ],
  "transcripcion_completa": "Hola, buenas tardes. Sí. ¿Me comunico con Marcelo? Sí. ¿Cómo estás, Marcelo? Mi nombre es Luisana. Me comunico desde el área de promociones y bonificaciones de Movistar. Hola, Luisana. ¿Vos sabés que en el de acá habló un compañero tuyo? Sí. Les dije que todavía no se podían. ¿Ha tenido algún problema con la línea que no se ha podido? Porque no tiene fibra óptica donde estoy. ¿No tiene fibra óptica donde usted se encuentra? Así es. ¿De qué lugar es usted? Tucumán. Excelente. ¿De qué parte de Tucumán? Yo ahí nomás averiguo rapidito si hay... Es que ya me hablo muchas veces, si no hay cobertura óptica, por eso te digo, si no, no tendré problemas. OK, bueno. Le pido su dirección rapidito y después le mando un mensaje en WhatsApp porque en realidad Movistar está trabajando para activar líneas en varios lugares, ¿sí? Claro, tal vez. Sería... Santiago del Estero, 1.408. ¿Calle Santiago del Estero? 1.408. 1.408. Excelente, yo le voy a mandar un WhatsApp y lo voy comunicando cualquier tipo de información. Sí, Ricardo. Dale, buenísimo. Muchas gracias, que tenga lindo día. Igual, Chau. Chau.",
  "calidad": {
    "confianza_promedio": 0.548,
    "metodo_diarizacion": "pausas_fallback",
    "tiempo_procesamiento": 10.4
  },
  "metadata": {
    "modelo": "whisperx_medium",
    "diarizacion": "pausas",
    "dispositivo": "cuda",
    "fecha": "2026-01-26T01:41:22.283618",
    "version": "5.0_ecapa"
  }
}