{
  "archivo": "amza24_1_260120131214662_ACD_07949.wav",
  "duracion_segundos": 711.5,
  "num_segmentos": 175,
  "num_hablantes": 2,
  "hablantes": [
    "Hablante A",
    "Hablante B"
  ],
  "tiempo_por_hablante": {
    "Hablante A": 416.27,
    "Hablante B": 229.86
  },
  "idioma": "es",
  "conversacion": [
    {
      "hablante": "Hablante A",
      "inicio": 0.03,
      "fin": 2.13,
      "duracion": 2.1,
      "texto": "Hola.",
      "confianza": 0.456
    },
    {
      "hablante": "Hablante A",
      "inicio": 2.15,
      "fin": 2.21,
      "duracion": 0.06,
      "texto": "Sí.",
      "confianza": 0.141
    },
    {
      "hablante": "Hablante A",
      "inicio": 2.23,
      "fin": 2.92,
      "duracion": 0.68,
      "texto": "Hola, ¿cómo estás?",
      "confianza": 0.137
    },
    {
      "hablante": "Hablante A",
      "inicio": 2.94,
      "fin": 6.24,
      "duracion": 3.3,
      "texto": "Agustín es mi nombre, habló con Rafael.",
      "confianza": 0.787
    },
    {
      "hablante": "Hablante A",
      "inicio": 6.26,
      "fin": 6.32,
      "duracion": 0.06,
      "texto": "Sí.",
      "confianza": 0.194
    },
    {
      "hablante": "Hablante A",
      "inicio": 6.34,
      "fin": 7.3,
      "duracion": 0.96,
      "texto": "¿Cómo estás, Rafael?",
      "confianza": 0.602
    },
    {
      "hablante": "Hablante A",
      "inicio": 7.32,
      "fin": 10.1,
      "duracion": 2.78,
      "texto": "Te estoy llamando del área de recupero de clientes movistar.",
      "confianza": 0.691
    },
    {
      "hablante": "Hablante A",
      "inicio": 11.49,
      "fin": 15.95,
      "duracion": 4.47,
      "texto": "No figura que vos actualmente estás en claro, ¿verdad?",
      "confianza": 0.696
    },
    {
      "hablante": "Hablante A",
      "inicio": 15.97,
      "fin": 16.03,
      "duracion": 0.06,
      "texto": "Sí.",
      "confianza": 0.062
    },
    {
      "hablante": "Hablante A",
      "inicio": 16.05,
      "fin": 16.95,
      "duracion": 0.9,
      "texto": "Bien, te consulto.",
      "confianza": 0.637
    },
    {
      "hablante": "Hablante A",
      "inicio": 16.97,
      "fin": 22.14,
      "duracion": 5.17,
      "texto": "¿El motivo por el cual te fuiste a movistar cuál fue?",
      "confianza": 0.59
    },
    {
      "hablante": "Hablante A",
      "inicio": 22.16,
      "fin": 22.44,
      "duracion": 0.28,
      "texto": "Por el precio.",
      "confianza": 0.014
    },
    {
      "hablante": "Hablante A",
      "inicio": 22.46,
      "fin": 23.86,
      "duracion": 1.4,
      "texto": "No entiendo, no entiendo.",
      "confianza": 0.386
    },
    {
      "hablante": "Hablante A",
      "inicio": 24.35,
      "fin": 34.44,
      "duracion": 10.09,
      "texto": "Bien, bueno te cuento, si en este caso te estábamos llamando del área del rectificero, como te decía anteriormente, porque tenemos promociones exclusivas para esos clientes que han sido parte de la compañía.",
      "confianza": 0.704
    },
    {
      "hablante": "Hablante A",
      "inicio": 34.72,
      "fin": 49.72,
      "duracion": 15.0,
      "texto": "En este caso Rafael, tengo para brindarte, lo que es un plan de 8 siglas de base más 10 de regalo, van a ser 18 siglas en total, WhatsApp gratis llamadas libres a todas las compañías con un precio final de 8.000 pesos, ¿sí?",
      "confianza": 0.694
    },
    {
      "hablante": "Hablante A",
      "inicio": 49.74,
      "fin": 49.8,
      "duracion": 0.06,
      "texto": "Sí.",
      "confianza": 0.333
    },
    {
      "hablante": "Hablante A",
      "inicio": 50.6,
      "fin": 53.95,
      "duracion": 3.34,
      "texto": "En este caso, Rafael, el trámite es súper sencillo.",
      "confianza": 0.622
    },
    {
      "hablante": "Hablante A",
      "inicio": 54.05,
      "fin": 64.92,
      "duracion": 10.87,
      "texto": "Simplemente te verificamos los datos, bien, que tenemos cargados en el sistema, y te enviaríamos el chip a la sucursal más cercana a tu homicidio, ¿bien?",
      "confianza": 0.712
    },
    {
      "hablante": "Hablante A",
      "inicio": 64.94,
      "fin": 69.05,
      "duracion": 4.11,
      "texto": "En un plazo de, si decime.",
      "confianza": 0.146
    },
    {
      "hablante": "Hablante A",
      "inicio": 69.07,
      "fin": 69.97,
      "duracion": 0.9,
      "texto": "Porque soy de Rosario, acá no hay movistar.",
      "confianza": 0.025
    },
    {
      "hablante": "Hablante A",
      "inicio": 69.99,
      "fin": 70.61,
      "duracion": 0.62,
      "texto": "Ah, entiendo.",
      "confianza": 0.447
    },
    {
      "hablante": "Hablante A",
      "inicio": 70.63,
      "fin": 79.04,
      "duracion": 8.41,
      "texto": "Bien, en ese caso, te puedo brindar lo que sería una sucursal, Adrián, y que te llegue en el mismo plazo, de 48 a 72 horas a la vida.",
      "confianza": 0.765
    },
    {
      "hablante": "Hablante A",
      "inicio": 79.56,
      "fin": 80.6,
      "duracion": 1.04,
      "texto": "Bueno.",
      "confianza": 0.182
    },
    {
      "hablante": "Hablante A",
      "inicio": 80.62,
      "fin": 84.05,
      "duracion": 3.42,
      "texto": "A ver, aguárdame que quiero verificar cuál es la que te queda más cerquita.",
      "confianza": 0.624
    },
    {
      "hablante": "Hablante B",
      "inicio": 89.92,
      "fin": 90.23,
      "duracion": 0.32,
      "texto": "Ya te digo, ¿sí?",
      "confianza": 0.013
    },
    {
      "hablante": "Hablante B",
      "inicio": 90.25,
      "fin": 103.09,
      "duracion": 12.83,
      "texto": "Bien, en Rosario tenemos, en San Martín, 21-27 o en... Es esta de acá, que es la de...",
      "confianza": 0.61
    },
    {
      "hablante": "Hablante B",
      "inicio": 103.33,
      "fin": 104.03,
      "duracion": 0.7,
      "texto": "Ya te digo.",
      "confianza": 0.392
    },
    {
      "hablante": "Hablante B",
      "inicio": 104.15,
      "fin": 105.37,
      "duracion": 1.22,
      "texto": "Avenida Eva Perón, 62-43.",
      "confianza": 0.421
    },
    {
      "hablante": "Hablante B",
      "inicio": 105.45,
      "fin": 108.14,
      "duracion": 2.68,
      "texto": "¿Cuál de estas dos te quedaría más cómodo?",
      "confianza": 0.657
    },
    {
      "hablante": "Hablante B",
      "inicio": 109.08,
      "fin": 115.35,
      "duracion": 6.27,
      "texto": "Y la primera, la primera.",
      "confianza": 0.219
    },
    {
      "hablante": "Hablante B",
      "inicio": 115.37,
      "fin": 116.19,
      "duracion": 0.82,
      "texto": "La primera es la de San Martín, perfecto.",
      "confianza": 0.014
    },
    {
      "hablante": "Hablante B",
      "inicio": 116.21,
      "fin": 118.35,
      "duracion": 2.14,
      "texto": "Bien, aguardame un momento.",
      "confianza": 0.172
    },
    {
      "hablante": "Hablante B",
      "inicio": 118.37,
      "fin": 120.51,
      "duracion": 2.14,
      "texto": "Entonces sería esta, perfecto.",
      "confianza": 0.584
    },
    {
      "hablante": "Hablante B",
      "inicio": 120.89,
      "fin": 123.38,
      "duracion": 2.48,
      "texto": "Entonces sería San Martín 2127, ¿sí?",
      "confianza": 0.674
    },
    {
      "hablante": "Hablante B",
      "inicio": 123.52,
      "fin": 123.86,
      "duracion": 0.34,
      "texto": "Sí.",
      "confianza": 0.615
    },
    {
      "hablante": "Hablante B",
      "inicio": 125.18,
      "fin": 126.38,
      "duracion": 1.2,
      "texto": "Perfecto, bien.",
      "confianza": 0.716
    },
    {
      "hablante": "Hablante B",
      "inicio": 126.78,
      "fin": 129.09,
      "duracion": 2.3,
      "texto": "Bueno, Rafael, te verifico entonces los datos.",
      "confianza": 0.656
    },
    {
      "hablante": "Hablante B",
      "inicio": 129.16,
      "fin": 131.67,
      "duracion": 2.5,
      "texto": "Cristaldo, Rafael, Oscar, ¿bien?",
      "confianza": 0.784
    },
    {
      "hablante": "Hablante B",
      "inicio": 132.05,
      "fin": 132.21,
      "duracion": 0.16,
      "texto": "Sí.",
      "confianza": 0.307
    },
    {
      "hablante": "Hablante B",
      "inicio": 132.23,
      "fin": 134.93,
      "duracion": 2.7,
      "texto": "Los tres últimos dígitos de tu DNI, 009.",
      "confianza": 0.514
    },
    {
      "hablante": "Hablante B",
      "inicio": 135.62,
      "fin": 140.63,
      "duracion": 5.0,
      "texto": "Bien, la línea que portaríamos es las 3, 4, 1, 3, 8, 5, 5, 6, 50.",
      "confianza": 0.659
    },
    {
      "hablante": "Hablante B",
      "inicio": 140.65,
      "fin": 140.73,
      "duracion": 0.08,
      "texto": "¿Sí?",
      "confianza": 0.002
    },
    {
      "hablante": "Hablante B",
      "inicio": 140.75,
      "fin": 141.03,
      "duracion": 0.28,
      "texto": "Sí.",
      "confianza": 0.493
    },
    {
      "hablante": "Hablante B",
      "inicio": 141.05,
      "fin": 143.57,
      "duracion": 2.52,
      "texto": "Bien.",
      "confianza": 0.633
    },
    {
      "hablante": "Hablante B",
      "inicio": 143.59,
      "fin": 151.02,
      "duracion": 7.43,
      "texto": "Si tenés alguna línea más, Rafael, para pasar a Movistar, van a tener cuatro gigas extras para cada una de las líneas por tiempo indeterminado.",
      "confianza": 0.768
    },
    {
      "hablante": "Hablante A",
      "inicio": 154.08,
      "fin": 154.16,
      "duracion": 0.08,
      "texto": "¿Sí?",
      "confianza": 0.034
    },
    {
      "hablante": "Hablante A",
      "inicio": 154.18,
      "fin": 154.3,
      "duracion": 0.12,
      "texto": "Bueno.",
      "confianza": 0.074
    },
    {
      "hablante": "Hablante A",
      "inicio": 154.32,
      "fin": 154.42,
      "duracion": 0.1,
      "texto": "Bien.",
      "confianza": 0.126
    },
    {
      "hablante": "Hablante A",
      "inicio": 154.44,
      "fin": 159.21,
      "duracion": 4.76,
      "texto": "¿Tenés alguna para anotarla ya o...?",
      "confianza": 0.344
    },
    {
      "hablante": "Hablante A",
      "inicio": 159.23,
      "fin": 159.37,
      "duracion": 0.14,
      "texto": "No, no.",
      "confianza": 0.036
    },
    {
      "hablante": "Hablante A",
      "inicio": 159.39,
      "fin": 159.65,
      "duracion": 0.26,
      "texto": "Por ahora no.",
      "confianza": 0.048
    },
    {
      "hablante": "Hablante A",
      "inicio": 159.67,
      "fin": 159.85,
      "duracion": 0.18,
      "texto": "Perfecto.",
      "confianza": 0.038
    },
    {
      "hablante": "Hablante A",
      "inicio": 159.87,
      "fin": 160.33,
      "duracion": 0.46,
      "texto": "La tuya.",
      "confianza": 0.484
    },
    {
      "hablante": "Hablante A",
      "inicio": 160.35,
      "fin": 160.59,
      "duracion": 0.24,
      "texto": "Perfecto.",
      "confianza": 0.559
    },
    {
      "hablante": "Hablante A",
      "inicio": 160.67,
      "fin": 161.43,
      "duracion": 0.76,
      "texto": "No hay problema.",
      "confianza": 0.324
    },
    {
      "hablante": "Hablante A",
      "inicio": 161.45,
      "fin": 161.51,
      "duracion": 0.06,
      "texto": "Si.",
      "confianza": 0.095
    },
    {
      "hablante": "Hablante A",
      "inicio": 161.53,
      "fin": 165.23,
      "duracion": 3.7,
      "texto": "De caso de que tengas alguna más o quieras, me avisás y lo podemos hacer después.",
      "confianza": 0.636
    },
    {
      "hablante": "Hablante A",
      "inicio": 165.29,
      "fin": 165.61,
      "duracion": 0.32,
      "texto": "¿Sí?",
      "confianza": 0.776
    },
    {
      "hablante": "Hablante A",
      "inicio": 165.79,
      "fin": 174.41,
      "duracion": 8.62,
      "texto": "Rafael, te pido que me brindes tu Mane.",
      "confianza": 0.718
    },
    {
      "hablante": "Hablante A",
      "inicio": 174.43,
      "fin": 174.85,
      "duracion": 0.42,
      "texto": "Mane, ahí me mataste.",
      "confianza": 0.007
    },
    {
      "hablante": "Hablante A",
      "inicio": 174.87,
      "fin": 175.33,
      "duracion": 0.46,
      "texto": "No, no, no, no uso eso.",
      "confianza": 0.022
    },
    {
      "hablante": "Hablante A",
      "inicio": 175.35,
      "fin": 182.91,
      "duracion": 7.56,
      "texto": "Dale, si no, a ver, ahí vemos si acá en el sistema me figura alguno y ya te indico cuál es, a ver si seguimos usando el mismo, ¿bien?",
      "confianza": 0.616
    },
    {
      "hablante": "Hablante A",
      "inicio": 182.93,
      "fin": 182.99,
      "duracion": 0.06,
      "texto": "Sí.",
      "confianza": 0.014
    },
    {
      "hablante": "Hablante A",
      "inicio": 183.01,
      "fin": 184.51,
      "duracion": 1.5,
      "texto": "Bueno, por otro lado, Rafael.",
      "confianza": 0.729
    },
    {
      "hablante": "Hablante A",
      "inicio": 185.77,
      "fin": 189.38,
      "duracion": 3.6,
      "texto": "Vale, te voy a enviar lo que es ahora el código de portabilidad, ¿sí?",
      "confianza": 0.639
    },
    {
      "hablante": "Hablante A",
      "inicio": 189.4,
      "fin": 193.46,
      "duracion": 4.06,
      "texto": "Te vas a llevar por un mensaje de texto, por un SMS común, ¿sí?",
      "confianza": 0.774
    },
    {
      "hablante": "Hablante A",
      "inicio": 193.88,
      "fin": 195.87,
      "duracion": 1.98,
      "texto": "Con el revitente 223.",
      "confianza": 0.72
    },
    {
      "hablante": "Hablante A",
      "inicio": 196.75,
      "fin": 202.25,
      "duracion": 5.51,
      "texto": "Este mensaje lo que haces es avisarle a Carlos de que vos vas a comer de compañía para que no pierdas tu número, ¿sí?",
      "confianza": 0.631
    },
    {
      "hablante": "Hablante A",
      "inicio": 202.27,
      "fin": 205.48,
      "duracion": 3.2,
      "texto": "Sigas conservando tu número, ¿sí?",
      "confianza": 0.555
    },
    {
      "hablante": "Hablante A",
      "inicio": 205.5,
      "fin": 209.92,
      "duracion": 4.42,
      "texto": "Aguárdame un momento que ahora te lo voy a enviar.",
      "confianza": 0.562
    },
    {
      "hablante": "Hablante A",
      "inicio": 209.94,
      "fin": 212.84,
      "duracion": 2.9,
      "texto": "Aguárdame un segundo, ¿sí?",
      "confianza": 0.333
    },
    {
      "hablante": "Hablante A",
      "inicio": 212.87,
      "fin": 214.89,
      "duracion": 2.02,
      "texto": "Acá tengo un mail, Cristaldo.",
      "confianza": 0.21
    },
    {
      "hablante": "Hablante A",
      "inicio": 215.69,
      "fin": 231.34,
      "duracion": 15.65,
      "texto": "Está muy pequeñita la letra y no lo leo, espera.",
      "confianza": 0.712
    },
    {
      "hablante": "Hablante A",
      "inicio": 231.4,
      "fin": 234.12,
      "duracion": 2.72,
      "texto": "Cristaldo, sheila49.com.",
      "confianza": 0.523
    },
    {
      "hablante": "Hablante A",
      "inicio": 234.26,
      "fin": 235.81,
      "duracion": 1.54,
      "texto": "¿Ese sigue siendo el mismo?",
      "confianza": 0.702
    },
    {
      "hablante": "Hablante A",
      "inicio": 235.83,
      "fin": 237.09,
      "duracion": 1.26,
      "texto": "¿Quieres que contamos ese?",
      "confianza": 0.629
    },
    {
      "hablante": "Hablante A",
      "inicio": 237.91,
      "fin": 238.69,
      "duracion": 0.78,
      "texto": "Dale, dale.",
      "confianza": 0.362
    },
    {
      "hablante": "Hablante A",
      "inicio": 238.71,
      "fin": 239.41,
      "duracion": 0.7,
      "texto": "Dale.",
      "confianza": 0.372
    },
    {
      "hablante": "Hablante A",
      "inicio": 239.43,
      "fin": 239.69,
      "duracion": 0.26,
      "texto": "Bien.",
      "confianza": 0.789
    },
    {
      "hablante": "Hablante A",
      "inicio": 240.75,
      "fin": 251.29,
      "duracion": 10.54,
      "texto": "Ahora, aguardamos un segundo, entonces, que te voy a enviar el mensajito que te dije anteriormente.",
      "confianza": 0.679
    },
    {
      "hablante": "Hablante A",
      "inicio": 251.31,
      "fin": 258.84,
      "duracion": 7.53,
      "texto": "Bien, te voy a enviar un mensajito de WhatsApp también ahora con mi número personal para que a partir de ahora yo voy a ser tu asesora, ¿sí?",
      "confianza": 0.735
    },
    {
      "hablante": "Hablante A",
      "inicio": 259.26,
      "fin": 262.53,
      "duracion": 3.27,
      "texto": "Cualquier consulta que vos tengas, me hablarás en WhatsApp.",
      "confianza": 0.62
    },
    {
      "hablante": "Hablante A",
      "inicio": 262.55,
      "fin": 266.36,
      "duracion": 3.81,
      "texto": "Dame un segundo que también te lo voy a enviar ahora.",
      "confianza": 0.345
    },
    {
      "hablante": "Hablante B",
      "inicio": 268.61,
      "fin": 290.69,
      "duracion": 22.08,
      "texto": "Bien, y te voy a enviar sí, ahí, al WhatsApp, te voy a enviar la sucursal entonces donde vas a ir a retirar el chip, ¿sí?",
      "confianza": 0.574
    },
    {
      "hablante": "Hablante B",
      "inicio": 290.71,
      "fin": 291.03,
      "duracion": 0.32,
      "texto": "Bueno.",
      "confianza": 0.292
    },
    {
      "hablante": "Hablante B",
      "inicio": 291.05,
      "fin": 292.61,
      "duracion": 1.56,
      "texto": "Aguardamos un segundo.",
      "confianza": 0.182
    },
    {
      "hablante": "Hablante A",
      "inicio": 300.36,
      "fin": 300.94,
      "duracion": 0.58,
      "texto": "Bien.",
      "confianza": 0.511
    },
    {
      "hablante": "Hablante A",
      "inicio": 301.62,
      "fin": 306.78,
      "duracion": 5.17,
      "texto": "Confírmame si, si te llegó el mensajito del texto, el SMS común.",
      "confianza": 0.666
    },
    {
      "hablante": "Hablante A",
      "inicio": 306.8,
      "fin": 324.35,
      "duracion": 17.54,
      "texto": "A recordar que con el remitente 223, un SMS común.",
      "confianza": 0.78
    },
    {
      "hablante": "Hablante A",
      "inicio": 324.37,
      "fin": 325.05,
      "duracion": 0.68,
      "texto": "A ver, ¿está quedando un segundo?",
      "confianza": 0.063
    },
    {
      "hablante": "Hablante A",
      "inicio": 325.07,
      "fin": 328.91,
      "duracion": 3.85,
      "texto": "Sí, sí, si quieres ponerme en el tabón y buscarlo tranquilo, no hay apura.",
      "confianza": 0.407
    },
    {
      "hablante": "Hablante B",
      "inicio": 333.67,
      "fin": 344.34,
      "duracion": 10.67,
      "texto": "No puedo salir de acá.",
      "confianza": 0.334
    },
    {
      "hablante": "Hablante B",
      "inicio": 344.36,
      "fin": 346.1,
      "duracion": 1.74,
      "texto": "¿Ya me mandaste el mensaje?",
      "confianza": 0.277
    },
    {
      "hablante": "Hablante B",
      "inicio": 346.12,
      "fin": 351.87,
      "duracion": 5.75,
      "texto": "Exactamente, un SMS común, un mensajito de texto común.",
      "confianza": 0.535
    },
    {
      "hablante": "Hablante B",
      "inicio": 351.89,
      "fin": 352.01,
      "duracion": 0.12,
      "texto": "Bueno.",
      "confianza": 0.071
    },
    {
      "hablante": "Hablante B",
      "inicio": 352.03,
      "fin": 354.31,
      "duracion": 2.28,
      "texto": "¿Y esto qué tengo que hacer?",
      "confianza": 0.285
    },
    {
      "hablante": "Hablante B",
      "inicio": 354.33,
      "fin": 354.67,
      "duracion": 0.34,
      "texto": "¿Mandarle aclaro?",
      "confianza": 0.008
    },
    {
      "hablante": "Hablante B",
      "inicio": 354.69,
      "fin": 362.78,
      "duracion": 8.09,
      "texto": "No, eso lo tienes que copiar a ese mensaje y mandármelo al WhatsApp, por el que yo te hable.",
      "confianza": 0.412
    },
    {
      "hablante": "Hablante B",
      "inicio": 363.74,
      "fin": 379.9,
      "duracion": 16.16,
      "texto": "que te puse ola de Rafael, soy Agustín de Movistar y te mandé la sucursal a donde vas a ir a retirar el tiempo.",
      "confianza": 0.565
    },
    {
      "hablante": "Hablante B",
      "inicio": 379.92,
      "fin": 391.19,
      "duracion": 11.27,
      "texto": "Si quieres ponerme en el tabú, bueno, confírmame si te sego, fíjate, un mensaje de texto común con el remitente de estos dos testos.",
      "confianza": 0.464
    },
    {
      "hablante": "Hablante B",
      "inicio": 391.21,
      "fin": 392.29,
      "duracion": 1.08,
      "texto": "Bien, que te viste, tu código de portabilidad es",
      "confianza": 0.141
    },
    {
      "hablante": "Hablante B",
      "inicio": 393.0,
      "fin": 407.36,
      "duracion": 14.36,
      "texto": "Aguantar que ahora me ponga lo alente.",
      "confianza": 0.402
    },
    {
      "hablante": "Hablante B",
      "inicio": 407.38,
      "fin": 410.04,
      "duracion": 2.66,
      "texto": "No es verdad, le dije, estoy tranquila.",
      "confianza": 0.175
    },
    {
      "hablante": "Hablante B",
      "inicio": 410.06,
      "fin": 411.09,
      "duracion": 1.02,
      "texto": "Y... Hola, Rafael, soy Agustina, venimos a visitar.",
      "confianza": 0.023
    },
    {
      "hablante": "Hablante B",
      "inicio": 411.11,
      "fin": 418.38,
      "duracion": 7.27,
      "texto": "Claro, ese es mi mensaje, ese es mi WhatsApp, ese es mi número y que vos, cualquier duda o consulta que tengas, me hablas ahí.",
      "confianza": 0.627
    },
    {
      "hablante": "Hablante B",
      "inicio": 418.4,
      "fin": 419.16,
      "duracion": 0.76,
      "texto": "Bien, ahora...",
      "confianza": 0.32
    },
    {
      "hablante": "Hablante B",
      "inicio": 419.59,
      "fin": 435.03,
      "duracion": 15.44,
      "texto": "Este tiene que haber llegado también un mensajito de texto, un SMS común, el remitente 223.",
      "confianza": 0.73
    },
    {
      "hablante": "Hablante B",
      "inicio": 435.11,
      "fin": 439.92,
      "duracion": 4.81,
      "texto": "Ahí está la dirección de retirar el chip.",
      "confianza": 0.274
    },
    {
      "hablante": "Hablante B",
      "inicio": 439.94,
      "fin": 440.58,
      "duracion": 0.64,
      "texto": "Exactamente.",
      "confianza": 0.931
    },
    {
      "hablante": "Hablante B",
      "inicio": 440.6,
      "fin": 443.84,
      "duracion": 3.24,
      "texto": "Y aparte, este tiene que haber llegado el mensaje de texto.",
      "confianza": 0.772
    },
    {
      "hablante": "Hablante B",
      "inicio": 444.0,
      "fin": 445.55,
      "duracion": 1.54,
      "texto": "A ver si te lo mando de vuelta, pera.",
      "confianza": 0.671
    },
    {
      "hablante": "Hablante B",
      "inicio": 447.03,
      "fin": 447.73,
      "duracion": 0.7,
      "texto": "Sí, continuo.",
      "confianza": 0.268
    },
    {
      "hablante": "Hablante B",
      "inicio": 448.21,
      "fin": 450.26,
      "duracion": 2.04,
      "texto": "Sí, no lo tengo.",
      "confianza": 0.225
    },
    {
      "hablante": "Hablante B",
      "inicio": 450.58,
      "fin": 451.96,
      "duracion": 1.38,
      "texto": "Vale, ahí te lo voy a mandar de nuevo.",
      "confianza": 0.383
    },
    {
      "hablante": "Hablante B",
      "inicio": 451.98,
      "fin": 458.42,
      "duracion": 6.45,
      "texto": "Ahí está, ahí te lo mandé de vuelta, ahí te va a llegar.",
      "confianza": 0.673
    },
    {
      "hablante": "Hablante B",
      "inicio": 458.44,
      "fin": 463.99,
      "duracion": 5.54,
      "texto": "Es no un WhatsApp, sino un mensaje de texto, un SMS.",
      "confianza": 0.56
    },
    {
      "hablante": "Hablante A",
      "inicio": 470.38,
      "fin": 470.64,
      "duracion": 0.26,
      "texto": "Ah, algo así.",
      "confianza": 0.039
    },
    {
      "hablante": "Hablante A",
      "inicio": 470.66,
      "fin": 471.52,
      "duracion": 0.86,
      "texto": "No es un mensaje, tengo que usar mensaje.",
      "confianza": 0.037
    },
    {
      "hablante": "Hablante A",
      "inicio": 471.54,
      "fin": 472.96,
      "duracion": 1.42,
      "texto": "Dale, búscalo tranquilo.",
      "confianza": 0.564
    },
    {
      "hablante": "Hablante A",
      "inicio": 472.98,
      "fin": 477.88,
      "duracion": 4.9,
      "texto": "Ahí yo te lo mandé nuevamente, a ver si te llevo.",
      "confianza": 0.508
    },
    {
      "hablante": "Hablante A",
      "inicio": 478.39,
      "fin": 494.56,
      "duracion": 16.18,
      "texto": "A ver, a ver, a ver.",
      "confianza": 0.255
    },
    {
      "hablante": "Hablante A",
      "inicio": 494.59,
      "fin": 502.23,
      "duracion": 7.65,
      "texto": "El remitente, dos, dos, tres.",
      "confianza": 0.642
    },
    {
      "hablante": "Hablante A",
      "inicio": 502.25,
      "fin": 505.28,
      "duracion": 3.02,
      "texto": "Sí, es que no se ve nada.",
      "confianza": 0.525
    },
    {
      "hablante": "Hablante A",
      "inicio": 505.3,
      "fin": 507.28,
      "duracion": 1.98,
      "texto": "¿No?",
      "confianza": 0.6
    },
    {
      "hablante": "Hablante A",
      "inicio": 507.83,
      "fin": 508.03,
      "duracion": 0.2,
      "texto": "No.",
      "confianza": 0.569
    },
    {
      "hablante": "Hablante A",
      "inicio": 508.05,
      "fin": 510.38,
      "duracion": 2.32,
      "texto": "¿Qué te dice?",
      "confianza": 0.582
    },
    {
      "hablante": "Hablante A",
      "inicio": 510.39,
      "fin": 520.32,
      "duracion": 9.93,
      "texto": "¿Tu código de portabilidad es tanto, convencimiento o tanto?",
      "confianza": 0.718
    },
    {
      "hablante": "Hablante A",
      "inicio": 520.34,
      "fin": 524.43,
      "duracion": 4.08,
      "texto": "Mensaje.",
      "confianza": 0.266
    },
    {
      "hablante": "Hablante A",
      "inicio": 524.45,
      "fin": 525.05,
      "duracion": 0.6,
      "texto": "Mi código de portabilidad, sí.",
      "confianza": 0.008
    },
    {
      "hablante": "Hablante A",
      "inicio": 525.07,
      "fin": 525.15,
      "duracion": 0.08,
      "texto": "Ese.",
      "confianza": 0.005
    },
    {
      "hablante": "Hablante A",
      "inicio": 525.17,
      "fin": 525.25,
      "duracion": 0.08,
      "texto": "Ese.",
      "confianza": 0.028
    },
    {
      "hablante": "Hablante A",
      "inicio": 525.27,
      "fin": 525.37,
      "duracion": 0.1,
      "texto": "8039.",
      "confianza": 0.034
    },
    {
      "hablante": "Hablante A",
      "inicio": 525.39,
      "fin": 525.49,
      "duracion": 0.1,
      "texto": "Bien.",
      "confianza": 0.02
    },
    {
      "hablante": "Hablante A",
      "inicio": 525.51,
      "fin": 525.81,
      "duracion": 0.3,
      "texto": "Perfecto.",
      "confianza": 0.249
    },
    {
      "hablante": "Hablante A",
      "inicio": 525.83,
      "fin": 527.11,
      "duracion": 1.28,
      "texto": "Convencimiento del 27, ¿sí?",
      "confianza": 0.722
    },
    {
      "hablante": "Hablante A",
      "inicio": 527.13,
      "fin": 529.59,
      "duracion": 2.46,
      "texto": "27 de lunes.",
      "confianza": 0.353
    },
    {
      "hablante": "Hablante A",
      "inicio": 529.61,
      "fin": 530.45,
      "duracion": 0.84,
      "texto": "Bien.",
      "confianza": 0.808
    },
    {
      "hablante": "Hablante A",
      "inicio": 530.63,
      "fin": 537.42,
      "duracion": 6.79,
      "texto": "A ese mensaje, sí, hágale captura y mándemelo al WhatsApp al que yo le hablé.",
      "confianza": 0.716
    },
    {
      "hablante": "Hablante B",
      "inicio": 539.95,
      "fin": 544.51,
      "duracion": 4.56,
      "texto": "Si no, no hay problema.",
      "confianza": 0.316
    },
    {
      "hablante": "Hablante B",
      "inicio": 544.53,
      "fin": 554.34,
      "duracion": 9.81,
      "texto": "Usted mantenga presionado ese mensaje y le va a decir copiar.",
      "confianza": 0.723
    },
    {
      "hablante": "Hablante B",
      "inicio": 554.9,
      "fin": 564.98,
      "duracion": 10.07,
      "texto": "Si usted no mantiene presionado, le dice copiar.",
      "confianza": 0.511
    },
    {
      "hablante": "Hablante A",
      "inicio": 569.51,
      "fin": 592.75,
      "duracion": 23.24,
      "texto": "Bueno, mientras sí, le voy a hacer lo que es el cierre comercial para que quede en registro de estas semanas y de lo que usted está contratando.",
      "confianza": 0.675
    },
    {
      "hablante": "Hablante A",
      "inicio": 592.77,
      "fin": 592.89,
      "duracion": 0.12,
      "texto": "¿Bien?",
      "confianza": 0.017
    },
    {
      "hablante": "Hablante A",
      "inicio": 592.91,
      "fin": 592.97,
      "duracion": 0.06,
      "texto": "Sí.",
      "confianza": 0.33
    },
    {
      "hablante": "Hablante A",
      "inicio": 593.34,
      "fin": 594.26,
      "duracion": 0.92,
      "texto": "Perfecto.",
      "confianza": 0.381
    },
    {
      "hablante": "Hablante A",
      "inicio": 594.3,
      "fin": 599.63,
      "duracion": 5.33,
      "texto": "Lo último que voy a necesitar de usted, Rafael, es hacer que me envíe una foto de frente y dorso de su DNI.",
      "confianza": 0.723
    },
    {
      "hablante": "Hablante A",
      "inicio": 599.69,
      "fin": 602.41,
      "duracion": 2.72,
      "texto": "Esto es simplemente para avaliar su identidad, ¿bien?",
      "confianza": 0.727
    },
    {
      "hablante": "Hablante A",
      "inicio": 602.73,
      "fin": 608.5,
      "duracion": 5.77,
      "texto": "Para evitar que no cualquiera pueda aportar una línea a su nombre sin que sea usted, ¿sí?",
      "confianza": 0.724
    },
    {
      "hablante": "Hablante A",
      "inicio": 608.52,
      "fin": 617.87,
      "duracion": 9.35,
      "texto": "Si usted quiere ponerme en alta voz y hacer eso, sacar la foto y demás, mientras yo le dejo el cierre comercial, así no le quito tanto tiempo, ¿sí?",
      "confianza": 0.711
    },
    {
      "hablante": "Hablante A",
      "inicio": 617.89,
      "fin": 622.2,
      "duracion": 4.31,
      "texto": "Bien, Rafael, para recibir futuras promociones, ¿usted quiere internet movistar en su domicilio?",
      "confianza": 0.707
    },
    {
      "hablante": "Hablante A",
      "inicio": 622.58,
      "fin": 622.96,
      "duracion": 0.38,
      "texto": "No, ¿no?",
      "confianza": 0.4
    },
    {
      "hablante": "Hablante A",
      "inicio": 623.46,
      "fin": 625.02,
      "duracion": 1.56,
      "texto": "No.",
      "confianza": 0.342
    },
    {
      "hablante": "Hablante A",
      "inicio": 625.04,
      "fin": 625.42,
      "duracion": 0.38,
      "texto": "Perfecto.",
      "confianza": 0.414
    },
    {
      "hablante": "Hablante A",
      "inicio": 625.44,
      "fin": 636.72,
      "duracion": 11.28,
      "texto": "Estamos portando la línea 341-3855-650 al nombre de Cristaldo Rafael Oscar, los tres últimos dígitos de su DNI, 009.",
      "confianza": 0.832
    },
    {
      "hablante": "Hablante A",
      "inicio": 636.74,
      "fin": 639.96,
      "duracion": 3.22,
      "texto": "¿Sí?",
      "confianza": 0.25
    },
    {
      "hablante": "Hablante A",
      "inicio": 639.98,
      "fin": 640.08,
      "duracion": 0.1,
      "texto": "Sí.",
      "confianza": 0.351
    },
    {
      "hablante": "Hablante A",
      "inicio": 640.1,
      "fin": 640.4,
      "duracion": 0.3,
      "texto": "Bien.",
      "confianza": 0.713
    },
    {
      "hablante": "Hablante A",
      "inicio": 641.16,
      "fin": 645.49,
      "duracion": 4.33,
      "texto": "Su compañía actual es clara, ¿verdad?",
      "confianza": 0.636
    },
    {
      "hablante": "Hablante A",
      "inicio": 645.51,
      "fin": 645.57,
      "duracion": 0.06,
      "texto": "Sí.",
      "confianza": 0.015
    },
    {
      "hablante": "Hablante A",
      "inicio": 645.59,
      "fin": 645.69,
      "duracion": 0.1,
      "texto": "Bien.",
      "confianza": 0.125
    },
    {
      "hablante": "Hablante A",
      "inicio": 645.71,
      "fin": 647.95,
      "duracion": 2.24,
      "texto": "Me comentó que cuenta con factura mensual.",
      "confianza": 0.879
    },
    {
      "hablante": "Hablante A",
      "inicio": 648.01,
      "fin": 650.82,
      "duracion": 2.8,
      "texto": "La factura está a nombre suyo de otra persona.",
      "confianza": 0.775
    },
    {
      "hablante": "Hablante A",
      "inicio": 652.01,
      "fin": 655.22,
      "duracion": 3.2,
      "texto": "No, el nombre de mi marido.",
      "confianza": 0.056
    },
    {
      "hablante": "Hablante A",
      "inicio": 655.24,
      "fin": 655.42,
      "duracion": 0.18,
      "texto": "Perfecto.",
      "confianza": 0.001
    },
    {
      "hablante": "Hablante A",
      "inicio": 655.44,
      "fin": 655.54,
      "duracion": 0.1,
      "texto": "Bien.",
      "confianza": 0.035
    },
    {
      "hablante": "Hablante A",
      "inicio": 655.56,
      "fin": 657.46,
      "duracion": 1.9,
      "texto": "Entonces, el chip va a estar recibiendo.",
      "confianza": 0.714
    },
    {
      "hablante": "Hablante A",
      "inicio": 657.5,
      "fin": 667.51,
      "duracion": 10.01,
      "texto": "El chip en la sucursal de Andriani y de la calle San Martín 2127 de Rosario Santa Fe.",
      "confianza": 0.74
    },
    {
      "hablante": "Hablante A",
      "inicio": 667.53,
      "fin": 675.39,
      "duracion": 7.85,
      "texto": "Le recuerdo que el costo del servicio al día de hoy es de 8000 pesos con un descuento fijo por seis meses de 40 y 4050.",
      "confianza": 0.798
    },
    {
      "hablante": "Hablante A",
      "inicio": 675.49,
      "fin": 681.51,
      "duracion": 6.03,
      "texto": "Este plan incluye 8 gigas de base más 10 de regalo por seis meses.",
      "confianza": 0.829
    },
    {
      "hablante": "Hablante A",
      "inicio": 681.85,
      "fin": 686.42,
      "duracion": 4.57,
      "texto": "¿Cuál es su nombre?",
      "confianza": 0.6
    },
    {
      "hablante": "Hablante A",
      "inicio": 686.44,
      "fin": 694.65,
      "duracion": 8.21,
      "texto": "¿Cuál es su nombre?",
      "confianza": 0.534
    },
    {
      "hablante": "Hablante A",
      "inicio": 694.67,
      "fin": 695.33,
      "duracion": 0.66,
      "texto": "¿Cuál es su nombre?",
      "confianza": 0.352
    },
    {
      "hablante": "Hablante A",
      "inicio": 695.35,
      "fin": 700.16,
      "duracion": 4.81,
      "texto": "¿Cuál es su nombre?",
      "confianza": 0.594
    },
    {
      "hablante": "Hablante A",
      "inicio": 700.18,
      "fin": 702.4,
      "duracion": 2.22,
      "texto": "¿Cuál es su nombre?",
      "confianza": 0.592
    },
    {
      "hablante": "Hablante A",
      "inicio": 702.42,
      "fin": 711.5,
      "duracion": 9.08,
      "texto": "¿Cuál es su nombre?",
      "confianza": 0.45
    }
  ],
  "transcripcion_completa": "Hola. Sí. Hola, ¿cómo estás? Agustín es mi nombre, habló con Rafael. Sí. ¿Cómo estás, Rafael? Te estoy llamando del área de recupero de clientes movistar. No figura que vos actualmente estás en claro, ¿verdad? Sí. Bien, te consulto. ¿El motivo por el cual te fuiste a movistar cuál fue? Por el precio. No entiendo, no entiendo. Bien, bueno te cuento, si en este caso te estábamos llamando del área del rectificero, como te decía anteriormente, porque tenemos promociones exclusivas para esos clientes que han sido parte de la compañía. En este caso Rafael, tengo para brindarte, lo que es un plan de 8 siglas de base más 10 de regalo, van a ser 18 siglas en total, WhatsApp gratis llamadas libres a todas las compañías con un precio final de 8.000 pesos, ¿sí? Sí. En este caso, Rafael, el trámite es súper sencillo. Simplemente te verificamos los datos, bien, que tenemos cargados en el sistema, y te enviaríamos el chip a la sucursal más cercana a tu homicidio, ¿bien? En un plazo de, si decime. Porque soy de Rosario, acá no hay movistar. Ah, entiendo. Bien, en ese caso, te puedo brindar lo que sería una sucursal, Adrián, y que te llegue en el mismo plazo, de 48 a 72 horas a la vida. Bueno. A ver, aguárdame que quiero verificar cuál es la que te queda más cerquita. Ya te digo, ¿sí? Bien, en Rosario tenemos, en San Martín, 21-27 o en... Es esta de acá, que es la de... Ya te digo. Avenida Eva Perón, 62-43. ¿Cuál de estas dos te quedaría más cómodo? Y la primera, la primera. La primera es la de San Martín, perfecto. Bien, aguardame un momento. Entonces sería esta, perfecto. Entonces sería San Martín 2127, ¿sí? Sí. Perfecto, bien. Bueno, Rafael, te verifico entonces los datos. Cristaldo, Rafael, Oscar, ¿bien? Sí. Los tres últimos dígitos de tu DNI, 009. Bien, la línea que portaríamos es las 3, 4, 1, 3, 8, 5, 5, 6, 50. ¿Sí? Sí. Bien. Si tenés alguna línea más, Rafael, para pasar a Movistar, van a tener cuatro gigas extras para cada una de las líneas por tiempo indeterminado. ¿Sí? Bueno. Bien. ¿Tenés alguna para anotarla ya o...? No, no. Por ahora no. Perfecto. La tuya. Perfecto. No hay problema. Si. De caso de que tengas alguna más o quieras, me avisás y lo podemos hacer después. ¿Sí? Rafael, te pido que me brindes tu Mane. Mane, ahí me mataste. No, no, no, no uso eso. Dale, si no, a ver, ahí vemos si acá en el sistema me figura alguno y ya te indico cuál es, a ver si seguimos usando el mismo, ¿bien? Sí. Bueno, por otro lado, Rafael. Vale, te voy a enviar lo que es ahora el código de portabilidad, ¿sí? Te vas a llevar por un mensaje de texto, por un SMS común, ¿sí? Con el revitente 223. Este mensaje lo que haces es avisarle a Carlos de que vos vas a comer de compañía para que no pierdas tu número, ¿sí? Sigas conservando tu número, ¿sí? Aguárdame un momento que ahora te lo voy a enviar. Aguárdame un segundo, ¿sí? Acá tengo un mail, Cristaldo. Está muy pequeñita la letra y no lo leo, espera. Cristaldo, sheila49.com. ¿Ese sigue siendo el mismo? ¿Quieres que contamos ese? Dale, dale. Dale. Bien. Ahora, aguardamos un segundo, entonces, que te voy a enviar el mensajito que te dije anteriormente. Bien, te voy a enviar un mensajito de WhatsApp también ahora con mi número personal para que a partir de ahora yo voy a ser tu asesora, ¿sí? Cualquier consulta que vos tengas, me hablarás en WhatsApp. Dame un segundo que también te lo voy a enviar ahora. Bien, y te voy a enviar sí, ahí, al WhatsApp, te voy a enviar la sucursal entonces donde vas a ir a retirar el chip, ¿sí? Bueno. Aguardamos un segundo. Bien. Confírmame si, si te llegó el mensajito del texto, el SMS común. A recordar que con el remitente 223, un SMS común. A ver, ¿está quedando un segundo? Sí, sí, si quieres ponerme en el tabón y buscarlo tranquilo, no hay apura. No puedo salir de acá. ¿Ya me mandaste el mensaje? Exactamente, un SMS común, un mensajito de texto común. Bueno. ¿Y esto qué tengo que hacer? ¿Mandarle aclaro? No, eso lo tienes que copiar a ese mensaje y mandármelo al WhatsApp, por el que yo te hable. que te puse ola de Rafael, soy Agustín de Movistar y te mandé la sucursal a donde vas a ir a retirar el tiempo. Si quieres ponerme en el tabú, bueno, confírmame si te sego, fíjate, un mensaje de texto común con el remitente de estos dos testos. Bien, que te viste, tu código de portabilidad es Aguantar que ahora me ponga lo alente. No es verdad, le dije, estoy tranquila. Y... Hola, Rafael, soy Agustina, venimos a visitar. Claro, ese es mi mensaje, ese es mi WhatsApp, ese es mi número y que vos, cualquier duda o consulta que tengas, me hablas ahí. Bien, ahora... Este tiene que haber llegado también un mensajito de texto, un SMS común, el remitente 223. Ahí está la dirección de retirar el chip. Exactamente. Y aparte, este tiene que haber llegado el mensaje de texto. A ver si te lo mando de vuelta, pera. Sí, continuo. Sí, no lo tengo. Vale, ahí te lo voy a mandar de nuevo. Ahí está, ahí te lo mandé de vuelta, ahí te va a llegar. Es no un WhatsApp, sino un mensaje de texto, un SMS. Ah, algo así. No es un mensaje, tengo que usar mensaje. Dale, búscalo tranquilo. Ahí yo te lo mandé nuevamente, a ver si te llevo. A ver, a ver, a ver. El remitente, dos, dos, tres. Sí, es que no se ve nada. ¿No? No. ¿Qué te dice? ¿Tu código de portabilidad es tanto, convencimiento o tanto? Mensaje. Mi código de portabilidad, sí. Ese. Ese. 8039. Bien. Perfecto. Convencimiento del 27, ¿sí? 27 de lunes. Bien. A ese mensaje, sí, hágale captura y mándemelo al WhatsApp al que yo le hablé. Si no, no hay problema. Usted mantenga presionado ese mensaje y le va a decir copiar. Si usted no mantiene presionado, le dice copiar. Bueno, mientras sí, le voy a hacer lo que es el cierre comercial para que quede en registro de estas semanas y de lo que usted está contratando. ¿Bien? Sí. Perfecto. Lo último que voy a necesitar de usted, Rafael, es hacer que me envíe una foto de frente y dorso de su DNI. Esto es simplemente para avaliar su identidad, ¿bien? Para evitar que no cualquiera pueda aportar una línea a su nombre sin que sea usted, ¿sí? Si usted quiere ponerme en alta voz y hacer eso, sacar la foto y demás, mientras yo le dejo el cierre comercial, así no le quito tanto tiempo, ¿sí? Bien, Rafael, para recibir futuras promociones, ¿usted quiere internet movistar en su domicilio? No, ¿no? No. Perfecto. Estamos portando la línea 341-3855-650 al nombre de Cristaldo Rafael Oscar, los tres últimos dígitos de su DNI, 009. ¿Sí? Sí. Bien. Su compañía actual es clara, ¿verdad? Sí. Bien. Me comentó que cuenta con factura mensual. La factura está a nombre suyo de otra persona. No, el nombre de mi marido. Perfecto. Bien. Entonces, el chip va a estar recibiendo. El chip en la sucursal de Andriani y de la calle San Martín 2127 de Rosario Santa Fe. Le recuerdo que el costo del servicio al día de hoy es de 8000 pesos con un descuento fijo por seis meses de 40 y 4050. Este plan incluye 8 gigas de base más 10 de regalo por seis meses. ¿Cuál es su nombre? ¿Cuál es su nombre? ¿Cuál es su nombre? ¿Cuál es su nombre? ¿Cuál es su nombre? ¿Cuál es su nombre?",
  "calidad": {
    "confianza_promedio": 0.443,
    "metodo_diarizacion": "pausas_fallback",
    "tiempo_procesamiento": 18.1
  },
  "metadata": {
    "modelo": "whisperx_medium",
    "diarizacion": "pausas",
    "dispositivo": "cuda",
    "fecha": "2026-01-25T18:19:54.174300",
    "version": "5.0_ecapa"
  }
}