{
  "archivo": "amza14_1_260119132857610_MIT_01989.wav",
  "duracion_segundos": 837.62,
  "num_segmentos": 167,
  "num_hablantes": 2,
  "hablantes": [
    "Hablante A",
    "Hablante B"
  ],
  "tiempo_por_hablante": {
    "Hablante A": 258.43,
    "Hablante B": 451.52
  },
  "idioma": "es",
  "conversacion": [
    {
      "hablante": "Hablante A",
      "inicio": 0.84,
      "fin": 24.43,
      "duracion": 23.59,
      "texto": "Hola, buen día.",
      "confianza": 0.649
    },
    {
      "hablante": "Hablante A",
      "inicio": 24.45,
      "fin": 25.61,
      "duracion": 1.16,
      "texto": "Buenos días.",
      "confianza": 0.203
    },
    {
      "hablante": "Hablante A",
      "inicio": 25.63,
      "fin": 26.79,
      "duracion": 1.16,
      "texto": "Hola, Sara, ¿cómo estás?",
      "confianza": 0.654
    },
    {
      "hablante": "Hablante A",
      "inicio": 26.81,
      "fin": 28.01,
      "duracion": 1.2,
      "texto": "Te habla Bruno de Movistar.",
      "confianza": 0.759
    },
    {
      "hablante": "Hablante A",
      "inicio": 28.39,
      "fin": 29.73,
      "duracion": 1.34,
      "texto": "Más que un pleno subimos hablando.",
      "confianza": 0.519
    },
    {
      "hablante": "Hablante A",
      "inicio": 30.41,
      "fin": 34.87,
      "duracion": 4.47,
      "texto": "Ah, dale, dale.",
      "confianza": 0.532
    },
    {
      "hablante": "Hablante A",
      "inicio": 34.89,
      "fin": 35.17,
      "duracion": 0.28,
      "texto": "Ya, me ofrecí.",
      "confianza": 0.036
    },
    {
      "hablante": "Hablante A",
      "inicio": 35.19,
      "fin": 38.68,
      "duracion": 3.48,
      "texto": "Mira, viste que te había comentado una promoción que teníamos en 10.400.",
      "confianza": 0.602
    },
    {
      "hablante": "Hablante A",
      "inicio": 39.12,
      "fin": 42.8,
      "duracion": 3.69,
      "texto": "Bueno, recién nos acaba de habilitar una nueva promoción.",
      "confianza": 0.798
    },
    {
      "hablante": "Hablante A",
      "inicio": 42.84,
      "fin": 46.47,
      "duracion": 3.62,
      "texto": "Los 16 gigas te quedan en los 8.000 pesos finales.",
      "confianza": 0.809
    },
    {
      "hablante": "Hablante B",
      "inicio": 48.11,
      "fin": 49.15,
      "duracion": 1.04,
      "texto": "Esa promoción la tenemos.",
      "confianza": 0.624
    },
    {
      "hablante": "Hablante B",
      "inicio": 50.25,
      "fin": 52.19,
      "duracion": 1.94,
      "texto": "Sí, 8.000 pesos.",
      "confianza": 0.525
    },
    {
      "hablante": "Hablante B",
      "inicio": 52.21,
      "fin": 53.26,
      "duracion": 1.04,
      "texto": "Esa promoción la tenemos.",
      "confianza": 0.847
    },
    {
      "hablante": "Hablante B",
      "inicio": 54.02,
      "fin": 54.96,
      "duracion": 0.94,
      "texto": "Nos la acaba de habilitar.",
      "confianza": 0.534
    },
    {
      "hablante": "Hablante B",
      "inicio": 54.98,
      "fin": 58.98,
      "duracion": 4.01,
      "texto": "La tenemos únicamente por ahora, por un ratito.",
      "confianza": 0.84
    },
    {
      "hablante": "Hablante B",
      "inicio": 59.0,
      "fin": 59.38,
      "duracion": 0.38,
      "texto": "Dale.",
      "confianza": 0.433
    },
    {
      "hablante": "Hablante B",
      "inicio": 60.19,
      "fin": 71.2,
      "duracion": 11.01,
      "texto": "¿Vos tenés una sola línea o tenés más líneas?",
      "confianza": 0.632
    },
    {
      "hablante": "Hablante B",
      "inicio": 71.22,
      "fin": 71.42,
      "duracion": 0.2,
      "texto": "Solo esta.",
      "confianza": 0.06
    },
    {
      "hablante": "Hablante B",
      "inicio": 71.44,
      "fin": 73.09,
      "duracion": 1.64,
      "texto": "Una consultita, perdón.",
      "confianza": 0.419
    },
    {
      "hablante": "Hablante B",
      "inicio": 73.11,
      "fin": 76.15,
      "duracion": 3.04,
      "texto": "¿Qué tiempo me va a durar la promoción?",
      "confianza": 0.693
    },
    {
      "hablante": "Hablante B",
      "inicio": 76.75,
      "fin": 80.7,
      "duracion": 3.94,
      "texto": "La promoción es por el mismo tiempo que la anterior que te comentaba, es por seis meses.",
      "confianza": 0.661
    },
    {
      "hablante": "Hablante B",
      "inicio": 81.08,
      "fin": 84.24,
      "duracion": 3.16,
      "texto": "A vos en el quinto mes se te va a avisar que se te va a terminar la promoción.",
      "confianza": 0.581
    },
    {
      "hablante": "Hablante B",
      "inicio": 84.46,
      "fin": 90.58,
      "duracion": 6.13,
      "texto": "Vos ahí me volvés a enviar un mensajito a mí por WhatsApp y yo te brindaré el chat en donde te van a dar las nuevas promociones, ¿sí?",
      "confianza": 0.588
    },
    {
      "hablante": "Hablante B",
      "inicio": 91.55,
      "fin": 93.17,
      "duracion": 1.62,
      "texto": "Dale, dale, está bien.",
      "confianza": 0.368
    },
    {
      "hablante": "Hablante B",
      "inicio": 93.19,
      "fin": 104.02,
      "duracion": 10.83,
      "texto": "Bien, yo ahí, mira, te voy a mandar un mensajito por WhatsApp, no sé si lo pudiste ver.",
      "confianza": 0.494
    },
    {
      "hablante": "Hablante B",
      "inicio": 104.06,
      "fin": 106.36,
      "duracion": 2.3,
      "texto": "A ver, no, no, recién estoy contestando, pero ahora lo voy a ver.",
      "confianza": 0.047
    },
    {
      "hablante": "Hablante B",
      "inicio": 106.38,
      "fin": 106.48,
      "duracion": 0.1,
      "texto": "Bien.",
      "confianza": 0.2
    },
    {
      "hablante": "Hablante B",
      "inicio": 106.83,
      "fin": 114.62,
      "duracion": 7.79,
      "texto": "Bien, Sarah, lo que voy a necesitar que me brindes es un Gmail donde vos quieras que te llegue la facturación.",
      "confianza": 0.756
    },
    {
      "hablante": "Hablante A",
      "inicio": 118.05,
      "fin": 127.08,
      "duracion": 9.03,
      "texto": "Codreo, muy bien.",
      "confianza": 0.356
    },
    {
      "hablante": "Hablante A",
      "inicio": 127.09,
      "fin": 128.7,
      "duracion": 1.6,
      "texto": "Sí, diga a mí, yo no.",
      "confianza": 0.06
    },
    {
      "hablante": "Hablante A",
      "inicio": 128.72,
      "fin": 130.42,
      "duracion": 1.7,
      "texto": "Sarah Rosemary, cabeza, solo minúscula y seguido.",
      "confianza": 0.049
    },
    {
      "hablante": "Hablante A",
      "inicio": 130.44,
      "fin": 130.74,
      "duracion": 0.3,
      "texto": "Sarah Rosemary.",
      "confianza": 0.016
    },
    {
      "hablante": "Hablante A",
      "inicio": 130.76,
      "fin": 133.48,
      "duracion": 2.72,
      "texto": "Cabeza, arroba, email.com.",
      "confianza": 0.508
    },
    {
      "hablante": "Hablante B",
      "inicio": 136.28,
      "fin": 143.13,
      "duracion": 6.85,
      "texto": "B grande, cabezas B grande y Z y S. Bien, perfecto.",
      "confianza": 0.781
    },
    {
      "hablante": "Hablante B",
      "inicio": 143.15,
      "fin": 145.79,
      "duracion": 2.64,
      "texto": "Sara, Rosemary, Y, por favor.",
      "confianza": 0.769
    },
    {
      "hablante": "Hablante B",
      "inicio": 147.19,
      "fin": 155.81,
      "duracion": 8.61,
      "texto": "Rosemary, Y, la Y. Sara, S, U, C, A, R, A. Perfecto.",
      "confianza": 0.638
    },
    {
      "hablante": "Hablante B",
      "inicio": 155.94,
      "fin": 160.01,
      "duracion": 4.07,
      "texto": "Rosemary, una sola S, una M y una E. Bien.",
      "confianza": 0.759
    },
    {
      "hablante": "Hablante B",
      "inicio": 160.03,
      "fin": 161.07,
      "duracion": 1.04,
      "texto": "O de igual.",
      "confianza": 0.536
    },
    {
      "hablante": "Hablante B",
      "inicio": 161.42,
      "fin": 166.85,
      "duracion": 5.43,
      "texto": "Su nombre completo, Sara Rosmer y cabezas Bacarreza, es correcto?",
      "confianza": 0.74
    },
    {
      "hablante": "Hablante B",
      "inicio": 166.87,
      "fin": 168.19,
      "duracion": 1.32,
      "texto": "Bacarreza.",
      "confianza": 0.491
    },
    {
      "hablante": "Hablante B",
      "inicio": 168.35,
      "fin": 168.83,
      "duracion": 0.48,
      "texto": "Bien, genial.",
      "confianza": 0.359
    },
    {
      "hablante": "Hablante B",
      "inicio": 169.25,
      "fin": 170.13,
      "duracion": 0.88,
      "texto": "Correcto.",
      "confianza": 0.203
    },
    {
      "hablante": "Hablante B",
      "inicio": 170.16,
      "fin": 170.66,
      "duracion": 0.5,
      "texto": "Bien, Rosmer.",
      "confianza": 0.716
    },
    {
      "hablante": "Hablante B",
      "inicio": 170.68,
      "fin": 172.32,
      "duracion": 1.64,
      "texto": "Y entonces ponemos ese mismo email.",
      "confianza": 0.75
    },
    {
      "hablante": "Hablante B",
      "inicio": 172.6,
      "fin": 181.89,
      "duracion": 9.29,
      "texto": "Le hago una consulta a usted en qué provincia y localidad se encuentra para buscar alguna sucursal que le quede cercana.",
      "confianza": 0.636
    },
    {
      "hablante": "Hablante B",
      "inicio": 181.91,
      "fin": 183.53,
      "duracion": 1.62,
      "texto": "Estoy en Arrelo 3335, es capital.",
      "confianza": 0.125
    },
    {
      "hablante": "Hablante B",
      "inicio": 183.55,
      "fin": 188.02,
      "duracion": 4.47,
      "texto": "Escava, eso.",
      "confianza": 0.682
    },
    {
      "hablante": "Hablante B",
      "inicio": 188.04,
      "fin": 188.34,
      "duracion": 0.3,
      "texto": "Exacto.",
      "confianza": 0.165
    },
    {
      "hablante": "Hablante B",
      "inicio": 188.36,
      "fin": 189.32,
      "duracion": 0.96,
      "texto": "¿Qué localidad me dijo?",
      "confianza": 0.445
    },
    {
      "hablante": "Hablante B",
      "inicio": 190.18,
      "fin": 194.58,
      "duracion": 4.41,
      "texto": "que en Cabas, en capital, acá, agrelo 3335.",
      "confianza": 0.736
    },
    {
      "hablante": "Hablante B",
      "inicio": 194.72,
      "fin": 200.93,
      "duracion": 6.21,
      "texto": "Viene de haber viniendo del lado de Ucluytería hacia Boedo, más o menos.",
      "confianza": 0.444
    },
    {
      "hablante": "Hablante B",
      "inicio": 200.95,
      "fin": 206.64,
      "duracion": 5.69,
      "texto": "En qué localidad le conviene que le busque alguna sucursal grega cercana en Boedo?",
      "confianza": 0.645
    },
    {
      "hablante": "Hablante B",
      "inicio": 206.66,
      "fin": 207.96,
      "duracion": 1.3,
      "texto": "Boedo.",
      "confianza": 0.551
    },
    {
      "hablante": "Hablante B",
      "inicio": 207.98,
      "fin": 211.25,
      "duracion": 3.26,
      "texto": "Ah, mire, acá tenemos dos sucursales cercanas.",
      "confianza": 0.699
    },
    {
      "hablante": "Hablante B",
      "inicio": 211.91,
      "fin": 218.18,
      "duracion": 6.27,
      "texto": "Tenemos una en la avenida José María Moreno, el 102, sino en la calle Rivadavia, el 6599.",
      "confianza": 0.75
    },
    {
      "hablante": "Hablante A",
      "inicio": 220.6,
      "fin": 230.48,
      "duracion": 9.87,
      "texto": "La de arriba de Dabia le queda cómoda.",
      "confianza": 0.308
    },
    {
      "hablante": "Hablante A",
      "inicio": 230.5,
      "fin": 235.1,
      "duracion": 4.61,
      "texto": "Le voy a mandarle una capturita de la sucursal donde usted va a tener que retirar el chip.",
      "confianza": 0.652
    },
    {
      "hablante": "Hablante A",
      "inicio": 235.12,
      "fin": 238.99,
      "duracion": 3.86,
      "texto": "Le comento, aproximadamente se va a demorar en 48 a 72 horas.",
      "confianza": 0.676
    },
    {
      "hablante": "Hablante A",
      "inicio": 239.01,
      "fin": 246.06,
      "duracion": 7.05,
      "texto": "Le van a enviar un mensaje desde la misma sucursal para que usted vaya a retirar el chip, ¿sí?",
      "confianza": 0.582
    },
    {
      "hablante": "Hablante A",
      "inicio": 246.08,
      "fin": 246.32,
      "duracion": 0.24,
      "texto": "Bueno, dale.",
      "confianza": 0.007
    },
    {
      "hablante": "Hablante A",
      "inicio": 246.34,
      "fin": 247.66,
      "duracion": 1.32,
      "texto": "Bien, aguardenme un segundo.",
      "confianza": 0.462
    },
    {
      "hablante": "Hablante A",
      "inicio": 248.48,
      "fin": 253.09,
      "duracion": 4.61,
      "texto": "Le voy a mandar por WhatsApp la capturita de donde va a retirar la sucursal.",
      "confianza": 0.457
    },
    {
      "hablante": "Hablante A",
      "inicio": 253.11,
      "fin": 257.07,
      "duracion": 3.96,
      "texto": "Bien, Sara, lo que voy a hacer yo ahora es enviarle lo que es el mensaje portabilidad.",
      "confianza": 0.65
    },
    {
      "hablante": "Hablante A",
      "inicio": 257.15,
      "fin": 264.0,
      "duracion": 6.85,
      "texto": "El mensaje portabilidad sirve para que usted mantenga el mismo número pasándose de una compañía a otra.",
      "confianza": 0.714
    },
    {
      "hablante": "Hablante A",
      "inicio": 264.02,
      "fin": 269.77,
      "duracion": 5.75,
      "texto": "Yo eso se lo voy a enviar y yo voy a necesitar que usted me brine una capturita de pantalla ese mensaje, ¿sí?",
      "confianza": 0.644
    },
    {
      "hablante": "Hablante B",
      "inicio": 272.93,
      "fin": 273.81,
      "duracion": 0.88,
      "texto": "Sí, yo ahí la aviso apenas.",
      "confianza": 0.477
    },
    {
      "hablante": "Hablante B",
      "inicio": 274.29,
      "fin": 278.44,
      "duracion": 4.14,
      "texto": "Me confirmen que se lo envío y usted me envía la capturita.",
      "confianza": 0.587
    },
    {
      "hablante": "Hablante B",
      "inicio": 279.19,
      "fin": 281.76,
      "duracion": 2.56,
      "texto": "y le envío.",
      "confianza": 0.266
    },
    {
      "hablante": "Hablante B",
      "inicio": 281.78,
      "fin": 283.64,
      "duracion": 1.86,
      "texto": "Ahí ya me confirman que se lo enviaron.",
      "confianza": 0.6
    },
    {
      "hablante": "Hablante B",
      "inicio": 283.66,
      "fin": 285.52,
      "duracion": 1.86,
      "texto": "Se puede corroborar si le llegó.",
      "confianza": 0.599
    },
    {
      "hablante": "Hablante B",
      "inicio": 285.54,
      "fin": 305.56,
      "duracion": 20.02,
      "texto": "Desde el demitente 2, 2, 3 le va a llegar.",
      "confianza": 0.375
    },
    {
      "hablante": "Hablante B",
      "inicio": 305.58,
      "fin": 305.98,
      "duracion": 0.4,
      "texto": "A ver, un momentito.",
      "confianza": 0.016
    },
    {
      "hablante": "Hablante B",
      "inicio": 306.0,
      "fin": 306.48,
      "duracion": 0.48,
      "texto": "Un momentito, por favor.",
      "confianza": 0.044
    },
    {
      "hablante": "Hablante A",
      "inicio": 309.28,
      "fin": 310.98,
      "duracion": 1.7,
      "texto": "Hasta me llego.",
      "confianza": 0.064
    },
    {
      "hablante": "Hablante A",
      "inicio": 311.0,
      "fin": 311.26,
      "duracion": 0.26,
      "texto": "Genial.",
      "confianza": 0.326
    },
    {
      "hablante": "Hablante A",
      "inicio": 311.3,
      "fin": 316.17,
      "duracion": 4.87,
      "texto": "¿De eso me podés mandar una captura?",
      "confianza": 0.563
    },
    {
      "hablante": "Hablante A",
      "inicio": 316.19,
      "fin": 316.25,
      "duracion": 0.06,
      "texto": "Ya.",
      "confianza": 0.012
    },
    {
      "hablante": "Hablante A",
      "inicio": 316.27,
      "fin": 334.17,
      "duracion": 17.9,
      "texto": "Bien, Sara, para validar tu identidad, únicamente necesito que me brindes lo que es la foto del frente del SNDNI, valida la identidad y la podés borrar también sin problema.",
      "confianza": 0.65
    },
    {
      "hablante": "Hablante A",
      "inicio": 334.19,
      "fin": 334.29,
      "duracion": 0.1,
      "texto": "Vale.",
      "confianza": 0.003
    },
    {
      "hablante": "Hablante A",
      "inicio": 334.31,
      "fin": 335.21,
      "duracion": 0.9,
      "texto": "Creo que saqué más, pero a ver, vos me decís.",
      "confianza": 0.082
    },
    {
      "hablante": "Hablante A",
      "inicio": 335.23,
      "fin": 335.37,
      "duracion": 0.14,
      "texto": "A ver.",
      "confianza": 0.368
    },
    {
      "hablante": "Hablante B",
      "inicio": 347.3,
      "fin": 361.96,
      "duracion": 14.66,
      "texto": "73, 56, 44, 77, ¿verdad?",
      "confianza": 0.567
    },
    {
      "hablante": "Hablante B",
      "inicio": 361.98,
      "fin": 364.48,
      "duracion": 2.5,
      "texto": "Sí, ese mismo es el WhatsApp.",
      "confianza": 0.59
    },
    {
      "hablante": "Hablante B",
      "inicio": 364.81,
      "fin": 370.39,
      "duracion": 5.59,
      "texto": "Le mandé la cajita de la tienda móvil.",
      "confianza": 0.756
    },
    {
      "hablante": "Hablante B",
      "inicio": 370.41,
      "fin": 370.81,
      "duracion": 0.4,
      "texto": "A ver, ahí le llegó.",
      "confianza": 0.048
    },
    {
      "hablante": "Hablante B",
      "inicio": 370.83,
      "fin": 375.1,
      "duracion": 4.27,
      "texto": "No, usted tiene que buscar en los mensajes de texto común.",
      "confianza": 0.714
    },
    {
      "hablante": "Hablante B",
      "inicio": 375.5,
      "fin": 376.96,
      "duracion": 1.46,
      "texto": "Le llega el mensajito.",
      "confianza": 0.497
    },
    {
      "hablante": "Hablante B",
      "inicio": 377.06,
      "fin": 379.17,
      "duracion": 2.1,
      "texto": "Ah, bueno.",
      "confianza": 0.485
    },
    {
      "hablante": "Hablante B",
      "inicio": 379.19,
      "fin": 381.69,
      "duracion": 2.5,
      "texto": "Desde el remitente 223 que es el de Movistar.",
      "confianza": 0.692
    },
    {
      "hablante": "Hablante A",
      "inicio": 383.23,
      "fin": 386.9,
      "duracion": 3.67,
      "texto": "Fíjese si le llegó, si no se lo refiero.",
      "confianza": 0.529
    },
    {
      "hablante": "Hablante A",
      "inicio": 386.92,
      "fin": 393.7,
      "duracion": 6.79,
      "texto": "Acá va a ver dónde existe código de portabilidad.",
      "confianza": 0.191
    },
    {
      "hablante": "Hablante A",
      "inicio": 394.29,
      "fin": 394.75,
      "duracion": 0.46,
      "texto": "Esa.",
      "confianza": 0.527
    },
    {
      "hablante": "Hablante A",
      "inicio": 394.77,
      "fin": 399.51,
      "duracion": 4.75,
      "texto": "Mándeme una capturita.",
      "confianza": 0.69
    },
    {
      "hablante": "Hablante A",
      "inicio": 399.63,
      "fin": 400.03,
      "duracion": 0.4,
      "texto": "Dale.",
      "confianza": 0.422
    },
    {
      "hablante": "Hablante A",
      "inicio": 400.05,
      "fin": 402.34,
      "duracion": 2.28,
      "texto": "Ahí está.",
      "confianza": 0.205
    },
    {
      "hablante": "Hablante A",
      "inicio": 402.36,
      "fin": 403.18,
      "duracion": 0.82,
      "texto": "Ahí está el envío.",
      "confianza": 0.189
    },
    {
      "hablante": "Hablante B",
      "inicio": 406.18,
      "fin": 432.73,
      "duracion": 26.55,
      "texto": "Por mientras estoy cargando la ficha de venta.",
      "confianza": 0.745
    },
    {
      "hablante": "Hablante B",
      "inicio": 433.31,
      "fin": 439.43,
      "duracion": 6.11,
      "texto": "la foto del frente y el DNI para validar su evidencia y también la puede borrar.",
      "confianza": 0.606
    },
    {
      "hablante": "Hablante A",
      "inicio": 479.75,
      "fin": 482.82,
      "duracion": 3.06,
      "texto": "No hay problema, tranqui.",
      "confianza": 0.705
    },
    {
      "hablante": "Hablante A",
      "inicio": 482.84,
      "fin": 508.8,
      "duracion": 25.96,
      "texto": "Yo por mientras voy cargando el resto.",
      "confianza": 0.535
    },
    {
      "hablante": "Hablante B",
      "inicio": 517.23,
      "fin": 533.69,
      "duracion": 16.46,
      "texto": "Muchas gracias.",
      "confianza": 0.288
    },
    {
      "hablante": "Hablante A",
      "inicio": 536.0,
      "fin": 544.25,
      "duracion": 8.25,
      "texto": "Bien, ahora también voy a hacerle el cierre comercial, que eso es un repaso de sus datos y el canal que vas a acceder, que sería como su contrato con la compañía, ¿sí?",
      "confianza": 0.616
    },
    {
      "hablante": "Hablante A",
      "inicio": 544.27,
      "fin": 559.88,
      "duracion": 15.61,
      "texto": "Al penas me envíe las fotitos para validar la identidad, le leo ese texto.",
      "confianza": 0.652
    },
    {
      "hablante": "Hablante A",
      "inicio": 560.72,
      "fin": 587.03,
      "duracion": 26.31,
      "texto": "Gracias.",
      "confianza": 0.391
    },
    {
      "hablante": "Hablante B",
      "inicio": 600.34,
      "fin": 604.29,
      "duracion": 3.94,
      "texto": "Bien, Rosemary, ¿le parece que le vaya leyendo el texto mientras me envíe la foto?",
      "confianza": 0.686
    },
    {
      "hablante": "Hablante B",
      "inicio": 604.31,
      "fin": 610.05,
      "duracion": 5.75,
      "texto": "Así ya no le robo más tiempo, ¿le parece?",
      "confianza": 0.864
    },
    {
      "hablante": "Hablante B",
      "inicio": 610.07,
      "fin": 610.29,
      "duracion": 0.22,
      "texto": "Dale, dale.",
      "confianza": 0.072
    },
    {
      "hablante": "Hablante B",
      "inicio": 610.31,
      "fin": 610.75,
      "duracion": 0.44,
      "texto": "Dale, bien.",
      "confianza": 0.373
    },
    {
      "hablante": "Hablante B",
      "inicio": 610.77,
      "fin": 616.18,
      "duracion": 5.4,
      "texto": "Cualquier duda o consulta que tenga usted, Rosemary, me la hace al final, así este texto queda todo leído tal cual, ¿sí?",
      "confianza": 0.674
    },
    {
      "hablante": "Hablante B",
      "inicio": 616.38,
      "fin": 618.4,
      "duracion": 2.02,
      "texto": "Si usted me responde lo que quiera preguntar.",
      "confianza": 0.481
    },
    {
      "hablante": "Hablante B",
      "inicio": 618.42,
      "fin": 618.88,
      "duracion": 0.46,
      "texto": "Bien.",
      "confianza": 0.623
    },
    {
      "hablante": "Hablante B",
      "inicio": 618.9,
      "fin": 626.73,
      "duracion": 7.83,
      "texto": "Rosemary, para decidir futuras promociones, ¿usted tiene internet fibra óptica en su casa de Movistar?",
      "confianza": 0.797
    },
    {
      "hablante": "Hablante B",
      "inicio": 626.75,
      "fin": 626.95,
      "duracion": 0.2,
      "texto": "Sí, tengo.",
      "confianza": 0.004
    },
    {
      "hablante": "Hablante B",
      "inicio": 626.97,
      "fin": 627.27,
      "duracion": 0.3,
      "texto": "Ah, bien.",
      "confianza": 0.388
    },
    {
      "hablante": "Hablante B",
      "inicio": 627.29,
      "fin": 629.91,
      "duracion": 2.62,
      "texto": "Después, si quiere, me brinda lo que es la línea fija.",
      "confianza": 0.784
    },
    {
      "hablante": "Hablante B",
      "inicio": 630.06,
      "fin": 634.96,
      "duracion": 4.91,
      "texto": "y va a tener cuatro gigas de regalo en su línea y un descuento de cuatro mil pesos en su factura de internet.",
      "confianza": 0.703
    },
    {
      "hablante": "Hablante A",
      "inicio": 637.87,
      "fin": 647.48,
      "duracion": 9.61,
      "texto": "Bueno, estamos portando la línea once treinta y uno noventa y seis, veintidós diecisiete a nombre y apellido de la titular actual Sara Rosmer y cabezas Bacarresa.",
      "confianza": 0.759
    },
    {
      "hablante": "Hablante A",
      "inicio": 647.52,
      "fin": 655.07,
      "duracion": 7.55,
      "texto": "Me confirmas los últimos tres dígitos de tu.",
      "confianza": 0.773
    },
    {
      "hablante": "Hablante A",
      "inicio": 655.09,
      "fin": 657.65,
      "duracion": 2.56,
      "texto": "Es el noventa y seis, dos veinticuatro, dos, pero tres.",
      "confianza": 0.12
    },
    {
      "hablante": "Hablante A",
      "inicio": 657.67,
      "fin": 657.89,
      "duracion": 0.22,
      "texto": "Bien.",
      "confianza": 0.481
    },
    {
      "hablante": "Hablante A",
      "inicio": 658.27,
      "fin": 660.12,
      "duracion": 1.84,
      "texto": "Bien, su compañía actual es claro, ¿verdad?",
      "confianza": 0.835
    },
    {
      "hablante": "Hablante A",
      "inicio": 661.1,
      "fin": 661.98,
      "duracion": 0.88,
      "texto": "Claro.",
      "confianza": 0.932
    },
    {
      "hablante": "Hablante A",
      "inicio": 662.0,
      "fin": 663.92,
      "duracion": 1.92,
      "texto": "Bien, me comentó que cuenta con factura mensual.",
      "confianza": 0.748
    },
    {
      "hablante": "Hablante A",
      "inicio": 663.94,
      "fin": 666.05,
      "duracion": 2.1,
      "texto": "¿La factura está su nombre o nombre de otra persona?",
      "confianza": 0.853
    },
    {
      "hablante": "Hablante B",
      "inicio": 667.77,
      "fin": 668.07,
      "duracion": 0.3,
      "texto": "Está mi nombre.",
      "confianza": 0.007
    },
    {
      "hablante": "Hablante B",
      "inicio": 668.09,
      "fin": 671.69,
      "duracion": 3.6,
      "texto": "Bien, ¿su chip es físico o virtual?",
      "confianza": 0.611
    },
    {
      "hablante": "Hablante B",
      "inicio": 671.71,
      "fin": 672.43,
      "duracion": 0.72,
      "texto": "Físico.",
      "confianza": 0.201
    },
    {
      "hablante": "Hablante B",
      "inicio": 672.46,
      "fin": 685.6,
      "duracion": 13.14,
      "texto": "Bien, va a recibir su chip en la tienda Movistar de la calle Río Río, hoy el 6599, de la provincia de Caba, localidad de Iboedo.",
      "confianza": 0.75
    },
    {
      "hablante": "Hablante B",
      "inicio": 685.62,
      "fin": 685.72,
      "duracion": 0.1,
      "texto": "Bien.",
      "confianza": 0.102
    },
    {
      "hablante": "Hablante B",
      "inicio": 685.74,
      "fin": 686.26,
      "duracion": 0.52,
      "texto": "Bien, su Gmail",
      "confianza": 0.163
    },
    {
      "hablante": "Hablante B",
      "inicio": 686.74,
      "fin": 693.29,
      "duracion": 6.55,
      "texto": "Le recuerdo que el costo del servicio al día de hoy es de ocho mil pesos porque tiene un descuento fijo por seis meses de cuarenta y cuatro mil cincuenta pesos.",
      "confianza": 0.679
    },
    {
      "hablante": "Hablante B",
      "inicio": 693.33,
      "fin": 709.2,
      "duracion": 15.87,
      "texto": "El plan al que usted está accediendo son ocho gigas de base, más ocho gigas de regalo por seis meses, WhatsApp gratis, HablaLira, cualquier compañía, América Precio Local y Rumina en América también.",
      "confianza": 0.757
    },
    {
      "hablante": "Hablante B",
      "inicio": 709.22,
      "fin": 709.52,
      "duracion": 0.3,
      "texto": "Bueno, gracias.",
      "confianza": 0.0
    },
    {
      "hablante": "Hablante B",
      "inicio": 709.54,
      "fin": 710.06,
      "duracion": 0.52,
      "texto": "Bien, ahí voy a continuar.",
      "confianza": 0.001
    },
    {
      "hablante": "Hablante B",
      "inicio": 710.08,
      "fin": 710.54,
      "duracion": 0.46,
      "texto": "Al cabo de enviarle DN.",
      "confianza": 0.069
    },
    {
      "hablante": "Hablante B",
      "inicio": 710.86,
      "fin": 712.76,
      "duracion": 1.9,
      "texto": "Ah, bien, ahí los veo.",
      "confianza": 0.232
    },
    {
      "hablante": "Hablante B",
      "inicio": 712.78,
      "fin": 714.08,
      "duracion": 1.3,
      "texto": "Ahí termino el texto y lo veo.",
      "confianza": 0.631
    },
    {
      "hablante": "Hablante B",
      "inicio": 714.1,
      "fin": 723.89,
      "duracion": 9.79,
      "texto": "Bien, su Gmail en donde vas a recibir la facturación es sarahrosmericabezas.com y vas a estar recibiendo tu facturación online a través de ese mismo mail, ¿sí?",
      "confianza": 0.672
    },
    {
      "hablante": "Hablante B",
      "inicio": 723.91,
      "fin": 731.98,
      "duracion": 8.07,
      "texto": "Desde el ámbito de instar, ingresando a la sección servicios, vas a poder ver toda la información referida a tu factura, ya sea el ciclo de facturación, vencimientos o montos a pagar.",
      "confianza": 0.665
    },
    {
      "hablante": "Hablante B",
      "inicio": 732.34,
      "fin": 737.83,
      "duracion": 5.49,
      "texto": "También vas a poder activar 20 días de realo con una oración por 30 días, disponible una vez al año.",
      "confianza": 0.724
    },
    {
      "hablante": "Hablante B",
      "inicio": 737.98,
      "fin": 745.73,
      "duracion": 7.75,
      "texto": "También puedes aledirte al dedito automático y puedes sumar 4GB de regalo en cada línea móvil si es que porta más de dos líneas registradas bajo un mismo titular.",
      "confianza": 0.634
    },
    {
      "hablante": "Hablante B",
      "inicio": 746.25,
      "fin": 750.01,
      "duracion": 3.77,
      "texto": "Una vez aprobada la portabilidad de su línea, portará a las 48 horas hábiles.",
      "confianza": 0.724
    },
    {
      "hablante": "Hablante B",
      "inicio": 750.52,
      "fin": 755.16,
      "duracion": 4.65,
      "texto": "Un día antes, por mensaje de WhatsApp, debemos estar informando la fecha de portabilidad para que se quede tranquila.",
      "confianza": 0.645
    },
    {
      "hablante": "Hablante B",
      "inicio": 755.52,
      "fin": 758.91,
      "duracion": 3.38,
      "texto": "Es importante que usted no coloque el chip antes de la fecha informada.",
      "confianza": 0.593
    },
    {
      "hablante": "Hablante B",
      "inicio": 758.93,
      "fin": 764.22,
      "duracion": 5.29,
      "texto": "De todas maneras, se va a dar cuenta porque su línea clara va a dejar de recibir señal y ya es cuando debe colocarlo.",
      "confianza": 0.648
    },
    {
      "hablante": "Hablante B",
      "inicio": 764.43,
      "fin": 773.93,
      "duracion": 9.49,
      "texto": "Le comento que por única vez va a tener que validar identidad al activarlo y en caso de que tenga alguna dificultad con la validación, inténtelo nuevamente o comuníquese al set 800.",
      "confianza": 0.718
    },
    {
      "hablante": "Hablante B",
      "inicio": 773.95,
      "fin": 777.19,
      "duracion": 3.25,
      "texto": "Le solicitamos que en caso de no levantar señales del chip, reinicie el equipo.",
      "confianza": 0.741
    },
    {
      "hablante": "Hablante B",
      "inicio": 777.61,
      "fin": 782.14,
      "duracion": 4.53,
      "texto": "Por otro lado, dentro de los próximos días, recibirá una encuesta de satisfacción por WhatsApp.",
      "confianza": 0.767
    },
    {
      "hablante": "Hablante B",
      "inicio": 782.16,
      "fin": 786.11,
      "duracion": 3.95,
      "texto": "Le solicitamos por favor que la complete ya que su opinión es muy importante para la empresa.",
      "confianza": 0.719
    },
    {
      "hablante": "Hablante B",
      "inicio": 786.58,
      "fin": 789.0,
      "duracion": 2.42,
      "texto": "Bien, Sarah, ahí ya estaría el cierre comercial.",
      "confianza": 0.362
    },
    {
      "hablante": "Hablante B",
      "inicio": 789.02,
      "fin": 797.15,
      "duracion": 8.13,
      "texto": "Yo lo que le voy a pedir es que usted cuando tenga el chip me avise y yo le aviso cuándo colocarlo, ¿sí?",
      "confianza": 0.727
    },
    {
      "hablante": "Hablante B",
      "inicio": 797.17,
      "fin": 797.79,
      "duracion": 0.62,
      "texto": "Ya estaría, muchísimas gracias.",
      "confianza": 0.005
    },
    {
      "hablante": "Hablante B",
      "inicio": 797.81,
      "fin": 798.43,
      "duracion": 0.62,
      "texto": "Sarah, otra cosa.",
      "confianza": 0.658
    },
    {
      "hablante": "Hablante B",
      "inicio": 798.67,
      "fin": 805.12,
      "duracion": 6.45,
      "texto": "Si le llega a escribir a algún otro asesor de Movistar pidiéndole algún dato, pidiéndole algo, no le conteste directamente.",
      "confianza": 0.701
    },
    {
      "hablante": "Hablante B",
      "inicio": 805.14,
      "fin": 807.56,
      "duracion": 2.42,
      "texto": "Básicamente quieren robarme la venta.",
      "confianza": 0.801
    },
    {
      "hablante": "Hablante B",
      "inicio": 807.6,
      "fin": 814.37,
      "duracion": 6.77,
      "texto": "Cualquier duda o consulta que usted tenga, me escribe a mí y yo le mando un mensajito a usted, cualquier cosa que necesites, ¿sí?",
      "confianza": 0.645
    },
    {
      "hablante": "Hablante B",
      "inicio": 814.39,
      "fin": 814.77,
      "duracion": 0.38,
      "texto": "Dale, gracias.",
      "confianza": 0.1
    },
    {
      "hablante": "Hablante B",
      "inicio": 814.79,
      "fin": 815.37,
      "duracion": 0.58,
      "texto": "¿Cuál es tu nombre?",
      "confianza": 0.254
    },
    {
      "hablante": "Hablante B",
      "inicio": 816.22,
      "fin": 819.97,
      "duracion": 3.75,
      "texto": "Sara, Bruno, Sara es mi nombre.",
      "confianza": 0.765
    },
    {
      "hablante": "Hablante B",
      "inicio": 819.99,
      "fin": 820.11,
      "duracion": 0.12,
      "texto": "Bruno.",
      "confianza": 0.035
    },
    {
      "hablante": "Hablante B",
      "inicio": 820.13,
      "fin": 820.81,
      "duracion": 0.68,
      "texto": "Sí, Bruno.",
      "confianza": 0.138
    },
    {
      "hablante": "Hablante B",
      "inicio": 820.83,
      "fin": 826.66,
      "duracion": 5.83,
      "texto": "Así que quedamos en contacto para cuando tenga el chip y yo le aviso cuando colocarlo, ¿sí?",
      "confianza": 0.683
    },
    {
      "hablante": "Hablante B",
      "inicio": 826.68,
      "fin": 827.07,
      "duracion": 0.38,
      "texto": "Por favor, gracias.",
      "confianza": 0.0
    },
    {
      "hablante": "Hablante B",
      "inicio": 827.09,
      "fin": 827.79,
      "duracion": 0.7,
      "texto": "Sara, muchas gracias.",
      "confianza": 0.504
    },
    {
      "hablante": "Hablante B",
      "inicio": 827.85,
      "fin": 836.8,
      "duracion": 8.96,
      "texto": "Bienvenida a Movistar nuevamente.",
      "confianza": 0.245
    },
    {
      "hablante": "Hablante B",
      "inicio": 836.82,
      "fin": 837.22,
      "duracion": 0.4,
      "texto": "Gracias, muy amable.",
      "confianza": 0.005
    },
    {
      "hablante": "Hablante B",
      "inicio": 837.24,
      "fin": 837.62,
      "duracion": 0.38,
      "texto": "Hasta luego, Bruno.",
      "confianza": 0.067
    }
  ],
  "transcripcion_completa": "Hola, buen día. Buenos días. Hola, Sara, ¿cómo estás? Te habla Bruno de Movistar. Más que un pleno subimos hablando. Ah, dale, dale. Ya, me ofrecí. Mira, viste que te había comentado una promoción que teníamos en 10.400. Bueno, recién nos acaba de habilitar una nueva promoción. Los 16 gigas te quedan en los 8.000 pesos finales. Esa promoción la tenemos. Sí, 8.000 pesos. Esa promoción la tenemos. Nos la acaba de habilitar. La tenemos únicamente por ahora, por un ratito. Dale. ¿Vos tenés una sola línea o tenés más líneas? Solo esta. Una consultita, perdón. ¿Qué tiempo me va a durar la promoción? La promoción es por el mismo tiempo que la anterior que te comentaba, es por seis meses. A vos en el quinto mes se te va a avisar que se te va a terminar la promoción. Vos ahí me volvés a enviar un mensajito a mí por WhatsApp y yo te brindaré el chat en donde te van a dar las nuevas promociones, ¿sí? Dale, dale, está bien. Bien, yo ahí, mira, te voy a mandar un mensajito por WhatsApp, no sé si lo pudiste ver. A ver, no, no, recién estoy contestando, pero ahora lo voy a ver. Bien. Bien, Sarah, lo que voy a necesitar que me brindes es un Gmail donde vos quieras que te llegue la facturación. Codreo, muy bien. Sí, diga a mí, yo no. Sarah Rosemary, cabeza, solo minúscula y seguido. Sarah Rosemary. Cabeza, arroba, email.com. B grande, cabezas B grande y Z y S. Bien, perfecto. Sara, Rosemary, Y, por favor. Rosemary, Y, la Y. Sara, S, U, C, A, R, A. Perfecto. Rosemary, una sola S, una M y una E. Bien. O de igual. Su nombre completo, Sara Rosmer y cabezas Bacarreza, es correcto? Bacarreza. Bien, genial. Correcto. Bien, Rosmer. Y entonces ponemos ese mismo email. Le hago una consulta a usted en qué provincia y localidad se encuentra para buscar alguna sucursal que le quede cercana. Estoy en Arrelo 3335, es capital. Escava, eso. Exacto. ¿Qué localidad me dijo? que en Cabas, en capital, acá, agrelo 3335. Viene de haber viniendo del lado de Ucluytería hacia Boedo, más o menos. En qué localidad le conviene que le busque alguna sucursal grega cercana en Boedo? Boedo. Ah, mire, acá tenemos dos sucursales cercanas. Tenemos una en la avenida José María Moreno, el 102, sino en la calle Rivadavia, el 6599. La de arriba de Dabia le queda cómoda. Le voy a mandarle una capturita de la sucursal donde usted va a tener que retirar el chip. Le comento, aproximadamente se va a demorar en 48 a 72 horas. Le van a enviar un mensaje desde la misma sucursal para que usted vaya a retirar el chip, ¿sí? Bueno, dale. Bien, aguardenme un segundo. Le voy a mandar por WhatsApp la capturita de donde va a retirar la sucursal. Bien, Sara, lo que voy a hacer yo ahora es enviarle lo que es el mensaje portabilidad. El mensaje portabilidad sirve para que usted mantenga el mismo número pasándose de una compañía a otra. Yo eso se lo voy a enviar y yo voy a necesitar que usted me brine una capturita de pantalla ese mensaje, ¿sí? Sí, yo ahí la aviso apenas. Me confirmen que se lo envío y usted me envía la capturita. y le envío. Ahí ya me confirman que se lo enviaron. Se puede corroborar si le llegó. Desde el demitente 2, 2, 3 le va a llegar. A ver, un momentito. Un momentito, por favor. Hasta me llego. Genial. ¿De eso me podés mandar una captura? Ya. Bien, Sara, para validar tu identidad, únicamente necesito que me brindes lo que es la foto del frente del SNDNI, valida la identidad y la podés borrar también sin problema. Vale. Creo que saqué más, pero a ver, vos me decís. A ver. 73, 56, 44, 77, ¿verdad? Sí, ese mismo es el WhatsApp. Le mandé la cajita de la tienda móvil. A ver, ahí le llegó. No, usted tiene que buscar en los mensajes de texto común. Le llega el mensajito. Ah, bueno. Desde el remitente 223 que es el de Movistar. Fíjese si le llegó, si no se lo refiero. Acá va a ver dónde existe código de portabilidad. Esa. Mándeme una capturita. Dale. Ahí está. Ahí está el envío. Por mientras estoy cargando la ficha de venta. la foto del frente y el DNI para validar su evidencia y también la puede borrar. No hay problema, tranqui. Yo por mientras voy cargando el resto. Muchas gracias. Bien, ahora también voy a hacerle el cierre comercial, que eso es un repaso de sus datos y el canal que vas a acceder, que sería como su contrato con la compañía, ¿sí? Al penas me envíe las fotitos para validar la identidad, le leo ese texto. Gracias. Bien, Rosemary, ¿le parece que le vaya leyendo el texto mientras me envíe la foto? Así ya no le robo más tiempo, ¿le parece? Dale, dale. Dale, bien. Cualquier duda o consulta que tenga usted, Rosemary, me la hace al final, así este texto queda todo leído tal cual, ¿sí? Si usted me responde lo que quiera preguntar. Bien. Rosemary, para decidir futuras promociones, ¿usted tiene internet fibra óptica en su casa de Movistar? Sí, tengo. Ah, bien. Después, si quiere, me brinda lo que es la línea fija. y va a tener cuatro gigas de regalo en su línea y un descuento de cuatro mil pesos en su factura de internet. Bueno, estamos portando la línea once treinta y uno noventa y seis, veintidós diecisiete a nombre y apellido de la titular actual Sara Rosmer y cabezas Bacarresa. Me confirmas los últimos tres dígitos de tu. Es el noventa y seis, dos veinticuatro, dos, pero tres. Bien. Bien, su compañía actual es claro, ¿verdad? Claro. Bien, me comentó que cuenta con factura mensual. ¿La factura está su nombre o nombre de otra persona? Está mi nombre. Bien, ¿su chip es físico o virtual? Físico. Bien, va a recibir su chip en la tienda Movistar de la calle Río Río, hoy el 6599, de la provincia de Caba, localidad de Iboedo. Bien. Bien, su Gmail Le recuerdo que el costo del servicio al día de hoy es de ocho mil pesos porque tiene un descuento fijo por seis meses de cuarenta y cuatro mil cincuenta pesos. El plan al que usted está accediendo son ocho gigas de base, más ocho gigas de regalo por seis meses, WhatsApp gratis, HablaLira, cualquier compañía, América Precio Local y Rumina en América también. Bueno, gracias. Bien, ahí voy a continuar. Al cabo de enviarle DN. Ah, bien, ahí los veo. Ahí termino el texto y lo veo. Bien, su Gmail en donde vas a recibir la facturación es sarahrosmericabezas.com y vas a estar recibiendo tu facturación online a través de ese mismo mail, ¿sí? Desde el ámbito de instar, ingresando a la sección servicios, vas a poder ver toda la información referida a tu factura, ya sea el ciclo de facturación, vencimientos o montos a pagar. También vas a poder activar 20 días de realo con una oración por 30 días, disponible una vez al año. También puedes aledirte al dedito automático y puedes sumar 4GB de regalo en cada línea móvil si es que porta más de dos líneas registradas bajo un mismo titular. Una vez aprobada la portabilidad de su línea, portará a las 48 horas hábiles. Un día antes, por mensaje de WhatsApp, debemos estar informando la fecha de portabilidad para que se quede tranquila. Es importante que usted no coloque el chip antes de la fecha informada. De todas maneras, se va a dar cuenta porque su línea clara va a dejar de recibir señal y ya es cuando debe colocarlo. Le comento que por única vez va a tener que validar identidad al activarlo y en caso de que tenga alguna dificultad con la validación, inténtelo nuevamente o comuníquese al set 800. Le solicitamos que en caso de no levantar señales del chip, reinicie el equipo. Por otro lado, dentro de los próximos días, recibirá una encuesta de satisfacción por WhatsApp. Le solicitamos por favor que la complete ya que su opinión es muy importante para la empresa. Bien, Sarah, ahí ya estaría el cierre comercial. Yo lo que le voy a pedir es que usted cuando tenga el chip me avise y yo le aviso cuándo colocarlo, ¿sí? Ya estaría, muchísimas gracias. Sarah, otra cosa. Si le llega a escribir a algún otro asesor de Movistar pidiéndole algún dato, pidiéndole algo, no le conteste directamente. Básicamente quieren robarme la venta. Cualquier duda o consulta que usted tenga, me escribe a mí y yo le mando un mensajito a usted, cualquier cosa que necesites, ¿sí? Dale, gracias. ¿Cuál es tu nombre? Sara, Bruno, Sara es mi nombre. Bruno. Sí, Bruno. Así que quedamos en contacto para cuando tenga el chip y yo le aviso cuando colocarlo, ¿sí? Por favor, gracias. Sara, muchas gracias. Bienvenida a Movistar nuevamente. Gracias, muy amable. Hasta luego, Bruno.",
  "calidad": {
    "confianza_promedio": 0.493,
    "metodo_diarizacion": "pausas_fallback",
    "tiempo_procesamiento": 20.1
  },
  "metadata": {
    "modelo": "whisperx_medium",
    "diarizacion": "pausas",
    "dispositivo": "cuda",
    "fecha": "2026-01-25T17:21:39.867591",
    "version": "5.0_ecapa"
  }
}