{
  "archivo": "amza22_1_260119121257044_ACD_89045.wav",
  "duracion_segundos": 981.45,
  "num_segmentos": 306,
  "num_hablantes": 2,
  "hablantes": [
    "Hablante A",
    "Hablante B"
  ],
  "tiempo_por_hablante": {
    "Hablante B": 580.82,
    "Hablante A": 290.78
  },
  "idioma": "es",
  "conversacion": [
    {
      "hablante": "Hablante B",
      "inicio": 1.52,
      "fin": 2.6,
      "duracion": 1.08,
      "texto": "Hola.",
      "confianza": 0.466
    },
    {
      "hablante": "Hablante B",
      "inicio": 2.62,
      "fin": 3.1,
      "duracion": 0.48,
      "texto": "Hola, buen día.",
      "confianza": 0.709
    },
    {
      "hablante": "Hablante B",
      "inicio": 3.12,
      "fin": 6.28,
      "duracion": 3.16,
      "texto": "Hablo con Florencia.",
      "confianza": 0.556
    },
    {
      "hablante": "Hablante B",
      "inicio": 6.3,
      "fin": 7.14,
      "duracion": 0.84,
      "texto": "Florencia, ¿cómo estás?",
      "confianza": 0.664
    },
    {
      "hablante": "Hablante B",
      "inicio": 7.16,
      "fin": 8.66,
      "duracion": 1.5,
      "texto": "Mi nombre es Belén, me presento.",
      "confianza": 0.758
    },
    {
      "hablante": "Hablante B",
      "inicio": 9.29,
      "fin": 12.95,
      "duracion": 3.66,
      "texto": "Mira, yo te estoy llamando desde el área de recupero de clientes de Movistar.",
      "confianza": 0.742
    },
    {
      "hablante": "Hablante B",
      "inicio": 13.57,
      "fin": 16.77,
      "duracion": 3.2,
      "texto": "Queríamos saber por qué te habías ido de la compañía en su momento.",
      "confianza": 0.689
    },
    {
      "hablante": "Hablante B",
      "inicio": 17.2,
      "fin": 21.9,
      "duracion": 4.71,
      "texto": "Comentando un poco, ¿qué te sucedió a vos?",
      "confianza": 0.659
    },
    {
      "hablante": "Hablante B",
      "inicio": 21.92,
      "fin": 28.55,
      "duracion": 6.63,
      "texto": "No, la verdad me fui por el tema de los servicios.",
      "confianza": 0.194
    },
    {
      "hablante": "Hablante B",
      "inicio": 28.57,
      "fin": 31.03,
      "duracion": 2.46,
      "texto": "La verdad que el servicio siempre me gustó.",
      "confianza": 0.218
    },
    {
      "hablante": "Hablante B",
      "inicio": 31.3,
      "fin": 33.08,
      "duracion": 1.78,
      "texto": "Nunca me quedaba sintiendo bien.",
      "confianza": 0.086
    },
    {
      "hablante": "Hablante B",
      "inicio": 33.1,
      "fin": 33.74,
      "duracion": 0.64,
      "texto": "Ah, bien, bien.",
      "confianza": 0.241
    },
    {
      "hablante": "Hablante B",
      "inicio": 33.76,
      "fin": 38.35,
      "duracion": 4.59,
      "texto": "Pero el tema fue que te iban subiendo el precio todos los meses.",
      "confianza": 0.672
    },
    {
      "hablante": "Hablante B",
      "inicio": 38.37,
      "fin": 39.27,
      "duracion": 0.9,
      "texto": "Claro, todos los meses.",
      "confianza": 0.149
    },
    {
      "hablante": "Hablante B",
      "inicio": 39.29,
      "fin": 44.32,
      "duracion": 5.03,
      "texto": "Todos los meses y llegó un momento que se estaba diciendo que no puedo pagar tanto.",
      "confianza": 0.535
    },
    {
      "hablante": "Hablante B",
      "inicio": 44.34,
      "fin": 45.24,
      "duracion": 0.9,
      "texto": "Claro, no, no.",
      "confianza": 0.652
    },
    {
      "hablante": "Hablante B",
      "inicio": 45.26,
      "fin": 56.97,
      "duracion": 11.72,
      "texto": "Bien, y tampoco se debía pagar porque viste que lo estipulado era pagar un monto por ciertos meses y, claro, si te subían es entendible que vos te hayas decido y hayas preferido elegir otra compañía que es la más económica.",
      "confianza": 0.714
    },
    {
      "hablante": "Hablante B",
      "inicio": 56.99,
      "fin": 59.42,
      "duracion": 2.42,
      "texto": "Así que en eso te entiendo perfectamente.",
      "confianza": 0.651
    },
    {
      "hablante": "Hablante B",
      "inicio": 59.73,
      "fin": 65.98,
      "duracion": 6.25,
      "texto": "Es más, te pido disculpas en nombre de la compañía por esto de que pagabas lo que no debías a Bonar, ¿viste?",
      "confianza": 0.804
    },
    {
      "hablante": "Hablante B",
      "inicio": 66.0,
      "fin": 67.05,
      "duracion": 1.04,
      "texto": "Que no era lo circulado.",
      "confianza": 0.735
    },
    {
      "hablante": "Hablante B",
      "inicio": 67.89,
      "fin": 78.74,
      "duracion": 10.86,
      "texto": "Lo que ha pasado en estos momentos es que ya no estamos más regulados por ese interregulador, que ya no nos funcionaban ni a nosotros ni a ustedes, lamentablemente, porque ustedes se tenían que ir porque le venían estos montos exorbitantes.",
      "confianza": 0.722
    },
    {
      "hablante": "Hablante B",
      "inicio": 79.44,
      "fin": 89.45,
      "duracion": 10.01,
      "texto": "Ya no estamos más regulados por existentes, estamos regulados por modoizar mismos, y lo que estamos ofreciendo a los antiguos clientes es un beneficio de un descuento fijo por seis meses.",
      "confianza": 0.764
    },
    {
      "hablante": "Hablante B",
      "inicio": 90.04,
      "fin": 92.31,
      "duracion": 2.26,
      "texto": "Yo no sé qué plan vos tengas en claro.",
      "confianza": 0.506
    },
    {
      "hablante": "Hablante B",
      "inicio": 92.69,
      "fin": 94.25,
      "duracion": 1.56,
      "texto": "¿Vos sabés cuántos gigas tenéis?",
      "confianza": 0.537
    },
    {
      "hablante": "Hablante B",
      "inicio": 94.27,
      "fin": 97.33,
      "duracion": 3.06,
      "texto": "¿Cuántos abonados aproximadamente, Flora?",
      "confianza": 0.782
    },
    {
      "hablante": "Hablante B",
      "inicio": 97.77,
      "fin": 99.49,
      "duracion": 1.72,
      "texto": "Sí, estoy pagando lo más económico.",
      "confianza": 0.566
    },
    {
      "hablante": "Hablante B",
      "inicio": 100.94,
      "fin": 102.96,
      "duracion": 2.02,
      "texto": "Creo que tengo un giga y medio.",
      "confianza": 0.625
    },
    {
      "hablante": "Hablante B",
      "inicio": 104.08,
      "fin": 107.7,
      "duracion": 3.62,
      "texto": "Como tengo Wi-Fi en mi casa, me pagé a eso más económico.",
      "confianza": 0.527
    },
    {
      "hablante": "Hablante B",
      "inicio": 108.2,
      "fin": 110.03,
      "duracion": 1.82,
      "texto": "Pero estoy pagando casi 10 mil pesos.",
      "confianza": 0.635
    },
    {
      "hablante": "Hablante B",
      "inicio": 111.29,
      "fin": 112.79,
      "duracion": 1.5,
      "texto": "¿10 mil pesos por la línea?",
      "confianza": 0.73
    },
    {
      "hablante": "Hablante B",
      "inicio": 113.69,
      "fin": 114.79,
      "duracion": 1.1,
      "texto": "Por la línea, sí.",
      "confianza": 0.722
    },
    {
      "hablante": "Hablante B",
      "inicio": 114.81,
      "fin": 117.02,
      "duracion": 2.2,
      "texto": "¿Por un giga y medio, Flora?",
      "confianza": 0.603
    },
    {
      "hablante": "Hablante B",
      "inicio": 117.04,
      "fin": 117.1,
      "duracion": 0.06,
      "texto": "Sí.",
      "confianza": 0.322
    },
    {
      "hablante": "Hablante B",
      "inicio": 117.63,
      "fin": 119.09,
      "duracion": 1.46,
      "texto": "¡Ay, no!",
      "confianza": 0.814
    },
    {
      "hablante": "Hablante B",
      "inicio": 119.11,
      "fin": 121.14,
      "duracion": 2.02,
      "texto": "Espera, te voy a ir a... Te comento primero.",
      "confianza": 0.378
    },
    {
      "hablante": "Hablante B",
      "inicio": 121.2,
      "fin": 129.01,
      "duracion": 7.81,
      "texto": "Nosotros tenemos lo que son unas promociones que han subido más lo que es el porcentaje de descuento.",
      "confianza": 0.743
    },
    {
      "hablante": "Hablante B",
      "inicio": 129.05,
      "fin": 145.73,
      "duracion": 16.68,
      "texto": "Y tenemos, ya que vos me lo mencionabas, que utilizas poco el Selvo, porque tenés Wi-Fi, el almacenaje que tenemos es de 4 GB base más 4 GB de regalo, que tendrías, pasa completamente gratis, podés hablar libre a cualquier compañía, tenés mensajes y llamadas ilimitadas,",
      "confianza": 0.661
    },
    {
      "hablante": "Hablante B",
      "inicio": 145.93,
      "fin": 153.48,
      "duracion": 7.55,
      "texto": "Y tenés, como te dije, un porcentaje del descuento fijo por seis meses y el valor es de 7.460.8 gigas.",
      "confianza": 0.745
    },
    {
      "hablante": "Hablante B",
      "inicio": 153.5,
      "fin": 154.9,
      "duracion": 1.4,
      "texto": "¿Vieron?",
      "confianza": 0.863
    },
    {
      "hablante": "Hablante B",
      "inicio": 154.92,
      "fin": 158.87,
      "duracion": 3.94,
      "texto": "Después, si no tenés, tenés hidróptica, me dijiste.",
      "confianza": 0.58
    },
    {
      "hablante": "Hablante B",
      "inicio": 158.93,
      "fin": 162.37,
      "duracion": 3.44,
      "texto": "Tenés con claro también o tenés con otra compañía?",
      "confianza": 0.704
    },
    {
      "hablante": "Hablante B",
      "inicio": 162.39,
      "fin": 163.74,
      "duracion": 1.34,
      "texto": "¿Cómo?",
      "confianza": 0.255
    },
    {
      "hablante": "Hablante B",
      "inicio": 163.75,
      "fin": 167.64,
      "duracion": 3.88,
      "texto": "Que me dijiste que vos tenés hidróptica en tu casa, ¿no, Flor?",
      "confianza": 0.591
    },
    {
      "hablante": "Hablante B",
      "inicio": 167.66,
      "fin": 168.58,
      "duracion": 0.92,
      "texto": "Sí, tengo.",
      "confianza": 0.462
    },
    {
      "hablante": "Hablante B",
      "inicio": 168.6,
      "fin": 171.5,
      "duracion": 2.9,
      "texto": "¿Vos tenés con claro o con otra compañía?",
      "confianza": 0.553
    },
    {
      "hablante": "Hablante B",
      "inicio": 171.52,
      "fin": 175.13,
      "duracion": 3.6,
      "texto": "No, tengo con otra compañía porque donde yo vivo no llega...",
      "confianza": 0.6
    },
    {
      "hablante": "Hablante B",
      "inicio": 175.33,
      "fin": 179.69,
      "duracion": 4.36,
      "texto": "otra compañía, ya solamente la que vendría a ser una cooperativa.",
      "confianza": 0.601
    },
    {
      "hablante": "Hablante B",
      "inicio": 181.09,
      "fin": 181.79,
      "duracion": 0.7,
      "texto": "Ah, bien.",
      "confianza": 0.169
    },
    {
      "hablante": "Hablante B",
      "inicio": 181.81,
      "fin": 182.49,
      "duracion": 0.68,
      "texto": "¿Has podido?",
      "confianza": 0.695
    },
    {
      "hablante": "Hablante B",
      "inicio": 182.79,
      "fin": 183.72,
      "duracion": 0.92,
      "texto": "Tienen convenio.",
      "confianza": 0.729
    },
    {
      "hablante": "Hablante B",
      "inicio": 183.75,
      "fin": 189.86,
      "duracion": 6.11,
      "texto": "Yo tengo el modem Movistar.",
      "confianza": 0.388
    },
    {
      "hablante": "Hablante B",
      "inicio": 189.88,
      "fin": 190.38,
      "duracion": 0.5,
      "texto": "Ah, bien.",
      "confianza": 0.59
    },
    {
      "hablante": "Hablante B",
      "inicio": 190.4,
      "fin": 192.8,
      "duracion": 2.4,
      "texto": "Pero a vos te diérmelo qué es la facturación de Movistar.",
      "confianza": 0.727
    },
    {
      "hablante": "Hablante B",
      "inicio": 194.02,
      "fin": 194.96,
      "duracion": 0.94,
      "texto": "¿O no?",
      "confianza": 0.318
    },
    {
      "hablante": "Hablante B",
      "inicio": 194.98,
      "fin": 195.22,
      "duracion": 0.24,
      "texto": "No, no, no.",
      "confianza": 0.182
    },
    {
      "hablante": "Hablante B",
      "inicio": 195.25,
      "fin": 196.63,
      "duracion": 1.38,
      "texto": "Me facturaba una cooperativa.",
      "confianza": 0.833
    },
    {
      "hablante": "Hablante B",
      "inicio": 197.97,
      "fin": 199.45,
      "duracion": 1.48,
      "texto": "Ah, bien.",
      "confianza": 0.378
    },
    {
      "hablante": "Hablante B",
      "inicio": 199.47,
      "fin": 202.89,
      "duracion": 3.42,
      "texto": "Porque a donde yo vivo no entra en otro tipo de fibra óptica.",
      "confianza": 0.568
    },
    {
      "hablante": "Hablante B",
      "inicio": 204.37,
      "fin": 205.13,
      "duracion": 0.76,
      "texto": "A ver, mira.",
      "confianza": 0.761
    },
    {
      "hablante": "Hablante B",
      "inicio": 205.53,
      "fin": 215.79,
      "duracion": 10.25,
      "texto": "Entonces, ¿querés que nos fijemos si hay postes acá de tu domicilio que lo que tengamos oizar para ver si vos podés tener lo que es una promoción que tienes?",
      "confianza": 0.671
    },
    {
      "hablante": "Hablante B",
      "inicio": 215.93,
      "fin": 221.09,
      "duracion": 5.17,
      "texto": "Tu línea, más lo que es la fibra óptica, porque capaz que podés tener lo que es la fibra óptica y si te hace un descuento.",
      "confianza": 0.618
    },
    {
      "hablante": "Hablante B",
      "inicio": 221.63,
      "fin": 224.3,
      "duracion": 2.66,
      "texto": "Y tu línea tan solo la abonarías a 4,000 pesos.",
      "confianza": 0.757
    },
    {
      "hablante": "Hablante B",
      "inicio": 225.46,
      "fin": 226.02,
      "duracion": 0.56,
      "texto": "Si querés, nos fijamos.",
      "confianza": 0.273
    },
    {
      "hablante": "Hablante B",
      "inicio": 226.04,
      "fin": 229.8,
      "duracion": 3.76,
      "texto": "Bueno, fíjate si querés, pero no creo que llegue.",
      "confianza": 0.532
    },
    {
      "hablante": "Hablante B",
      "inicio": 229.82,
      "fin": 231.16,
      "duracion": 1.34,
      "texto": "A ver, a ver, no seamos negativos.",
      "confianza": 0.228
    },
    {
      "hablante": "Hablante B",
      "inicio": 231.18,
      "fin": 234.11,
      "duracion": 2.92,
      "texto": "Vos decimes la dirección.",
      "confianza": 0.673
    },
    {
      "hablante": "Hablante B",
      "inicio": 234.83,
      "fin": 239.38,
      "duracion": 4.54,
      "texto": "Dale, padre.",
      "confianza": 0.546
    },
    {
      "hablante": "Hablante B",
      "inicio": 239.4,
      "fin": 239.46,
      "duracion": 0.06,
      "texto": "Sí.",
      "confianza": 0.024
    },
    {
      "hablante": "Hablante B",
      "inicio": 239.47,
      "fin": 241.96,
      "duracion": 2.48,
      "texto": "Este te adicto porque empieza con este.",
      "confianza": 0.463
    },
    {
      "hablante": "Hablante B",
      "inicio": 241.98,
      "fin": 242.74,
      "duracion": 0.76,
      "texto": "Stopler es, ¿viste?",
      "confianza": 0.57
    },
    {
      "hablante": "Hablante B",
      "inicio": 242.78,
      "fin": 248.57,
      "duracion": 5.79,
      "texto": "Pero no empieza con él, empieza con este.",
      "confianza": 0.588
    },
    {
      "hablante": "Hablante B",
      "inicio": 248.59,
      "fin": 248.83,
      "duracion": 0.24,
      "texto": "Ah, Stopler.",
      "confianza": 0.048
    },
    {
      "hablante": "Hablante B",
      "inicio": 248.85,
      "fin": 248.95,
      "duracion": 0.1,
      "texto": "Y WP.",
      "confianza": 0.046
    },
    {
      "hablante": "Hablante B",
      "inicio": 248.97,
      "fin": 249.33,
      "duracion": 0.36,
      "texto": "Ah, acá está.",
      "confianza": 0.174
    },
    {
      "hablante": "Hablante B",
      "inicio": 249.35,
      "fin": 249.67,
      "duracion": 0.32,
      "texto": "Sí.",
      "confianza": 0.724
    },
    {
      "hablante": "Hablante A",
      "inicio": 251.23,
      "fin": 251.39,
      "duracion": 0.16,
      "texto": "Stopler.",
      "confianza": 0.218
    },
    {
      "hablante": "Hablante A",
      "inicio": 251.47,
      "fin": 251.59,
      "duracion": 0.12,
      "texto": "217.",
      "confianza": 0.41
    },
    {
      "hablante": "Hablante A",
      "inicio": 251.61,
      "fin": 254.15,
      "duracion": 2.54,
      "texto": "217, ¿de qué localidad es?",
      "confianza": 0.691
    },
    {
      "hablante": "Hablante A",
      "inicio": 254.17,
      "fin": 256.98,
      "duracion": 2.8,
      "texto": "Granburgo, Malvinas, Argentina.",
      "confianza": 0.611
    },
    {
      "hablante": "Hablante A",
      "inicio": 257.0,
      "fin": 257.7,
      "duracion": 0.7,
      "texto": "Ah, bien, perfecto.",
      "confianza": 0.579
    },
    {
      "hablante": "Hablante B",
      "inicio": 262.22,
      "fin": 262.88,
      "duracion": 0.66,
      "texto": "¿El código postal es 16HINCEPLON?",
      "confianza": 0.006
    },
    {
      "hablante": "Hablante B",
      "inicio": 262.9,
      "fin": 262.96,
      "duracion": 0.06,
      "texto": "Sí.",
      "confianza": 0.33
    },
    {
      "hablante": "Hablante B",
      "inicio": 263.52,
      "fin": 264.7,
      "duracion": 1.18,
      "texto": "¿Y las entre calles?",
      "confianza": 0.754
    },
    {
      "hablante": "Hablante B",
      "inicio": 264.74,
      "fin": 267.3,
      "duracion": 2.56,
      "texto": "¿Me las podrías decir a ver si está correcto acá?",
      "confianza": 0.524
    },
    {
      "hablante": "Hablante B",
      "inicio": 267.32,
      "fin": 271.37,
      "duracion": 4.05,
      "texto": "Sí, almirante Brown y Alfredo Palacios.",
      "confianza": 0.554
    },
    {
      "hablante": "Hablante B",
      "inicio": 271.39,
      "fin": 272.95,
      "duracion": 1.56,
      "texto": "A ver, almirante Brown.",
      "confianza": 0.353
    },
    {
      "hablante": "Hablante B",
      "inicio": 272.97,
      "fin": 273.95,
      "duracion": 0.98,
      "texto": "Bien, perfecto.",
      "confianza": 0.614
    },
    {
      "hablante": "Hablante B",
      "inicio": 273.97,
      "fin": 274.75,
      "duracion": 0.78,
      "texto": "Entonces, dale.",
      "confianza": 0.732
    },
    {
      "hablante": "Hablante B",
      "inicio": 275.21,
      "fin": 278.62,
      "duracion": 3.4,
      "texto": "Yo ahora consulto lo que es, entonces, la cobertura.",
      "confianza": 0.675
    },
    {
      "hablante": "Hablante B",
      "inicio": 278.64,
      "fin": 279.86,
      "duracion": 1.22,
      "texto": "A ver, acá.",
      "confianza": 0.801
    },
    {
      "hablante": "Hablante B",
      "inicio": 279.88,
      "fin": 284.19,
      "duracion": 4.31,
      "texto": "¿Vos has visto ya el post de Movistar por ahí?",
      "confianza": 0.597
    },
    {
      "hablante": "Hablante B",
      "inicio": 284.2,
      "fin": 284.83,
      "duracion": 0.62,
      "texto": "No.",
      "confianza": 0.885
    },
    {
      "hablante": "Hablante B",
      "inicio": 284.85,
      "fin": 285.93,
      "duracion": 1.08,
      "texto": "No, no, no he visto.",
      "confianza": 0.716
    },
    {
      "hablante": "Hablante B",
      "inicio": 286.75,
      "fin": 287.29,
      "duracion": 0.54,
      "texto": "Bien, dale.",
      "confianza": 0.518
    },
    {
      "hablante": "Hablante B",
      "inicio": 287.31,
      "fin": 287.81,
      "duracion": 0.5,
      "texto": "No hay problema.",
      "confianza": 0.619
    },
    {
      "hablante": "Hablante B",
      "inicio": 287.93,
      "fin": 290.39,
      "duracion": 2.46,
      "texto": "Mira, yo ahora me cifo a guardarme.",
      "confianza": 0.756
    },
    {
      "hablante": "Hablante B",
      "inicio": 290.81,
      "fin": 292.06,
      "duracion": 1.24,
      "texto": "Espérate, que tengo que promover algo.",
      "confianza": 0.487
    },
    {
      "hablante": "Hablante B",
      "inicio": 293.22,
      "fin": 298.48,
      "duracion": 5.27,
      "texto": "Bien, con respecto a lo que es la línea tuya, la portabilidad.",
      "confianza": 0.709
    },
    {
      "hablante": "Hablante B",
      "inicio": 298.5,
      "fin": 306.39,
      "duracion": 7.89,
      "texto": "¿Vos te acordaste cuando estuviste en la compañía, dejaste algún saldo pendiente o no?",
      "confianza": 0.548
    },
    {
      "hablante": "Hablante B",
      "inicio": 306.41,
      "fin": 308.2,
      "duracion": 1.78,
      "texto": "Con otra línea dejé un saldo pendiente.",
      "confianza": 0.535
    },
    {
      "hablante": "Hablante A",
      "inicio": 309.96,
      "fin": 317.37,
      "duracion": 7.41,
      "texto": "No pude pagar porque me quedé sin trabajo y también fue el motivo.",
      "confianza": 0.805
    },
    {
      "hablante": "Hablante A",
      "inicio": 317.97,
      "fin": 324.42,
      "duracion": 6.45,
      "texto": "Sinceramente no tenía para pagar y me tuve que ir.",
      "confianza": 0.592
    },
    {
      "hablante": "Hablante A",
      "inicio": 324.44,
      "fin": 324.88,
      "duracion": 0.44,
      "texto": "Ah, claro.",
      "confianza": 0.346
    },
    {
      "hablante": "Hablante A",
      "inicio": 324.9,
      "fin": 328.81,
      "duracion": 3.9,
      "texto": "Pero ahora vos sos titular de una sola línea.",
      "confianza": 0.774
    },
    {
      "hablante": "Hablante A",
      "inicio": 328.83,
      "fin": 330.27,
      "duracion": 1.44,
      "texto": "Sí, tengo esta sola.",
      "confianza": 0.446
    },
    {
      "hablante": "Hablante A",
      "inicio": 330.29,
      "fin": 330.83,
      "duracion": 0.54,
      "texto": "Esta sola.",
      "confianza": 0.47
    },
    {
      "hablante": "Hablante A",
      "inicio": 330.85,
      "fin": 331.57,
      "duracion": 0.72,
      "texto": "Bien, perfecto.",
      "confianza": 0.762
    },
    {
      "hablante": "Hablante A",
      "inicio": 331.99,
      "fin": 337.68,
      "duracion": 5.69,
      "texto": "Mira, mientras mí me verifican lo que sería la cobertura, a ver si tenés fibra.",
      "confianza": 0.656
    },
    {
      "hablante": "Hablante A",
      "inicio": 337.7,
      "fin": 339.3,
      "duracion": 1.6,
      "texto": "Vamos a ser positivas.",
      "confianza": 0.699
    },
    {
      "hablante": "Hablante A",
      "inicio": 339.32,
      "fin": 343.99,
      "duracion": 4.67,
      "texto": "Bueno, mientras me verifican esto, vos te consulto.",
      "confianza": 0.691
    },
    {
      "hablante": "Hablante A",
      "inicio": 344.0,
      "fin": 347.71,
      "duracion": 3.7,
      "texto": "¿Vos tenés chip físico o tenés chip virtual?",
      "confianza": 0.637
    },
    {
      "hablante": "Hablante B",
      "inicio": 349.95,
      "fin": 353.04,
      "duracion": 3.08,
      "texto": "No, no, tengo el chip físico, de claro.",
      "confianza": 0.146
    },
    {
      "hablante": "Hablante B",
      "inicio": 353.06,
      "fin": 353.86,
      "duracion": 0.8,
      "texto": "El chip físico.",
      "confianza": 0.661
    },
    {
      "hablante": "Hablante B",
      "inicio": 353.88,
      "fin": 357.02,
      "duracion": 3.14,
      "texto": "Bien, ¿me dijiste de qué localidad sos?",
      "confianza": 0.49
    },
    {
      "hablante": "Hablante B",
      "inicio": 357.04,
      "fin": 359.35,
      "duracion": 2.3,
      "texto": "Ambur, Molinas, Argentina.",
      "confianza": 0.729
    },
    {
      "hablante": "Hablante B",
      "inicio": 359.37,
      "fin": 360.27,
      "duracion": 0.9,
      "texto": "Ambur.",
      "confianza": 0.368
    },
    {
      "hablante": "Hablante B",
      "inicio": 360.29,
      "fin": 363.23,
      "duracion": 2.94,
      "texto": "Ambur.",
      "confianza": 0.285
    },
    {
      "hablante": "Hablante B",
      "inicio": 363.25,
      "fin": 363.53,
      "duracion": 0.28,
      "texto": "Ambur.",
      "confianza": 0.218
    },
    {
      "hablante": "Hablante B",
      "inicio": 363.55,
      "fin": 366.19,
      "duracion": 2.64,
      "texto": "Granbur.",
      "confianza": 0.484
    },
    {
      "hablante": "Hablante B",
      "inicio": 366.21,
      "fin": 366.45,
      "duracion": 0.24,
      "texto": "Ah, Granbur.",
      "confianza": 0.03
    },
    {
      "hablante": "Hablante B",
      "inicio": 366.48,
      "fin": 367.28,
      "duracion": 0.8,
      "texto": "Mira, nunca había escuchado eso de Gran.",
      "confianza": 0.016
    },
    {
      "hablante": "Hablante B",
      "inicio": 367.3,
      "fin": 368.66,
      "duracion": 1.36,
      "texto": "Ah, acá está, sí.",
      "confianza": 0.35
    },
    {
      "hablante": "Hablante B",
      "inicio": 369.12,
      "fin": 370.5,
      "duracion": 1.38,
      "texto": "Bien, ¿por qué te pregunto esto?",
      "confianza": 0.74
    },
    {
      "hablante": "Hablante B",
      "inicio": 370.58,
      "fin": 375.51,
      "duracion": 4.93,
      "texto": "Porque te estoy buscando en la sucursal más cercana a tu domicilio que te venga cómoda, ¿viste?",
      "confianza": 0.624
    },
    {
      "hablante": "Hablante B",
      "inicio": 375.53,
      "fin": 376.97,
      "duracion": 1.44,
      "texto": "Porque es lo más rápido que tenemos.",
      "confianza": 0.91
    },
    {
      "hablante": "Hablante B",
      "inicio": 377.27,
      "fin": 388.34,
      "duracion": 11.07,
      "texto": "lo que son los chips, acá los chips que vos lo vayas a buscar en la sucursal, que son de 48... Sí, sí, eso te estamos por comentar.",
      "confianza": 0.538
    },
    {
      "hablante": "Hablante B",
      "inicio": 388.36,
      "fin": 392.13,
      "duracion": 3.76,
      "texto": "¿Qué está en adredía Presidente Juan Domingo Perón 3309?",
      "confianza": 0.784
    },
    {
      "hablante": "Hablante B",
      "inicio": 392.15,
      "fin": 395.07,
      "duracion": 2.92,
      "texto": "¿Se te viene cómodo, Flor?",
      "confianza": 0.551
    },
    {
      "hablante": "Hablante B",
      "inicio": 395.09,
      "fin": 396.13,
      "duracion": 1.04,
      "texto": "Sí, también.",
      "confianza": 0.67
    },
    {
      "hablante": "Hablante B",
      "inicio": 396.15,
      "fin": 396.85,
      "duracion": 0.7,
      "texto": "Bien, perfecto.",
      "confianza": 0.623
    },
    {
      "hablante": "Hablante B",
      "inicio": 397.79,
      "fin": 402.42,
      "duracion": 4.62,
      "texto": "Mira, lo que va a pasar es que te van a enviar un mensajito un día antes desde la sucursal diciéndote",
      "confianza": 0.705
    },
    {
      "hablante": "Hablante B",
      "inicio": 402.72,
      "fin": 406.62,
      "duracion": 3.9,
      "texto": "Mira, ya está el chip acá, podés venir a retirarlo a partir de mañana.",
      "confianza": 0.642
    },
    {
      "hablante": "Hablante B",
      "inicio": 406.94,
      "fin": 414.09,
      "duracion": 7.15,
      "texto": "No te preocupes que si no te llega este mensajito, yo voy a ver lo que es su gestión y te voy a decir cualquier cosita.",
      "confianza": 0.74
    },
    {
      "hablante": "Hablante B",
      "inicio": 414.17,
      "fin": 416.65,
      "duracion": 2.48,
      "texto": "Mira, ya está aprobado, no hace falta que te llegue el mensajito.",
      "confianza": 0.614
    },
    {
      "hablante": "Hablante B",
      "inicio": 417.59,
      "fin": 422.86,
      "duracion": 5.26,
      "texto": "Vos directamente podés ir a partir de mañana, ¿bien?",
      "confianza": 0.707
    },
    {
      "hablante": "Hablante B",
      "inicio": 422.88,
      "fin": 423.0,
      "duracion": 0.12,
      "texto": "Bueno.",
      "confianza": 0.012
    },
    {
      "hablante": "Hablante B",
      "inicio": 423.02,
      "fin": 424.6,
      "duracion": 1.58,
      "texto": "¿No termina en 577, Llor?",
      "confianza": 0.56
    },
    {
      "hablante": "Hablante B",
      "inicio": 424.62,
      "fin": 424.68,
      "duracion": 0.06,
      "texto": "Sí.",
      "confianza": 0.651
    },
    {
      "hablante": "Hablante B",
      "inicio": 424.8,
      "fin": 429.44,
      "duracion": 4.64,
      "texto": "Bien, mira, te voy a enviar un mensajito acá.",
      "confianza": 0.469
    },
    {
      "hablante": "Hablante B",
      "inicio": 429.46,
      "fin": 432.51,
      "duracion": 3.04,
      "texto": "Entonces, me dijiste que te viene cómoda la sucursal que te dije",
      "confianza": 0.74
    },
    {
      "hablante": "Hablante B",
      "inicio": 432.94,
      "fin": 433.94,
      "duracion": 1.0,
      "texto": "¿Es un Domingo Perón?",
      "confianza": 0.35
    },
    {
      "hablante": "Hablante A",
      "inicio": 435.87,
      "fin": 437.49,
      "duracion": 1.62,
      "texto": "Sí, esa es acá en Granbur, ¿no?",
      "confianza": 0.336
    },
    {
      "hablante": "Hablante A",
      "inicio": 437.55,
      "fin": 440.63,
      "duracion": 3.08,
      "texto": "Porque yo sé que ahí viene Francisco Sevilla, que está enfrente de la estación.",
      "confianza": 0.623
    },
    {
      "hablante": "Hablante B",
      "inicio": 442.21,
      "fin": 444.6,
      "duracion": 2.38,
      "texto": "Si querés, buscamos cuál es la que te viene más cómoda.",
      "confianza": 0.65
    },
    {
      "hablante": "Hablante B",
      "inicio": 444.68,
      "fin": 448.56,
      "duracion": 3.88,
      "texto": "Pero sí, yo puse Granbur y me viene... Ah, a ver, no.",
      "confianza": 0.686
    },
    {
      "hablante": "Hablante B",
      "inicio": 449.06,
      "fin": 451.42,
      "duracion": 2.36,
      "texto": "Están los polvorines, jefe.",
      "confianza": 0.602
    },
    {
      "hablante": "Hablante B",
      "inicio": 451.44,
      "fin": 455.19,
      "duracion": 3.74,
      "texto": "Claro, me parecía, porque la principal de polvorines es Perón.",
      "confianza": 0.644
    },
    {
      "hablante": "Hablante B",
      "inicio": 456.42,
      "fin": 459.48,
      "duracion": 3.06,
      "texto": "Ah, no, claro, pero no me sale.",
      "confianza": 0.59
    },
    {
      "hablante": "Hablante B",
      "inicio": 459.78,
      "fin": 462.52,
      "duracion": 2.74,
      "texto": "Pero si querés, podemos buscar a ver qué es Perón.",
      "confianza": 0.64
    },
    {
      "hablante": "Hablante B",
      "inicio": 463.11,
      "fin": 467.91,
      "duracion": 4.81,
      "texto": "Ah, bueno, si no es que nada, pero si yo me tengo que ir a trabajar, paso, lo busco y me voy a trabajar.",
      "confianza": 0.53
    },
    {
      "hablante": "Hablante B",
      "inicio": 468.49,
      "fin": 471.88,
      "duracion": 3.38,
      "texto": "Ah, claro, si te viene más cómoda de Perón la buscamos.",
      "confianza": 0.239
    },
    {
      "hablante": "Hablante B",
      "inicio": 471.9,
      "fin": 474.82,
      "duracion": 2.93,
      "texto": "La de Francisco Seguí.",
      "confianza": 0.277
    },
    {
      "hablante": "Hablante B",
      "inicio": 474.84,
      "fin": 476.36,
      "duracion": 1.52,
      "texto": "¿Cómo es entonces la dirección?",
      "confianza": 0.874
    },
    {
      "hablante": "Hablante B",
      "inicio": 476.38,
      "fin": 482.01,
      "duracion": 5.63,
      "texto": "La de Francisco Seguí, la de la altura, no sé.",
      "confianza": 0.651
    },
    {
      "hablante": "Hablante B",
      "inicio": 482.03,
      "fin": 483.98,
      "duracion": 1.94,
      "texto": "No me acuerdo.",
      "confianza": 0.372
    },
    {
      "hablante": "Hablante B",
      "inicio": 484.0,
      "fin": 484.84,
      "duracion": 0.84,
      "texto": "Bien, bien, Francisco...",
      "confianza": 0.069
    },
    {
      "hablante": "Hablante A",
      "inicio": 487.58,
      "fin": 494.21,
      "duracion": 6.63,
      "texto": "Francisco Serín me dijiste?",
      "confianza": 0.311
    },
    {
      "hablante": "Hablante A",
      "inicio": 494.23,
      "fin": 494.51,
      "duracion": 0.28,
      "texto": "Sí.",
      "confianza": 0.404
    },
    {
      "hablante": "Hablante A",
      "inicio": 494.53,
      "fin": 496.53,
      "duracion": 2.0,
      "texto": "Ah, bien.",
      "confianza": 0.32
    },
    {
      "hablante": "Hablante A",
      "inicio": 496.55,
      "fin": 502.26,
      "duracion": 5.71,
      "texto": "Bueno, esa es.",
      "confianza": 0.383
    },
    {
      "hablante": "Hablante A",
      "inicio": 502.28,
      "fin": 502.48,
      "duracion": 0.2,
      "texto": "A ver acá.",
      "confianza": 0.012
    },
    {
      "hablante": "Hablante A",
      "inicio": 502.5,
      "fin": 502.8,
      "duracion": 0.3,
      "texto": "Vamos a buscar.",
      "confianza": 0.005
    },
    {
      "hablante": "Hablante A",
      "inicio": 502.82,
      "fin": 503.02,
      "duracion": 0.2,
      "texto": "A ver acá.",
      "confianza": 0.04
    },
    {
      "hablante": "Hablante A",
      "inicio": 503.04,
      "fin": 506.04,
      "duracion": 3.0,
      "texto": "Avenida Corrientes, Avenida San Martín, Avenida Rirada y Avenida Las Heras.",
      "confianza": 0.311
    },
    {
      "hablante": "Hablante B",
      "inicio": 507.7,
      "fin": 510.18,
      "duracion": 2.48,
      "texto": "No, no me sale.",
      "confianza": 0.108
    },
    {
      "hablante": "Hablante B",
      "inicio": 510.2,
      "fin": 510.26,
      "duracion": 0.06,
      "texto": "No?",
      "confianza": 0.047
    },
    {
      "hablante": "Hablante B",
      "inicio": 510.28,
      "fin": 511.14,
      "duracion": 0.86,
      "texto": "Bueno, no pasa nada.",
      "confianza": 0.313
    },
    {
      "hablante": "Hablante B",
      "inicio": 511.17,
      "fin": 516.73,
      "duracion": 5.56,
      "texto": "Y lo estoy buscando justo acá en la página que tenemos nosotros de lo que son los sucursales de Modestar.",
      "confianza": 0.672
    },
    {
      "hablante": "Hablante B",
      "inicio": 517.25,
      "fin": 524.88,
      "duracion": 7.63,
      "texto": "Pero mira, podemos poner por el momento de estar y si le encuentro eso que dijiste, directamente podés ir ahí, ¿bien?",
      "confianza": 0.638
    },
    {
      "hablante": "Hablante B",
      "inicio": 525.78,
      "fin": 526.78,
      "duracion": 1.0,
      "texto": "Entonces, mira.",
      "confianza": 0.744
    },
    {
      "hablante": "Hablante B",
      "inicio": 526.94,
      "fin": 531.51,
      "duracion": 4.57,
      "texto": "Entonces, bueno, mira, te envío un mensajito acá que dice, soy Belén.",
      "confianza": 0.639
    },
    {
      "hablante": "Hablante B",
      "inicio": 532.59,
      "fin": 536.96,
      "duracion": 4.37,
      "texto": "Espera, me dijiste, San Francisco City, ¿eso de qué localidad es?",
      "confianza": 0.588
    },
    {
      "hablante": "Hablante B",
      "inicio": 536.98,
      "fin": 538.74,
      "duracion": 1.76,
      "texto": "Capaz que porque no le puse con la calidad.",
      "confianza": 0.688
    },
    {
      "hablante": "Hablante A",
      "inicio": 546.15,
      "fin": 546.31,
      "duracion": 0.16,
      "texto": "Granbur.",
      "confianza": 0.0
    },
    {
      "hablante": "Hablante A",
      "inicio": 546.33,
      "fin": 546.45,
      "duracion": 0.12,
      "texto": "A ver.",
      "confianza": 0.0
    },
    {
      "hablante": "Hablante A",
      "inicio": 546.47,
      "fin": 546.63,
      "duracion": 0.16,
      "texto": "Granbur.",
      "confianza": 0.0
    },
    {
      "hablante": "Hablante A",
      "inicio": 546.65,
      "fin": 546.75,
      "duracion": 0.1,
      "texto": "Bien.",
      "confianza": 0.199
    },
    {
      "hablante": "Hablante A",
      "inicio": 547.24,
      "fin": 562.28,
      "duracion": 15.04,
      "texto": "Mira, lo que yo te voy a pedir ahora sería, yo ahora te voy a leer lo que es el cierre comercial o el bono de calidad, que es un pequeño texto que yo te voy a estar leyendo, que es lo que vos estás contratando como un respaldo para vos, ¿bien?",
      "confianza": 0.611
    },
    {
      "hablante": "Hablante A",
      "inicio": 562.32,
      "fin": 573.27,
      "duracion": 10.96,
      "texto": "Entonces, lo que yo precisaría de vos en estos momentos sería si vos tenés tu documento a mano, que es para sacarme la fotito del frente del usuario que tenéis, que es para verificar que vos sos la titular de la línea, ¿bien?",
      "confianza": 0.639
    },
    {
      "hablante": "Hablante A",
      "inicio": 573.91,
      "fin": 574.91,
      "duracion": 1.0,
      "texto": "Nada más que para eso.",
      "confianza": 0.777
    },
    {
      "hablante": "Hablante A",
      "inicio": 575.6,
      "fin": 582.71,
      "duracion": 7.11,
      "texto": "Si querés lo podés enviar después de que yo te lea lo que es el cierre comercial o si querés, mientras yo te lo leo, vos lo podés ir mandando.",
      "confianza": 0.731
    },
    {
      "hablante": "Hablante A",
      "inicio": 582.73,
      "fin": 584.82,
      "duracion": 2.08,
      "texto": "No hay ningún problema, como a usted venga más cómodo.",
      "confianza": 0.6
    },
    {
      "hablante": "Hablante A",
      "inicio": 585.7,
      "fin": 586.12,
      "duracion": 0.42,
      "texto": "Bueno, ¿sabes qué?",
      "confianza": 0.283
    },
    {
      "hablante": "Hablante A",
      "inicio": 586.2,
      "fin": 587.7,
      "duracion": 1.5,
      "texto": "Ahora sí, justo de tiempo.",
      "confianza": 0.412
    },
    {
      "hablante": "Hablante A",
      "inicio": 587.72,
      "fin": 591.79,
      "duracion": 4.07,
      "texto": "¿Puede ser que me llames más tarde o mañana?",
      "confianza": 0.558
    },
    {
      "hablante": "Hablante A",
      "inicio": 591.81,
      "fin": 593.75,
      "duracion": 1.94,
      "texto": "Por favor, porque me tengo que ir a trabajarte.",
      "confianza": 0.144
    },
    {
      "hablante": "Hablante A",
      "inicio": 593.77,
      "fin": 600.12,
      "duracion": 6.35,
      "texto": "Bien, mira, yo ahora te leo lo que es el cierre comercial y vos cuando puedas en el transcurso me lo podés enviar, ¿bien?",
      "confianza": 0.735
    },
    {
      "hablante": "Hablante A",
      "inicio": 600.14,
      "fin": 600.84,
      "duracion": 0.7,
      "texto": "No hay ningún problema.",
      "confianza": 0.308
    },
    {
      "hablante": "Hablante A",
      "inicio": 601.08,
      "fin": 601.98,
      "duracion": 0.9,
      "texto": "Bien, mira, entonces.",
      "confianza": 0.703
    },
    {
      "hablante": "Hablante A",
      "inicio": 602.37,
      "fin": 611.3,
      "duracion": 8.93,
      "texto": "Estamos portando la línea 11-69-71-25-77 a nombre y apellido de la titular Florencia Celeda-Bonzález, ¿es correcto?",
      "confianza": 0.707
    },
    {
      "hablante": "Hablante A",
      "inicio": 612.64,
      "fin": 612.7,
      "duracion": 0.06,
      "texto": "Sí.",
      "confianza": 0.029
    },
    {
      "hablante": "Hablante A",
      "inicio": 612.72,
      "fin": 613.76,
      "duracion": 1.04,
      "texto": "Bien, por favor, me confirmo.",
      "confianza": 0.576
    },
    {
      "hablante": "Hablante A",
      "inicio": 613.78,
      "fin": 619.43,
      "duracion": 5.65,
      "texto": "¿Algún último, tres dígitos de tu N.I.?",
      "confianza": 0.712
    },
    {
      "hablante": "Hablante A",
      "inicio": 619.45,
      "fin": 619.53,
      "duracion": 0.08,
      "texto": "092.",
      "confianza": 0.083
    },
    {
      "hablante": "Hablante A",
      "inicio": 619.55,
      "fin": 621.45,
      "duracion": 1.9,
      "texto": "Bien, perfecto.",
      "confianza": 0.402
    },
    {
      "hablante": "Hablante A",
      "inicio": 621.47,
      "fin": 623.43,
      "duracion": 1.96,
      "texto": "Me dijiste que tu compañía en estos momentos es claro.",
      "confianza": 0.586
    },
    {
      "hablante": "Hablante A",
      "inicio": 623.83,
      "fin": 626.03,
      "duracion": 2.2,
      "texto": "Me comentaste que contás con factura mensal.",
      "confianza": 0.643
    },
    {
      "hablante": "Hablante A",
      "inicio": 626.05,
      "fin": 628.14,
      "duracion": 2.08,
      "texto": "¿La factura está a tu nombre o al nombre de otra persona?",
      "confianza": 0.697
    },
    {
      "hablante": "Hablante A",
      "inicio": 629.26,
      "fin": 629.96,
      "duracion": 0.7,
      "texto": "A mi nombre.",
      "confianza": 0.362
    },
    {
      "hablante": "Hablante A",
      "inicio": 629.98,
      "fin": 631.16,
      "duracion": 1.18,
      "texto": "Al nombre tuyo, perfecto.",
      "confianza": 0.817
    },
    {
      "hablante": "Hablante A",
      "inicio": 631.34,
      "fin": 634.0,
      "duracion": 2.66,
      "texto": "Bien, ¿vos poseéis chip físico o chip escinio?",
      "confianza": 0.533
    },
    {
      "hablante": "Hablante A",
      "inicio": 634.02,
      "fin": 637.31,
      "duracion": 3.28,
      "texto": "Y le has dicho que chip físico, ¿o no?",
      "confianza": 0.458
    },
    {
      "hablante": "Hablante A",
      "inicio": 637.33,
      "fin": 637.39,
      "duracion": 0.06,
      "texto": "Sí.",
      "confianza": 0.04
    },
    {
      "hablante": "Hablante A",
      "inicio": 637.41,
      "fin": 638.27,
      "duracion": 0.86,
      "texto": "Bien, perfecto.",
      "confianza": 0.831
    },
    {
      "hablante": "Hablante A",
      "inicio": 638.31,
      "fin": 647.3,
      "duracion": 8.99,
      "texto": "Entonces, quedamos en que vos vas a ir a retirar el chip en la sucusa que queda en Avenida Presidente Juan Domingo Perón 3309, de Granbur, provincia de Buenos Aires.",
      "confianza": 0.628
    },
    {
      "hablante": "Hablante A",
      "inicio": 647.32,
      "fin": 647.98,
      "duracion": 0.66,
      "texto": "¿Eso es correcto?",
      "confianza": 0.483
    },
    {
      "hablante": "Hablante B",
      "inicio": 652.98,
      "fin": 653.18,
      "duracion": 0.2,
      "texto": "Perón, no.",
      "confianza": 0.014
    },
    {
      "hablante": "Hablante B",
      "inicio": 653.2,
      "fin": 654.02,
      "duracion": 0.82,
      "texto": "No, Granbur no.",
      "confianza": 0.309
    },
    {
      "hablante": "Hablante B",
      "inicio": 654.04,
      "fin": 657.92,
      "duracion": 3.88,
      "texto": "No es Perón.",
      "confianza": 0.381
    },
    {
      "hablante": "Hablante B",
      "inicio": 657.95,
      "fin": 658.59,
      "duracion": 0.64,
      "texto": "La de Perón es de polvorines.",
      "confianza": 0.026
    },
    {
      "hablante": "Hablante B",
      "inicio": 658.63,
      "fin": 659.05,
      "duracion": 0.42,
      "texto": "Claro.",
      "confianza": 0.627
    },
    {
      "hablante": "Hablante B",
      "inicio": 659.07,
      "fin": 659.33,
      "duracion": 0.26,
      "texto": "Claro, claro.",
      "confianza": 0.015
    },
    {
      "hablante": "Hablante B",
      "inicio": 659.35,
      "fin": 661.03,
      "duracion": 1.68,
      "texto": "Es de los polvorines, entonces.",
      "confianza": 0.722
    },
    {
      "hablante": "Hablante B",
      "inicio": 662.07,
      "fin": 663.29,
      "duracion": 1.22,
      "texto": "En la localidad de Los Polvorines.",
      "confianza": 0.34
    },
    {
      "hablante": "Hablante B",
      "inicio": 663.43,
      "fin": 663.79,
      "duracion": 0.36,
      "texto": "Ahí está.",
      "confianza": 0.2
    },
    {
      "hablante": "Hablante B",
      "inicio": 663.85,
      "fin": 665.68,
      "duracion": 1.82,
      "texto": "Ahí está, correcto.",
      "confianza": 0.616
    },
    {
      "hablante": "Hablante B",
      "inicio": 666.1,
      "fin": 667.58,
      "duracion": 1.48,
      "texto": "Bien, perfecto.",
      "confianza": 0.398
    },
    {
      "hablante": "Hablante B",
      "inicio": 667.6,
      "fin": 667.86,
      "duracion": 0.26,
      "texto": "Entonces ahí.",
      "confianza": 0.048
    },
    {
      "hablante": "Hablante B",
      "inicio": 667.88,
      "fin": 669.42,
      "duracion": 1.54,
      "texto": "Bien, entonces.",
      "confianza": 0.478
    },
    {
      "hablante": "Hablante B",
      "inicio": 669.44,
      "fin": 676.59,
      "duracion": 7.15,
      "texto": "Te recuerdo que el costo del servicio al día de hoy es de 7,460 pesos porque vos adquirís un descuento fijo por tres meses de 30,140 pesos.",
      "confianza": 0.7
    },
    {
      "hablante": "Hablante B",
      "inicio": 676.99,
      "fin": 688.04,
      "duracion": 11.05,
      "texto": "Te recuerdo que el servicio de su factura me sale adelantado y el plan que vos estés contratando consta de cuatro chidas base más cuatro chidas de regalo por seis meses, los cuales en su último se van a editar 48 horas después de activar la línea.",
      "confianza": 0.612
    },
    {
      "hablante": "Hablante B",
      "inicio": 688.06,
      "fin": 689.07,
      "duracion": 1.0,
      "texto": "Bien.",
      "confianza": 0.861
    },
    {
      "hablante": "Hablante B",
      "inicio": 689.09,
      "fin": 691.59,
      "duracion": 2.5,
      "texto": "Un mail que vos me puedas proporcionar",
      "confianza": 0.75
    },
    {
      "hablante": "Hablante B",
      "inicio": 691.82,
      "fin": 693.87,
      "duracion": 2.04,
      "texto": "que vos tengas activo, ¿cuál podría ser?",
      "confianza": 0.57
    },
    {
      "hablante": "Hablante A",
      "inicio": 696.07,
      "fin": 697.97,
      "duracion": 1.9,
      "texto": "¿No te salta bien los datos que yo tenía?",
      "confianza": 0.52
    },
    {
      "hablante": "Hablante A",
      "inicio": 699.33,
      "fin": 701.88,
      "duracion": 2.54,
      "texto": "No los he buscado porque estaba buscando la sucursal.",
      "confianza": 0.75
    },
    {
      "hablante": "Hablante A",
      "inicio": 702.9,
      "fin": 704.2,
      "duracion": 1.3,
      "texto": "Ah, bueno, bueno, bueno.",
      "confianza": 0.184
    },
    {
      "hablante": "Hablante A",
      "inicio": 704.22,
      "fin": 706.49,
      "duracion": 2.26,
      "texto": "Pero si querés... No, porque ahora estoy con él.",
      "confianza": 0.351
    },
    {
      "hablante": "Hablante A",
      "inicio": 706.5,
      "fin": 707.41,
      "duracion": 0.9,
      "texto": "Sí, no, pasa que estoy con él.",
      "confianza": 0.549
    },
    {
      "hablante": "Hablante A",
      "inicio": 707.43,
      "fin": 708.79,
      "duracion": 1.36,
      "texto": "Tengo un muy justo después.",
      "confianza": 0.574
    },
    {
      "hablante": "Hablante A",
      "inicio": 708.81,
      "fin": 710.93,
      "duracion": 2.12,
      "texto": "Si me podés llamar, porque me tengo que ir.",
      "confianza": 0.351
    },
    {
      "hablante": "Hablante A",
      "inicio": 710.95,
      "fin": 712.25,
      "duracion": 1.3,
      "texto": "Dale, mira, entonces no hay problema.",
      "confianza": 0.588
    },
    {
      "hablante": "Hablante A",
      "inicio": 712.27,
      "fin": 713.82,
      "duracion": 1.54,
      "texto": "Te agradezco.",
      "confianza": 0.347
    },
    {
      "hablante": "Hablante A",
      "inicio": 713.84,
      "fin": 715.26,
      "duracion": 1.42,
      "texto": "Esperá, ya termino.",
      "confianza": 0.605
    },
    {
      "hablante": "Hablante A",
      "inicio": 715.28,
      "fin": 716.04,
      "duracion": 0.76,
      "texto": "Uy, ya termino.",
      "confianza": 0.241
    },
    {
      "hablante": "Hablante A",
      "inicio": 716.29,
      "fin": 720.32,
      "duracion": 4.03,
      "texto": "Estarás recibiendo tu facturación de la línea a través del Medicaid y los problemas proporcionados.",
      "confianza": 0.375
    },
    {
      "hablante": "Hablante A",
      "inicio": 720.51,
      "fin": 722.86,
      "duracion": 2.34,
      "texto": "Si es el mismo, lo podemos buscar ahí bien.",
      "confianza": 0.5
    },
    {
      "hablante": "Hablante A",
      "inicio": 723.38,
      "fin": 731.19,
      "duracion": 7.81,
      "texto": "Entonces, la aplicación mismo va a estar ingresando a la sección servicios, con toda la información que tendrás al día de tu factura, ya sea tu ciclo de facturación, tu vencimiento y tus montos a pagar.",
      "confianza": 0.524
    },
    {
      "hablante": "Hablante A",
      "inicio": 731.29,
      "fin": 737.5,
      "duracion": 6.21,
      "texto": "También, si quieres producirte el crédito automático, puedes activar la institución de regalo con una duración de 30 días, una vez al año.",
      "confianza": 0.576
    },
    {
      "hablante": "Hablante A",
      "inicio": 738.08,
      "fin": 743.45,
      "duracion": 5.37,
      "texto": "Con respecto a la portabilidad, una vez aprobada la portabilidad, su línea aportará a las 48 horas árabilas,",
      "confianza": 0.684
    },
    {
      "hablante": "Hablante A",
      "inicio": 743.68,
      "fin": 748.02,
      "duracion": 4.35,
      "texto": "Un día antes, por mensajito, vas a monetar informándote la fecha de portabilidad para que te quedes tranquila.",
      "confianza": 0.513
    },
    {
      "hablante": "Hablante A",
      "inicio": 748.44,
      "fin": 751.41,
      "duracion": 2.96,
      "texto": "Es importante que no coloques el chip antes de la fecha informada.",
      "confianza": 0.662
    },
    {
      "hablante": "Hablante A",
      "inicio": 751.61,
      "fin": 757.35,
      "duracion": 5.75,
      "texto": "De todas maneras, te vas a dar cuenta porque te delineas de clara la fecha de recibir señal y recién ahí es cuando debes colocarlo.",
      "confianza": 0.571
    },
    {
      "hablante": "Hablante A",
      "inicio": 757.84,
      "fin": 768.17,
      "duracion": 10.33,
      "texto": "Se comentó que por unos meses deberás validar identidad de la actualidad y en caso de que tengas alguna dificultad con la validación, intentalo nuevamente o comunícate al 0800-3676-7822 o en 4.",
      "confianza": 0.517
    },
    {
      "hablante": "Hablante A",
      "inicio": 768.53,
      "fin": 771.8,
      "duracion": 3.26,
      "texto": "Le solicitamos que en caso de no levantar señal, reinicies el equipo, por favor.",
      "confianza": 0.486
    },
    {
      "hablante": "Hablante A",
      "inicio": 771.96,
      "fin": 776.68,
      "duracion": 4.73,
      "texto": "Y por último, por otro lado, dentro de los próximos días, recibirás una encuesta de satisfacción por medio WhatsApp.",
      "confianza": 0.673
    },
    {
      "hablante": "Hablante A",
      "inicio": 776.7,
      "fin": 780.29,
      "duracion": 3.58,
      "texto": "Le solicitamos, por favor, que la completes, ya que tu opinión es muy importante para la empresa.",
      "confianza": 0.638
    },
    {
      "hablante": "Hablante A",
      "inicio": 780.41,
      "fin": 782.49,
      "duracion": 2.08,
      "texto": "Bien, yo ahí te estoy viendo el mensajito.",
      "confianza": 0.613
    },
    {
      "hablante": "Hablante A",
      "inicio": 783.09,
      "fin": 786.48,
      "duracion": 3.38,
      "texto": "Mira, ahora tiro a llevar un mensajito del remitente más 223.",
      "confianza": 0.62
    },
    {
      "hablante": "Hablante A",
      "inicio": 786.5,
      "fin": 791.44,
      "duracion": 4.95,
      "texto": "¿Has podido fijarte si te llegó?",
      "confianza": 0.37
    },
    {
      "hablante": "Hablante A",
      "inicio": 791.46,
      "fin": 791.68,
      "duracion": 0.22,
      "texto": "Eso me dio.",
      "confianza": 0.018
    },
    {
      "hablante": "Hablante A",
      "inicio": 791.7,
      "fin": 795.83,
      "duracion": 4.12,
      "texto": "Bien, es para verificar que tu línea está activa y para que no te cambie el numerito de teléfono.",
      "confianza": 0.71
    },
    {
      "hablante": "Hablante B",
      "inicio": 797.53,
      "fin": 800.11,
      "duracion": 2.58,
      "texto": "Es un SMS común.",
      "confianza": 0.66
    },
    {
      "hablante": "Hablante B",
      "inicio": 800.13,
      "fin": 803.66,
      "duracion": 3.52,
      "texto": "Tu código de portabilidad me llegó.",
      "confianza": 0.448
    },
    {
      "hablante": "Hablante B",
      "inicio": 803.68,
      "fin": 806.74,
      "duracion": 3.06,
      "texto": "Sí, te dice tu código de portabilidades.",
      "confianza": 0.405
    },
    {
      "hablante": "Hablante B",
      "inicio": 806.76,
      "fin": 807.38,
      "duracion": 0.62,
      "texto": "¿Qué te dice?",
      "confianza": 0.683
    },
    {
      "hablante": "Hablante A",
      "inicio": 810.75,
      "fin": 812.37,
      "duracion": 1.62,
      "texto": "Disculpame, no te escuché.",
      "confianza": 0.253
    },
    {
      "hablante": "Hablante A",
      "inicio": 812.39,
      "fin": 816.74,
      "duracion": 4.35,
      "texto": "Bien, te estaba diciendo que es tu primer mensajito y se me lo podés leer.",
      "confianza": 0.59
    },
    {
      "hablante": "Hablante A",
      "inicio": 816.76,
      "fin": 819.84,
      "duracion": 3.09,
      "texto": "¿Qué te dice el mensajito?",
      "confianza": 0.352
    },
    {
      "hablante": "Hablante A",
      "inicio": 819.86,
      "fin": 822.04,
      "duracion": 2.18,
      "texto": "Su código de portabilidades es 4287.",
      "confianza": 0.533
    },
    {
      "hablante": "Hablante A",
      "inicio": 822.07,
      "fin": 825.61,
      "duracion": 3.54,
      "texto": "Con vencimiento el 26 de junio.",
      "confianza": 0.452
    },
    {
      "hablante": "Hablante A",
      "inicio": 826.47,
      "fin": 828.15,
      "duracion": 1.68,
      "texto": "¿Cuarenta y dos, sesenta y siete me dijiste?",
      "confianza": 0.599
    },
    {
      "hablante": "Hablante A",
      "inicio": 829.09,
      "fin": 830.93,
      "duracion": 1.84,
      "texto": "Cuarenta y dos, ochenta y siete.",
      "confianza": 0.333
    },
    {
      "hablante": "Hablante A",
      "inicio": 830.95,
      "fin": 831.95,
      "duracion": 1.0,
      "texto": "Ochenta y siete, perfecto.",
      "confianza": 0.69
    },
    {
      "hablante": "Hablante A",
      "inicio": 831.97,
      "fin": 833.46,
      "duracion": 1.48,
      "texto": "¿Y en qué horario te dice?",
      "confianza": 0.604
    },
    {
      "hablante": "Hablante B",
      "inicio": 838.16,
      "fin": 839.1,
      "duracion": 0.94,
      "texto": "El veintiséis del uno a las dos y veinticuatro.",
      "confianza": 0.001
    },
    {
      "hablante": "Hablante B",
      "inicio": 839.12,
      "fin": 839.78,
      "duracion": 0.66,
      "texto": "Bien, perfecto.",
      "confianza": 0.35
    },
    {
      "hablante": "Hablante B",
      "inicio": 839.8,
      "fin": 841.91,
      "duracion": 2.1,
      "texto": "¿Vos a eso le podéis sacar captura de pantalla?",
      "confianza": 0.652
    },
    {
      "hablante": "Hablante B",
      "inicio": 842.69,
      "fin": 844.33,
      "duracion": 1.64,
      "texto": "Porfa y enviérmelo al chat.",
      "confianza": 0.621
    },
    {
      "hablante": "Hablante B",
      "inicio": 844.51,
      "fin": 846.15,
      "duracion": 1.64,
      "texto": "O si no, copiar y pegar el mensajito.",
      "confianza": 0.734
    },
    {
      "hablante": "Hablante B",
      "inicio": 846.17,
      "fin": 852.66,
      "duracion": 6.49,
      "texto": "Eso sería lo último que yo precisaría de vos.",
      "confianza": 0.62
    },
    {
      "hablante": "Hablante B",
      "inicio": 852.68,
      "fin": 852.86,
      "duracion": 0.18,
      "texto": "Nada más.",
      "confianza": 0.003
    },
    {
      "hablante": "Hablante B",
      "inicio": 852.88,
      "fin": 853.12,
      "duracion": 0.24,
      "texto": "Ahí estamos.",
      "confianza": 0.006
    },
    {
      "hablante": "Hablante B",
      "inicio": 853.14,
      "fin": 853.36,
      "duracion": 0.22,
      "texto": "Dale, mira.",
      "confianza": 0.019
    },
    {
      "hablante": "Hablante B",
      "inicio": 853.38,
      "fin": 855.56,
      "duracion": 2.18,
      "texto": "Te digo, bueno, ahora cuando terminemos la llamada,",
      "confianza": 0.61
    },
    {
      "hablante": "Hablante B",
      "inicio": 855.8,
      "fin": 862.2,
      "duracion": 6.41,
      "texto": "No te preocupes que yo voy a buscar el mail y te voy a decir si es el correcto que tenemos acá con el que buscamos actualmente, ¿bien?",
      "confianza": 0.676
    },
    {
      "hablante": "Hablante B",
      "inicio": 862.62,
      "fin": 865.67,
      "duracion": 3.04,
      "texto": "¿Cómo?",
      "confianza": 0.147
    },
    {
      "hablante": "Hablante B",
      "inicio": 865.69,
      "fin": 869.75,
      "duracion": 4.06,
      "texto": "Te lo mando escrito.",
      "confianza": 0.139
    },
    {
      "hablante": "Hablante B",
      "inicio": 869.77,
      "fin": 870.55,
      "duracion": 0.78,
      "texto": "Ah, bien.",
      "confianza": 0.615
    },
    {
      "hablante": "Hablante B",
      "inicio": 870.57,
      "fin": 871.79,
      "duracion": 1.22,
      "texto": "Dale, como vos prefieres.",
      "confianza": 0.712
    },
    {
      "hablante": "Hablante B",
      "inicio": 871.81,
      "fin": 872.45,
      "duracion": 0.64,
      "texto": "Así es más rápido.",
      "confianza": 0.562
    },
    {
      "hablante": "Hablante B",
      "inicio": 872.63,
      "fin": 872.96,
      "duracion": 0.32,
      "texto": "Ah, bien.",
      "confianza": 0.516
    },
    {
      "hablante": "Hablante B",
      "inicio": 872.98,
      "fin": 873.63,
      "duracion": 0.66,
      "texto": "Ya está, entonces.",
      "confianza": 0.3
    },
    {
      "hablante": "Hablante B",
      "inicio": 873.65,
      "fin": 873.94,
      "duracion": 0.28,
      "texto": "Dale.",
      "confianza": 0.7
    },
    {
      "hablante": "Hablante B",
      "inicio": 874.08,
      "fin": 876.46,
      "duracion": 2.38,
      "texto": "Flor González, 022 alroarachimil.com.",
      "confianza": 0.433
    },
    {
      "hablante": "Hablante B",
      "inicio": 876.5,
      "fin": 878.62,
      "duracion": 2.12,
      "texto": "¿Es ese?",
      "confianza": 0.314
    },
    {
      "hablante": "Hablante B",
      "inicio": 878.64,
      "fin": 878.7,
      "duracion": 0.06,
      "texto": "Sí.",
      "confianza": 0.161
    },
    {
      "hablante": "Hablante B",
      "inicio": 878.72,
      "fin": 879.1,
      "duracion": 0.38,
      "texto": "Perfecto.",
      "confianza": 0.388
    },
    {
      "hablante": "Hablante B",
      "inicio": 879.12,
      "fin": 885.13,
      "duracion": 6.01,
      "texto": "Bueno, ahora te van a llegar varias llamadas, ya sea de la compañía actual en la que estás ahora o también de otros actores comerciales.",
      "confianza": 0.62
    },
    {
      "hablante": "Hablante B",
      "inicio": 885.45,
      "fin": 897.54,
      "duracion": 12.1,
      "texto": "Por favor, si vos sabés que no vas a recibir ninguna llamada que sea importante, vos desestimálas, porque capaz que si vos atendés a un procesor como el que te le da los datos, puede que se te haga una doble facturación.",
      "confianza": 0.56
    },
    {
      "hablante": "Hablante B",
      "inicio": 897.7,
      "fin": 899.62,
      "duracion": 1.92,
      "texto": "Entonces, directamente desestimálas, ¿bien?",
      "confianza": 0.76
    },
    {
      "hablante": "Hablante B",
      "inicio": 900.2,
      "fin": 906.63,
      "duracion": 6.43,
      "texto": "O cualquier cosa fácil es, mira, yo ya realicé la gestión con Belén, no le voy a dar ningún dato más mío, ¿bien?",
      "confianza": 0.603
    },
    {
      "hablante": "Hablante B",
      "inicio": 906.65,
      "fin": 908.34,
      "duracion": 1.68,
      "texto": "Porque puede que te haga una doble facturación.",
      "confianza": 0.366
    },
    {
      "hablante": "Hablante B",
      "inicio": 908.84,
      "fin": 915.06,
      "duracion": 6.23,
      "texto": "Bien, bueno, entonces, sin nada más que decir y para que ya terminar con la llamada y que puedas ir tranquila, Flora,",
      "confianza": 0.62
    },
    {
      "hablante": "Hablante B",
      "inicio": 915.4,
      "fin": 926.51,
      "duracion": 11.11,
      "texto": "Nada, bienvenida, cualquier cosita consulta, me la podías hacer, mi numerito es el que te escribí, que es mi numerito personal, así que nada, cualquier cosita se te voy avisando, ¿vieron?",
      "confianza": 0.653
    },
    {
      "hablante": "Hablante B",
      "inicio": 926.53,
      "fin": 930.29,
      "duracion": 3.76,
      "texto": "Ahí está el 085 que me pasaste a opción 4, eso tengo que llamar.",
      "confianza": 0.581
    },
    {
      "hablante": "Hablante B",
      "inicio": 930.31,
      "fin": 936.88,
      "duracion": 6.57,
      "texto": "Eso vos tenés que llamar si tenés algún problemita con lo que es la activación de la línea, nada más.",
      "confianza": 0.682
    },
    {
      "hablante": "Hablante B",
      "inicio": 937.14,
      "fin": 944.19,
      "duracion": 7.05,
      "texto": "Ok, entonces el 26 del 1 voy a recibir el chip, ponéle, que va a estar.",
      "confianza": 0.031
    },
    {
      "hablante": "Hablante B",
      "inicio": 944.21,
      "fin": 944.73,
      "duracion": 0.52,
      "texto": "¿Cómo?",
      "confianza": 0.67
    },
    {
      "hablante": "Hablante B",
      "inicio": 945.86,
      "fin": 948.06,
      "duracion": 2.2,
      "texto": "¿El chip más o menos para cuándo va a estar?",
      "confianza": 0.134
    },
    {
      "hablante": "Hablante B",
      "inicio": 948.8,
      "fin": 959.05,
      "duracion": 10.25,
      "texto": "El chip más o menos va a estar desde acá a que se aprueba la solicitud que puede ser de un día para el otro, si vos no tenés ningún salto pendiente con nosotros, se aprueba de 48 a 72 horas como máximo, ¿bien?",
      "confianza": 0.613
    },
    {
      "hablante": "Hablante B",
      "inicio": 959.7,
      "fin": 961.82,
      "duracion": 2.12,
      "texto": "Y vas a poder identificar el chip a partir de ahí.",
      "confianza": 0.62
    },
    {
      "hablante": "Hablante A",
      "inicio": 963.56,
      "fin": 967.0,
      "duracion": 3.44,
      "texto": "Al final que te dije, anda con el DNI y nada más.",
      "confianza": 0.597
    },
    {
      "hablante": "Hablante A",
      "inicio": 967.51,
      "fin": 972.37,
      "duracion": 4.87,
      "texto": "Ellos ya directamente te van a colocar el chip si lo requerís y te pueden ayudar con la activación.",
      "confianza": 0.761
    },
    {
      "hablante": "Hablante A",
      "inicio": 972.76,
      "fin": 979.05,
      "duracion": 6.29,
      "texto": "Muchas gracias, que tengan muy lindos días Flor.",
      "confianza": 0.543
    },
    {
      "hablante": "Hablante A",
      "inicio": 979.72,
      "fin": 981.45,
      "duracion": 1.73,
      "texto": "Igualmente, hasta luego.",
      "confianza": 0.682
    }
  ],
  "transcripcion_completa": "Hola. Hola, buen día. Hablo con Florencia. Florencia, ¿cómo estás? Mi nombre es Belén, me presento. Mira, yo te estoy llamando desde el área de recupero de clientes de Movistar. Queríamos saber por qué te habías ido de la compañía en su momento. Comentando un poco, ¿qué te sucedió a vos? No, la verdad me fui por el tema de los servicios. La verdad que el servicio siempre me gustó. Nunca me quedaba sintiendo bien. Ah, bien, bien. Pero el tema fue que te iban subiendo el precio todos los meses. Claro, todos los meses. Todos los meses y llegó un momento que se estaba diciendo que no puedo pagar tanto. Claro, no, no. Bien, y tampoco se debía pagar porque viste que lo estipulado era pagar un monto por ciertos meses y, claro, si te subían es entendible que vos te hayas decido y hayas preferido elegir otra compañía que es la más económica. Así que en eso te entiendo perfectamente. Es más, te pido disculpas en nombre de la compañía por esto de que pagabas lo que no debías a Bonar, ¿viste? Que no era lo circulado. Lo que ha pasado en estos momentos es que ya no estamos más regulados por ese interregulador, que ya no nos funcionaban ni a nosotros ni a ustedes, lamentablemente, porque ustedes se tenían que ir porque le venían estos montos exorbitantes. Ya no estamos más regulados por existentes, estamos regulados por modoizar mismos, y lo que estamos ofreciendo a los antiguos clientes es un beneficio de un descuento fijo por seis meses. Yo no sé qué plan vos tengas en claro. ¿Vos sabés cuántos gigas tenéis? ¿Cuántos abonados aproximadamente, Flora? Sí, estoy pagando lo más económico. Creo que tengo un giga y medio. Como tengo Wi-Fi en mi casa, me pagé a eso más económico. Pero estoy pagando casi 10 mil pesos. ¿10 mil pesos por la línea? Por la línea, sí. ¿Por un giga y medio, Flora? Sí. ¡Ay, no! Espera, te voy a ir a... Te comento primero. Nosotros tenemos lo que son unas promociones que han subido más lo que es el porcentaje de descuento. Y tenemos, ya que vos me lo mencionabas, que utilizas poco el Selvo, porque tenés Wi-Fi, el almacenaje que tenemos es de 4 GB base más 4 GB de regalo, que tendrías, pasa completamente gratis, podés hablar libre a cualquier compañía, tenés mensajes y llamadas ilimitadas, Y tenés, como te dije, un porcentaje del descuento fijo por seis meses y el valor es de 7.460.8 gigas. ¿Vieron? Después, si no tenés, tenés hidróptica, me dijiste. Tenés con claro también o tenés con otra compañía? ¿Cómo? Que me dijiste que vos tenés hidróptica en tu casa, ¿no, Flor? Sí, tengo. ¿Vos tenés con claro o con otra compañía? No, tengo con otra compañía porque donde yo vivo no llega... otra compañía, ya solamente la que vendría a ser una cooperativa. Ah, bien. ¿Has podido? Tienen convenio. Yo tengo el modem Movistar. Ah, bien. Pero a vos te diérmelo qué es la facturación de Movistar. ¿O no? No, no, no. Me facturaba una cooperativa. Ah, bien. Porque a donde yo vivo no entra en otro tipo de fibra óptica. A ver, mira. Entonces, ¿querés que nos fijemos si hay postes acá de tu domicilio que lo que tengamos oizar para ver si vos podés tener lo que es una promoción que tienes? Tu línea, más lo que es la fibra óptica, porque capaz que podés tener lo que es la fibra óptica y si te hace un descuento. Y tu línea tan solo la abonarías a 4,000 pesos. Si querés, nos fijamos. Bueno, fíjate si querés, pero no creo que llegue. A ver, a ver, no seamos negativos. Vos decimes la dirección. Dale, padre. Sí. Este te adicto porque empieza con este. Stopler es, ¿viste? Pero no empieza con él, empieza con este. Ah, Stopler. Y WP. Ah, acá está. Sí. Stopler. 217. 217, ¿de qué localidad es? Granburgo, Malvinas, Argentina. Ah, bien, perfecto. ¿El código postal es 16HINCEPLON? Sí. ¿Y las entre calles? ¿Me las podrías decir a ver si está correcto acá? Sí, almirante Brown y Alfredo Palacios. A ver, almirante Brown. Bien, perfecto. Entonces, dale. Yo ahora consulto lo que es, entonces, la cobertura. A ver, acá. ¿Vos has visto ya el post de Movistar por ahí? No. No, no, no he visto. Bien, dale. No hay problema. Mira, yo ahora me cifo a guardarme. Espérate, que tengo que promover algo. Bien, con respecto a lo que es la línea tuya, la portabilidad. ¿Vos te acordaste cuando estuviste en la compañía, dejaste algún saldo pendiente o no? Con otra línea dejé un saldo pendiente. No pude pagar porque me quedé sin trabajo y también fue el motivo. Sinceramente no tenía para pagar y me tuve que ir. Ah, claro. Pero ahora vos sos titular de una sola línea. Sí, tengo esta sola. Esta sola. Bien, perfecto. Mira, mientras mí me verifican lo que sería la cobertura, a ver si tenés fibra. Vamos a ser positivas. Bueno, mientras me verifican esto, vos te consulto. ¿Vos tenés chip físico o tenés chip virtual? No, no, tengo el chip físico, de claro. El chip físico. Bien, ¿me dijiste de qué localidad sos? Ambur, Molinas, Argentina. Ambur. Ambur. Ambur. Granbur. Ah, Granbur. Mira, nunca había escuchado eso de Gran. Ah, acá está, sí. Bien, ¿por qué te pregunto esto? Porque te estoy buscando en la sucursal más cercana a tu domicilio que te venga cómoda, ¿viste? Porque es lo más rápido que tenemos. lo que son los chips, acá los chips que vos lo vayas a buscar en la sucursal, que son de 48... Sí, sí, eso te estamos por comentar. ¿Qué está en adredía Presidente Juan Domingo Perón 3309? ¿Se te viene cómodo, Flor? Sí, también. Bien, perfecto. Mira, lo que va a pasar es que te van a enviar un mensajito un día antes desde la sucursal diciéndote Mira, ya está el chip acá, podés venir a retirarlo a partir de mañana. No te preocupes que si no te llega este mensajito, yo voy a ver lo que es su gestión y te voy a decir cualquier cosita. Mira, ya está aprobado, no hace falta que te llegue el mensajito. Vos directamente podés ir a partir de mañana, ¿bien? Bueno. ¿No termina en 577, Llor? Sí. Bien, mira, te voy a enviar un mensajito acá. Entonces, me dijiste que te viene cómoda la sucursal que te dije ¿Es un Domingo Perón? Sí, esa es acá en Granbur, ¿no? Porque yo sé que ahí viene Francisco Sevilla, que está enfrente de la estación. Si querés, buscamos cuál es la que te viene más cómoda. Pero sí, yo puse Granbur y me viene... Ah, a ver, no. Están los polvorines, jefe. Claro, me parecía, porque la principal de polvorines es Perón. Ah, no, claro, pero no me sale. Pero si querés, podemos buscar a ver qué es Perón. Ah, bueno, si no es que nada, pero si yo me tengo que ir a trabajar, paso, lo busco y me voy a trabajar. Ah, claro, si te viene más cómoda de Perón la buscamos. La de Francisco Seguí. ¿Cómo es entonces la dirección? La de Francisco Seguí, la de la altura, no sé. No me acuerdo. Bien, bien, Francisco... Francisco Serín me dijiste? Sí. Ah, bien. Bueno, esa es. A ver acá. Vamos a buscar. A ver acá. Avenida Corrientes, Avenida San Martín, Avenida Rirada y Avenida Las Heras. No, no me sale. No? Bueno, no pasa nada. Y lo estoy buscando justo acá en la página que tenemos nosotros de lo que son los sucursales de Modestar. Pero mira, podemos poner por el momento de estar y si le encuentro eso que dijiste, directamente podés ir ahí, ¿bien? Entonces, mira. Entonces, bueno, mira, te envío un mensajito acá que dice, soy Belén. Espera, me dijiste, San Francisco City, ¿eso de qué localidad es? Capaz que porque no le puse con la calidad. Granbur. A ver. Granbur. Bien. Mira, lo que yo te voy a pedir ahora sería, yo ahora te voy a leer lo que es el cierre comercial o el bono de calidad, que es un pequeño texto que yo te voy a estar leyendo, que es lo que vos estás contratando como un respaldo para vos, ¿bien? Entonces, lo que yo precisaría de vos en estos momentos sería si vos tenés tu documento a mano, que es para sacarme la fotito del frente del usuario que tenéis, que es para verificar que vos sos la titular de la línea, ¿bien? Nada más que para eso. Si querés lo podés enviar después de que yo te lea lo que es el cierre comercial o si querés, mientras yo te lo leo, vos lo podés ir mandando. No hay ningún problema, como a usted venga más cómodo. Bueno, ¿sabes qué? Ahora sí, justo de tiempo. ¿Puede ser que me llames más tarde o mañana? Por favor, porque me tengo que ir a trabajarte. Bien, mira, yo ahora te leo lo que es el cierre comercial y vos cuando puedas en el transcurso me lo podés enviar, ¿bien? No hay ningún problema. Bien, mira, entonces. Estamos portando la línea 11-69-71-25-77 a nombre y apellido de la titular Florencia Celeda-Bonzález, ¿es correcto? Sí. Bien, por favor, me confirmo. ¿Algún último, tres dígitos de tu N.I.? 092. Bien, perfecto. Me dijiste que tu compañía en estos momentos es claro. Me comentaste que contás con factura mensal. ¿La factura está a tu nombre o al nombre de otra persona? A mi nombre. Al nombre tuyo, perfecto. Bien, ¿vos poseéis chip físico o chip escinio? Y le has dicho que chip físico, ¿o no? Sí. Bien, perfecto. Entonces, quedamos en que vos vas a ir a retirar el chip en la sucusa que queda en Avenida Presidente Juan Domingo Perón 3309, de Granbur, provincia de Buenos Aires. ¿Eso es correcto? Perón, no. No, Granbur no. No es Perón. La de Perón es de polvorines. Claro. Claro, claro. Es de los polvorines, entonces. En la localidad de Los Polvorines. Ahí está. Ahí está, correcto. Bien, perfecto. Entonces ahí. Bien, entonces. Te recuerdo que el costo del servicio al día de hoy es de 7,460 pesos porque vos adquirís un descuento fijo por tres meses de 30,140 pesos. Te recuerdo que el servicio de su factura me sale adelantado y el plan que vos estés contratando consta de cuatro chidas base más cuatro chidas de regalo por seis meses, los cuales en su último se van a editar 48 horas después de activar la línea. Bien. Un mail que vos me puedas proporcionar que vos tengas activo, ¿cuál podría ser? ¿No te salta bien los datos que yo tenía? No los he buscado porque estaba buscando la sucursal. Ah, bueno, bueno, bueno. Pero si querés... No, porque ahora estoy con él. Sí, no, pasa que estoy con él. Tengo un muy justo después. Si me podés llamar, porque me tengo que ir. Dale, mira, entonces no hay problema. Te agradezco. Esperá, ya termino. Uy, ya termino. Estarás recibiendo tu facturación de la línea a través del Medicaid y los problemas proporcionados. Si es el mismo, lo podemos buscar ahí bien. Entonces, la aplicación mismo va a estar ingresando a la sección servicios, con toda la información que tendrás al día de tu factura, ya sea tu ciclo de facturación, tu vencimiento y tus montos a pagar. También, si quieres producirte el crédito automático, puedes activar la institución de regalo con una duración de 30 días, una vez al año. Con respecto a la portabilidad, una vez aprobada la portabilidad, su línea aportará a las 48 horas árabilas, Un día antes, por mensajito, vas a monetar informándote la fecha de portabilidad para que te quedes tranquila. Es importante que no coloques el chip antes de la fecha informada. De todas maneras, te vas a dar cuenta porque te delineas de clara la fecha de recibir señal y recién ahí es cuando debes colocarlo. Se comentó que por unos meses deberás validar identidad de la actualidad y en caso de que tengas alguna dificultad con la validación, intentalo nuevamente o comunícate al 0800-3676-7822 o en 4. Le solicitamos que en caso de no levantar señal, reinicies el equipo, por favor. Y por último, por otro lado, dentro de los próximos días, recibirás una encuesta de satisfacción por medio WhatsApp. Le solicitamos, por favor, que la completes, ya que tu opinión es muy importante para la empresa. Bien, yo ahí te estoy viendo el mensajito. Mira, ahora tiro a llevar un mensajito del remitente más 223. ¿Has podido fijarte si te llegó? Eso me dio. Bien, es para verificar que tu línea está activa y para que no te cambie el numerito de teléfono. Es un SMS común. Tu código de portabilidad me llegó. Sí, te dice tu código de portabilidades. ¿Qué te dice? Disculpame, no te escuché. Bien, te estaba diciendo que es tu primer mensajito y se me lo podés leer. ¿Qué te dice el mensajito? Su código de portabilidades es 4287. Con vencimiento el 26 de junio. ¿Cuarenta y dos, sesenta y siete me dijiste? Cuarenta y dos, ochenta y siete. Ochenta y siete, perfecto. ¿Y en qué horario te dice? El veintiséis del uno a las dos y veinticuatro. Bien, perfecto. ¿Vos a eso le podéis sacar captura de pantalla? Porfa y enviérmelo al chat. O si no, copiar y pegar el mensajito. Eso sería lo último que yo precisaría de vos. Nada más. Ahí estamos. Dale, mira. Te digo, bueno, ahora cuando terminemos la llamada, No te preocupes que yo voy a buscar el mail y te voy a decir si es el correcto que tenemos acá con el que buscamos actualmente, ¿bien? ¿Cómo? Te lo mando escrito. Ah, bien. Dale, como vos prefieres. Así es más rápido. Ah, bien. Ya está, entonces. Dale. Flor González, 022 alroarachimil.com. ¿Es ese? Sí. Perfecto. Bueno, ahora te van a llegar varias llamadas, ya sea de la compañía actual en la que estás ahora o también de otros actores comerciales. Por favor, si vos sabés que no vas a recibir ninguna llamada que sea importante, vos desestimálas, porque capaz que si vos atendés a un procesor como el que te le da los datos, puede que se te haga una doble facturación. Entonces, directamente desestimálas, ¿bien? O cualquier cosa fácil es, mira, yo ya realicé la gestión con Belén, no le voy a dar ningún dato más mío, ¿bien? Porque puede que te haga una doble facturación. Bien, bueno, entonces, sin nada más que decir y para que ya terminar con la llamada y que puedas ir tranquila, Flora, Nada, bienvenida, cualquier cosita consulta, me la podías hacer, mi numerito es el que te escribí, que es mi numerito personal, así que nada, cualquier cosita se te voy avisando, ¿vieron? Ahí está el 085 que me pasaste a opción 4, eso tengo que llamar. Eso vos tenés que llamar si tenés algún problemita con lo que es la activación de la línea, nada más. Ok, entonces el 26 del 1 voy a recibir el chip, ponéle, que va a estar. ¿Cómo? ¿El chip más o menos para cuándo va a estar? El chip más o menos va a estar desde acá a que se aprueba la solicitud que puede ser de un día para el otro, si vos no tenés ningún salto pendiente con nosotros, se aprueba de 48 a 72 horas como máximo, ¿bien? Y vas a poder identificar el chip a partir de ahí. Al final que te dije, anda con el DNI y nada más. Ellos ya directamente te van a colocar el chip si lo requerís y te pueden ayudar con la activación. Muchas gracias, que tengan muy lindos días Flor. Igualmente, hasta luego.",
  "calidad": {
    "confianza_promedio": 0.509,
    "metodo_diarizacion": "pausas_fallback",
    "tiempo_procesamiento": 56.1
  },
  "metadata": {
    "modelo": "whisperx_medium",
    "diarizacion": "pausas",
    "dispositivo": "cuda",
    "fecha": "2026-01-25T18:01:50.957057",
    "version": "5.0_ecapa"
  }
}