{
  "archivo": "amza14_1_260119105140541_ACD_56449.wav",
  "duracion_segundos": 60.56,
  "num_segmentos": 27,
  "num_hablantes": 2,
  "hablantes": [
    "Hablante A",
    "Hablante B"
  ],
  "tiempo_por_hablante": {
    "Hablante A": 30.57,
    "Hablante B": 18.91
  },
  "idioma": "es",
  "conversacion": [
    {
      "hablante": "Hablante A",
      "inicio": 1.2,
      "fin": 4.36,
      "duracion": 3.16,
      "texto": "Hola, buen día.",
      "confianza": 0.065
    },
    {
      "hablante": "Hablante A",
      "inicio": 4.38,
      "fin": 4.68,
      "duracion": 0.3,
      "texto": "Hablo con Raúl.",
      "confianza": 0.001
    },
    {
      "hablante": "Hablante A",
      "inicio": 4.7,
      "fin": 5.04,
      "duracion": 0.34,
      "texto": "Sí, ¿quién habla?",
      "confianza": 0.027
    },
    {
      "hablante": "Hablante A",
      "inicio": 5.06,
      "fin": 5.88,
      "duracion": 0.82,
      "texto": "¿Cómo estás, Raúl?",
      "confianza": 0.594
    },
    {
      "hablante": "Hablante A",
      "inicio": 5.9,
      "fin": 6.2,
      "duracion": 0.3,
      "texto": "Un gusto.",
      "confianza": 0.546
    },
    {
      "hablante": "Hablante A",
      "inicio": 6.22,
      "fin": 7.04,
      "duracion": 0.82,
      "texto": "Mi nombre es Bruno.",
      "confianza": 0.61
    },
    {
      "hablante": "Hablante A",
      "inicio": 7.18,
      "fin": 10.15,
      "duracion": 2.96,
      "texto": "Me estaba comunicando desde la área de recuperar clientes no vistales.",
      "confianza": 0.701
    },
    {
      "hablante": "Hablante A",
      "inicio": 11.17,
      "fin": 13.31,
      "duracion": 2.14,
      "texto": "Tenemos una promoción disponible para tu línea.",
      "confianza": 0.722
    },
    {
      "hablante": "Hablante A",
      "inicio": 14.01,
      "fin": 17.22,
      "duracion": 3.2,
      "texto": "Actualmente, ¿tenes claro?",
      "confianza": 0.559
    },
    {
      "hablante": "Hablante A",
      "inicio": 17.24,
      "fin": 19.38,
      "duracion": 2.14,
      "texto": "Sí, se ha hablado, últimamente.",
      "confianza": 0.147
    },
    {
      "hablante": "Hablante A",
      "inicio": 19.4,
      "fin": 20.24,
      "duracion": 0.84,
      "texto": "Bien.",
      "confianza": 0.853
    },
    {
      "hablante": "Hablante A",
      "inicio": 20.3,
      "fin": 22.64,
      "duracion": 2.34,
      "texto": "Raúl, ¿actualmente cuánto estás abanando por tu línea?",
      "confianza": 0.606
    },
    {
      "hablante": "Hablante B",
      "inicio": 26.85,
      "fin": 27.11,
      "duracion": 0.26,
      "texto": "Mucho, mucho.",
      "confianza": 0.0
    },
    {
      "hablante": "Hablante B",
      "inicio": 27.13,
      "fin": 27.23,
      "duracion": 0.1,
      "texto": "Bien.",
      "confianza": 0.043
    },
    {
      "hablante": "Hablante B",
      "inicio": 27.25,
      "fin": 29.11,
      "duracion": 1.86,
      "texto": "Mira, ¿te ocupas mucho arriba, Raúl?",
      "confianza": 0.615
    },
    {
      "hablante": "Hablante B",
      "inicio": 29.13,
      "fin": 30.05,
      "duracion": 0.92,
      "texto": "¿O no te ocupas tanto?",
      "confianza": 0.625
    },
    {
      "hablante": "Hablante B",
      "inicio": 30.57,
      "fin": 32.3,
      "duracion": 1.72,
      "texto": "No, superante.",
      "confianza": 0.507
    },
    {
      "hablante": "Hablante B",
      "inicio": 32.32,
      "fin": 32.42,
      "duracion": 0.1,
      "texto": "Bien.",
      "confianza": 0.033
    },
    {
      "hablante": "Hablante B",
      "inicio": 32.44,
      "fin": 35.74,
      "duracion": 3.3,
      "texto": "Mira, te comento, tenemos una promoción con 16 gigas en total.",
      "confianza": 0.773
    },
    {
      "hablante": "Hablante B",
      "inicio": 35.76,
      "fin": 39.36,
      "duracion": 3.6,
      "texto": "Este plan incluye lo que es WhatsApp Gratis, habla libre a cualquier compañía.",
      "confianza": 0.726
    },
    {
      "hablante": "Hablante B",
      "inicio": 39.86,
      "fin": 44.45,
      "duracion": 4.59,
      "texto": "También incluye lo que es Rumina en América y te queda un precio final de $10,400 pesos.",
      "confianza": 0.759
    },
    {
      "hablante": "Hablante B",
      "inicio": 44.47,
      "fin": 46.93,
      "duracion": 2.46,
      "texto": "Te vendrías 16 gigas en total.",
      "confianza": 0.728
    },
    {
      "hablante": "Hablante A",
      "inicio": 49.21,
      "fin": 51.56,
      "duracion": 2.34,
      "texto": "Ese es uno de los planes que tengo en promoción.",
      "confianza": 0.777
    },
    {
      "hablante": "Hablante A",
      "inicio": 51.62,
      "fin": 56.66,
      "duracion": 5.05,
      "texto": "No sé qué te parece.",
      "confianza": 0.69
    },
    {
      "hablante": "Hablante A",
      "inicio": 56.68,
      "fin": 58.58,
      "duracion": 1.9,
      "texto": "Bueno, Bruno, yo te voy a llamar a cometer.",
      "confianza": 0.079
    },
    {
      "hablante": "Hablante A",
      "inicio": 58.6,
      "fin": 59.38,
      "duracion": 0.78,
      "texto": "Dale, Raúl, no hay problema.",
      "confianza": 0.326
    },
    {
      "hablante": "Hablante A",
      "inicio": 59.42,
      "fin": 60.56,
      "duracion": 1.14,
      "texto": "Que tengas buen día.",
      "confianza": 0.761
    }
  ],
  "transcripcion_completa": "Hola, buen día. Hablo con Raúl. Sí, ¿quién habla? ¿Cómo estás, Raúl? Un gusto. Mi nombre es Bruno. Me estaba comunicando desde la área de recuperar clientes no vistales. Tenemos una promoción disponible para tu línea. Actualmente, ¿tenes claro? Sí, se ha hablado, últimamente. Bien. Raúl, ¿actualmente cuánto estás abanando por tu línea? Mucho, mucho. Bien. Mira, ¿te ocupas mucho arriba, Raúl? ¿O no te ocupas tanto? No, superante. Bien. Mira, te comento, tenemos una promoción con 16 gigas en total. Este plan incluye lo que es WhatsApp Gratis, habla libre a cualquier compañía. También incluye lo que es Rumina en América y te queda un precio final de $10,400 pesos. Te vendrías 16 gigas en total. Ese es uno de los planes que tengo en promoción. No sé qué te parece. Bueno, Bruno, yo te voy a llamar a cometer. Dale, Raúl, no hay problema. Que tengas buen día.",
  "calidad": {
    "confianza_promedio": 0.495,
    "metodo_diarizacion": "pausas_fallback",
    "tiempo_procesamiento": 4.8
  },
  "metadata": {
    "modelo": "whisperx_medium",
    "diarizacion": "pausas",
    "dispositivo": "cuda",
    "fecha": "2026-01-25T17:20:47.590447",
    "version": "5.0_ecapa"
  }
}