{
  "archivo": "amza23_1_260121114431357_ACD_06451.wav",
  "duracion_segundos": 852.05,
  "num_segmentos": 167,
  "num_hablantes": 2,
  "hablantes": [
    "Hablante A",
    "Hablante B"
  ],
  "tiempo_por_hablante": {
    "Hablante B": 311.8,
    "Hablante A": 427.65
  },
  "idioma": "es",
  "conversacion": [
    {
      "hablante": "Hablante B",
      "inicio": 2.04,
      "fin": 6.51,
      "duracion": 4.47,
      "texto": "Hola, buen día, ¿con Carlo?",
      "confianza": 0.039
    },
    {
      "hablante": "Hablante B",
      "inicio": 6.53,
      "fin": 6.89,
      "duracion": 0.36,
      "texto": "Sí, quiero hablar.",
      "confianza": 0.003
    },
    {
      "hablante": "Hablante B",
      "inicio": 6.91,
      "fin": 8.41,
      "duracion": 1.5,
      "texto": "Un gusto, Macarena es mi nombre.",
      "confianza": 0.752
    },
    {
      "hablante": "Hablante B",
      "inicio": 8.47,
      "fin": 12.41,
      "duracion": 3.95,
      "texto": "Nos estamos contactando para otorgarle un beneficio de descuento en su línea.",
      "confianza": 0.801
    },
    {
      "hablante": "Hablante B",
      "inicio": 13.42,
      "fin": 17.7,
      "duracion": 4.29,
      "texto": "Usted actualmente es cliente de Claro, ¿verdad?",
      "confianza": 0.53
    },
    {
      "hablante": "Hablante B",
      "inicio": 17.72,
      "fin": 17.78,
      "duracion": 0.06,
      "texto": "Sí.",
      "confianza": 0.053
    },
    {
      "hablante": "Hablante B",
      "inicio": 17.8,
      "fin": 18.7,
      "duracion": 0.9,
      "texto": "Bien, perfecto.",
      "confianza": 0.696
    },
    {
      "hablante": "Hablante B",
      "inicio": 19.41,
      "fin": 22.11,
      "duracion": 2.7,
      "texto": "Y aproximadamente le consulto acerca de su plan.",
      "confianza": 0.794
    },
    {
      "hablante": "Hablante B",
      "inicio": 22.13,
      "fin": 24.61,
      "duracion": 2.48,
      "texto": "¿Qué cantidad de gigas tiene la compañía?",
      "confianza": 0.792
    },
    {
      "hablante": "Hablante B",
      "inicio": 24.63,
      "fin": 26.24,
      "duracion": 1.6,
      "texto": "¿Cuenta con gigas de base?",
      "confianza": 0.757
    },
    {
      "hablante": "Hablante B",
      "inicio": 26.28,
      "fin": 30.44,
      "duracion": 4.17,
      "texto": "Aparte, ¿también cuenta con gigas de regalo o solamente de base?",
      "confianza": 0.789
    },
    {
      "hablante": "Hablante B",
      "inicio": 31.37,
      "fin": 35.31,
      "duracion": 3.95,
      "texto": "No, nomás ahora estoy en prepago, no tengo más el plan.",
      "confianza": 0.06
    },
    {
      "hablante": "Hablante B",
      "inicio": 35.33,
      "fin": 42.72,
      "duracion": 7.39,
      "texto": "Bien, y ¿cuánto le realizan las recargas, por semana, por mes?",
      "confianza": 0.776
    },
    {
      "hablante": "Hablante B",
      "inicio": 42.74,
      "fin": 43.51,
      "duracion": 0.76,
      "texto": "No, capaz que por semana, más o menos.",
      "confianza": 0.002
    },
    {
      "hablante": "Hablante B",
      "inicio": 43.52,
      "fin": 45.93,
      "duracion": 2.4,
      "texto": "Bien, y aproximadamente ¿cuánto es el monto?",
      "confianza": 0.792
    },
    {
      "hablante": "Hablante B",
      "inicio": 46.29,
      "fin": 57.65,
      "duracion": 11.36,
      "texto": "Le consultaré esto más que todo porque tenemos una promoción para usted con un plan que está súper económico de $6,450 y va a tener lo que es 14 gigas en total, ¿sí?",
      "confianza": 0.81
    },
    {
      "hablante": "Hablante B",
      "inicio": 58.08,
      "fin": 64.09,
      "duracion": 6.01,
      "texto": "Son cuatro gigas de base, más diez gigas de regalo con durabilidad por seis meses y todo bonificado.",
      "confianza": 0.68
    },
    {
      "hablante": "Hablante B",
      "inicio": 64.99,
      "fin": 67.48,
      "duracion": 2.48,
      "texto": "Llamadas, SMS y WhatsApp totalmente libres.",
      "confianza": 0.739
    },
    {
      "hablante": "Hablante B",
      "inicio": 67.5,
      "fin": 72.36,
      "duracion": 4.87,
      "texto": "¿Usted cuánto le está recargando a su línea?",
      "confianza": 0.813
    },
    {
      "hablante": "Hablante A",
      "inicio": 76.31,
      "fin": 77.43,
      "duracion": 1.12,
      "texto": "Más o menos seis mil por semana, capaz.",
      "confianza": 0.075
    },
    {
      "hablante": "Hablante A",
      "inicio": 77.55,
      "fin": 79.51,
      "duracion": 1.96,
      "texto": "Claro, es un montón.",
      "confianza": 0.656
    },
    {
      "hablante": "Hablante A",
      "inicio": 79.53,
      "fin": 85.22,
      "duracion": 5.69,
      "texto": "Son cuatro semanas, se le va bastante.",
      "confianza": 0.733
    },
    {
      "hablante": "Hablante A",
      "inicio": 85.24,
      "fin": 85.3,
      "duracion": 0.06,
      "texto": "Sí.",
      "confianza": 0.331
    },
    {
      "hablante": "Hablante A",
      "inicio": 85.94,
      "fin": 108.15,
      "duracion": 22.21,
      "texto": "En cambio acá tendría un precio fijo al día de hoy de $6,450 y tendría lo que es el total de 14 gigas, dándole la posibilidad que en el caso de que no alcance a ocupar el total, los pueda conservar para que le vayan acumulando.",
      "confianza": 0.743
    },
    {
      "hablante": "Hablante A",
      "inicio": 108.17,
      "fin": 108.3,
      "duracion": 0.12,
      "texto": "¿Bien?",
      "confianza": 0.062
    },
    {
      "hablante": "Hablante A",
      "inicio": 108.31,
      "fin": 108.88,
      "duracion": 0.56,
      "texto": "Ok. ¿Qué empezó de Movistar?",
      "confianza": 0.001
    },
    {
      "hablante": "Hablante A",
      "inicio": 108.89,
      "fin": 109.1,
      "duracion": 0.2,
      "texto": "Movistar.",
      "confianza": 0.133
    },
    {
      "hablante": "Hablante A",
      "inicio": 109.12,
      "fin": 109.3,
      "duracion": 0.18,
      "texto": "Movistar.",
      "confianza": 0.105
    },
    {
      "hablante": "Hablante A",
      "inicio": 109.32,
      "fin": 114.78,
      "duracion": 5.47,
      "texto": "Solamente deberíamos corroborar lo que es su numerito de N.I., porque usted ya ha sido cliente,",
      "confianza": 0.749
    },
    {
      "hablante": "Hablante A",
      "inicio": 115.0,
      "fin": 117.84,
      "duracion": 2.84,
      "texto": "Bien, entonces sus datos nos han quedado en el sistema.",
      "confianza": 0.702
    },
    {
      "hablante": "Hablante A",
      "inicio": 118.98,
      "fin": 122.69,
      "duracion": 3.7,
      "texto": "Habría que corroborar si están del todo correctos para poderlos ingresar.",
      "confianza": 0.736
    },
    {
      "hablante": "Hablante A",
      "inicio": 122.71,
      "fin": 123.43,
      "duracion": 0.72,
      "texto": "¿Sí?",
      "confianza": 0.545
    },
    {
      "hablante": "Hablante A",
      "inicio": 123.45,
      "fin": 125.15,
      "duracion": 1.7,
      "texto": "¿Qué le ha parecido la propuesta?",
      "confianza": 0.689
    },
    {
      "hablante": "Hablante A",
      "inicio": 126.13,
      "fin": 126.49,
      "duracion": 0.36,
      "texto": "Está buena.",
      "confianza": 0.312
    },
    {
      "hablante": "Hablante A",
      "inicio": 126.51,
      "fin": 136.96,
      "duracion": 10.45,
      "texto": "Lo que pasa es que yo también tengo el SIM tipo, no tengo el chip físico.",
      "confianza": 0.294
    },
    {
      "hablante": "Hablante A",
      "inicio": 136.98,
      "fin": 137.64,
      "duracion": 0.66,
      "texto": "¿El chip es SIM?",
      "confianza": 0.359
    },
    {
      "hablante": "Hablante A",
      "inicio": 137.66,
      "fin": 138.26,
      "duracion": 0.6,
      "texto": "Sí, sí, sí.",
      "confianza": 0.21
    },
    {
      "hablante": "Hablante A",
      "inicio": 138.28,
      "fin": 142.31,
      "duracion": 4.02,
      "texto": "Bien, en ese caso no habría ningún problema porque deberíamos corroborar",
      "confianza": 0.763
    },
    {
      "hablante": "Hablante A",
      "inicio": 142.66,
      "fin": 156.55,
      "duracion": 13.9,
      "texto": "si el correo que tenemos en sistema está correcto, si no lo modificamos, si ponemos el que utiliza actualmente, ¿por qué le llegaría un QR para poder escanear en ese caso de que la línea sea SIM?",
      "confianza": 0.74
    },
    {
      "hablante": "Hablante A",
      "inicio": 157.12,
      "fin": 160.28,
      "duracion": 3.16,
      "texto": "No hace falta tampoco asignarle lo que es una al sucursal.",
      "confianza": 0.668
    },
    {
      "hablante": "Hablante A",
      "inicio": 161.72,
      "fin": 162.72,
      "duracion": 1.0,
      "texto": "Bueno.",
      "confianza": 0.674
    },
    {
      "hablante": "Hablante A",
      "inicio": 162.74,
      "fin": 171.23,
      "duracion": 8.49,
      "texto": "Le llegaría lo que es al correo electrónico que ahora mismo se lo voy a detallar en cuanto termine de cargar el sistema, ¿sí?",
      "confianza": 0.716
    },
    {
      "hablante": "Hablante A",
      "inicio": 172.26,
      "fin": 177.36,
      "duracion": 5.11,
      "texto": "Como le decía, al ser usted cliente, ya tenemos todos sus datos, ¿sí?",
      "confianza": 0.757
    },
    {
      "hablante": "Hablante A",
      "inicio": 177.74,
      "fin": 187.93,
      "duracion": 10.19,
      "texto": "Mientras tanto, mientras espero que me cargue lo que es el sistema, le voy a enviar un WhatsApp, dejándole mi número, para que me pueda agendar, ¿sí?",
      "confianza": 0.768
    },
    {
      "hablante": "Hablante A",
      "inicio": 187.95,
      "fin": 188.79,
      "duracion": 0.84,
      "texto": "¿Por qué le digo esto?",
      "confianza": 0.774
    },
    {
      "hablante": "Hablante A",
      "inicio": 188.9,
      "fin": 198.45,
      "duracion": 9.55,
      "texto": "Porque yo voy a pasar a hacer su asesora designada de ahora en adelante, hasta que hemos por finalizado el trámite, ¿sí?",
      "confianza": 0.625
    },
    {
      "hablante": "Hablante A",
      "inicio": 198.47,
      "fin": 198.59,
      "duracion": 0.12,
      "texto": "Bueno.",
      "confianza": 0.002
    },
    {
      "hablante": "Hablante A",
      "inicio": 198.61,
      "fin": 198.71,
      "duracion": 0.1,
      "texto": "Bien.",
      "confianza": 0.011
    },
    {
      "hablante": "Hablante A",
      "inicio": 198.73,
      "fin": 198.91,
      "duracion": 0.18,
      "texto": "Perfecto.",
      "confianza": 0.003
    },
    {
      "hablante": "Hablante A",
      "inicio": 198.93,
      "fin": 199.77,
      "duracion": 0.84,
      "texto": "¿Se va a necesitar mucho cambiar de línea?",
      "confianza": 0.024
    },
    {
      "hablante": "Hablante A",
      "inicio": 200.66,
      "fin": 209.95,
      "duracion": 9.29,
      "texto": "No, no tarda casi nada, sí, son aproximadamente de 48.72 horas hábiles, sí.",
      "confianza": 0.729
    },
    {
      "hablante": "Hablante A",
      "inicio": 209.97,
      "fin": 217.08,
      "duracion": 7.11,
      "texto": "Además, un tiempo que no al tener, al tener... Todo el tiempo va a volver a línea, ¿no?",
      "confianza": 0.197
    },
    {
      "hablante": "Hablante A",
      "inicio": 217.1,
      "fin": 227.83,
      "duracion": 10.73,
      "texto": "No, porque va a seguir, va a seguir teniendo la línea preparada, usted le va a poder seguir realizando recargas hasta que nosotros le enviamos el QR, sí.",
      "confianza": 0.617
    },
    {
      "hablante": "Hablante A",
      "inicio": 227.93,
      "fin": 228.79,
      "duracion": 0.86,
      "texto": "Ah, bueno, bueno.",
      "confianza": 0.371
    },
    {
      "hablante": "Hablante A",
      "inicio": 229.04,
      "fin": 231.48,
      "duracion": 2.44,
      "texto": "Ahí les voy a enviar lo que es el WhatsApp.",
      "confianza": 0.632
    },
    {
      "hablante": "Hablante A",
      "inicio": 232.63,
      "fin": 233.89,
      "duracion": 1.26,
      "texto": "Así me puede agendar.",
      "confianza": 0.863
    },
    {
      "hablante": "Hablante A",
      "inicio": 234.57,
      "fin": 238.69,
      "duracion": 4.12,
      "texto": "Y ahora más les pido que no le pase datos a nadie, ¿sí?",
      "confianza": 0.752
    },
    {
      "hablante": "Hablante A",
      "inicio": 238.81,
      "fin": 243.16,
      "duracion": 4.34,
      "texto": "Para evitar cualquier tipo de inconveniente al momento de la carga de la gestión, ¿sí?",
      "confianza": 0.736
    },
    {
      "hablante": "Hablante A",
      "inicio": 244.14,
      "fin": 244.38,
      "duracion": 0.24,
      "texto": "Bien.",
      "confianza": 0.753
    },
    {
      "hablante": "Hablante A",
      "inicio": 244.96,
      "fin": 246.68,
      "duracion": 1.72,
      "texto": "Ahora les voy a repasar sus datos.",
      "confianza": 0.59
    },
    {
      "hablante": "Hablante A",
      "inicio": 246.86,
      "fin": 255.15,
      "duracion": 8.29,
      "texto": "Me figura que su nombre es Carlos Nicolás Salgado con fecha de nacimiento el 24 del 6 del 2004, ¿correcto?",
      "confianza": 0.661
    },
    {
      "hablante": "Hablante A",
      "inicio": 255.17,
      "fin": 255.49,
      "duracion": 0.32,
      "texto": "Sí.",
      "confianza": 0.555
    },
    {
      "hablante": "Hablante A",
      "inicio": 256.31,
      "fin": 259.72,
      "duracion": 3.4,
      "texto": "Bien, acá en Sistema no tenemos un correo que utilicen.",
      "confianza": 0.699
    },
    {
      "hablante": "Hablante A",
      "inicio": 259.74,
      "fin": 276.19,
      "duracion": 16.46,
      "texto": "¿Usted me lo podrá brindar, así directamente le enviamos el QR a ese correo?",
      "confianza": 0.702
    },
    {
      "hablante": "Hablante A",
      "inicio": 276.21,
      "fin": 276.43,
      "duracion": 0.22,
      "texto": "Sí, sí, sí.",
      "confianza": 0.011
    },
    {
      "hablante": "Hablante A",
      "inicio": 276.45,
      "fin": 276.79,
      "duracion": 0.34,
      "texto": "Se llama el NICO.",
      "confianza": 0.001
    },
    {
      "hablante": "Hablante A",
      "inicio": 276.81,
      "fin": 276.87,
      "duracion": 0.06,
      "texto": "Sí.",
      "confianza": 0.002
    },
    {
      "hablante": "Hablante A",
      "inicio": 276.89,
      "fin": 277.17,
      "duracion": 0.28,
      "texto": "Salgado77-1.2.",
      "confianza": 0.109
    },
    {
      "hablante": "Hablante A",
      "inicio": 277.19,
      "fin": 277.3,
      "duracion": 0.1,
      "texto": "Bien.",
      "confianza": 0.05
    },
    {
      "hablante": "Hablante A",
      "inicio": 277.31,
      "fin": 281.68,
      "duracion": 4.36,
      "texto": "Perfecto, entonces.",
      "confianza": 0.598
    },
    {
      "hablante": "Hablante A",
      "inicio": 281.7,
      "fin": 282.42,
      "duracion": 0.72,
      "texto": "Perfecto.",
      "confianza": 0.87
    },
    {
      "hablante": "Hablante A",
      "inicio": 282.75,
      "fin": 287.98,
      "duracion": 5.23,
      "texto": "Entonces, ahí te va a estar llegando lo que es el QR para que lo puedas escanear, ¿sí?",
      "confianza": 0.732
    },
    {
      "hablante": "Hablante A",
      "inicio": 288.64,
      "fin": 294.75,
      "duracion": 6.11,
      "texto": "Una vez que te lleguen los cañas, y ahora directamente ya tendrías que estar formando parte de la compañía.",
      "confianza": 0.767
    },
    {
      "hablante": "Hablante A",
      "inicio": 295.66,
      "fin": 295.92,
      "duracion": 0.26,
      "texto": "Bien.",
      "confianza": 0.813
    },
    {
      "hablante": "Hablante A",
      "inicio": 296.76,
      "fin": 305.67,
      "duracion": 8.91,
      "texto": "Ahora te voy a solicitar, si sos tan amable, que me brindes foto de frente y dorso de tu DNI, así lo voy adicionando al sistema.",
      "confianza": 0.741
    },
    {
      "hablante": "Hablante A",
      "inicio": 306.75,
      "fin": 310.42,
      "duracion": 3.67,
      "texto": "Ya estoy cargando lo que es el pedido, ¿sí?",
      "confianza": 0.737
    },
    {
      "hablante": "Hablante A",
      "inicio": 310.44,
      "fin": 314.04,
      "duracion": 3.61,
      "texto": "Necesitaría que me pongas en altavoz para que me la puedas enviar.",
      "confianza": 0.87
    },
    {
      "hablante": "Hablante B",
      "inicio": 316.38,
      "fin": 319.65,
      "duracion": 3.26,
      "texto": "Una vez que me las mandes, ¿sí?",
      "confianza": 0.433
    },
    {
      "hablante": "Hablante B",
      "inicio": 319.67,
      "fin": 324.98,
      "duracion": 5.31,
      "texto": "Yo valido que eso es el titular para que ninguna otra persona pueda hacerse pasar por vos.",
      "confianza": 0.786
    },
    {
      "hablante": "Hablante B",
      "inicio": 325.78,
      "fin": 330.61,
      "duracion": 4.83,
      "texto": "Y una vez que lo veas, ya directamente las borrás.",
      "confianza": 0.758
    },
    {
      "hablante": "Hablante B",
      "inicio": 330.62,
      "fin": 331.37,
      "duracion": 0.74,
      "texto": "No hay problema.",
      "confianza": 0.726
    },
    {
      "hablante": "Hablante A",
      "inicio": 333.99,
      "fin": 335.71,
      "duracion": 1.72,
      "texto": "Vale, ya te puedo... Bien, te aguardo en línea.",
      "confianza": 0.401
    },
    {
      "hablante": "Hablante A",
      "inicio": 336.37,
      "fin": 358.41,
      "duracion": 22.04,
      "texto": "no hay ningún problema.",
      "confianza": 0.625
    },
    {
      "hablante": "Hablante B",
      "inicio": 367.64,
      "fin": 376.06,
      "duracion": 8.42,
      "texto": "Si no hay problema.",
      "confianza": 0.747
    },
    {
      "hablante": "Hablante A",
      "inicio": 401.01,
      "fin": 430.16,
      "duracion": 29.15,
      "texto": "No, no, no, no, no, no, no, no, no, no, no, no, no, no, no, no, no, no,",
      "confianza": 0.46
    },
    {
      "hablante": "Hablante A",
      "inicio": 430.61,
      "fin": 454.24,
      "duracion": 23.63,
      "texto": "Bien, perfecto.",
      "confianza": 0.528
    },
    {
      "hablante": "Hablante A",
      "inicio": 455.05,
      "fin": 460.59,
      "duracion": 5.55,
      "texto": "Bueno.",
      "confianza": 0.782
    },
    {
      "hablante": "Hablante B",
      "inicio": 464.96,
      "fin": 470.6,
      "duracion": 5.65,
      "texto": "Ahora, por mi parte, te voy a estar enviando lo que es un mensajito que te va a llegar desde un, dos, dos, tres.",
      "confianza": 0.724
    },
    {
      "hablante": "Hablante B",
      "inicio": 470.62,
      "fin": 474.15,
      "duracion": 3.52,
      "texto": "Es la página oficial de Movistar, ¿sí?",
      "confianza": 0.772
    },
    {
      "hablante": "Hablante B",
      "inicio": 474.17,
      "fin": 484.5,
      "duracion": 10.33,
      "texto": "Que, bueno, te lo vamos a enviar para que sigas conservando el número y que además podamos corroborar qué es tu línea realmente de la que estamos portando, ¿bien?",
      "confianza": 0.802
    },
    {
      "hablante": "Hablante B",
      "inicio": 484.68,
      "fin": 507.89,
      "duracion": 23.21,
      "texto": "te informo que al momento de que recibas este mensaje, voy a necesitar lo que es la captura de pantalla para adicionar junto a las fotos del tour en él y terminar con la carga de la gestión y además dejarte en claro que seguramente se van a contactar a lo largo del día de hoy, vas a recibir llamadas continuas de cualquier tipo de característica.",
      "confianza": 0.743
    },
    {
      "hablante": "Hablante B",
      "inicio": 507.97,
      "fin": 509.25,
      "duracion": 1.28,
      "texto": "Te pido por favor",
      "confianza": 0.844
    },
    {
      "hablante": "Hablante B",
      "inicio": 509.77,
      "fin": 518.34,
      "duracion": 8.57,
      "texto": "que las desestimes para evitar, más que todo, que haya un inconveniente en la gestión o que se te genere una doble facturación, ¿sí?",
      "confianza": 0.692
    },
    {
      "hablante": "Hablante A",
      "inicio": 520.06,
      "fin": 521.71,
      "duracion": 1.64,
      "texto": "Sí, es en el contexto.",
      "confianza": 0.045
    },
    {
      "hablante": "Hablante A",
      "inicio": 521.73,
      "fin": 523.63,
      "duracion": 1.9,
      "texto": "Exactamente, exactamente.",
      "confianza": 0.93
    },
    {
      "hablante": "Hablante A",
      "inicio": 524.09,
      "fin": 529.01,
      "duracion": 4.92,
      "texto": "Si se contracta otro asesor que no sea yo, por eso te pedí que me agendes, ¿sí?",
      "confianza": 0.759
    },
    {
      "hablante": "Hablante A",
      "inicio": 529.61,
      "fin": 533.05,
      "duracion": 3.44,
      "texto": "Te pido que me avises antes de contestar y pasar datos.",
      "confianza": 0.625
    },
    {
      "hablante": "Hablante A",
      "inicio": 533.63,
      "fin": 537.74,
      "duracion": 4.1,
      "texto": "Porque esto también puede traer dificultades en la carga de la gestión, ¿sí?",
      "confianza": 0.788
    },
    {
      "hablante": "Hablante A",
      "inicio": 538.72,
      "fin": 544.44,
      "duracion": 5.73,
      "texto": "De pantalla de ese mensajito.",
      "confianza": 0.649
    },
    {
      "hablante": "Hablante A",
      "inicio": 544.56,
      "fin": 546.6,
      "duracion": 2.04,
      "texto": "Seguramente ya te tiene que haber llegado.",
      "confianza": 0.803
    },
    {
      "hablante": "Hablante A",
      "inicio": 547.61,
      "fin": 551.23,
      "duracion": 3.62,
      "texto": "Te pido que te fijes si no lo volvemos a enviar.",
      "confianza": 0.651
    },
    {
      "hablante": "Hablante A",
      "inicio": 552.07,
      "fin": 568.57,
      "duracion": 16.5,
      "texto": "Recordar que es por mensaje de texto común.",
      "confianza": 0.653
    },
    {
      "hablante": "Hablante A",
      "inicio": 569.07,
      "fin": 571.46,
      "duracion": 2.38,
      "texto": "Bien, está perfecto.",
      "confianza": 0.728
    },
    {
      "hablante": "Hablante A",
      "inicio": 572.22,
      "fin": 575.34,
      "duracion": 3.12,
      "texto": "Si vos me habías mencionado que tu línea es prepaga, ¿verdad?",
      "confianza": 0.571
    },
    {
      "hablante": "Hablante A",
      "inicio": 575.86,
      "fin": 578.25,
      "duracion": 2.38,
      "texto": "Le realizas recarga.",
      "confianza": 0.567
    },
    {
      "hablante": "Hablante A",
      "inicio": 578.27,
      "fin": 578.39,
      "duracion": 0.12,
      "texto": "Sí.",
      "confianza": 0.411
    },
    {
      "hablante": "Hablante A",
      "inicio": 578.41,
      "fin": 579.23,
      "duracion": 0.82,
      "texto": "Bien, perfecto.",
      "confianza": 0.595
    },
    {
      "hablante": "Hablante A",
      "inicio": 579.73,
      "fin": 590.86,
      "duracion": 11.14,
      "texto": "Entonces, en el caso de que tu línea, como es prepaga, voy a necesitar que me envíes lo que es una foto de la última recarga para tener evidencia de que es prepago, justamente.",
      "confianza": 0.768
    },
    {
      "hablante": "Hablante B",
      "inicio": 592.75,
      "fin": 596.53,
      "duracion": 3.79,
      "texto": "Mientras tanto, si te voy haciendo lo que es el cierre comercial,",
      "confianza": 0.779
    },
    {
      "hablante": "Hablante B",
      "inicio": 596.98,
      "fin": 605.94,
      "duracion": 8.95,
      "texto": "que es una llamada que queda grabada a partir de ahora para que quede como constancia de lo que acabas de contratar el día de hoy conmigo, ¿sí?",
      "confianza": 0.549
    },
    {
      "hablante": "Hablante B",
      "inicio": 606.72,
      "fin": 617.37,
      "duracion": 10.65,
      "texto": "Esta llamada, como queda grabada, ante cualquier duda o consulta que tenga, te pido que al finalizar me la realices, así la llamada queda lo más prolija posible, ¿sí?",
      "confianza": 0.776
    },
    {
      "hablante": "Hablante B",
      "inicio": 618.7,
      "fin": 620.36,
      "duracion": 1.66,
      "texto": "Bien, comienza entonces.",
      "confianza": 0.543
    },
    {
      "hablante": "Hablante B",
      "inicio": 620.54,
      "fin": 631.2,
      "duracion": 10.66,
      "texto": "Estamos portando la línea 11-51-64-52-16 al nombre ya pedido del titular Salgado Carlos Nicolás.",
      "confianza": 0.835
    },
    {
      "hablante": "Hablante B",
      "inicio": 631.22,
      "fin": 637.55,
      "duracion": 6.33,
      "texto": "¿Podrás repetirme si sos tan amable los últimos tres hígitos de tu DNI, por favor?",
      "confianza": 0.728
    },
    {
      "hablante": "Hablante B",
      "inicio": 637.57,
      "fin": 638.29,
      "duracion": 0.72,
      "texto": "Sí, 8-8-3.",
      "confianza": 0.584
    },
    {
      "hablante": "Hablante B",
      "inicio": 638.87,
      "fin": 639.43,
      "duracion": 0.56,
      "texto": "Perfecto.",
      "confianza": 0.762
    },
    {
      "hablante": "Hablante B",
      "inicio": 639.49,
      "fin": 645.7,
      "duracion": 6.21,
      "texto": "Me habías dicho que tu línea está en claro con prepago, ¿verdad?",
      "confianza": 0.715
    },
    {
      "hablante": "Hablante B",
      "inicio": 645.72,
      "fin": 645.78,
      "duracion": 0.06,
      "texto": "Sí.",
      "confianza": 0.131
    },
    {
      "hablante": "Hablante B",
      "inicio": 645.8,
      "fin": 645.94,
      "duracion": 0.14,
      "texto": "Bien.",
      "confianza": 0.441
    },
    {
      "hablante": "Hablante B",
      "inicio": 646.36,
      "fin": 648.48,
      "duracion": 2.12,
      "texto": "Además, tienes SIN.",
      "confianza": 0.417
    },
    {
      "hablante": "Hablante B",
      "inicio": 648.5,
      "fin": 655.47,
      "duracion": 6.97,
      "texto": "Es por eso que te vamos a enviar lo que es el QR para que lo puedas escanear, ¿sí?",
      "confianza": 0.688
    },
    {
      "hablante": "Hablante B",
      "inicio": 655.49,
      "fin": 655.71,
      "duracion": 0.22,
      "texto": "Sí, sí, sí.",
      "confianza": 0.015
    },
    {
      "hablante": "Hablante B",
      "inicio": 655.73,
      "fin": 657.95,
      "duracion": 2.22,
      "texto": "Te voy a repasar el costo al día de hoy.",
      "confianza": 0.719
    },
    {
      "hablante": "Hablante B",
      "inicio": 657.97,
      "fin": 676.22,
      "duracion": 18.24,
      "texto": "Entonces, el plan a contratar tiene un costo al día de hoy de $6,450, consta de 4 GB de base más 10 GB de regalo con una durabilidad por seis meses que estos últimos se van a habilitar 48 horas después de ser activada la línea, ¿sí?",
      "confianza": 0.78
    },
    {
      "hablante": "Hablante B",
      "inicio": 676.5,
      "fin": 682.89,
      "duracion": 6.39,
      "texto": "El mail que me habías proporcionado, te lo repaso, es nicosalgado77.com.",
      "confianza": 0.711
    },
    {
      "hablante": "Hablante B",
      "inicio": 683.45,
      "fin": 689.06,
      "duracion": 5.61,
      "texto": "Por este medio vas a estar recibiendo lo que es el QR y además la facturación online, ¿sí?",
      "confianza": 0.659
    },
    {
      "hablante": "Hablante B",
      "inicio": 689.88,
      "fin": 698.46,
      "duracion": 8.58,
      "texto": "Y ingresando a la sección servicios de la Admin Movistar vas a poder ver toda la información referida a tu factura, ya sea ciclas de facturación, vencimientos y montos para pagar.",
      "confianza": 0.668
    },
    {
      "hablante": "Hablante B",
      "inicio": 698.84,
      "fin": 706.47,
      "duracion": 7.63,
      "texto": "Además te informo que vas a poder activar lo que son 20 gigas de regalo con una duración de 30 días disponibles una vez al año.",
      "confianza": 0.775
    },
    {
      "hablante": "Hablante B",
      "inicio": 707.47,
      "fin": 713.46,
      "duracion": 5.99,
      "texto": "En el caso de que también decidas a leer el débito automático, lo vas a poder hacer.",
      "confianza": 0.783
    },
    {
      "hablante": "Hablante B",
      "inicio": 714.14,
      "fin": 721.83,
      "duracion": 7.69,
      "texto": "Y bueno, un día antes por mensaje de WhatsApp te vamos a estar informando la fecha de portabilidad para que te quedes tranquilo.",
      "confianza": 0.643
    },
    {
      "hablante": "Hablante B",
      "inicio": 721.91,
      "fin": 724.8,
      "duracion": 2.88,
      "texto": "Es importante que, bueno,",
      "confianza": 0.785
    },
    {
      "hablante": "Hablante B",
      "inicio": 725.05,
      "fin": 727.45,
      "duracion": 2.4,
      "texto": "En este caso, no tendrías que colocar el chip.",
      "confianza": 0.629
    },
    {
      "hablante": "Hablante B",
      "inicio": 727.47,
      "fin": 731.39,
      "duracion": 3.92,
      "texto": "Sí, te va a llegar lo que es el QR al correo, ¿sí?",
      "confianza": 0.68
    },
    {
      "hablante": "Hablante B",
      "inicio": 732.16,
      "fin": 737.1,
      "duracion": 4.95,
      "texto": "Seguramente te va a pedir que valides identidad al activarlo.",
      "confianza": 0.66
    },
    {
      "hablante": "Hablante B",
      "inicio": 737.14,
      "fin": 744.25,
      "duracion": 7.11,
      "texto": "En el caso de que llegues a tener algún tipo de dificultad con la validación, te vas a poder contactar a un 0800 que te voy a dejar a continuación.",
      "confianza": 0.712
    },
    {
      "hablante": "Hablante B",
      "inicio": 745.15,
      "fin": 750.4,
      "duracion": 5.25,
      "texto": "Por último, dentro de los próximos días vas a recibir una encuesta de satisfacción mediante WhatsApp.",
      "confianza": 0.684
    },
    {
      "hablante": "Hablante B",
      "inicio": 750.42,
      "fin": 752.76,
      "duracion": 2.34,
      "texto": "Te solicitamos, Nico, que la puedas completar.",
      "confianza": 0.676
    },
    {
      "hablante": "Hablante B",
      "inicio": 752.99,
      "fin": 756.22,
      "duracion": 3.22,
      "texto": "ya que tu opinión es muy importante para la empresa, ¿sí?",
      "confianza": 0.722
    },
    {
      "hablante": "Hablante A",
      "inicio": 758.84,
      "fin": 758.9,
      "duracion": 0.06,
      "texto": "Sí.",
      "confianza": 0.002
    },
    {
      "hablante": "Hablante A",
      "inicio": 758.92,
      "fin": 759.02,
      "duracion": 0.1,
      "texto": "Bien.",
      "confianza": 0.079
    },
    {
      "hablante": "Hablante A",
      "inicio": 759.04,
      "fin": 762.26,
      "duracion": 3.22,
      "texto": "Entonces, no me queda más que brindarte un lindo día.",
      "confianza": 0.858
    },
    {
      "hablante": "Hablante A",
      "inicio": 762.34,
      "fin": 764.28,
      "duracion": 1.94,
      "texto": "Por mi parte, te doy la bienvenida a Movistar.",
      "confianza": 0.733
    },
    {
      "hablante": "Hablante A",
      "inicio": 764.54,
      "fin": 770.61,
      "duracion": 6.07,
      "texto": "Y recordar que, ante cualquier duda o consulta que tengas, ya tenés mi número para que podamos seguir en contacto.",
      "confianza": 0.758
    },
    {
      "hablante": "Hablante A",
      "inicio": 771.37,
      "fin": 777.86,
      "duracion": 6.49,
      "texto": "Y si se llega a contactar otro asesor que no será yo, házemelo saber, ¿sí?",
      "confianza": 0.733
    },
    {
      "hablante": "Hablante A",
      "inicio": 778.42,
      "fin": 780.72,
      "duracion": 2.3,
      "texto": "Más que todo para que no haya inconvenientes.",
      "confianza": 0.846
    },
    {
      "hablante": "Hablante A",
      "inicio": 781.12,
      "fin": 783.85,
      "duracion": 2.72,
      "texto": "Igual ahora me están llegando llamadas, creo que son eso.",
      "confianza": 0.313
    },
    {
      "hablante": "Hablante A",
      "inicio": 783.87,
      "fin": 784.21,
      "duracion": 0.34,
      "texto": "Exacto.",
      "confianza": 0.78
    },
    {
      "hablante": "Hablante A",
      "inicio": 784.69,
      "fin": 792.5,
      "duracion": 7.81,
      "texto": "Si van a ser bastante insistentes, es por eso que te lo dejé bien en claro, sí, te pido que al menos por unas horas las recesimes, ¿sí?",
      "confianza": 0.666
    },
    {
      "hablante": "Hablante A",
      "inicio": 792.86,
      "fin": 799.38,
      "duracion": 6.53,
      "texto": "Si yo necesito contactarme con vos nuevamente, te voy a escribir al WhatsApp que te acabo de dejar, ¿sí?",
      "confianza": 0.595
    },
    {
      "hablante": "Hablante A",
      "inicio": 799.4,
      "fin": 809.14,
      "duracion": 9.73,
      "texto": "Te he dado otra consulta que el Gmail empieza con el Nico.",
      "confianza": 0.406
    },
    {
      "hablante": "Hablante A",
      "inicio": 809.16,
      "fin": 809.34,
      "duracion": 0.18,
      "texto": "¿El Nico?",
      "confianza": 0.03
    },
    {
      "hablante": "Hablante A",
      "inicio": 809.36,
      "fin": 809.66,
      "duracion": 0.3,
      "texto": "Sí, no es Nico.",
      "confianza": 0.016
    },
    {
      "hablante": "Hablante A",
      "inicio": 809.68,
      "fin": 810.66,
      "duracion": 0.98,
      "texto": "Ahí te lo envío.",
      "confianza": 0.57
    },
    {
      "hablante": "Hablante A",
      "inicio": 811.09,
      "fin": 815.16,
      "duracion": 4.06,
      "texto": "Sí, te lo voy a dejar por escrito, a ver si está correcto.",
      "confianza": 0.845
    },
    {
      "hablante": "Hablante A",
      "inicio": 815.68,
      "fin": 821.93,
      "duracion": 6.25,
      "texto": "Sí, dame un momento, a ver si lo tipié bien, así directamente y ya lo modifico.",
      "confianza": 0.726
    },
    {
      "hablante": "Hablante B",
      "inicio": 827.21,
      "fin": 827.37,
      "duracion": 0.16,
      "texto": "Bien.",
      "confianza": 0.296
    },
    {
      "hablante": "Hablante B",
      "inicio": 827.39,
      "fin": 835.6,
      "duracion": 8.21,
      "texto": "Ahí te lo estoy dejando en el WhatsApp.",
      "confianza": 0.706
    },
    {
      "hablante": "Hablante B",
      "inicio": 835.62,
      "fin": 835.72,
      "duracion": 0.1,
      "texto": "Bien.",
      "confianza": 0.045
    },
    {
      "hablante": "Hablante B",
      "inicio": 835.74,
      "fin": 840.35,
      "duracion": 4.61,
      "texto": "Decime si está correcto, porfa.",
      "confianza": 0.663
    },
    {
      "hablante": "Hablante B",
      "inicio": 840.37,
      "fin": 840.43,
      "duracion": 0.06,
      "texto": "Sí.",
      "confianza": 0.307
    },
    {
      "hablante": "Hablante B",
      "inicio": 841.45,
      "fin": 842.4,
      "duracion": 0.94,
      "texto": "Bien, perfecto.",
      "confianza": 0.888
    },
    {
      "hablante": "Hablante B",
      "inicio": 842.46,
      "fin": 844.1,
      "duracion": 1.65,
      "texto": "Entonces, buenísimo.",
      "confianza": 0.882
    },
    {
      "hablante": "Hablante B",
      "inicio": 844.66,
      "fin": 846.45,
      "duracion": 1.79,
      "texto": "Nos mantenemos en contacto, ¿sí?",
      "confianza": 0.722
    },
    {
      "hablante": "Hablante A",
      "inicio": 848.26,
      "fin": 848.7,
      "duracion": 0.44,
      "texto": "Vale, Lito.",
      "confianza": 0.532
    },
    {
      "hablante": "Hablante A",
      "inicio": 849.04,
      "fin": 849.88,
      "duracion": 0.84,
      "texto": "Que estés muy bien.",
      "confianza": 0.381
    },
    {
      "hablante": "Hablante A",
      "inicio": 850.35,
      "fin": 850.91,
      "duracion": 0.56,
      "texto": "Hasta luego.",
      "confianza": 0.836
    },
    {
      "hablante": "Hablante A",
      "inicio": 851.81,
      "fin": 852.05,
      "duracion": 0.24,
      "texto": "Hasta luego.",
      "confianza": 0.085
    }
  ],
  "transcripcion_completa": "Hola, buen día, ¿con Carlo? Sí, quiero hablar. Un gusto, Macarena es mi nombre. Nos estamos contactando para otorgarle un beneficio de descuento en su línea. Usted actualmente es cliente de Claro, ¿verdad? Sí. Bien, perfecto. Y aproximadamente le consulto acerca de su plan. ¿Qué cantidad de gigas tiene la compañía? ¿Cuenta con gigas de base? Aparte, ¿también cuenta con gigas de regalo o solamente de base? No, nomás ahora estoy en prepago, no tengo más el plan. Bien, y ¿cuánto le realizan las recargas, por semana, por mes? No, capaz que por semana, más o menos. Bien, y aproximadamente ¿cuánto es el monto? Le consultaré esto más que todo porque tenemos una promoción para usted con un plan que está súper económico de $6,450 y va a tener lo que es 14 gigas en total, ¿sí? Son cuatro gigas de base, más diez gigas de regalo con durabilidad por seis meses y todo bonificado. Llamadas, SMS y WhatsApp totalmente libres. ¿Usted cuánto le está recargando a su línea? Más o menos seis mil por semana, capaz. Claro, es un montón. Son cuatro semanas, se le va bastante. Sí. En cambio acá tendría un precio fijo al día de hoy de $6,450 y tendría lo que es el total de 14 gigas, dándole la posibilidad que en el caso de que no alcance a ocupar el total, los pueda conservar para que le vayan acumulando. ¿Bien? Ok. ¿Qué empezó de Movistar? Movistar. Movistar. Solamente deberíamos corroborar lo que es su numerito de N.I., porque usted ya ha sido cliente, Bien, entonces sus datos nos han quedado en el sistema. Habría que corroborar si están del todo correctos para poderlos ingresar. ¿Sí? ¿Qué le ha parecido la propuesta? Está buena. Lo que pasa es que yo también tengo el SIM tipo, no tengo el chip físico. ¿El chip es SIM? Sí, sí, sí. Bien, en ese caso no habría ningún problema porque deberíamos corroborar si el correo que tenemos en sistema está correcto, si no lo modificamos, si ponemos el que utiliza actualmente, ¿por qué le llegaría un QR para poder escanear en ese caso de que la línea sea SIM? No hace falta tampoco asignarle lo que es una al sucursal. Bueno. Le llegaría lo que es al correo electrónico que ahora mismo se lo voy a detallar en cuanto termine de cargar el sistema, ¿sí? Como le decía, al ser usted cliente, ya tenemos todos sus datos, ¿sí? Mientras tanto, mientras espero que me cargue lo que es el sistema, le voy a enviar un WhatsApp, dejándole mi número, para que me pueda agendar, ¿sí? ¿Por qué le digo esto? Porque yo voy a pasar a hacer su asesora designada de ahora en adelante, hasta que hemos por finalizado el trámite, ¿sí? Bueno. Bien. Perfecto. ¿Se va a necesitar mucho cambiar de línea? No, no tarda casi nada, sí, son aproximadamente de 48.72 horas hábiles, sí. Además, un tiempo que no al tener, al tener... Todo el tiempo va a volver a línea, ¿no? No, porque va a seguir, va a seguir teniendo la línea preparada, usted le va a poder seguir realizando recargas hasta que nosotros le enviamos el QR, sí. Ah, bueno, bueno. Ahí les voy a enviar lo que es el WhatsApp. Así me puede agendar. Y ahora más les pido que no le pase datos a nadie, ¿sí? Para evitar cualquier tipo de inconveniente al momento de la carga de la gestión, ¿sí? Bien. Ahora les voy a repasar sus datos. Me figura que su nombre es Carlos Nicolás Salgado con fecha de nacimiento el 24 del 6 del 2004, ¿correcto? Sí. Bien, acá en Sistema no tenemos un correo que utilicen. ¿Usted me lo podrá brindar, así directamente le enviamos el QR a ese correo? Sí, sí, sí. Se llama el NICO. Sí. Salgado77-1.2. Bien. Perfecto, entonces. Perfecto. Entonces, ahí te va a estar llegando lo que es el QR para que lo puedas escanear, ¿sí? Una vez que te lleguen los cañas, y ahora directamente ya tendrías que estar formando parte de la compañía. Bien. Ahora te voy a solicitar, si sos tan amable, que me brindes foto de frente y dorso de tu DNI, así lo voy adicionando al sistema. Ya estoy cargando lo que es el pedido, ¿sí? Necesitaría que me pongas en altavoz para que me la puedas enviar. Una vez que me las mandes, ¿sí? Yo valido que eso es el titular para que ninguna otra persona pueda hacerse pasar por vos. Y una vez que lo veas, ya directamente las borrás. No hay problema. Vale, ya te puedo... Bien, te aguardo en línea. no hay ningún problema. Si no hay problema. No, no, no, no, no, no, no, no, no, no, no, no, no, no, no, no, no, no, Bien, perfecto. Bueno. Ahora, por mi parte, te voy a estar enviando lo que es un mensajito que te va a llegar desde un, dos, dos, tres. Es la página oficial de Movistar, ¿sí? Que, bueno, te lo vamos a enviar para que sigas conservando el número y que además podamos corroborar qué es tu línea realmente de la que estamos portando, ¿bien? te informo que al momento de que recibas este mensaje, voy a necesitar lo que es la captura de pantalla para adicionar junto a las fotos del tour en él y terminar con la carga de la gestión y además dejarte en claro que seguramente se van a contactar a lo largo del día de hoy, vas a recibir llamadas continuas de cualquier tipo de característica. Te pido por favor que las desestimes para evitar, más que todo, que haya un inconveniente en la gestión o que se te genere una doble facturación, ¿sí? Sí, es en el contexto. Exactamente, exactamente. Si se contracta otro asesor que no sea yo, por eso te pedí que me agendes, ¿sí? Te pido que me avises antes de contestar y pasar datos. Porque esto también puede traer dificultades en la carga de la gestión, ¿sí? De pantalla de ese mensajito. Seguramente ya te tiene que haber llegado. Te pido que te fijes si no lo volvemos a enviar. Recordar que es por mensaje de texto común. Bien, está perfecto. Si vos me habías mencionado que tu línea es prepaga, ¿verdad? Le realizas recarga. Sí. Bien, perfecto. Entonces, en el caso de que tu línea, como es prepaga, voy a necesitar que me envíes lo que es una foto de la última recarga para tener evidencia de que es prepago, justamente. Mientras tanto, si te voy haciendo lo que es el cierre comercial, que es una llamada que queda grabada a partir de ahora para que quede como constancia de lo que acabas de contratar el día de hoy conmigo, ¿sí? Esta llamada, como queda grabada, ante cualquier duda o consulta que tenga, te pido que al finalizar me la realices, así la llamada queda lo más prolija posible, ¿sí? Bien, comienza entonces. Estamos portando la línea 11-51-64-52-16 al nombre ya pedido del titular Salgado Carlos Nicolás. ¿Podrás repetirme si sos tan amable los últimos tres hígitos de tu DNI, por favor? Sí, 8-8-3. Perfecto. Me habías dicho que tu línea está en claro con prepago, ¿verdad? Sí. Bien. Además, tienes SIN. Es por eso que te vamos a enviar lo que es el QR para que lo puedas escanear, ¿sí? Sí, sí, sí. Te voy a repasar el costo al día de hoy. Entonces, el plan a contratar tiene un costo al día de hoy de $6,450, consta de 4 GB de base más 10 GB de regalo con una durabilidad por seis meses que estos últimos se van a habilitar 48 horas después de ser activada la línea, ¿sí? El mail que me habías proporcionado, te lo repaso, es nicosalgado77.com. Por este medio vas a estar recibiendo lo que es el QR y además la facturación online, ¿sí? Y ingresando a la sección servicios de la Admin Movistar vas a poder ver toda la información referida a tu factura, ya sea ciclas de facturación, vencimientos y montos para pagar. Además te informo que vas a poder activar lo que son 20 gigas de regalo con una duración de 30 días disponibles una vez al año. En el caso de que también decidas a leer el débito automático, lo vas a poder hacer. Y bueno, un día antes por mensaje de WhatsApp te vamos a estar informando la fecha de portabilidad para que te quedes tranquilo. Es importante que, bueno, En este caso, no tendrías que colocar el chip. Sí, te va a llegar lo que es el QR al correo, ¿sí? Seguramente te va a pedir que valides identidad al activarlo. En el caso de que llegues a tener algún tipo de dificultad con la validación, te vas a poder contactar a un 0800 que te voy a dejar a continuación. Por último, dentro de los próximos días vas a recibir una encuesta de satisfacción mediante WhatsApp. Te solicitamos, Nico, que la puedas completar. ya que tu opinión es muy importante para la empresa, ¿sí? Sí. Bien. Entonces, no me queda más que brindarte un lindo día. Por mi parte, te doy la bienvenida a Movistar. Y recordar que, ante cualquier duda o consulta que tengas, ya tenés mi número para que podamos seguir en contacto. Y si se llega a contactar otro asesor que no será yo, házemelo saber, ¿sí? Más que todo para que no haya inconvenientes. Igual ahora me están llegando llamadas, creo que son eso. Exacto. Si van a ser bastante insistentes, es por eso que te lo dejé bien en claro, sí, te pido que al menos por unas horas las recesimes, ¿sí? Si yo necesito contactarme con vos nuevamente, te voy a escribir al WhatsApp que te acabo de dejar, ¿sí? Te he dado otra consulta que el Gmail empieza con el Nico. ¿El Nico? Sí, no es Nico. Ahí te lo envío. Sí, te lo voy a dejar por escrito, a ver si está correcto. Sí, dame un momento, a ver si lo tipié bien, así directamente y ya lo modifico. Bien. Ahí te lo estoy dejando en el WhatsApp. Bien. Decime si está correcto, porfa. Sí. Bien, perfecto. Entonces, buenísimo. Nos mantenemos en contacto, ¿sí? Vale, Lito. Que estés muy bien. Hasta luego. Hasta luego.",
  "calidad": {
    "confianza_promedio": 0.567,
    "metodo_diarizacion": "pausas_fallback",
    "tiempo_procesamiento": 21.4
  },
  "metadata": {
    "modelo": "whisperx_medium",
    "diarizacion": "pausas",
    "dispositivo": "cuda",
    "fecha": "2026-01-25T18:14:11.156983",
    "version": "5.0_ecapa"
  }
}