{
  "archivo": "amza24_1_260120140227271_ACD_48475.wav",
  "duracion_segundos": 78.5,
  "num_segmentos": 18,
  "num_hablantes": 2,
  "hablantes": [
    "Hablante A",
    "Hablante B"
  ],
  "tiempo_por_hablante": {
    "Hablante A": 58.1,
    "Hablante B": 13.18
  },
  "idioma": "es",
  "conversacion": [
    {
      "hablante": "Hablante A",
      "inicio": 0.4,
      "fin": 1.14,
      "duracion": 0.74,
      "texto": "Hola.",
      "confianza": 0.372
    },
    {
      "hablante": "Hablante A",
      "inicio": 1.74,
      "fin": 2.31,
      "duracion": 0.56,
      "texto": "Hola, ¿cómo estás?",
      "confianza": 0.39
    },
    {
      "hablante": "Hablante A",
      "inicio": 2.33,
      "fin": 2.81,
      "duracion": 0.48,
      "texto": "Buenos días.",
      "confianza": 0.614
    },
    {
      "hablante": "Hablante A",
      "inicio": 2.93,
      "fin": 6.41,
      "duracion": 3.49,
      "texto": "Hablo con Magdalena.",
      "confianza": 0.545
    },
    {
      "hablante": "Hablante A",
      "inicio": 6.43,
      "fin": 6.65,
      "duracion": 0.22,
      "texto": "Ella habla.",
      "confianza": 0.038
    },
    {
      "hablante": "Hablante A",
      "inicio": 6.67,
      "fin": 7.61,
      "duracion": 0.94,
      "texto": "¿Cómo estás, Magdalena?",
      "confianza": 0.664
    },
    {
      "hablante": "Hablante A",
      "inicio": 7.63,
      "fin": 8.6,
      "duracion": 0.96,
      "texto": "¿Quién es mi nombre?",
      "confianza": 0.767
    },
    {
      "hablante": "Hablante A",
      "inicio": 8.62,
      "fin": 11.14,
      "duracion": 2.52,
      "texto": "Me estoy comunicando de la R&R Recupero de clientes.",
      "confianza": 0.581
    },
    {
      "hablante": "Hablante A",
      "inicio": 11.16,
      "fin": 11.66,
      "duracion": 0.5,
      "texto": "¿Me gusta?",
      "confianza": 0.52
    },
    {
      "hablante": "Hablante A",
      "inicio": 12.54,
      "fin": 17.67,
      "duracion": 5.13,
      "texto": "No, figura que vos habitualmente estás en clara, ¿verdad?",
      "confianza": 0.697
    },
    {
      "hablante": "Hablante A",
      "inicio": 17.69,
      "fin": 17.77,
      "duracion": 0.08,
      "texto": "Así.",
      "confianza": 0.256
    },
    {
      "hablante": "Hablante A",
      "inicio": 18.43,
      "fin": 37.25,
      "duracion": 18.82,
      "texto": "Pero antes de que continúes hablando, te digo que no me interesa cambiarme y te agradezco el tiempo y la atención de llamar, pero no me interesa cambiar de servidor.",
      "confianza": 0.823
    },
    {
      "hablante": "Hablante B",
      "inicio": 39.13,
      "fin": 46.32,
      "duracion": 7.19,
      "texto": "Porque toda la familia está en claro.",
      "confianza": 0.787
    },
    {
      "hablante": "Hablante B",
      "inicio": 46.47,
      "fin": 52.46,
      "duracion": 5.99,
      "texto": "Bien, en este caso, Valeria, tengo promociones exclusivas para aquellos clientes que han sido parte de la compañía.",
      "confianza": 0.662
    },
    {
      "hablante": "Hablante A",
      "inicio": 54.66,
      "fin": 58.75,
      "duracion": 4.09,
      "texto": "Bien, tengo para brindarle lo que es un plan de 8 siglas de base más 10 de regalo por 8.000 pesos.",
      "confianza": 0.522
    },
    {
      "hablante": "Hablante A",
      "inicio": 58.77,
      "fin": 72.24,
      "duracion": 13.48,
      "texto": "Reitero, no me interesa cambiar, así que agradezco tu tiempo.",
      "confianza": 0.213
    },
    {
      "hablante": "Hablante A",
      "inicio": 72.39,
      "fin": 73.88,
      "duracion": 1.49,
      "texto": "Buenas tardes.",
      "confianza": 0.389
    },
    {
      "hablante": "Hablante A",
      "inicio": 73.9,
      "fin": 78.5,
      "duracion": 4.6,
      "texto": "Buenas tardes, Magdalena, que estemos bien.",
      "confianza": 0.558
    }
  ],
  "transcripcion_completa": "Hola. Hola, ¿cómo estás? Buenos días. Hablo con Magdalena. Ella habla. ¿Cómo estás, Magdalena? ¿Quién es mi nombre? Me estoy comunicando de la R&R Recupero de clientes. ¿Me gusta? No, figura que vos habitualmente estás en clara, ¿verdad? Así. Pero antes de que continúes hablando, te digo que no me interesa cambiarme y te agradezco el tiempo y la atención de llamar, pero no me interesa cambiar de servidor. Porque toda la familia está en claro. Bien, en este caso, Valeria, tengo promociones exclusivas para aquellos clientes que han sido parte de la compañía. Bien, tengo para brindarle lo que es un plan de 8 siglas de base más 10 de regalo por 8.000 pesos. Reitero, no me interesa cambiar, así que agradezco tu tiempo. Buenas tardes. Buenas tardes, Magdalena, que estemos bien.",
  "calidad": {
    "confianza_promedio": 0.522,
    "metodo_diarizacion": "pausas_fallback",
    "tiempo_procesamiento": 4.9
  },
  "metadata": {
    "modelo": "whisperx_medium",
    "diarizacion": "pausas",
    "dispositivo": "cuda",
    "fecha": "2026-01-25T18:20:10.326282",
    "version": "5.0_ecapa"
  }
}