{
  "archivo": "amza1_1_260122131406491_ACD_38215.wav",
  "duracion_segundos": 80.24,
  "num_segmentos": 24,
  "num_hablantes": 2,
  "hablantes": [
    "Hablante A",
    "Hablante B"
  ],
  "tiempo_por_hablante": {
    "Hablante A": 31.53,
    "Hablante B": 43.35
  },
  "idioma": "es",
  "conversacion": [
    {
      "hablante": "Hablante A",
      "inicio": 0.03,
      "fin": 2.88,
      "duracion": 2.84,
      "texto": "Hola.",
      "confianza": 0.389
    },
    {
      "hablante": "Hablante A",
      "inicio": 2.9,
      "fin": 3.52,
      "duracion": 0.62,
      "texto": "Hola, buenos días.",
      "confianza": 0.548
    },
    {
      "hablante": "Hablante A",
      "inicio": 3.58,
      "fin": 6.34,
      "duracion": 2.76,
      "texto": "Hablo con Analía.",
      "confianza": 0.589
    },
    {
      "hablante": "Hablante A",
      "inicio": 6.36,
      "fin": 6.76,
      "duracion": 0.4,
      "texto": "Sí, ¿quién habla?",
      "confianza": 0.104
    },
    {
      "hablante": "Hablante A",
      "inicio": 6.78,
      "fin": 7.42,
      "duracion": 0.64,
      "texto": "Analía, cómo estás?",
      "confianza": 0.444
    },
    {
      "hablante": "Hablante A",
      "inicio": 7.44,
      "fin": 9.64,
      "duracion": 2.2,
      "texto": "Te habla Eva Angelina, asesora de Movistar.",
      "confianza": 0.663
    },
    {
      "hablante": "Hablante A",
      "inicio": 9.66,
      "fin": 12.03,
      "duracion": 2.36,
      "texto": "Te quería preguntar lo que es un desconto para tu línea.",
      "confianza": 0.656
    },
    {
      "hablante": "Hablante A",
      "inicio": 12.05,
      "fin": 17.14,
      "duracion": 5.09,
      "texto": "¿Me aseguras que tenés lo que es un abono mensual en claro?",
      "confianza": 0.643
    },
    {
      "hablante": "Hablante A",
      "inicio": 17.16,
      "fin": 17.3,
      "duracion": 0.14,
      "texto": "Sí, sí.",
      "confianza": 0.034
    },
    {
      "hablante": "Hablante A",
      "inicio": 17.32,
      "fin": 18.0,
      "duracion": 0.68,
      "texto": "Bien, entiendo.",
      "confianza": 0.643
    },
    {
      "hablante": "Hablante A",
      "inicio": 19.06,
      "fin": 24.06,
      "duracion": 5.01,
      "texto": "Te quería preguntar, Analía, justamente cuántos días tenés en ese plano, cuánto estás abonando por el mismo, tenés idea?",
      "confianza": 0.59
    },
    {
      "hablante": "Hablante A",
      "inicio": 25.06,
      "fin": 26.9,
      "duracion": 1.84,
      "texto": "Sí, más bien, que tengo idea de lo que estoy hablando.",
      "confianza": 0.485
    },
    {
      "hablante": "Hablante A",
      "inicio": 27.1,
      "fin": 31.34,
      "duracion": 4.25,
      "texto": "Igual en este momento, donde yo vivo, no tengo buenos señales para movilizar.",
      "confianza": 0.545
    },
    {
      "hablante": "Hablante A",
      "inicio": 31.36,
      "fin": 31.64,
      "duracion": 0.28,
      "texto": "Ah, bien.",
      "confianza": 0.65
    },
    {
      "hablante": "Hablante A",
      "inicio": 31.66,
      "fin": 34.09,
      "duracion": 2.42,
      "texto": "¿Hace cuánto lo has corroborado eso, Analia?",
      "confianza": 0.705
    },
    {
      "hablante": "Hablante B",
      "inicio": 35.63,
      "fin": 40.73,
      "duracion": 5.1,
      "texto": "No recuerdo cuándo fue, pero la verdad que en ese momento no lo puedo cambiar por temas laborales.",
      "confianza": 0.522
    },
    {
      "hablante": "Hablante B",
      "inicio": 41.29,
      "fin": 46.6,
      "duracion": 5.3,
      "texto": "Si querés, dentro de un mes, que estoy viendo dónde mudarme, podría estar.",
      "confianza": 0.712
    },
    {
      "hablante": "Hablante B",
      "inicio": 46.62,
      "fin": 50.2,
      "duracion": 3.58,
      "texto": "Bien, te hago una consulta de qué localidad sos para poder verificar el tema cobertura.",
      "confianza": 0.571
    },
    {
      "hablante": "Hablante B",
      "inicio": 50.77,
      "fin": 61.54,
      "duracion": 10.77,
      "texto": "No, si la otra vez me dijeron lo mismo, que veo buena cobertura, pero yo viviendo en mi casa, yo vivo en Gallito, viviendo en mi departamento, no tenía buena señal, así que me habían dicho que sí, que había buena cobertura, pero bueno.",
      "confianza": 0.53
    },
    {
      "hablante": "Hablante B",
      "inicio": 61.56,
      "fin": 69.43,
      "duracion": 7.87,
      "texto": "Ah, tal vez, que puede ser también, puede ser debido a tal vez la construcción, digamos, no un tema de cobertura en general, sino no de adentro de tu casa.",
      "confianza": 0.605
    },
    {
      "hablante": "Hablante B",
      "inicio": 69.45,
      "fin": 75.16,
      "duracion": 5.71,
      "texto": "Sí, sí, porque tengo inclusive internet y todo, pero bueno.",
      "confianza": 0.688
    },
    {
      "hablante": "Hablante B",
      "inicio": 75.18,
      "fin": 76.86,
      "duracion": 1.68,
      "texto": "Bueno, te dejo, porque estoy en la oficina.",
      "confianza": 0.376
    },
    {
      "hablante": "Hablante B",
      "inicio": 76.88,
      "fin": 79.22,
      "duracion": 2.34,
      "texto": "Bien, no hay ningún problema en el día, que estés muy bien.",
      "confianza": 0.404
    },
    {
      "hablante": "Hablante B",
      "inicio": 79.24,
      "fin": 80.24,
      "duracion": 1.0,
      "texto": "Igualmente se lo explota.",
      "confianza": 0.617
    }
  ],
  "transcripcion_completa": "Hola. Hola, buenos días. Hablo con Analía. Sí, ¿quién habla? Analía, cómo estás? Te habla Eva Angelina, asesora de Movistar. Te quería preguntar lo que es un desconto para tu línea. ¿Me aseguras que tenés lo que es un abono mensual en claro? Sí, sí. Bien, entiendo. Te quería preguntar, Analía, justamente cuántos días tenés en ese plano, cuánto estás abonando por el mismo, tenés idea? Sí, más bien, que tengo idea de lo que estoy hablando. Igual en este momento, donde yo vivo, no tengo buenos señales para movilizar. Ah, bien. ¿Hace cuánto lo has corroborado eso, Analia? No recuerdo cuándo fue, pero la verdad que en ese momento no lo puedo cambiar por temas laborales. Si querés, dentro de un mes, que estoy viendo dónde mudarme, podría estar. Bien, te hago una consulta de qué localidad sos para poder verificar el tema cobertura. No, si la otra vez me dijeron lo mismo, que veo buena cobertura, pero yo viviendo en mi casa, yo vivo en Gallito, viviendo en mi departamento, no tenía buena señal, así que me habían dicho que sí, que había buena cobertura, pero bueno. Ah, tal vez, que puede ser también, puede ser debido a tal vez la construcción, digamos, no un tema de cobertura en general, sino no de adentro de tu casa. Sí, sí, porque tengo inclusive internet y todo, pero bueno. Bueno, te dejo, porque estoy en la oficina. Bien, no hay ningún problema en el día, que estés muy bien. Igualmente se lo explota.",
  "calidad": {
    "confianza_promedio": 0.53,
    "metodo_diarizacion": "pausas_fallback",
    "tiempo_procesamiento": 5.7
  },
  "metadata": {
    "modelo": "whisperx_medium",
    "diarizacion": "pausas",
    "dispositivo": "cuda",
    "fecha": "2026-01-25T17:46:34.076824",
    "version": "5.0_ecapa"
  }
}