{
  "archivo": "amza14_1_260124110542410_ACD_60895.wav",
  "duracion_segundos": 156.9,
  "num_segmentos": 56,
  "num_hablantes": 2,
  "hablantes": [
    "Hablante A",
    "Hablante B"
  ],
  "tiempo_por_hablante": {
    "Hablante A": 11.82,
    "Hablante B": 133.69
  },
  "idioma": "es",
  "conversacion": [
    {
      "hablante": "Hablante A",
      "inicio": 1.08,
      "fin": 1.9,
      "duracion": 0.82,
      "texto": "Hola, buen día.",
      "confianza": 0.282
    },
    {
      "hablante": "Hablante A",
      "inicio": 1.92,
      "fin": 4.3,
      "duracion": 2.38,
      "texto": "Hablo con Estela.",
      "confianza": 0.645
    },
    {
      "hablante": "Hablante A",
      "inicio": 4.32,
      "fin": 4.38,
      "duracion": 0.06,
      "texto": "Sí.",
      "confianza": 0.089
    },
    {
      "hablante": "Hablante A",
      "inicio": 4.4,
      "fin": 5.16,
      "duracion": 0.76,
      "texto": "¿Cómo estás, Estela?",
      "confianza": 0.612
    },
    {
      "hablante": "Hablante A",
      "inicio": 5.18,
      "fin": 5.52,
      "duracion": 0.34,
      "texto": "Un gusto.",
      "confianza": 0.64
    },
    {
      "hablante": "Hablante A",
      "inicio": 5.54,
      "fin": 6.49,
      "duracion": 0.94,
      "texto": "Mi nombre es Bruno.",
      "confianza": 0.533
    },
    {
      "hablante": "Hablante A",
      "inicio": 6.5,
      "fin": 9.37,
      "duracion": 2.86,
      "texto": "Me estaba comunicando desde el área de recupero de clientes Movistar.",
      "confianza": 0.526
    },
    {
      "hablante": "Hablante A",
      "inicio": 10.23,
      "fin": 10.29,
      "duracion": 0.06,
      "texto": "Sí.",
      "confianza": 0.06
    },
    {
      "hablante": "Hablante A",
      "inicio": 10.31,
      "fin": 12.57,
      "duracion": 2.26,
      "texto": "Tenemos una promoción disponible para tu línea, Estela.",
      "confianza": 0.66
    },
    {
      "hablante": "Hablante A",
      "inicio": 12.59,
      "fin": 13.94,
      "duracion": 1.34,
      "texto": "¿Actualmente tenés claro?",
      "confianza": 0.809
    },
    {
      "hablante": "Hablante B",
      "inicio": 16.62,
      "fin": 16.94,
      "duracion": 0.32,
      "texto": "Sí, tengo claro.",
      "confianza": 0.002
    },
    {
      "hablante": "Hablante B",
      "inicio": 16.96,
      "fin": 18.78,
      "duracion": 1.82,
      "texto": "Tenía Movistar y me pasé a Claro.",
      "confianza": 0.102
    },
    {
      "hablante": "Hablante B",
      "inicio": 18.8,
      "fin": 19.3,
      "duracion": 0.5,
      "texto": "Bien, Estela.",
      "confianza": 0.587
    },
    {
      "hablante": "Hablante B",
      "inicio": 19.32,
      "fin": 27.21,
      "duracion": 7.89,
      "texto": "¿Y actualmente qué cantidad lleve y cuánto estamos abonando con Claro?",
      "confianza": 0.628
    },
    {
      "hablante": "Hablante B",
      "inicio": 27.23,
      "fin": 28.32,
      "duracion": 1.08,
      "texto": "Con Claro tengo cuatro llegan 7000 pesos, 7000 y algo.",
      "confianza": 0.021
    },
    {
      "hablante": "Hablante B",
      "inicio": 28.75,
      "fin": 29.33,
      "duracion": 0.58,
      "texto": "Bien.",
      "confianza": 0.229
    },
    {
      "hablante": "Hablante B",
      "inicio": 29.35,
      "fin": 34.8,
      "duracion": 5.45,
      "texto": "¿Vos con esa cantidad de llegas estás bien o tienes que hacer algún tipo de recarga?",
      "confianza": 0.548
    },
    {
      "hablante": "Hablante B",
      "inicio": 34.82,
      "fin": 35.44,
      "duracion": 0.62,
      "texto": "No, estoy bien.",
      "confianza": 0.447
    },
    {
      "hablante": "Hablante B",
      "inicio": 36.12,
      "fin": 36.48,
      "duracion": 0.36,
      "texto": "Me descombra, ves.",
      "confianza": 0.02
    },
    {
      "hablante": "Hablante B",
      "inicio": 36.5,
      "fin": 36.6,
      "duracion": 0.1,
      "texto": "Bien.",
      "confianza": 0.001
    },
    {
      "hablante": "Hablante B",
      "inicio": 36.62,
      "fin": 37.62,
      "duracion": 1.0,
      "texto": "Mira, Estela, te comento.",
      "confianza": 0.606
    },
    {
      "hablante": "Hablante B",
      "inicio": 37.72,
      "fin": 41.52,
      "duracion": 3.8,
      "texto": "Nosotros tenemos una promoción con 4 llegas de base más 10 llegas de regalos.",
      "confianza": 0.712
    },
    {
      "hablante": "Hablante B",
      "inicio": 41.6,
      "fin": 43.05,
      "duracion": 1.44,
      "texto": "Tendrías 14 en total.",
      "confianza": 0.837
    },
    {
      "hablante": "Hablante B",
      "inicio": 43.71,
      "fin": 44.37,
      "duracion": 0.66,
      "texto": "WhatsApp gratis.",
      "confianza": 0.494
    },
    {
      "hablante": "Hablante B",
      "inicio": 44.39,
      "fin": 46.85,
      "duracion": 2.46,
      "texto": "Habla libre a cualquier compañía en 6450.",
      "confianza": 0.67
    },
    {
      "hablante": "Hablante B",
      "inicio": 46.87,
      "fin": 57.68,
      "duracion": 10.81,
      "texto": "Lo bueno de Movistar actualmente es que desde la misma app a vos con los sobrantes de llegas al final del mes se las puedes pasar a otra línea Movistar o puedes guardarlas para no perderlas.",
      "confianza": 0.747
    },
    {
      "hablante": "Hablante B",
      "inicio": 57.88,
      "fin": 61.36,
      "duracion": 3.48,
      "texto": "a diferencia de claro que al final de mes las perdés, a las llegas que no ocupas.",
      "confianza": 0.723
    },
    {
      "hablante": "Hablante B",
      "inicio": 62.5,
      "fin": 62.56,
      "duracion": 0.06,
      "texto": "Sí.",
      "confianza": 0.1
    },
    {
      "hablante": "Hablante B",
      "inicio": 62.58,
      "fin": 71.13,
      "duracion": 8.55,
      "texto": "Así que, capaz que son muchas más llegas las que vas a tener con nosotros, pero vas a tener la posibilidad de guardar las que te creen al final del mes.",
      "confianza": 0.695
    },
    {
      "hablante": "Hablante B",
      "inicio": 71.15,
      "fin": 71.49,
      "duracion": 0.34,
      "texto": "Sí, sí, así, así.",
      "confianza": 0.027
    },
    {
      "hablante": "Hablante B",
      "inicio": 71.51,
      "fin": 74.3,
      "duracion": 2.78,
      "texto": "Y hago unas llegas un poco menos.",
      "confianza": 0.257
    },
    {
      "hablante": "Hablante B",
      "inicio": 74.42,
      "fin": 75.62,
      "duracion": 1.2,
      "texto": "Sí, así, así, ante yo.",
      "confianza": 0.122
    },
    {
      "hablante": "Hablante B",
      "inicio": 75.64,
      "fin": 82.59,
      "duracion": 6.95,
      "texto": "¿Vos tenés una sola línea o tenés más líneas?",
      "confianza": 0.699
    },
    {
      "hablante": "Hablante B",
      "inicio": 82.61,
      "fin": 83.31,
      "duracion": 0.7,
      "texto": "No, tengo varias líneas.",
      "confianza": 0.232
    },
    {
      "hablante": "Hablante B",
      "inicio": 83.33,
      "fin": 83.71,
      "duracion": 0.38,
      "texto": "Bien.",
      "confianza": 0.756
    },
    {
      "hablante": "Hablante B",
      "inicio": 83.73,
      "fin": 84.11,
      "duracion": 0.38,
      "texto": "Son de mi hijo.",
      "confianza": 0.066
    },
    {
      "hablante": "Hablante B",
      "inicio": 84.13,
      "fin": 84.77,
      "duracion": 0.64,
      "texto": "Bien, ¿y está en el nombre tuya?",
      "confianza": 0.006
    },
    {
      "hablante": "Hablante B",
      "inicio": 84.79,
      "fin": 84.85,
      "duracion": 0.06,
      "texto": "Sí.",
      "confianza": 0.331
    },
    {
      "hablante": "Hablante B",
      "inicio": 85.27,
      "fin": 94.68,
      "duracion": 9.41,
      "texto": "Bien, en ese caso, al hacer la portabilidad de más de una línea bajo un mismo titular, tendrías los que son 4 gigas extra de regalo en cada una de las líneas.",
      "confianza": 0.811
    },
    {
      "hablante": "Hablante B",
      "inicio": 94.7,
      "fin": 104.58,
      "duracion": 9.87,
      "texto": "O sea, tendrías 18 gigas en el caso de que hagas la portabilidad de más de una línea en $6,450 pesos.",
      "confianza": 0.663
    },
    {
      "hablante": "Hablante B",
      "inicio": 105.16,
      "fin": 108.14,
      "duracion": 2.98,
      "texto": "Si no, tengo un poquito.",
      "confianza": 0.337
    },
    {
      "hablante": "Hablante B",
      "inicio": 108.16,
      "fin": 114.11,
      "duracion": 5.95,
      "texto": "Tendría que consultarlo con mis hijos para ver qué me dicen para pasar las otras líneas a Moisara.",
      "confianza": 0.575
    },
    {
      "hablante": "Hablante B",
      "inicio": 114.39,
      "fin": 114.89,
      "duracion": 0.5,
      "texto": "Claro.",
      "confianza": 0.166
    },
    {
      "hablante": "Hablante B",
      "inicio": 114.91,
      "fin": 116.3,
      "duracion": 1.38,
      "texto": "Déjame consultarlo.",
      "confianza": 0.548
    },
    {
      "hablante": "Hablante B",
      "inicio": 116.31,
      "fin": 116.84,
      "duracion": 0.52,
      "texto": "Dale, mira.",
      "confianza": 0.866
    },
    {
      "hablante": "Hablante B",
      "inicio": 117.34,
      "fin": 121.24,
      "duracion": 3.91,
      "texto": "Estela, ¿te parece que te mando un WhatsApp y quedamos en contacto?",
      "confianza": 0.725
    },
    {
      "hablante": "Hablante B",
      "inicio": 121.26,
      "fin": 122.48,
      "duracion": 1.22,
      "texto": "Yo estoy hasta las dos y media.",
      "confianza": 0.8
    },
    {
      "hablante": "Hablante B",
      "inicio": 122.54,
      "fin": 125.97,
      "duracion": 3.42,
      "texto": "Cualquier cosa me avisas y yo te pego otro llamadito.",
      "confianza": 0.484
    },
    {
      "hablante": "Hablante B",
      "inicio": 125.99,
      "fin": 136.52,
      "duracion": 10.53,
      "texto": "Sí, porque yo no estoy ahora en mi casa y uno de mis hijos es camionero y no sé a dónde está ahora.",
      "confianza": 0.082
    },
    {
      "hablante": "Hablante B",
      "inicio": 136.54,
      "fin": 136.66,
      "duracion": 0.12,
      "texto": "Claro.",
      "confianza": 0.003
    },
    {
      "hablante": "Hablante B",
      "inicio": 136.68,
      "fin": 137.68,
      "duracion": 1.0,
      "texto": "No sé si está en Chile o está acá en la Argentina.",
      "confianza": 0.005
    },
    {
      "hablante": "Hablante B",
      "inicio": 137.7,
      "fin": 138.56,
      "duracion": 0.86,
      "texto": "Es mi problema.",
      "confianza": 0.35
    },
    {
      "hablante": "Hablante B",
      "inicio": 138.58,
      "fin": 139.52,
      "duracion": 0.94,
      "texto": "Entiendo, no hay problema.",
      "confianza": 0.782
    },
    {
      "hablante": "Hablante B",
      "inicio": 139.6,
      "fin": 143.63,
      "duracion": 4.02,
      "texto": "Yo te mandé un WhatsApp para que ya te quede mi número y vos cualquier cosa me contactas por ahí.",
      "confianza": 0.651
    },
    {
      "hablante": "Hablante B",
      "inicio": 143.65,
      "fin": 144.15,
      "duracion": 0.5,
      "texto": "¿Te parece?",
      "confianza": 0.868
    },
    {
      "hablante": "Hablante B",
      "inicio": 144.75,
      "fin": 156.9,
      "duracion": 12.15,
      "texto": "Perfecto, que tengas buen día, muchas gracias.",
      "confianza": 0.759
    }
  ],
  "transcripcion_completa": "Hola, buen día. Hablo con Estela. Sí. ¿Cómo estás, Estela? Un gusto. Mi nombre es Bruno. Me estaba comunicando desde el área de recupero de clientes Movistar. Sí. Tenemos una promoción disponible para tu línea, Estela. ¿Actualmente tenés claro? Sí, tengo claro. Tenía Movistar y me pasé a Claro. Bien, Estela. ¿Y actualmente qué cantidad lleve y cuánto estamos abonando con Claro? Con Claro tengo cuatro llegan 7000 pesos, 7000 y algo. Bien. ¿Vos con esa cantidad de llegas estás bien o tienes que hacer algún tipo de recarga? No, estoy bien. Me descombra, ves. Bien. Mira, Estela, te comento. Nosotros tenemos una promoción con 4 llegas de base más 10 llegas de regalos. Tendrías 14 en total. WhatsApp gratis. Habla libre a cualquier compañía en 6450. Lo bueno de Movistar actualmente es que desde la misma app a vos con los sobrantes de llegas al final del mes se las puedes pasar a otra línea Movistar o puedes guardarlas para no perderlas. a diferencia de claro que al final de mes las perdés, a las llegas que no ocupas. Sí. Así que, capaz que son muchas más llegas las que vas a tener con nosotros, pero vas a tener la posibilidad de guardar las que te creen al final del mes. Sí, sí, así, así. Y hago unas llegas un poco menos. Sí, así, así, ante yo. ¿Vos tenés una sola línea o tenés más líneas? No, tengo varias líneas. Bien. Son de mi hijo. Bien, ¿y está en el nombre tuya? Sí. Bien, en ese caso, al hacer la portabilidad de más de una línea bajo un mismo titular, tendrías los que son 4 gigas extra de regalo en cada una de las líneas. O sea, tendrías 18 gigas en el caso de que hagas la portabilidad de más de una línea en $6,450 pesos. Si no, tengo un poquito. Tendría que consultarlo con mis hijos para ver qué me dicen para pasar las otras líneas a Moisara. Claro. Déjame consultarlo. Dale, mira. Estela, ¿te parece que te mando un WhatsApp y quedamos en contacto? Yo estoy hasta las dos y media. Cualquier cosa me avisas y yo te pego otro llamadito. Sí, porque yo no estoy ahora en mi casa y uno de mis hijos es camionero y no sé a dónde está ahora. Claro. No sé si está en Chile o está acá en la Argentina. Es mi problema. Entiendo, no hay problema. Yo te mandé un WhatsApp para que ya te quede mi número y vos cualquier cosa me contactas por ahí. ¿Te parece? Perfecto, que tengas buen día, muchas gracias.",
  "calidad": {
    "confianza_promedio": 0.446,
    "metodo_diarizacion": "pausas_fallback",
    "tiempo_procesamiento": 7.5
  },
  "metadata": {
    "modelo": "whisperx_medium",
    "diarizacion": "pausas",
    "dispositivo": "cuda",
    "fecha": "2026-01-26T01:30:25.563708",
    "version": "5.0_ecapa"
  }
}