{
  "archivo": "amza1_1_260121144741166_ACD_73957.wav",
  "duracion_segundos": 412.85,
  "num_segmentos": 107,
  "num_hablantes": 2,
  "hablantes": [
    "Hablante A",
    "Hablante B"
  ],
  "tiempo_por_hablante": {
    "Hablante A": 207.12,
    "Hablante B": 181.32
  },
  "idioma": "es",
  "conversacion": [
    {
      "hablante": "Hablante A",
      "inicio": 0.03,
      "fin": 3.32,
      "duracion": 3.29,
      "texto": "Hola, buenos días.",
      "confianza": 0.526
    },
    {
      "hablante": "Hablante A",
      "inicio": 3.34,
      "fin": 5.68,
      "duracion": 2.34,
      "texto": "Hablo con Noelia.",
      "confianza": 0.632
    },
    {
      "hablante": "Hablante A",
      "inicio": 5.7,
      "fin": 5.96,
      "duracion": 0.26,
      "texto": "Sí, ¿qué tal?",
      "confianza": 0.01
    },
    {
      "hablante": "Hablante A",
      "inicio": 5.98,
      "fin": 6.64,
      "duracion": 0.66,
      "texto": "¿Qué tal, Noelia?",
      "confianza": 0.46
    },
    {
      "hablante": "Hablante A",
      "inicio": 6.66,
      "fin": 7.16,
      "duracion": 0.5,
      "texto": "¿Cómo estás?",
      "confianza": 0.686
    },
    {
      "hablante": "Hablante A",
      "inicio": 7.18,
      "fin": 8.03,
      "duracion": 0.84,
      "texto": "Un placer hablar con vos.",
      "confianza": 0.536
    },
    {
      "hablante": "Hablante A",
      "inicio": 8.04,
      "fin": 9.23,
      "duracion": 1.18,
      "texto": "¿Cómo te encontraste el día de hoy?",
      "confianza": 0.606
    },
    {
      "hablante": "Hablante A",
      "inicio": 10.49,
      "fin": 10.91,
      "duracion": 0.42,
      "texto": "Bien.",
      "confianza": 0.411
    },
    {
      "hablante": "Hablante A",
      "inicio": 10.93,
      "fin": 14.56,
      "duracion": 3.63,
      "texto": "Bueno, estamos en ese momento, justamente.",
      "confianza": 0.295
    },
    {
      "hablante": "Hablante A",
      "inicio": 14.58,
      "fin": 14.76,
      "duracion": 0.18,
      "texto": "Ah, bien.",
      "confianza": 0.008
    },
    {
      "hablante": "Hablante A",
      "inicio": 14.78,
      "fin": 15.6,
      "duracion": 0.82,
      "texto": "Bueno, te comento.",
      "confianza": 0.64
    },
    {
      "hablante": "Hablante A",
      "inicio": 15.74,
      "fin": 16.48,
      "duracion": 0.74,
      "texto": "Yo soy muy breve.",
      "confianza": 0.512
    },
    {
      "hablante": "Hablante A",
      "inicio": 16.5,
      "fin": 18.2,
      "duracion": 1.7,
      "texto": "Sí, te damos del área de beneficios movistar.",
      "confianza": 0.535
    },
    {
      "hablante": "Hablante A",
      "inicio": 18.28,
      "fin": 20.89,
      "duracion": 2.61,
      "texto": "Queríamos ver lo que es un descuento, Noelia, para tu línea.",
      "confianza": 0.697
    },
    {
      "hablante": "Hablante A",
      "inicio": 21.53,
      "fin": 24.55,
      "duracion": 3.03,
      "texto": "Me figuraste así con una buena mensual en claro, ¿correcto?",
      "confianza": 0.611
    },
    {
      "hablante": "Hablante A",
      "inicio": 25.04,
      "fin": 26.62,
      "duracion": 1.58,
      "texto": "Exactamente.",
      "confianza": 0.081
    },
    {
      "hablante": "Hablante A",
      "inicio": 26.64,
      "fin": 26.78,
      "duracion": 0.14,
      "texto": "Sí, sí.",
      "confianza": 0.048
    },
    {
      "hablante": "Hablante A",
      "inicio": 26.8,
      "fin": 27.38,
      "duracion": 0.58,
      "texto": "Bien, te comento.",
      "confianza": 0.253
    },
    {
      "hablante": "Hablante A",
      "inicio": 27.42,
      "fin": 31.19,
      "duracion": 3.77,
      "texto": "Nosotros, justamente desde la compañía de Movistar, tenemos lo que es un descuento, ¿sí?",
      "confianza": 0.771
    },
    {
      "hablante": "Hablante A",
      "inicio": 31.53,
      "fin": 44.35,
      "duracion": 12.82,
      "texto": "Lo que es un plan de 8 días de base más 10 días de regalo por 6 meses para que puedas disfrutar, obviamente, de lo que es el servicio, ¿sí?",
      "confianza": 0.649
    },
    {
      "hablante": "Hablante A",
      "inicio": 44.37,
      "fin": 44.51,
      "duracion": 0.14,
      "texto": "Sí.",
      "confianza": 0.306
    },
    {
      "hablante": "Hablante A",
      "inicio": 44.53,
      "fin": 47.05,
      "duracion": 2.52,
      "texto": "Para disfrutar completamente, ¿sí?",
      "confianza": 0.274
    },
    {
      "hablante": "Hablante A",
      "inicio": 47.09,
      "fin": 47.31,
      "duracion": 0.22,
      "texto": "Bien.",
      "confianza": 0.463
    },
    {
      "hablante": "Hablante A",
      "inicio": 47.33,
      "fin": 47.43,
      "duracion": 0.1,
      "texto": "Bien.",
      "confianza": 0.36
    },
    {
      "hablante": "Hablante A",
      "inicio": 47.79,
      "fin": 53.24,
      "duracion": 5.45,
      "texto": "La más directa con el compañía y como extra, tenemos lo que es roaming en América y llamadas América Precio Local.",
      "confianza": 0.7
    },
    {
      "hablante": "Hablante A",
      "inicio": 53.51,
      "fin": 56.87,
      "duracion": 3.36,
      "texto": "Todo esto por un valor de $8,000 pesos por mes, ¿sí?",
      "confianza": 0.66
    },
    {
      "hablante": "Hablante A",
      "inicio": 56.89,
      "fin": 58.98,
      "duracion": 2.08,
      "texto": "Vas a tener lo que es un descuento fijo por seis meses.",
      "confianza": 0.745
    },
    {
      "hablante": "Hablante A",
      "inicio": 59.0,
      "fin": 61.76,
      "duracion": 2.76,
      "texto": "¿Qué te parece?",
      "confianza": 0.729
    },
    {
      "hablante": "Hablante A",
      "inicio": 61.78,
      "fin": 64.4,
      "duracion": 2.62,
      "texto": "Mira, está todo bien.",
      "confianza": 0.195
    },
    {
      "hablante": "Hablante A",
      "inicio": 64.42,
      "fin": 70.47,
      "duracion": 6.05,
      "texto": "Yo tengo 14 siglas y pago $5,000 pesos en claro.",
      "confianza": 0.635
    },
    {
      "hablante": "Hablante A",
      "inicio": 70.49,
      "fin": 70.59,
      "duracion": 0.1,
      "texto": "Bien.",
      "confianza": 0.008
    },
    {
      "hablante": "Hablante A",
      "inicio": 70.61,
      "fin": 73.42,
      "duracion": 2.8,
      "texto": "El tema es el siguiente, que es por qué me voy a demostrar.",
      "confianza": 0.279
    },
    {
      "hablante": "Hablante A",
      "inicio": 73.44,
      "fin": 74.06,
      "duracion": 0.62,
      "texto": "Yo te explico.",
      "confianza": 0.588
    },
    {
      "hablante": "Hablante A",
      "inicio": 74.96,
      "fin": 76.98,
      "duracion": 2.02,
      "texto": "Decime.",
      "confianza": 0.758
    },
    {
      "hablante": "Hablante A",
      "inicio": 77.04,
      "fin": 81.93,
      "duracion": 4.89,
      "texto": "La cuestión que me ofrecían, planes y todo eso, estaba bárbaro.",
      "confianza": 0.567
    },
    {
      "hablante": "Hablante A",
      "inicio": 82.67,
      "fin": 85.99,
      "duracion": 3.32,
      "texto": "Pero a los tres meses terminaba pagando $14,000 pesos.",
      "confianza": 0.601
    },
    {
      "hablante": "Hablante A",
      "inicio": 87.39,
      "fin": 89.24,
      "duracion": 1.84,
      "texto": "Se subaba todos los meses.",
      "confianza": 0.326
    },
    {
      "hablante": "Hablante A",
      "inicio": 89.26,
      "fin": 92.12,
      "duracion": 2.86,
      "texto": "Entonces, por eso también me cansé y me fui de la empresa.",
      "confianza": 0.507
    },
    {
      "hablante": "Hablante A",
      "inicio": 93.06,
      "fin": 100.97,
      "duracion": 7.91,
      "texto": "Porque me hacían una bonificación, me hacían una bonificación, pero al mes siguiente se aumentaban $1,200 pesos.",
      "confianza": 0.317
    },
    {
      "hablante": "Hablante A",
      "inicio": 100.99,
      "fin": 106.8,
      "duracion": 5.81,
      "texto": "Y así sucesivamente, hasta que se llevó al monto, que no podía pagar, no quería pagar tampoco, porque era rico.",
      "confianza": 0.387
    },
    {
      "hablante": "Hablante A",
      "inicio": 107.1,
      "fin": 116.27,
      "duracion": 9.17,
      "texto": "Donde yo trabajo, tengo Wi-Fi.",
      "confianza": 0.077
    },
    {
      "hablante": "Hablante A",
      "inicio": 116.29,
      "fin": 116.83,
      "duracion": 0.54,
      "texto": "En mi gas pad, tengo Wi-Fi.",
      "confianza": 0.038
    },
    {
      "hablante": "Hablante A",
      "inicio": 116.86,
      "fin": 118.8,
      "duracion": 1.94,
      "texto": "Entonces, al fin y al cabo, se viene apagando un servicio que no me podía, ¿me entendés?",
      "confianza": 0.101
    },
    {
      "hablante": "Hablante A",
      "inicio": 118.82,
      "fin": 119.16,
      "duracion": 0.34,
      "texto": "Bien, entiendo.",
      "confianza": 0.128
    },
    {
      "hablante": "Hablante A",
      "inicio": 119.18,
      "fin": 119.64,
      "duracion": 0.46,
      "texto": "Entonces, ¿qué te pasó?",
      "confianza": 0.111
    },
    {
      "hablante": "Hablante A",
      "inicio": 119.66,
      "fin": 123.96,
      "duracion": 4.31,
      "texto": "Bien, yo te comento que ahora, en ese momento de noelia, tenemos lo que son los precios bastante estables.",
      "confianza": 0.663
    },
    {
      "hablante": "Hablante A",
      "inicio": 124.61,
      "fin": 126.61,
      "duracion": 2.0,
      "texto": "Sí, no han estado habiendo tantos aumentos.",
      "confianza": 0.789
    },
    {
      "hablante": "Hablante A",
      "inicio": 126.63,
      "fin": 128.91,
      "duracion": 2.28,
      "texto": "Sí, el descuento se encuentra fijo por seis meses.",
      "confianza": 0.634
    },
    {
      "hablante": "Hablante A",
      "inicio": 129.03,
      "fin": 134.7,
      "duracion": 5.67,
      "texto": "Y realmente, como te digo, yo tengo mi palabra, se han mantenido muy bien para que te quedes tranquila.",
      "confianza": 0.659
    },
    {
      "hablante": "Hablante A",
      "inicio": 134.93,
      "fin": 143.24,
      "duracion": 8.31,
      "texto": "De todas maneras, si por ejemplo quisieras pagar un poco menos, tenemos otra promoción para brindarte, que es lo que es el plan de 14 gigas, al igual que el que tenés vos ahora, ¿sí?",
      "confianza": 0.667
    },
    {
      "hablante": "Hablante A",
      "inicio": 143.96,
      "fin": 148.23,
      "duracion": 4.27,
      "texto": "Incluso lo que es WhatsApp, gratis y llamadas libres por $6,450 pesos.",
      "confianza": 0.556
    },
    {
      "hablante": "Hablante A",
      "inicio": 148.25,
      "fin": 149.39,
      "duracion": 1.14,
      "texto": "¿Me dijiste que estabas abonando?",
      "confianza": 0.535
    },
    {
      "hablante": "Hablante A",
      "inicio": 149.41,
      "fin": 150.93,
      "duracion": 1.52,
      "texto": "¿Cuánto vos?",
      "confianza": 0.566
    },
    {
      "hablante": "Hablante A",
      "inicio": 150.95,
      "fin": 151.23,
      "duracion": 0.28,
      "texto": "5,000.",
      "confianza": 0.876
    },
    {
      "hablante": "Hablante A",
      "inicio": 152.48,
      "fin": 153.22,
      "duracion": 0.74,
      "texto": "Bien, 5,000.",
      "confianza": 0.708
    },
    {
      "hablante": "Hablante A",
      "inicio": 153.24,
      "fin": 154.92,
      "duracion": 1.68,
      "texto": "Es el plan de 14 gigas, este.",
      "confianza": 0.716
    },
    {
      "hablante": "Hablante A",
      "inicio": 155.06,
      "fin": 160.09,
      "duracion": 5.03,
      "texto": "Y tenés además el beneficio de activar 20 gigas cuando vos quieras, en cualquier momento del año, ¿sí?",
      "confianza": 0.738
    },
    {
      "hablante": "Hablante A",
      "inicio": 160.59,
      "fin": 163.77,
      "duracion": 3.19,
      "texto": "Es el beneficio y te duran 30 días, eso es 20 gigas.",
      "confianza": 0.625
    },
    {
      "hablante": "Hablante A",
      "inicio": 164.22,
      "fin": 168.53,
      "duracion": 4.3,
      "texto": "Bien, no hay ningún problema, te puedo... ¿Cómo?",
      "confianza": 0.319
    },
    {
      "hablante": "Hablante A",
      "inicio": 168.55,
      "fin": 172.23,
      "duracion": 3.68,
      "texto": "Sí, decimos que me está hablando... Ah, pensé que me decías a mí.",
      "confianza": 0.143
    },
    {
      "hablante": "Hablante A",
      "inicio": 172.25,
      "fin": 172.35,
      "duracion": 0.1,
      "texto": "Bien.",
      "confianza": 0.202
    },
    {
      "hablante": "Hablante A",
      "inicio": 172.37,
      "fin": 178.48,
      "duracion": 6.11,
      "texto": "No, no, no, pero justo me estaba hablando el trapito de... Ah, bien, bien, bien, suele pasar.",
      "confianza": 0.435
    },
    {
      "hablante": "Hablante A",
      "inicio": 178.5,
      "fin": 180.84,
      "duracion": 2.34,
      "texto": "Bien, esos son los dos planes promocionales que tenemos.",
      "confianza": 0.587
    },
    {
      "hablante": "Hablante A",
      "inicio": 180.88,
      "fin": 191.63,
      "duracion": 10.75,
      "texto": "La verdad es que entre uno y el otro, obviamente, hay uno que es mucho más completo que el de 8GB, que tenés en total 18GB para utilizar, y además vas a tener lo que es roaming y la más en América Peso Local por 8000.",
      "confianza": 0.619
    },
    {
      "hablante": "Hablante A",
      "inicio": 191.83,
      "fin": 202.1,
      "duracion": 10.27,
      "texto": "Como te digo, los precios han estabilizado bastante estos últimos meses, así que en caso de que quieras probar la compañera, puedes probar y en caso de que veas alguna disconformidad que no te guste, tranquilamente podés cambiarte.",
      "confianza": 0.655
    },
    {
      "hablante": "Hablante A",
      "inicio": 202.12,
      "fin": 205.17,
      "duracion": 3.04,
      "texto": "Bien, no es que tenés un compromiso del seguimiento.",
      "confianza": 0.71
    },
    {
      "hablante": "Hablante A",
      "inicio": 205.19,
      "fin": 206.15,
      "duracion": 0.96,
      "texto": "Eso, eso, yo lo sé.",
      "confianza": 0.417
    },
    {
      "hablante": "Hablante A",
      "inicio": 206.17,
      "fin": 209.79,
      "duracion": 3.62,
      "texto": "Sí, sí, sí.",
      "confianza": 0.544
    },
    {
      "hablante": "Hablante A",
      "inicio": 209.81,
      "fin": 211.21,
      "duracion": 1.4,
      "texto": "Pero bueno, escúchame.",
      "confianza": 0.225
    },
    {
      "hablante": "Hablante A",
      "inicio": 211.23,
      "fin": 213.01,
      "duracion": 1.78,
      "texto": "Dejámelo pensar.",
      "confianza": 0.16
    },
    {
      "hablante": "Hablante A",
      "inicio": 213.03,
      "fin": 213.13,
      "duracion": 0.1,
      "texto": "Dale.",
      "confianza": 0.068
    },
    {
      "hablante": "Hablante A",
      "inicio": 213.15,
      "fin": 216.06,
      "duracion": 2.9,
      "texto": "Le evaluaré, ¿sí?",
      "confianza": 0.358
    },
    {
      "hablante": "Hablante A",
      "inicio": 216.08,
      "fin": 220.42,
      "duracion": 4.34,
      "texto": "No quiero decir que no ahora porque... Pero la realidad es esta, que a mí la empresa...",
      "confianza": 0.313
    },
    {
      "hablante": "Hablante B",
      "inicio": 222.53,
      "fin": 235.02,
      "duracion": 12.49,
      "texto": "y al último tiempo la verdad es que nada, que no podía, en dos meses no podía entablar una misma gota, ¿me entendés?",
      "confianza": 0.597
    },
    {
      "hablante": "Hablante B",
      "inicio": 235.12,
      "fin": 239.49,
      "duracion": 4.37,
      "texto": "Entonces ahí es donde me sentí como totalmente desfraudada porque",
      "confianza": 0.401
    },
    {
      "hablante": "Hablante B",
      "inicio": 239.6,
      "fin": 246.57,
      "duracion": 6.97,
      "texto": "Me merecían todos los picos, tenía razón, obviamente, que me conseguían un mejor plan y todo eso.",
      "confianza": 0.449
    },
    {
      "hablante": "Hablante B",
      "inicio": 247.13,
      "fin": 254.1,
      "duracion": 6.97,
      "texto": "Pero al final, en dos meses y al tercer mes, terminaba pagando, siempre sudaba el monto que no quería pagar.",
      "confianza": 0.492
    },
    {
      "hablante": "Hablante B",
      "inicio": 254.86,
      "fin": 269.41,
      "duracion": 14.55,
      "texto": "Tenía todo, tenía el molem de casa, tenía la línea de mi marido, tenía absolutamente todo.",
      "confianza": 0.609
    },
    {
      "hablante": "Hablante B",
      "inicio": 269.71,
      "fin": 276.44,
      "duracion": 6.73,
      "texto": "y al final y al cabo se me iba muchísima plata, casi 100 lucas se me iba mensualmente el movilizar.",
      "confianza": 0.395
    },
    {
      "hablante": "Hablante B",
      "inicio": 277.67,
      "fin": 285.64,
      "duracion": 7.98,
      "texto": "Claro, eso te ha pasado algo porque sí, hubo una época en la que hubieran muchísimos momentos de estorbitando, literalmente, o sea, tenían mucha plata.",
      "confianza": 0.427
    },
    {
      "hablante": "Hablante B",
      "inicio": 285.98,
      "fin": 306.86,
      "duracion": 20.88,
      "texto": "Tengo tres teléfonos, entonces nada.",
      "confianza": 0.537
    },
    {
      "hablante": "Hablante B",
      "inicio": 307.29,
      "fin": 323.04,
      "duracion": 15.75,
      "texto": "No hay ningún problema, entiendo tu inquietud, como te digo, cara tranquila igual que actualmente ha estado bastante estable lo que es el tema aumentos porque yo le hago un seguimiento a mis clientes, una vez que uno hace lo que es la gestión conmigo yo soy tu asesora personal, entonces cualquier duda o consulta que tengas.",
      "confianza": 0.602
    },
    {
      "hablante": "Hablante B",
      "inicio": 323.22,
      "fin": 328.53,
      "duracion": 5.31,
      "texto": "que los meses, digamos, en el momento que lo haces en adelante, podés acudir a mi WhatsApp, podés preguntarme.",
      "confianza": 0.62
    },
    {
      "hablante": "Hablante B",
      "inicio": 328.85,
      "fin": 334.75,
      "duracion": 5.91,
      "texto": "Y bueno, yo obviamente les he mandado lo que son encuestas y demás para ver el tema aumentos y no, los precios han mantenido bastante estables.",
      "confianza": 0.66
    },
    {
      "hablante": "Hablante B",
      "inicio": 335.11,
      "fin": 345.36,
      "duracion": 10.25,
      "texto": "Así que en ese caso, si quieres justamente, bueno, sumarte, quédate tranquila, diré que el precio se va a mantener bien lo mejor posible durante los primeros seis meses.",
      "confianza": 0.651
    },
    {
      "hablante": "Hablante B",
      "inicio": 345.38,
      "fin": 351.81,
      "duracion": 6.43,
      "texto": "Después, obviamente, vos tendrías que ver de adverte a otro gran descuento o a través de la aplicación adquirir otro plan, ¿sí?",
      "confianza": 0.688
    },
    {
      "hablante": "Hablante B",
      "inicio": 352.06,
      "fin": 353.96,
      "duracion": 1.9,
      "texto": "Exactamente.",
      "confianza": 0.242
    },
    {
      "hablante": "Hablante B",
      "inicio": 353.98,
      "fin": 354.2,
      "duracion": 0.22,
      "texto": "Sí, sí, sí.",
      "confianza": 0.08
    },
    {
      "hablante": "Hablante B",
      "inicio": 354.22,
      "fin": 361.11,
      "duracion": 6.89,
      "texto": "Déjame que lo lechole y lechole a mi marido, que tiene tres niños más.",
      "confianza": 0.333
    },
    {
      "hablante": "Hablante B",
      "inicio": 361.13,
      "fin": 361.43,
      "duracion": 0.3,
      "texto": "Dale, dale.",
      "confianza": 0.149
    },
    {
      "hablante": "Hablante B",
      "inicio": 361.45,
      "fin": 361.99,
      "duracion": 0.54,
      "texto": "Perfecto, Noe.",
      "confianza": 0.288
    },
    {
      "hablante": "Hablante B",
      "inicio": 362.01,
      "fin": 364.39,
      "duracion": 2.38,
      "texto": "Si te pones con contacto, te confirmo.",
      "confianza": 0.445
    },
    {
      "hablante": "Hablante B",
      "inicio": 364.74,
      "fin": 367.68,
      "duracion": 2.94,
      "texto": "Mira, ahora mismo te mandé un mensajito por WhatsApp, decime si te llegó.",
      "confianza": 0.619
    },
    {
      "hablante": "Hablante B",
      "inicio": 368.9,
      "fin": 370.1,
      "duracion": 1.2,
      "texto": "Dale.",
      "confianza": 0.684
    },
    {
      "hablante": "Hablante B",
      "inicio": 370.12,
      "fin": 372.2,
      "duracion": 2.08,
      "texto": "Ah, bueno, bueno.",
      "confianza": 0.436
    },
    {
      "hablante": "Hablante B",
      "inicio": 372.23,
      "fin": 375.47,
      "duracion": 3.24,
      "texto": "Bueno, ahí...",
      "confianza": 0.477
    },
    {
      "hablante": "Hablante B",
      "inicio": 375.85,
      "fin": 380.04,
      "duracion": 4.18,
      "texto": "Ok, ahí te mandé el mensajito, te lo mandé con la promo de los 18 gigas.",
      "confianza": 0.615
    },
    {
      "hablante": "Hablante B",
      "inicio": 380.1,
      "fin": 386.94,
      "duracion": 6.85,
      "texto": "En caso de que quieras, te puedo enviar la otra también, no hay ningún problema, que quieras pasar más de una línea, te mando la otra, no hay ningún inconveniente.",
      "confianza": 0.663
    },
    {
      "hablante": "Hablante B",
      "inicio": 386.96,
      "fin": 391.65,
      "duracion": 4.68,
      "texto": "Y bueno, decirte que las promociones por lo menos están vigentes hasta el día de hoy.",
      "confianza": 0.736
    },
    {
      "hablante": "Hablante B",
      "inicio": 391.71,
      "fin": 396.09,
      "duracion": 4.38,
      "texto": "Yo no sé, Fabriá, si decirte el día de mañana también, porque no nos lo tenemos confirmado.",
      "confianza": 0.675
    },
    {
      "hablante": "Hablante B",
      "inicio": 396.51,
      "fin": 403.86,
      "duracion": 7.35,
      "texto": "Pero en el transcurso a la tarde me puedes avisar y bueno, cualquier cosa que me avisas mañana, vemos qué se puede hacer.",
      "confianza": 0.61
    },
    {
      "hablante": "Hablante B",
      "inicio": 403.88,
      "fin": 404.74,
      "duracion": 0.86,
      "texto": "¿Bien?",
      "confianza": 0.205
    },
    {
      "hablante": "Hablante B",
      "inicio": 404.76,
      "fin": 405.14,
      "duracion": 0.38,
      "texto": "Perfecto, perfecto.",
      "confianza": 0.052
    },
    {
      "hablante": "Hablante B",
      "inicio": 405.16,
      "fin": 405.76,
      "duracion": 0.6,
      "texto": "Muchísimas gracias.",
      "confianza": 0.173
    },
    {
      "hablante": "Hablante B",
      "inicio": 405.93,
      "fin": 407.88,
      "duracion": 1.95,
      "texto": "No, gracias a vos, muy amable.",
      "confianza": 0.504
    },
    {
      "hablante": "Hablante B",
      "inicio": 408.7,
      "fin": 409.49,
      "duracion": 0.79,
      "texto": "Chau, hasta luego.",
      "confianza": 0.469
    },
    {
      "hablante": "Hablante B",
      "inicio": 409.83,
      "fin": 412.85,
      "duracion": 3.02,
      "texto": "Si estés bien, nos vemos, hasta luego.",
      "confianza": 0.456
    }
  ],
  "transcripcion_completa": "Hola, buenos días. Hablo con Noelia. Sí, ¿qué tal? ¿Qué tal, Noelia? ¿Cómo estás? Un placer hablar con vos. ¿Cómo te encontraste el día de hoy? Bien. Bueno, estamos en ese momento, justamente. Ah, bien. Bueno, te comento. Yo soy muy breve. Sí, te damos del área de beneficios movistar. Queríamos ver lo que es un descuento, Noelia, para tu línea. Me figuraste así con una buena mensual en claro, ¿correcto? Exactamente. Sí, sí. Bien, te comento. Nosotros, justamente desde la compañía de Movistar, tenemos lo que es un descuento, ¿sí? Lo que es un plan de 8 días de base más 10 días de regalo por 6 meses para que puedas disfrutar, obviamente, de lo que es el servicio, ¿sí? Sí. Para disfrutar completamente, ¿sí? Bien. Bien. La más directa con el compañía y como extra, tenemos lo que es roaming en América y llamadas América Precio Local. Todo esto por un valor de $8,000 pesos por mes, ¿sí? Vas a tener lo que es un descuento fijo por seis meses. ¿Qué te parece? Mira, está todo bien. Yo tengo 14 siglas y pago $5,000 pesos en claro. Bien. El tema es el siguiente, que es por qué me voy a demostrar. Yo te explico. Decime. La cuestión que me ofrecían, planes y todo eso, estaba bárbaro. Pero a los tres meses terminaba pagando $14,000 pesos. Se subaba todos los meses. Entonces, por eso también me cansé y me fui de la empresa. Porque me hacían una bonificación, me hacían una bonificación, pero al mes siguiente se aumentaban $1,200 pesos. Y así sucesivamente, hasta que se llevó al monto, que no podía pagar, no quería pagar tampoco, porque era rico. Donde yo trabajo, tengo Wi-Fi. En mi gas pad, tengo Wi-Fi. Entonces, al fin y al cabo, se viene apagando un servicio que no me podía, ¿me entendés? Bien, entiendo. Entonces, ¿qué te pasó? Bien, yo te comento que ahora, en ese momento de noelia, tenemos lo que son los precios bastante estables. Sí, no han estado habiendo tantos aumentos. Sí, el descuento se encuentra fijo por seis meses. Y realmente, como te digo, yo tengo mi palabra, se han mantenido muy bien para que te quedes tranquila. De todas maneras, si por ejemplo quisieras pagar un poco menos, tenemos otra promoción para brindarte, que es lo que es el plan de 14 gigas, al igual que el que tenés vos ahora, ¿sí? Incluso lo que es WhatsApp, gratis y llamadas libres por $6,450 pesos. ¿Me dijiste que estabas abonando? ¿Cuánto vos? 5,000. Bien, 5,000. Es el plan de 14 gigas, este. Y tenés además el beneficio de activar 20 gigas cuando vos quieras, en cualquier momento del año, ¿sí? Es el beneficio y te duran 30 días, eso es 20 gigas. Bien, no hay ningún problema, te puedo... ¿Cómo? Sí, decimos que me está hablando... Ah, pensé que me decías a mí. Bien. No, no, no, pero justo me estaba hablando el trapito de... Ah, bien, bien, bien, suele pasar. Bien, esos son los dos planes promocionales que tenemos. La verdad es que entre uno y el otro, obviamente, hay uno que es mucho más completo que el de 8GB, que tenés en total 18GB para utilizar, y además vas a tener lo que es roaming y la más en América Peso Local por 8000. Como te digo, los precios han estabilizado bastante estos últimos meses, así que en caso de que quieras probar la compañera, puedes probar y en caso de que veas alguna disconformidad que no te guste, tranquilamente podés cambiarte. Bien, no es que tenés un compromiso del seguimiento. Eso, eso, yo lo sé. Sí, sí, sí. Pero bueno, escúchame. Dejámelo pensar. Dale. Le evaluaré, ¿sí? No quiero decir que no ahora porque... Pero la realidad es esta, que a mí la empresa... y al último tiempo la verdad es que nada, que no podía, en dos meses no podía entablar una misma gota, ¿me entendés? Entonces ahí es donde me sentí como totalmente desfraudada porque Me merecían todos los picos, tenía razón, obviamente, que me conseguían un mejor plan y todo eso. Pero al final, en dos meses y al tercer mes, terminaba pagando, siempre sudaba el monto que no quería pagar. Tenía todo, tenía el molem de casa, tenía la línea de mi marido, tenía absolutamente todo. y al final y al cabo se me iba muchísima plata, casi 100 lucas se me iba mensualmente el movilizar. Claro, eso te ha pasado algo porque sí, hubo una época en la que hubieran muchísimos momentos de estorbitando, literalmente, o sea, tenían mucha plata. Tengo tres teléfonos, entonces nada. No hay ningún problema, entiendo tu inquietud, como te digo, cara tranquila igual que actualmente ha estado bastante estable lo que es el tema aumentos porque yo le hago un seguimiento a mis clientes, una vez que uno hace lo que es la gestión conmigo yo soy tu asesora personal, entonces cualquier duda o consulta que tengas. que los meses, digamos, en el momento que lo haces en adelante, podés acudir a mi WhatsApp, podés preguntarme. Y bueno, yo obviamente les he mandado lo que son encuestas y demás para ver el tema aumentos y no, los precios han mantenido bastante estables. Así que en ese caso, si quieres justamente, bueno, sumarte, quédate tranquila, diré que el precio se va a mantener bien lo mejor posible durante los primeros seis meses. Después, obviamente, vos tendrías que ver de adverte a otro gran descuento o a través de la aplicación adquirir otro plan, ¿sí? Exactamente. Sí, sí, sí. Déjame que lo lechole y lechole a mi marido, que tiene tres niños más. Dale, dale. Perfecto, Noe. Si te pones con contacto, te confirmo. Mira, ahora mismo te mandé un mensajito por WhatsApp, decime si te llegó. Dale. Ah, bueno, bueno. Bueno, ahí... Ok, ahí te mandé el mensajito, te lo mandé con la promo de los 18 gigas. En caso de que quieras, te puedo enviar la otra también, no hay ningún problema, que quieras pasar más de una línea, te mando la otra, no hay ningún inconveniente. Y bueno, decirte que las promociones por lo menos están vigentes hasta el día de hoy. Yo no sé, Fabriá, si decirte el día de mañana también, porque no nos lo tenemos confirmado. Pero en el transcurso a la tarde me puedes avisar y bueno, cualquier cosa que me avisas mañana, vemos qué se puede hacer. ¿Bien? Perfecto, perfecto. Muchísimas gracias. No, gracias a vos, muy amable. Chau, hasta luego. Si estés bien, nos vemos, hasta luego.",
  "calidad": {
    "confianza_promedio": 0.461,
    "metodo_diarizacion": "pausas_fallback",
    "tiempo_procesamiento": 13.6
  },
  "metadata": {
    "modelo": "whisperx_medium",
    "diarizacion": "pausas",
    "dispositivo": "cuda",
    "fecha": "2026-01-25T17:45:48.216959",
    "version": "5.0_ecapa"
  }
}