{
  "archivo": "amza21_1_260119142400201_ACD_44303.wav",
  "duracion_segundos": 625.83,
  "num_segmentos": 177,
  "num_hablantes": 2,
  "hablantes": [
    "Hablante A",
    "Hablante B"
  ],
  "tiempo_por_hablante": {
    "Hablante B": 239.63,
    "Hablante A": 310.84
  },
  "idioma": "es",
  "conversacion": [
    {
      "hablante": "Hablante B",
      "inicio": 3.22,
      "fin": 4.08,
      "duracion": 0.86,
      "texto": "Hola, ¿qué tal?",
      "confianza": 0.537
    },
    {
      "hablante": "Hablante B",
      "inicio": 4.1,
      "fin": 6.26,
      "duracion": 2.16,
      "texto": "Buenos días, hablo con Jennifer Contreda.",
      "confianza": 0.636
    },
    {
      "hablante": "Hablante B",
      "inicio": 7.33,
      "fin": 8.09,
      "duracion": 0.76,
      "texto": "Sí, ¿de parte?",
      "confianza": 0.172
    },
    {
      "hablante": "Hablante B",
      "inicio": 8.11,
      "fin": 8.49,
      "duracion": 0.38,
      "texto": "¿Qué tal?",
      "confianza": 0.772
    },
    {
      "hablante": "Hablante B",
      "inicio": 8.51,
      "fin": 9.05,
      "duracion": 0.54,
      "texto": "¿Cómo estás?",
      "confianza": 0.696
    },
    {
      "hablante": "Hablante B",
      "inicio": 9.07,
      "fin": 12.95,
      "duracion": 3.89,
      "texto": "Soy Celeste, me comunico de la compañía Movistar, de la Día de Beneficios y Promociones.",
      "confianza": 0.767
    },
    {
      "hablante": "Hablante B",
      "inicio": 12.99,
      "fin": 15.4,
      "duracion": 2.4,
      "texto": "¿Cómo te va?",
      "confianza": 0.186
    },
    {
      "hablante": "Hablante B",
      "inicio": 15.42,
      "fin": 15.72,
      "duracion": 0.3,
      "texto": "¿Todo bien vos?",
      "confianza": 0.044
    },
    {
      "hablante": "Hablante B",
      "inicio": 15.74,
      "fin": 16.96,
      "duracion": 1.22,
      "texto": "Me alegro, todo bien.",
      "confianza": 0.622
    },
    {
      "hablante": "Hablante B",
      "inicio": 16.98,
      "fin": 20.36,
      "duracion": 3.39,
      "texto": "No, no así, porque seguro en el sistema que actualmente tu línea es tan clara.",
      "confianza": 0.62
    },
    {
      "hablante": "Hablante B",
      "inicio": 20.86,
      "fin": 25.49,
      "duracion": 4.63,
      "texto": "Nosotros, de parte de Movistar, queríamos poder mejorar lo que es la promoción que tenés contratada, ¿sí?",
      "confianza": 0.736
    },
    {
      "hablante": "Hablante B",
      "inicio": 26.15,
      "fin": 30.44,
      "duracion": 4.29,
      "texto": "No sé si recordás actualmente cuánto estás sabonando, qué cantidades llegas te darán desde claro.",
      "confianza": 0.594
    },
    {
      "hablante": "Hablante A",
      "inicio": 32.98,
      "fin": 33.04,
      "duracion": 0.06,
      "texto": "Sí.",
      "confianza": 0.333
    },
    {
      "hablante": "Hablante A",
      "inicio": 33.81,
      "fin": 36.32,
      "duracion": 2.5,
      "texto": "A ver, así me muestran la oferta que van.",
      "confianza": 0.57
    },
    {
      "hablante": "Hablante A",
      "inicio": 36.34,
      "fin": 39.54,
      "duracion": 3.2,
      "texto": "Mira, nosotros lo que podemos darte es un plan con 8 GB.",
      "confianza": 0.754
    },
    {
      "hablante": "Hablante A",
      "inicio": 40.2,
      "fin": 43.13,
      "duracion": 2.92,
      "texto": "Sí, tendrías lo que es llamadas, mensajilí y WhatsApp gratis.",
      "confianza": 0.462
    },
    {
      "hablante": "Hablante A",
      "inicio": 43.55,
      "fin": 46.11,
      "duracion": 2.56,
      "texto": "Y pagarías $6,450 pesos.",
      "confianza": 0.76
    },
    {
      "hablante": "Hablante A",
      "inicio": 46.67,
      "fin": 48.65,
      "duracion": 1.98,
      "texto": "Sí, mantendrías lo que es el mismo número.",
      "confianza": 0.798
    },
    {
      "hablante": "Hablante A",
      "inicio": 49.17,
      "fin": 54.36,
      "duracion": 5.18,
      "texto": "Y dárselo que es el envío del chip perdón a la secursal de Movistar más cercana a tu domicilio.",
      "confianza": 0.682
    },
    {
      "hablante": "Hablante A",
      "inicio": 55.24,
      "fin": 59.02,
      "duracion": 3.79,
      "texto": "Decime qué te parece lo que es la oferta.",
      "confianza": 0.654
    },
    {
      "hablante": "Hablante A",
      "inicio": 59.04,
      "fin": 59.78,
      "duracion": 0.74,
      "texto": "Te hago una consulta.",
      "confianza": 0.417
    },
    {
      "hablante": "Hablante A",
      "inicio": 59.8,
      "fin": 61.85,
      "duracion": 2.04,
      "texto": "Los $6,000 pesos serían por cuánto tiempo.",
      "confianza": 0.747
    },
    {
      "hablante": "Hablante A",
      "inicio": 62.65,
      "fin": 67.18,
      "duracion": 4.52,
      "texto": "Por seis meses está bonificado lo que es el plan.",
      "confianza": 0.568
    },
    {
      "hablante": "Hablante A",
      "inicio": 67.2,
      "fin": 72.67,
      "duracion": 5.47,
      "texto": "Ok, y te hago otra consulta porque yo el motivo que me fui de la compañía es que todos los meses ustedes están haciendo aumentos.",
      "confianza": 0.661
    },
    {
      "hablante": "Hablante A",
      "inicio": 72.7,
      "fin": 76.41,
      "duracion": 3.7,
      "texto": "Entonces al final me ofreces estos seis mil y nunca pago los seis mil.",
      "confianza": 0.675
    },
    {
      "hablante": "Hablante A",
      "inicio": 77.45,
      "fin": 89.62,
      "duracion": 12.17,
      "texto": "Bien, mira, lo que es que el valor está bonificado por ese tiempo, la idea es que vos si se vence la promoción llegando ya al sexto mes, puedas mejorar la aplicación de Movistar que ahí vas a tener varios planes también disponibles para la línea.",
      "confianza": 0.657
    },
    {
      "hablante": "Hablante A",
      "inicio": 89.96,
      "fin": 95.72,
      "duracion": 5.77,
      "texto": "Sí, lo que son los aumentos en todas las compañías de igual manera vas a tener, como también los estás teniendo en claro.",
      "confianza": 0.65
    },
    {
      "hablante": "Hablante A",
      "inicio": 96.64,
      "fin": 99.69,
      "duracion": 3.04,
      "texto": "Sí, pero con claro siempre estoy pagando los 8.000.",
      "confianza": 0.48
    },
    {
      "hablante": "Hablante A",
      "inicio": 99.71,
      "fin": 102.77,
      "duracion": 3.06,
      "texto": "No, con claro siempre estoy pagando los 8.000, por eso te digo.",
      "confianza": 0.587
    },
    {
      "hablante": "Hablante A",
      "inicio": 102.79,
      "fin": 104.37,
      "duracion": 1.58,
      "texto": "Que abonás 9.000 pesos ahora.",
      "confianza": 0.782
    },
    {
      "hablante": "Hablante B",
      "inicio": 106.11,
      "fin": 108.18,
      "duracion": 2.06,
      "texto": "Quizás este mes te subió a 1.000 pesos también.",
      "confianza": 0.737
    },
    {
      "hablante": "Hablante B",
      "inicio": 108.22,
      "fin": 112.08,
      "duracion": 3.86,
      "texto": "Es depende, los aumentos se aplican de por igual a todas las compañías.",
      "confianza": 0.696
    },
    {
      "hablante": "Hablante B",
      "inicio": 112.14,
      "fin": 113.44,
      "duracion": 1.3,
      "texto": "Estés en claro o movistar.",
      "confianza": 0.554
    },
    {
      "hablante": "Hablante B",
      "inicio": 114.28,
      "fin": 114.48,
      "duracion": 0.2,
      "texto": "Sí.",
      "confianza": 0.581
    },
    {
      "hablante": "Hablante B",
      "inicio": 114.72,
      "fin": 119.51,
      "duracion": 4.78,
      "texto": "Y te hago otra consulta, el precio real del plan que me estás ofreciendo, cuánto es.",
      "confianza": 0.627
    },
    {
      "hablante": "Hablante B",
      "inicio": 120.22,
      "fin": 124.24,
      "duracion": 4.03,
      "texto": "En lo que es el valor del plan, dame un minuto y te digo, está en 31.150 pesos.",
      "confianza": 0.683
    },
    {
      "hablante": "Hablante B",
      "inicio": 124.3,
      "fin": 124.62,
      "duracion": 0.32,
      "texto": "Sí.",
      "confianza": 0.386
    },
    {
      "hablante": "Hablante B",
      "inicio": 124.82,
      "fin": 131.89,
      "duracion": 7.07,
      "texto": "Es el valor real de lo que es el plan sin descuento.",
      "confianza": 0.599
    },
    {
      "hablante": "Hablante B",
      "inicio": 131.91,
      "fin": 136.18,
      "duracion": 4.27,
      "texto": "OK. Y me estás diciendo que el descuento sería entonces por seis meses.",
      "confianza": 0.582
    },
    {
      "hablante": "Hablante B",
      "inicio": 136.2,
      "fin": 136.8,
      "duracion": 0.6,
      "texto": "Exactamente.",
      "confianza": 0.907
    },
    {
      "hablante": "Hablante A",
      "inicio": 139.62,
      "fin": 141.31,
      "duracion": 1.68,
      "texto": "¿Cuánto vale?",
      "confianza": 0.063
    },
    {
      "hablante": "Hablante A",
      "inicio": 141.33,
      "fin": 141.49,
      "duracion": 0.16,
      "texto": "Sí.",
      "confianza": 0.454
    },
    {
      "hablante": "Hablante A",
      "inicio": 142.11,
      "fin": 142.93,
      "duracion": 0.82,
      "texto": "Bien.",
      "confianza": 0.877
    },
    {
      "hablante": "Hablante A",
      "inicio": 142.95,
      "fin": 147.56,
      "duracion": 4.61,
      "texto": "Mira, nosotros para hacer lo que es la portabilidad y la línea, como te había mencionado anteriormente,",
      "confianza": 0.734
    },
    {
      "hablante": "Hablante A",
      "inicio": 147.91,
      "fin": 150.79,
      "duracion": 2.88,
      "texto": "hacemos lo que es una verificación de datos.",
      "confianza": 0.805
    },
    {
      "hablante": "Hablante A",
      "inicio": 151.43,
      "fin": 155.3,
      "duracion": 3.87,
      "texto": "Básicamente, me voy a repasar todos los datos que están cargados en el sistema de Movistar.",
      "confianza": 0.719
    },
    {
      "hablante": "Hablante A",
      "inicio": 155.9,
      "fin": 160.21,
      "duracion": 4.31,
      "texto": "Si hay alguno que haya que modificar, usted me dice y lo modifico, ¿sí?",
      "confianza": 0.71
    },
    {
      "hablante": "Hablante A",
      "inicio": 160.23,
      "fin": 160.49,
      "duracion": 0.26,
      "texto": "Vale.",
      "confianza": 0.848
    },
    {
      "hablante": "Hablante A",
      "inicio": 161.29,
      "fin": 161.85,
      "duracion": 0.56,
      "texto": "Bien, perfecto.",
      "confianza": 0.488
    },
    {
      "hablante": "Hablante A",
      "inicio": 161.97,
      "fin": 162.71,
      "duracion": 0.74,
      "texto": "Vamos un minutito.",
      "confianza": 0.441
    },
    {
      "hablante": "Hablante A",
      "inicio": 162.73,
      "fin": 168.86,
      "duracion": 6.13,
      "texto": "Te voy a pedir que me confirmes los últimos tres líquidos de tu DNI para verificar que hablo con el titular de la línea, por favor.",
      "confianza": 0.692
    },
    {
      "hablante": "Hablante A",
      "inicio": 168.88,
      "fin": 174.15,
      "duracion": 5.27,
      "texto": "¿Me escuchas?",
      "confianza": 0.671
    },
    {
      "hablante": "Hablante A",
      "inicio": 175.45,
      "fin": 176.31,
      "duracion": 0.86,
      "texto": "Sí, llevada un minuto.",
      "confianza": 0.497
    },
    {
      "hablante": "Hablante A",
      "inicio": 176.8,
      "fin": 189.75,
      "duracion": 12.96,
      "texto": "O decímelo completo, si no te sabes los últimos tres por ahí, pasa que no se sabe los últimos tres.",
      "confianza": 0.666
    },
    {
      "hablante": "Hablante A",
      "inicio": 189.78,
      "fin": 190.06,
      "duracion": 0.28,
      "texto": "No, no, bueno.",
      "confianza": 0.003
    },
    {
      "hablante": "Hablante A",
      "inicio": 190.07,
      "fin": 192.92,
      "duracion": 2.84,
      "texto": "A nombre de Díaz Contreras, Jenny Cerberica.",
      "confianza": 0.753
    },
    {
      "hablante": "Hablante A",
      "inicio": 192.94,
      "fin": 196.96,
      "duracion": 4.03,
      "texto": "Cerberica, perdón, ¿cierto?",
      "confianza": 0.671
    },
    {
      "hablante": "Hablante A",
      "inicio": 196.98,
      "fin": 197.21,
      "duracion": 0.22,
      "texto": "Sí, sí, sí.",
      "confianza": 0.001
    },
    {
      "hablante": "Hablante A",
      "inicio": 197.22,
      "fin": 197.32,
      "duracion": 0.1,
      "texto": "Bien.",
      "confianza": 0.042
    },
    {
      "hablante": "Hablante A",
      "inicio": 197.34,
      "fin": 199.31,
      "duracion": 1.96,
      "texto": "Vale, lo que pasa es que estaba evaluando la oferta.",
      "confianza": 0.49
    },
    {
      "hablante": "Hablante A",
      "inicio": 199.73,
      "fin": 200.97,
      "duracion": 1.24,
      "texto": "Ah, bien, perfecto.",
      "confianza": 0.363
    },
    {
      "hablante": "Hablante A",
      "inicio": 200.99,
      "fin": 205.06,
      "duracion": 4.06,
      "texto": "Pensé que estabas pensando en los últimos tres dígitos del DNI.",
      "confianza": 0.694
    },
    {
      "hablante": "Hablante A",
      "inicio": 205.07,
      "fin": 205.66,
      "duracion": 0.58,
      "texto": "No, no, no.",
      "confianza": 0.508
    },
    {
      "hablante": "Hablante A",
      "inicio": 206.68,
      "fin": 212.21,
      "duracion": 5.53,
      "texto": "Estoy evaluando justamente porque sí estaba pensando en cambiarme, pero quiero ver si realmente me conviene.",
      "confianza": 0.616
    },
    {
      "hablante": "Hablante A",
      "inicio": 213.15,
      "fin": 213.45,
      "duracion": 0.3,
      "texto": "Bien.",
      "confianza": 0.618
    },
    {
      "hablante": "Hablante A",
      "inicio": 213.47,
      "fin": 215.03,
      "duracion": 1.56,
      "texto": "¿Vos qué cantidad de gigas utilizar?",
      "confianza": 0.621
    },
    {
      "hablante": "Hablante A",
      "inicio": 215.11,
      "fin": 221.32,
      "duracion": 6.21,
      "texto": "Si no, tenemos lo que es un plan que está en 8,000 pesos y ese de 16 gigas incluye lo que es rooming.",
      "confianza": 0.649
    },
    {
      "hablante": "Hablante A",
      "inicio": 221.88,
      "fin": 224.14,
      "duracion": 2.26,
      "texto": "Sí, allá tendrías el doble en cantidad de gigas.",
      "confianza": 0.67
    },
    {
      "hablante": "Hablante A",
      "inicio": 224.16,
      "fin": 227.82,
      "duracion": 3.66,
      "texto": "No sé si utilizas el celular para trabajar o para uso personal.",
      "confianza": 0.683
    },
    {
      "hablante": "Hablante A",
      "inicio": 229.26,
      "fin": 230.53,
      "duracion": 1.26,
      "texto": "Sí, para trabajar justamente.",
      "confianza": 0.729
    },
    {
      "hablante": "Hablante A",
      "inicio": 231.34,
      "fin": 234.21,
      "duracion": 2.86,
      "texto": "Bien, en ese caso ese plan, el de 16 gigas,",
      "confianza": 0.727
    },
    {
      "hablante": "Hablante A",
      "inicio": 234.51,
      "fin": 240.44,
      "duracion": 5.93,
      "texto": "que incluye rumen en América, llamadas, mensajería y WhatsApp ilimitado, lo abonaría en $8,000 pesos.",
      "confianza": 0.565
    },
    {
      "hablante": "Hablante A",
      "inicio": 240.48,
      "fin": 246.04,
      "duracion": 5.57,
      "texto": "No es mucha la diferencia, pero sí hay diferencia en la cantidad de gigas también.",
      "confianza": 0.781
    },
    {
      "hablante": "Hablante A",
      "inicio": 246.06,
      "fin": 247.76,
      "duracion": 1.7,
      "texto": "Sí, sí, sí.",
      "confianza": 0.223
    },
    {
      "hablante": "Hablante A",
      "inicio": 247.78,
      "fin": 251.03,
      "duracion": 3.24,
      "texto": "¿Y ese precio sin el descuento cuánto sería?",
      "confianza": 0.345
    },
    {
      "hablante": "Hablante A",
      "inicio": 251.05,
      "fin": 253.17,
      "duracion": 2.12,
      "texto": "Sin el descuento $44,050 pesos.",
      "confianza": 0.804
    },
    {
      "hablante": "Hablante A",
      "inicio": 254.29,
      "fin": 256.03,
      "duracion": 1.74,
      "texto": "Sí.",
      "confianza": 0.613
    },
    {
      "hablante": "Hablante A",
      "inicio": 256.05,
      "fin": 258.08,
      "duracion": 2.02,
      "texto": "Te queda en $8,000 pesos ahora el plan.",
      "confianza": 0.737
    },
    {
      "hablante": "Hablante B",
      "inicio": 260.24,
      "fin": 262.54,
      "duracion": 2.3,
      "texto": "No, bueno, dame el primero que me ofreciste el de 8 gigas.",
      "confianza": 0.336
    },
    {
      "hablante": "Hablante B",
      "inicio": 262.91,
      "fin": 264.21,
      "duracion": 1.3,
      "texto": "Bien, 6450.",
      "confianza": 0.558
    },
    {
      "hablante": "Hablante B",
      "inicio": 264.23,
      "fin": 264.81,
      "duracion": 0.58,
      "texto": "¿Sí?",
      "confianza": 0.516
    },
    {
      "hablante": "Hablante A",
      "inicio": 266.33,
      "fin": 270.18,
      "duracion": 3.85,
      "texto": "Repasándolo, por favor.",
      "confianza": 0.36
    },
    {
      "hablante": "Hablante A",
      "inicio": 270.2,
      "fin": 270.38,
      "duracion": 0.18,
      "texto": "95940229.",
      "confianza": 0.059
    },
    {
      "hablante": "Hablante A",
      "inicio": 270.4,
      "fin": 270.86,
      "duracion": 0.46,
      "texto": "Muy bien.",
      "confianza": 0.856
    },
    {
      "hablante": "Hablante A",
      "inicio": 270.88,
      "fin": 273.75,
      "duracion": 2.86,
      "texto": "A nombre de Jennifer Rebeca Díaz Contreras, ¿cierto?",
      "confianza": 0.758
    },
    {
      "hablante": "Hablante A",
      "inicio": 274.65,
      "fin": 275.19,
      "duracion": 0.54,
      "texto": "Sí, exacto.",
      "confianza": 0.494
    },
    {
      "hablante": "Hablante A",
      "inicio": 275.25,
      "fin": 278.65,
      "duracion": 3.4,
      "texto": "Bien, me asegura que tu fecha de nacimiento es el 23 del 6 de 1994.",
      "confianza": 0.604
    },
    {
      "hablante": "Hablante A",
      "inicio": 278.67,
      "fin": 280.23,
      "duracion": 1.56,
      "texto": "¿Está bien?",
      "confianza": 0.615
    },
    {
      "hablante": "Hablante B",
      "inicio": 281.78,
      "fin": 281.84,
      "duracion": 0.06,
      "texto": "Sí.",
      "confianza": 0.049
    },
    {
      "hablante": "Hablante B",
      "inicio": 281.86,
      "fin": 282.5,
      "duracion": 0.64,
      "texto": "Bien, muy bien.",
      "confianza": 0.85
    },
    {
      "hablante": "Hablante B",
      "inicio": 282.54,
      "fin": 284.06,
      "duracion": 1.52,
      "texto": "¿Qué voy a hacer yo ahora, Jennifer?",
      "confianza": 0.442
    },
    {
      "hablante": "Hablante B",
      "inicio": 284.08,
      "fin": 286.02,
      "duracion": 1.94,
      "texto": "Te voy a enviar lo que es un mensajito por WhatsApp.",
      "confianza": 0.715
    },
    {
      "hablante": "Hablante B",
      "inicio": 286.5,
      "fin": 288.44,
      "duracion": 1.94,
      "texto": "Le voy a poner la SOICLC del Movistar.",
      "confianza": 0.537
    },
    {
      "hablante": "Hablante B",
      "inicio": 288.69,
      "fin": 298.95,
      "duracion": 10.25,
      "texto": "Por cualquier duda o consulta que vos tengas, sabes que te puedes comunicar conmigo por ese medio, ya sea cuando estés en la compañía o ahora en lo que esperas en que llegue el chip, ¿sí?",
      "confianza": 0.719
    },
    {
      "hablante": "Hablante B",
      "inicio": 298.97,
      "fin": 300.55,
      "duracion": 1.58,
      "texto": "¿Cuánto tiempo tarda el chip?",
      "confianza": 0.56
    },
    {
      "hablante": "Hablante B",
      "inicio": 300.57,
      "fin": 306.1,
      "duracion": 5.53,
      "texto": "Más o menos cuatro días áviles tardan en llegar, suele ser antes, pero la demora estimada es de cuatro días áviles.",
      "confianza": 0.714
    },
    {
      "hablante": "Hablante B",
      "inicio": 307.5,
      "fin": 307.58,
      "duracion": 0.08,
      "texto": "¿Sí?",
      "confianza": 0.011
    },
    {
      "hablante": "Hablante B",
      "inicio": 307.6,
      "fin": 317.16,
      "duracion": 9.55,
      "texto": "OK. Te voy a pedir que me digas un correo electrónico donde querés escribir lo que es la facturación, por favor.",
      "confianza": 0.666
    },
    {
      "hablante": "Hablante B",
      "inicio": 317.18,
      "fin": 317.24,
      "duracion": 0.06,
      "texto": "Sí.",
      "confianza": 0.012
    },
    {
      "hablante": "Hablante B",
      "inicio": 317.26,
      "fin": 317.32,
      "duracion": 0.06,
      "texto": "¿J?",
      "confianza": 0.013
    },
    {
      "hablante": "Hablante B",
      "inicio": 317.34,
      "fin": 317.4,
      "duracion": 0.06,
      "texto": "Sí.",
      "confianza": 0.008
    },
    {
      "hablante": "Hablante B",
      "inicio": 317.42,
      "fin": 317.68,
      "duracion": 0.26,
      "texto": "¿RBC?",
      "confianza": 0.272
    },
    {
      "hablante": "Hablante B",
      "inicio": 317.7,
      "fin": 317.76,
      "duracion": 0.06,
      "texto": "Sí.",
      "confianza": 0.331
    },
    {
      "hablante": "Hablante B",
      "inicio": 318.44,
      "fin": 323.49,
      "duracion": 5.05,
      "texto": "2327.gmail.com.",
      "confianza": 0.238
    },
    {
      "hablante": "Hablante B",
      "inicio": 323.51,
      "fin": 323.61,
      "duracion": 0.1,
      "texto": "Bien.",
      "confianza": 0.2
    },
    {
      "hablante": "Hablante B",
      "inicio": 323.63,
      "fin": 323.99,
      "duracion": 0.36,
      "texto": "Perfecto.",
      "confianza": 0.46
    },
    {
      "hablante": "Hablante B",
      "inicio": 324.01,
      "fin": 328.19,
      "duracion": 4.18,
      "texto": "Y te lo envío escrito por WhatsApp, después confirmamos que está bien tipiado.",
      "confianza": 0.549
    },
    {
      "hablante": "Hablante B",
      "inicio": 328.21,
      "fin": 331.12,
      "duracion": 2.9,
      "texto": "Muy bien.",
      "confianza": 0.247
    },
    {
      "hablante": "Hablante B",
      "inicio": 331.14,
      "fin": 331.24,
      "duracion": 0.1,
      "texto": "Vale.",
      "confianza": 0.031
    },
    {
      "hablante": "Hablante B",
      "inicio": 331.26,
      "fin": 331.86,
      "duracion": 0.6,
      "texto": "Perfecto.",
      "confianza": 0.705
    },
    {
      "hablante": "Hablante B",
      "inicio": 331.88,
      "fin": 332.88,
      "duracion": 1.0,
      "texto": "Bueno, ¿qué me quedaría hacer?",
      "confianza": 0.435
    },
    {
      "hablante": "Hablante B",
      "inicio": 332.96,
      "fin": 339.49,
      "duracion": 6.53,
      "texto": "Tengo que enviarte lo que es a tu celular un mensaje de texto que él no lo envió yo, en realidad lo envía Elena Cohn.",
      "confianza": 0.58
    },
    {
      "hablante": "Hablante B",
      "inicio": 339.85,
      "fin": 344.03,
      "duracion": 4.18,
      "texto": "Ese mensajito se envía por mensaje común desde el remitente 223.",
      "confianza": 0.808
    },
    {
      "hablante": "Hablante B",
      "inicio": 344.38,
      "fin": 354.12,
      "duracion": 9.74,
      "texto": "Sí, yo te pido que me envíes captura de pantalla, ya que es la autorización que das como clienta para que tu línea pase de una compañía a la otra, manteniendo la misma numeración, ¿sí?",
      "confianza": 0.716
    },
    {
      "hablante": "Hablante B",
      "inicio": 354.44,
      "fin": 369.66,
      "duracion": 15.22,
      "texto": "Ok. Podría decir que me pongas en altavoz y me avises cuando te llegue, puede que te ingresen también llamados de números privados o números no agendados, por un ratito yo te pido que no atiendas, estamos probando desde Movistar que la línea esté activa y no se esté por cortar, ¿viste que por ahí?",
      "confianza": 0.68
    },
    {
      "hablante": "Hablante B",
      "inicio": 370.01,
      "fin": 377.72,
      "duracion": 7.71,
      "texto": "por falta de pago o porque deben en la compañía del declaro, los clientes quieren hacer la portabilidad y entre ellos se quedan sin línea.",
      "confianza": 0.839
    },
    {
      "hablante": "Hablante B",
      "inicio": 377.76,
      "fin": 387.25,
      "duracion": 9.49,
      "texto": "Entonces, para evitar eso, hacemos llamados para verificar que la línea no se corte, ¿sí?",
      "confianza": 0.792
    },
    {
      "hablante": "Hablante B",
      "inicio": 387.27,
      "fin": 387.67,
      "duracion": 0.4,
      "texto": "¿Cómo llama, perdón?",
      "confianza": 0.0
    },
    {
      "hablante": "Hablante B",
      "inicio": 387.69,
      "fin": 387.97,
      "duracion": 0.28,
      "texto": "¿Cómo, perdón?",
      "confianza": 0.011
    },
    {
      "hablante": "Hablante B",
      "inicio": 387.99,
      "fin": 390.07,
      "duracion": 2.08,
      "texto": "Que no te escuché la última, perdón.",
      "confianza": 0.251
    },
    {
      "hablante": "Hablante B",
      "inicio": 390.1,
      "fin": 395.5,
      "duracion": 5.4,
      "texto": "Ah, que te van a ingresar, llamamos de números privados o números no agendados que por un ratito no atiendas, ¿sí?",
      "confianza": 0.787
    },
    {
      "hablante": "Hablante B",
      "inicio": 395.73,
      "fin": 402.42,
      "duracion": 6.69,
      "texto": "Se hace más que nada para verificar que la línea no se esté por cortar en claro, que no se esté por suspender por falta de pago.",
      "confianza": 0.786
    },
    {
      "hablante": "Hablante B",
      "inicio": 403.06,
      "fin": 406.95,
      "duracion": 3.89,
      "texto": "Bien, porque si no entre medio en lo que demora en que llegue el chip, te puedes quedar sin señales.",
      "confianza": 0.714
    },
    {
      "hablante": "Hablante B",
      "inicio": 406.97,
      "fin": 410.75,
      "duracion": 3.78,
      "texto": "Entonces, para evitar eso, hacemos esos llamados de demovizar.",
      "confianza": 0.744
    },
    {
      "hablante": "Hablante B",
      "inicio": 410.77,
      "fin": 414.58,
      "duracion": 3.81,
      "texto": "Decime si te llegó lo que es el mensaje de portabilidad que te lleva por mensaje común.",
      "confianza": 0.704
    },
    {
      "hablante": "Hablante B",
      "inicio": 414.6,
      "fin": 417.25,
      "duracion": 2.64,
      "texto": "Si no, pido que lo vuelvan a enviar.",
      "confianza": 0.393
    },
    {
      "hablante": "Hablante B",
      "inicio": 417.26,
      "fin": 418.03,
      "duracion": 0.76,
      "texto": "Bien.",
      "confianza": 0.859
    },
    {
      "hablante": "Hablante B",
      "inicio": 418.07,
      "fin": 421.07,
      "duracion": 3.0,
      "texto": "De eso te pido que me envíes captura de pantalla por WhatsApp, por favor.",
      "confianza": 0.734
    },
    {
      "hablante": "Hablante A",
      "inicio": 423.23,
      "fin": 424.9,
      "duracion": 1.66,
      "texto": "Yo guardo en llamada, no hay problema.",
      "confianza": 0.563
    },
    {
      "hablante": "Hablante B",
      "inicio": 426.63,
      "fin": 437.56,
      "duracion": 10.93,
      "texto": "Y te pido que me envíes lo que es la foto del frente y el uso de tu DNI para dejarte a vos asentada como titular de la línea.",
      "confianza": 0.791
    },
    {
      "hablante": "Hablante B",
      "inicio": 438.08,
      "fin": 439.85,
      "duracion": 1.76,
      "texto": "Apenas lo veas, ya la puedes eliminar.",
      "confianza": 0.702
    },
    {
      "hablante": "Hablante B",
      "inicio": 439.89,
      "fin": 449.22,
      "duracion": 9.33,
      "texto": "No hay problemas para verificar que el cambio lo haga la titular, ¿sí?",
      "confianza": 0.578
    },
    {
      "hablante": "Hablante B",
      "inicio": 449.24,
      "fin": 453.6,
      "duracion": 4.37,
      "texto": "Yo te aviso cuando me llegue.",
      "confianza": 0.48
    },
    {
      "hablante": "Hablante B",
      "inicio": 453.62,
      "fin": 454.23,
      "duracion": 0.6,
      "texto": "Sí, no hay problema.",
      "confianza": 0.634
    },
    {
      "hablante": "Hablante A",
      "inicio": 456.85,
      "fin": 473.48,
      "duracion": 16.62,
      "texto": "Sí, este es el mail en que me mandaste.",
      "confianza": 0.039
    },
    {
      "hablante": "Hablante A",
      "inicio": 473.5,
      "fin": 473.68,
      "duracion": 0.18,
      "texto": "Perfecto.",
      "confianza": 0.036
    },
    {
      "hablante": "Hablante A",
      "inicio": 473.7,
      "fin": 484.94,
      "duracion": 11.24,
      "texto": "En este mail te va a estar llegando lo que es la facturación y también con este mail podés ingresar a la aplicación y mostrarla, podés descargar ahora y cuando actives la línea, es decir, cuando vayas a retirar el chip por la sucursal,",
      "confianza": 0.693
    },
    {
      "hablante": "Hablante A",
      "inicio": 485.27,
      "fin": 490.36,
      "duracion": 5.09,
      "texto": "Ahí vas a poder ingresar con el mismo mail, ¿sí?",
      "confianza": 0.677
    },
    {
      "hablante": "Hablante A",
      "inicio": 490.38,
      "fin": 490.72,
      "duracion": 0.34,
      "texto": "Bien.",
      "confianza": 0.765
    },
    {
      "hablante": "Hablante A",
      "inicio": 490.74,
      "fin": 495.11,
      "duracion": 4.37,
      "texto": "Mientras decime de qué provincia y qué localidad sos para buscar una sucursal cercana a tu domicilio.",
      "confianza": 0.606
    },
    {
      "hablante": "Hablante B",
      "inicio": 498.87,
      "fin": 499.25,
      "duracion": 0.38,
      "texto": "Eh, de Villa Crepo.",
      "confianza": 0.005
    },
    {
      "hablante": "Hablante B",
      "inicio": 499.27,
      "fin": 510.01,
      "duracion": 10.74,
      "texto": "¿Esto sería Buenos Aires?",
      "confianza": 0.614
    },
    {
      "hablante": "Hablante B",
      "inicio": 510.03,
      "fin": 510.55,
      "duracion": 0.52,
      "texto": "Buenos Aires, sí, capital.",
      "confianza": 0.003
    },
    {
      "hablante": "Hablante B",
      "inicio": 510.57,
      "fin": 510.87,
      "duracion": 0.3,
      "texto": "De Cávame, ¿sí?",
      "confianza": 0.004
    },
    {
      "hablante": "Hablante B",
      "inicio": 510.89,
      "fin": 510.97,
      "duracion": 0.08,
      "texto": "¿Sí?",
      "confianza": 0.003
    },
    {
      "hablante": "Hablante B",
      "inicio": 510.99,
      "fin": 511.41,
      "duracion": 0.42,
      "texto": "Bien, dame un minuto.",
      "confianza": 0.044
    },
    {
      "hablante": "Hablante A",
      "inicio": 516.81,
      "fin": 522.0,
      "duracion": 5.19,
      "texto": "Bien, mira, tengo una sucursal en la calle Honduras que estoy a hacer ir a Palermo.",
      "confianza": 0.679
    },
    {
      "hablante": "Hablante A",
      "inicio": 522.82,
      "fin": 526.81,
      "duracion": 3.99,
      "texto": "Decime si te queda bien para retirar lo que es el chip.",
      "confianza": 0.65
    },
    {
      "hablante": "Hablante A",
      "inicio": 526.83,
      "fin": 529.07,
      "duracion": 2.24,
      "texto": "¿Honduras al cuánto?",
      "confianza": 0.413
    },
    {
      "hablante": "Hablante A",
      "inicio": 529.09,
      "fin": 529.45,
      "duracion": 0.36,
      "texto": "47, 48.",
      "confianza": 0.79
    },
    {
      "hablante": "Hablante A",
      "inicio": 529.49,
      "fin": 537.44,
      "duracion": 7.95,
      "texto": "Y si no, ya tengo en el Abasto Shopping.",
      "confianza": 0.758
    },
    {
      "hablante": "Hablante A",
      "inicio": 537.46,
      "fin": 540.49,
      "duracion": 3.02,
      "texto": "O un caballito.",
      "confianza": 0.303
    },
    {
      "hablante": "Hablante A",
      "inicio": 540.51,
      "fin": 541.63,
      "duracion": 1.12,
      "texto": "No, el de Palermo me queda bien.",
      "confianza": 0.219
    },
    {
      "hablante": "Hablante A",
      "inicio": 541.65,
      "fin": 542.89,
      "duracion": 1.24,
      "texto": "¿El de Palermo te queda mejor?",
      "confianza": 0.654
    },
    {
      "hablante": "Hablante A",
      "inicio": 543.01,
      "fin": 543.21,
      "duracion": 0.2,
      "texto": "Bien.",
      "confianza": 0.944
    },
    {
      "hablante": "Hablante A",
      "inicio": 543.63,
      "fin": 545.65,
      "duracion": 2.02,
      "texto": "Te voy a enviar lo que es una foto.",
      "confianza": 0.707
    },
    {
      "hablante": "Hablante A",
      "inicio": 546.05,
      "fin": 551.52,
      "duracion": 5.47,
      "texto": "con la dirección de la sucursal, por si no sabes dónde eres, y con los horarios de atención también, ¿sí?",
      "confianza": 0.651
    },
    {
      "hablante": "Hablante A",
      "inicio": 552.04,
      "fin": 556.93,
      "duracion": 4.88,
      "texto": "Siempre se te avisa con un día de anticipación cuando puedas retirar lo que es el chip, ¿bien?",
      "confianza": 0.693
    },
    {
      "hablante": "Hablante A",
      "inicio": 557.47,
      "fin": 568.94,
      "duracion": 11.47,
      "texto": "Así que cualquier cosita, sabes que vos me puedes hablar por WhatsApp, y si no, te llega también un mensaje de texto avisándote que ya podés retirar lo que es el chip, ¿bien?",
      "confianza": 0.675
    },
    {
      "hablante": "Hablante A",
      "inicio": 568.96,
      "fin": 570.38,
      "duracion": 1.42,
      "texto": "Ahí también lo que es la dirección.",
      "confianza": 0.775
    },
    {
      "hablante": "Hablante A",
      "inicio": 570.96,
      "fin": 573.68,
      "duracion": 2.72,
      "texto": "Todavía no me llega lo que es una foto de frente de orso del DNI.",
      "confianza": 0.68
    },
    {
      "hablante": "Hablante A",
      "inicio": 574.13,
      "fin": 581.62,
      "duracion": 7.49,
      "texto": "¿La podiste sacar o todavía no?",
      "confianza": 0.441
    },
    {
      "hablante": "Hablante A",
      "inicio": 581.64,
      "fin": 583.37,
      "duracion": 1.72,
      "texto": "Me dijiste que era Honduras y la dirección que me estás mandando es José Mario Moreno.",
      "confianza": 0.017
    },
    {
      "hablante": "Hablante A",
      "inicio": 583.39,
      "fin": 583.61,
      "duracion": 0.22,
      "texto": "Ay, perdón.",
      "confianza": 0.01
    },
    {
      "hablante": "Hablante A",
      "inicio": 583.63,
      "fin": 584.07,
      "duracion": 0.44,
      "texto": "Es verdad.",
      "confianza": 0.919
    },
    {
      "hablante": "Hablante A",
      "inicio": 584.53,
      "fin": 585.35,
      "duracion": 0.82,
      "texto": "Mira, dame un minutito.",
      "confianza": 0.434
    },
    {
      "hablante": "Hablante A",
      "inicio": 585.37,
      "fin": 586.31,
      "duracion": 0.94,
      "texto": "Se ha tomado la otra.",
      "confianza": 0.744
    },
    {
      "hablante": "Hablante A",
      "inicio": 586.43,
      "fin": 590.82,
      "duracion": 4.39,
      "texto": "Ahora te envío la de Honduras y elimino esa.",
      "confianza": 0.662
    },
    {
      "hablante": "Hablante A",
      "inicio": 590.84,
      "fin": 594.76,
      "duracion": 3.93,
      "texto": "Dame un minuto, se me quedó la de caballito.",
      "confianza": 0.587
    },
    {
      "hablante": "Hablante A",
      "inicio": 594.8,
      "fin": 595.73,
      "duracion": 0.92,
      "texto": "Ahora sí te envío.",
      "confianza": 0.53
    },
    {
      "hablante": "Hablante A",
      "inicio": 596.81,
      "fin": 597.65,
      "duracion": 0.84,
      "texto": "Dame un minutito.",
      "confianza": 0.592
    },
    {
      "hablante": "Hablante B",
      "inicio": 599.15,
      "fin": 600.67,
      "duracion": 1.52,
      "texto": "Ahí te envié la de Honduras, ¿sí?",
      "confianza": 0.509
    },
    {
      "hablante": "Hablante B",
      "inicio": 600.87,
      "fin": 602.77,
      "duracion": 1.9,
      "texto": "Que ahora el lunes a viernes de 9 a 6.",
      "confianza": 0.525
    },
    {
      "hablante": "Hablante A",
      "inicio": 605.07,
      "fin": 616.46,
      "duracion": 11.39,
      "texto": "No está activa, tengo la de abasto, la de abasto shopping o si no la de caballito.",
      "confianza": 0.641
    },
    {
      "hablante": "Hablante A",
      "inicio": 616.96,
      "fin": 618.41,
      "duracion": 1.44,
      "texto": "Esas dos sí están activas, perdón.",
      "confianza": 0.541
    },
    {
      "hablante": "Hablante B",
      "inicio": 619.99,
      "fin": 625.25,
      "duracion": 5.25,
      "texto": "¿Cuál te quedaría como mejor para retirar lo que es el chip?",
      "confianza": 0.653
    },
    {
      "hablante": "Hablante B",
      "inicio": 625.26,
      "fin": 625.83,
      "duracion": 0.56,
      "texto": "La de abasto shopping.",
      "confianza": 0.189
    }
  ],
  "transcripcion_completa": "Hola, ¿qué tal? Buenos días, hablo con Jennifer Contreda. Sí, ¿de parte? ¿Qué tal? ¿Cómo estás? Soy Celeste, me comunico de la compañía Movistar, de la Día de Beneficios y Promociones. ¿Cómo te va? ¿Todo bien vos? Me alegro, todo bien. No, no así, porque seguro en el sistema que actualmente tu línea es tan clara. Nosotros, de parte de Movistar, queríamos poder mejorar lo que es la promoción que tenés contratada, ¿sí? No sé si recordás actualmente cuánto estás sabonando, qué cantidades llegas te darán desde claro. Sí. A ver, así me muestran la oferta que van. Mira, nosotros lo que podemos darte es un plan con 8 GB. Sí, tendrías lo que es llamadas, mensajilí y WhatsApp gratis. Y pagarías $6,450 pesos. Sí, mantendrías lo que es el mismo número. Y dárselo que es el envío del chip perdón a la secursal de Movistar más cercana a tu domicilio. Decime qué te parece lo que es la oferta. Te hago una consulta. Los $6,000 pesos serían por cuánto tiempo. Por seis meses está bonificado lo que es el plan. Ok, y te hago otra consulta porque yo el motivo que me fui de la compañía es que todos los meses ustedes están haciendo aumentos. Entonces al final me ofreces estos seis mil y nunca pago los seis mil. Bien, mira, lo que es que el valor está bonificado por ese tiempo, la idea es que vos si se vence la promoción llegando ya al sexto mes, puedas mejorar la aplicación de Movistar que ahí vas a tener varios planes también disponibles para la línea. Sí, lo que son los aumentos en todas las compañías de igual manera vas a tener, como también los estás teniendo en claro. Sí, pero con claro siempre estoy pagando los 8.000. No, con claro siempre estoy pagando los 8.000, por eso te digo. Que abonás 9.000 pesos ahora. Quizás este mes te subió a 1.000 pesos también. Es depende, los aumentos se aplican de por igual a todas las compañías. Estés en claro o movistar. Sí. Y te hago otra consulta, el precio real del plan que me estás ofreciendo, cuánto es. En lo que es el valor del plan, dame un minuto y te digo, está en 31.150 pesos. Sí. Es el valor real de lo que es el plan sin descuento. OK. Y me estás diciendo que el descuento sería entonces por seis meses. Exactamente. ¿Cuánto vale? Sí. Bien. Mira, nosotros para hacer lo que es la portabilidad y la línea, como te había mencionado anteriormente, hacemos lo que es una verificación de datos. Básicamente, me voy a repasar todos los datos que están cargados en el sistema de Movistar. Si hay alguno que haya que modificar, usted me dice y lo modifico, ¿sí? Vale. Bien, perfecto. Vamos un minutito. Te voy a pedir que me confirmes los últimos tres líquidos de tu DNI para verificar que hablo con el titular de la línea, por favor. ¿Me escuchas? Sí, llevada un minuto. O decímelo completo, si no te sabes los últimos tres por ahí, pasa que no se sabe los últimos tres. No, no, bueno. A nombre de Díaz Contreras, Jenny Cerberica. Cerberica, perdón, ¿cierto? Sí, sí, sí. Bien. Vale, lo que pasa es que estaba evaluando la oferta. Ah, bien, perfecto. Pensé que estabas pensando en los últimos tres dígitos del DNI. No, no, no. Estoy evaluando justamente porque sí estaba pensando en cambiarme, pero quiero ver si realmente me conviene. Bien. ¿Vos qué cantidad de gigas utilizar? Si no, tenemos lo que es un plan que está en 8,000 pesos y ese de 16 gigas incluye lo que es rooming. Sí, allá tendrías el doble en cantidad de gigas. No sé si utilizas el celular para trabajar o para uso personal. Sí, para trabajar justamente. Bien, en ese caso ese plan, el de 16 gigas, que incluye rumen en América, llamadas, mensajería y WhatsApp ilimitado, lo abonaría en $8,000 pesos. No es mucha la diferencia, pero sí hay diferencia en la cantidad de gigas también. Sí, sí, sí. ¿Y ese precio sin el descuento cuánto sería? Sin el descuento $44,050 pesos. Sí. Te queda en $8,000 pesos ahora el plan. No, bueno, dame el primero que me ofreciste el de 8 gigas. Bien, 6450. ¿Sí? Repasándolo, por favor. 95940229. Muy bien. A nombre de Jennifer Rebeca Díaz Contreras, ¿cierto? Sí, exacto. Bien, me asegura que tu fecha de nacimiento es el 23 del 6 de 1994. ¿Está bien? Sí. Bien, muy bien. ¿Qué voy a hacer yo ahora, Jennifer? Te voy a enviar lo que es un mensajito por WhatsApp. Le voy a poner la SOICLC del Movistar. Por cualquier duda o consulta que vos tengas, sabes que te puedes comunicar conmigo por ese medio, ya sea cuando estés en la compañía o ahora en lo que esperas en que llegue el chip, ¿sí? ¿Cuánto tiempo tarda el chip? Más o menos cuatro días áviles tardan en llegar, suele ser antes, pero la demora estimada es de cuatro días áviles. ¿Sí? OK. Te voy a pedir que me digas un correo electrónico donde querés escribir lo que es la facturación, por favor. Sí. ¿J? Sí. ¿RBC? Sí. 2327.gmail.com. Bien. Perfecto. Y te lo envío escrito por WhatsApp, después confirmamos que está bien tipiado. Muy bien. Vale. Perfecto. Bueno, ¿qué me quedaría hacer? Tengo que enviarte lo que es a tu celular un mensaje de texto que él no lo envió yo, en realidad lo envía Elena Cohn. Ese mensajito se envía por mensaje común desde el remitente 223. Sí, yo te pido que me envíes captura de pantalla, ya que es la autorización que das como clienta para que tu línea pase de una compañía a la otra, manteniendo la misma numeración, ¿sí? Ok. Podría decir que me pongas en altavoz y me avises cuando te llegue, puede que te ingresen también llamados de números privados o números no agendados, por un ratito yo te pido que no atiendas, estamos probando desde Movistar que la línea esté activa y no se esté por cortar, ¿viste que por ahí? por falta de pago o porque deben en la compañía del declaro, los clientes quieren hacer la portabilidad y entre ellos se quedan sin línea. Entonces, para evitar eso, hacemos llamados para verificar que la línea no se corte, ¿sí? ¿Cómo llama, perdón? ¿Cómo, perdón? Que no te escuché la última, perdón. Ah, que te van a ingresar, llamamos de números privados o números no agendados que por un ratito no atiendas, ¿sí? Se hace más que nada para verificar que la línea no se esté por cortar en claro, que no se esté por suspender por falta de pago. Bien, porque si no entre medio en lo que demora en que llegue el chip, te puedes quedar sin señales. Entonces, para evitar eso, hacemos esos llamados de demovizar. Decime si te llegó lo que es el mensaje de portabilidad que te lleva por mensaje común. Si no, pido que lo vuelvan a enviar. Bien. De eso te pido que me envíes captura de pantalla por WhatsApp, por favor. Yo guardo en llamada, no hay problema. Y te pido que me envíes lo que es la foto del frente y el uso de tu DNI para dejarte a vos asentada como titular de la línea. Apenas lo veas, ya la puedes eliminar. No hay problemas para verificar que el cambio lo haga la titular, ¿sí? Yo te aviso cuando me llegue. Sí, no hay problema. Sí, este es el mail en que me mandaste. Perfecto. En este mail te va a estar llegando lo que es la facturación y también con este mail podés ingresar a la aplicación y mostrarla, podés descargar ahora y cuando actives la línea, es decir, cuando vayas a retirar el chip por la sucursal, Ahí vas a poder ingresar con el mismo mail, ¿sí? Bien. Mientras decime de qué provincia y qué localidad sos para buscar una sucursal cercana a tu domicilio. Eh, de Villa Crepo. ¿Esto sería Buenos Aires? Buenos Aires, sí, capital. De Cávame, ¿sí? ¿Sí? Bien, dame un minuto. Bien, mira, tengo una sucursal en la calle Honduras que estoy a hacer ir a Palermo. Decime si te queda bien para retirar lo que es el chip. ¿Honduras al cuánto? 47, 48. Y si no, ya tengo en el Abasto Shopping. O un caballito. No, el de Palermo me queda bien. ¿El de Palermo te queda mejor? Bien. Te voy a enviar lo que es una foto. con la dirección de la sucursal, por si no sabes dónde eres, y con los horarios de atención también, ¿sí? Siempre se te avisa con un día de anticipación cuando puedas retirar lo que es el chip, ¿bien? Así que cualquier cosita, sabes que vos me puedes hablar por WhatsApp, y si no, te llega también un mensaje de texto avisándote que ya podés retirar lo que es el chip, ¿bien? Ahí también lo que es la dirección. Todavía no me llega lo que es una foto de frente de orso del DNI. ¿La podiste sacar o todavía no? Me dijiste que era Honduras y la dirección que me estás mandando es José Mario Moreno. Ay, perdón. Es verdad. Mira, dame un minutito. Se ha tomado la otra. Ahora te envío la de Honduras y elimino esa. Dame un minuto, se me quedó la de caballito. Ahora sí te envío. Dame un minutito. Ahí te envié la de Honduras, ¿sí? Que ahora el lunes a viernes de 9 a 6. No está activa, tengo la de abasto, la de abasto shopping o si no la de caballito. Esas dos sí están activas, perdón. ¿Cuál te quedaría como mejor para retirar lo que es el chip? La de abasto shopping.",
  "calidad": {
    "confianza_promedio": 0.538,
    "metodo_diarizacion": "pausas_fallback",
    "tiempo_procesamiento": 18.1
  },
  "metadata": {
    "modelo": "whisperx_medium",
    "diarizacion": "pausas",
    "dispositivo": "cuda",
    "fecha": "2026-01-25T17:56:58.508108",
    "version": "5.0_ecapa"
  }
}