{
  "archivo": "amza22_1_260122113428878_ACD_34343.wav",
  "duracion_segundos": 70.98,
  "num_segmentos": 30,
  "num_hablantes": 2,
  "hablantes": [
    "Hablante A",
    "Hablante B"
  ],
  "tiempo_por_hablante": {
    "Hablante A": 18.13,
    "Hablante B": 44.23
  },
  "idioma": "es",
  "conversacion": [
    {
      "hablante": "Hablante A",
      "inicio": 0.03,
      "fin": 5.52,
      "duracion": 5.49,
      "texto": "Hola, buen día.",
      "confianza": 0.6
    },
    {
      "hablante": "Hablante A",
      "inicio": 5.54,
      "fin": 5.9,
      "duracion": 0.36,
      "texto": "¿Hola, Don Romina?",
      "confianza": 0.019
    },
    {
      "hablante": "Hablante A",
      "inicio": 5.92,
      "fin": 6.38,
      "duracion": 0.46,
      "texto": "Sí.",
      "confianza": 0.515
    },
    {
      "hablante": "Hablante A",
      "inicio": 6.4,
      "fin": 7.2,
      "duracion": 0.8,
      "texto": "Romina, ¿cómo estás?",
      "confianza": 0.672
    },
    {
      "hablante": "Hablante A",
      "inicio": 7.28,
      "fin": 8.76,
      "duracion": 1.48,
      "texto": "Mi nombre es Belén, me presento.",
      "confianza": 0.58
    },
    {
      "hablante": "Hablante A",
      "inicio": 9.3,
      "fin": 12.95,
      "duracion": 3.64,
      "texto": "Mira, yo te estoy llamando desde la área de recupero de clientes de Movistar.",
      "confianza": 0.602
    },
    {
      "hablante": "Hablante A",
      "inicio": 13.65,
      "fin": 16.65,
      "duracion": 3.0,
      "texto": "Queríamos saber por qué te había sido de la compañía en su momento.",
      "confianza": 0.609
    },
    {
      "hablante": "Hablante A",
      "inicio": 16.69,
      "fin": 19.6,
      "duracion": 2.9,
      "texto": "Comentame, ¿qué fue lo que te sucedió Don Romina?",
      "confianza": 0.583
    },
    {
      "hablante": "Hablante B",
      "inicio": 22.3,
      "fin": 24.46,
      "duracion": 2.16,
      "texto": "Lo cambió mi marido, no tengo idea, la verdad.",
      "confianza": 0.485
    },
    {
      "hablante": "Hablante B",
      "inicio": 25.0,
      "fin": 25.5,
      "duracion": 0.5,
      "texto": "Ah, bien.",
      "confianza": 0.598
    },
    {
      "hablante": "Hablante B",
      "inicio": 25.52,
      "fin": 28.59,
      "duracion": 3.06,
      "texto": "Creo que lo habrá hecho en el supermercado y la compañía más, así que...",
      "confianza": 0.369
    },
    {
      "hablante": "Hablante B",
      "inicio": 28.72,
      "fin": 29.86,
      "duracion": 1.14,
      "texto": "Ah, bien.",
      "confianza": 0.674
    },
    {
      "hablante": "Hablante B",
      "inicio": 29.88,
      "fin": 33.36,
      "duracion": 3.48,
      "texto": "Y ahora ustedes están en clara, ¿es correcto eso?",
      "confianza": 0.454
    },
    {
      "hablante": "Hablante B",
      "inicio": 33.38,
      "fin": 34.06,
      "duracion": 0.68,
      "texto": "Exacto, sí, sí.",
      "confianza": 0.139
    },
    {
      "hablante": "Hablante B",
      "inicio": 34.08,
      "fin": 36.61,
      "duracion": 2.52,
      "texto": "¿Y vos sabés qué plan tienen y cuánto están agonando?",
      "confianza": 0.602
    },
    {
      "hablante": "Hablante B",
      "inicio": 37.17,
      "fin": 39.59,
      "duracion": 2.42,
      "texto": "La verdad que no me matas, yo no tengo ni idea.",
      "confianza": 0.623
    },
    {
      "hablante": "Hablante B",
      "inicio": 40.29,
      "fin": 44.37,
      "duracion": 4.08,
      "texto": "Bien, ¿pero a vos te alcanzan los días que tenéis en el plan?",
      "confianza": 0.675
    },
    {
      "hablante": "Hablante B",
      "inicio": 44.39,
      "fin": 44.63,
      "duracion": 0.24,
      "texto": "Sí, sí, sí.",
      "confianza": 0.121
    },
    {
      "hablante": "Hablante B",
      "inicio": 44.65,
      "fin": 45.41,
      "duracion": 0.76,
      "texto": "La verdad que sí.",
      "confianza": 0.197
    },
    {
      "hablante": "Hablante B",
      "inicio": 45.43,
      "fin": 48.66,
      "duracion": 3.22,
      "texto": "Y es más, no volví a tener más problemas porque antes tenía muchos problemas.",
      "confianza": 0.526
    },
    {
      "hablante": "Hablante B",
      "inicio": 49.26,
      "fin": 50.02,
      "duracion": 0.76,
      "texto": "Ah, bien.",
      "confianza": 0.749
    },
    {
      "hablante": "Hablante B",
      "inicio": 50.04,
      "fin": 52.96,
      "duracion": 2.92,
      "texto": "¿Problemas con respecto a la señal o con qué?",
      "confianza": 0.826
    },
    {
      "hablante": "Hablante B",
      "inicio": 52.98,
      "fin": 57.97,
      "duracion": 4.98,
      "texto": "No, se gastaba siempre los créditos y la verdad que lo usó de la misma forma y no.",
      "confianza": 0.66
    },
    {
      "hablante": "Hablante B",
      "inicio": 58.4,
      "fin": 60.69,
      "duracion": 2.29,
      "texto": "Ah, claro, tenías que recargar, me estás comentando.",
      "confianza": 0.764
    },
    {
      "hablante": "Hablante B",
      "inicio": 61.13,
      "fin": 61.45,
      "duracion": 0.32,
      "texto": "Claro.",
      "confianza": 0.77
    },
    {
      "hablante": "Hablante B",
      "inicio": 61.84,
      "fin": 66.96,
      "duracion": 5.12,
      "texto": "Igual y sin combo con el televisor y todo, así que... Ah, bien.",
      "confianza": 0.486
    },
    {
      "hablante": "Hablante B",
      "inicio": 66.98,
      "fin": 68.45,
      "duracion": 1.47,
      "texto": "Pero es que igual he llamado, ¿sabes?",
      "confianza": 0.118
    },
    {
      "hablante": "Hablante B",
      "inicio": 68.47,
      "fin": 68.69,
      "duracion": 0.22,
      "texto": "Muy amable.",
      "confianza": 0.033
    },
    {
      "hablante": "Hablante B",
      "inicio": 68.71,
      "fin": 69.43,
      "duracion": 0.72,
      "texto": "Bien, no hay problema.",
      "confianza": 0.429
    },
    {
      "hablante": "Hablante B",
      "inicio": 69.81,
      "fin": 70.98,
      "duracion": 1.17,
      "texto": "Que tengas muy lindo día.",
      "confianza": 0.623
    }
  ],
  "transcripcion_completa": "Hola, buen día. ¿Hola, Don Romina? Sí. Romina, ¿cómo estás? Mi nombre es Belén, me presento. Mira, yo te estoy llamando desde la área de recupero de clientes de Movistar. Queríamos saber por qué te había sido de la compañía en su momento. Comentame, ¿qué fue lo que te sucedió Don Romina? Lo cambió mi marido, no tengo idea, la verdad. Ah, bien. Creo que lo habrá hecho en el supermercado y la compañía más, así que... Ah, bien. Y ahora ustedes están en clara, ¿es correcto eso? Exacto, sí, sí. ¿Y vos sabés qué plan tienen y cuánto están agonando? La verdad que no me matas, yo no tengo ni idea. Bien, ¿pero a vos te alcanzan los días que tenéis en el plan? Sí, sí, sí. La verdad que sí. Y es más, no volví a tener más problemas porque antes tenía muchos problemas. Ah, bien. ¿Problemas con respecto a la señal o con qué? No, se gastaba siempre los créditos y la verdad que lo usó de la misma forma y no. Ah, claro, tenías que recargar, me estás comentando. Claro. Igual y sin combo con el televisor y todo, así que... Ah, bien. Pero es que igual he llamado, ¿sabes? Muy amable. Bien, no hay problema. Que tengas muy lindo día.",
  "calidad": {
    "confianza_promedio": 0.503,
    "metodo_diarizacion": "pausas_fallback",
    "tiempo_procesamiento": 5.4
  },
  "metadata": {
    "modelo": "whisperx_medium",
    "diarizacion": "pausas",
    "dispositivo": "cuda",
    "fecha": "2026-01-25T18:09:21.399382",
    "version": "5.0_ecapa"
  }
}