{
  "archivo": "amza22_1_260121143736088_MIT_01980.wav",
  "duracion_segundos": 71.16,
  "num_segmentos": 15,
  "num_hablantes": 1,
  "hablantes": [
    "Hablante B"
  ],
  "tiempo_por_hablante": {
    "Hablante B": 44.01
  },
  "idioma": "es",
  "conversacion": [
    {
      "hablante": "Hablante B",
      "inicio": 23.5,
      "fin": 28.47,
      "duracion": 4.97,
      "texto": "Hola.",
      "confianza": 0.41
    },
    {
      "hablante": "Hablante B",
      "inicio": 28.49,
      "fin": 29.09,
      "duracion": 0.6,
      "texto": "Hola, ¿Martha?",
      "confianza": 0.456
    },
    {
      "hablante": "Hablante B",
      "inicio": 29.11,
      "fin": 29.89,
      "duracion": 0.78,
      "texto": "¿Me escuchas?",
      "confianza": 0.61
    },
    {
      "hablante": "Hablante B",
      "inicio": 30.9,
      "fin": 31.78,
      "duracion": 0.88,
      "texto": "Sí, te escucho.",
      "confianza": 0.317
    },
    {
      "hablante": "Hablante B",
      "inicio": 32.52,
      "fin": 33.92,
      "duracion": 1.4,
      "texto": "¿Cómo estás?",
      "confianza": 0.66
    },
    {
      "hablante": "Hablante B",
      "inicio": 33.94,
      "fin": 36.3,
      "duracion": 2.36,
      "texto": "¿Soy valiente?",
      "confianza": 0.536
    },
    {
      "hablante": "Hablante B",
      "inicio": 36.32,
      "fin": 40.27,
      "duracion": 3.95,
      "texto": "Sí, pero todavía no llegó y lamentablemente todavía no llegó.",
      "confianza": 0.596
    },
    {
      "hablante": "Hablante B",
      "inicio": 40.29,
      "fin": 43.2,
      "duracion": 2.9,
      "texto": "Sí, la estoy esperando.",
      "confianza": 0.194
    },
    {
      "hablante": "Hablante B",
      "inicio": 43.22,
      "fin": 44.58,
      "duracion": 1.36,
      "texto": "No me quieres llamar mañana.",
      "confianza": 0.532
    },
    {
      "hablante": "Hablante B",
      "inicio": 44.78,
      "fin": 50.51,
      "duracion": 5.73,
      "texto": "Yo hoy le consulto a ella y ya mañana te doy el ok, te digo todo lo que tiene que ser que eres.",
      "confianza": 0.719
    },
    {
      "hablante": "Hablante B",
      "inicio": 50.91,
      "fin": 55.64,
      "duracion": 4.73,
      "texto": "Dale, dale, ¿en qué horario a vos se vendría bien?",
      "confianza": 0.265
    },
    {
      "hablante": "Hablante B",
      "inicio": 55.66,
      "fin": 61.08,
      "duracion": 5.41,
      "texto": "Yo mañana tengo que salir, no sé si tengo que salir, pero vos llamame, a no ser que yo vaya en el tren para no poder contestarte, ¿viste?",
      "confianza": 0.502
    },
    {
      "hablante": "Hablante B",
      "inicio": 61.64,
      "fin": 66.69,
      "duracion": 5.05,
      "texto": "Pero vos llamame y vemos si ya terminamos con esto, ¿querés?",
      "confianza": 0.56
    },
    {
      "hablante": "Hablante B",
      "inicio": 67.25,
      "fin": 69.46,
      "duracion": 2.21,
      "texto": "Dale, dale, no hay problema.",
      "confianza": 0.444
    },
    {
      "hablante": "Hablante B",
      "inicio": 69.48,
      "fin": 71.16,
      "duracion": 1.68,
      "texto": "Muchas gracias, hasta luego.",
      "confianza": 0.446
    }
  ],
  "transcripcion_completa": "Hola. Hola, ¿Martha? ¿Me escuchas? Sí, te escucho. ¿Cómo estás? ¿Soy valiente? Sí, pero todavía no llegó y lamentablemente todavía no llegó. Sí, la estoy esperando. No me quieres llamar mañana. Yo hoy le consulto a ella y ya mañana te doy el ok, te digo todo lo que tiene que ser que eres. Dale, dale, ¿en qué horario a vos se vendría bien? Yo mañana tengo que salir, no sé si tengo que salir, pero vos llamame, a no ser que yo vaya en el tren para no poder contestarte, ¿viste? Pero vos llamame y vemos si ya terminamos con esto, ¿querés? Dale, dale, no hay problema. Muchas gracias, hasta luego.",
  "calidad": {
    "confianza_promedio": 0.483,
    "metodo_diarizacion": "pausas_fallback",
    "tiempo_procesamiento": 4.1
  },
  "metadata": {
    "modelo": "whisperx_medium",
    "diarizacion": "pausas",
    "dispositivo": "cuda",
    "fecha": "2026-01-25T18:08:46.940778",
    "version": "5.0_ecapa"
  }
}