{
  "archivo": "amza1_1_260119130647113_ACD_91223.wav",
  "duracion_segundos": 73.68,
  "num_segmentos": 23,
  "num_hablantes": 2,
  "hablantes": [
    "Hablante A",
    "Hablante B"
  ],
  "tiempo_por_hablante": {
    "Hablante A": 32.21,
    "Hablante B": 34.02
  },
  "idioma": "es",
  "conversacion": [
    {
      "hablante": "Hablante A",
      "inicio": 0.03,
      "fin": 3.25,
      "duracion": 3.22,
      "texto": "Hola, muy buenos días, ¿qué tal?",
      "confianza": 0.109
    },
    {
      "hablante": "Hablante A",
      "inicio": 3.27,
      "fin": 4.78,
      "duracion": 1.5,
      "texto": "Me comunico con el titular de la línea.",
      "confianza": 0.688
    },
    {
      "hablante": "Hablante B",
      "inicio": 7.3,
      "fin": 7.94,
      "duracion": 0.64,
      "texto": "Gracias, señor.",
      "confianza": 0.418
    },
    {
      "hablante": "Hablante B",
      "inicio": 7.98,
      "fin": 8.92,
      "duracion": 0.94,
      "texto": "¿Cómo le va a un placer?",
      "confianza": 0.684
    },
    {
      "hablante": "Hablante B",
      "inicio": 8.94,
      "fin": 9.72,
      "duracion": 0.78,
      "texto": "¿Le habla a Angelina?",
      "confianza": 0.324
    },
    {
      "hablante": "Hablante B",
      "inicio": 9.82,
      "fin": 11.48,
      "duracion": 1.66,
      "texto": "Sí, yo me quería comunicar con Roberto.",
      "confianza": 0.756
    },
    {
      "hablante": "Hablante B",
      "inicio": 12.33,
      "fin": 14.31,
      "duracion": 1.98,
      "texto": "Vamos a brindarle lo que es un descuento para su línea.",
      "confianza": 0.719
    },
    {
      "hablante": "Hablante B",
      "inicio": 14.43,
      "fin": 27.02,
      "duracion": 12.6,
      "texto": "Así que tenemos lo que es un descuento, 108 mil pesos, para la línea de 16 gigas en total, con lo que incluye WhatsApp, llamadas libres, roaming en América y, además, América Precio Local, ¿sí?",
      "confianza": 0.621
    },
    {
      "hablante": "Hablante B",
      "inicio": 27.04,
      "fin": 29.13,
      "duracion": 2.08,
      "texto": "Desde la compañera Mauritán lo estamos llamando.",
      "confianza": 0.676
    },
    {
      "hablante": "Hablante B",
      "inicio": 29.36,
      "fin": 32.1,
      "duracion": 2.74,
      "texto": "Ah, no, no, está bien, yo tengo clara.",
      "confianza": 0.229
    },
    {
      "hablante": "Hablante B",
      "inicio": 32.62,
      "fin": 35.87,
      "duracion": 3.24,
      "texto": "Entiendo, ¿lo han llamado anteriormente usted, señor?",
      "confianza": 0.659
    },
    {
      "hablante": "Hablante B",
      "inicio": 35.89,
      "fin": 39.27,
      "duracion": 3.38,
      "texto": "Sí, ya lo he llamado varias veces, la verdad que no, prefiero clara.",
      "confianza": 0.127
    },
    {
      "hablante": "Hablante B",
      "inicio": 39.29,
      "fin": 43.27,
      "duracion": 3.98,
      "texto": "Bueno, pero me refiero a que usted estaba ganando algo de 50.000 pesos en su línea actual en clara, ¿es correcto?",
      "confianza": 0.428
    },
    {
      "hablante": "Hablante A",
      "inicio": 45.4,
      "fin": 45.53,
      "duracion": 0.14,
      "texto": "Sí, sí.",
      "confianza": 0.076
    },
    {
      "hablante": "Hablante A",
      "inicio": 45.55,
      "fin": 54.62,
      "duracion": 9.07,
      "texto": "Bien, nosotros justamente le estamos queriendo gritar lo que es un descuento de la línea completa con 16 gigas en lo que son 8.000 pesos, ¿bien?",
      "confianza": 0.68
    },
    {
      "hablante": "Hablante A",
      "inicio": 54.64,
      "fin": 57.57,
      "duracion": 2.92,
      "texto": "Sí, no, no, está bien, sos muy armado pero no le sirve mucho.",
      "confianza": 0.109
    },
    {
      "hablante": "Hablante A",
      "inicio": 57.59,
      "fin": 58.61,
      "duracion": 1.02,
      "texto": "¿Por qué no le sirve?",
      "confianza": 0.288
    },
    {
      "hablante": "Hablante A",
      "inicio": 59.24,
      "fin": 64.58,
      "duracion": 5.34,
      "texto": "Porque yo viajo mucho y no me agarra nunca en ningún lado, una ruta no me agarra, no tengo que ir en ningún lado.",
      "confianza": 0.485
    },
    {
      "hablante": "Hablante A",
      "inicio": 64.6,
      "fin": 66.39,
      "duracion": 1.79,
      "texto": "En la ruta no le agarra.",
      "confianza": 0.605
    },
    {
      "hablante": "Hablante A",
      "inicio": 66.41,
      "fin": 68.4,
      "duracion": 1.99,
      "texto": "No, no me sirven, por eso.",
      "confianza": 0.658
    },
    {
      "hablante": "Hablante A",
      "inicio": 68.42,
      "fin": 71.33,
      "duracion": 2.91,
      "texto": "Sos muy amable, gracias y que tengas buen día.",
      "confianza": 0.512
    },
    {
      "hablante": "Hablante A",
      "inicio": 71.35,
      "fin": 73.42,
      "duracion": 2.07,
      "texto": "Bien, entonces no hay problema.",
      "confianza": 0.242
    },
    {
      "hablante": "Hablante A",
      "inicio": 73.44,
      "fin": 73.68,
      "duracion": 0.24,
      "texto": "Hasta luego.",
      "confianza": 0.092
    }
  ],
  "transcripcion_completa": "Hola, muy buenos días, ¿qué tal? Me comunico con el titular de la línea. Gracias, señor. ¿Cómo le va a un placer? ¿Le habla a Angelina? Sí, yo me quería comunicar con Roberto. Vamos a brindarle lo que es un descuento para su línea. Así que tenemos lo que es un descuento, 108 mil pesos, para la línea de 16 gigas en total, con lo que incluye WhatsApp, llamadas libres, roaming en América y, además, América Precio Local, ¿sí? Desde la compañera Mauritán lo estamos llamando. Ah, no, no, está bien, yo tengo clara. Entiendo, ¿lo han llamado anteriormente usted, señor? Sí, ya lo he llamado varias veces, la verdad que no, prefiero clara. Bueno, pero me refiero a que usted estaba ganando algo de 50.000 pesos en su línea actual en clara, ¿es correcto? Sí, sí. Bien, nosotros justamente le estamos queriendo gritar lo que es un descuento de la línea completa con 16 gigas en lo que son 8.000 pesos, ¿bien? Sí, no, no, está bien, sos muy armado pero no le sirve mucho. ¿Por qué no le sirve? Porque yo viajo mucho y no me agarra nunca en ningún lado, una ruta no me agarra, no tengo que ir en ningún lado. En la ruta no le agarra. No, no me sirven, por eso. Sos muy amable, gracias y que tengas buen día. Bien, entonces no hay problema. Hasta luego.",
  "calidad": {
    "confianza_promedio": 0.443,
    "metodo_diarizacion": "pausas_fallback",
    "tiempo_procesamiento": 5.5
  },
  "metadata": {
    "modelo": "whisperx_medium",
    "diarizacion": "pausas",
    "dispositivo": "cuda",
    "fecha": "2026-01-25T17:40:26.295623",
    "version": "5.0_ecapa"
  }
}