{
  "archivo": "amza14_1_260122104054973_ACD_93183.wav",
  "duracion_segundos": 730.64,
  "num_segmentos": 169,
  "num_hablantes": 2,
  "hablantes": [
    "Hablante A",
    "Hablante B"
  ],
  "tiempo_por_hablante": {
    "Hablante A": 180.02,
    "Hablante B": 449.53
  },
  "idioma": "es",
  "conversacion": [
    {
      "hablante": "Hablante A",
      "inicio": 0.77,
      "fin": 2.15,
      "duracion": 1.38,
      "texto": "Hola, buen día.",
      "confianza": 0.635
    },
    {
      "hablante": "Hablante A",
      "inicio": 2.17,
      "fin": 4.7,
      "duracion": 2.52,
      "texto": "Hablo con Brian.",
      "confianza": 0.764
    },
    {
      "hablante": "Hablante A",
      "inicio": 4.72,
      "fin": 5.66,
      "duracion": 0.94,
      "texto": "Sí.",
      "confianza": 0.509
    },
    {
      "hablante": "Hablante A",
      "inicio": 5.68,
      "fin": 6.5,
      "duracion": 0.82,
      "texto": "¿Cómo estás, Brian?",
      "confianza": 0.65
    },
    {
      "hablante": "Hablante A",
      "inicio": 6.52,
      "fin": 6.84,
      "duracion": 0.32,
      "texto": "Un gusto.",
      "confianza": 0.813
    },
    {
      "hablante": "Hablante A",
      "inicio": 6.88,
      "fin": 7.66,
      "duracion": 0.78,
      "texto": "Mi nombre es Bruno.",
      "confianza": 0.697
    },
    {
      "hablante": "Hablante A",
      "inicio": 7.8,
      "fin": 10.71,
      "duracion": 2.9,
      "texto": "Me estaba comunicando desde el área de recupero de clientes Movistar.",
      "confianza": 0.569
    },
    {
      "hablante": "Hablante A",
      "inicio": 11.45,
      "fin": 11.51,
      "duracion": 0.06,
      "texto": "Sí.",
      "confianza": 0.092
    },
    {
      "hablante": "Hablante A",
      "inicio": 11.53,
      "fin": 13.59,
      "duracion": 2.06,
      "texto": "Tenemos una promoción disponible para tu línea.",
      "confianza": 0.837
    },
    {
      "hablante": "Hablante A",
      "inicio": 14.17,
      "fin": 15.31,
      "duracion": 1.14,
      "texto": "Actualmente, ¿tienes claro?",
      "confianza": 0.599
    },
    {
      "hablante": "Hablante B",
      "inicio": 17.0,
      "fin": 17.52,
      "duracion": 0.52,
      "texto": "Sí, sí, tengo claro.",
      "confianza": 0.178
    },
    {
      "hablante": "Hablante B",
      "inicio": 18.24,
      "fin": 18.74,
      "duracion": 0.5,
      "texto": "Bien, Brian.",
      "confianza": 0.65
    },
    {
      "hablante": "Hablante B",
      "inicio": 18.8,
      "fin": 22.52,
      "duracion": 3.72,
      "texto": "¿Y actualmente qué cantidad de gigas tenés con Claro y cuánto estás agonando?",
      "confianza": 0.597
    },
    {
      "hablante": "Hablante B",
      "inicio": 23.58,
      "fin": 25.85,
      "duracion": 2.26,
      "texto": "Estoy agonando 9000 y tipo.",
      "confianza": 0.495
    },
    {
      "hablante": "Hablante B",
      "inicio": 26.35,
      "fin": 28.13,
      "duracion": 1.78,
      "texto": "Sí.",
      "confianza": 0.275
    },
    {
      "hablante": "Hablante B",
      "inicio": 28.15,
      "fin": 30.15,
      "duracion": 2.0,
      "texto": "Es una promoción que dura hasta martes.",
      "confianza": 0.102
    },
    {
      "hablante": "Hablante B",
      "inicio": 30.17,
      "fin": 30.49,
      "duracion": 0.32,
      "texto": "Bien.",
      "confianza": 0.683
    },
    {
      "hablante": "Hablante B",
      "inicio": 30.78,
      "fin": 32.4,
      "duracion": 1.62,
      "texto": "Bien, ya te queda un poquito.",
      "confianza": 0.074
    },
    {
      "hablante": "Hablante B",
      "inicio": 32.42,
      "fin": 39.23,
      "duracion": 6.81,
      "texto": "¿Y la cantidad de gigas que tenés?",
      "confianza": 0.455
    },
    {
      "hablante": "Hablante B",
      "inicio": 39.25,
      "fin": 40.11,
      "duracion": 0.86,
      "texto": "Tienen un par de gigas, pero no me acuerdo.",
      "confianza": 0.003
    },
    {
      "hablante": "Hablante B",
      "inicio": 40.13,
      "fin": 40.93,
      "duracion": 0.8,
      "texto": "Bien, te comento.",
      "confianza": 0.485
    },
    {
      "hablante": "Hablante B",
      "inicio": 40.97,
      "fin": 43.95,
      "duracion": 2.98,
      "texto": "Tenemos una promoción con 14 gigas en total.",
      "confianza": 0.735
    },
    {
      "hablante": "Hablante B",
      "inicio": 44.01,
      "fin": 45.59,
      "duracion": 1.58,
      "texto": "Tendrías lo que es WhatsApp Gratis.",
      "confianza": 0.555
    },
    {
      "hablante": "Hablante B",
      "inicio": 45.69,
      "fin": 46.8,
      "duracion": 1.1,
      "texto": "Habla libre a cualquier compañía.",
      "confianza": 0.731
    },
    {
      "hablante": "Hablante B",
      "inicio": 46.84,
      "fin": 49.56,
      "duracion": 2.72,
      "texto": "A un precio final de $6,450 pesos.",
      "confianza": 0.835
    },
    {
      "hablante": "Hablante B",
      "inicio": 49.58,
      "fin": 50.5,
      "duracion": 0.92,
      "texto": "14 gigas.",
      "confianza": 0.557
    },
    {
      "hablante": "Hablante B",
      "inicio": 50.96,
      "fin": 54.91,
      "duracion": 3.95,
      "texto": "¿Por cuánto tiempo?",
      "confianza": 0.343
    },
    {
      "hablante": "Hablante B",
      "inicio": 54.92,
      "fin": 56.47,
      "duracion": 1.54,
      "texto": "Esta promoción es por seis meses.",
      "confianza": 0.69
    },
    {
      "hablante": "Hablante B",
      "inicio": 56.49,
      "fin": 60.53,
      "duracion": 4.05,
      "texto": "Luego de esos seis meses, a vos por un Gmail se te va a avisar que se te termina la promoción.",
      "confianza": 0.581
    },
    {
      "hablante": "Hablante B",
      "inicio": 60.75,
      "fin": 90.18,
      "duracion": 29.43,
      "texto": "en el caso de que hagas la botella nosotros vamos a seguir en contacto yo en el quinto mes cuando vos te llegue ese gmail te brindo el chat de Movistar en donde te van a brindar las nuevas promociones para el siguiente periodo tengo ese tengo ese plan de catorce gigas en seis mil cuatro cincuenta sino otro plan con dieciocho gigas en total en ocho mil esos son los dos precios que tenemos en promoción",
      "confianza": 0.629
    },
    {
      "hablante": "Hablante B",
      "inicio": 90.8,
      "fin": 98.37,
      "duracion": 7.57,
      "texto": "23, ahora ya tengo que pagar, no sé si es bien o no.",
      "confianza": 0.262
    },
    {
      "hablante": "Hablante B",
      "inicio": 98.39,
      "fin": 100.33,
      "duracion": 1.94,
      "texto": "Yo siempre pago el 5 porque cobro el 5, pero ¿cómo hago para que lo agentren?",
      "confianza": 0.107
    },
    {
      "hablante": "Hablante B",
      "inicio": 100.47,
      "fin": 116.05,
      "duracion": 15.58,
      "texto": "Nosotros, mira, si iniciás el trámite, más o menos en 48 a 72 horas, una sucursal cercana de Movistar te va a enviar un mensaje para que vayas a retirar el chip, vos una vez que tengas el chip, yo te aviso cuando colocarlo, más o menos 72 horas, más o menos demora.",
      "confianza": 0.745
    },
    {
      "hablante": "Hablante B",
      "inicio": 117.03,
      "fin": 119.65,
      "duracion": 2.62,
      "texto": "Pero vos seguís con tu línea en claro, no te quedas sin la línea.",
      "confianza": 0.612
    },
    {
      "hablante": "Hablante B",
      "inicio": 119.99,
      "fin": 123.49,
      "duracion": 3.5,
      "texto": "Nosotros gestionamos lo que es la baja.",
      "confianza": 0.763
    },
    {
      "hablante": "Hablante B",
      "inicio": 123.51,
      "fin": 123.73,
      "duracion": 0.22,
      "texto": "Ajá.",
      "confianza": 0.452
    },
    {
      "hablante": "Hablante B",
      "inicio": 123.75,
      "fin": 129.32,
      "duracion": 5.57,
      "texto": "Vos no tenéis ideas de hacer la baja en nada.",
      "confianza": 0.576
    },
    {
      "hablante": "Hablante B",
      "inicio": 129.34,
      "fin": 130.72,
      "duracion": 1.38,
      "texto": "Sí, bueno, entonces tendría que pagar la bolita de chavales entonces.",
      "confianza": 0.017
    },
    {
      "hablante": "Hablante B",
      "inicio": 130.74,
      "fin": 133.44,
      "duracion": 2.7,
      "texto": "Claro, eso lo podés abonar después de haberte portado.",
      "confianza": 0.672
    },
    {
      "hablante": "Hablante B",
      "inicio": 133.47,
      "fin": 138.01,
      "duracion": 4.55,
      "texto": "Eso a nosotros no nos influye en nada.",
      "confianza": 0.648
    },
    {
      "hablante": "Hablante B",
      "inicio": 138.03,
      "fin": 142.0,
      "duracion": 3.96,
      "texto": "Claro, pues yo siempre pago el 5 porque me cae mal la fecha, ¿viste?",
      "confianza": 0.382
    },
    {
      "hablante": "Hablante B",
      "inicio": 142.01,
      "fin": 142.68,
      "duracion": 0.66,
      "texto": "Claro.",
      "confianza": 0.738
    },
    {
      "hablante": "Hablante B",
      "inicio": 142.7,
      "fin": 143.34,
      "duracion": 0.64,
      "texto": "El 5 cobro.",
      "confianza": 0.438
    },
    {
      "hablante": "Hablante B",
      "inicio": 144.75,
      "fin": 146.35,
      "duracion": 1.6,
      "texto": "Claro, entiendo.",
      "confianza": 0.351
    },
    {
      "hablante": "Hablante B",
      "inicio": 146.37,
      "fin": 154.25,
      "duracion": 7.87,
      "texto": "Brian, ¿y vos de qué provincia y localidad sos para ver si tenés alguna sucursal que te quede cómoda?",
      "confianza": 0.623
    },
    {
      "hablante": "Hablante B",
      "inicio": 154.39,
      "fin": 161.18,
      "duracion": 6.79,
      "texto": "Yo soy de la calle San Miguel.",
      "confianza": 0.483
    },
    {
      "hablante": "Hablante B",
      "inicio": 161.2,
      "fin": 161.46,
      "duracion": 0.26,
      "texto": "Buenos Aires.",
      "confianza": 0.0
    },
    {
      "hablante": "Hablante B",
      "inicio": 161.48,
      "fin": 161.88,
      "duracion": 0.4,
      "texto": "Buenos Aires, a ver.",
      "confianza": 0.015
    },
    {
      "hablante": "Hablante B",
      "inicio": 161.9,
      "fin": 162.12,
      "duracion": 0.22,
      "texto": "San Miguel.",
      "confianza": 0.012
    },
    {
      "hablante": "Hablante B",
      "inicio": 162.14,
      "fin": 162.46,
      "duracion": 0.32,
      "texto": "San Miguel, acá.",
      "confianza": 0.006
    },
    {
      "hablante": "Hablante B",
      "inicio": 162.48,
      "fin": 163.42,
      "duracion": 0.94,
      "texto": "Provincia de Buenos Aires.",
      "confianza": 0.026
    },
    {
      "hablante": "Hablante B",
      "inicio": 163.44,
      "fin": 165.2,
      "duracion": 1.76,
      "texto": "Ah, mira, te comento las que tenemos.",
      "confianza": 0.716
    },
    {
      "hablante": "Hablante B",
      "inicio": 166.04,
      "fin": 169.73,
      "duracion": 3.69,
      "texto": "Tenemos una por la calle Italia, al 1201.",
      "confianza": 0.748
    },
    {
      "hablante": "Hablante B",
      "inicio": 170.01,
      "fin": 175.92,
      "duracion": 5.91,
      "texto": "y otra por la calle Perón al 1.604 y también por la calle Perón al 1.173.",
      "confianza": 0.861
    },
    {
      "hablante": "Hablante B",
      "inicio": 176.14,
      "fin": 183.29,
      "duracion": 7.15,
      "texto": "Esas son las tres que tenemos en San Miguel.",
      "confianza": 0.736
    },
    {
      "hablante": "Hablante B",
      "inicio": 183.31,
      "fin": 193.97,
      "duracion": 10.66,
      "texto": "No sé si te quedan cómodas algunas de esas o si no buscamos otra localidad que te quede cómoda.",
      "confianza": 0.677
    },
    {
      "hablante": "Hablante B",
      "inicio": 193.99,
      "fin": 194.57,
      "duracion": 0.58,
      "texto": "No, está bien eso, está bien.",
      "confianza": 0.001
    },
    {
      "hablante": "Hablante B",
      "inicio": 194.59,
      "fin": 196.16,
      "duracion": 1.56,
      "texto": "Yo estoy medio distanciado, hasta de 24 pero lo mismo, me queda bien lo mismo.",
      "confianza": 0.013
    },
    {
      "hablante": "Hablante B",
      "inicio": 196.35,
      "fin": 201.92,
      "duracion": 5.57,
      "texto": "Un día antes te van a avisar desde la misma sucursal que tenes que ir a retirar el chip.",
      "confianza": 0.666
    },
    {
      "hablante": "Hablante B",
      "inicio": 201.94,
      "fin": 206.79,
      "duracion": 4.85,
      "texto": "Vos vas a retirar el chip, una vez que tengas el chip me mandas un mensajito a mi y yo te aviso cuando colocarlo.",
      "confianza": 0.669
    },
    {
      "hablante": "Hablante B",
      "inicio": 207.61,
      "fin": 210.65,
      "duracion": 3.04,
      "texto": "El nombre es lo mismo, ¿no?",
      "confianza": 0.141
    },
    {
      "hablante": "Hablante B",
      "inicio": 210.67,
      "fin": 212.03,
      "duracion": 1.36,
      "texto": "Si, mantienes el mismo número.",
      "confianza": 0.8
    },
    {
      "hablante": "Hablante B",
      "inicio": 212.05,
      "fin": 218.74,
      "duracion": 6.69,
      "texto": "Solamente cambias el chip.",
      "confianza": 0.634
    },
    {
      "hablante": "Hablante B",
      "inicio": 218.76,
      "fin": 218.84,
      "duracion": 0.08,
      "texto": "Ajá.",
      "confianza": 0.0
    },
    {
      "hablante": "Hablante B",
      "inicio": 218.86,
      "fin": 222.97,
      "duracion": 4.1,
      "texto": "Bueno, bueno... Mira, ahí te mandé un mensajito Brian, te puse hola, te habla Bruno de Movistar.",
      "confianza": 0.563
    },
    {
      "hablante": "Hablante B",
      "inicio": 223.69,
      "fin": 224.93,
      "duracion": 1.24,
      "texto": "Para que ya te quede mi número.",
      "confianza": 0.701
    },
    {
      "hablante": "Hablante B",
      "inicio": 225.43,
      "fin": 235.64,
      "duracion": 10.21,
      "texto": "Y eso sería todo, si queréis ponemos, son cinco minutos, cargamos y más o menos en 48 horas retirar el chip y yo creo que en 72 ya lo tenéis puesto con tu línea activa.",
      "confianza": 0.691
    },
    {
      "hablante": "Hablante A",
      "inicio": 238.31,
      "fin": 240.83,
      "duracion": 2.52,
      "texto": "Bueno, vamos, sigo con probar, acá teníamos que estar antes.",
      "confianza": 0.326
    },
    {
      "hablante": "Hablante B",
      "inicio": 242.79,
      "fin": 246.12,
      "duracion": 3.32,
      "texto": "Pero como se le ha ido mucho el ofrecimiento.",
      "confianza": 0.475
    },
    {
      "hablante": "Hablante B",
      "inicio": 246.14,
      "fin": 246.38,
      "duracion": 0.24,
      "texto": "Claro.",
      "confianza": 0.811
    },
    {
      "hablante": "Hablante B",
      "inicio": 247.24,
      "fin": 249.86,
      "duracion": 2.62,
      "texto": "Por un año tenés nada, ¿no?",
      "confianza": 0.638
    },
    {
      "hablante": "Hablante B",
      "inicio": 249.88,
      "fin": 250.04,
      "duracion": 0.16,
      "texto": "No.",
      "confianza": 0.654
    },
    {
      "hablante": "Hablante B",
      "inicio": 250.06,
      "fin": 250.76,
      "duracion": 0.7,
      "texto": "Son posibles que son.",
      "confianza": 0.311
    },
    {
      "hablante": "Hablante B",
      "inicio": 251.15,
      "fin": 258.46,
      "duracion": 7.31,
      "texto": "Sí, pero de todas formas después te van a brindar la nueva promoción para el siguiente periodo, que capaz que puede ser para un año.",
      "confianza": 0.714
    },
    {
      "hablante": "Hablante B",
      "inicio": 258.56,
      "fin": 266.87,
      "duracion": 8.31,
      "texto": "Justo ahora, en este último tiempo, los planes los han sacado a seis meses, pero pueden volver a un año.",
      "confianza": 0.714
    },
    {
      "hablante": "Hablante B",
      "inicio": 266.89,
      "fin": 276.62,
      "duracion": 9.73,
      "texto": "Mira, me confirmaste un dato, a ver si son correctos, para Ariadne Manuel Chávez y tu fecha de nacimiento del 14 de 6 de 1997.",
      "confianza": 0.697
    },
    {
      "hablante": "Hablante B",
      "inicio": 277.15,
      "fin": 277.21,
      "duracion": 0.06,
      "texto": "Sí.",
      "confianza": 0.322
    },
    {
      "hablante": "Hablante B",
      "inicio": 277.68,
      "fin": 280.9,
      "duracion": 3.22,
      "texto": "No me lo comento, 40.491.357.",
      "confianza": 0.394
    },
    {
      "hablante": "Hablante A",
      "inicio": 282.7,
      "fin": 283.2,
      "duracion": 0.5,
      "texto": "Perfecto.",
      "confianza": 0.85
    },
    {
      "hablante": "Hablante A",
      "inicio": 283.24,
      "fin": 288.29,
      "duracion": 5.05,
      "texto": "Mira, te hago una consulta a ver si este email es el actual.",
      "confianza": 0.681
    },
    {
      "hablante": "Hablante A",
      "inicio": 288.91,
      "fin": 291.94,
      "duracion": 3.02,
      "texto": "A ver, fani.grana02.com.",
      "confianza": 0.751
    },
    {
      "hablante": "Hablante A",
      "inicio": 291.95,
      "fin": 301.67,
      "duracion": 9.71,
      "texto": "Es mi mamá, eh.",
      "confianza": 0.394
    },
    {
      "hablante": "Hablante A",
      "inicio": 301.69,
      "fin": 307.28,
      "duracion": 5.59,
      "texto": "Ah, bueno.",
      "confianza": 0.5
    },
    {
      "hablante": "Hablante A",
      "inicio": 307.66,
      "fin": 310.87,
      "duracion": 3.2,
      "texto": "A ver, decime uno actual o si lo dejamos en ese directamente.",
      "confianza": 0.703
    },
    {
      "hablante": "Hablante B",
      "inicio": 315.99,
      "fin": 317.13,
      "duracion": 1.14,
      "texto": "A ver, un poquito.",
      "confianza": 0.446
    },
    {
      "hablante": "Hablante B",
      "inicio": 317.15,
      "fin": 336.57,
      "duracion": 19.42,
      "texto": "Sí, tranqui, no hay apuntas.",
      "confianza": 0.719
    },
    {
      "hablante": "Hablante B",
      "inicio": 336.59,
      "fin": 337.1,
      "duracion": 0.5,
      "texto": "No, pues yo tengo otro...",
      "confianza": 0.04
    },
    {
      "hablante": "Hablante B",
      "inicio": 337.38,
      "fin": 340.12,
      "duracion": 2.74,
      "texto": "¿Cómo es que me diste vos?",
      "confianza": 0.389
    },
    {
      "hablante": "Hablante B",
      "inicio": 340.14,
      "fin": 340.36,
      "duracion": 0.22,
      "texto": "El Gmail.",
      "confianza": 0.118
    },
    {
      "hablante": "Hablante B",
      "inicio": 340.38,
      "fin": 341.22,
      "duracion": 0.84,
      "texto": "Ah, ¿cómo el que te dije?",
      "confianza": 0.68
    },
    {
      "hablante": "Hablante A",
      "inicio": 343.63,
      "fin": 345.53,
      "duracion": 1.9,
      "texto": "El Gmail puede ser, yo tengo el de mi papá.",
      "confianza": 0.371
    },
    {
      "hablante": "Hablante A",
      "inicio": 346.03,
      "fin": 346.99,
      "duracion": 0.96,
      "texto": "Ah, bueno, no hay problema.",
      "confianza": 0.333
    },
    {
      "hablante": "Hablante A",
      "inicio": 347.01,
      "fin": 348.95,
      "duracion": 1.94,
      "texto": "¿Ya ves Alfredo?",
      "confianza": 0.607
    },
    {
      "hablante": "Hablante A",
      "inicio": 349.81,
      "fin": 350.03,
      "duracion": 0.22,
      "texto": "Sí.",
      "confianza": 0.7
    },
    {
      "hablante": "Hablante A",
      "inicio": 350.25,
      "fin": 355.14,
      "duracion": 4.88,
      "texto": "5102 gmail.com No sé cuánto.",
      "confianza": 0.266
    },
    {
      "hablante": "Hablante A",
      "inicio": 355.16,
      "fin": 355.52,
      "duracion": 0.36,
      "texto": "¿5102?",
      "confianza": 0.853
    },
    {
      "hablante": "Hablante A",
      "inicio": 355.54,
      "fin": 356.62,
      "duracion": 1.08,
      "texto": "¿Me dijiste?",
      "confianza": 0.54
    },
    {
      "hablante": "Hablante A",
      "inicio": 356.7,
      "fin": 358.22,
      "duracion": 1.52,
      "texto": "Sí.",
      "confianza": 0.826
    },
    {
      "hablante": "Hablante A",
      "inicio": 358.24,
      "fin": 358.36,
      "duracion": 0.12,
      "texto": "Sí.",
      "confianza": 0.346
    },
    {
      "hablante": "Hablante A",
      "inicio": 358.38,
      "fin": 359.0,
      "duracion": 0.62,
      "texto": "Arroja gmail.com.",
      "confianza": 0.116
    },
    {
      "hablante": "Hablante A",
      "inicio": 359.02,
      "fin": 359.44,
      "duracion": 0.42,
      "texto": "Perfecto.",
      "confianza": 0.311
    },
    {
      "hablante": "Hablante A",
      "inicio": 359.46,
      "fin": 361.21,
      "duracion": 1.74,
      "texto": "¿Ya ves Alfredo?",
      "confianza": 0.122
    },
    {
      "hablante": "Hablante A",
      "inicio": 361.23,
      "fin": 361.89,
      "duracion": 0.66,
      "texto": "Bien.",
      "confianza": 0.798
    },
    {
      "hablante": "Hablante A",
      "inicio": 361.91,
      "fin": 362.67,
      "duracion": 0.76,
      "texto": "Bien.",
      "confianza": 0.448
    },
    {
      "hablante": "Hablante A",
      "inicio": 362.69,
      "fin": 365.03,
      "duracion": 2.34,
      "texto": "Y Brian, ¿cuál plan te interesa?",
      "confianza": 0.669
    },
    {
      "hablante": "Hablante A",
      "inicio": 365.07,
      "fin": 366.91,
      "duracion": 1.84,
      "texto": "¿El de 14 yeras o el de 18?",
      "confianza": 0.693
    },
    {
      "hablante": "Hablante A",
      "inicio": 367.72,
      "fin": 371.29,
      "duracion": 3.57,
      "texto": "No, el dedició, pero que cuando era ocho mil y pico me dijiste.",
      "confianza": 0.271
    },
    {
      "hablante": "Hablante A",
      "inicio": 371.31,
      "fin": 375.92,
      "duracion": 4.61,
      "texto": "Ocho mil, ocho mil pesos.",
      "confianza": 0.498
    },
    {
      "hablante": "Hablante A",
      "inicio": 375.94,
      "fin": 376.46,
      "duracion": 0.52,
      "texto": "Bueno, eso no te interesa.",
      "confianza": 0.005
    },
    {
      "hablante": "Hablante A",
      "inicio": 376.48,
      "fin": 376.58,
      "duracion": 0.1,
      "texto": "Dale.",
      "confianza": 0.075
    },
    {
      "hablante": "Hablante A",
      "inicio": 376.6,
      "fin": 382.21,
      "duracion": 5.61,
      "texto": "Bien, te voy a poner en la sucursal de la calle Italia, pero puedes ir a retirar en la que quieras, no hay problema.",
      "confianza": 0.739
    },
    {
      "hablante": "Hablante A",
      "inicio": 382.75,
      "fin": 384.69,
      "duracion": 1.94,
      "texto": "Ah, bueno, dale.",
      "confianza": 0.325
    },
    {
      "hablante": "Hablante A",
      "inicio": 384.71,
      "fin": 389.12,
      "duracion": 4.41,
      "texto": "Te voy a mandar una capturita por WhatsApp.",
      "confianza": 0.511
    },
    {
      "hablante": "Hablante A",
      "inicio": 389.14,
      "fin": 389.26,
      "duracion": 0.12,
      "texto": "Sí.",
      "confianza": 0.46
    },
    {
      "hablante": "Hablante A",
      "inicio": 389.3,
      "fin": 390.84,
      "duracion": 1.54,
      "texto": "Así ya te queda la sucursal.",
      "confianza": 0.57
    },
    {
      "hablante": "Hablante A",
      "inicio": 391.7,
      "fin": 400.61,
      "duracion": 8.91,
      "texto": "Mira, Brian, lo que voy a hacer ahora es enviarte el mensaje portaria, eso es para que vos mantengas el mismo número cuando se pase tu número de una compañía a otra, ¿sí?",
      "confianza": 0.669
    },
    {
      "hablante": "Hablante A",
      "inicio": 400.63,
      "fin": 409.38,
      "duracion": 8.75,
      "texto": "Eso te va a llegar desde un mensaje de texto común, desde el remitente 223, que es el de Movistar, justo abajito el mensaje y te van a salir las siglas MVS para que te quedes tranqui.",
      "confianza": 0.699
    },
    {
      "hablante": "Hablante A",
      "inicio": 409.9,
      "fin": 415.76,
      "duracion": 5.87,
      "texto": "Yo de eso voy a necesitar que me lo dicten en llamada para que quede registrado y también que me mandes una captura por WhatsApp o esas.",
      "confianza": 0.651
    },
    {
      "hablante": "Hablante A",
      "inicio": 417.22,
      "fin": 418.34,
      "duracion": 1.12,
      "texto": "Captura de qué?",
      "confianza": 0.173
    },
    {
      "hablante": "Hablante A",
      "inicio": 418.36,
      "fin": 421.39,
      "duracion": 3.02,
      "texto": "Del mensajito ese que te voy a enviar para dejarlo apuntado con la ficha.",
      "confianza": 0.761
    },
    {
      "hablante": "Hablante A",
      "inicio": 422.78,
      "fin": 425.43,
      "duracion": 2.64,
      "texto": "Ah, ah, bueno.",
      "confianza": 0.494
    },
    {
      "hablante": "Hablante A",
      "inicio": 425.45,
      "fin": 427.75,
      "duracion": 2.3,
      "texto": "Mira, ahí me confirman que ahí te lo enviaron.",
      "confianza": 0.703
    },
    {
      "hablante": "Hablante A",
      "inicio": 427.77,
      "fin": 430.95,
      "duracion": 3.18,
      "texto": "¿Vos podés corroborar en los mensajes si te llega?",
      "confianza": 0.637
    },
    {
      "hablante": "Hablante B",
      "inicio": 432.57,
      "fin": 435.74,
      "duracion": 3.16,
      "texto": "Sí, acá está, a ver, sí.",
      "confianza": 0.273
    },
    {
      "hablante": "Hablante B",
      "inicio": 435.76,
      "fin": 438.32,
      "duracion": 2.56,
      "texto": "Los mensajes, acá sí.",
      "confianza": 0.392
    },
    {
      "hablante": "Hablante B",
      "inicio": 438.34,
      "fin": 443.45,
      "duracion": 5.11,
      "texto": "Un SMS común.",
      "confianza": 0.572
    },
    {
      "hablante": "Hablante B",
      "inicio": 443.47,
      "fin": 443.59,
      "duracion": 0.12,
      "texto": "Bueno.",
      "confianza": 0.029
    },
    {
      "hablante": "Hablante B",
      "inicio": 443.61,
      "fin": 450.0,
      "duracion": 6.39,
      "texto": "Yo por mientras estoy cargando.",
      "confianza": 0.455
    },
    {
      "hablante": "Hablante B",
      "inicio": 450.01,
      "fin": 451.36,
      "duracion": 1.34,
      "texto": "¿Qué tengo que hacer?",
      "confianza": 0.402
    },
    {
      "hablante": "Hablante B",
      "inicio": 451.6,
      "fin": 452.64,
      "duracion": 1.04,
      "texto": "¿Qué hago con eso?",
      "confianza": 0.461
    },
    {
      "hablante": "Hablante B",
      "inicio": 452.99,
      "fin": 459.86,
      "duracion": 6.87,
      "texto": "su condado de portabilidad 2754 con vencimiento o algo así.",
      "confianza": 0.204
    },
    {
      "hablante": "Hablante B",
      "inicio": 459.88,
      "fin": 462.06,
      "duracion": 2.18,
      "texto": "Exacto, mándame una captura de ese mensaje.",
      "confianza": 0.812
    },
    {
      "hablante": "Hablante B",
      "inicio": 462.74,
      "fin": 470.85,
      "duracion": 8.11,
      "texto": "El vencimiento es más o menos el tiempo que la compañía tiene para que usted pase, pero eso es más o menos en tres días lo que hacemos tiendas a movilizar que es más rápido.",
      "confianza": 0.695
    },
    {
      "hablante": "Hablante A",
      "inicio": 476.92,
      "fin": 477.68,
      "duracion": 0.76,
      "texto": "Sí, sí, bueno, dale.",
      "confianza": 0.257
    },
    {
      "hablante": "Hablante A",
      "inicio": 477.7,
      "fin": 478.0,
      "duracion": 0.3,
      "texto": "Eso envía a mí.",
      "confianza": 0.086
    },
    {
      "hablante": "Hablante A",
      "inicio": 478.13,
      "fin": 489.29,
      "duracion": 11.15,
      "texto": "Bien, y para validar tu identidad, me brindas lo que es la foto del frente y el suelo de tu DNI, valido la identidad y las puedes borrar para que te quedes tranqui también.",
      "confianza": 0.575
    },
    {
      "hablante": "Hablante A",
      "inicio": 489.31,
      "fin": 489.77,
      "duracion": 0.46,
      "texto": "Te mando la foto de mí.",
      "confianza": 0.014
    },
    {
      "hablante": "Hablante A",
      "inicio": 489.79,
      "fin": 491.33,
      "duracion": 1.54,
      "texto": "Ajá, y la captura de ese mensaje.",
      "confianza": 0.76
    },
    {
      "hablante": "Hablante B",
      "inicio": 494.67,
      "fin": 501.14,
      "duracion": 6.47,
      "texto": "Ahí yo estoy cargando el resto y te hago el cierre comercial ahora, apenas me lo envías, que el cierre comercial es como tu contrato con la compañía.",
      "confianza": 0.711
    },
    {
      "hablante": "Hablante B",
      "inicio": 501.16,
      "fin": 505.74,
      "duracion": 4.59,
      "texto": "Eso es un texto que tengo que leer y es un recaso de tus datos y el plan al que vas a acceder.",
      "confianza": 0.713
    },
    {
      "hablante": "Hablante B",
      "inicio": 506.47,
      "fin": 509.39,
      "duracion": 2.92,
      "texto": "Eso apenas me envíes eso que valió la identidad y te leo el texto.",
      "confianza": 0.707
    },
    {
      "hablante": "Hablante A",
      "inicio": 513.82,
      "fin": 519.0,
      "duracion": 5.19,
      "texto": "Oye, cabra, te mando la... Ajá, poneme en altavoz y mándame por WhatsApp, así que ha todo registrado en llamada.",
      "confianza": 0.52
    },
    {
      "hablante": "Hablante A",
      "inicio": 519.18,
      "fin": 520.6,
      "duracion": 1.42,
      "texto": "Ahí te lo mando por WhatsApp, entonces.",
      "confianza": 0.309
    },
    {
      "hablante": "Hablante A",
      "inicio": 520.62,
      "fin": 522.33,
      "duracion": 1.7,
      "texto": "Ajá, el mismo chat que te escribí.",
      "confianza": 0.701
    },
    {
      "hablante": "Hablante B",
      "inicio": 524.23,
      "fin": 529.37,
      "duracion": 5.14,
      "texto": "Y ahí te leo el texto, así que te poneme en altavoz y hacelo tranqui, no hay apuro.",
      "confianza": 0.614
    },
    {
      "hablante": "Hablante B",
      "inicio": 529.39,
      "fin": 531.93,
      "duracion": 2.54,
      "texto": "Bueno, gracias, ya.",
      "confianza": 0.263
    },
    {
      "hablante": "Hablante B",
      "inicio": 531.96,
      "fin": 535.76,
      "duracion": 3.8,
      "texto": "¿Esta es la única línea en que tenés varias o tenés más líneas?",
      "confianza": 0.576
    },
    {
      "hablante": "Hablante B",
      "inicio": 535.78,
      "fin": 536.22,
      "duracion": 0.44,
      "texto": "No, no, esta línea no.",
      "confianza": 0.071
    },
    {
      "hablante": "Hablante B",
      "inicio": 536.62,
      "fin": 545.35,
      "duracion": 8.73,
      "texto": "Esto no va bien.",
      "confianza": 0.561
    },
    {
      "hablante": "Hablante B",
      "inicio": 545.37,
      "fin": 545.99,
      "duracion": 0.62,
      "texto": "Para que no se manda bien esto.",
      "confianza": 0.002
    },
    {
      "hablante": "Hablante B",
      "inicio": 546.01,
      "fin": 561.65,
      "duracion": 15.64,
      "texto": "Tranqui no hay apura, así que yo por mientras estoy cargando el resto.",
      "confianza": 0.725
    },
    {
      "hablante": "Hablante B",
      "inicio": 561.67,
      "fin": 561.74,
      "duracion": 0.06,
      "texto": "Sí.",
      "confianza": 0.329
    },
    {
      "hablante": "Hablante A",
      "inicio": 566.85,
      "fin": 589.06,
      "duracion": 22.21,
      "texto": "No, no.",
      "confianza": 0.617
    },
    {
      "hablante": "Hablante B",
      "inicio": 603.65,
      "fin": 609.32,
      "duracion": 5.67,
      "texto": "¿Con qué terminaba tu número?",
      "confianza": 0.114
    },
    {
      "hablante": "Hablante B",
      "inicio": 609.34,
      "fin": 609.62,
      "duracion": 0.28,
      "texto": "¿Cómo, perdón?",
      "confianza": 0.004
    },
    {
      "hablante": "Hablante B",
      "inicio": 609.64,
      "fin": 610.9,
      "duracion": 1.26,
      "texto": "¿Con qué terminaba tu número?",
      "confianza": 0.479
    },
    {
      "hablante": "Hablante B",
      "inicio": 611.36,
      "fin": 614.5,
      "duracion": 3.14,
      "texto": "Mi número termina en 319.",
      "confianza": 0.856
    },
    {
      "hablante": "Hablante B",
      "inicio": 615.31,
      "fin": 617.37,
      "duracion": 2.06,
      "texto": "Te mandé la capturita de la tienda Movistar.",
      "confianza": 0.744
    },
    {
      "hablante": "Hablante A",
      "inicio": 619.67,
      "fin": 622.32,
      "duracion": 2.64,
      "texto": "Hay que mandar una captura, fijate, ¿eh?",
      "confianza": 0.312
    },
    {
      "hablante": "Hablante A",
      "inicio": 622.34,
      "fin": 623.58,
      "duracion": 1.24,
      "texto": "La captura está perfecto.",
      "confianza": 0.876
    },
    {
      "hablante": "Hablante A",
      "inicio": 623.6,
      "fin": 625.96,
      "duracion": 2.36,
      "texto": "¿El documento que te mando?",
      "confianza": 0.468
    },
    {
      "hablante": "Hablante A",
      "inicio": 626.36,
      "fin": 629.83,
      "duracion": 3.47,
      "texto": "Ajá, mandame para validar tu identidad.",
      "confianza": 0.811
    },
    {
      "hablante": "Hablante B",
      "inicio": 636.86,
      "fin": 666.65,
      "duracion": 29.79,
      "texto": "Sí, tranqui, tranqui, no hay apura.",
      "confianza": 0.454
    },
    {
      "hablante": "Hablante B",
      "inicio": 667.69,
      "fin": 688.91,
      "duracion": 21.22,
      "texto": "Aquí mando el documento.",
      "confianza": 0.364
    },
    {
      "hablante": "Hablante B",
      "inicio": 688.93,
      "fin": 692.75,
      "duracion": 3.82,
      "texto": "Ahí me llegó el frente.",
      "confianza": 0.607
    },
    {
      "hablante": "Hablante A",
      "inicio": 694.55,
      "fin": 696.3,
      "duracion": 1.74,
      "texto": "Ahí el dorso.",
      "confianza": 0.708
    },
    {
      "hablante": "Hablante B",
      "inicio": 699.11,
      "fin": 725.18,
      "duracion": 26.07,
      "texto": "¿Llegó?",
      "confianza": 0.339
    },
    {
      "hablante": "Hablante B",
      "inicio": 725.2,
      "fin": 725.86,
      "duracion": 0.66,
      "texto": "No, todavía no",
      "confianza": 0.68
    },
    {
      "hablante": "Hablante A",
      "inicio": 728.88,
      "fin": 730.64,
      "duracion": 1.76,
      "texto": "Sí, tranquilo.",
      "confianza": 0.358
    }
  ],
  "transcripcion_completa": "Hola, buen día. Hablo con Brian. Sí. ¿Cómo estás, Brian? Un gusto. Mi nombre es Bruno. Me estaba comunicando desde el área de recupero de clientes Movistar. Sí. Tenemos una promoción disponible para tu línea. Actualmente, ¿tienes claro? Sí, sí, tengo claro. Bien, Brian. ¿Y actualmente qué cantidad de gigas tenés con Claro y cuánto estás agonando? Estoy agonando 9000 y tipo. Sí. Es una promoción que dura hasta martes. Bien. Bien, ya te queda un poquito. ¿Y la cantidad de gigas que tenés? Tienen un par de gigas, pero no me acuerdo. Bien, te comento. Tenemos una promoción con 14 gigas en total. Tendrías lo que es WhatsApp Gratis. Habla libre a cualquier compañía. A un precio final de $6,450 pesos. 14 gigas. ¿Por cuánto tiempo? Esta promoción es por seis meses. Luego de esos seis meses, a vos por un Gmail se te va a avisar que se te termina la promoción. en el caso de que hagas la botella nosotros vamos a seguir en contacto yo en el quinto mes cuando vos te llegue ese gmail te brindo el chat de Movistar en donde te van a brindar las nuevas promociones para el siguiente periodo tengo ese tengo ese plan de catorce gigas en seis mil cuatro cincuenta sino otro plan con dieciocho gigas en total en ocho mil esos son los dos precios que tenemos en promoción 23, ahora ya tengo que pagar, no sé si es bien o no. Yo siempre pago el 5 porque cobro el 5, pero ¿cómo hago para que lo agentren? Nosotros, mira, si iniciás el trámite, más o menos en 48 a 72 horas, una sucursal cercana de Movistar te va a enviar un mensaje para que vayas a retirar el chip, vos una vez que tengas el chip, yo te aviso cuando colocarlo, más o menos 72 horas, más o menos demora. Pero vos seguís con tu línea en claro, no te quedas sin la línea. Nosotros gestionamos lo que es la baja. Ajá. Vos no tenéis ideas de hacer la baja en nada. Sí, bueno, entonces tendría que pagar la bolita de chavales entonces. Claro, eso lo podés abonar después de haberte portado. Eso a nosotros no nos influye en nada. Claro, pues yo siempre pago el 5 porque me cae mal la fecha, ¿viste? Claro. El 5 cobro. Claro, entiendo. Brian, ¿y vos de qué provincia y localidad sos para ver si tenés alguna sucursal que te quede cómoda? Yo soy de la calle San Miguel. Buenos Aires. Buenos Aires, a ver. San Miguel. San Miguel, acá. Provincia de Buenos Aires. Ah, mira, te comento las que tenemos. Tenemos una por la calle Italia, al 1201. y otra por la calle Perón al 1.604 y también por la calle Perón al 1.173. Esas son las tres que tenemos en San Miguel. No sé si te quedan cómodas algunas de esas o si no buscamos otra localidad que te quede cómoda. No, está bien eso, está bien. Yo estoy medio distanciado, hasta de 24 pero lo mismo, me queda bien lo mismo. Un día antes te van a avisar desde la misma sucursal que tenes que ir a retirar el chip. Vos vas a retirar el chip, una vez que tengas el chip me mandas un mensajito a mi y yo te aviso cuando colocarlo. El nombre es lo mismo, ¿no? Si, mantienes el mismo número. Solamente cambias el chip. Ajá. Bueno, bueno... Mira, ahí te mandé un mensajito Brian, te puse hola, te habla Bruno de Movistar. Para que ya te quede mi número. Y eso sería todo, si queréis ponemos, son cinco minutos, cargamos y más o menos en 48 horas retirar el chip y yo creo que en 72 ya lo tenéis puesto con tu línea activa. Bueno, vamos, sigo con probar, acá teníamos que estar antes. Pero como se le ha ido mucho el ofrecimiento. Claro. Por un año tenés nada, ¿no? No. Son posibles que son. Sí, pero de todas formas después te van a brindar la nueva promoción para el siguiente periodo, que capaz que puede ser para un año. Justo ahora, en este último tiempo, los planes los han sacado a seis meses, pero pueden volver a un año. Mira, me confirmaste un dato, a ver si son correctos, para Ariadne Manuel Chávez y tu fecha de nacimiento del 14 de 6 de 1997. Sí. No me lo comento, 40.491.357. Perfecto. Mira, te hago una consulta a ver si este email es el actual. A ver, fani.grana02.com. Es mi mamá, eh. Ah, bueno. A ver, decime uno actual o si lo dejamos en ese directamente. A ver, un poquito. Sí, tranqui, no hay apuntas. No, pues yo tengo otro... ¿Cómo es que me diste vos? El Gmail. Ah, ¿cómo el que te dije? El Gmail puede ser, yo tengo el de mi papá. Ah, bueno, no hay problema. ¿Ya ves Alfredo? Sí. 5102 gmail.com No sé cuánto. ¿5102? ¿Me dijiste? Sí. Sí. Arroja gmail.com. Perfecto. ¿Ya ves Alfredo? Bien. Bien. Y Brian, ¿cuál plan te interesa? ¿El de 14 yeras o el de 18? No, el dedició, pero que cuando era ocho mil y pico me dijiste. Ocho mil, ocho mil pesos. Bueno, eso no te interesa. Dale. Bien, te voy a poner en la sucursal de la calle Italia, pero puedes ir a retirar en la que quieras, no hay problema. Ah, bueno, dale. Te voy a mandar una capturita por WhatsApp. Sí. Así ya te queda la sucursal. Mira, Brian, lo que voy a hacer ahora es enviarte el mensaje portaria, eso es para que vos mantengas el mismo número cuando se pase tu número de una compañía a otra, ¿sí? Eso te va a llegar desde un mensaje de texto común, desde el remitente 223, que es el de Movistar, justo abajito el mensaje y te van a salir las siglas MVS para que te quedes tranqui. Yo de eso voy a necesitar que me lo dicten en llamada para que quede registrado y también que me mandes una captura por WhatsApp o esas. Captura de qué? Del mensajito ese que te voy a enviar para dejarlo apuntado con la ficha. Ah, ah, bueno. Mira, ahí me confirman que ahí te lo enviaron. ¿Vos podés corroborar en los mensajes si te llega? Sí, acá está, a ver, sí. Los mensajes, acá sí. Un SMS común. Bueno. Yo por mientras estoy cargando. ¿Qué tengo que hacer? ¿Qué hago con eso? su condado de portabilidad 2754 con vencimiento o algo así. Exacto, mándame una captura de ese mensaje. El vencimiento es más o menos el tiempo que la compañía tiene para que usted pase, pero eso es más o menos en tres días lo que hacemos tiendas a movilizar que es más rápido. Sí, sí, bueno, dale. Eso envía a mí. Bien, y para validar tu identidad, me brindas lo que es la foto del frente y el suelo de tu DNI, valido la identidad y las puedes borrar para que te quedes tranqui también. Te mando la foto de mí. Ajá, y la captura de ese mensaje. Ahí yo estoy cargando el resto y te hago el cierre comercial ahora, apenas me lo envías, que el cierre comercial es como tu contrato con la compañía. Eso es un texto que tengo que leer y es un recaso de tus datos y el plan al que vas a acceder. Eso apenas me envíes eso que valió la identidad y te leo el texto. Oye, cabra, te mando la... Ajá, poneme en altavoz y mándame por WhatsApp, así que ha todo registrado en llamada. Ahí te lo mando por WhatsApp, entonces. Ajá, el mismo chat que te escribí. Y ahí te leo el texto, así que te poneme en altavoz y hacelo tranqui, no hay apuro. Bueno, gracias, ya. ¿Esta es la única línea en que tenés varias o tenés más líneas? No, no, esta línea no. Esto no va bien. Para que no se manda bien esto. Tranqui no hay apura, así que yo por mientras estoy cargando el resto. Sí. No, no. ¿Con qué terminaba tu número? ¿Cómo, perdón? ¿Con qué terminaba tu número? Mi número termina en 319. Te mandé la capturita de la tienda Movistar. Hay que mandar una captura, fijate, ¿eh? La captura está perfecto. ¿El documento que te mando? Ajá, mandame para validar tu identidad. Sí, tranqui, tranqui, no hay apura. Aquí mando el documento. Ahí me llegó el frente. Ahí el dorso. ¿Llegó? No, todavía no Sí, tranquilo.",
  "calidad": {
    "confianza_promedio": 0.494,
    "metodo_diarizacion": "pausas_fallback",
    "tiempo_procesamiento": 18.8
  },
  "metadata": {
    "modelo": "whisperx_medium",
    "diarizacion": "pausas",
    "dispositivo": "cuda",
    "fecha": "2026-01-25T17:24:24.055847",
    "version": "5.0_ecapa"
  }
}