{
  "archivo": "amza19_1_260120112423702_ACD_91689.wav",
  "duracion_segundos": 244.47,
  "num_segmentos": 64,
  "num_hablantes": 2,
  "hablantes": [
    "Hablante A",
    "Hablante B"
  ],
  "tiempo_por_hablante": {
    "Hablante A": 64.39,
    "Hablante B": 155.37
  },
  "idioma": "es",
  "conversacion": [
    {
      "hablante": "Hablante A",
      "inicio": 0.03,
      "fin": 5.22,
      "duracion": 5.19,
      "texto": "Hola.",
      "confianza": 0.202
    },
    {
      "hablante": "Hablante A",
      "inicio": 5.24,
      "fin": 5.54,
      "duracion": 0.3,
      "texto": "Hola, buen día.",
      "confianza": 0.009
    },
    {
      "hablante": "Hablante A",
      "inicio": 5.56,
      "fin": 5.74,
      "duracion": 0.18,
      "texto": "Buen día.",
      "confianza": 0.008
    },
    {
      "hablante": "Hablante A",
      "inicio": 5.76,
      "fin": 6.24,
      "duracion": 0.48,
      "texto": "Un gusto si me presento.",
      "confianza": 0.029
    },
    {
      "hablante": "Hablante A",
      "inicio": 6.26,
      "fin": 7.46,
      "duracion": 1.2,
      "texto": "Mi nombre es Grisa.",
      "confianza": 0.21
    },
    {
      "hablante": "Hablante A",
      "inicio": 7.48,
      "fin": 10.46,
      "duracion": 2.98,
      "texto": "Te estaba llamando hoy la día y recupero clientes de Movistar.",
      "confianza": 0.625
    },
    {
      "hablante": "Hablante A",
      "inicio": 10.9,
      "fin": 12.53,
      "duracion": 1.62,
      "texto": "Quería... No, no, no.",
      "confianza": 0.232
    },
    {
      "hablante": "Hablante A",
      "inicio": 12.55,
      "fin": 14.15,
      "duracion": 1.6,
      "texto": "No te interesaba Movistar.",
      "confianza": 0.761
    },
    {
      "hablante": "Hablante A",
      "inicio": 14.69,
      "fin": 16.49,
      "duracion": 1.8,
      "texto": "Es la peor empresa que puede haber estado.",
      "confianza": 0.699
    },
    {
      "hablante": "Hablante B",
      "inicio": 18.55,
      "fin": 19.13,
      "duracion": 0.58,
      "texto": "Bien, entiendo.",
      "confianza": 0.34
    },
    {
      "hablante": "Hablante B",
      "inicio": 19.15,
      "fin": 20.13,
      "duracion": 0.98,
      "texto": "¿Por qué es la peor empresa?",
      "confianza": 0.638
    },
    {
      "hablante": "Hablante B",
      "inicio": 20.17,
      "fin": 20.89,
      "duracion": 0.72,
      "texto": "¿Qué le pasó?",
      "confianza": 0.725
    },
    {
      "hablante": "Hablante B",
      "inicio": 21.7,
      "fin": 23.98,
      "duracion": 2.28,
      "texto": "Claro, se dedican a telefonía, ¿no?",
      "confianza": 0.723
    },
    {
      "hablante": "Hablante B",
      "inicio": 24.08,
      "fin": 27.52,
      "duracion": 3.44,
      "texto": "Bueno, no podía comunicarme, perdí clientes, perdí plata.",
      "confianza": 0.718
    },
    {
      "hablante": "Hablante B",
      "inicio": 28.62,
      "fin": 31.2,
      "duracion": 2.58,
      "texto": "Tenía baja cobertura.",
      "confianza": 0.344
    },
    {
      "hablante": "Hablante B",
      "inicio": 31.22,
      "fin": 31.62,
      "duracion": 0.4,
      "texto": "Entiendo.",
      "confianza": 0.842
    },
    {
      "hablante": "Hablante B",
      "inicio": 31.72,
      "fin": 33.68,
      "duracion": 1.96,
      "texto": "¿Y hizo algún reclamo con su asesor?",
      "confianza": 0.642
    },
    {
      "hablante": "Hablante B",
      "inicio": 33.82,
      "fin": 35.66,
      "duracion": 1.84,
      "texto": "¿Tuvo un asesor personalizado?",
      "confianza": 0.69
    },
    {
      "hablante": "Hablante B",
      "inicio": 36.97,
      "fin": 42.77,
      "duracion": 5.81,
      "texto": "Claro, no se hacía encargo de nada y bueno, yo tuve que perder clientes.",
      "confianza": 0.449
    },
    {
      "hablante": "Hablante B",
      "inicio": 42.79,
      "fin": 43.35,
      "duracion": 0.56,
      "texto": "Claro, entiendo.",
      "confianza": 0.576
    },
    {
      "hablante": "Hablante B",
      "inicio": 43.43,
      "fin": 48.12,
      "duracion": 4.69,
      "texto": "En eso le pido disculpas ya que la compañera, cuando usted estuvo, funcionó totalmente mal.",
      "confianza": 0.722
    },
    {
      "hablante": "Hablante B",
      "inicio": 48.66,
      "fin": 58.27,
      "duracion": 9.61,
      "texto": "Pero eso no quiere decir que hoy en día no la estamos llamando para hacer las cosas bien y para que usted tenga directamente mi teléfono y poder comunicarse conmigo ante cualquier duda o inconveniente.",
      "confianza": 0.751
    },
    {
      "hablante": "Hablante B",
      "inicio": 58.69,
      "fin": 66.04,
      "duracion": 7.35,
      "texto": "No, pero la verdad que es una empresa muy, pero muy, muy ineficiente.",
      "confianza": 0.797
    },
    {
      "hablante": "Hablante B",
      "inicio": 66.08,
      "fin": 69.44,
      "duracion": 3.36,
      "texto": "Es el peor servicio de telefonía que puede haber tenido.",
      "confianza": 0.661
    },
    {
      "hablante": "Hablante B",
      "inicio": 70.15,
      "fin": 73.67,
      "duracion": 3.53,
      "texto": "La verdad que no, no, no.",
      "confianza": 0.591
    },
    {
      "hablante": "Hablante B",
      "inicio": 73.71,
      "fin": 77.44,
      "duracion": 3.73,
      "texto": "Una experiencia, la verdad, muy amarga.",
      "confianza": 0.789
    },
    {
      "hablante": "Hablante B",
      "inicio": 77.46,
      "fin": 82.17,
      "duracion": 4.71,
      "texto": "Claro, tuvo una mala experiencia, pero usted a veces no ha tenido mala experiencia con otras cosas.",
      "confianza": 0.582
    },
    {
      "hablante": "Hablante B",
      "inicio": 82.63,
      "fin": 91.35,
      "duracion": 8.71,
      "texto": "¿Te ha pasado de que a veces tienes un mal experiencia y vuelve a probar y... De perder plata y clientes, no.",
      "confianza": 0.329
    },
    {
      "hablante": "Hablante B",
      "inicio": 91.37,
      "fin": 96.25,
      "duracion": 4.89,
      "texto": "Bien, por eso le digo que anteriormente yo lo entiendo porque le hicieron las cosas mal, ¿sí?",
      "confianza": 0.702
    },
    {
      "hablante": "Hablante B",
      "inicio": 96.59,
      "fin": 101.16,
      "duracion": 4.57,
      "texto": "Tuvo alguien que nunca se encargó de su línea y que le hizo la portabilidad nada más y desapareció.",
      "confianza": 0.726
    },
    {
      "hablante": "Hablante B",
      "inicio": 101.7,
      "fin": 110.29,
      "duracion": 8.59,
      "texto": "Mi idea justamente es que usted vea que la compañía tiene un buen lado y que usted puede volver sin ningún problema, si de que no le vuelva a pasar lo mismo que le pasó antes.",
      "confianza": 0.75
    },
    {
      "hablante": "Hablante B",
      "inicio": 110.31,
      "fin": 112.03,
      "duracion": 1.72,
      "texto": "¿Qué garantía me dan?",
      "confianza": 0.677
    },
    {
      "hablante": "Hablante B",
      "inicio": 112.86,
      "fin": 115.62,
      "duracion": 2.76,
      "texto": "Va a tener mi número personal, usted si tuviera que hacer un reclamo.",
      "confianza": 0.445
    },
    {
      "hablante": "Hablante B",
      "inicio": 115.64,
      "fin": 116.94,
      "duracion": 1.3,
      "texto": "No, pero eso no es una garantía.",
      "confianza": 0.257
    },
    {
      "hablante": "Hablante A",
      "inicio": 119.15,
      "fin": 136.25,
      "duracion": 17.11,
      "texto": "Bien, usted si tuviera que hacer un reclamo, como le digo directamente, va a tener una, la escuela sucursal directamente cercana o donde usted, si yo me equivocara en algo, usted podría ir a hacer directamente un problema sobre mi gestión, que no va a pasar.",
      "confianza": 0.766
    },
    {
      "hablante": "Hablante A",
      "inicio": 136.27,
      "fin": 138.06,
      "duracion": 1.78,
      "texto": "No, pero es otro trámite, tío, que no es garantizable.",
      "confianza": 0.176
    },
    {
      "hablante": "Hablante A",
      "inicio": 138.79,
      "fin": 142.7,
      "duracion": 3.91,
      "texto": "Si usted comete algo, yo tengo que hacer un trámite por otro lado para hacer un reclamo.",
      "confianza": 0.698
    },
    {
      "hablante": "Hablante A",
      "inicio": 142.72,
      "fin": 146.97,
      "duracion": 4.25,
      "texto": "Entonces volvemos a lo mismo.",
      "confianza": 0.519
    },
    {
      "hablante": "Hablante A",
      "inicio": 148.25,
      "fin": 149.65,
      "duracion": 1.4,
      "texto": "Pero no se trabaja así.",
      "confianza": 0.893
    },
    {
      "hablante": "Hablante A",
      "inicio": 150.89,
      "fin": 156.26,
      "duracion": 5.37,
      "texto": "¿Vio cuál es la diferencia de esa empresa y la empresa que estoy ahora?",
      "confianza": 0.538
    },
    {
      "hablante": "Hablante A",
      "inicio": 156.3,
      "fin": 159.91,
      "duracion": 3.61,
      "texto": "Es muy diferente.",
      "confianza": 0.892
    },
    {
      "hablante": "Hablante A",
      "inicio": 160.44,
      "fin": 164.67,
      "duracion": 4.22,
      "texto": "No, acá nadie se garantiza.",
      "confianza": 0.712
    },
    {
      "hablante": "Hablante A",
      "inicio": 164.71,
      "fin": 172.1,
      "duracion": 7.39,
      "texto": "Acá dan el trabajo perfecto, la cobertura, la señal, y cualquier momento que yo no tengo, tengo la respuesta inmediata.",
      "confianza": 0.796
    },
    {
      "hablante": "Hablante B",
      "inicio": 174.4,
      "fin": 179.57,
      "duracion": 5.17,
      "texto": "Sí, es lo que le estoy tratando de decir, pero usted me está hablando encima.",
      "confianza": 0.2
    },
    {
      "hablante": "Hablante B",
      "inicio": 179.59,
      "fin": 184.87,
      "duracion": 5.29,
      "texto": "Sí, pero ustedes como empleados no pueden ponerse en garantía de nada, porque ustedes son empleados.",
      "confianza": 0.712
    },
    {
      "hablante": "Hablante B",
      "inicio": 184.89,
      "fin": 187.51,
      "duracion": 2.62,
      "texto": "¿Y usted con quién trata cuando va claro?",
      "confianza": 0.297
    },
    {
      "hablante": "Hablante B",
      "inicio": 188.91,
      "fin": 189.83,
      "duracion": 0.92,
      "texto": "No, no, no, no.",
      "confianza": 0.376
    },
    {
      "hablante": "Hablante B",
      "inicio": 189.85,
      "fin": 192.1,
      "duracion": 2.24,
      "texto": "Yo, yo cuando estaba acá no tenía una flota de teléfono.",
      "confianza": 0.414
    },
    {
      "hablante": "Hablante B",
      "inicio": 192.74,
      "fin": 195.02,
      "duracion": 2.28,
      "texto": "Claro, y trata con empleados de la compañía.",
      "confianza": 0.516
    },
    {
      "hablante": "Hablante B",
      "inicio": 195.04,
      "fin": 197.34,
      "duracion": 2.3,
      "texto": "Claro, hablo porque tengo una flota de teléfono.",
      "confianza": 0.58
    },
    {
      "hablante": "Hablante B",
      "inicio": 197.36,
      "fin": 200.82,
      "duracion": 3.46,
      "texto": "Yo hablo con un empleo garantizable, que alguien está bien metido adentro.",
      "confianza": 0.712
    },
    {
      "hablante": "Hablante B",
      "inicio": 200.94,
      "fin": 203.47,
      "duracion": 2.52,
      "texto": "Por eso le digo, perdí platico del cliente con ustedes.",
      "confianza": 0.672
    },
    {
      "hablante": "Hablante B",
      "inicio": 204.09,
      "fin": 204.95,
      "duracion": 0.86,
      "texto": "Claro, y con nosotros.",
      "confianza": 0.4
    },
    {
      "hablante": "Hablante B",
      "inicio": 204.97,
      "fin": 206.27,
      "duracion": 1.3,
      "texto": "Y no pienso volver.",
      "confianza": 0.261
    },
    {
      "hablante": "Hablante B",
      "inicio": 206.29,
      "fin": 206.67,
      "duracion": 0.38,
      "texto": "¿Me entiendes?",
      "confianza": 0.144
    },
    {
      "hablante": "Hablante B",
      "inicio": 206.69,
      "fin": 210.69,
      "duracion": 4.0,
      "texto": "Con un empleado garantizado que le está brindando algo bueno para sus servicios.",
      "confianza": 0.567
    },
    {
      "hablante": "Hablante B",
      "inicio": 210.74,
      "fin": 214.48,
      "duracion": 3.74,
      "texto": "Así como.",
      "confianza": 0.373
    },
    {
      "hablante": "Hablante B",
      "inicio": 214.5,
      "fin": 216.52,
      "duracion": 2.02,
      "texto": "No, no, no, no.",
      "confianza": 0.697
    },
    {
      "hablante": "Hablante B",
      "inicio": 216.54,
      "fin": 217.36,
      "duracion": 0.82,
      "texto": "Dios te habla con.",
      "confianza": 0.404
    },
    {
      "hablante": "Hablante B",
      "inicio": 217.82,
      "fin": 218.68,
      "duracion": 0.86,
      "texto": "Ojo que yo no",
      "confianza": 0.369
    },
    {
      "hablante": "Hablante B",
      "inicio": 219.1,
      "fin": 224.34,
      "duracion": 5.23,
      "texto": "pero me hicieron perder clientes, me hicieron perder plata, y yo no pude recuperar.",
      "confianza": 0.607
    },
    {
      "hablante": "Hablante B",
      "inicio": 225.74,
      "fin": 234.0,
      "duracion": 8.26,
      "texto": "Me quedé mal, no tenía llamada, no podía llamar a nadie, quedé agente en agente esperando.",
      "confianza": 0.766
    },
    {
      "hablante": "Hablante B",
      "inicio": 234.02,
      "fin": 243.75,
      "duracion": 9.73,
      "texto": "No, la verdad que fue el peor momento de mi vida, así que de llegar a trabajar con otra empresa y listo, le agradezco.",
      "confianza": 0.556
    },
    {
      "hablante": "Hablante B",
      "inicio": 243.77,
      "fin": 244.47,
      "duracion": 0.7,
      "texto": "Bien, entiendo, disculpe, entonces.",
      "confianza": 0.034
    }
  ],
  "transcripcion_completa": "Hola. Hola, buen día. Buen día. Un gusto si me presento. Mi nombre es Grisa. Te estaba llamando hoy la día y recupero clientes de Movistar. Quería... No, no, no. No te interesaba Movistar. Es la peor empresa que puede haber estado. Bien, entiendo. ¿Por qué es la peor empresa? ¿Qué le pasó? Claro, se dedican a telefonía, ¿no? Bueno, no podía comunicarme, perdí clientes, perdí plata. Tenía baja cobertura. Entiendo. ¿Y hizo algún reclamo con su asesor? ¿Tuvo un asesor personalizado? Claro, no se hacía encargo de nada y bueno, yo tuve que perder clientes. Claro, entiendo. En eso le pido disculpas ya que la compañera, cuando usted estuvo, funcionó totalmente mal. Pero eso no quiere decir que hoy en día no la estamos llamando para hacer las cosas bien y para que usted tenga directamente mi teléfono y poder comunicarse conmigo ante cualquier duda o inconveniente. No, pero la verdad que es una empresa muy, pero muy, muy ineficiente. Es el peor servicio de telefonía que puede haber tenido. La verdad que no, no, no. Una experiencia, la verdad, muy amarga. Claro, tuvo una mala experiencia, pero usted a veces no ha tenido mala experiencia con otras cosas. ¿Te ha pasado de que a veces tienes un mal experiencia y vuelve a probar y... De perder plata y clientes, no. Bien, por eso le digo que anteriormente yo lo entiendo porque le hicieron las cosas mal, ¿sí? Tuvo alguien que nunca se encargó de su línea y que le hizo la portabilidad nada más y desapareció. Mi idea justamente es que usted vea que la compañía tiene un buen lado y que usted puede volver sin ningún problema, si de que no le vuelva a pasar lo mismo que le pasó antes. ¿Qué garantía me dan? Va a tener mi número personal, usted si tuviera que hacer un reclamo. No, pero eso no es una garantía. Bien, usted si tuviera que hacer un reclamo, como le digo directamente, va a tener una, la escuela sucursal directamente cercana o donde usted, si yo me equivocara en algo, usted podría ir a hacer directamente un problema sobre mi gestión, que no va a pasar. No, pero es otro trámite, tío, que no es garantizable. Si usted comete algo, yo tengo que hacer un trámite por otro lado para hacer un reclamo. Entonces volvemos a lo mismo. Pero no se trabaja así. ¿Vio cuál es la diferencia de esa empresa y la empresa que estoy ahora? Es muy diferente. No, acá nadie se garantiza. Acá dan el trabajo perfecto, la cobertura, la señal, y cualquier momento que yo no tengo, tengo la respuesta inmediata. Sí, es lo que le estoy tratando de decir, pero usted me está hablando encima. Sí, pero ustedes como empleados no pueden ponerse en garantía de nada, porque ustedes son empleados. ¿Y usted con quién trata cuando va claro? No, no, no, no. Yo, yo cuando estaba acá no tenía una flota de teléfono. Claro, y trata con empleados de la compañía. Claro, hablo porque tengo una flota de teléfono. Yo hablo con un empleo garantizable, que alguien está bien metido adentro. Por eso le digo, perdí platico del cliente con ustedes. Claro, y con nosotros. Y no pienso volver. ¿Me entiendes? Con un empleado garantizado que le está brindando algo bueno para sus servicios. Así como. No, no, no, no. Dios te habla con. Ojo que yo no pero me hicieron perder clientes, me hicieron perder plata, y yo no pude recuperar. Me quedé mal, no tenía llamada, no podía llamar a nadie, quedé agente en agente esperando. No, la verdad que fue el peor momento de mi vida, así que de llegar a trabajar con otra empresa y listo, le agradezco. Bien, entiendo, disculpe, entonces.",
  "calidad": {
    "confianza_promedio": 0.529,
    "metodo_diarizacion": "pausas_fallback",
    "tiempo_procesamiento": 9.0
  },
  "metadata": {
    "modelo": "whisperx_medium",
    "diarizacion": "pausas",
    "dispositivo": "cuda",
    "fecha": "2026-01-25T17:32:00.500440",
    "version": "5.0_ecapa"
  }
}