{
  "archivo": "amza14_1_260119110906239_ACD_05863.wav",
  "duracion_segundos": 804.4,
  "num_segmentos": 168,
  "num_hablantes": 2,
  "hablantes": [
    "Hablante A",
    "Hablante B"
  ],
  "tiempo_por_hablante": {
    "Hablante A": 468.25,
    "Hablante B": 210.31
  },
  "idioma": "es",
  "conversacion": [
    {
      "hablante": "Hablante A",
      "inicio": 1.28,
      "fin": 2.18,
      "duracion": 0.9,
      "texto": "Hola, buen día.",
      "confianza": 0.6
    },
    {
      "hablante": "Hablante A",
      "inicio": 2.2,
      "fin": 4.88,
      "duracion": 2.68,
      "texto": "Hablo con Manuel.",
      "confianza": 0.167
    },
    {
      "hablante": "Hablante A",
      "inicio": 4.9,
      "fin": 5.32,
      "duracion": 0.42,
      "texto": "Ah, sí, con él hablo.",
      "confianza": 0.019
    },
    {
      "hablante": "Hablante A",
      "inicio": 5.34,
      "fin": 6.07,
      "duracion": 0.72,
      "texto": "¿Cómo le va?",
      "confianza": 0.684
    },
    {
      "hablante": "Hablante A",
      "inicio": 6.08,
      "fin": 6.26,
      "duracion": 0.18,
      "texto": "Un gusto.",
      "confianza": 0.066
    },
    {
      "hablante": "Hablante A",
      "inicio": 6.29,
      "fin": 7.07,
      "duracion": 0.78,
      "texto": "Mi nombre es Bruno.",
      "confianza": 0.67
    },
    {
      "hablante": "Hablante A",
      "inicio": 7.25,
      "fin": 10.17,
      "duracion": 2.92,
      "texto": "Me estaba comunicando desde el área de recuperación de clientes movistar.",
      "confianza": 0.568
    },
    {
      "hablante": "Hablante A",
      "inicio": 11.29,
      "fin": 13.35,
      "duracion": 2.06,
      "texto": "Tenemos una promoción disponible para tu línea.",
      "confianza": 0.868
    },
    {
      "hablante": "Hablante B",
      "inicio": 15.07,
      "fin": 16.16,
      "duracion": 1.08,
      "texto": "¿Actualmente tiene claro?",
      "confianza": 0.896
    },
    {
      "hablante": "Hablante A",
      "inicio": 17.86,
      "fin": 23.22,
      "duracion": 5.36,
      "texto": "Actualmente tengo claro, pero yo hice un... No sé si hablé con vos o todo.",
      "confianza": 0.396
    },
    {
      "hablante": "Hablante A",
      "inicio": 23.24,
      "fin": 27.83,
      "duracion": 4.59,
      "texto": "Tengo que ir a todos los trámites que ustedes me piden.",
      "confianza": 0.677
    },
    {
      "hablante": "Hablante A",
      "inicio": 27.87,
      "fin": 30.29,
      "duracion": 2.42,
      "texto": "Yo no puedo entrar porque no lo sé.",
      "confianza": 0.429
    },
    {
      "hablante": "Hablante A",
      "inicio": 30.61,
      "fin": 44.82,
      "duracion": 14.22,
      "texto": "entonces voy a ir al lugar que me dan el chet, cierto, ahí en Constitución, y voy que me lo llenen ustedes, no sé, algo, algo tiene que ser.",
      "confianza": 0.604
    },
    {
      "hablante": "Hablante A",
      "inicio": 44.84,
      "fin": 48.81,
      "duracion": 3.96,
      "texto": "¿Usted quiere pasarse a Claro y no sabe cómo hacer o cómo?",
      "confianza": 0.795
    },
    {
      "hablante": "Hablante A",
      "inicio": 48.83,
      "fin": 49.89,
      "duracion": 1.06,
      "texto": "No entiendo muy bien.",
      "confianza": 0.709
    },
    {
      "hablante": "Hablante A",
      "inicio": 50.35,
      "fin": 51.13,
      "duracion": 0.78,
      "texto": "Yo estoy en Claro.",
      "confianza": 0.578
    },
    {
      "hablante": "Hablante A",
      "inicio": 51.63,
      "fin": 56.34,
      "duracion": 4.71,
      "texto": "Claro, yo estaba pagando siete mil y este último mes pagué quince.",
      "confianza": 0.682
    },
    {
      "hablante": "Hablante A",
      "inicio": 56.36,
      "fin": 57.56,
      "duracion": 1.2,
      "texto": "Digo, vayan ser hombres.",
      "confianza": 0.66
    },
    {
      "hablante": "Hablante A",
      "inicio": 57.58,
      "fin": 60.04,
      "duracion": 2.46,
      "texto": "¿Entendés?",
      "confianza": 0.56
    },
    {
      "hablante": "Hablante A",
      "inicio": 60.38,
      "fin": 63.28,
      "duracion": 2.9,
      "texto": "Un compañero tuyo, un colega, me llamó de movistar.",
      "confianza": 0.64
    },
    {
      "hablante": "Hablante A",
      "inicio": 64.5,
      "fin": 69.69,
      "duracion": 5.19,
      "texto": "Yo le dije, acá usted nos va a dar más de 7.000 y algo con 20.000, 30.000.",
      "confianza": 0.459
    },
    {
      "hablante": "Hablante A",
      "inicio": 69.71,
      "fin": 72.37,
      "duracion": 2.66,
      "texto": "Yo sé lo que me dio.",
      "confianza": 0.516
    },
    {
      "hablante": "Hablante A",
      "inicio": 72.39,
      "fin": 85.47,
      "duracion": 13.08,
      "texto": "Pero yo no sé cómo entrar ni salir, así que si ustedes lo pueden acomodar, yo le llevo el aparato, le doy toda mi información y voy personalmente.",
      "confianza": 0.689
    },
    {
      "hablante": "Hablante A",
      "inicio": 86.03,
      "fin": 96.76,
      "duracion": 10.73,
      "texto": "si quiere Manuel lo que podemos hacer es hacer la carga del trámite y usted directamente va a la sucursal a retirar el chip y que se lo coloquen.",
      "confianza": 0.655
    },
    {
      "hablante": "Hablante A",
      "inicio": 96.78,
      "fin": 104.81,
      "duracion": 8.03,
      "texto": "Claro, exactamente, es lo que quiero.",
      "confianza": 0.096
    },
    {
      "hablante": "Hablante A",
      "inicio": 104.83,
      "fin": 104.93,
      "duracion": 0.1,
      "texto": "Bien.",
      "confianza": 0.001
    },
    {
      "hablante": "Hablante A",
      "inicio": 104.95,
      "fin": 106.45,
      "duracion": 1.5,
      "texto": "No me pidas email, no me pidas mierda porque no entiendo un caso desde acá.",
      "confianza": 0.004
    },
    {
      "hablante": "Hablante A",
      "inicio": 106.47,
      "fin": 107.13,
      "duracion": 0.66,
      "texto": "No hay problema.",
      "confianza": 0.637
    },
    {
      "hablante": "Hablante A",
      "inicio": 108.09,
      "fin": 114.08,
      "duracion": 5.99,
      "texto": "Manuel, el plan que le tiene que hacer es el plan de ocho días en siete mil cuatro sesenta, ¿puede ser?",
      "confianza": 0.566
    },
    {
      "hablante": "Hablante A",
      "inicio": 114.75,
      "fin": 116.79,
      "duracion": 2.04,
      "texto": "Sí, exactamente.",
      "confianza": 0.536
    },
    {
      "hablante": "Hablante A",
      "inicio": 116.81,
      "fin": 122.7,
      "duracion": 5.89,
      "texto": "Ese plan lo tenemos disponible todavía.",
      "confianza": 0.866
    },
    {
      "hablante": "Hablante A",
      "inicio": 122.72,
      "fin": 123.28,
      "duracion": 0.56,
      "texto": "Sí, por seis meses, me dijo.",
      "confianza": 0.005
    },
    {
      "hablante": "Hablante A",
      "inicio": 123.3,
      "fin": 127.37,
      "duracion": 4.07,
      "texto": "Por seis meses, exacto.",
      "confianza": 0.619
    },
    {
      "hablante": "Hablante A",
      "inicio": 127.39,
      "fin": 132.29,
      "duracion": 4.91,
      "texto": "Bueno, pero viste, en general de los requisitos que me piden ustedes, no sé.",
      "confianza": 0.399
    },
    {
      "hablante": "Hablante A",
      "inicio": 132.31,
      "fin": 137.3,
      "duracion": 4.99,
      "texto": "Ahí estoy verificando si me figuran los datos que tenemos en el sistema suyo.",
      "confianza": 0.64
    },
    {
      "hablante": "Hablante B",
      "inicio": 139.95,
      "fin": 140.03,
      "duracion": 0.08,
      "texto": "Ajá.",
      "confianza": 0.002
    },
    {
      "hablante": "Hablante B",
      "inicio": 140.05,
      "fin": 142.61,
      "duracion": 2.56,
      "texto": "Porque yo... Tiene que estar ahí, porque yo fui...",
      "confianza": 0.198
    },
    {
      "hablante": "Hablante B",
      "inicio": 143.25,
      "fin": 147.21,
      "duracion": 3.96,
      "texto": "de suyo 20 años, así que tiene que estar todo el día.",
      "confianza": 0.051
    },
    {
      "hablante": "Hablante B",
      "inicio": 147.23,
      "fin": 147.65,
      "duracion": 0.42,
      "texto": "De una, bien.",
      "confianza": 0.232
    },
    {
      "hablante": "Hablante B",
      "inicio": 148.31,
      "fin": 150.48,
      "duracion": 2.16,
      "texto": "Ahí estoy verificando y ahí le confirmo.",
      "confianza": 0.643
    },
    {
      "hablante": "Hablante B",
      "inicio": 151.9,
      "fin": 155.18,
      "duracion": 3.28,
      "texto": "Bien, Manuel, le comento más o menos cómo sería el trámite.",
      "confianza": 0.786
    },
    {
      "hablante": "Hablante B",
      "inicio": 155.22,
      "fin": 156.7,
      "duracion": 1.48,
      "texto": "Nosotros cargamos el trámite.",
      "confianza": 0.861
    },
    {
      "hablante": "Hablante B",
      "inicio": 157.78,
      "fin": 169.32,
      "duracion": 11.53,
      "texto": "Hoy, más o menos en 48 a 72 horas, ustedes le van a ver un mensaje de alguna sucursal cercana, movilizar que tenga, para que vea retirar el chip.",
      "confianza": 0.725
    },
    {
      "hablante": "Hablante B",
      "inicio": 169.34,
      "fin": 170.38,
      "duracion": 1.04,
      "texto": "Allá en constitución a los 800.",
      "confianza": 0.344
    },
    {
      "hablante": "Hablante B",
      "inicio": 171.46,
      "fin": 172.58,
      "duracion": 1.12,
      "texto": "Ahí es al quedar cómodo.",
      "confianza": 0.591
    },
    {
      "hablante": "Hablante B",
      "inicio": 173.51,
      "fin": 174.07,
      "duracion": 0.56,
      "texto": "A ver.",
      "confianza": 0.514
    },
    {
      "hablante": "Hablante B",
      "inicio": 174.09,
      "fin": 176.25,
      "duracion": 2.16,
      "texto": "Claro.",
      "confianza": 0.29
    },
    {
      "hablante": "Hablante B",
      "inicio": 176.27,
      "fin": 197.37,
      "duracion": 21.1,
      "texto": "¿Eso es clava?",
      "confianza": 0.379
    },
    {
      "hablante": "Hablante B",
      "inicio": 197.39,
      "fin": 197.71,
      "duracion": 0.32,
      "texto": "Está enfermando.",
      "confianza": 0.005
    },
    {
      "hablante": "Hablante B",
      "inicio": 197.73,
      "fin": 197.81,
      "duracion": 0.08,
      "texto": "Yes.",
      "confianza": 0.005
    },
    {
      "hablante": "Hablante B",
      "inicio": 197.83,
      "fin": 198.63,
      "duracion": 0.8,
      "texto": "Ciudad Antón La Madre de Buenos Aires.",
      "confianza": 0.04
    },
    {
      "hablante": "Hablante B",
      "inicio": 198.65,
      "fin": 200.21,
      "duracion": 1.56,
      "texto": "Ahora voy aguardando el segundo.",
      "confianza": 0.235
    },
    {
      "hablante": "Hablante B",
      "inicio": 201.47,
      "fin": 201.89,
      "duracion": 0.42,
      "texto": "Bien.",
      "confianza": 0.642
    },
    {
      "hablante": "Hablante A",
      "inicio": 205.11,
      "fin": 210.02,
      "duracion": 4.91,
      "texto": "Bien, Manuel, ¿Usted tiene WhatsApp?",
      "confianza": 0.609
    },
    {
      "hablante": "Hablante A",
      "inicio": 210.04,
      "fin": 210.1,
      "duracion": 0.06,
      "texto": "Sí.",
      "confianza": 0.004
    },
    {
      "hablante": "Hablante A",
      "inicio": 210.12,
      "fin": 212.88,
      "duracion": 2.76,
      "texto": "Bien, yo le voy a mandar un mensaje por WhatsApp, así le queda mi número.",
      "confianza": 0.586
    },
    {
      "hablante": "Hablante A",
      "inicio": 213.83,
      "fin": 219.96,
      "duracion": 6.13,
      "texto": "Le voy a poner, hola, te habla Bruno de Movistar.",
      "confianza": 0.6
    },
    {
      "hablante": "Hablante A",
      "inicio": 219.97,
      "fin": 232.27,
      "duracion": 12.3,
      "texto": "¿De qué localidad me dijo que estaba la sucursalesa que le queda cerca?",
      "confianza": 0.744
    },
    {
      "hablante": "Hablante A",
      "inicio": 232.29,
      "fin": 233.09,
      "duracion": 0.8,
      "texto": "Están fermando, partidos están fermando.",
      "confianza": 0.025
    },
    {
      "hablante": "Hablante B",
      "inicio": 239.13,
      "fin": 248.0,
      "duracion": 8.87,
      "texto": "Bien.",
      "confianza": 0.662
    },
    {
      "hablante": "Hablante A",
      "inicio": 252.77,
      "fin": 263.61,
      "duracion": 10.83,
      "texto": "Dicenme lo horario que tienen, porque yo recién llego de la costa y no se tienen cuidado.",
      "confianza": 0.287
    },
    {
      "hablante": "Hablante B",
      "inicio": 269.52,
      "fin": 283.89,
      "duracion": 14.36,
      "texto": "Es de Caba, me dijo, ¿verdad?",
      "confianza": 0.522
    },
    {
      "hablante": "Hablante B",
      "inicio": 283.91,
      "fin": 296.99,
      "duracion": 13.08,
      "texto": "Caba es ciudad de Buenos Aires, no tiene nada que ver con los partidos que son armados.",
      "confianza": 0.36
    },
    {
      "hablante": "Hablante B",
      "inicio": 297.01,
      "fin": 297.19,
      "duracion": 0.18,
      "texto": "Ahí está.",
      "confianza": 0.1
    },
    {
      "hablante": "Hablante B",
      "inicio": 298.48,
      "fin": 314.8,
      "duracion": 16.32,
      "texto": "Sí, pasa que yo soy de interior, así que... medio como que me... Los horarios de atención son de lunes a viernes, de diez a siete de la tarde y los sábados de diez a una.",
      "confianza": 0.672
    },
    {
      "hablante": "Hablante A",
      "inicio": 323.17,
      "fin": 323.63,
      "duracion": 0.46,
      "texto": "De diez a siete, a ver.",
      "confianza": 0.004
    },
    {
      "hablante": "Hablante A",
      "inicio": 323.65,
      "fin": 325.15,
      "duracion": 1.5,
      "texto": "De esta tarde andaré por ahí con la cocina esa.",
      "confianza": 0.13
    },
    {
      "hablante": "Hablante A",
      "inicio": 325.17,
      "fin": 325.55,
      "duracion": 0.38,
      "texto": "Estoy se afirmando.",
      "confianza": 0.035
    },
    {
      "hablante": "Hablante A",
      "inicio": 326.44,
      "fin": 341.94,
      "duracion": 15.5,
      "texto": "y ahí les explico mi problema, que ellos solo agarran mi apagate y lo ubiquen y lo ponen correctamente y lo saquen al des claro, que lo tiran a mierda y va a andar muy tarde.",
      "confianza": 0.579
    },
    {
      "hablante": "Hablante A",
      "inicio": 341.96,
      "fin": 354.24,
      "duracion": 12.28,
      "texto": "Manuel, lo que podemos hacer, como le digo, para que se evite eso, directamente yo le cargo el trámite y usted va a retirar el chip y es que se lo coloque en ya activo, para que no tenga que ir dos veces.",
      "confianza": 0.695
    },
    {
      "hablante": "Hablante A",
      "inicio": 354.89,
      "fin": 367.37,
      "duracion": 12.48,
      "texto": "No sé si a usted cuando habló con esta otra persona le enviaron el mensaje de portabilidad para que mantenga el mismo número.",
      "confianza": 0.709
    },
    {
      "hablante": "Hablante B",
      "inicio": 373.66,
      "fin": 379.57,
      "duracion": 5.91,
      "texto": "Creo que sí.",
      "confianza": 0.175
    },
    {
      "hablante": "Hablante B",
      "inicio": 379.59,
      "fin": 379.97,
      "duracion": 0.38,
      "texto": "Eso se lo enviaron.",
      "confianza": 0.0
    },
    {
      "hablante": "Hablante B",
      "inicio": 379.99,
      "fin": 380.11,
      "duracion": 0.12,
      "texto": "No sé.",
      "confianza": 0.056
    },
    {
      "hablante": "Hablante B",
      "inicio": 380.13,
      "fin": 380.65,
      "duracion": 0.52,
      "texto": "Claro.",
      "confianza": 0.94
    },
    {
      "hablante": "Hablante B",
      "inicio": 380.67,
      "fin": 384.19,
      "duracion": 3.52,
      "texto": "Bien, ¿puede verificar en los mensajes de texto común si le llegó?",
      "confianza": 0.826
    },
    {
      "hablante": "Hablante B",
      "inicio": 385.24,
      "fin": 386.22,
      "duracion": 0.98,
      "texto": "Bueno, me fijo.",
      "confianza": 0.536
    },
    {
      "hablante": "Hablante B",
      "inicio": 386.94,
      "fin": 394.27,
      "duracion": 7.33,
      "texto": "Desde el remitente dos, dos, tres, que es el de Movistar, y justo abajito del mensajito le va a decir eh MBS que son las siglas de Movistar.",
      "confianza": 0.711
    },
    {
      "hablante": "Hablante A",
      "inicio": 398.66,
      "fin": 399.12,
      "duracion": 0.46,
      "texto": "Veinte, veintitrés.",
      "confianza": 0.054
    },
    {
      "hablante": "Hablante A",
      "inicio": 399.14,
      "fin": 412.88,
      "duracion": 13.74,
      "texto": "El desde remitente dos, dos, tres, que es el de Movistar.",
      "confianza": 0.71
    },
    {
      "hablante": "Hablante A",
      "inicio": 412.9,
      "fin": 413.02,
      "duracion": 0.12,
      "texto": "Bueno,",
      "confianza": 0.167
    },
    {
      "hablante": "Hablante B",
      "inicio": 416.45,
      "fin": 417.44,
      "duracion": 0.98,
      "texto": "Hola.",
      "confianza": 0.487
    },
    {
      "hablante": "Hablante B",
      "inicio": 417.46,
      "fin": 417.82,
      "duracion": 0.36,
      "texto": "Hola, ¿sí?",
      "confianza": 0.454
    },
    {
      "hablante": "Hablante B",
      "inicio": 417.84,
      "fin": 420.82,
      "duracion": 2.99,
      "texto": "¿Me escucha?",
      "confianza": 0.555
    },
    {
      "hablante": "Hablante B",
      "inicio": 420.84,
      "fin": 421.29,
      "duracion": 0.44,
      "texto": "Listo, ya queda todo.",
      "confianza": 0.053
    },
    {
      "hablante": "Hablante B",
      "inicio": 421.31,
      "fin": 432.05,
      "duracion": 10.74,
      "texto": "¿Puedo corroborar si le llegó un manual?",
      "confianza": 0.577
    },
    {
      "hablante": "Hablante B",
      "inicio": 432.07,
      "fin": 434.41,
      "duracion": 2.35,
      "texto": "Si quiere, pongame en altavoz y verifica.",
      "confianza": 0.701
    },
    {
      "hablante": "Hablante B",
      "inicio": 434.43,
      "fin": 435.7,
      "duracion": 1.26,
      "texto": "No tengo puto, tranqui.",
      "confianza": 0.594
    },
    {
      "hablante": "Hablante A",
      "inicio": 445.09,
      "fin": 474.76,
      "duracion": 29.67,
      "texto": "Acá no dice nada.",
      "confianza": 0.392
    },
    {
      "hablante": "Hablante A",
      "inicio": 475.94,
      "fin": 476.08,
      "duracion": 0.14,
      "texto": "¿No?",
      "confianza": 0.603
    },
    {
      "hablante": "Hablante A",
      "inicio": 476.12,
      "fin": 478.3,
      "duracion": 2.18,
      "texto": "Mesaje, nada.",
      "confianza": 0.67
    },
    {
      "hablante": "Hablante A",
      "inicio": 479.0,
      "fin": 479.72,
      "duracion": 0.72,
      "texto": "No tengo mensaje.",
      "confianza": 0.645
    },
    {
      "hablante": "Hablante B",
      "inicio": 481.9,
      "fin": 483.39,
      "duracion": 1.48,
      "texto": "Claro, tengo.",
      "confianza": 0.938
    },
    {
      "hablante": "Hablante B",
      "inicio": 483.41,
      "fin": 484.61,
      "duracion": 1.2,
      "texto": "¿De Movistar no?",
      "confianza": 0.656
    },
    {
      "hablante": "Hablante B",
      "inicio": 485.85,
      "fin": 487.45,
      "duracion": 1.6,
      "texto": "¿Desde el 223 no le llegó?",
      "confianza": 0.599
    },
    {
      "hablante": "Hablante B",
      "inicio": 487.47,
      "fin": 490.49,
      "duracion": 3.02,
      "texto": "223, sí.",
      "confianza": 0.791
    },
    {
      "hablante": "Hablante B",
      "inicio": 490.61,
      "fin": 499.32,
      "duracion": 8.71,
      "texto": "Su código de oportunidad es 8742.com.",
      "confianza": 0.876
    },
    {
      "hablante": "Hablante B",
      "inicio": 499.9,
      "fin": 504.76,
      "duracion": 4.86,
      "texto": "Vencimiento el 23 del 1",
      "confianza": 0.783
    },
    {
      "hablante": "Hablante B",
      "inicio": 505.05,
      "fin": 510.78,
      "duracion": 5.73,
      "texto": "Y el 2026.",
      "confianza": 0.552
    },
    {
      "hablante": "Hablante B",
      "inicio": 510.8,
      "fin": 512.18,
      "duracion": 1.38,
      "texto": "¿Y a qué hora le llegó ese mensaje?",
      "confianza": 0.389
    },
    {
      "hablante": "Hablante A",
      "inicio": 532.25,
      "fin": 532.37,
      "duracion": 0.12,
      "texto": "A ver.",
      "confianza": 0.001
    },
    {
      "hablante": "Hablante A",
      "inicio": 532.39,
      "fin": 532.83,
      "duracion": 0.44,
      "texto": "11 y 15, ¿puedo hacer?",
      "confianza": 0.002
    },
    {
      "hablante": "Hablante A",
      "inicio": 532.85,
      "fin": 533.19,
      "duracion": 0.34,
      "texto": "Hace dos minutos.",
      "confianza": 0.002
    },
    {
      "hablante": "Hablante A",
      "inicio": 533.21,
      "fin": 534.75,
      "duracion": 1.54,
      "texto": "¿Y cuándo le vence, me dijo?",
      "confianza": 0.582
    },
    {
      "hablante": "Hablante A",
      "inicio": 536.07,
      "fin": 553.85,
      "duracion": 17.78,
      "texto": "para el prestador MBS que es Movistar.",
      "confianza": 0.715
    },
    {
      "hablante": "Hablante A",
      "inicio": 553.87,
      "fin": 555.71,
      "duracion": 1.84,
      "texto": "Para el prestador MBS.",
      "confianza": 0.289
    },
    {
      "hablante": "Hablante A",
      "inicio": 556.63,
      "fin": 561.2,
      "duracion": 4.57,
      "texto": "Bien Manuel, usted eh sabe hacer lo que",
      "confianza": 0.697
    },
    {
      "hablante": "Hablante A",
      "inicio": 562.32,
      "fin": 572.48,
      "duracion": 10.16,
      "texto": "No, no tengo ni idea.",
      "confianza": 0.066
    },
    {
      "hablante": "Hablante A",
      "inicio": 572.5,
      "fin": 574.1,
      "duracion": 1.6,
      "texto": "Esto es extraterrestre, jerarífico.",
      "confianza": 0.227
    },
    {
      "hablante": "Hablante A",
      "inicio": 574.12,
      "fin": 574.58,
      "duracion": 0.46,
      "texto": "Es la tabla de Rosetta.",
      "confianza": 0.003
    },
    {
      "hablante": "Hablante A",
      "inicio": 574.6,
      "fin": 577.17,
      "duracion": 2.57,
      "texto": "Bien, no hay problema, Manuel.",
      "confianza": 0.618
    },
    {
      "hablante": "Hablante A",
      "inicio": 577.19,
      "fin": 585.14,
      "duracion": 7.95,
      "texto": "Yo lo que voy a hacer ahora, ya para que ya quede todo cargado, y usted más o menos en 48 o 72 horas le van a enviar un mensaje de la sucursal para que haya retirado el chip.",
      "confianza": 0.598
    },
    {
      "hablante": "Hablante A",
      "inicio": 585.39,
      "fin": 588.7,
      "duracion": 3.31,
      "texto": "es hacerle el cierre comercial, que es como su contrato con la compañía.",
      "confianza": 0.722
    },
    {
      "hablante": "Hablante A",
      "inicio": 589.06,
      "fin": 592.98,
      "duracion": 3.92,
      "texto": "Esto es un texto que tengo que leer, es un repaso de sus datos y el plan al que usted va a acceder.",
      "confianza": 0.748
    },
    {
      "hablante": "Hablante A",
      "inicio": 593.5,
      "fin": 601.27,
      "duracion": 7.77,
      "texto": "Yo cualquier nueva consulta que usted tenga, necesito que me la haga al final, así que a todo el audio le diera tal cual, ¿sí?",
      "confianza": 0.63
    },
    {
      "hablante": "Hablante A",
      "inicio": 601.29,
      "fin": 601.48,
      "duracion": 0.18,
      "texto": "Ok. Bien.",
      "confianza": 0.005
    },
    {
      "hablante": "Hablante A",
      "inicio": 601.5,
      "fin": 610.39,
      "duracion": 8.89,
      "texto": "Manuel, para resumir las emociones, ¿usted tiene internet móvil en su casa?",
      "confianza": 0.355
    },
    {
      "hablante": "Hablante A",
      "inicio": 610.41,
      "fin": 610.93,
      "duracion": 0.52,
      "texto": "Tenemos internet, ¿verdad?",
      "confianza": 0.001
    },
    {
      "hablante": "Hablante A",
      "inicio": 610.95,
      "fin": 611.31,
      "duracion": 0.36,
      "texto": "¿Tenemos internet?",
      "confianza": 0.002
    },
    {
      "hablante": "Hablante A",
      "inicio": 611.33,
      "fin": 611.39,
      "duracion": 0.06,
      "texto": "Sí.",
      "confianza": 0.002
    },
    {
      "hablante": "Hablante A",
      "inicio": 611.41,
      "fin": 611.75,
      "duracion": 0.34,
      "texto": "Sí, hay internet.",
      "confianza": 0.003
    },
    {
      "hablante": "Hablante A",
      "inicio": 611.77,
      "fin": 611.87,
      "duracion": 0.1,
      "texto": "Bien.",
      "confianza": 0.2
    },
    {
      "hablante": "Hablante A",
      "inicio": 612.71,
      "fin": 621.0,
      "duracion": 8.29,
      "texto": "estamos acordando la línea once cincuenta y nueve veintinueve dieciocho veinticinco a nombre y apellido del titular actual Saavedra Manuel Jesús.",
      "confianza": 0.797
    },
    {
      "hablante": "Hablante A",
      "inicio": 621.14,
      "fin": 630.08,
      "duracion": 8.93,
      "texto": "Me confirmas.",
      "confianza": 0.67
    },
    {
      "hablante": "Hablante A",
      "inicio": 630.1,
      "fin": 634.5,
      "duracion": 4.41,
      "texto": "Me confirma los últimos tres dígitos de su DNI.",
      "confianza": 0.737
    },
    {
      "hablante": "Hablante A",
      "inicio": 634.52,
      "fin": 634.84,
      "duracion": 0.32,
      "texto": "Cero diecinueve.",
      "confianza": 0.005
    },
    {
      "hablante": "Hablante A",
      "inicio": 634.86,
      "fin": 638.13,
      "duracion": 3.26,
      "texto": "Bien, su compañía actual es claro, ¿Verdad?",
      "confianza": 0.455
    },
    {
      "hablante": "Hablante A",
      "inicio": 638.15,
      "fin": 638.23,
      "duracion": 0.08,
      "texto": "Así.",
      "confianza": 0.01
    },
    {
      "hablante": "Hablante A",
      "inicio": 638.25,
      "fin": 640.17,
      "duracion": 1.92,
      "texto": "Bien, me comentó que cuenta con factura mensual.",
      "confianza": 0.76
    },
    {
      "hablante": "Hablante A",
      "inicio": 640.21,
      "fin": 642.43,
      "duracion": 2.22,
      "texto": "La factura",
      "confianza": 0.899
    },
    {
      "hablante": "Hablante B",
      "inicio": 644.39,
      "fin": 656.88,
      "duracion": 12.5,
      "texto": "El chip es la tarjetita física que ponen en celo, ¿verdad?",
      "confianza": 0.748
    },
    {
      "hablante": "Hablante B",
      "inicio": 656.9,
      "fin": 665.5,
      "duracion": 8.59,
      "texto": "Bien, va a retirar su chip en la tienda Movistar de la calle Constitución en el 867 de la localidad de San Fernando, provincia de Buenos Aires.",
      "confianza": 0.688
    },
    {
      "hablante": "Hablante A",
      "inicio": 668.02,
      "fin": 668.74,
      "duracion": 0.72,
      "texto": "Exactamente, así me lo habían dicho.",
      "confianza": 0.036
    },
    {
      "hablante": "Hablante A",
      "inicio": 669.34,
      "fin": 677.42,
      "duracion": 8.08,
      "texto": "Le recuerdo que el costo del servicio al día de hoy es de $7,460 pesos porque tiene una cuenta fijo por seis meses, $30,140.",
      "confianza": 0.668
    },
    {
      "hablante": "Hablante A",
      "inicio": 677.58,
      "fin": 681.67,
      "duracion": 4.09,
      "texto": "El plan al que usted está accediendo son cuatro gigas de base, más cuatro gigas de regalo por seis meses.",
      "confianza": 0.642
    },
    {
      "hablante": "Hablante A",
      "inicio": 681.71,
      "fin": 685.29,
      "duracion": 3.59,
      "texto": "Va a tener lo que es WhatsApp gratis y habla libre a cualquier compañía también.",
      "confianza": 0.596
    },
    {
      "hablante": "Hablante A",
      "inicio": 685.72,
      "fin": 690.85,
      "duracion": 5.13,
      "texto": "Recuerde que los gigas de regalo se habilitarán 48 horas después de activar su línea, ¿sí?",
      "confianza": 0.715
    },
    {
      "hablante": "Hablante A",
      "inicio": 691.62,
      "fin": 699.31,
      "duracion": 7.69,
      "texto": "Desde la misma vista, ingresando a la sección servicios, va a poder ver toda la información respecto a su factura, ya sea el ciclo de facturación, vencimientos o montos a pagar.",
      "confianza": 0.627
    },
    {
      "hablante": "Hablante A",
      "inicio": 699.69,
      "fin": 705.21,
      "duracion": 5.53,
      "texto": "Va a poder activar desde la aplicación 20 Ligas de regalo con una duración de 30 días disponibles una vez por año.",
      "confianza": 0.71
    },
    {
      "hablante": "Hablante A",
      "inicio": 705.33,
      "fin": 707.43,
      "duracion": 2.1,
      "texto": "Puede añadirse el déficit automático también.",
      "confianza": 0.672
    },
    {
      "hablante": "Hablante A",
      "inicio": 707.84,
      "fin": 713.74,
      "duracion": 5.91,
      "texto": "Y también va a poder sumar 4 Ligas de regalo en cada línea móvil si es que porta más de dos líneas registradas bajo el mismo titular.",
      "confianza": 0.72
    },
    {
      "hablante": "Hablante A",
      "inicio": 714.36,
      "fin": 718.39,
      "duracion": 4.02,
      "texto": "Una vez aprobada por la Ligera A, su línea portará 48 horas hábiles, ¿sí?",
      "confianza": 0.673
    },
    {
      "hablante": "Hablante A",
      "inicio": 718.65,
      "fin": 723.42,
      "duracion": 4.77,
      "texto": "Un día antes por mensaje de WhatsApp le vamos a estar informando la fecha de portabilidad para que se quede tranquilo.",
      "confianza": 0.54
    },
    {
      "hablante": "Hablante A",
      "inicio": 723.86,
      "fin": 728.15,
      "duracion": 4.29,
      "texto": "¿No hay descuento para jubilado?",
      "confianza": 0.066
    },
    {
      "hablante": "Hablante A",
      "inicio": 728.17,
      "fin": 729.95,
      "duracion": 1.78,
      "texto": "Este es el plan más económico, 7.460.",
      "confianza": 0.664
    },
    {
      "hablante": "Hablante A",
      "inicio": 729.97,
      "fin": 737.78,
      "duracion": 7.81,
      "texto": "Bien, ahí termina y un día antes por mensaje de WhatsApp le vamos a estar informando la fecha de portabilidad para que se quede tranquilo.",
      "confianza": 0.51
    },
    {
      "hablante": "Hablante A",
      "inicio": 738.1,
      "fin": 744.71,
      "duracion": 6.61,
      "texto": "Es importante que usted no coloque el chip antes de la fecha informada, de todas maneras se lo va a dar cuenta porque si viene claro va a dejar de recibirse en diario.",
      "confianza": 0.592
    },
    {
      "hablante": "Hablante A",
      "inicio": 744.83,
      "fin": 746.23,
      "duracion": 1.4,
      "texto": "y ahí es cuando debe colocarlo.",
      "confianza": 0.581
    },
    {
      "hablante": "Hablante A",
      "inicio": 746.57,
      "fin": 754.77,
      "duracion": 8.21,
      "texto": "Le comento que por única vez va a tener que variar identidad al activarlo y en caso de que tenga alguna dificultad con la variación, inténtelo nuevamente o comuníquese con nosotros o el 0800.",
      "confianza": 0.728
    },
    {
      "hablante": "Hablante A",
      "inicio": 755.64,
      "fin": 759.06,
      "duracion": 3.42,
      "texto": "Le solicitamos que en caso de no levantar señales del chip reinicie el equipo.",
      "confianza": 0.654
    },
    {
      "hablante": "Hablante A",
      "inicio": 759.56,
      "fin": 763.48,
      "duracion": 3.92,
      "texto": "Por otro lado, dentro de los próximos días va a recibir una encuesta de satisfacción por WhatsApp.",
      "confianza": 0.632
    },
    {
      "hablante": "Hablante A",
      "inicio": 763.5,
      "fin": 771.77,
      "duracion": 8.27,
      "texto": "Le solicitamos por favor que la complete ya que su opinión es muy importante para la empresa.",
      "confianza": 0.766
    },
    {
      "hablante": "Hablante A",
      "inicio": 771.79,
      "fin": 771.89,
      "duracion": 0.1,
      "texto": "Bien.",
      "confianza": 0.0
    },
    {
      "hablante": "Hablante A",
      "inicio": 771.91,
      "fin": 772.33,
      "duracion": 0.42,
      "texto": "Escúchame, escuchame.",
      "confianza": 0.002
    },
    {
      "hablante": "Hablante A",
      "inicio": 772.35,
      "fin": 773.21,
      "duracion": 0.86,
      "texto": "¿Qué día tengo que hacer el cambio de chip?",
      "confianza": 0.039
    },
    {
      "hablante": "Hablante A",
      "inicio": 773.63,
      "fin": 780.6,
      "duracion": 6.97,
      "texto": "Manuel, le van a enviar un mensaje por WhatsApp un día antes desde la sucursal para que vaya a retirar el ship.",
      "confianza": 0.526
    },
    {
      "hablante": "Hablante A",
      "inicio": 780.62,
      "fin": 780.74,
      "duracion": 0.12,
      "texto": "Ajá.",
      "confianza": 0.357
    },
    {
      "hablante": "Hablante A",
      "inicio": 780.96,
      "fin": 787.01,
      "duracion": 6.05,
      "texto": "Le van a avisar por WhatsApp y usted cuando le avisen, usted me manda un mensajito a mí también para visitarme y yo ya activo todo.",
      "confianza": 0.664
    },
    {
      "hablante": "Hablante B",
      "inicio": 789.07,
      "fin": 789.25,
      "duracion": 0.18,
      "texto": "Muy bien.",
      "confianza": 0.056
    },
    {
      "hablante": "Hablante B",
      "inicio": 789.27,
      "fin": 791.49,
      "duracion": 2.22,
      "texto": "Yo, Manuel, ahí le mandé un mensaje por WhatsApp.",
      "confianza": 0.627
    },
    {
      "hablante": "Hablante B",
      "inicio": 791.57,
      "fin": 792.63,
      "duracion": 1.06,
      "texto": "No sé si lo pudo ver.",
      "confianza": 0.788
    },
    {
      "hablante": "Hablante B",
      "inicio": 792.74,
      "fin": 796.74,
      "duracion": 4.0,
      "texto": "Después vea lo y confírmeme si lo leí yo.",
      "confianza": 0.643
    },
    {
      "hablante": "Hablante B",
      "inicio": 796.76,
      "fin": 796.92,
      "duracion": 0.16,
      "texto": "Bueno.",
      "confianza": 0.28
    },
    {
      "hablante": "Hablante B",
      "inicio": 796.94,
      "fin": 798.86,
      "duracion": 1.92,
      "texto": "Bien, Manuel, quedamos en contacto por WhatsApp.",
      "confianza": 0.677
    },
    {
      "hablante": "Hablante B",
      "inicio": 798.88,
      "fin": 802.49,
      "duracion": 3.61,
      "texto": "Cualquier cosa ya le queda mis números, ¿sí?",
      "confianza": 0.312
    },
    {
      "hablante": "Hablante B",
      "inicio": 802.51,
      "fin": 802.57,
      "duracion": 0.06,
      "texto": "Sí.",
      "confianza": 0.014
    },
    {
      "hablante": "Hablante B",
      "inicio": 802.59,
      "fin": 802.83,
      "duracion": 0.24,
      "texto": "Listo.",
      "confianza": 0.364
    },
    {
      "hablante": "Hablante B",
      "inicio": 803.01,
      "fin": 804.4,
      "duracion": 1.39,
      "texto": "Manuel, buen día, hasta luego.",
      "confianza": 0.22
    }
  ],
  "transcripcion_completa": "Hola, buen día. Hablo con Manuel. Ah, sí, con él hablo. ¿Cómo le va? Un gusto. Mi nombre es Bruno. Me estaba comunicando desde el área de recuperación de clientes movistar. Tenemos una promoción disponible para tu línea. ¿Actualmente tiene claro? Actualmente tengo claro, pero yo hice un... No sé si hablé con vos o todo. Tengo que ir a todos los trámites que ustedes me piden. Yo no puedo entrar porque no lo sé. entonces voy a ir al lugar que me dan el chet, cierto, ahí en Constitución, y voy que me lo llenen ustedes, no sé, algo, algo tiene que ser. ¿Usted quiere pasarse a Claro y no sabe cómo hacer o cómo? No entiendo muy bien. Yo estoy en Claro. Claro, yo estaba pagando siete mil y este último mes pagué quince. Digo, vayan ser hombres. ¿Entendés? Un compañero tuyo, un colega, me llamó de movistar. Yo le dije, acá usted nos va a dar más de 7.000 y algo con 20.000, 30.000. Yo sé lo que me dio. Pero yo no sé cómo entrar ni salir, así que si ustedes lo pueden acomodar, yo le llevo el aparato, le doy toda mi información y voy personalmente. si quiere Manuel lo que podemos hacer es hacer la carga del trámite y usted directamente va a la sucursal a retirar el chip y que se lo coloquen. Claro, exactamente, es lo que quiero. Bien. No me pidas email, no me pidas mierda porque no entiendo un caso desde acá. No hay problema. Manuel, el plan que le tiene que hacer es el plan de ocho días en siete mil cuatro sesenta, ¿puede ser? Sí, exactamente. Ese plan lo tenemos disponible todavía. Sí, por seis meses, me dijo. Por seis meses, exacto. Bueno, pero viste, en general de los requisitos que me piden ustedes, no sé. Ahí estoy verificando si me figuran los datos que tenemos en el sistema suyo. Ajá. Porque yo... Tiene que estar ahí, porque yo fui... de suyo 20 años, así que tiene que estar todo el día. De una, bien. Ahí estoy verificando y ahí le confirmo. Bien, Manuel, le comento más o menos cómo sería el trámite. Nosotros cargamos el trámite. Hoy, más o menos en 48 a 72 horas, ustedes le van a ver un mensaje de alguna sucursal cercana, movilizar que tenga, para que vea retirar el chip. Allá en constitución a los 800. Ahí es al quedar cómodo. A ver. Claro. ¿Eso es clava? Está enfermando. Yes. Ciudad Antón La Madre de Buenos Aires. Ahora voy aguardando el segundo. Bien. Bien, Manuel, ¿Usted tiene WhatsApp? Sí. Bien, yo le voy a mandar un mensaje por WhatsApp, así le queda mi número. Le voy a poner, hola, te habla Bruno de Movistar. ¿De qué localidad me dijo que estaba la sucursalesa que le queda cerca? Están fermando, partidos están fermando. Bien. Dicenme lo horario que tienen, porque yo recién llego de la costa y no se tienen cuidado. Es de Caba, me dijo, ¿verdad? Caba es ciudad de Buenos Aires, no tiene nada que ver con los partidos que son armados. Ahí está. Sí, pasa que yo soy de interior, así que... medio como que me... Los horarios de atención son de lunes a viernes, de diez a siete de la tarde y los sábados de diez a una. De diez a siete, a ver. De esta tarde andaré por ahí con la cocina esa. Estoy se afirmando. y ahí les explico mi problema, que ellos solo agarran mi apagate y lo ubiquen y lo ponen correctamente y lo saquen al des claro, que lo tiran a mierda y va a andar muy tarde. Manuel, lo que podemos hacer, como le digo, para que se evite eso, directamente yo le cargo el trámite y usted va a retirar el chip y es que se lo coloque en ya activo, para que no tenga que ir dos veces. No sé si a usted cuando habló con esta otra persona le enviaron el mensaje de portabilidad para que mantenga el mismo número. Creo que sí. Eso se lo enviaron. No sé. Claro. Bien, ¿puede verificar en los mensajes de texto común si le llegó? Bueno, me fijo. Desde el remitente dos, dos, tres, que es el de Movistar, y justo abajito del mensajito le va a decir eh MBS que son las siglas de Movistar. Veinte, veintitrés. El desde remitente dos, dos, tres, que es el de Movistar. Bueno, Hola. Hola, ¿sí? ¿Me escucha? Listo, ya queda todo. ¿Puedo corroborar si le llegó un manual? Si quiere, pongame en altavoz y verifica. No tengo puto, tranqui. Acá no dice nada. ¿No? Mesaje, nada. No tengo mensaje. Claro, tengo. ¿De Movistar no? ¿Desde el 223 no le llegó? 223, sí. Su código de oportunidad es 8742.com. Vencimiento el 23 del 1 Y el 2026. ¿Y a qué hora le llegó ese mensaje? A ver. 11 y 15, ¿puedo hacer? Hace dos minutos. ¿Y cuándo le vence, me dijo? para el prestador MBS que es Movistar. Para el prestador MBS. Bien Manuel, usted eh sabe hacer lo que No, no tengo ni idea. Esto es extraterrestre, jerarífico. Es la tabla de Rosetta. Bien, no hay problema, Manuel. Yo lo que voy a hacer ahora, ya para que ya quede todo cargado, y usted más o menos en 48 o 72 horas le van a enviar un mensaje de la sucursal para que haya retirado el chip. es hacerle el cierre comercial, que es como su contrato con la compañía. Esto es un texto que tengo que leer, es un repaso de sus datos y el plan al que usted va a acceder. Yo cualquier nueva consulta que usted tenga, necesito que me la haga al final, así que a todo el audio le diera tal cual, ¿sí? Ok. Bien. Manuel, para resumir las emociones, ¿usted tiene internet móvil en su casa? Tenemos internet, ¿verdad? ¿Tenemos internet? Sí. Sí, hay internet. Bien. estamos acordando la línea once cincuenta y nueve veintinueve dieciocho veinticinco a nombre y apellido del titular actual Saavedra Manuel Jesús. Me confirmas. Me confirma los últimos tres dígitos de su DNI. Cero diecinueve. Bien, su compañía actual es claro, ¿Verdad? Así. Bien, me comentó que cuenta con factura mensual. La factura El chip es la tarjetita física que ponen en celo, ¿verdad? Bien, va a retirar su chip en la tienda Movistar de la calle Constitución en el 867 de la localidad de San Fernando, provincia de Buenos Aires. Exactamente, así me lo habían dicho. Le recuerdo que el costo del servicio al día de hoy es de $7,460 pesos porque tiene una cuenta fijo por seis meses, $30,140. El plan al que usted está accediendo son cuatro gigas de base, más cuatro gigas de regalo por seis meses. Va a tener lo que es WhatsApp gratis y habla libre a cualquier compañía también. Recuerde que los gigas de regalo se habilitarán 48 horas después de activar su línea, ¿sí? Desde la misma vista, ingresando a la sección servicios, va a poder ver toda la información respecto a su factura, ya sea el ciclo de facturación, vencimientos o montos a pagar. Va a poder activar desde la aplicación 20 Ligas de regalo con una duración de 30 días disponibles una vez por año. Puede añadirse el déficit automático también. Y también va a poder sumar 4 Ligas de regalo en cada línea móvil si es que porta más de dos líneas registradas bajo el mismo titular. Una vez aprobada por la Ligera A, su línea portará 48 horas hábiles, ¿sí? Un día antes por mensaje de WhatsApp le vamos a estar informando la fecha de portabilidad para que se quede tranquilo. ¿No hay descuento para jubilado? Este es el plan más económico, 7.460. Bien, ahí termina y un día antes por mensaje de WhatsApp le vamos a estar informando la fecha de portabilidad para que se quede tranquilo. Es importante que usted no coloque el chip antes de la fecha informada, de todas maneras se lo va a dar cuenta porque si viene claro va a dejar de recibirse en diario. y ahí es cuando debe colocarlo. Le comento que por única vez va a tener que variar identidad al activarlo y en caso de que tenga alguna dificultad con la variación, inténtelo nuevamente o comuníquese con nosotros o el 0800. Le solicitamos que en caso de no levantar señales del chip reinicie el equipo. Por otro lado, dentro de los próximos días va a recibir una encuesta de satisfacción por WhatsApp. Le solicitamos por favor que la complete ya que su opinión es muy importante para la empresa. Bien. Escúchame, escuchame. ¿Qué día tengo que hacer el cambio de chip? Manuel, le van a enviar un mensaje por WhatsApp un día antes desde la sucursal para que vaya a retirar el ship. Ajá. Le van a avisar por WhatsApp y usted cuando le avisen, usted me manda un mensajito a mí también para visitarme y yo ya activo todo. Muy bien. Yo, Manuel, ahí le mandé un mensaje por WhatsApp. No sé si lo pudo ver. Después vea lo y confírmeme si lo leí yo. Bueno. Bien, Manuel, quedamos en contacto por WhatsApp. Cualquier cosa ya le queda mis números, ¿sí? Sí. Listo. Manuel, buen día, hasta luego.",
  "calidad": {
    "confianza_promedio": 0.463,
    "metodo_diarizacion": "pausas_fallback",
    "tiempo_procesamiento": 20.6
  },
  "metadata": {
    "modelo": "whisperx_medium",
    "diarizacion": "pausas",
    "dispositivo": "cuda",
    "fecha": "2026-01-25T17:21:13.917616",
    "version": "5.0_ecapa"
  }
}