{
  "archivo": "amza23_1_260121135445386_ACD_03457.wav",
  "duracion_segundos": 70.99,
  "num_segmentos": 21,
  "num_hablantes": 1,
  "hablantes": [
    "Hablante A"
  ],
  "tiempo_por_hablante": {
    "Hablante A": 65.48
  },
  "idioma": "es",
  "conversacion": [
    {
      "hablante": "Hablante A",
      "inicio": 1.03,
      "fin": 4.73,
      "duracion": 3.71,
      "texto": "Hola.",
      "confianza": 0.775
    },
    {
      "hablante": "Hablante A",
      "inicio": 4.75,
      "fin": 5.15,
      "duracion": 0.4,
      "texto": "Hola, buenas tardes.",
      "confianza": 0.008
    },
    {
      "hablante": "Hablante A",
      "inicio": 5.17,
      "fin": 5.39,
      "duracion": 0.22,
      "texto": "¿Con Mauro?",
      "confianza": 0.007
    },
    {
      "hablante": "Hablante A",
      "inicio": 5.41,
      "fin": 5.78,
      "duracion": 0.36,
      "texto": "Sí, buenas tardes.",
      "confianza": 0.005
    },
    {
      "hablante": "Hablante A",
      "inicio": 5.79,
      "fin": 6.09,
      "duracion": 0.3,
      "texto": "Te lo hablamos.",
      "confianza": 0.003
    },
    {
      "hablante": "Hablante A",
      "inicio": 6.12,
      "fin": 8.0,
      "duracion": 1.88,
      "texto": "Mauro, cómo te va, Macarena, y mi nombre?",
      "confianza": 0.711
    },
    {
      "hablante": "Hablante A",
      "inicio": 8.36,
      "fin": 12.83,
      "duracion": 4.47,
      "texto": "Nos estábamos contactando para otorgarte lo que es un descuento fijo en tu línea.",
      "confianza": 0.852
    },
    {
      "hablante": "Hablante A",
      "inicio": 13.67,
      "fin": 19.16,
      "duracion": 5.49,
      "texto": "Actualmente me figura que te encontraste en claro con tres líneas, ¿verdad?",
      "confianza": 0.706
    },
    {
      "hablante": "Hablante A",
      "inicio": 19.18,
      "fin": 19.24,
      "duracion": 0.06,
      "texto": "Sí.",
      "confianza": 0.046
    },
    {
      "hablante": "Hablante A",
      "inicio": 19.26,
      "fin": 20.26,
      "duracion": 1.0,
      "texto": "Bien, perfecto.",
      "confianza": 0.812
    },
    {
      "hablante": "Hablante A",
      "inicio": 20.62,
      "fin": 22.82,
      "duracion": 2.2,
      "texto": "Te consulto más que todo acerca de tu plan.",
      "confianza": 0.781
    },
    {
      "hablante": "Hablante A",
      "inicio": 22.84,
      "fin": 27.17,
      "duracion": 4.33,
      "texto": "¿Contás con chivas de base solamente o también te dan de regalos?",
      "confianza": 0.714
    },
    {
      "hablante": "Hablante A",
      "inicio": 27.96,
      "fin": 33.0,
      "duracion": 5.04,
      "texto": "Perdóname, ¿de dónde me estás hablando vos?",
      "confianza": 0.286
    },
    {
      "hablante": "Hablante A",
      "inicio": 33.02,
      "fin": 35.47,
      "duracion": 2.44,
      "texto": "Sí, de Movistar.",
      "confianza": 0.657
    },
    {
      "hablante": "Hablante A",
      "inicio": 35.49,
      "fin": 37.49,
      "duracion": 2.0,
      "texto": "Ah, no, Movistar no me interesa.",
      "confianza": 0.17
    },
    {
      "hablante": "Hablante A",
      "inicio": 37.51,
      "fin": 43.58,
      "duracion": 6.07,
      "texto": "Bien, pero si comento la promoción quizás te pueda llevar a interesar.",
      "confianza": 0.732
    },
    {
      "hablante": "Hablante A",
      "inicio": 43.59,
      "fin": 46.58,
      "duracion": 2.98,
      "texto": "No, a Movistar no vuelvo más, te agradezco.",
      "confianza": 0.519
    },
    {
      "hablante": "Hablante A",
      "inicio": 47.9,
      "fin": 50.58,
      "duracion": 2.68,
      "texto": "¿Y por qué motivo?",
      "confianza": 0.793
    },
    {
      "hablante": "Hablante A",
      "inicio": 50.64,
      "fin": 52.68,
      "duracion": 2.04,
      "texto": "No, porque tengo mala experiencia, te agradezco.",
      "confianza": 0.424
    },
    {
      "hablante": "Hablante A",
      "inicio": 53.17,
      "fin": 68.17,
      "duracion": 15.0,
      "texto": "No perdamos tiempo, no pierdas tiempo.",
      "confianza": 0.724
    },
    {
      "hablante": "Hablante A",
      "inicio": 68.19,
      "fin": 70.99,
      "duracion": 2.81,
      "texto": "Te agradezco que tengas un buen día.",
      "confianza": 0.419
    }
  ],
  "transcripcion_completa": "Hola. Hola, buenas tardes. ¿Con Mauro? Sí, buenas tardes. Te lo hablamos. Mauro, cómo te va, Macarena, y mi nombre? Nos estábamos contactando para otorgarte lo que es un descuento fijo en tu línea. Actualmente me figura que te encontraste en claro con tres líneas, ¿verdad? Sí. Bien, perfecto. Te consulto más que todo acerca de tu plan. ¿Contás con chivas de base solamente o también te dan de regalos? Perdóname, ¿de dónde me estás hablando vos? Sí, de Movistar. Ah, no, Movistar no me interesa. Bien, pero si comento la promoción quizás te pueda llevar a interesar. No, a Movistar no vuelvo más, te agradezco. ¿Y por qué motivo? No, porque tengo mala experiencia, te agradezco. No perdamos tiempo, no pierdas tiempo. Te agradezco que tengas un buen día.",
  "calidad": {
    "confianza_promedio": 0.483,
    "metodo_diarizacion": "pausas_fallback",
    "tiempo_procesamiento": 4.8
  },
  "metadata": {
    "modelo": "whisperx_medium",
    "diarizacion": "pausas",
    "dispositivo": "cuda",
    "fecha": "2026-01-25T18:14:40.838677",
    "version": "5.0_ecapa"
  }
}