{
  "archivo": "amza22_1_260119130915729_ACD_99373.wav",
  "duracion_segundos": 359.88,
  "num_segmentos": 82,
  "num_hablantes": 2,
  "hablantes": [
    "Hablante A",
    "Hablante B"
  ],
  "tiempo_por_hablante": {
    "Hablante A": 151.31,
    "Hablante B": 185.45
  },
  "idioma": "es",
  "conversacion": [
    {
      "hablante": "Hablante A",
      "inicio": 1.01,
      "fin": 1.51,
      "duracion": 0.5,
      "texto": "Hola.",
      "confianza": 0.254
    },
    {
      "hablante": "Hablante A",
      "inicio": 2.11,
      "fin": 2.51,
      "duracion": 0.4,
      "texto": "Hola, buen día.",
      "confianza": 0.328
    },
    {
      "hablante": "Hablante A",
      "inicio": 2.53,
      "fin": 5.26,
      "duracion": 2.72,
      "texto": "Hablo con Ana Andalucía.",
      "confianza": 0.459
    },
    {
      "hablante": "Hablante A",
      "inicio": 5.28,
      "fin": 5.34,
      "duracion": 0.06,
      "texto": "Sí.",
      "confianza": 0.09
    },
    {
      "hablante": "Hablante A",
      "inicio": 5.36,
      "fin": 5.82,
      "duracion": 0.46,
      "texto": "¿Cómo está?",
      "confianza": 0.281
    },
    {
      "hablante": "Hablante A",
      "inicio": 5.84,
      "fin": 6.62,
      "duracion": 0.78,
      "texto": "Mi nombre es Elena.",
      "confianza": 0.466
    },
    {
      "hablante": "Hablante A",
      "inicio": 6.64,
      "fin": 7.36,
      "duracion": 0.72,
      "texto": "Me presento.",
      "confianza": 0.808
    },
    {
      "hablante": "Hablante A",
      "inicio": 7.84,
      "fin": 11.48,
      "duracion": 3.64,
      "texto": "Mira, yo la estoy llevando desde la área de recupero de clientes de Movistar.",
      "confianza": 0.668
    },
    {
      "hablante": "Hablante A",
      "inicio": 12.13,
      "fin": 16.33,
      "duracion": 4.21,
      "texto": "Queríamos ofrecerles un beneficio para su línea en estos momentos, Ana.",
      "confianza": 0.697
    },
    {
      "hablante": "Hablante A",
      "inicio": 16.35,
      "fin": 21.54,
      "duracion": 5.19,
      "texto": "Ustedes, ¿sabe qué plan tiene Conclaro?",
      "confianza": 0.583
    },
    {
      "hablante": "Hablante A",
      "inicio": 21.6,
      "fin": 22.56,
      "duracion": 0.96,
      "texto": "Sí, tengo Conclaro.",
      "confianza": 0.563
    },
    {
      "hablante": "Hablante A",
      "inicio": 22.58,
      "fin": 26.37,
      "duracion": 3.79,
      "texto": "Yo no, pero no, no, no, no, no tengo comer cabonos.",
      "confianza": 0.454
    },
    {
      "hablante": "Hablante A",
      "inicio": 26.39,
      "fin": 27.61,
      "duracion": 1.22,
      "texto": "Tengo un preparado.",
      "confianza": 0.315
    },
    {
      "hablante": "Hablante A",
      "inicio": 27.86,
      "fin": 33.73,
      "duracion": 5.87,
      "texto": "Sí, y ¿sabe cuánto está gastando por mes aproximadamente, recargando?",
      "confianza": 0.223
    },
    {
      "hablante": "Hablante A",
      "inicio": 33.74,
      "fin": 42.78,
      "duracion": 9.03,
      "texto": "No, eso no es caro, porque pago el cobro, como digo, pongo por mes un prepago y tengo $2,500 pesos.",
      "confianza": 0.58
    },
    {
      "hablante": "Hablante A",
      "inicio": 42.8,
      "fin": 45.26,
      "duracion": 2.46,
      "texto": "Ah, bien, y va bien con eso.",
      "confianza": 0.403
    },
    {
      "hablante": "Hablante A",
      "inicio": 45.28,
      "fin": 50.45,
      "duracion": 5.17,
      "texto": "Sí, sí, tengo todas las llamadas limitadas y todo, nada más que procedure, pero todo bien.",
      "confianza": 0.658
    },
    {
      "hablante": "Hablante A",
      "inicio": 50.47,
      "fin": 54.69,
      "duracion": 4.22,
      "texto": "Mirá, ¿y usted tiene Facebook en su domicilio, Ana?",
      "confianza": 0.47
    },
    {
      "hablante": "Hablante A",
      "inicio": 54.71,
      "fin": 54.81,
      "duracion": 0.1,
      "texto": "¿Sí?",
      "confianza": 0.178
    },
    {
      "hablante": "Hablante A",
      "inicio": 54.83,
      "fin": 56.85,
      "duracion": 2.02,
      "texto": "Sí, tiene Wi-Fi en su domicilio.",
      "confianza": 0.509
    },
    {
      "hablante": "Hablante A",
      "inicio": 57.25,
      "fin": 59.2,
      "duracion": 1.94,
      "texto": "Claro, sí.",
      "confianza": 0.159
    },
    {
      "hablante": "Hablante A",
      "inicio": 59.22,
      "fin": 63.2,
      "duracion": 3.98,
      "texto": "Ah, claro, por eso, claro, por eso.",
      "confianza": 0.331
    },
    {
      "hablante": "Hablante A",
      "inicio": 63.22,
      "fin": 63.54,
      "duracion": 0.32,
      "texto": "Claro, por eso.",
      "confianza": 0.137
    },
    {
      "hablante": "Hablante A",
      "inicio": 63.56,
      "fin": 69.73,
      "duracion": 6.17,
      "texto": "Ah, pero como salgo poco, así que con eso me sobro, todavía me sobra la pique, mirá vos.",
      "confianza": 0.418
    },
    {
      "hablante": "Hablante A",
      "inicio": 69.75,
      "fin": 69.97,
      "duracion": 0.22,
      "texto": "Mire, mire.",
      "confianza": 0.038
    },
    {
      "hablante": "Hablante A",
      "inicio": 69.99,
      "fin": 72.87,
      "duracion": 2.88,
      "texto": "Y usted tiene con Clara la fibra óptica o con otra compañía?",
      "confianza": 0.616
    },
    {
      "hablante": "Hablante B",
      "inicio": 74.39,
      "fin": 78.84,
      "duracion": 4.44,
      "texto": "No, yo tengo con Telecentro.",
      "confianza": 0.172
    },
    {
      "hablante": "Hablante B",
      "inicio": 78.86,
      "fin": 79.04,
      "duracion": 0.18,
      "texto": "Ah, bien.",
      "confianza": 0.001
    },
    {
      "hablante": "Hablante B",
      "inicio": 79.06,
      "fin": 81.9,
      "duracion": 2.84,
      "texto": "¿Y cuánto está budando, aproximadamente?",
      "confianza": 0.137
    },
    {
      "hablante": "Hablante B",
      "inicio": 81.92,
      "fin": 84.64,
      "duracion": 2.72,
      "texto": "Creo que va a ser 10 mil pesos, ahí va a ser.",
      "confianza": 0.385
    },
    {
      "hablante": "Hablante B",
      "inicio": 85.57,
      "fin": 96.56,
      "duracion": 10.99,
      "texto": "Ah, bien, porque mire, nosotros tenemos lo que es una oferta que tendría su línea de 8GB a 4.000 pesos y después tenemos lo que es la fibra óptica, dependiendo de los megas que se utilizan.",
      "confianza": 0.729
    },
    {
      "hablante": "Hablante B",
      "inicio": 96.58,
      "fin": 100.06,
      "duracion": 3.48,
      "texto": "No sé si se utiliza a 300, utiliza menos, utiliza más.",
      "confianza": 0.682
    },
    {
      "hablante": "Hablante B",
      "inicio": 100.5,
      "fin": 109.91,
      "duracion": 9.41,
      "texto": "Ah, 300, de verdad, ahora tengo 800 en mi casa, en mi cobro, si tengo la tele, nomás, y el teléfono para descontar.",
      "confianza": 0.199
    },
    {
      "hablante": "Hablante B",
      "inicio": 109.93,
      "fin": 113.52,
      "duracion": 3.58,
      "texto": "Ah, claro, mire, mire, porque nosotros tenemos lo que es esa oferta",
      "confianza": 0.623
    },
    {
      "hablante": "Hablante B",
      "inicio": 113.87,
      "fin": 134.07,
      "duracion": 20.2,
      "texto": "estaría saliendo con un descuento de 4.000 personas facturación fija, 20.000 pesos lo que es la fibra y se le suma también lo que son cuatro siglas de regalo para la línea suya y si quiere tenerlo que es la tebre se le da dos meses totalmente bonita.",
      "confianza": 0.76
    },
    {
      "hablante": "Hablante B",
      "inicio": 134.2,
      "fin": 140.65,
      "duracion": 6.45,
      "texto": "Yo busco todas las cosas que pueda.",
      "confianza": 0.644
    },
    {
      "hablante": "Hablante B",
      "inicio": 141.98,
      "fin": 147.38,
      "duracion": 5.41,
      "texto": "Yo tengo dos aplicaciones que son gracias a ustedes.",
      "confianza": 0.475
    },
    {
      "hablante": "Hablante B",
      "inicio": 147.41,
      "fin": 149.93,
      "duracion": 2.52,
      "texto": "Ah, bueno, buenísimo esta parte.",
      "confianza": 0.388
    },
    {
      "hablante": "Hablante B",
      "inicio": 149.95,
      "fin": 158.5,
      "duracion": 8.55,
      "texto": "Mira, si quieren nos podemos... Esto es otra culpa de pasarme a usted de ser, ¿verdad?",
      "confianza": 0.67
    },
    {
      "hablante": "Hablante B",
      "inicio": 159.06,
      "fin": 160.47,
      "duracion": 1.4,
      "texto": "Con la internet.",
      "confianza": 0.957
    },
    {
      "hablante": "Hablante B",
      "inicio": 161.25,
      "fin": 167.22,
      "duracion": 5.97,
      "texto": "porque tenia problemas con todo el centro y me enoje y se lo di de baja y entonces me lo solucionaron.",
      "confianza": 0.584
    },
    {
      "hablante": "Hablante B",
      "inicio": 167.5,
      "fin": 169.64,
      "duracion": 2.14,
      "texto": "Pero me tuvieron 15 días y me encarné.",
      "confianza": 0.555
    },
    {
      "hablante": "Hablante A",
      "inicio": 171.43,
      "fin": 182.32,
      "duracion": 10.89,
      "texto": "Entonces por eso ahora supuestamente tenia que pagar algo de 19 mil pesos y con asunto a todo eso me lo hicieron 3 meses por 15.",
      "confianza": 0.697
    },
    {
      "hablante": "Hablante A",
      "inicio": 182.34,
      "fin": 183.6,
      "duracion": 1.26,
      "texto": "Ah bueno y lo están respetando?",
      "confianza": 0.351
    },
    {
      "hablante": "Hablante A",
      "inicio": 184.63,
      "fin": 188.53,
      "duracion": 3.9,
      "texto": "Y supuestamente sí, a partir del mes que viene.",
      "confianza": 0.65
    },
    {
      "hablante": "Hablante A",
      "inicio": 188.55,
      "fin": 194.1,
      "duracion": 5.55,
      "texto": "Es que yo no pagué, me hicieron un descuento que pagué en mi diálogo.",
      "confianza": 0.403
    },
    {
      "hablante": "Hablante A",
      "inicio": 194.44,
      "fin": 196.02,
      "duracion": 1.58,
      "texto": "Ah, bueno.",
      "confianza": 0.348
    },
    {
      "hablante": "Hablante A",
      "inicio": 196.04,
      "fin": 197.64,
      "duracion": 1.6,
      "texto": "Esperemos que se lo respeten, señor.",
      "confianza": 0.314
    },
    {
      "hablante": "Hablante A",
      "inicio": 197.66,
      "fin": 199.98,
      "duracion": 2.32,
      "texto": "Estaba justo, eso que es la madre y todo.",
      "confianza": 0.493
    },
    {
      "hablante": "Hablante A",
      "inicio": 200.42,
      "fin": 204.75,
      "duracion": 4.32,
      "texto": "Y tuve que cancelarlo porque me... Y dije, bueno, vamos a hacerlo.",
      "confianza": 0.546
    },
    {
      "hablante": "Hablante A",
      "inicio": 204.77,
      "fin": 205.57,
      "duracion": 0.8,
      "texto": "O sea, ¿viste?",
      "confianza": 0.555
    },
    {
      "hablante": "Hablante A",
      "inicio": 205.71,
      "fin": 208.75,
      "duracion": 3.04,
      "texto": "También no, no quedé más con movistalla a mail.",
      "confianza": 0.574
    },
    {
      "hablante": "Hablante A",
      "inicio": 208.85,
      "fin": 210.74,
      "duracion": 1.88,
      "texto": "Le dije, mira, tengo un problema.",
      "confianza": 0.402
    },
    {
      "hablante": "Hablante A",
      "inicio": 210.9,
      "fin": 214.69,
      "duracion": 3.78,
      "texto": "aplicaciones y entonces quedó todo bien.",
      "confianza": 0.748
    },
    {
      "hablante": "Hablante A",
      "inicio": 214.71,
      "fin": 216.77,
      "duracion": 2.06,
      "texto": "No, no, esto no está.",
      "confianza": 0.257
    },
    {
      "hablante": "Hablante A",
      "inicio": 216.79,
      "fin": 218.59,
      "duracion": 1.8,
      "texto": "Al momento que me esfase odio.",
      "confianza": 0.456
    },
    {
      "hablante": "Hablante A",
      "inicio": 218.67,
      "fin": 221.09,
      "duracion": 2.42,
      "texto": "Pero yo con el teléfono de, ¿cómo se dice?",
      "confianza": 0.343
    },
    {
      "hablante": "Hablante A",
      "inicio": 221.62,
      "fin": 225.1,
      "duracion": 3.48,
      "texto": "Con abono no, yo estuve con abono.",
      "confianza": 0.631
    },
    {
      "hablante": "Hablante A",
      "inicio": 225.12,
      "fin": 230.03,
      "duracion": 4.91,
      "texto": "Y tuve problemas también con el teléfono.",
      "confianza": 0.545
    },
    {
      "hablante": "Hablante A",
      "inicio": 230.05,
      "fin": 238.44,
      "duracion": 8.39,
      "texto": "Claro, sí, es que lo que le habrá pasado es que cuando estábamos con el diente regulador sí que le venían a niveles de números exorbitantes en lo que es la operación.",
      "confianza": 0.655
    },
    {
      "hablante": "Hablante A",
      "inicio": 238.46,
      "fin": 240.72,
      "duracion": 2.26,
      "texto": "Es un año pasado, es un año pasado.",
      "confianza": 0.39
    },
    {
      "hablante": "Hablante A",
      "inicio": 240.85,
      "fin": 256.9,
      "duracion": 16.04,
      "texto": "porque yo les pedía que se arrebajaran la maladía, entonces me pasaba, claro, y después me llamaban, me dieron una promoción que supuestamente era una promoción, cuando tuve que pagar no era lo que me dijeron.",
      "confianza": 0.689
    },
    {
      "hablante": "Hablante B",
      "inicio": 260.98,
      "fin": 261.42,
      "duracion": 0.44,
      "texto": "Claro, sí, sí, sí, sí.",
      "confianza": 0.018
    },
    {
      "hablante": "Hablante B",
      "inicio": 261.44,
      "fin": 268.47,
      "duracion": 7.03,
      "texto": "No, nosotros ahora lo que debemos por eso es un descuento fijo por seis meses, ya no tenemos más o menos que no por un año.",
      "confianza": 0.501
    },
    {
      "hablante": "Hablante B",
      "inicio": 268.49,
      "fin": 270.78,
      "duracion": 2.28,
      "texto": "Sí, sí, yo tengo mucha que tiene con ustedes.",
      "confianza": 0.317
    },
    {
      "hablante": "Hablante B",
      "inicio": 271.28,
      "fin": 275.73,
      "duracion": 4.45,
      "texto": "Bueno, de ley, entonces, cuando tengamos una mejor promoción, ¿la contestamos a usted?",
      "confianza": 0.541
    },
    {
      "hablante": "Hablante B",
      "inicio": 275.91,
      "fin": 278.75,
      "duracion": 2.84,
      "texto": "Nos puede contactar, cualquier cosa.",
      "confianza": 0.534
    },
    {
      "hablante": "Hablante B",
      "inicio": 278.77,
      "fin": 283.12,
      "duracion": 4.35,
      "texto": "Por eso, yo estoy teniendo problemas para internet, o yo que voy a llamar a usted, después sí.",
      "confianza": 0.386
    },
    {
      "hablante": "Hablante B",
      "inicio": 283.58,
      "fin": 287.09,
      "duracion": 3.51,
      "texto": "Por eso, de ley, entonces, nosotros la dejamos argentada.",
      "confianza": 0.535
    },
    {
      "hablante": "Hablante B",
      "inicio": 287.11,
      "fin": 290.45,
      "duracion": 3.35,
      "texto": "No, no, no, no, estoy bien, así, cuando he completado pago a usted.",
      "confianza": 0.184
    },
    {
      "hablante": "Hablante B",
      "inicio": 290.47,
      "fin": 290.53,
      "duracion": 0.06,
      "texto": "Sí.",
      "confianza": 0.116
    },
    {
      "hablante": "Hablante B",
      "inicio": 290.55,
      "fin": 295.36,
      "duracion": 4.81,
      "texto": "Porque realmente, este, Dossier, Visti, toda la compañía, todo problema.",
      "confianza": 0.643
    },
    {
      "hablante": "Hablante B",
      "inicio": 295.61,
      "fin": 302.28,
      "duracion": 6.67,
      "texto": "O sea, yo tengo no me quedo para hablar, yo estoy de hablar, no estoy de mensaje.",
      "confianza": 0.624
    },
    {
      "hablante": "Hablante B",
      "inicio": 302.3,
      "fin": 311.23,
      "duracion": 8.93,
      "texto": "Pero el costo del plan, el costo que yo pago son seis mil pesos.",
      "confianza": 0.549
    },
    {
      "hablante": "Hablante B",
      "inicio": 311.61,
      "fin": 321.27,
      "duracion": 9.65,
      "texto": "Pero con la aplicación de ellos, de Claro, ClaroPay, que me hacen un 50% de puente.",
      "confianza": 0.707
    },
    {
      "hablante": "Hablante B",
      "inicio": 321.97,
      "fin": 324.78,
      "duracion": 2.8,
      "texto": "Claro, sí, sí lo entiendo entonces.",
      "confianza": 0.247
    },
    {
      "hablante": "Hablante B",
      "inicio": 324.8,
      "fin": 331.97,
      "duracion": 7.17,
      "texto": "Y quizás que va el tanque que esté con eso y que viene de UTV.",
      "confianza": 0.61
    },
    {
      "hablante": "Hablante B",
      "inicio": 331.99,
      "fin": 333.27,
      "duracion": 1.28,
      "texto": "Sí, no, no, la entiendo perfectamente.",
      "confianza": 0.405
    },
    {
      "hablante": "Hablante B",
      "inicio": 333.29,
      "fin": 338.1,
      "duracion": 4.81,
      "texto": "Entonces, cuando tengamos una de las participantes dice que no hay plata que alcance.",
      "confianza": 0.465
    },
    {
      "hablante": "Hablante B",
      "inicio": 338.12,
      "fin": 343.4,
      "duracion": 5.29,
      "texto": "Entonces, yo quiero pagar menos pero no queda reviendo.",
      "confianza": 0.599
    },
    {
      "hablante": "Hablante B",
      "inicio": 343.97,
      "fin": 347.59,
      "duracion": 3.63,
      "texto": "Sí, no, no, no, la entiendo perfectamente.",
      "confianza": 0.643
    },
    {
      "hablante": "Hablante B",
      "inicio": 348.06,
      "fin": 359.88,
      "duracion": 11.82,
      "texto": "Entonces, cualquier cosita, usted nos llama o nosotros nos volvemos acá.",
      "confianza": 0.568
    }
  ],
  "transcripcion_completa": "Hola. Hola, buen día. Hablo con Ana Andalucía. Sí. ¿Cómo está? Mi nombre es Elena. Me presento. Mira, yo la estoy llevando desde la área de recupero de clientes de Movistar. Queríamos ofrecerles un beneficio para su línea en estos momentos, Ana. Ustedes, ¿sabe qué plan tiene Conclaro? Sí, tengo Conclaro. Yo no, pero no, no, no, no, no tengo comer cabonos. Tengo un preparado. Sí, y ¿sabe cuánto está gastando por mes aproximadamente, recargando? No, eso no es caro, porque pago el cobro, como digo, pongo por mes un prepago y tengo $2,500 pesos. Ah, bien, y va bien con eso. Sí, sí, tengo todas las llamadas limitadas y todo, nada más que procedure, pero todo bien. Mirá, ¿y usted tiene Facebook en su domicilio, Ana? ¿Sí? Sí, tiene Wi-Fi en su domicilio. Claro, sí. Ah, claro, por eso, claro, por eso. Claro, por eso. Ah, pero como salgo poco, así que con eso me sobro, todavía me sobra la pique, mirá vos. Mire, mire. Y usted tiene con Clara la fibra óptica o con otra compañía? No, yo tengo con Telecentro. Ah, bien. ¿Y cuánto está budando, aproximadamente? Creo que va a ser 10 mil pesos, ahí va a ser. Ah, bien, porque mire, nosotros tenemos lo que es una oferta que tendría su línea de 8GB a 4.000 pesos y después tenemos lo que es la fibra óptica, dependiendo de los megas que se utilizan. No sé si se utiliza a 300, utiliza menos, utiliza más. Ah, 300, de verdad, ahora tengo 800 en mi casa, en mi cobro, si tengo la tele, nomás, y el teléfono para descontar. Ah, claro, mire, mire, porque nosotros tenemos lo que es esa oferta estaría saliendo con un descuento de 4.000 personas facturación fija, 20.000 pesos lo que es la fibra y se le suma también lo que son cuatro siglas de regalo para la línea suya y si quiere tenerlo que es la tebre se le da dos meses totalmente bonita. Yo busco todas las cosas que pueda. Yo tengo dos aplicaciones que son gracias a ustedes. Ah, bueno, buenísimo esta parte. Mira, si quieren nos podemos... Esto es otra culpa de pasarme a usted de ser, ¿verdad? Con la internet. porque tenia problemas con todo el centro y me enoje y se lo di de baja y entonces me lo solucionaron. Pero me tuvieron 15 días y me encarné. Entonces por eso ahora supuestamente tenia que pagar algo de 19 mil pesos y con asunto a todo eso me lo hicieron 3 meses por 15. Ah bueno y lo están respetando? Y supuestamente sí, a partir del mes que viene. Es que yo no pagué, me hicieron un descuento que pagué en mi diálogo. Ah, bueno. Esperemos que se lo respeten, señor. Estaba justo, eso que es la madre y todo. Y tuve que cancelarlo porque me... Y dije, bueno, vamos a hacerlo. O sea, ¿viste? También no, no quedé más con movistalla a mail. Le dije, mira, tengo un problema. aplicaciones y entonces quedó todo bien. No, no, esto no está. Al momento que me esfase odio. Pero yo con el teléfono de, ¿cómo se dice? Con abono no, yo estuve con abono. Y tuve problemas también con el teléfono. Claro, sí, es que lo que le habrá pasado es que cuando estábamos con el diente regulador sí que le venían a niveles de números exorbitantes en lo que es la operación. Es un año pasado, es un año pasado. porque yo les pedía que se arrebajaran la maladía, entonces me pasaba, claro, y después me llamaban, me dieron una promoción que supuestamente era una promoción, cuando tuve que pagar no era lo que me dijeron. Claro, sí, sí, sí, sí. No, nosotros ahora lo que debemos por eso es un descuento fijo por seis meses, ya no tenemos más o menos que no por un año. Sí, sí, yo tengo mucha que tiene con ustedes. Bueno, de ley, entonces, cuando tengamos una mejor promoción, ¿la contestamos a usted? Nos puede contactar, cualquier cosa. Por eso, yo estoy teniendo problemas para internet, o yo que voy a llamar a usted, después sí. Por eso, de ley, entonces, nosotros la dejamos argentada. No, no, no, no, estoy bien, así, cuando he completado pago a usted. Sí. Porque realmente, este, Dossier, Visti, toda la compañía, todo problema. O sea, yo tengo no me quedo para hablar, yo estoy de hablar, no estoy de mensaje. Pero el costo del plan, el costo que yo pago son seis mil pesos. Pero con la aplicación de ellos, de Claro, ClaroPay, que me hacen un 50% de puente. Claro, sí, sí lo entiendo entonces. Y quizás que va el tanque que esté con eso y que viene de UTV. Sí, no, no, la entiendo perfectamente. Entonces, cuando tengamos una de las participantes dice que no hay plata que alcance. Entonces, yo quiero pagar menos pero no queda reviendo. Sí, no, no, no, la entiendo perfectamente. Entonces, cualquier cosita, usted nos llama o nosotros nos volvemos acá.",
  "calidad": {
    "confianza_promedio": 0.462,
    "metodo_diarizacion": "pausas_fallback",
    "tiempo_procesamiento": 11.6
  },
  "metadata": {
    "modelo": "whisperx_medium",
    "diarizacion": "pausas",
    "dispositivo": "cuda",
    "fecha": "2026-01-25T18:02:02.580971",
    "version": "5.0_ecapa"
  }
}