{
  "archivo": "amza15_1_260123133606688_ACD_82621.wav",
  "duracion_segundos": 79.41,
  "num_segmentos": 29,
  "num_hablantes": 2,
  "hablantes": [
    "Hablante A",
    "Hablante B"
  ],
  "tiempo_por_hablante": {
    "Hablante B": 15.78,
    "Hablante A": 49.4
  },
  "idioma": "es",
  "conversacion": [
    {
      "hablante": "Hablante B",
      "inicio": 2.65,
      "fin": 3.43,
      "duracion": 0.78,
      "texto": "Hola, buen día.",
      "confianza": 0.463
    },
    {
      "hablante": "Hablante A",
      "inicio": 6.23,
      "fin": 6.67,
      "duracion": 0.44,
      "texto": "Me comunico con Pedro.",
      "confianza": 0.0
    },
    {
      "hablante": "Hablante A",
      "inicio": 6.69,
      "fin": 6.75,
      "duracion": 0.06,
      "texto": "Sí.",
      "confianza": 0.148
    },
    {
      "hablante": "Hablante A",
      "inicio": 6.77,
      "fin": 7.49,
      "duracion": 0.72,
      "texto": "¿Cómo estás, Pedro?",
      "confianza": 0.624
    },
    {
      "hablante": "Hablante A",
      "inicio": 7.51,
      "fin": 8.34,
      "duracion": 0.82,
      "texto": "Mi nombre es Lisana.",
      "confianza": 0.59
    },
    {
      "hablante": "Hablante A",
      "inicio": 8.36,
      "fin": 11.46,
      "duracion": 3.11,
      "texto": "Me comunico desde laaría de beneficios y promociones de Multar.",
      "confianza": 0.698
    },
    {
      "hablante": "Hablante B",
      "inicio": 13.66,
      "fin": 13.92,
      "duracion": 0.26,
      "texto": "Ajá, sí.",
      "confianza": 0.247
    },
    {
      "hablante": "Hablante B",
      "inicio": 14.97,
      "fin": 19.79,
      "duracion": 4.83,
      "texto": "Actualmente me sale que estás en claro, ¿cierto?",
      "confianza": 0.638
    },
    {
      "hablante": "Hablante B",
      "inicio": 19.81,
      "fin": 19.95,
      "duracion": 0.14,
      "texto": "Sí, sí.",
      "confianza": 0.01
    },
    {
      "hablante": "Hablante B",
      "inicio": 19.97,
      "fin": 20.73,
      "duracion": 0.76,
      "texto": "Excelente, Pedro.",
      "confianza": 0.689
    },
    {
      "hablante": "Hablante B",
      "inicio": 20.75,
      "fin": 24.94,
      "duracion": 4.19,
      "texto": "Mira, el día de hoy nosotros tenemos una promo que es de 8GB, ¿sí?",
      "confianza": 0.796
    },
    {
      "hablante": "Hablante B",
      "inicio": 25.66,
      "fin": 28.29,
      "duracion": 2.62,
      "texto": "Con 10GB de regalo a tan solo 8000 pesos.",
      "confianza": 0.75
    },
    {
      "hablante": "Hablante B",
      "inicio": 28.31,
      "fin": 30.51,
      "duracion": 2.2,
      "texto": "¿Al día de hoy usted tiene abono prepago?",
      "confianza": 0.66
    },
    {
      "hablante": "Hablante A",
      "inicio": 33.39,
      "fin": 36.28,
      "duracion": 2.88,
      "texto": "Y no con abono.",
      "confianza": 0.25
    },
    {
      "hablante": "Hablante A",
      "inicio": 36.3,
      "fin": 36.76,
      "duracion": 0.46,
      "texto": "Excelente.",
      "confianza": 0.853
    },
    {
      "hablante": "Hablante A",
      "inicio": 36.78,
      "fin": 42.56,
      "duracion": 5.79,
      "texto": "¿Y de cuántas gigas es el que usted paga?",
      "confianza": 0.665
    },
    {
      "hablante": "Hablante A",
      "inicio": 42.58,
      "fin": 43.33,
      "duracion": 0.74,
      "texto": "Por ahora estoy pagando de dos gigas.",
      "confianza": 0.005
    },
    {
      "hablante": "Hablante A",
      "inicio": 43.34,
      "fin": 44.21,
      "duracion": 0.86,
      "texto": "De dos gigas, claro.",
      "confianza": 0.704
    },
    {
      "hablante": "Hablante A",
      "inicio": 44.23,
      "fin": 51.61,
      "duracion": 7.39,
      "texto": "No es de usar mucho el celu, ¿cierto?",
      "confianza": 0.637
    },
    {
      "hablante": "Hablante A",
      "inicio": 51.63,
      "fin": 52.62,
      "duracion": 0.98,
      "texto": "No, porque trabajo en casa y tengo internet casi.",
      "confianza": 0.002
    },
    {
      "hablante": "Hablante A",
      "inicio": 52.63,
      "fin": 55.62,
      "duracion": 2.98,
      "texto": "Ah, excelente, excelente.",
      "confianza": 0.564
    },
    {
      "hablante": "Hablante A",
      "inicio": 55.64,
      "fin": 56.1,
      "duracion": 0.46,
      "texto": "Excelente.",
      "confianza": 0.891
    },
    {
      "hablante": "Hablante A",
      "inicio": 56.36,
      "fin": 61.75,
      "duracion": 5.39,
      "texto": "Pedro, bueno, mira, el día de hoy estamos haciendo una promoción para recuperar a los clientes y que vengan",
      "confianza": 0.854
    },
    {
      "hablante": "Hablante A",
      "inicio": 61.9,
      "fin": 67.05,
      "duracion": 5.15,
      "texto": "¿Libres a movistar, sí?",
      "confianza": 0.039
    },
    {
      "hablante": "Hablante A",
      "inicio": 67.07,
      "fin": 68.07,
      "duracion": 1.0,
      "texto": "Igual, por ahora no.",
      "confianza": 0.112
    },
    {
      "hablante": "Hablante A",
      "inicio": 68.09,
      "fin": 69.37,
      "duracion": 1.28,
      "texto": "Te agradezco, pero por ahora no.",
      "confianza": 0.522
    },
    {
      "hablante": "Hablante A",
      "inicio": 70.03,
      "fin": 76.63,
      "duracion": 6.59,
      "texto": "En otro momento no se puede ser, pero ahora... Listo, entonces Pedro, dejo agendado tu número y te llamo en otro momento, no hay problema.",
      "confianza": 0.584
    },
    {
      "hablante": "Hablante A",
      "inicio": 77.09,
      "fin": 78.13,
      "duracion": 1.04,
      "texto": "Vale, gracias.",
      "confianza": 0.476
    },
    {
      "hablante": "Hablante A",
      "inicio": 78.15,
      "fin": 79.41,
      "duracion": 1.26,
      "texto": "Que tengas lindo día.",
      "confianza": 0.732
    }
  ],
  "transcripcion_completa": "Hola, buen día. Me comunico con Pedro. Sí. ¿Cómo estás, Pedro? Mi nombre es Lisana. Me comunico desde laaría de beneficios y promociones de Multar. Ajá, sí. Actualmente me sale que estás en claro, ¿cierto? Sí, sí. Excelente, Pedro. Mira, el día de hoy nosotros tenemos una promo que es de 8GB, ¿sí? Con 10GB de regalo a tan solo 8000 pesos. ¿Al día de hoy usted tiene abono prepago? Y no con abono. Excelente. ¿Y de cuántas gigas es el que usted paga? Por ahora estoy pagando de dos gigas. De dos gigas, claro. No es de usar mucho el celu, ¿cierto? No, porque trabajo en casa y tengo internet casi. Ah, excelente, excelente. Excelente. Pedro, bueno, mira, el día de hoy estamos haciendo una promoción para recuperar a los clientes y que vengan ¿Libres a movistar, sí? Igual, por ahora no. Te agradezco, pero por ahora no. En otro momento no se puede ser, pero ahora... Listo, entonces Pedro, dejo agendado tu número y te llamo en otro momento, no hay problema. Vale, gracias. Que tengas lindo día.",
  "calidad": {
    "confianza_promedio": 0.507,
    "metodo_diarizacion": "pausas_fallback",
    "tiempo_procesamiento": 5.4
  },
  "metadata": {
    "modelo": "whisperx_medium",
    "diarizacion": "pausas",
    "dispositivo": "cuda",
    "fecha": "2026-01-26T01:41:33.500968",
    "version": "5.0_ecapa"
  }
}