{
  "archivo": "amza20_1_260119104924039_ACD_50011.wav",
  "duracion_segundos": 278.54,
  "num_segmentos": 73,
  "num_hablantes": 2,
  "hablantes": [
    "Hablante A",
    "Hablante B"
  ],
  "tiempo_por_hablante": {
    "Hablante A": 190.68,
    "Hablante B": 64.67
  },
  "idioma": "es",
  "conversacion": [
    {
      "hablante": "Hablante A",
      "inicio": 0.03,
      "fin": 6.7,
      "duracion": 6.67,
      "texto": "Hola, buenos días, Gilberto.",
      "confianza": 0.056
    },
    {
      "hablante": "Hablante A",
      "inicio": 6.72,
      "fin": 8.34,
      "duracion": 1.62,
      "texto": "Sí, él habla.",
      "confianza": 0.088
    },
    {
      "hablante": "Hablante A",
      "inicio": 8.36,
      "fin": 8.92,
      "duracion": 0.56,
      "texto": "Hola, buenos días, Gilberto.",
      "confianza": 0.014
    },
    {
      "hablante": "Hablante A",
      "inicio": 8.94,
      "fin": 9.69,
      "duracion": 0.74,
      "texto": "Sí, sí, qué tal, buenos días.",
      "confianza": 0.205
    },
    {
      "hablante": "Hablante A",
      "inicio": 9.98,
      "fin": 12.83,
      "duracion": 2.84,
      "texto": "Como le va, tomaste mi nombre, me comunicabas la idea de beneficio en movilizar.",
      "confianza": 0.542
    },
    {
      "hablante": "Hablante A",
      "inicio": 13.33,
      "fin": 14.93,
      "duracion": 1.6,
      "texto": "Exactamente cuenta con un claro, ¿correcto?",
      "confianza": 0.637
    },
    {
      "hablante": "Hablante B",
      "inicio": 17.78,
      "fin": 17.92,
      "duracion": 0.14,
      "texto": "Sí, sí.",
      "confianza": 0.008
    },
    {
      "hablante": "Hablante B",
      "inicio": 17.94,
      "fin": 27.49,
      "duracion": 9.55,
      "texto": "Bien, mire, en motivo de mi llamada, no sé si queríamos mejorar el plan que tenía anteriormente con su línea, viene federal que está en claro, y le consulto desde cuánto llega a solo ocupar mes a mes, a donde se le haga mucho interés al teléfono.",
      "confianza": 0.586
    },
    {
      "hablante": "Hablante B",
      "inicio": 28.94,
      "fin": 37.19,
      "duracion": 8.25,
      "texto": "Por lo general lo cargué con un plan de 4GB porque vivo en un pueblo.",
      "confianza": 0.788
    },
    {
      "hablante": "Hablante A",
      "inicio": 38.73,
      "fin": 44.1,
      "duracion": 5.37,
      "texto": "En el pueblo donde estoy se comparte mucho el wifi, en los negocios, en todos lados.",
      "confianza": 0.602
    },
    {
      "hablante": "Hablante A",
      "inicio": 44.12,
      "fin": 46.34,
      "duracion": 2.22,
      "texto": "Entonces con esas 4GB anda perfecto.",
      "confianza": 0.482
    },
    {
      "hablante": "Hablante A",
      "inicio": 46.7,
      "fin": 48.97,
      "duracion": 2.26,
      "texto": "Está bien, perfecto, entiendo.",
      "confianza": 0.508
    },
    {
      "hablante": "Hablante A",
      "inicio": 48.99,
      "fin": 58.1,
      "duracion": 9.11,
      "texto": "Aparte que pago mensualmente y me dan el plan este y me manejo con esto acá porque es un lugar chico, ¿viste?",
      "confianza": 0.672
    },
    {
      "hablante": "Hablante A",
      "inicio": 58.45,
      "fin": 58.61,
      "duracion": 0.16,
      "texto": "Sí.",
      "confianza": 0.248
    },
    {
      "hablante": "Hablante A",
      "inicio": 58.95,
      "fin": 68.98,
      "duracion": 10.03,
      "texto": "Así que no es como cuando estaba en Quilmes.",
      "confianza": 0.049
    },
    {
      "hablante": "Hablante A",
      "inicio": 69.0,
      "fin": 69.34,
      "duracion": 0.34,
      "texto": "Ahí es mucho más.",
      "confianza": 0.029
    },
    {
      "hablante": "Hablante A",
      "inicio": 69.36,
      "fin": 70.33,
      "duracion": 0.96,
      "texto": "Es más amplio y aparte no te confían en el wifi.",
      "confianza": 0.004
    },
    {
      "hablante": "Hablante A",
      "inicio": 70.35,
      "fin": 70.69,
      "duracion": 0.34,
      "texto": "Acá es diferente.",
      "confianza": 0.033
    },
    {
      "hablante": "Hablante A",
      "inicio": 70.71,
      "fin": 71.39,
      "duracion": 0.68,
      "texto": "Entonces, con esto me manejo bien.",
      "confianza": 0.094
    },
    {
      "hablante": "Hablante A",
      "inicio": 71.41,
      "fin": 71.79,
      "duracion": 0.38,
      "texto": "Perfecto, entiendo.",
      "confianza": 0.083
    },
    {
      "hablante": "Hablante A",
      "inicio": 71.81,
      "fin": 74.17,
      "duracion": 2.36,
      "texto": "Bueno, mire, entonces le comento el plan que tengo para orientarle el día de hoy, sí.",
      "confianza": 0.37
    },
    {
      "hablante": "Hablante A",
      "inicio": 74.73,
      "fin": 76.73,
      "duracion": 2.0,
      "texto": "Y le voy a comentar los planos que tenemos en promoción.",
      "confianza": 0.534
    },
    {
      "hablante": "Hablante A",
      "inicio": 76.75,
      "fin": 80.4,
      "duracion": 3.64,
      "texto": "Tengo un plan de 8GB de base, bien más 8 de regalo, porque hay marcha, tendría 16.",
      "confianza": 0.658
    },
    {
      "hablante": "Hablante A",
      "inicio": 80.76,
      "fin": 84.06,
      "duracion": 3.3,
      "texto": "Tiene 4 platas, ya más libre de todas las compañías y rumen en América ya incluido.",
      "confianza": 0.631
    },
    {
      "hablante": "Hablante A",
      "inicio": 84.08,
      "fin": 87.23,
      "duracion": 3.14,
      "texto": "Ese plan le queda un precio de 10.400 pesos, ¿bien?",
      "confianza": 0.581
    },
    {
      "hablante": "Hablante A",
      "inicio": 87.39,
      "fin": 91.16,
      "duracion": 3.77,
      "texto": "Le diría como le digo, 16 gigas les podría ir guardando mesa a mesa en caso de que le sobraran y demás.",
      "confianza": 0.488
    },
    {
      "hablante": "Hablante A",
      "inicio": 92.0,
      "fin": 94.58,
      "duracion": 2.58,
      "texto": "Ese es uno de los planes.",
      "confianza": 0.601
    },
    {
      "hablante": "Hablante A",
      "inicio": 94.6,
      "fin": 97.14,
      "duracion": 2.54,
      "texto": "Ese sería mejor la opción más elegida que nosotros tenemos, ¿bien?",
      "confianza": 0.667
    },
    {
      "hablante": "Hablante A",
      "inicio": 97.36,
      "fin": 108.38,
      "duracion": 11.01,
      "texto": "Por una cuestión de que tiene el robo y bastantes gigas y demás.",
      "confianza": 0.752
    },
    {
      "hablante": "Hablante A",
      "inicio": 108.4,
      "fin": 108.9,
      "duracion": 0.5,
      "texto": "Sí, te hago una pregunta.",
      "confianza": 0.002
    },
    {
      "hablante": "Hablante A",
      "inicio": 108.92,
      "fin": 109.14,
      "duracion": 0.22,
      "texto": "Dicime, sí.",
      "confianza": 0.016
    },
    {
      "hablante": "Hablante A",
      "inicio": 109.16,
      "fin": 110.2,
      "duracion": 1.04,
      "texto": "Vos me dijiste que son de la empresa... De Movistar.",
      "confianza": 0.005
    },
    {
      "hablante": "Hablante A",
      "inicio": 110.22,
      "fin": 110.48,
      "duracion": 0.26,
      "texto": "¿De Movistar?",
      "confianza": 0.0
    },
    {
      "hablante": "Hablante A",
      "inicio": 110.5,
      "fin": 111.14,
      "duracion": 0.64,
      "texto": "¿Y que está vinculado con Claro?",
      "confianza": 0.046
    },
    {
      "hablante": "Hablante A",
      "inicio": 111.16,
      "fin": 111.66,
      "duracion": 0.5,
      "texto": "Porque lo mismo es Claro.",
      "confianza": 0.036
    },
    {
      "hablante": "Hablante A",
      "inicio": 113.11,
      "fin": 120.74,
      "duracion": 7.63,
      "texto": "Nosotros lo llamamos porque nos dijeron que antes había estado en Movistar y queríamos recuperarlo, nada más porque me preguntaron.",
      "confianza": 0.448
    },
    {
      "hablante": "Hablante A",
      "inicio": 120.76,
      "fin": 131.76,
      "duracion": 11.0,
      "texto": "No, no, no, porque no entendía esta parte, porque bueno, te comento, el otro día hablé con uno de sus compañeros y me comentó que se habían ampliado lo que es la red.",
      "confianza": 0.665
    },
    {
      "hablante": "Hablante A",
      "inicio": 131.78,
      "fin": 132.04,
      "duracion": 0.26,
      "texto": "¿Por qué?",
      "confianza": 0.497
    },
    {
      "hablante": "Hablante A",
      "inicio": 132.12,
      "fin": 137.31,
      "duracion": 5.19,
      "texto": "Porque yo me tuve que cambiar empresa por el servicio",
      "confianza": 0.732
    },
    {
      "hablante": "Hablante A",
      "inicio": 137.88,
      "fin": 145.13,
      "duracion": 7.25,
      "texto": "y no por la cuestión de que acá es la única restricción que había, porque no sé si ahora cambio, era claro.",
      "confianza": 0.665
    },
    {
      "hablante": "Hablante A",
      "inicio": 145.55,
      "fin": 152.72,
      "duracion": 7.17,
      "texto": "Entonces yo acá, estando en el pueblo, movilizarme quedaba... No tenía comunicación.",
      "confianza": 0.602
    },
    {
      "hablante": "Hablante A",
      "inicio": 152.74,
      "fin": 153.2,
      "duracion": 0.46,
      "texto": "Ok, bien.",
      "confianza": 0.107
    },
    {
      "hablante": "Hablante A",
      "inicio": 153.22,
      "fin": 155.02,
      "duracion": 1.8,
      "texto": "Me decís si querés... Cobertura, digamos.",
      "confianza": 0.163
    },
    {
      "hablante": "Hablante A",
      "inicio": 155.04,
      "fin": 156.26,
      "duracion": 1.22,
      "texto": "Claro, cobertura, sí, sí, entiendo.",
      "confianza": 0.118
    },
    {
      "hablante": "Hablante A",
      "inicio": 156.28,
      "fin": 157.84,
      "duracion": 1.56,
      "texto": "Y te consulto, ¿te corroboraron la cobertura?",
      "confianza": 0.493
    },
    {
      "hablante": "Hablante A",
      "inicio": 157.96,
      "fin": 160.82,
      "duracion": 2.86,
      "texto": "Porque me decís que te llamaron.",
      "confianza": 0.454
    },
    {
      "hablante": "Hablante A",
      "inicio": 160.84,
      "fin": 167.47,
      "duracion": 6.63,
      "texto": "Bueno, y el otro día me llamó el chico por no explicarme, de que le comenté lo mismo que a vos, del tema de la cobertura,",
      "confianza": 0.641
    },
    {
      "hablante": "Hablante A",
      "inicio": 168.21,
      "fin": 195.88,
      "duracion": 27.68,
      "texto": "Me comentó que habían ampliado la red de señales y todo eso, y aparte que hubo un cambio ahí entre Claro y las empresas de manejando de los dos servicios y todo eso, que había cobertura, pero es cierto que por el momento iba a quedar claro",
      "confianza": 0.62
    },
    {
      "hablante": "Hablante A",
      "inicio": 196.29,
      "fin": 200.17,
      "duracion": 3.88,
      "texto": "tiempo más y después iba a ver que me volvía de vuelta a molestar, ¿viste?",
      "confianza": 0.526
    },
    {
      "hablante": "Hablante A",
      "inicio": 200.19,
      "fin": 202.25,
      "duracion": 2.06,
      "texto": "Bien, bien, bien, entonces.",
      "confianza": 0.446
    },
    {
      "hablante": "Hablante A",
      "inicio": 202.81,
      "fin": 206.36,
      "duracion": 3.54,
      "texto": "Entonces, quedamos en esto que hablábamos más adelante.",
      "confianza": 0.603
    },
    {
      "hablante": "Hablante A",
      "inicio": 207.76,
      "fin": 208.84,
      "duracion": 1.08,
      "texto": "Ah, perfecto, entonces.",
      "confianza": 0.294
    },
    {
      "hablante": "Hablante A",
      "inicio": 208.86,
      "fin": 211.48,
      "duracion": 2.62,
      "texto": "Bueno, bueno, no hay problema, entonces.",
      "confianza": 0.152
    },
    {
      "hablante": "Hablante A",
      "inicio": 211.5,
      "fin": 214.34,
      "duracion": 2.84,
      "texto": "Le daremos atención y nos estaremos comunicando.",
      "confianza": 0.353
    },
    {
      "hablante": "Hablante A",
      "inicio": 214.36,
      "fin": 222.11,
      "duracion": 7.75,
      "texto": "Dale, y yo en el pueblo que estoy viviendo para la próxima, para si se sirve, se llama Pila, se llama el pueblo.",
      "confianza": 0.657
    },
    {
      "hablante": "Hablante A",
      "inicio": 222.61,
      "fin": 225.43,
      "duracion": 2.82,
      "texto": "Pila, no Pilar, Pila.",
      "confianza": 0.79
    },
    {
      "hablante": "Hablante B",
      "inicio": 227.08,
      "fin": 230.13,
      "duracion": 3.04,
      "texto": "que después revisarlo por ahí.",
      "confianza": 0.393
    },
    {
      "hablante": "Hablante B",
      "inicio": 230.15,
      "fin": 231.29,
      "duracion": 1.14,
      "texto": "Bien, pila.",
      "confianza": 0.73
    },
    {
      "hablante": "Hablante B",
      "inicio": 231.45,
      "fin": 234.37,
      "duracion": 2.92,
      "texto": "Si lo querés confirmar es más fácil.",
      "confianza": 0.486
    },
    {
      "hablante": "Hablante B",
      "inicio": 234.39,
      "fin": 236.63,
      "duracion": 2.24,
      "texto": "Acá te digo, sí, sí.",
      "confianza": 0.373
    },
    {
      "hablante": "Hablante B",
      "inicio": 236.66,
      "fin": 238.66,
      "duracion": 2.0,
      "texto": "Sí, sí, sí, sí, Buenos Aires, pila.",
      "confianza": 0.492
    },
    {
      "hablante": "Hablante B",
      "inicio": 239.0,
      "fin": 242.84,
      "duracion": 3.84,
      "texto": "Sí, sí, sí, acá mal, seguro, sí, tenemos cobertura, eso no tendría que tener problemas con los señal, ni nada.",
      "confianza": 0.55
    },
    {
      "hablante": "Hablante B",
      "inicio": 244.06,
      "fin": 246.55,
      "duracion": 2.48,
      "texto": "No, pero yo te digo, el chico me dijo que había cambiado.",
      "confianza": 0.535
    },
    {
      "hablante": "Hablante B",
      "inicio": 247.23,
      "fin": 249.67,
      "duracion": 2.44,
      "texto": "Claro, sí, no, perdónate por todo uno, pero sí.",
      "confianza": 0.313
    },
    {
      "hablante": "Hablante B",
      "inicio": 250.57,
      "fin": 251.09,
      "duracion": 0.52,
      "texto": "Sí, sí, sí.",
      "confianza": 0.144
    },
    {
      "hablante": "Hablante B",
      "inicio": 251.11,
      "fin": 256.62,
      "duracion": 5.51,
      "texto": "Cuando yo vine hace cinco años, acá nos quisíamos estar directamente.",
      "confianza": 0.414
    },
    {
      "hablante": "Hablante B",
      "inicio": 256.95,
      "fin": 260.12,
      "duracion": 3.16,
      "texto": "Por el tema de la restricción, ¿dices?",
      "confianza": 0.257
    },
    {
      "hablante": "Hablante B",
      "inicio": 260.14,
      "fin": 260.24,
      "duracion": 0.1,
      "texto": "Bien.",
      "confianza": 0.017
    },
    {
      "hablante": "Hablante B",
      "inicio": 260.26,
      "fin": 274.15,
      "duracion": 13.9,
      "texto": "Ah, sí, sí, sí, puede ser, porque, pero como te digo, actualmente tenemos cobertura en el 70% del país, así que sí, la expansión esa que te dices es real, esa ha pasado, así que bueno, cualquier consulta nos ayudamos comunicando, entonces.",
      "confianza": 0.576
    },
    {
      "hablante": "Hablante B",
      "inicio": 274.17,
      "fin": 274.27,
      "duracion": 0.1,
      "texto": "Vale.",
      "confianza": 0.093
    },
    {
      "hablante": "Hablante B",
      "inicio": 274.29,
      "fin": 276.62,
      "duracion": 2.32,
      "texto": "Perfecto, entonces, le agradezco su atención, entonces, que tengan un buen día.",
      "confianza": 0.36
    },
    {
      "hablante": "Hablante B",
      "inicio": 277.5,
      "fin": 278.4,
      "duracion": 0.9,
      "texto": "Un día, gracias.",
      "confianza": 0.261
    },
    {
      "hablante": "Hablante B",
      "inicio": 278.42,
      "fin": 278.54,
      "duracion": 0.12,
      "texto": "Adiós.",
      "confianza": 0.169
    }
  ],
  "transcripcion_completa": "Hola, buenos días, Gilberto. Sí, él habla. Hola, buenos días, Gilberto. Sí, sí, qué tal, buenos días. Como le va, tomaste mi nombre, me comunicabas la idea de beneficio en movilizar. Exactamente cuenta con un claro, ¿correcto? Sí, sí. Bien, mire, en motivo de mi llamada, no sé si queríamos mejorar el plan que tenía anteriormente con su línea, viene federal que está en claro, y le consulto desde cuánto llega a solo ocupar mes a mes, a donde se le haga mucho interés al teléfono. Por lo general lo cargué con un plan de 4GB porque vivo en un pueblo. En el pueblo donde estoy se comparte mucho el wifi, en los negocios, en todos lados. Entonces con esas 4GB anda perfecto. Está bien, perfecto, entiendo. Aparte que pago mensualmente y me dan el plan este y me manejo con esto acá porque es un lugar chico, ¿viste? Sí. Así que no es como cuando estaba en Quilmes. Ahí es mucho más. Es más amplio y aparte no te confían en el wifi. Acá es diferente. Entonces, con esto me manejo bien. Perfecto, entiendo. Bueno, mire, entonces le comento el plan que tengo para orientarle el día de hoy, sí. Y le voy a comentar los planos que tenemos en promoción. Tengo un plan de 8GB de base, bien más 8 de regalo, porque hay marcha, tendría 16. Tiene 4 platas, ya más libre de todas las compañías y rumen en América ya incluido. Ese plan le queda un precio de 10.400 pesos, ¿bien? Le diría como le digo, 16 gigas les podría ir guardando mesa a mesa en caso de que le sobraran y demás. Ese es uno de los planes. Ese sería mejor la opción más elegida que nosotros tenemos, ¿bien? Por una cuestión de que tiene el robo y bastantes gigas y demás. Sí, te hago una pregunta. Dicime, sí. Vos me dijiste que son de la empresa... De Movistar. ¿De Movistar? ¿Y que está vinculado con Claro? Porque lo mismo es Claro. Nosotros lo llamamos porque nos dijeron que antes había estado en Movistar y queríamos recuperarlo, nada más porque me preguntaron. No, no, no, porque no entendía esta parte, porque bueno, te comento, el otro día hablé con uno de sus compañeros y me comentó que se habían ampliado lo que es la red. ¿Por qué? Porque yo me tuve que cambiar empresa por el servicio y no por la cuestión de que acá es la única restricción que había, porque no sé si ahora cambio, era claro. Entonces yo acá, estando en el pueblo, movilizarme quedaba... No tenía comunicación. Ok, bien. Me decís si querés... Cobertura, digamos. Claro, cobertura, sí, sí, entiendo. Y te consulto, ¿te corroboraron la cobertura? Porque me decís que te llamaron. Bueno, y el otro día me llamó el chico por no explicarme, de que le comenté lo mismo que a vos, del tema de la cobertura, Me comentó que habían ampliado la red de señales y todo eso, y aparte que hubo un cambio ahí entre Claro y las empresas de manejando de los dos servicios y todo eso, que había cobertura, pero es cierto que por el momento iba a quedar claro tiempo más y después iba a ver que me volvía de vuelta a molestar, ¿viste? Bien, bien, bien, entonces. Entonces, quedamos en esto que hablábamos más adelante. Ah, perfecto, entonces. Bueno, bueno, no hay problema, entonces. Le daremos atención y nos estaremos comunicando. Dale, y yo en el pueblo que estoy viviendo para la próxima, para si se sirve, se llama Pila, se llama el pueblo. Pila, no Pilar, Pila. que después revisarlo por ahí. Bien, pila. Si lo querés confirmar es más fácil. Acá te digo, sí, sí. Sí, sí, sí, sí, Buenos Aires, pila. Sí, sí, sí, acá mal, seguro, sí, tenemos cobertura, eso no tendría que tener problemas con los señal, ni nada. No, pero yo te digo, el chico me dijo que había cambiado. Claro, sí, no, perdónate por todo uno, pero sí. Sí, sí, sí. Cuando yo vine hace cinco años, acá nos quisíamos estar directamente. Por el tema de la restricción, ¿dices? Bien. Ah, sí, sí, sí, puede ser, porque, pero como te digo, actualmente tenemos cobertura en el 70% del país, así que sí, la expansión esa que te dices es real, esa ha pasado, así que bueno, cualquier consulta nos ayudamos comunicando, entonces. Vale. Perfecto, entonces, le agradezco su atención, entonces, que tengan un buen día. Un día, gracias. Adiós.",
  "calidad": {
    "confianza_promedio": 0.379,
    "metodo_diarizacion": "pausas_fallback",
    "tiempo_procesamiento": 10.1
  },
  "metadata": {
    "modelo": "whisperx_medium",
    "diarizacion": "pausas",
    "dispositivo": "cuda",
    "fecha": "2026-01-25T17:48:29.642256",
    "version": "5.0_ecapa"
  }
}