{
  "archivo": "amza1_1_260121120541229_MIT_01961.wav",
  "duracion_segundos": 1015.94,
  "num_segmentos": 252,
  "num_hablantes": 2,
  "hablantes": [
    "Hablante A",
    "Hablante B"
  ],
  "tiempo_por_hablante": {
    "Hablante B": 373.6,
    "Hablante A": 493.59
  },
  "idioma": "es",
  "conversacion": [
    {
      "hablante": "Hablante B",
      "inicio": 22.91,
      "fin": 29.36,
      "duracion": 6.45,
      "texto": "Hola, hablo con Tomás.",
      "confianza": 0.177
    },
    {
      "hablante": "Hablante B",
      "inicio": 29.38,
      "fin": 31.55,
      "duracion": 2.16,
      "texto": "Hola, Tomás, soy Evangeline.",
      "confianza": 0.356
    },
    {
      "hablante": "Hablante B",
      "inicio": 32.03,
      "fin": 32.65,
      "duracion": 0.62,
      "texto": "Sí, ¿cómo estás?",
      "confianza": 0.495
    },
    {
      "hablante": "Hablante B",
      "inicio": 33.35,
      "fin": 36.44,
      "duracion": 3.09,
      "texto": "Soy Evangeline de Movistar, estuvimos hablando ayer, ¿cómo te va?",
      "confianza": 0.618
    },
    {
      "hablante": "Hablante B",
      "inicio": 36.46,
      "fin": 36.96,
      "duracion": 0.5,
      "texto": "¿Todo bien?",
      "confianza": 0.79
    },
    {
      "hablante": "Hablante A",
      "inicio": 40.06,
      "fin": 40.34,
      "duracion": 0.28,
      "texto": "No.",
      "confianza": 0.511
    },
    {
      "hablante": "Hablante A",
      "inicio": 40.36,
      "fin": 41.85,
      "duracion": 1.48,
      "texto": "¿Cómo van?",
      "confianza": 0.122
    },
    {
      "hablante": "Hablante A",
      "inicio": 41.87,
      "fin": 42.73,
      "duracion": 0.86,
      "texto": "Sí, ¿me escuchas?",
      "confianza": 0.36
    },
    {
      "hablante": "Hablante A",
      "inicio": 42.75,
      "fin": 45.19,
      "duracion": 2.44,
      "texto": "¿Me escuchas bien?",
      "confianza": 0.586
    },
    {
      "hablante": "Hablante A",
      "inicio": 45.8,
      "fin": 55.93,
      "duracion": 10.13,
      "texto": "Bien, Tommy, justamente ayer me habías dicho que te interesaba lo que era el plan de 16 días y comento que por el día de hoy todavía no tenemos la promoción vigente para que la aproveches, ¿bien?",
      "confianza": 0.573
    },
    {
      "hablante": "Hablante A",
      "inicio": 55.95,
      "fin": 63.27,
      "duracion": 7.33,
      "texto": "Me habías comentado que te interesaba justamente hacer lo que es el traspaso de portabilidad, ¿puedes ver?",
      "confianza": 0.719
    },
    {
      "hablante": "Hablante A",
      "inicio": 63.3,
      "fin": 64.02,
      "duracion": 0.72,
      "texto": "Claro, pero ¿cuántos minutos en eso?",
      "confianza": 0.028
    },
    {
      "hablante": "Hablante A",
      "inicio": 64.04,
      "fin": 67.88,
      "duracion": 3.84,
      "texto": "Bien, te comento, Tommy, nosotros tenemos lo que son las bonificaciones semestrales, ¿sí?",
      "confianza": 0.645
    },
    {
      "hablante": "Hablante A",
      "inicio": 67.9,
      "fin": 71.36,
      "duracion": 3.46,
      "texto": "Por un tema de que justamente así no hay tantos aumentos, ¿sí?",
      "confianza": 0.767
    },
    {
      "hablante": "Hablante A",
      "inicio": 71.46,
      "fin": 73.09,
      "duracion": 1.62,
      "texto": "Los procesos se mantienen mucho más estables.",
      "confianza": 0.758
    },
    {
      "hablante": "Hablante A",
      "inicio": 73.49,
      "fin": 94.21,
      "duracion": 20.72,
      "texto": "vos igual, de todas maneras, al hacer la gestión conmigo, te comento que te vas a poder comunicar, agendar mi número, y al quinto mes, cuando se te avise que la bonificación está por vencer, yo te puedo dar una bonificación, obviamente, o te puedo derivar, a mediante una bonificación que esté adaptada para ese momento del año, ¿sí?",
      "confianza": 0.694
    },
    {
      "hablante": "Hablante A",
      "inicio": 94.23,
      "fin": 94.43,
      "duracion": 0.2,
      "texto": "¿Me satis?",
      "confianza": 0.002
    },
    {
      "hablante": "Hablante A",
      "inicio": 94.45,
      "fin": 94.71,
      "duracion": 0.26,
      "texto": "Perfecto, sí.",
      "confianza": 0.034
    },
    {
      "hablante": "Hablante A",
      "inicio": 94.73,
      "fin": 98.15,
      "duracion": 3.42,
      "texto": "Te cuento cómo, en qué consiste el plan para que, justamente, estés al tanto.",
      "confianza": 0.656
    },
    {
      "hablante": "Hablante A",
      "inicio": 98.56,
      "fin": 101.64,
      "duracion": 3.08,
      "texto": "Es lo que es un plan de 8 gigas de base,",
      "confianza": 0.798
    },
    {
      "hablante": "Hablante A",
      "inicio": 101.91,
      "fin": 111.64,
      "duracion": 9.73,
      "texto": "más, justamente, ocho gigas de regalo por seis meses, y yo te voy a brindar, además, para que hagas el cambio de portabilidad hoy, dos gigas más adicionales, ¿sí?",
      "confianza": 0.61
    },
    {
      "hablante": "Hablante A",
      "inicio": 111.66,
      "fin": 117.69,
      "duracion": 6.03,
      "texto": "En total vas a tener diez gigas de regalo por seis meses, es decir, que vas a tener lo que es un plan de 18 gigas, ¿bien?",
      "confianza": 0.651
    },
    {
      "hablante": "Hablante A",
      "inicio": 118.97,
      "fin": 125.9,
      "duracion": 6.93,
      "texto": "Y este plan te incluye lo que es WhatsApp Latis, llamadas libres, roaming en América y llamadas América a precio local, ¿bien?",
      "confianza": 0.747
    },
    {
      "hablante": "Hablante A",
      "inicio": 125.92,
      "fin": 130.61,
      "duracion": 4.69,
      "texto": "Todo por ocho mil pesos por mes.",
      "confianza": 0.759
    },
    {
      "hablante": "Hablante A",
      "inicio": 130.63,
      "fin": 131.19,
      "duracion": 0.56,
      "texto": "Perfecto.",
      "confianza": 0.923
    },
    {
      "hablante": "Hablante A",
      "inicio": 131.64,
      "fin": 136.72,
      "duracion": 5.09,
      "texto": "Tommy, mira, vos ustedes en Buenos Aires, ¿no?",
      "confianza": 0.441
    },
    {
      "hablante": "Hablante A",
      "inicio": 136.75,
      "fin": 136.81,
      "duracion": 0.06,
      "texto": "Sí.",
      "confianza": 0.373
    },
    {
      "hablante": "Hablante A",
      "inicio": 136.82,
      "fin": 140.45,
      "duracion": 3.62,
      "texto": "Bien, ¿de qué localidad sos para, justamente, derivarte al equipo a lo que es una sucursal?",
      "confianza": 0.649
    },
    {
      "hablante": "Hablante B",
      "inicio": 144.69,
      "fin": 145.34,
      "duracion": 0.64,
      "texto": "¿Y no tienes para enviármelo?",
      "confianza": 0.019
    },
    {
      "hablante": "Hablante B",
      "inicio": 145.35,
      "fin": 145.84,
      "duracion": 0.48,
      "texto": "Te comento.",
      "confianza": 0.928
    },
    {
      "hablante": "Hablante B",
      "inicio": 145.94,
      "fin": 159.99,
      "duracion": 14.06,
      "texto": "Sí, tenemos lo que es el envío a domicilio, pero suele demorar entre 7 a 10 días hábiles, es bastante la demora, y además, justamente, el trámite de portabilidad se gestiona de una manera más lenta, porque tiene que, justamente, derivar a lo que es la sucursal de Andrea, ni luego llevártelo y demás, ¿sí?",
      "confianza": 0.718
    },
    {
      "hablante": "Hablante B",
      "inicio": 160.28,
      "fin": 174.46,
      "duracion": 14.19,
      "texto": "Por eso nosotros, justamente, le sugerimos a los clientes que vayan a lo que es la sucursal y además ahí te van a colocar los chicos, lo que es el chip en tu teléfono.",
      "confianza": 0.671
    },
    {
      "hablante": "Hablante B",
      "inicio": 174.48,
      "fin": 174.6,
      "duracion": 0.12,
      "texto": "¿Bien?",
      "confianza": 0.001
    },
    {
      "hablante": "Hablante B",
      "inicio": 174.62,
      "fin": 175.6,
      "duracion": 0.98,
      "texto": "Porque yo no laburo de tarde, yo no puedo.",
      "confianza": 0.08
    },
    {
      "hablante": "Hablante B",
      "inicio": 175.62,
      "fin": 176.32,
      "duracion": 0.7,
      "texto": "Bien, laburas de tarde.",
      "confianza": 0.262
    },
    {
      "hablante": "Hablante B",
      "inicio": 176.34,
      "fin": 183.04,
      "duracion": 6.69,
      "texto": "¿A partir del horario podés?",
      "confianza": 0.601
    },
    {
      "hablante": "Hablante B",
      "inicio": 183.06,
      "fin": 183.18,
      "duracion": 0.12,
      "texto": "¿Holá?",
      "confianza": 0.002
    },
    {
      "hablante": "Hablante B",
      "inicio": 183.2,
      "fin": 183.44,
      "duracion": 0.24,
      "texto": "No, por hoy.",
      "confianza": 0.005
    },
    {
      "hablante": "Hablante B",
      "inicio": 183.46,
      "fin": 183.62,
      "duracion": 0.16,
      "texto": "Por hoy.",
      "confianza": 0.126
    },
    {
      "hablante": "Hablante B",
      "inicio": 184.59,
      "fin": 187.28,
      "duracion": 2.68,
      "texto": "No, pero no tengas problemas porque no lo vas a tener que ir a buscar hoy.",
      "confianza": 0.457
    },
    {
      "hablante": "Hablante B",
      "inicio": 187.3,
      "fin": 189.84,
      "duracion": 2.54,
      "texto": "Lo vas a tener que ir a buscar dentro del viernes o el día de lunes.",
      "confianza": 0.478
    },
    {
      "hablante": "Hablante B",
      "inicio": 189.86,
      "fin": 192.62,
      "duracion": 2.76,
      "texto": "Esto te voy a estar avisando cuando vas a poder ir a buscarlo a la sucursal, ¿sí?",
      "confianza": 0.511
    },
    {
      "hablante": "Hablante B",
      "inicio": 192.74,
      "fin": 194.2,
      "duracion": 1.46,
      "texto": "Para que no tengas ningún inconveniente.",
      "confianza": 0.841
    },
    {
      "hablante": "Hablante B",
      "inicio": 194.96,
      "fin": 204.79,
      "duracion": 9.83,
      "texto": "Justamente de las autoridades personalizadas y que yo te aviso.",
      "confianza": 0.717
    },
    {
      "hablante": "Hablante B",
      "inicio": 204.81,
      "fin": 204.89,
      "duracion": 0.08,
      "texto": "¿Sí?",
      "confianza": 0.019
    },
    {
      "hablante": "Hablante B",
      "inicio": 204.91,
      "fin": 205.47,
      "duracion": 0.56,
      "texto": "Perdón, se traba un poquito.",
      "confianza": 0.008
    },
    {
      "hablante": "Hablante B",
      "inicio": 205.49,
      "fin": 206.16,
      "duracion": 0.66,
      "texto": "Porque me lo piden, no pasa nada.",
      "confianza": 0.004
    },
    {
      "hablante": "Hablante B",
      "inicio": 206.18,
      "fin": 207.2,
      "duracion": 1.02,
      "texto": "Bueno, no hay ningún problema.",
      "confianza": 0.492
    },
    {
      "hablante": "Hablante B",
      "inicio": 207.9,
      "fin": 214.04,
      "duracion": 6.15,
      "texto": "A ver, decime entonces, vamos a tener que cargar lo que son los datos de tu domicilio, ¿bien?",
      "confianza": 0.609
    },
    {
      "hablante": "Hablante B",
      "inicio": 214.58,
      "fin": 215.18,
      "duracion": 0.6,
      "texto": "Perfecto.",
      "confianza": 0.841
    },
    {
      "hablante": "Hablante B",
      "inicio": 215.84,
      "fin": 221.95,
      "duracion": 6.11,
      "texto": "Decirle, por favor, Tommy, si podés el llamar a tu DNI para que busque justamente el sistema que tengo los datos de antes.",
      "confianza": 0.69
    },
    {
      "hablante": "Hablante A",
      "inicio": 223.71,
      "fin": 228.92,
      "duracion": 5.21,
      "texto": "Cuarenta y cuatro, trescientos.",
      "confianza": 0.252
    },
    {
      "hablante": "Hablante A",
      "inicio": 228.94,
      "fin": 229.0,
      "duracion": 0.06,
      "texto": "Sí.",
      "confianza": 0.041
    },
    {
      "hablante": "Hablante A",
      "inicio": 229.02,
      "fin": 232.75,
      "duracion": 3.73,
      "texto": "Cómo, perdón, trescientos.",
      "confianza": 0.482
    },
    {
      "hablante": "Hablante A",
      "inicio": 232.77,
      "fin": 233.27,
      "duracion": 0.5,
      "texto": "Nueve cuarenta y nueve.",
      "confianza": 0.138
    },
    {
      "hablante": "Hablante A",
      "inicio": 233.29,
      "fin": 235.03,
      "duracion": 1.74,
      "texto": "Nueve cuatro nueve.",
      "confianza": 0.614
    },
    {
      "hablante": "Hablante A",
      "inicio": 235.05,
      "fin": 235.57,
      "duracion": 0.52,
      "texto": "Perfecto.",
      "confianza": 0.886
    },
    {
      "hablante": "Hablante A",
      "inicio": 236.01,
      "fin": 242.74,
      "duracion": 6.73,
      "texto": "Me dirías lo que es la dirección de tu domicilio si yo la busco.",
      "confianza": 0.647
    },
    {
      "hablante": "Hablante A",
      "inicio": 242.76,
      "fin": 242.98,
      "duracion": 0.22,
      "texto": "La cautiva.",
      "confianza": 0.066
    },
    {
      "hablante": "Hablante A",
      "inicio": 244.38,
      "fin": 259.44,
      "duracion": 15.06,
      "texto": "La cautiva 360 de Tristán Suárez, gobernador Costa.",
      "confianza": 0.738
    },
    {
      "hablante": "Hablante A",
      "inicio": 259.46,
      "fin": 265.87,
      "duracion": 6.41,
      "texto": "Si no sabes qué te comento, que tenés como alternativa para que lo puedas activar el mismo viernes o el día lunes, que es más fácil.",
      "confianza": 0.732
    },
    {
      "hablante": "Hablante A",
      "inicio": 266.32,
      "fin": 275.69,
      "duracion": 9.37,
      "texto": "te lo puedo derivar en lo que es un punto sex, que es un quiosco que se encuentra justamente cercano a tu domicilio para que vos justamente lo busques y lo actives con tu identidad facial.",
      "confianza": 0.71
    },
    {
      "hablante": "Hablante A",
      "inicio": 276.67,
      "fin": 276.91,
      "duracion": 0.24,
      "texto": "Bien.",
      "confianza": 0.77
    },
    {
      "hablante": "Hablante A",
      "inicio": 277.65,
      "fin": 284.14,
      "duracion": 6.49,
      "texto": "En ese caso, lo puedes hacer así, o tenés que negar su cruzada y tampoco tenés que esperar a que te lo envíen a tu domicilio, porque por ahí suele ser que se demoran bastante.",
      "confianza": 0.574
    },
    {
      "hablante": "Hablante A",
      "inicio": 284.96,
      "fin": 287.4,
      "duracion": 2.44,
      "texto": "No sé si quisieras, mirá, te comento.",
      "confianza": 0.586
    },
    {
      "hablante": "Hablante A",
      "inicio": 287.42,
      "fin": 292.59,
      "duracion": 5.17,
      "texto": "Por ejemplo, me figura, mirá, te voy a comentar para que seas al tanto.",
      "confianza": 0.62
    },
    {
      "hablante": "Hablante A",
      "inicio": 292.61,
      "fin": 294.45,
      "duracion": 1.84,
      "texto": "Me figura, por ejemplo, en tu dirección,",
      "confianza": 0.821
    },
    {
      "hablante": "Hablante A",
      "inicio": 295.51,
      "fin": 300.42,
      "duracion": 4.9,
      "texto": "que tenés un quiosco cercano, en lo que es, por ejemplo, la calle de la Valle.",
      "confianza": 0.644
    },
    {
      "hablante": "Hablante A",
      "inicio": 300.44,
      "fin": 301.02,
      "duracion": 0.58,
      "texto": "¿Te ubicas?",
      "confianza": 0.376
    },
    {
      "hablante": "Hablante A",
      "inicio": 301.04,
      "fin": 304.64,
      "duracion": 3.6,
      "texto": "¿La Valle y José Porqueras?",
      "confianza": 0.752
    },
    {
      "hablante": "Hablante A",
      "inicio": 304.66,
      "fin": 304.76,
      "duracion": 0.1,
      "texto": "Sí.",
      "confianza": 0.375
    },
    {
      "hablante": "Hablante A",
      "inicio": 304.78,
      "fin": 307.66,
      "duracion": 2.88,
      "texto": "¿Te queda lejos o te queda cerca?",
      "confianza": 0.664
    },
    {
      "hablante": "Hablante A",
      "inicio": 307.68,
      "fin": 308.7,
      "duracion": 1.02,
      "texto": "Te queda cerca.",
      "confianza": 0.084
    },
    {
      "hablante": "Hablante A",
      "inicio": 308.72,
      "fin": 316.67,
      "duracion": 7.95,
      "texto": "Si yo tengo otra, por ejemplo, en lo que es la calle... Sería Gardini y Antonio Fariña también en la esquina.",
      "confianza": 0.76
    },
    {
      "hablante": "Hablante A",
      "inicio": 316.69,
      "fin": 320.07,
      "duracion": 3.38,
      "texto": "¿Cuál te queda más cerquita?",
      "confianza": 0.829
    },
    {
      "hablante": "Hablante B",
      "inicio": 322.78,
      "fin": 323.16,
      "duracion": 0.38,
      "texto": "La Valle y Cortina.",
      "confianza": 0.042
    },
    {
      "hablante": "Hablante B",
      "inicio": 324.44,
      "fin": 325.64,
      "duracion": 1.2,
      "texto": "Bueno, perfecto.",
      "confianza": 0.322
    },
    {
      "hablante": "Hablante B",
      "inicio": 325.66,
      "fin": 328.18,
      "duracion": 2.52,
      "texto": "Mira, yo te lo voy a derivar entonces en ese caso ahí, ¿sí?",
      "confianza": 0.482
    },
    {
      "hablante": "Hablante B",
      "inicio": 328.2,
      "fin": 344.53,
      "duracion": 16.33,
      "texto": "Vos lo que vas a tener que ir a hacer es, cuando no te avise, ir a buscar lo que es el chip, retiras el chip que se deriva a ese comercio que está justamente autorizado para tener un chip de movista, y lo vas a activar con tu número de línea y tu reconocimiento facial, ¿sí, bien?",
      "confianza": 0.64
    },
    {
      "hablante": "Hablante B",
      "inicio": 344.55,
      "fin": 344.81,
      "duracion": 0.26,
      "texto": "OK. Perfecto.",
      "confianza": 0.109
    },
    {
      "hablante": "Hablante B",
      "inicio": 344.83,
      "fin": 348.66,
      "duracion": 3.83,
      "texto": "Entonces, el alcalde es José Porquedas al... No, perdón.",
      "confianza": 0.426
    },
    {
      "hablante": "Hablante B",
      "inicio": 348.68,
      "fin": 351.22,
      "duracion": 2.54,
      "texto": "Sí, José Porquedas al 298, ¿sí, bien?",
      "confianza": 0.472
    },
    {
      "hablante": "Hablante B",
      "inicio": 352.26,
      "fin": 359.29,
      "duracion": 7.03,
      "texto": "Ahí te voy a mandar igual lo que es la ubicación por el Google Maps, para que te quede a vos asentado en el sistema y que lo tengas ahí.",
      "confianza": 0.556
    },
    {
      "hablante": "Hablante B",
      "inicio": 359.31,
      "fin": 372.3,
      "duracion": 12.99,
      "texto": "Bien, voy a necesitar, Tommy, además que me envíes lo que es una foto del frente y el torso del DNI, esto para validar lo que es la identidad del cliente, justamente porque me sirviera que sea titular, vos me la podrás mandar por el medio de WhatsApp, por donde nos estuvimos hablando.",
      "confianza": 0.667
    },
    {
      "hablante": "Hablante A",
      "inicio": 375.31,
      "fin": 375.41,
      "duracion": 0.1,
      "texto": "Vale.",
      "confianza": 0.043
    },
    {
      "hablante": "Hablante A",
      "inicio": 375.43,
      "fin": 381.39,
      "duracion": 5.97,
      "texto": "Vale, ahí te aguardo, mientras que hago lo que es la carga de datos, vos andá mandándome la foto, avísame cuando me la hayas mandado, ¿bien?",
      "confianza": 0.63
    },
    {
      "hablante": "Hablante B",
      "inicio": 386.32,
      "fin": 388.58,
      "duracion": 2.26,
      "texto": "Tienen que ver los bordecitos.",
      "confianza": 0.62
    },
    {
      "hablante": "Hablante B",
      "inicio": 389.02,
      "fin": 396.67,
      "duracion": 7.65,
      "texto": "Se tienen que ver los cuatro bordes del DNI bien claros.",
      "confianza": 0.691
    },
    {
      "hablante": "Hablante B",
      "inicio": 396.69,
      "fin": 396.87,
      "duracion": 0.18,
      "texto": "Perfecto.",
      "confianza": 0.055
    },
    {
      "hablante": "Hablante B",
      "inicio": 396.89,
      "fin": 403.26,
      "duracion": 6.37,
      "texto": "Ahí te voy a estar enviando lo que es el link de justamente el negocio para que vos vayas a buscar el chip ahí.",
      "confianza": 0.694
    },
    {
      "hablante": "Hablante A",
      "inicio": 405.92,
      "fin": 408.56,
      "duracion": 2.64,
      "texto": "Es un negocio que se llama Kiosko Clemente.",
      "confianza": 0.778
    },
    {
      "hablante": "Hablante A",
      "inicio": 408.58,
      "fin": 412.63,
      "duracion": 4.05,
      "texto": "No sé si lo conoces.",
      "confianza": 0.423
    },
    {
      "hablante": "Hablante A",
      "inicio": 412.65,
      "fin": 414.65,
      "duracion": 2.0,
      "texto": "Por ahí lo ubicamos.",
      "confianza": 0.526
    },
    {
      "hablante": "Hablante A",
      "inicio": 415.38,
      "fin": 426.0,
      "duracion": 10.63,
      "texto": "Bueno, en ese kiosco vas a retirar el chip, ahí te lo van a derivar justamente.",
      "confianza": 0.552
    },
    {
      "hablante": "Hablante A",
      "inicio": 426.02,
      "fin": 426.11,
      "duracion": 0.08,
      "texto": "¿Sí?",
      "confianza": 0.017
    },
    {
      "hablante": "Hablante A",
      "inicio": 426.12,
      "fin": 426.23,
      "duracion": 0.1,
      "texto": "Vale.",
      "confianza": 0.031
    },
    {
      "hablante": "Hablante A",
      "inicio": 426.25,
      "fin": 426.55,
      "duracion": 0.3,
      "texto": "Thank you.",
      "confianza": 0.14
    },
    {
      "hablante": "Hablante A",
      "inicio": 426.56,
      "fin": 431.17,
      "duracion": 4.61,
      "texto": "Y si te aguardo, te aguardo acá en la llamada, no me lo haces acortar.",
      "confianza": 0.245
    },
    {
      "hablante": "Hablante A",
      "inicio": 431.19,
      "fin": 442.38,
      "duracion": 11.19,
      "texto": "Ahí te mandé el link del kiosco para que tengas la ubicación ahí guardada en el chat.",
      "confianza": 0.601
    },
    {
      "hablante": "Hablante A",
      "inicio": 442.4,
      "fin": 444.52,
      "duracion": 2.12,
      "texto": "No hay quilos, no hay quilos, es cierto que se reparten entre lo que es solamente lo que es",
      "confianza": 0.073
    },
    {
      "hablante": "Hablante A",
      "inicio": 444.84,
      "fin": 466.48,
      "duracion": 21.64,
      "texto": "Avisame cuando te mandes la fotito, así yo la paso por el validador.",
      "confianza": 0.67
    },
    {
      "hablante": "Hablante A",
      "inicio": 466.5,
      "fin": 474.25,
      "duracion": 7.75,
      "texto": "Bien, me figura que la línea está a nombre, ¿me escuchas?",
      "confianza": 0.684
    },
    {
      "hablante": "Hablante A",
      "inicio": 474.26,
      "fin": 474.85,
      "duracion": 0.58,
      "texto": "Ah, no me escucho.",
      "confianza": 0.36
    },
    {
      "hablante": "Hablante B",
      "inicio": 478.5,
      "fin": 481.89,
      "duracion": 3.38,
      "texto": "¿Josair, Tommy?",
      "confianza": 0.542
    },
    {
      "hablante": "Hablante A",
      "inicio": 484.11,
      "fin": 485.99,
      "duracion": 1.88,
      "texto": "Hola.",
      "confianza": 0.506
    },
    {
      "hablante": "Hablante A",
      "inicio": 486.01,
      "fin": 496.49,
      "duracion": 10.47,
      "texto": "Hola, Tommy, ¿me escuchas?",
      "confianza": 0.456
    },
    {
      "hablante": "Hablante A",
      "inicio": 496.51,
      "fin": 502.74,
      "duracion": 6.23,
      "texto": "Hola, hola.",
      "confianza": 0.666
    },
    {
      "hablante": "Hablante A",
      "inicio": 502.8,
      "fin": 503.46,
      "duracion": 0.66,
      "texto": "Ahí está.",
      "confianza": 0.508
    },
    {
      "hablante": "Hablante B",
      "inicio": 505.26,
      "fin": 506.8,
      "duracion": 1.54,
      "texto": "Ah, me cago.",
      "confianza": 0.431
    },
    {
      "hablante": "Hablante B",
      "inicio": 506.82,
      "fin": 507.06,
      "duracion": 0.24,
      "texto": "Bien.",
      "confianza": 0.562
    },
    {
      "hablante": "Hablante B",
      "inicio": 507.36,
      "fin": 508.44,
      "duracion": 1.08,
      "texto": "Perfecto, ahí me llegaron.",
      "confianza": 0.462
    },
    {
      "hablante": "Hablante B",
      "inicio": 508.62,
      "fin": 510.2,
      "duracion": 1.58,
      "texto": "A ver, aguárdame que las paso por el baleador.",
      "confianza": 0.681
    },
    {
      "hablante": "Hablante A",
      "inicio": 513.81,
      "fin": 516.85,
      "duracion": 3.04,
      "texto": "Bien, Tommy, necesitaría que me brindes, por favor, lo que es un mail de contacto.",
      "confianza": 0.617
    },
    {
      "hablante": "Hablante A",
      "inicio": 516.87,
      "fin": 533.03,
      "duracion": 16.16,
      "texto": "Sí, esto simplemente para, justamente, enviarte lo que es la información de la facturación y demás.",
      "confianza": 0.716
    },
    {
      "hablante": "Hablante A",
      "inicio": 533.05,
      "fin": 533.5,
      "duracion": 0.44,
      "texto": "No me ha llegado nada.",
      "confianza": 0.016
    },
    {
      "hablante": "Hablante A",
      "inicio": 533.52,
      "fin": 533.82,
      "duracion": 0.3,
      "texto": "¿Dala mandaste?",
      "confianza": 0.008
    },
    {
      "hablante": "Hablante A",
      "inicio": 533.84,
      "fin": 534.22,
      "duracion": 0.38,
      "texto": "Ahí te va a llegar.",
      "confianza": 0.024
    },
    {
      "hablante": "Hablante A",
      "inicio": 534.24,
      "fin": 534.5,
      "duracion": 0.26,
      "texto": "Ah, ok, bien.",
      "confianza": 0.068
    },
    {
      "hablante": "Hablante A",
      "inicio": 534.52,
      "fin": 534.62,
      "duracion": 0.1,
      "texto": "Dale.",
      "confianza": 0.201
    },
    {
      "hablante": "Hablante B",
      "inicio": 537.37,
      "fin": 537.97,
      "duracion": 0.6,
      "texto": "¿Cómo, perdón?",
      "confianza": 0.378
    },
    {
      "hablante": "Hablante A",
      "inicio": 540.67,
      "fin": 541.37,
      "duracion": 0.7,
      "texto": "¿Aquí la paso?",
      "confianza": 0.147
    },
    {
      "hablante": "Hablante A",
      "inicio": 541.39,
      "fin": 541.77,
      "duracion": 0.38,
      "texto": "Sí, sí, pásamela.",
      "confianza": 0.03
    },
    {
      "hablante": "Hablante A",
      "inicio": 541.79,
      "fin": 548.92,
      "duracion": 7.13,
      "texto": "Así yo la paso por el baleador, justamente, que lo tengo acá.",
      "confianza": 0.56
    },
    {
      "hablante": "Hablante A",
      "inicio": 548.94,
      "fin": 549.88,
      "duracion": 0.94,
      "texto": "Bien, perfecto.",
      "confianza": 0.676
    },
    {
      "hablante": "Hablante A",
      "inicio": 549.9,
      "fin": 550.64,
      "duracion": 0.74,
      "texto": "Ahí pasa la primera.",
      "confianza": 0.672
    },
    {
      "hablante": "Hablante B",
      "inicio": 554.48,
      "fin": 554.94,
      "duracion": 0.46,
      "texto": "Bien.",
      "confianza": 0.795
    },
    {
      "hablante": "Hablante B",
      "inicio": 554.96,
      "fin": 555.9,
      "duracion": 0.94,
      "texto": "Y la primera paso, perfecto.",
      "confianza": 0.829
    },
    {
      "hablante": "Hablante B",
      "inicio": 555.95,
      "fin": 561.43,
      "duracion": 5.49,
      "texto": "Se ve re clarita.",
      "confianza": 0.564
    },
    {
      "hablante": "Hablante B",
      "inicio": 561.45,
      "fin": 561.83,
      "duracion": 0.38,
      "texto": "Ahí está.",
      "confianza": 0.134
    },
    {
      "hablante": "Hablante B",
      "inicio": 561.85,
      "fin": 562.15,
      "duracion": 0.3,
      "texto": "Bien, ahí está.",
      "confianza": 0.034
    },
    {
      "hablante": "Hablante B",
      "inicio": 562.17,
      "fin": 563.37,
      "duracion": 1.2,
      "texto": "Sí, ahí pasaron ambas fotos.",
      "confianza": 0.398
    },
    {
      "hablante": "Hablante B",
      "inicio": 563.39,
      "fin": 563.79,
      "duracion": 0.4,
      "texto": "Genial.",
      "confianza": 0.87
    },
    {
      "hablante": "Hablante B",
      "inicio": 563.99,
      "fin": 567.78,
      "duracion": 3.78,
      "texto": "porque dice que se tiene que ver bien clarito para que se le haga la información, pero a mí me la apagó el validador.",
      "confianza": 0.672
    },
    {
      "hablante": "Hablante A",
      "inicio": 570.04,
      "fin": 570.98,
      "duracion": 0.94,
      "texto": "Tomi, te comento, ¿sí?",
      "confianza": 0.755
    },
    {
      "hablante": "Hablante A",
      "inicio": 571.34,
      "fin": 575.71,
      "duracion": 4.37,
      "texto": "Entonces, vamos a acordar lo que es, justamente, el empregado no te había dicho, ¿sí?",
      "confianza": 0.674
    },
    {
      "hablante": "Hablante A",
      "inicio": 575.73,
      "fin": 579.45,
      "duracion": 3.73,
      "texto": "Necesito que me brindes lo que es un mail de contacto, puede ser tu Gmail, tu Hotmail, lo que tengas.",
      "confianza": 0.571
    },
    {
      "hablante": "Hablante B",
      "inicio": 583.9,
      "fin": 588.68,
      "duracion": 4.79,
      "texto": "Tomi Pinto con dos T, arroba gmail.com Tomi Pinto con dos T, arroba gmail.com",
      "confianza": 0.471
    },
    {
      "hablante": "Hablante B",
      "inicio": 589.66,
      "fin": 590.44,
      "duracion": 0.78,
      "texto": "Bien, perfecto.",
      "confianza": 0.428
    },
    {
      "hablante": "Hablante B",
      "inicio": 590.9,
      "fin": 593.91,
      "duracion": 3.0,
      "texto": "Te comento, Tommy, vamos a cerrar ahora a continuación lo que es un cierre comercial.",
      "confianza": 0.613
    },
    {
      "hablante": "Hablante B",
      "inicio": 593.93,
      "fin": 599.59,
      "duracion": 5.67,
      "texto": "Sí, es el acuerdo que queda justamente entre el cliente y la compañía, sí, para que todo viene asentado en la llamada.",
      "confianza": 0.648
    },
    {
      "hablante": "Hablante B",
      "inicio": 600.15,
      "fin": 607.59,
      "duracion": 7.43,
      "texto": "Te pido que me escuches atentamente y si tenés alguna duda o consulta, sí, me lo preguntas al final, ¿bien?",
      "confianza": 0.78
    },
    {
      "hablante": "Hablante B",
      "inicio": 607.61,
      "fin": 608.11,
      "duracion": 0.5,
      "texto": "Perfecto.",
      "confianza": 0.87
    },
    {
      "hablante": "Hablante B",
      "inicio": 608.51,
      "fin": 613.61,
      "duracion": 5.11,
      "texto": "Para recibir futuras promociones, ¿tenés internet de movistar en tu hogar, Tommy?",
      "confianza": 0.571
    },
    {
      "hablante": "Hablante B",
      "inicio": 613.63,
      "fin": 613.69,
      "duracion": 0.06,
      "texto": "No.",
      "confianza": 0.336
    },
    {
      "hablante": "Hablante B",
      "inicio": 614.18,
      "fin": 617.37,
      "duracion": 3.19,
      "texto": "Bien, estamos portando lo que es la línea 11-28-85-29-64.",
      "confianza": 0.72
    },
    {
      "hablante": "Hablante B",
      "inicio": 617.38,
      "fin": 622.83,
      "duracion": 5.45,
      "texto": "A nombre ya pedido el titular actual, Tomás Francisco Pinto.",
      "confianza": 0.672
    },
    {
      "hablante": "Hablante B",
      "inicio": 622.85,
      "fin": 627.42,
      "duracion": 4.57,
      "texto": "¿Me confirma los últimos tres dígitos de su DNI, Tomás?",
      "confianza": 0.705
    },
    {
      "hablante": "Hablante B",
      "inicio": 627.44,
      "fin": 627.58,
      "duracion": 0.14,
      "texto": "No, 49.",
      "confianza": 0.027
    },
    {
      "hablante": "Hablante B",
      "inicio": 627.6,
      "fin": 629.64,
      "duracion": 2.04,
      "texto": "Perfecto, me comentó tu cuenta con factura mensual.",
      "confianza": 0.66
    },
    {
      "hablante": "Hablante B",
      "inicio": 629.7,
      "fin": 632.21,
      "duracion": 2.5,
      "texto": "¿Me dice que la factura está a su nombre o está en nombre de otra persona?",
      "confianza": 0.543
    },
    {
      "hablante": "Hablante A",
      "inicio": 634.33,
      "fin": 634.81,
      "duracion": 0.48,
      "texto": "A su nombre.",
      "confianza": 0.634
    },
    {
      "hablante": "Hablante B",
      "inicio": 636.41,
      "fin": 636.65,
      "duracion": 0.24,
      "texto": "A su nombre.",
      "confianza": 0.038
    },
    {
      "hablante": "Hablante B",
      "inicio": 636.67,
      "fin": 641.32,
      "duracion": 4.65,
      "texto": "Bien, ¿tu chip es un chip físico o es una eSIM?",
      "confianza": 0.524
    },
    {
      "hablante": "Hablante B",
      "inicio": 641.34,
      "fin": 641.58,
      "duracion": 0.24,
      "texto": "Físico.",
      "confianza": 0.222
    },
    {
      "hablante": "Hablante B",
      "inicio": 641.6,
      "fin": 642.36,
      "duracion": 0.76,
      "texto": "Físico, perfecto.",
      "confianza": 0.722
    },
    {
      "hablante": "Hablante B",
      "inicio": 642.58,
      "fin": 645.71,
      "duracion": 3.12,
      "texto": "Vas a estar reteniendo lo de su chip, sí, en el punto de adquisición.",
      "confianza": 0.593
    },
    {
      "hablante": "Hablante B",
      "inicio": 646.37,
      "fin": 655.26,
      "duracion": 8.89,
      "texto": "Sí, el punto 6 sería en la calle de José Porqueras, al 298, código postal 18-0-SPAY, de Tristán Suárez, provincia de Buenos Aires, ¿sí?",
      "confianza": 0.649
    },
    {
      "hablante": "Hablante B",
      "inicio": 655.76,
      "fin": 656.88,
      "duracion": 1.12,
      "texto": "Entre lo que son las calles.",
      "confianza": 0.89
    },
    {
      "hablante": "Hablante B",
      "inicio": 657.3,
      "fin": 661.97,
      "duracion": 4.67,
      "texto": "Necochean y, no, perdón, entre las calles Avenida Dorrego y Lavalle.",
      "confianza": 0.758
    },
    {
      "hablante": "Hablante B",
      "inicio": 662.33,
      "fin": 663.71,
      "duracion": 1.38,
      "texto": "¿Bien?",
      "confianza": 0.831
    },
    {
      "hablante": "Hablante B",
      "inicio": 663.73,
      "fin": 667.36,
      "duracion": 3.62,
      "texto": "Te comentó Tommy que el costo del servicio al día de hoy es de 8000 pesos,",
      "confianza": 0.653
    },
    {
      "hablante": "Hablante B",
      "inicio": 667.59,
      "fin": 669.69,
      "duracion": 2.1,
      "texto": "Sí, con un descuento pico por seis meses de $4,050.",
      "confianza": 0.681
    },
    {
      "hablante": "Hablante B",
      "inicio": 669.71,
      "fin": 683.15,
      "duracion": 13.44,
      "texto": "Sí, en cuenta con lo que son ocho gigas de barce, más diez gigas de regalo por seis meses, WhatsApp gratis, llamadas libres a cualquier compañera, un gigabyte para Free Fire, llamadas América Precio Local y roaming en lo que es América.",
      "confianza": 0.661
    },
    {
      "hablante": "Hablante B",
      "inicio": 683.53,
      "fin": 689.66,
      "duracion": 6.13,
      "texto": "Te comento que el servicio se factura a mesa adelantado y los gigas de regalo se van a habilitar cuarenta ocho horas después activada tu línea.",
      "confianza": 0.628
    },
    {
      "hablante": "Hablante B",
      "inicio": 690.22,
      "fin": 693.01,
      "duracion": 2.78,
      "texto": "Su email de contacto es Tommy Pinto.",
      "confianza": 0.611
    },
    {
      "hablante": "Hablante B",
      "inicio": 693.1,
      "fin": 699.79,
      "duracion": 6.69,
      "texto": "arroba gmail.com y vas a estar recibiendo todo lo que tiene que ver la información con tu facturación a través de este mail, ¿sí?",
      "confianza": 0.608
    },
    {
      "hablante": "Hablante B",
      "inicio": 700.33,
      "fin": 709.16,
      "duracion": 8.83,
      "texto": "Te comento que desde el admin movistar, Tommy, vas a ingresar a lo que es la sección de servicios, vas a poder ver toda la información referida a tu factura, ciclos de facturación, vencimiento y montos a pagar, ¿bien?",
      "confianza": 0.633
    },
    {
      "hablante": "Hablante B",
      "inicio": 709.18,
      "fin": 709.92,
      "duracion": 0.74,
      "texto": "¿Me seguís hasta allí?",
      "confianza": 0.54
    },
    {
      "hablante": "Hablante A",
      "inicio": 711.94,
      "fin": 712.0,
      "duracion": 0.06,
      "texto": "Sí.",
      "confianza": 0.061
    },
    {
      "hablante": "Hablante A",
      "inicio": 712.02,
      "fin": 712.66,
      "duracion": 0.64,
      "texto": "Perfecto.",
      "confianza": 0.902
    },
    {
      "hablante": "Hablante A",
      "inicio": 712.68,
      "fin": 720.47,
      "duracion": 7.79,
      "texto": "Puedes activar el beneficio, me olvidé de comentarte, de los 20 días de regalo que tienen una logración de 30 días que está disponible una vez al año.",
      "confianza": 0.692
    },
    {
      "hablante": "Hablante A",
      "inicio": 720.53,
      "fin": 722.98,
      "duracion": 2.44,
      "texto": "Lo puedes activar cuando vos quieras ese beneficio, ¿sí?",
      "confianza": 0.748
    },
    {
      "hablante": "Hablante A",
      "inicio": 723.31,
      "fin": 728.8,
      "duracion": 5.49,
      "texto": "También puedes adherirte a lo que es el dedito automático y sumar cuatro digas más en cada línea que tengas bajo la misma titularidad.",
      "confianza": 0.647
    },
    {
      "hablante": "Hablante A",
      "inicio": 729.9,
      "fin": 730.0,
      "duracion": 0.1,
      "texto": "Bien.",
      "confianza": 0.036
    },
    {
      "hablante": "Hablante A",
      "inicio": 730.02,
      "fin": 733.34,
      "duracion": 3.32,
      "texto": "Una vez aprobada la portabilidad, tu línea va a aportar a las 48 horas hábiles.",
      "confianza": 0.665
    },
    {
      "hablante": "Hablante A",
      "inicio": 733.36,
      "fin": 738.85,
      "duracion": 5.49,
      "texto": "Te comento que un día antes por mensaje de WhatsApp te vamos a estar informando lo que es la fecha de portabilidad para que te quedes tranquilo.",
      "confianza": 0.647
    },
    {
      "hablante": "Hablante A",
      "inicio": 739.41,
      "fin": 742.03,
      "duracion": 2.62,
      "texto": "Es importante que luego colocas el chip antes de la fecha de informada.",
      "confianza": 0.556
    },
    {
      "hablante": "Hablante A",
      "inicio": 742.13,
      "fin": 746.58,
      "duracion": 4.45,
      "texto": "De todas maneras te vas a dar cuenta porque tu línea en claro va a dejar de recibir señal.",
      "confianza": 0.664
    },
    {
      "hablante": "Hablante A",
      "inicio": 746.6,
      "fin": 746.74,
      "duracion": 0.14,
      "texto": "Sí.",
      "confianza": 0.945
    },
    {
      "hablante": "Hablante A",
      "inicio": 747.78,
      "fin": 749.92,
      "duracion": 2.14,
      "texto": "Justamente ahí es cuando tienes que colocarlo.",
      "confianza": 0.387
    },
    {
      "hablante": "Hablante A",
      "inicio": 749.94,
      "fin": 752.0,
      "duracion": 2.06,
      "texto": "Te comento que... ¿Cómo?",
      "confianza": 0.435
    },
    {
      "hablante": "Hablante A",
      "inicio": 753.38,
      "fin": 756.17,
      "duracion": 2.78,
      "texto": "Cuando yo tenga el chip, voy a dejar el chip.",
      "confianza": 0.108
    },
    {
      "hablante": "Hablante A",
      "inicio": 756.19,
      "fin": 756.67,
      "duracion": 0.48,
      "texto": "Exactamente.",
      "confianza": 0.771
    },
    {
      "hablante": "Hablante A",
      "inicio": 756.99,
      "fin": 758.65,
      "duracion": 1.66,
      "texto": "Mientras tanto, no te vas a quedar incomunicado.",
      "confianza": 0.577
    },
    {
      "hablante": "Hablante A",
      "inicio": 758.67,
      "fin": 759.25,
      "duracion": 0.58,
      "texto": "Quédate tranquilo.",
      "confianza": 0.442
    },
    {
      "hablante": "Hablante A",
      "inicio": 759.83,
      "fin": 764.74,
      "duracion": 4.91,
      "texto": "Te comento que por única vez vas a tener que validar identidad al activarlo, sí, con tu, justamente, reconocimiento espacial.",
      "confianza": 0.655
    },
    {
      "hablante": "Hablante A",
      "inicio": 765.14,
      "fin": 771.47,
      "duracion": 6.33,
      "texto": "En caso de que tengas alguna dificultad con la anualización, lo puedes intentar nuevamente o comunicarte al 0800-321-7678-2, opción 4, ¿bien?",
      "confianza": 0.683
    },
    {
      "hablante": "Hablante A",
      "inicio": 771.73,
      "fin": 781.9,
      "duracion": 10.18,
      "texto": "Entonces necesitamos que, en caso de no levantar señal del chip, reinicies el equipo y, por otro lado, dentro de los próximos días vas a estar recibiendo lo que es una encuesta de satisfacción por WhatsApp.",
      "confianza": 0.629
    },
    {
      "hablante": "Hablante A",
      "inicio": 782.22,
      "fin": 785.47,
      "duracion": 3.25,
      "texto": "para que la completes, o sea, que tu opinión es muy importante para la compañera, ¿sí, Tommy?",
      "confianza": 0.543
    },
    {
      "hablante": "Hablante A",
      "inicio": 786.75,
      "fin": 787.81,
      "duracion": 1.06,
      "texto": "Bueno, perfecto.",
      "confianza": 0.47
    },
    {
      "hablante": "Hablante A",
      "inicio": 787.85,
      "fin": 790.37,
      "duracion": 2.52,
      "texto": "Si siempre lo crees en cierre comercial, ¿te queda alguna duda o consulta?",
      "confianza": 0.558
    },
    {
      "hablante": "Hablante B",
      "inicio": 792.29,
      "fin": 792.36,
      "duracion": 0.06,
      "texto": "No.",
      "confianza": 0.034
    },
    {
      "hablante": "Hablante B",
      "inicio": 792.38,
      "fin": 792.72,
      "duracion": 0.34,
      "texto": "Perfecto.",
      "confianza": 0.821
    },
    {
      "hablante": "Hablante B",
      "inicio": 792.76,
      "fin": 802.73,
      "duracion": 9.97,
      "texto": "Por último, voy a estar rendiéndote lo que es un mensaje de portabilidad, que te va a llegar lo que es un código de cuatro dígitos, que justamente nos habilita desde Movistar, para que hagamos lo que es el cambio de una compañía a la otra, ¿bien?",
      "confianza": 0.748
    },
    {
      "hablante": "Hablante B",
      "inicio": 803.39,
      "fin": 810.76,
      "duracion": 7.37,
      "texto": "En ese caso, yo te lo voy a estar rendiendo a través de los mensajes comunes, estás en altavoz.",
      "confianza": 0.617
    },
    {
      "hablante": "Hablante B",
      "inicio": 810.78,
      "fin": 811.72,
      "duracion": 0.94,
      "texto": "Sí, y una vez cuando se termine la fiesta de...",
      "confianza": 0.027
    },
    {
      "hablante": "Hablante B",
      "inicio": 812.24,
      "fin": 815.75,
      "duracion": 3.51,
      "texto": "El descuento este por seis meses.",
      "confianza": 0.082
    },
    {
      "hablante": "Hablante B",
      "inicio": 815.77,
      "fin": 816.11,
      "duracion": 0.34,
      "texto": "¿Cuánto me queda?",
      "confianza": 0.026
    },
    {
      "hablante": "Hablante B",
      "inicio": 816.13,
      "fin": 820.8,
      "duracion": 4.67,
      "texto": "No, en realidad lo que es el precio no lo tenemos como tal, pero tenés lo que es un descuento fijo de 40, 4050.",
      "confianza": 0.714
    },
    {
      "hablante": "Hablante B",
      "inicio": 820.82,
      "fin": 821.76,
      "duracion": 0.94,
      "texto": "¿Bien?",
      "confianza": 0.663
    },
    {
      "hablante": "Hablante A",
      "inicio": 824.95,
      "fin": 829.4,
      "duracion": 4.45,
      "texto": "No tengas problemas igual porque después toda la promoción vos la podés igual bonificar nuevamente.",
      "confianza": 0.66
    },
    {
      "hablante": "Hablante A",
      "inicio": 829.48,
      "fin": 833.3,
      "duracion": 3.83,
      "texto": "No hay ningún inconveniente con eso.",
      "confianza": 0.749
    },
    {
      "hablante": "Hablante A",
      "inicio": 834.77,
      "fin": 835.49,
      "duracion": 0.72,
      "texto": "Exactamente.",
      "confianza": 0.909
    },
    {
      "hablante": "Hablante A",
      "inicio": 835.79,
      "fin": 840.22,
      "duracion": 4.43,
      "texto": "Sí, te comunicas con, o yo te dirigo lo que es el área de ventas y te, justamente, te van a enviar otro plan.",
      "confianza": 0.603
    },
    {
      "hablante": "Hablante A",
      "inicio": 840.64,
      "fin": 844.75,
      "duracion": 4.11,
      "texto": "O, a través de la aplicación de mi movistar, puedes acceder a otro plan también.",
      "confianza": 0.611
    },
    {
      "hablante": "Hablante A",
      "inicio": 844.76,
      "fin": 844.91,
      "duracion": 0.14,
      "texto": "Ah, sí.",
      "confianza": 0.133
    },
    {
      "hablante": "Hablante A",
      "inicio": 844.93,
      "fin": 845.13,
      "duracion": 0.2,
      "texto": "Bien.",
      "confianza": 0.688
    },
    {
      "hablante": "Hablante A",
      "inicio": 845.89,
      "fin": 846.39,
      "duracion": 0.5,
      "texto": "Bueno, perfecto.",
      "confianza": 0.39
    },
    {
      "hablante": "Hablante A",
      "inicio": 846.45,
      "fin": 848.81,
      "duracion": 2.36,
      "texto": "Ahora te voy a experimentar lo que es el código de portabilidad.",
      "confianza": 0.596
    },
    {
      "hablante": "Hablante A",
      "inicio": 848.85,
      "fin": 851.05,
      "duracion": 2.2,
      "texto": "Sí, te pido por favor que me pongas en altavoz.",
      "confianza": 0.645
    },
    {
      "hablante": "Hablante B",
      "inicio": 853.66,
      "fin": 853.8,
      "duracion": 0.14,
      "texto": "Vale.",
      "confianza": 0.233
    },
    {
      "hablante": "Hablante B",
      "inicio": 853.82,
      "fin": 857.61,
      "duracion": 3.79,
      "texto": "Ahora te lo voy a estar enviando a través de los mensajes comunes, que serían los SMS,",
      "confianza": 0.694
    },
    {
      "hablante": "Hablante A",
      "inicio": 859.22,
      "fin": 865.55,
      "duracion": 6.33,
      "texto": "te va a llegar un mensajito del remitente Manus223, que es el remitente oficial de Movistar, sí, habilitado por lo que es el Enacom.",
      "confianza": 0.64
    },
    {
      "hablante": "Hablante A",
      "inicio": 866.11,
      "fin": 882.1,
      "duracion": 15.99,
      "texto": "Te va a estar llegando, vos me tendrás que decir la llamada, Tommy, a lo que es el código, y al juntarme lo que es una captura de pantalla del mensaje a través de WhatsApp, así yo lo pongo como evidencia al que te lo mandé a vos, no se lo mandé a otra persona, ¿bien?",
      "confianza": 0.622
    },
    {
      "hablante": "Hablante A",
      "inicio": 882.12,
      "fin": 882.32,
      "duracion": 0.2,
      "texto": "Entendida.",
      "confianza": 0.0
    },
    {
      "hablante": "Hablante A",
      "inicio": 882.34,
      "fin": 882.48,
      "duracion": 0.14,
      "texto": "Perdón.",
      "confianza": 0.001
    },
    {
      "hablante": "Hablante A",
      "inicio": 882.5,
      "fin": 883.64,
      "duracion": 1.14,
      "texto": "Digo, que te va a ingresar.",
      "confianza": 0.605
    },
    {
      "hablante": "Hablante A",
      "inicio": 883.66,
      "fin": 886.73,
      "duracion": 3.06,
      "texto": "Un mensajito del remitente Manus223 de Movistar, ¿me seguís?",
      "confianza": 0.694
    },
    {
      "hablante": "Hablante A",
      "inicio": 887.47,
      "fin": 888.37,
      "duracion": 0.9,
      "texto": "¿Te llegó el mensaje?",
      "confianza": 0.638
    },
    {
      "hablante": "Hablante B",
      "inicio": 890.07,
      "fin": 895.46,
      "duracion": 5.39,
      "texto": "Ahí te vas a estar pidiendo un breve.",
      "confianza": 0.527
    },
    {
      "hablante": "Hablante B",
      "inicio": 895.48,
      "fin": 895.66,
      "duracion": 0.18,
      "texto": "Ahora sí.",
      "confianza": 0.03
    },
    {
      "hablante": "Hablante B",
      "inicio": 895.68,
      "fin": 896.68,
      "duracion": 1.0,
      "texto": "Perfecto.",
      "confianza": 0.777
    },
    {
      "hablante": "Hablante B",
      "inicio": 896.7,
      "fin": 905.88,
      "duracion": 9.18,
      "texto": "¿Tienes que mensajito de decirme lo que es el código de cuatro dígitos a la llamada?",
      "confianza": 0.639
    },
    {
      "hablante": "Hablante B",
      "inicio": 905.9,
      "fin": 906.16,
      "duracion": 0.26,
      "texto": "¿Cómo?",
      "confianza": 0.347
    },
    {
      "hablante": "Hablante B",
      "inicio": 906.18,
      "fin": 906.46,
      "duracion": 0.28,
      "texto": "41-54.",
      "confianza": 0.64
    },
    {
      "hablante": "Hablante B",
      "inicio": 906.48,
      "fin": 906.9,
      "duracion": 0.42,
      "texto": "¿41-34?",
      "confianza": 0.767
    },
    {
      "hablante": "Hablante B",
      "inicio": 906.92,
      "fin": 909.09,
      "duracion": 2.16,
      "texto": "5-4.",
      "confianza": 0.786
    },
    {
      "hablante": "Hablante B",
      "inicio": 909.11,
      "fin": 909.85,
      "duracion": 0.74,
      "texto": "5-4, bien.",
      "confianza": 0.758
    },
    {
      "hablante": "Hablante B",
      "inicio": 910.44,
      "fin": 919.4,
      "duracion": 8.97,
      "texto": "Ahora, se voy a solicitar, por favor, que me envíes una captura de pantalla del mensaje de portabilidad que figure el remitente y el mensaje completo.",
      "confianza": 0.736
    },
    {
      "hablante": "Hablante B",
      "inicio": 919.42,
      "fin": 926.01,
      "duracion": 6.59,
      "texto": "Eso, como te decía recién, es para que todos lo puedan juntar como evidencia de que realmente te lo mandamos a vos y no se lo mande otra persona, ¿bien?",
      "confianza": 0.699
    },
    {
      "hablante": "Hablante A",
      "inicio": 928.53,
      "fin": 936.88,
      "duracion": 8.35,
      "texto": "Avísame cuando me lo hayas mandado y eso sería también lo último.",
      "confianza": 0.562
    },
    {
      "hablante": "Hablante A",
      "inicio": 936.9,
      "fin": 936.98,
      "duracion": 0.08,
      "texto": "Ahí.",
      "confianza": 0.116
    },
    {
      "hablante": "Hablante A",
      "inicio": 937.0,
      "fin": 937.2,
      "duracion": 0.2,
      "texto": "A ver.",
      "confianza": 0.524
    },
    {
      "hablante": "Hablante A",
      "inicio": 938.22,
      "fin": 938.68,
      "duracion": 0.46,
      "texto": "Sí, perfecto.",
      "confianza": 0.676
    },
    {
      "hablante": "Hablante A",
      "inicio": 939.34,
      "fin": 940.02,
      "duracion": 0.68,
      "texto": "Llegó genial.",
      "confianza": 0.633
    },
    {
      "hablante": "Hablante A",
      "inicio": 940.73,
      "fin": 946.63,
      "duracion": 5.91,
      "texto": "Bien, Tommy, te comento que estaría todo hecho, las o todo cargado en el sistema, si es decir que ya la gestión está encaminada, ¿bien?",
      "confianza": 0.559
    },
    {
      "hablante": "Hablante A",
      "inicio": 947.01,
      "fin": 957.26,
      "duracion": 10.25,
      "texto": "Te comento que es muy probable que te ingresen a estas horitas de la mañana lo que son justamente llamadas de otras compañías, incluyendo, claro, Movistar, Personal, Twenty y demás.",
      "confianza": 0.732
    },
    {
      "hablante": "Hablante A",
      "inicio": 957.88,
      "fin": 969.54,
      "duracion": 11.65,
      "texto": "Sí, yo le pido por favor que no respondas ninguna otra llamada porque si vos aceptas alguna otra oferta, así o alguna otra cuestión, se puede realizar lo que sea una doble saturación o en el peor de los casos que te quedes sin línea, ¿bien?",
      "confianza": 0.758
    },
    {
      "hablante": "Hablante A",
      "inicio": 969.85,
      "fin": 976.52,
      "duracion": 6.67,
      "texto": "Así que no respondas ninguna tramada que sea tipo contacto desconocido, interaccionan como es para un número oculto.",
      "confianza": 0.676
    },
    {
      "hablante": "Hablante A",
      "inicio": 976.9,
      "fin": 979.45,
      "duracion": 2.54,
      "texto": "Si tienes alguna duda, me preguntas por el chat de WhatsApp, ¿bien?",
      "confianza": 0.599
    },
    {
      "hablante": "Hablante A",
      "inicio": 979.47,
      "fin": 980.63,
      "duracion": 1.16,
      "texto": "Por el cual estuvimos hablando.",
      "confianza": 0.747
    },
    {
      "hablante": "Hablante B",
      "inicio": 983.97,
      "fin": 984.35,
      "duracion": 0.38,
      "texto": "Por ese mismo, ¿sí?",
      "confianza": 0.013
    },
    {
      "hablante": "Hablante B",
      "inicio": 984.37,
      "fin": 984.79,
      "duracion": 0.42,
      "texto": "Perfecto.",
      "confianza": 0.75
    },
    {
      "hablante": "Hablante B",
      "inicio": 985.49,
      "fin": 991.4,
      "duracion": 5.91,
      "texto": "Y en caso de que yo te tenga que tramar por alguna dificultad que haya habido con la gestión y demás, yo te voy a decir, hola, Tommy, ¿cómo estás?",
      "confianza": 0.626
    },
    {
      "hablante": "Hablante B",
      "inicio": 991.44,
      "fin": 997.45,
      "duracion": 6.01,
      "texto": "Te puedo llamar y cuando tenga el sí, yo te llamo, así que sabes que esa tramada va a ser mía, ¿bien?",
      "confianza": 0.7
    },
    {
      "hablante": "Hablante B",
      "inicio": 997.88,
      "fin": 998.75,
      "duracion": 0.86,
      "texto": "Perfecto, Tommy.",
      "confianza": 0.17
    },
    {
      "hablante": "Hablante B",
      "inicio": 998.76,
      "fin": 1005.54,
      "duracion": 6.77,
      "texto": "Así que, bueno, no respondas a ninguna de las más y no brindes ningún trato porque igual no te voy a solicitar más de lo que es el DNI y nada de eso, te quedo todo cargado, ¿sí?",
      "confianza": 0.54
    },
    {
      "hablante": "Hablante A",
      "inicio": 1007.56,
      "fin": 1008.13,
      "duracion": 0.56,
      "texto": "Perfecto.",
      "confianza": 0.69
    },
    {
      "hablante": "Hablante A",
      "inicio": 1008.27,
      "fin": 1011.63,
      "duracion": 3.37,
      "texto": "Tommy, muchísimas gracias, que estés muy bien y bienvenida a la compañía.",
      "confianza": 0.61
    },
    {
      "hablante": "Hablante A",
      "inicio": 1012.36,
      "fin": 1013.1,
      "duracion": 0.74,
      "texto": "Estamos en contacto.",
      "confianza": 0.726
    },
    {
      "hablante": "Hablante B",
      "inicio": 1015.1,
      "fin": 1015.34,
      "duracion": 0.24,
      "texto": "Hasta luego.",
      "confianza": 0.0
    },
    {
      "hablante": "Hablante B",
      "inicio": 1015.36,
      "fin": 1015.94,
      "duracion": 0.58,
      "texto": "Hasta luego.",
      "confianza": 0.604
    }
  ],
  "transcripcion_completa": "Hola, hablo con Tomás. Hola, Tomás, soy Evangeline. Sí, ¿cómo estás? Soy Evangeline de Movistar, estuvimos hablando ayer, ¿cómo te va? ¿Todo bien? No. ¿Cómo van? Sí, ¿me escuchas? ¿Me escuchas bien? Bien, Tommy, justamente ayer me habías dicho que te interesaba lo que era el plan de 16 días y comento que por el día de hoy todavía no tenemos la promoción vigente para que la aproveches, ¿bien? Me habías comentado que te interesaba justamente hacer lo que es el traspaso de portabilidad, ¿puedes ver? Claro, pero ¿cuántos minutos en eso? Bien, te comento, Tommy, nosotros tenemos lo que son las bonificaciones semestrales, ¿sí? Por un tema de que justamente así no hay tantos aumentos, ¿sí? Los procesos se mantienen mucho más estables. vos igual, de todas maneras, al hacer la gestión conmigo, te comento que te vas a poder comunicar, agendar mi número, y al quinto mes, cuando se te avise que la bonificación está por vencer, yo te puedo dar una bonificación, obviamente, o te puedo derivar, a mediante una bonificación que esté adaptada para ese momento del año, ¿sí? ¿Me satis? Perfecto, sí. Te cuento cómo, en qué consiste el plan para que, justamente, estés al tanto. Es lo que es un plan de 8 gigas de base, más, justamente, ocho gigas de regalo por seis meses, y yo te voy a brindar, además, para que hagas el cambio de portabilidad hoy, dos gigas más adicionales, ¿sí? En total vas a tener diez gigas de regalo por seis meses, es decir, que vas a tener lo que es un plan de 18 gigas, ¿bien? Y este plan te incluye lo que es WhatsApp Latis, llamadas libres, roaming en América y llamadas América a precio local, ¿bien? Todo por ocho mil pesos por mes. Perfecto. Tommy, mira, vos ustedes en Buenos Aires, ¿no? Sí. Bien, ¿de qué localidad sos para, justamente, derivarte al equipo a lo que es una sucursal? ¿Y no tienes para enviármelo? Te comento. Sí, tenemos lo que es el envío a domicilio, pero suele demorar entre 7 a 10 días hábiles, es bastante la demora, y además, justamente, el trámite de portabilidad se gestiona de una manera más lenta, porque tiene que, justamente, derivar a lo que es la sucursal de Andrea, ni luego llevártelo y demás, ¿sí? Por eso nosotros, justamente, le sugerimos a los clientes que vayan a lo que es la sucursal y además ahí te van a colocar los chicos, lo que es el chip en tu teléfono. ¿Bien? Porque yo no laburo de tarde, yo no puedo. Bien, laburas de tarde. ¿A partir del horario podés? ¿Holá? No, por hoy. Por hoy. No, pero no tengas problemas porque no lo vas a tener que ir a buscar hoy. Lo vas a tener que ir a buscar dentro del viernes o el día de lunes. Esto te voy a estar avisando cuando vas a poder ir a buscarlo a la sucursal, ¿sí? Para que no tengas ningún inconveniente. Justamente de las autoridades personalizadas y que yo te aviso. ¿Sí? Perdón, se traba un poquito. Porque me lo piden, no pasa nada. Bueno, no hay ningún problema. A ver, decime entonces, vamos a tener que cargar lo que son los datos de tu domicilio, ¿bien? Perfecto. Decirle, por favor, Tommy, si podés el llamar a tu DNI para que busque justamente el sistema que tengo los datos de antes. Cuarenta y cuatro, trescientos. Sí. Cómo, perdón, trescientos. Nueve cuarenta y nueve. Nueve cuatro nueve. Perfecto. Me dirías lo que es la dirección de tu domicilio si yo la busco. La cautiva. La cautiva 360 de Tristán Suárez, gobernador Costa. Si no sabes qué te comento, que tenés como alternativa para que lo puedas activar el mismo viernes o el día lunes, que es más fácil. te lo puedo derivar en lo que es un punto sex, que es un quiosco que se encuentra justamente cercano a tu domicilio para que vos justamente lo busques y lo actives con tu identidad facial. Bien. En ese caso, lo puedes hacer así, o tenés que negar su cruzada y tampoco tenés que esperar a que te lo envíen a tu domicilio, porque por ahí suele ser que se demoran bastante. No sé si quisieras, mirá, te comento. Por ejemplo, me figura, mirá, te voy a comentar para que seas al tanto. Me figura, por ejemplo, en tu dirección, que tenés un quiosco cercano, en lo que es, por ejemplo, la calle de la Valle. ¿Te ubicas? ¿La Valle y José Porqueras? Sí. ¿Te queda lejos o te queda cerca? Te queda cerca. Si yo tengo otra, por ejemplo, en lo que es la calle... Sería Gardini y Antonio Fariña también en la esquina. ¿Cuál te queda más cerquita? La Valle y Cortina. Bueno, perfecto. Mira, yo te lo voy a derivar entonces en ese caso ahí, ¿sí? Vos lo que vas a tener que ir a hacer es, cuando no te avise, ir a buscar lo que es el chip, retiras el chip que se deriva a ese comercio que está justamente autorizado para tener un chip de movista, y lo vas a activar con tu número de línea y tu reconocimiento facial, ¿sí, bien? OK. Perfecto. Entonces, el alcalde es José Porquedas al... No, perdón. Sí, José Porquedas al 298, ¿sí, bien? Ahí te voy a mandar igual lo que es la ubicación por el Google Maps, para que te quede a vos asentado en el sistema y que lo tengas ahí. Bien, voy a necesitar, Tommy, además que me envíes lo que es una foto del frente y el torso del DNI, esto para validar lo que es la identidad del cliente, justamente porque me sirviera que sea titular, vos me la podrás mandar por el medio de WhatsApp, por donde nos estuvimos hablando. Vale. Vale, ahí te aguardo, mientras que hago lo que es la carga de datos, vos andá mandándome la foto, avísame cuando me la hayas mandado, ¿bien? Tienen que ver los bordecitos. Se tienen que ver los cuatro bordes del DNI bien claros. Perfecto. Ahí te voy a estar enviando lo que es el link de justamente el negocio para que vos vayas a buscar el chip ahí. Es un negocio que se llama Kiosko Clemente. No sé si lo conoces. Por ahí lo ubicamos. Bueno, en ese kiosco vas a retirar el chip, ahí te lo van a derivar justamente. ¿Sí? Vale. Thank you. Y si te aguardo, te aguardo acá en la llamada, no me lo haces acortar. Ahí te mandé el link del kiosco para que tengas la ubicación ahí guardada en el chat. No hay quilos, no hay quilos, es cierto que se reparten entre lo que es solamente lo que es Avisame cuando te mandes la fotito, así yo la paso por el validador. Bien, me figura que la línea está a nombre, ¿me escuchas? Ah, no me escucho. ¿Josair, Tommy? Hola. Hola, Tommy, ¿me escuchas? Hola, hola. Ahí está. Ah, me cago. Bien. Perfecto, ahí me llegaron. A ver, aguárdame que las paso por el baleador. Bien, Tommy, necesitaría que me brindes, por favor, lo que es un mail de contacto. Sí, esto simplemente para, justamente, enviarte lo que es la información de la facturación y demás. No me ha llegado nada. ¿Dala mandaste? Ahí te va a llegar. Ah, ok, bien. Dale. ¿Cómo, perdón? ¿Aquí la paso? Sí, sí, pásamela. Así yo la paso por el baleador, justamente, que lo tengo acá. Bien, perfecto. Ahí pasa la primera. Bien. Y la primera paso, perfecto. Se ve re clarita. Ahí está. Bien, ahí está. Sí, ahí pasaron ambas fotos. Genial. porque dice que se tiene que ver bien clarito para que se le haga la información, pero a mí me la apagó el validador. Tomi, te comento, ¿sí? Entonces, vamos a acordar lo que es, justamente, el empregado no te había dicho, ¿sí? Necesito que me brindes lo que es un mail de contacto, puede ser tu Gmail, tu Hotmail, lo que tengas. Tomi Pinto con dos T, arroba gmail.com Tomi Pinto con dos T, arroba gmail.com Bien, perfecto. Te comento, Tommy, vamos a cerrar ahora a continuación lo que es un cierre comercial. Sí, es el acuerdo que queda justamente entre el cliente y la compañía, sí, para que todo viene asentado en la llamada. Te pido que me escuches atentamente y si tenés alguna duda o consulta, sí, me lo preguntas al final, ¿bien? Perfecto. Para recibir futuras promociones, ¿tenés internet de movistar en tu hogar, Tommy? No. Bien, estamos portando lo que es la línea 11-28-85-29-64. A nombre ya pedido el titular actual, Tomás Francisco Pinto. ¿Me confirma los últimos tres dígitos de su DNI, Tomás? No, 49. Perfecto, me comentó tu cuenta con factura mensual. ¿Me dice que la factura está a su nombre o está en nombre de otra persona? A su nombre. A su nombre. Bien, ¿tu chip es un chip físico o es una eSIM? Físico. Físico, perfecto. Vas a estar reteniendo lo de su chip, sí, en el punto de adquisición. Sí, el punto 6 sería en la calle de José Porqueras, al 298, código postal 18-0-SPAY, de Tristán Suárez, provincia de Buenos Aires, ¿sí? Entre lo que son las calles. Necochean y, no, perdón, entre las calles Avenida Dorrego y Lavalle. ¿Bien? Te comentó Tommy que el costo del servicio al día de hoy es de 8000 pesos, Sí, con un descuento pico por seis meses de $4,050. Sí, en cuenta con lo que son ocho gigas de barce, más diez gigas de regalo por seis meses, WhatsApp gratis, llamadas libres a cualquier compañera, un gigabyte para Free Fire, llamadas América Precio Local y roaming en lo que es América. Te comento que el servicio se factura a mesa adelantado y los gigas de regalo se van a habilitar cuarenta ocho horas después activada tu línea. Su email de contacto es Tommy Pinto. arroba gmail.com y vas a estar recibiendo todo lo que tiene que ver la información con tu facturación a través de este mail, ¿sí? Te comento que desde el admin movistar, Tommy, vas a ingresar a lo que es la sección de servicios, vas a poder ver toda la información referida a tu factura, ciclos de facturación, vencimiento y montos a pagar, ¿bien? ¿Me seguís hasta allí? Sí. Perfecto. Puedes activar el beneficio, me olvidé de comentarte, de los 20 días de regalo que tienen una logración de 30 días que está disponible una vez al año. Lo puedes activar cuando vos quieras ese beneficio, ¿sí? También puedes adherirte a lo que es el dedito automático y sumar cuatro digas más en cada línea que tengas bajo la misma titularidad. Bien. Una vez aprobada la portabilidad, tu línea va a aportar a las 48 horas hábiles. Te comento que un día antes por mensaje de WhatsApp te vamos a estar informando lo que es la fecha de portabilidad para que te quedes tranquilo. Es importante que luego colocas el chip antes de la fecha de informada. De todas maneras te vas a dar cuenta porque tu línea en claro va a dejar de recibir señal. Sí. Justamente ahí es cuando tienes que colocarlo. Te comento que... ¿Cómo? Cuando yo tenga el chip, voy a dejar el chip. Exactamente. Mientras tanto, no te vas a quedar incomunicado. Quédate tranquilo. Te comento que por única vez vas a tener que validar identidad al activarlo, sí, con tu, justamente, reconocimiento espacial. En caso de que tengas alguna dificultad con la anualización, lo puedes intentar nuevamente o comunicarte al 0800-321-7678-2, opción 4, ¿bien? Entonces necesitamos que, en caso de no levantar señal del chip, reinicies el equipo y, por otro lado, dentro de los próximos días vas a estar recibiendo lo que es una encuesta de satisfacción por WhatsApp. para que la completes, o sea, que tu opinión es muy importante para la compañera, ¿sí, Tommy? Bueno, perfecto. Si siempre lo crees en cierre comercial, ¿te queda alguna duda o consulta? No. Perfecto. Por último, voy a estar rendiéndote lo que es un mensaje de portabilidad, que te va a llegar lo que es un código de cuatro dígitos, que justamente nos habilita desde Movistar, para que hagamos lo que es el cambio de una compañía a la otra, ¿bien? En ese caso, yo te lo voy a estar rendiendo a través de los mensajes comunes, estás en altavoz. Sí, y una vez cuando se termine la fiesta de... El descuento este por seis meses. ¿Cuánto me queda? No, en realidad lo que es el precio no lo tenemos como tal, pero tenés lo que es un descuento fijo de 40, 4050. ¿Bien? No tengas problemas igual porque después toda la promoción vos la podés igual bonificar nuevamente. No hay ningún inconveniente con eso. Exactamente. Sí, te comunicas con, o yo te dirigo lo que es el área de ventas y te, justamente, te van a enviar otro plan. O, a través de la aplicación de mi movistar, puedes acceder a otro plan también. Ah, sí. Bien. Bueno, perfecto. Ahora te voy a experimentar lo que es el código de portabilidad. Sí, te pido por favor que me pongas en altavoz. Vale. Ahora te lo voy a estar enviando a través de los mensajes comunes, que serían los SMS, te va a llegar un mensajito del remitente Manus223, que es el remitente oficial de Movistar, sí, habilitado por lo que es el Enacom. Te va a estar llegando, vos me tendrás que decir la llamada, Tommy, a lo que es el código, y al juntarme lo que es una captura de pantalla del mensaje a través de WhatsApp, así yo lo pongo como evidencia al que te lo mandé a vos, no se lo mandé a otra persona, ¿bien? Entendida. Perdón. Digo, que te va a ingresar. Un mensajito del remitente Manus223 de Movistar, ¿me seguís? ¿Te llegó el mensaje? Ahí te vas a estar pidiendo un breve. Ahora sí. Perfecto. ¿Tienes que mensajito de decirme lo que es el código de cuatro dígitos a la llamada? ¿Cómo? 41-54. ¿41-34? 5-4. 5-4, bien. Ahora, se voy a solicitar, por favor, que me envíes una captura de pantalla del mensaje de portabilidad que figure el remitente y el mensaje completo. Eso, como te decía recién, es para que todos lo puedan juntar como evidencia de que realmente te lo mandamos a vos y no se lo mande otra persona, ¿bien? Avísame cuando me lo hayas mandado y eso sería también lo último. Ahí. A ver. Sí, perfecto. Llegó genial. Bien, Tommy, te comento que estaría todo hecho, las o todo cargado en el sistema, si es decir que ya la gestión está encaminada, ¿bien? Te comento que es muy probable que te ingresen a estas horitas de la mañana lo que son justamente llamadas de otras compañías, incluyendo, claro, Movistar, Personal, Twenty y demás. Sí, yo le pido por favor que no respondas ninguna otra llamada porque si vos aceptas alguna otra oferta, así o alguna otra cuestión, se puede realizar lo que sea una doble saturación o en el peor de los casos que te quedes sin línea, ¿bien? Así que no respondas ninguna tramada que sea tipo contacto desconocido, interaccionan como es para un número oculto. Si tienes alguna duda, me preguntas por el chat de WhatsApp, ¿bien? Por el cual estuvimos hablando. Por ese mismo, ¿sí? Perfecto. Y en caso de que yo te tenga que tramar por alguna dificultad que haya habido con la gestión y demás, yo te voy a decir, hola, Tommy, ¿cómo estás? Te puedo llamar y cuando tenga el sí, yo te llamo, así que sabes que esa tramada va a ser mía, ¿bien? Perfecto, Tommy. Así que, bueno, no respondas a ninguna de las más y no brindes ningún trato porque igual no te voy a solicitar más de lo que es el DNI y nada de eso, te quedo todo cargado, ¿sí? Perfecto. Tommy, muchísimas gracias, que estés muy bien y bienvenida a la compañía. Estamos en contacto. Hasta luego. Hasta luego.",
  "calidad": {
    "confianza_promedio": 0.513,
    "metodo_diarizacion": "pausas_fallback",
    "tiempo_procesamiento": 35.6
  },
  "metadata": {
    "modelo": "whisperx_medium",
    "diarizacion": "pausas",
    "dispositivo": "cuda",
    "fecha": "2026-01-25T17:45:17.486176",
    "version": "5.0_ecapa"
  }
}