{
  "archivo": "amza23_1_260122133538446_ACD_99581.wav",
  "duracion_segundos": 407.38,
  "num_segmentos": 110,
  "num_hablantes": 2,
  "hablantes": [
    "Hablante A",
    "Hablante B"
  ],
  "tiempo_por_hablante": {
    "Hablante A": 198.39,
    "Hablante B": 177.12
  },
  "idioma": "es",
  "conversacion": [
    {
      "hablante": "Hablante A",
      "inicio": 0.03,
      "fin": 1.55,
      "duracion": 1.52,
      "texto": "Hola.",
      "confianza": 0.198
    },
    {
      "hablante": "Hablante A",
      "inicio": 1.57,
      "fin": 2.81,
      "duracion": 1.24,
      "texto": "Hola, ¿qué tal?",
      "confianza": 0.365
    },
    {
      "hablante": "Hablante A",
      "inicio": 2.83,
      "fin": 3.67,
      "duracion": 0.84,
      "texto": "Hola.",
      "confianza": 0.492
    },
    {
      "hablante": "Hablante A",
      "inicio": 3.69,
      "fin": 6.36,
      "duracion": 2.66,
      "texto": "¿Un buen día con Roberto?",
      "confianza": 0.078
    },
    {
      "hablante": "Hablante A",
      "inicio": 6.38,
      "fin": 6.56,
      "duracion": 0.18,
      "texto": "El habla.",
      "confianza": 0.0
    },
    {
      "hablante": "Hablante A",
      "inicio": 6.58,
      "fin": 7.2,
      "duracion": 0.62,
      "texto": "Un gusto.",
      "confianza": 0.818
    },
    {
      "hablante": "Hablante A",
      "inicio": 7.24,
      "fin": 8.3,
      "duracion": 1.06,
      "texto": "Macarena es mi nombre.",
      "confianza": 0.692
    },
    {
      "hablante": "Hablante A",
      "inicio": 8.4,
      "fin": 12.89,
      "duracion": 4.48,
      "texto": "Nos estamos contactando para brindarle en el día de hoy una muy buena promoción en la línea.",
      "confianza": 0.783
    },
    {
      "hablante": "Hablante A",
      "inicio": 12.91,
      "fin": 16.39,
      "duracion": 3.48,
      "texto": "¿Usted actualmente se encuentra en claro, verdad?",
      "confianza": 0.875
    },
    {
      "hablante": "Hablante A",
      "inicio": 16.51,
      "fin": 17.95,
      "duracion": 1.44,
      "texto": "Así es, sí.",
      "confianza": 0.398
    },
    {
      "hablante": "Hablante A",
      "inicio": 17.97,
      "fin": 18.59,
      "duracion": 0.62,
      "texto": "Bien, perfecto.",
      "confianza": 0.629
    },
    {
      "hablante": "Hablante A",
      "inicio": 18.61,
      "fin": 20.32,
      "duracion": 1.7,
      "texto": "Le consulto acerca de su plan.",
      "confianza": 0.884
    },
    {
      "hablante": "Hablante A",
      "inicio": 20.34,
      "fin": 25.72,
      "duracion": 5.39,
      "texto": "¿Qué cantidad de sigas tiene?",
      "confianza": 0.693
    },
    {
      "hablante": "Hablante A",
      "inicio": 25.74,
      "fin": 26.82,
      "duracion": 1.08,
      "texto": "12 sigas más 6.",
      "confianza": 0.346
    },
    {
      "hablante": "Hablante A",
      "inicio": 26.84,
      "fin": 27.04,
      "duracion": 0.2,
      "texto": "¿12 más 6?",
      "confianza": 0.02
    },
    {
      "hablante": "Hablante A",
      "inicio": 27.06,
      "fin": 27.94,
      "duracion": 0.88,
      "texto": "Bien.",
      "confianza": 0.295
    },
    {
      "hablante": "Hablante A",
      "inicio": 27.96,
      "fin": 28.7,
      "duracion": 0.74,
      "texto": "¿Y cuánto estamos ganando?",
      "confianza": 0.17
    },
    {
      "hablante": "Hablante A",
      "inicio": 29.44,
      "fin": 59.16,
      "duracion": 29.72,
      "texto": "7.800 bien perfecto porque podemos brindarle lo que es un plan intermedio de 18 gigas en total son 8 de base más días de regalo con la durabilidad por 6 meses por 8 mil pesos con todo bonificado y además el romín incluido en el caso de que sea de viajar de qué empresa está hablando de movistar",
      "confianza": 0.718
    },
    {
      "hablante": "Hablante A",
      "inicio": 59.94,
      "fin": 61.7,
      "duracion": 1.76,
      "texto": "Sí, perdón, me interrumpan.",
      "confianza": 0.504
    },
    {
      "hablante": "Hablante A",
      "inicio": 61.72,
      "fin": 69.21,
      "duracion": 7.49,
      "texto": "Sí, yo todos los días me cansamos, no se le dijeron, porque yo estuve durante un año llamando para ver si había una promoción, no había nada.",
      "confianza": 0.602
    },
    {
      "hablante": "Hablante A",
      "inicio": 69.41,
      "fin": 78.97,
      "duracion": 9.57,
      "texto": "Aparte, la última que pagué durante el sistema, que fue algo de 20.000 pesos, que era mucho, y automáticamente, bueno, con si más barato, no pasa nada.",
      "confianza": 0.578
    },
    {
      "hablante": "Hablante A",
      "inicio": 79.66,
      "fin": 85.08,
      "duracion": 5.42,
      "texto": "Ahora, resulta que después que eso pasa, creo que fue en diciembre, ya me llaman todos los días, promociones.",
      "confianza": 0.499
    },
    {
      "hablante": "Hablante A",
      "inicio": 85.12,
      "fin": 88.32,
      "duracion": 3.2,
      "texto": "Entonces, por ahora, me mantengo claro, para no ser depredado de tiempo, nada más.",
      "confianza": 0.702
    },
    {
      "hablante": "Hablante A",
      "inicio": 88.46,
      "fin": 92.12,
      "duracion": 3.66,
      "texto": "Bien, de todos modos eso no le volvería a suceder, ¿sí?",
      "confianza": 0.534
    },
    {
      "hablante": "Hablante A",
      "inicio": 92.26,
      "fin": 100.25,
      "duracion": 7.99,
      "texto": "Porque estamos brindando para los clientes que han sido muy buenos estando en la compañía lo que es un descuento fijo durante un periodo de seis meses, ¿sí?",
      "confianza": 0.688
    },
    {
      "hablante": "Hablante A",
      "inicio": 101.07,
      "fin": 116.25,
      "duracion": 15.18,
      "texto": "Lo que nosotros sugerimos es que al quinto mes puedan visualizar desde la aplicación alguna promoción que esté en vigencia para que puedan acceder a esas promociones en el caso del que quisiera, ¿sí?",
      "confianza": 0.779
    },
    {
      "hablante": "Hablante A",
      "inicio": 116.27,
      "fin": 116.71,
      "duracion": 0.44,
      "texto": "Bueno, me las puedo...",
      "confianza": 0.04
    },
    {
      "hablante": "Hablante A",
      "inicio": 117.53,
      "fin": 120.33,
      "duracion": 2.8,
      "texto": "¿Las pueden mandar las promociones por WhatsApp, por ejemplo?",
      "confianza": 0.633
    },
    {
      "hablante": "Hablante A",
      "inicio": 121.36,
      "fin": 122.06,
      "duracion": 0.7,
      "texto": "Sí, no hay problema.",
      "confianza": 0.506
    },
    {
      "hablante": "Hablante A",
      "inicio": 122.14,
      "fin": 127.42,
      "duracion": 5.29,
      "texto": "Ahora mismo te la dito porque si no tenemos una promoción más económica en $6,450, ¿sí?",
      "confianza": 0.65
    },
    {
      "hablante": "Hablante A",
      "inicio": 127.44,
      "fin": 130.34,
      "duracion": 2.9,
      "texto": "Está bien.",
      "confianza": 0.478
    },
    {
      "hablante": "Hablante A",
      "inicio": 130.36,
      "fin": 130.96,
      "duracion": 0.6,
      "texto": "Bien.",
      "confianza": 0.744
    },
    {
      "hablante": "Hablante A",
      "inicio": 130.98,
      "fin": 132.65,
      "duracion": 1.66,
      "texto": "Ahora se la envío.",
      "confianza": 0.519
    },
    {
      "hablante": "Hablante A",
      "inicio": 132.67,
      "fin": 133.05,
      "duracion": 0.38,
      "texto": "Sí.",
      "confianza": 0.591
    },
    {
      "hablante": "Hablante A",
      "inicio": 133.07,
      "fin": 133.51,
      "duracion": 0.44,
      "texto": "Por favor.",
      "confianza": 0.867
    },
    {
      "hablante": "Hablante A",
      "inicio": 134.97,
      "fin": 138.65,
      "duracion": 3.68,
      "texto": "Y con nombre de contacto con quien me pudiera comunicar, ¿vas?",
      "confianza": 0.489
    },
    {
      "hablante": "Hablante A",
      "inicio": 138.67,
      "fin": 139.31,
      "duracion": 0.64,
      "texto": "Exactamente.",
      "confianza": 0.288
    },
    {
      "hablante": "Hablante A",
      "inicio": 139.33,
      "fin": 140.39,
      "duracion": 1.06,
      "texto": "Porque hay un montón de operadores.",
      "confianza": 0.042
    },
    {
      "hablante": "Hablante A",
      "inicio": 140.41,
      "fin": 144.5,
      "duracion": 4.08,
      "texto": "Yo le voy a poner que soy Macarena de Movistar, así ya directamente en mi agenda.",
      "confianza": 0.589
    },
    {
      "hablante": "Hablante A",
      "inicio": 144.52,
      "fin": 146.14,
      "duracion": 1.62,
      "texto": "Sí, seguimos en contacto.",
      "confianza": 0.719
    },
    {
      "hablante": "Hablante A",
      "inicio": 146.49,
      "fin": 153.44,
      "duracion": 6.95,
      "texto": "Bueno Simón, cuando yo vuelvo, porque ahora estoy de viaje, ¿en qué momento mandan el cambio de chip?",
      "confianza": 0.547
    },
    {
      "hablante": "Hablante A",
      "inicio": 153.46,
      "fin": 156.92,
      "duracion": 3.46,
      "texto": "¿En qué tiempo más o menos?",
      "confianza": 0.596
    },
    {
      "hablante": "Hablante A",
      "inicio": 156.94,
      "fin": 158.48,
      "duracion": 1.54,
      "texto": "Y son 48 horas hábiles.",
      "confianza": 0.533
    },
    {
      "hablante": "Hablante A",
      "inicio": 159.24,
      "fin": 161.86,
      "duracion": 2.62,
      "texto": "Igual no queda línea hasta que los cambios.",
      "confianza": 0.254
    },
    {
      "hablante": "Hablante A",
      "inicio": 161.88,
      "fin": 168.21,
      "duracion": 6.33,
      "texto": "No, exactamente, la línea la sigue conservando hasta formar parte de la compañía.",
      "confianza": 0.742
    },
    {
      "hablante": "Hablante A",
      "inicio": 168.23,
      "fin": 171.31,
      "duracion": 3.08,
      "texto": "El número lo conserva, lo único que haría es el cambio de compañía.",
      "confianza": 0.696
    },
    {
      "hablante": "Hablante A",
      "inicio": 171.37,
      "fin": 175.31,
      "duracion": 3.94,
      "texto": "Le consulto, ¿Usted cuándo calcula que saldría de nuevo?",
      "confianza": 0.793
    },
    {
      "hablante": "Hablante B",
      "inicio": 177.25,
      "fin": 179.96,
      "duracion": 2.7,
      "texto": "No, no, no, yo hago vuelos sanitarios.",
      "confianza": 0.598
    },
    {
      "hablante": "Hablante B",
      "inicio": 179.98,
      "fin": 190.11,
      "duracion": 10.13,
      "texto": "Ahora estoy en Zivilcóy, casi en un terrado sanitario, paramos a carga de combustible, así que ahora calculo, entre acusos del día leímos a lo que salga una emergencia.",
      "confianza": 0.635
    },
    {
      "hablante": "Hablante B",
      "inicio": 190.13,
      "fin": 193.67,
      "duracion": 3.54,
      "texto": "Me dejo el avión en San Fernando y me llevo al chévere de la casa.",
      "confianza": 0.563
    },
    {
      "hablante": "Hablante B",
      "inicio": 194.46,
      "fin": 195.48,
      "duracion": 1.02,
      "texto": "Vivo en la zona de voto.",
      "confianza": 0.781
    },
    {
      "hablante": "Hablante B",
      "inicio": 196.22,
      "fin": 197.0,
      "duracion": 0.78,
      "texto": "Así que bueno.",
      "confianza": 0.43
    },
    {
      "hablante": "Hablante B",
      "inicio": 197.27,
      "fin": 200.95,
      "duracion": 3.68,
      "texto": "No es nada raro, sí, es la visibilidad.",
      "confianza": 0.419
    },
    {
      "hablante": "Hablante B",
      "inicio": 200.97,
      "fin": 208.19,
      "duracion": 7.23,
      "texto": "Porque en realidad, usted le informó que en realidad usted puede retirar el chip a cualquier sucursal que le quede cómoda, ¿sí?",
      "confianza": 0.585
    },
    {
      "hablante": "Hablante B",
      "inicio": 209.32,
      "fin": 217.28,
      "duracion": 7.97,
      "texto": "Sería mucho mejor porque yo no tengo... A ver, el tema de mi trabajo no puedo... Yo ahora estoy en un lado.",
      "confianza": 0.682
    },
    {
      "hablante": "Hablante B",
      "inicio": 217.42,
      "fin": 221.95,
      "duracion": 4.52,
      "texto": "Por ahí, llego a mi casa al 10, 15 minutos, media hora y ya después tengo que salir por una urgencia.",
      "confianza": 0.561
    },
    {
      "hablante": "Hablante B",
      "inicio": 223.05,
      "fin": 224.57,
      "duracion": 1.52,
      "texto": "Entonces no tengo lugar fijo.",
      "confianza": 0.253
    },
    {
      "hablante": "Hablante B",
      "inicio": 224.59,
      "fin": 226.85,
      "duracion": 2.26,
      "texto": "Nosotros siempre pedimos una sucursal",
      "confianza": 0.643
    },
    {
      "hablante": "Hablante B",
      "inicio": 227.27,
      "fin": 233.7,
      "duracion": 6.43,
      "texto": "Fija que le quede cómoda para adicionar en el sistema, pero en su casa... El se pinde voto.",
      "confianza": 0.507
    },
    {
      "hablante": "Hablante B",
      "inicio": 233.72,
      "fin": 236.14,
      "duracion": 2.42,
      "texto": "Bien, le podemos asignar esa entonces, ¿sí?",
      "confianza": 0.686
    },
    {
      "hablante": "Hablante B",
      "inicio": 236.86,
      "fin": 241.97,
      "duracion": 5.11,
      "texto": "Jovana, de todos modos, me voy a estar contactando con usted para dejarle las propuestas, ¿sí?",
      "confianza": 0.683
    },
    {
      "hablante": "Hablante B",
      "inicio": 242.51,
      "fin": 246.25,
      "duracion": 3.74,
      "texto": "Y que usted vea por cuál acceder, ¿sí?",
      "confianza": 0.745
    },
    {
      "hablante": "Hablante B",
      "inicio": 246.27,
      "fin": 248.43,
      "duracion": 2.16,
      "texto": "Esta vez sí, estaría bueno.",
      "confianza": 0.181
    },
    {
      "hablante": "Hablante B",
      "inicio": 248.45,
      "fin": 248.73,
      "duracion": 0.28,
      "texto": "Bien, así es.",
      "confianza": 0.105
    },
    {
      "hablante": "Hablante B",
      "inicio": 248.75,
      "fin": 254.56,
      "duracion": 5.81,
      "texto": "Yo cuando llego ahora, calculo que tengo dos horas más, pues entre la carga del...",
      "confianza": 0.453
    },
    {
      "hablante": "Hablante B",
      "inicio": 254.74,
      "fin": 260.71,
      "duracion": 5.97,
      "texto": "del que tiene que ser al médico, el traslado hasta sanformando y ahí se calculó que quedó vibrado.",
      "confianza": 0.386
    },
    {
      "hablante": "Hablante B",
      "inicio": 261.03,
      "fin": 262.71,
      "duracion": 1.68,
      "texto": "No hay problema.",
      "confianza": 0.384
    },
    {
      "hablante": "Hablante B",
      "inicio": 262.73,
      "fin": 263.93,
      "duracion": 1.2,
      "texto": "Bueno, no hay ningún problema.",
      "confianza": 0.704
    },
    {
      "hablante": "Hablante B",
      "inicio": 264.01,
      "fin": 268.88,
      "duracion": 4.86,
      "texto": "Yo ahora me contacto con usted y usted me contesta, apenas pueda.",
      "confianza": 0.788
    },
    {
      "hablante": "Hablante B",
      "inicio": 269.16,
      "fin": 271.4,
      "duracion": 2.24,
      "texto": "Así dejamos todo ingresado cuanto antes.",
      "confianza": 0.748
    },
    {
      "hablante": "Hablante B",
      "inicio": 271.64,
      "fin": 277.28,
      "duracion": 5.65,
      "texto": "Mi horario laboral es hasta las 15, pero bueno, si usted después de las 15 me habla, no hay ningún problema.",
      "confianza": 0.627
    },
    {
      "hablante": "Hablante B",
      "inicio": 278.43,
      "fin": 278.55,
      "duracion": 0.12,
      "texto": "Listo.",
      "confianza": 0.007
    },
    {
      "hablante": "Hablante B",
      "inicio": 278.56,
      "fin": 281.73,
      "duracion": 3.16,
      "texto": "Y esto, bueno, lo puedo retirar en supino devoto, que es como siempre.",
      "confianza": 0.479
    },
    {
      "hablante": "Hablante B",
      "inicio": 282.25,
      "fin": 283.33,
      "duracion": 1.08,
      "texto": "Exactamente.",
      "confianza": 0.817
    },
    {
      "hablante": "Hablante B",
      "inicio": 283.61,
      "fin": 284.89,
      "duracion": 1.28,
      "texto": "Sí, no va a haber ningún problema.",
      "confianza": 0.665
    },
    {
      "hablante": "Hablante B",
      "inicio": 284.91,
      "fin": 286.38,
      "duracion": 1.46,
      "texto": "Y dentro de las 48 horas.",
      "confianza": 0.678
    },
    {
      "hablante": "Hablante B",
      "inicio": 287.32,
      "fin": 291.16,
      "duracion": 3.85,
      "texto": "Le va a llegar un mensajito de texto el día que debe ir a retirar a la sucursal.",
      "confianza": 0.641
    },
    {
      "hablante": "Hablante B",
      "inicio": 291.18,
      "fin": 295.71,
      "duracion": 4.53,
      "texto": "En el caso de que no le llegue, directamente yo me contacto con usted para decirle cuándo.",
      "confianza": 0.703
    },
    {
      "hablante": "Hablante B",
      "inicio": 295.81,
      "fin": 301.0,
      "duracion": 5.19,
      "texto": "¿Y hace falta mandar el modelo de teléfono de tele o algo?",
      "confianza": 0.347
    },
    {
      "hablante": "Hablante B",
      "inicio": 301.02,
      "fin": 305.06,
      "duracion": 4.05,
      "texto": "No, simplemente con la foto de mi hermano.",
      "confianza": 0.541
    },
    {
      "hablante": "Hablante B",
      "inicio": 305.12,
      "fin": 305.73,
      "duracion": 0.6,
      "texto": "¿Adenés?",
      "confianza": 0.354
    },
    {
      "hablante": "Hablante B",
      "inicio": 305.75,
      "fin": 306.77,
      "duracion": 1.02,
      "texto": "Sí, para una foto.",
      "confianza": 0.252
    },
    {
      "hablante": "Hablante B",
      "inicio": 306.79,
      "fin": 307.33,
      "duracion": 0.54,
      "texto": "Exactamente.",
      "confianza": 0.483
    },
    {
      "hablante": "Hablante B",
      "inicio": 307.7,
      "fin": 315.05,
      "duracion": 7.35,
      "texto": "Con la foto directamente usted lo presenta al lado sucursal y ahí le va a dar el chip, además el chip va a ser colocado ahí mismo.",
      "confianza": 0.663
    },
    {
      "hablante": "Hablante B",
      "inicio": 315.07,
      "fin": 317.73,
      "duracion": 2.66,
      "texto": "Esa, sin cargo el chip, ¿no?",
      "confianza": 0.051
    },
    {
      "hablante": "Hablante B",
      "inicio": 317.75,
      "fin": 317.81,
      "duracion": 0.06,
      "texto": "Sí.",
      "confianza": 0.005
    },
    {
      "hablante": "Hablante B",
      "inicio": 317.83,
      "fin": 325.14,
      "duracion": 7.31,
      "texto": "Sin cargo, sí, se lo van a colocar ahí para que la línea salga funcionando desde ahí sin ningún problema.",
      "confianza": 0.702
    },
    {
      "hablante": "Hablante B",
      "inicio": 325.16,
      "fin": 327.14,
      "duracion": 1.98,
      "texto": "Sí, sí, sí, la última vez lo hice ahí también.",
      "confianza": 0.067
    },
    {
      "hablante": "Hablante B",
      "inicio": 327.16,
      "fin": 330.41,
      "duracion": 3.24,
      "texto": "Bien, perfecto, entonces Roberto, yo ahora le envío la promoción, ¿sí?",
      "confianza": 0.593
    },
    {
      "hablante": "Hablante B",
      "inicio": 331.45,
      "fin": 334.63,
      "duracion": 3.18,
      "texto": "Sí, me quedo más tranquilo de poder volver a Movistar porque tiene más servicio.",
      "confianza": 0.551
    },
    {
      "hablante": "Hablante B",
      "inicio": 335.37,
      "fin": 339.64,
      "duracion": 4.27,
      "texto": "Pues tengo frecos en Santos Dados, comprarlo no pasa eso, la verdad que no.",
      "confianza": 0.604
    },
    {
      "hablante": "Hablante B",
      "inicio": 339.66,
      "fin": 340.92,
      "duracion": 1.26,
      "texto": "Ah, bien.",
      "confianza": 0.826
    },
    {
      "hablante": "Hablante B",
      "inicio": 340.94,
      "fin": 344.06,
      "duracion": 3.12,
      "texto": "Bueno, seguimos encontrando... Pero yo comando mucho en Capital.",
      "confianza": 0.461
    },
    {
      "hablante": "Hablante B",
      "inicio": 345.48,
      "fin": 348.02,
      "duracion": 2.54,
      "texto": "Siempre, pero por ahí hay otros lugares que no tengo servicio.",
      "confianza": 0.557
    },
    {
      "hablante": "Hablante B",
      "inicio": 349.51,
      "fin": 350.29,
      "duracion": 0.78,
      "texto": "Entiendo.",
      "confianza": 0.892
    },
    {
      "hablante": "Hablante B",
      "inicio": 350.31,
      "fin": 355.83,
      "duracion": 5.53,
      "texto": "No, no es tan malo, pero... Y usted lo necesita al servicio porque anda viajando.",
      "confianza": 0.556
    },
    {
      "hablante": "Hablante B",
      "inicio": 355.85,
      "fin": 360.36,
      "duracion": 4.5,
      "texto": "Y yo lo necesito, yo tengo que estar bien con servicio a las 24 horas porque tengo que trabajar de urgencia.",
      "confianza": 0.515
    },
    {
      "hablante": "Hablante B",
      "inicio": 360.42,
      "fin": 362.76,
      "duracion": 2.34,
      "texto": "Cuando no puedo un piloto, voy yo.",
      "confianza": 0.781
    },
    {
      "hablante": "Hablante B",
      "inicio": 362.78,
      "fin": 363.94,
      "duracion": 1.16,
      "texto": "Hacemos relevos.",
      "confianza": 0.708
    },
    {
      "hablante": "Hablante B",
      "inicio": 365.21,
      "fin": 369.31,
      "duracion": 4.1,
      "texto": "Lo neto es todo rápido.",
      "confianza": 0.576
    },
    {
      "hablante": "Hablante B",
      "inicio": 369.33,
      "fin": 371.29,
      "duracion": 1.96,
      "texto": "Hay que salir hasta el lado, me doy un agujero y me voy.",
      "confianza": 0.525
    },
    {
      "hablante": "Hablante A",
      "inicio": 373.08,
      "fin": 381.91,
      "duracion": 8.83,
      "texto": "Bueno, Roberto, mire, ahí le dejé el WhatsApp, le dejé el WhatsApp, seguimos en conversación por ahí, ¿sí?",
      "confianza": 0.452
    },
    {
      "hablante": "Hablante A",
      "inicio": 381.93,
      "fin": 385.73,
      "duracion": 3.81,
      "texto": "Seguramente que cerremos, después cuando lo miro tranquilo lo me fijo.",
      "confianza": 0.683
    },
    {
      "hablante": "Hablante A",
      "inicio": 386.41,
      "fin": 394.61,
      "duracion": 8.19,
      "texto": "Por ahí, si es que no está mal, si me llega ahora, me traje en la cafetería esperando para que está bien el combustible y todo, yo lo puedo leer y poder ir por otro lado.",
      "confianza": 0.594
    },
    {
      "hablante": "Hablante A",
      "inicio": 395.33,
      "fin": 395.97,
      "duracion": 0.64,
      "texto": "Perfecto.",
      "confianza": 0.758
    },
    {
      "hablante": "Hablante A",
      "inicio": 396.09,
      "fin": 399.4,
      "duracion": 3.31,
      "texto": "Sería buenísimo para dejar tu ingresado cuanto antes, ¿sí?",
      "confianza": 0.813
    },
    {
      "hablante": "Hablante A",
      "inicio": 400.04,
      "fin": 400.24,
      "duracion": 0.2,
      "texto": "Listo.",
      "confianza": 0.407
    },
    {
      "hablante": "Hablante A",
      "inicio": 400.26,
      "fin": 402.97,
      "duracion": 2.71,
      "texto": "Gracias por la información y llamarme.",
      "confianza": 0.347
    },
    {
      "hablante": "Hablante A",
      "inicio": 402.99,
      "fin": 404.41,
      "duracion": 1.42,
      "texto": "No, gracias a usted por la atención.",
      "confianza": 0.547
    },
    {
      "hablante": "Hablante A",
      "inicio": 404.43,
      "fin": 407.38,
      "duracion": 2.95,
      "texto": "Hasta luego.",
      "confianza": 0.588
    }
  ],
  "transcripcion_completa": "Hola. Hola, ¿qué tal? Hola. ¿Un buen día con Roberto? El habla. Un gusto. Macarena es mi nombre. Nos estamos contactando para brindarle en el día de hoy una muy buena promoción en la línea. ¿Usted actualmente se encuentra en claro, verdad? Así es, sí. Bien, perfecto. Le consulto acerca de su plan. ¿Qué cantidad de sigas tiene? 12 sigas más 6. ¿12 más 6? Bien. ¿Y cuánto estamos ganando? 7.800 bien perfecto porque podemos brindarle lo que es un plan intermedio de 18 gigas en total son 8 de base más días de regalo con la durabilidad por 6 meses por 8 mil pesos con todo bonificado y además el romín incluido en el caso de que sea de viajar de qué empresa está hablando de movistar Sí, perdón, me interrumpan. Sí, yo todos los días me cansamos, no se le dijeron, porque yo estuve durante un año llamando para ver si había una promoción, no había nada. Aparte, la última que pagué durante el sistema, que fue algo de 20.000 pesos, que era mucho, y automáticamente, bueno, con si más barato, no pasa nada. Ahora, resulta que después que eso pasa, creo que fue en diciembre, ya me llaman todos los días, promociones. Entonces, por ahora, me mantengo claro, para no ser depredado de tiempo, nada más. Bien, de todos modos eso no le volvería a suceder, ¿sí? Porque estamos brindando para los clientes que han sido muy buenos estando en la compañía lo que es un descuento fijo durante un periodo de seis meses, ¿sí? Lo que nosotros sugerimos es que al quinto mes puedan visualizar desde la aplicación alguna promoción que esté en vigencia para que puedan acceder a esas promociones en el caso del que quisiera, ¿sí? Bueno, me las puedo... ¿Las pueden mandar las promociones por WhatsApp, por ejemplo? Sí, no hay problema. Ahora mismo te la dito porque si no tenemos una promoción más económica en $6,450, ¿sí? Está bien. Bien. Ahora se la envío. Sí. Por favor. Y con nombre de contacto con quien me pudiera comunicar, ¿vas? Exactamente. Porque hay un montón de operadores. Yo le voy a poner que soy Macarena de Movistar, así ya directamente en mi agenda. Sí, seguimos en contacto. Bueno Simón, cuando yo vuelvo, porque ahora estoy de viaje, ¿en qué momento mandan el cambio de chip? ¿En qué tiempo más o menos? Y son 48 horas hábiles. Igual no queda línea hasta que los cambios. No, exactamente, la línea la sigue conservando hasta formar parte de la compañía. El número lo conserva, lo único que haría es el cambio de compañía. Le consulto, ¿Usted cuándo calcula que saldría de nuevo? No, no, no, yo hago vuelos sanitarios. Ahora estoy en Zivilcóy, casi en un terrado sanitario, paramos a carga de combustible, así que ahora calculo, entre acusos del día leímos a lo que salga una emergencia. Me dejo el avión en San Fernando y me llevo al chévere de la casa. Vivo en la zona de voto. Así que bueno. No es nada raro, sí, es la visibilidad. Porque en realidad, usted le informó que en realidad usted puede retirar el chip a cualquier sucursal que le quede cómoda, ¿sí? Sería mucho mejor porque yo no tengo... A ver, el tema de mi trabajo no puedo... Yo ahora estoy en un lado. Por ahí, llego a mi casa al 10, 15 minutos, media hora y ya después tengo que salir por una urgencia. Entonces no tengo lugar fijo. Nosotros siempre pedimos una sucursal Fija que le quede cómoda para adicionar en el sistema, pero en su casa... El se pinde voto. Bien, le podemos asignar esa entonces, ¿sí? Jovana, de todos modos, me voy a estar contactando con usted para dejarle las propuestas, ¿sí? Y que usted vea por cuál acceder, ¿sí? Esta vez sí, estaría bueno. Bien, así es. Yo cuando llego ahora, calculo que tengo dos horas más, pues entre la carga del... del que tiene que ser al médico, el traslado hasta sanformando y ahí se calculó que quedó vibrado. No hay problema. Bueno, no hay ningún problema. Yo ahora me contacto con usted y usted me contesta, apenas pueda. Así dejamos todo ingresado cuanto antes. Mi horario laboral es hasta las 15, pero bueno, si usted después de las 15 me habla, no hay ningún problema. Listo. Y esto, bueno, lo puedo retirar en supino devoto, que es como siempre. Exactamente. Sí, no va a haber ningún problema. Y dentro de las 48 horas. Le va a llegar un mensajito de texto el día que debe ir a retirar a la sucursal. En el caso de que no le llegue, directamente yo me contacto con usted para decirle cuándo. ¿Y hace falta mandar el modelo de teléfono de tele o algo? No, simplemente con la foto de mi hermano. ¿Adenés? Sí, para una foto. Exactamente. Con la foto directamente usted lo presenta al lado sucursal y ahí le va a dar el chip, además el chip va a ser colocado ahí mismo. Esa, sin cargo el chip, ¿no? Sí. Sin cargo, sí, se lo van a colocar ahí para que la línea salga funcionando desde ahí sin ningún problema. Sí, sí, sí, la última vez lo hice ahí también. Bien, perfecto, entonces Roberto, yo ahora le envío la promoción, ¿sí? Sí, me quedo más tranquilo de poder volver a Movistar porque tiene más servicio. Pues tengo frecos en Santos Dados, comprarlo no pasa eso, la verdad que no. Ah, bien. Bueno, seguimos encontrando... Pero yo comando mucho en Capital. Siempre, pero por ahí hay otros lugares que no tengo servicio. Entiendo. No, no es tan malo, pero... Y usted lo necesita al servicio porque anda viajando. Y yo lo necesito, yo tengo que estar bien con servicio a las 24 horas porque tengo que trabajar de urgencia. Cuando no puedo un piloto, voy yo. Hacemos relevos. Lo neto es todo rápido. Hay que salir hasta el lado, me doy un agujero y me voy. Bueno, Roberto, mire, ahí le dejé el WhatsApp, le dejé el WhatsApp, seguimos en conversación por ahí, ¿sí? Seguramente que cerremos, después cuando lo miro tranquilo lo me fijo. Por ahí, si es que no está mal, si me llega ahora, me traje en la cafetería esperando para que está bien el combustible y todo, yo lo puedo leer y poder ir por otro lado. Perfecto. Sería buenísimo para dejar tu ingresado cuanto antes, ¿sí? Listo. Gracias por la información y llamarme. No, gracias a usted por la atención. Hasta luego.",
  "calidad": {
    "confianza_promedio": 0.538,
    "metodo_diarizacion": "pausas_fallback",
    "tiempo_procesamiento": 13.0
  },
  "metadata": {
    "modelo": "whisperx_medium",
    "diarizacion": "pausas",
    "dispositivo": "cuda",
    "fecha": "2026-01-25T18:16:05.202190",
    "version": "5.0_ecapa"
  }
}