{
  "archivo": "amza24_1_260122104355846_ACD_01487.wav",
  "duracion_segundos": 228.67,
  "num_segmentos": 68,
  "num_hablantes": 2,
  "hablantes": [
    "Hablante A",
    "Hablante B"
  ],
  "tiempo_por_hablante": {
    "Hablante A": 157.2,
    "Hablante B": 58.73
  },
  "idioma": "es",
  "conversacion": [
    {
      "hablante": "Hablante A",
      "inicio": 0.03,
      "fin": 3.4,
      "duracion": 3.37,
      "texto": "¿Hablará?",
      "confianza": 0.215
    },
    {
      "hablante": "Hablante A",
      "inicio": 3.42,
      "fin": 3.74,
      "duracion": 0.32,
      "texto": "Sí, ¿cómo te va?",
      "confianza": 0.054
    },
    {
      "hablante": "Hablante A",
      "inicio": 3.76,
      "fin": 3.94,
      "duracion": 0.18,
      "texto": "¿Hablará?",
      "confianza": 0.041
    },
    {
      "hablante": "Hablante A",
      "inicio": 3.96,
      "fin": 4.24,
      "duracion": 0.28,
      "texto": "¿Cómo estás?",
      "confianza": 0.137
    },
    {
      "hablante": "Hablante A",
      "inicio": 4.26,
      "fin": 4.86,
      "duracion": 0.6,
      "texto": "Buenos días.",
      "confianza": 0.71
    },
    {
      "hablante": "Hablante A",
      "inicio": 4.94,
      "fin": 7.5,
      "duracion": 2.56,
      "texto": "Hablo con Franco.",
      "confianza": 0.405
    },
    {
      "hablante": "Hablante A",
      "inicio": 7.53,
      "fin": 7.58,
      "duracion": 0.06,
      "texto": "Sí.",
      "confianza": 0.117
    },
    {
      "hablante": "Hablante A",
      "inicio": 7.61,
      "fin": 7.99,
      "duracion": 0.38,
      "texto": "¿Cómo estás?",
      "confianza": 0.38
    },
    {
      "hablante": "Hablante A",
      "inicio": 8.01,
      "fin": 8.73,
      "duracion": 0.72,
      "texto": "Franco Agustín.",
      "confianza": 0.7
    },
    {
      "hablante": "Hablante A",
      "inicio": 8.75,
      "fin": 9.27,
      "duracion": 0.52,
      "texto": "¿Es mi nombre?",
      "confianza": 0.802
    },
    {
      "hablante": "Hablante A",
      "inicio": 9.29,
      "fin": 10.17,
      "duracion": 0.88,
      "texto": "Me estoy comunicando.",
      "confianza": 0.56
    },
    {
      "hablante": "Hablante A",
      "inicio": 10.19,
      "fin": 12.29,
      "duracion": 2.1,
      "texto": "¿Debería recuperar el cliente en Movistar?",
      "confianza": 0.53
    },
    {
      "hablante": "Hablante B",
      "inicio": 13.86,
      "fin": 13.92,
      "duracion": 0.06,
      "texto": "Sí.",
      "confianza": 0.006
    },
    {
      "hablante": "Hablante B",
      "inicio": 13.94,
      "fin": 18.75,
      "duracion": 4.81,
      "texto": "Franco, ¿no figura el sistema que vos actualmente estás en claro, sí?",
      "confianza": 0.586
    },
    {
      "hablante": "Hablante B",
      "inicio": 18.77,
      "fin": 18.91,
      "duracion": 0.14,
      "texto": "Así es.",
      "confianza": 0.008
    },
    {
      "hablante": "Hablante B",
      "inicio": 18.93,
      "fin": 19.02,
      "duracion": 0.1,
      "texto": "Bien.",
      "confianza": 0.054
    },
    {
      "hablante": "Hablante B",
      "inicio": 19.05,
      "fin": 21.45,
      "duracion": 2.4,
      "texto": "¿Te consulto el motivo por el que te fuiste en Movistar?",
      "confianza": 0.745
    },
    {
      "hablante": "Hablante B",
      "inicio": 21.49,
      "fin": 22.19,
      "duracion": 0.7,
      "texto": "¿Cuál fue?",
      "confianza": 0.667
    },
    {
      "hablante": "Hablante B",
      "inicio": 22.96,
      "fin": 25.97,
      "duracion": 3.01,
      "texto": "No me fui el movistar, tenía 20.",
      "confianza": 0.176
    },
    {
      "hablante": "Hablante B",
      "inicio": 25.99,
      "fin": 26.75,
      "duracion": 0.76,
      "texto": "20, ah, bien.",
      "confianza": 0.349
    },
    {
      "hablante": "Hablante B",
      "inicio": 26.77,
      "fin": 28.15,
      "duracion": 1.38,
      "texto": "Entiendo, bien, bien.",
      "confianza": 0.558
    },
    {
      "hablante": "Hablante B",
      "inicio": 28.17,
      "fin": 30.5,
      "duracion": 2.32,
      "texto": "Claro, 20 es de Mozart.",
      "confianza": 0.643
    },
    {
      "hablante": "Hablante B",
      "inicio": 30.52,
      "fin": 32.96,
      "duracion": 2.45,
      "texto": "Pero no es el nombre distinto.",
      "confianza": 0.228
    },
    {
      "hablante": "Hablante B",
      "inicio": 32.98,
      "fin": 35.61,
      "duracion": 2.62,
      "texto": "Seguro, por supuesto.",
      "confianza": 0.532
    },
    {
      "hablante": "Hablante B",
      "inicio": 35.63,
      "fin": 35.85,
      "duracion": 0.22,
      "texto": "Sí, sí, sí.",
      "confianza": 0.052
    },
    {
      "hablante": "Hablante B",
      "inicio": 35.87,
      "fin": 37.45,
      "duracion": 1.58,
      "texto": "Bien, ¿tienes motivo por el que te fuiste de 20?",
      "confianza": 0.57
    },
    {
      "hablante": "Hablante B",
      "inicio": 37.47,
      "fin": 41.28,
      "duracion": 3.81,
      "texto": "Tema más accesible y tema precioso.",
      "confianza": 0.242
    },
    {
      "hablante": "Hablante B",
      "inicio": 41.3,
      "fin": 41.6,
      "duracion": 0.3,
      "texto": "Seguro.",
      "confianza": 0.581
    },
    {
      "hablante": "Hablante B",
      "inicio": 42.08,
      "fin": 51.68,
      "duracion": 9.6,
      "texto": "Bueno, te cuento, Franco, en este caso te estábamos llamando de la idea de Recupero de Monster porque tenemos promociones exclusivas para aquellos clientes que han sido parte de la compañía, ¿bien?",
      "confianza": 0.616
    },
    {
      "hablante": "Hablante B",
      "inicio": 51.7,
      "fin": 65.86,
      "duracion": 14.16,
      "texto": "En este caso tengo para brindarte lo que es un plan de 8 gigas de base más 10 de regalo, van a estar 18 gigas en total, was a gratis, llamás libres a todas las compañías por un precio final del día de hoy de 8 mil pesos, ¿bien?",
      "confianza": 0.727
    },
    {
      "hablante": "Hablante B",
      "inicio": 66.16,
      "fin": 74.48,
      "duracion": 8.31,
      "texto": "En el caso de que tengas alguna línea más, para sumar, van a tener cuatro sigas extra para cada una de las líneas por tiempo indeterminado.",
      "confianza": 0.781
    },
    {
      "hablante": "Hablante A",
      "inicio": 76.08,
      "fin": 84.61,
      "duracion": 8.53,
      "texto": "Estos ocho sigas, por cuánto, una vez que me dan los 10 sigas reales, termina esa promoción.",
      "confianza": 0.584
    },
    {
      "hablante": "Hablante A",
      "inicio": 84.64,
      "fin": 87.38,
      "duracion": 2.74,
      "texto": "¿Los ocho sigas cuánto, qué precio listo tienes?",
      "confianza": 0.718
    },
    {
      "hablante": "Hablante A",
      "inicio": 88.27,
      "fin": 92.76,
      "duracion": 4.49,
      "texto": "Bien, en ese caso vos vas a tener un descuento fijo por 6 meses, ¿sí?",
      "confianza": 0.446
    },
    {
      "hablante": "Hablante A",
      "inicio": 92.78,
      "fin": 92.84,
      "duracion": 0.06,
      "texto": "Sí.",
      "confianza": 0.002
    },
    {
      "hablante": "Hablante A",
      "inicio": 92.86,
      "fin": 99.77,
      "duracion": 6.91,
      "texto": "30 días antes de que se vaya a incrementar la factura a través de la app de Movistar si que va a notificar, ¿bien?",
      "confianza": 0.701
    },
    {
      "hablante": "Hablante A",
      "inicio": 99.78,
      "fin": 105.83,
      "duracion": 6.05,
      "texto": "Para qué notificamos 30 días antes para que vos puedas pedir nuevos descuentos o promociones que tengamos en vigencia.",
      "confianza": 0.773
    },
    {
      "hablante": "Hablante A",
      "inicio": 106.53,
      "fin": 112.42,
      "duracion": 5.89,
      "texto": "Eso lo podés hacer desde la app de Movistar o te comunicas directamente conmigo que yo voy a ser profesora.",
      "confianza": 0.653
    },
    {
      "hablante": "Hablante A",
      "inicio": 112.81,
      "fin": 118.34,
      "duracion": 5.53,
      "texto": "Y yo te derivo a los canales oficiales para que apliquemos también nuevas promociones o descuentos que tengamos en vigencia.",
      "confianza": 0.738
    },
    {
      "hablante": "Hablante A",
      "inicio": 119.82,
      "fin": 123.88,
      "duracion": 4.07,
      "texto": "OK, y el precio cuánto serían de los ocho a diez?",
      "confianza": 0.072
    },
    {
      "hablante": "Hablante A",
      "inicio": 123.96,
      "fin": 130.03,
      "duracion": 6.07,
      "texto": "Y en realidad, sin descuento, tiene un costo anterior, exactamente de 44.050.",
      "confianza": 0.76
    },
    {
      "hablante": "Hablante A",
      "inicio": 130.23,
      "fin": 133.74,
      "duracion": 3.5,
      "texto": "Pero como te he dicho, nunca vas a llegar a pagar eso.",
      "confianza": 0.507
    },
    {
      "hablante": "Hablante A",
      "inicio": 133.76,
      "fin": 135.86,
      "duracion": 2.1,
      "texto": "Claro, vos vas a... ¿Pero cuánto?",
      "confianza": 0.173
    },
    {
      "hablante": "Hablante A",
      "inicio": 135.88,
      "fin": 140.03,
      "duracion": 4.15,
      "texto": "Y, bueno, él puede crearse un incremento así de 1.500 a 2.000 pesos, ¿bien?",
      "confianza": 0.533
    },
    {
      "hablante": "Hablante A",
      "inicio": 140.21,
      "fin": 146.22,
      "duracion": 6.01,
      "texto": "en los últimos seis, siete meses, como para que tengas una idea, ese ha sido el incremento que ha tenido los abonos.",
      "confianza": 0.64
    },
    {
      "hablante": "Hablante A",
      "inicio": 146.24,
      "fin": 147.26,
      "duracion": 1.02,
      "texto": "¿Bien?",
      "confianza": 0.157
    },
    {
      "hablante": "Hablante A",
      "inicio": 147.28,
      "fin": 148.18,
      "duracion": 0.9,
      "texto": "Claro.",
      "confianza": 0.442
    },
    {
      "hablante": "Hablante A",
      "inicio": 148.2,
      "fin": 158.13,
      "duracion": 9.93,
      "texto": "El tema es que no me conviene, porque yo estoy pagando ahora con el plan que tengo, estoy pagando los 10 gigas, ocho mil pesos.",
      "confianza": 0.443
    },
    {
      "hablante": "Hablante A",
      "inicio": 158.16,
      "fin": 158.56,
      "duracion": 0.4,
      "texto": "Ajá.",
      "confianza": 0.816
    },
    {
      "hablante": "Hablante A",
      "inicio": 158.9,
      "fin": 160.24,
      "duracion": 1.34,
      "texto": "No me conviene, digamos.",
      "confianza": 0.637
    },
    {
      "hablante": "Hablante A",
      "inicio": 160.26,
      "fin": 161.96,
      "duracion": 1.7,
      "texto": "Porque ustedes terminan las promociones.",
      "confianza": 0.397
    },
    {
      "hablante": "Hablante A",
      "inicio": 161.98,
      "fin": 163.56,
      "duracion": 1.58,
      "texto": "¿Pero porque tenés promoción?",
      "confianza": 0.099
    },
    {
      "hablante": "Hablante A",
      "inicio": 163.58,
      "fin": 165.06,
      "duracion": 1.48,
      "texto": "No, no tengo promoción.",
      "confianza": 0.23
    },
    {
      "hablante": "Hablante A",
      "inicio": 165.08,
      "fin": 166.12,
      "duracion": 1.04,
      "texto": "Es lo que contraté.",
      "confianza": 0.654
    },
    {
      "hablante": "Hablante A",
      "inicio": 166.15,
      "fin": 167.51,
      "duracion": 1.36,
      "texto": "No tengo promoción.",
      "confianza": 0.635
    },
    {
      "hablante": "Hablante A",
      "inicio": 167.53,
      "fin": 169.73,
      "duracion": 2.2,
      "texto": "No, claro, pero es un precio promocional.",
      "confianza": 0.709
    },
    {
      "hablante": "Hablante A",
      "inicio": 170.64,
      "fin": 178.39,
      "duracion": 7.75,
      "texto": "Si vos te fijás, el abono de claro, el precio de lista, digamos... No, no es recarga, no es abono, es recarga.",
      "confianza": 0.415
    },
    {
      "hablante": "Hablante A",
      "inicio": 178.41,
      "fin": 181.77,
      "duracion": 3.37,
      "texto": "Ah, vos haces recarga, entonces el teléfono paró.",
      "confianza": 0.447
    },
    {
      "hablante": "Hablante A",
      "inicio": 181.79,
      "fin": 182.66,
      "duracion": 0.86,
      "texto": "Sí, me refiero a vivo recarga.",
      "confianza": 0.203
    },
    {
      "hablante": "Hablante A",
      "inicio": 182.68,
      "fin": 183.98,
      "duracion": 1.3,
      "texto": "Ah, bien, entiendo, entiendo, entiendo.",
      "confianza": 0.448
    },
    {
      "hablante": "Hablante A",
      "inicio": 184.0,
      "fin": 190.37,
      "duracion": 6.37,
      "texto": "Bien, bueno, pero en este caso te conviene, digamos, vas a tener 18 gigas los primeros seis meses, la posibilidad de guardar... Sí, el tema es claro.",
      "confianza": 0.508
    },
    {
      "hablante": "Hablante A",
      "inicio": 191.07,
      "fin": 200.5,
      "duracion": 9.43,
      "texto": "Entiendo lo que vos me comentas, son 18 gigas por un mes, después terminas la promo de los 10 gigas, paras a 8 gigas y después aumentas.",
      "confianza": 0.609
    },
    {
      "hablante": "Hablante A",
      "inicio": 200.52,
      "fin": 205.99,
      "duracion": 5.47,
      "texto": "Ah, no, por seis meses tenés los 10 gigas, no un mes.",
      "confianza": 0.198
    },
    {
      "hablante": "Hablante A",
      "inicio": 206.01,
      "fin": 218.78,
      "duracion": 12.78,
      "texto": "Ahí va. El tema es que yo ahora lo que hago, te comento, yo lo que hago es recargar esos 10 gigas por 8.000 pesos y yo ya me desligo, no tengo que estar todos los días, va, ya, seis meses, un año o lo que fuera la promo estarás llamando, ¿me entendés?",
      "confianza": 0.527
    },
    {
      "hablante": "Hablante A",
      "inicio": 219.24,
      "fin": 223.21,
      "duracion": 3.97,
      "texto": "así que prefiero lo que tengo hoy en día en servicio cuando he tratado.",
      "confianza": 0.528
    },
    {
      "hablante": "Hablante A",
      "inicio": 223.23,
      "fin": 224.64,
      "duracion": 1.41,
      "texto": "Así que bueno, te agradezco el llamado.",
      "confianza": 0.436
    },
    {
      "hablante": "Hablante A",
      "inicio": 225.16,
      "fin": 226.08,
      "duracion": 0.92,
      "texto": "Dale, que estén muy bien.",
      "confianza": 0.459
    },
    {
      "hablante": "Hablante A",
      "inicio": 226.12,
      "fin": 228.67,
      "duracion": 2.55,
      "texto": "Que tengamos buen día.",
      "confianza": 0.713
    }
  ],
  "transcripcion_completa": "¿Hablará? Sí, ¿cómo te va? ¿Hablará? ¿Cómo estás? Buenos días. Hablo con Franco. Sí. ¿Cómo estás? Franco Agustín. ¿Es mi nombre? Me estoy comunicando. ¿Debería recuperar el cliente en Movistar? Sí. Franco, ¿no figura el sistema que vos actualmente estás en claro, sí? Así es. Bien. ¿Te consulto el motivo por el que te fuiste en Movistar? ¿Cuál fue? No me fui el movistar, tenía 20. 20, ah, bien. Entiendo, bien, bien. Claro, 20 es de Mozart. Pero no es el nombre distinto. Seguro, por supuesto. Sí, sí, sí. Bien, ¿tienes motivo por el que te fuiste de 20? Tema más accesible y tema precioso. Seguro. Bueno, te cuento, Franco, en este caso te estábamos llamando de la idea de Recupero de Monster porque tenemos promociones exclusivas para aquellos clientes que han sido parte de la compañía, ¿bien? En este caso tengo para brindarte lo que es un plan de 8 gigas de base más 10 de regalo, van a estar 18 gigas en total, was a gratis, llamás libres a todas las compañías por un precio final del día de hoy de 8 mil pesos, ¿bien? En el caso de que tengas alguna línea más, para sumar, van a tener cuatro sigas extra para cada una de las líneas por tiempo indeterminado. Estos ocho sigas, por cuánto, una vez que me dan los 10 sigas reales, termina esa promoción. ¿Los ocho sigas cuánto, qué precio listo tienes? Bien, en ese caso vos vas a tener un descuento fijo por 6 meses, ¿sí? Sí. 30 días antes de que se vaya a incrementar la factura a través de la app de Movistar si que va a notificar, ¿bien? Para qué notificamos 30 días antes para que vos puedas pedir nuevos descuentos o promociones que tengamos en vigencia. Eso lo podés hacer desde la app de Movistar o te comunicas directamente conmigo que yo voy a ser profesora. Y yo te derivo a los canales oficiales para que apliquemos también nuevas promociones o descuentos que tengamos en vigencia. OK, y el precio cuánto serían de los ocho a diez? Y en realidad, sin descuento, tiene un costo anterior, exactamente de 44.050. Pero como te he dicho, nunca vas a llegar a pagar eso. Claro, vos vas a... ¿Pero cuánto? Y, bueno, él puede crearse un incremento así de 1.500 a 2.000 pesos, ¿bien? en los últimos seis, siete meses, como para que tengas una idea, ese ha sido el incremento que ha tenido los abonos. ¿Bien? Claro. El tema es que no me conviene, porque yo estoy pagando ahora con el plan que tengo, estoy pagando los 10 gigas, ocho mil pesos. Ajá. No me conviene, digamos. Porque ustedes terminan las promociones. ¿Pero porque tenés promoción? No, no tengo promoción. Es lo que contraté. No tengo promoción. No, claro, pero es un precio promocional. Si vos te fijás, el abono de claro, el precio de lista, digamos... No, no es recarga, no es abono, es recarga. Ah, vos haces recarga, entonces el teléfono paró. Sí, me refiero a vivo recarga. Ah, bien, entiendo, entiendo, entiendo. Bien, bueno, pero en este caso te conviene, digamos, vas a tener 18 gigas los primeros seis meses, la posibilidad de guardar... Sí, el tema es claro. Entiendo lo que vos me comentas, son 18 gigas por un mes, después terminas la promo de los 10 gigas, paras a 8 gigas y después aumentas. Ah, no, por seis meses tenés los 10 gigas, no un mes. Ahí va. El tema es que yo ahora lo que hago, te comento, yo lo que hago es recargar esos 10 gigas por 8.000 pesos y yo ya me desligo, no tengo que estar todos los días, va, ya, seis meses, un año o lo que fuera la promo estarás llamando, ¿me entendés? así que prefiero lo que tengo hoy en día en servicio cuando he tratado. Así que bueno, te agradezco el llamado. Dale, que estén muy bien. Que tengamos buen día.",
  "calidad": {
    "confianza_promedio": 0.453,
    "metodo_diarizacion": "pausas_fallback",
    "tiempo_procesamiento": 9.0
  },
  "metadata": {
    "modelo": "whisperx_medium",
    "diarizacion": "pausas",
    "dispositivo": "cuda",
    "fecha": "2026-01-25T18:23:07.878540",
    "version": "5.0_ecapa"
  }
}