{
  "archivo": "amza12_1_260119102427949_ACD_70115.wav",
  "duracion_segundos": 69.53,
  "num_segmentos": 24,
  "num_hablantes": 2,
  "hablantes": [
    "Hablante A",
    "Hablante B"
  ],
  "tiempo_por_hablante": {
    "Hablante B": 22.2,
    "Hablante A": 33.42
  },
  "idioma": "es",
  "conversacion": [
    {
      "hablante": "Hablante B",
      "inicio": 1.72,
      "fin": 3.18,
      "duracion": 1.46,
      "texto": "Hola, ¿qué tal?",
      "confianza": 0.244
    },
    {
      "hablante": "Hablante B",
      "inicio": 3.2,
      "fin": 5.86,
      "duracion": 2.66,
      "texto": "¿Hablo con algún usuario de las líneas de Carlos o Héctor?",
      "confianza": 0.572
    },
    {
      "hablante": "Hablante B",
      "inicio": 7.19,
      "fin": 8.87,
      "duracion": 1.68,
      "texto": "No.",
      "confianza": 0.97
    },
    {
      "hablante": "Hablante B",
      "inicio": 8.89,
      "fin": 12.78,
      "duracion": 3.89,
      "texto": "Bien, esta línea está con nombre, caballero.",
      "confianza": 0.329
    },
    {
      "hablante": "Hablante B",
      "inicio": 12.79,
      "fin": 13.26,
      "duracion": 0.46,
      "texto": "Sí, está con mi nombre.",
      "confianza": 0.018
    },
    {
      "hablante": "Hablante B",
      "inicio": 13.28,
      "fin": 20.77,
      "duracion": 7.49,
      "texto": "Perfecto, mire, nosotros estamos llamando a la Administración Movistar para hacerles llegar una promoción al día de hoy que tenemos vigente.",
      "confianza": 0.749
    },
    {
      "hablante": "Hablante A",
      "inicio": 26.18,
      "fin": 26.92,
      "duracion": 0.74,
      "texto": "Igual, por el momento no le interesa.",
      "confianza": 0.007
    },
    {
      "hablante": "Hablante A",
      "inicio": 26.94,
      "fin": 29.48,
      "duracion": 2.54,
      "texto": "Bien, ¿por qué en inconveniente no le interesa, caballero?",
      "confianza": 0.651
    },
    {
      "hablante": "Hablante A",
      "inicio": 30.36,
      "fin": 37.3,
      "duracion": 6.95,
      "texto": "porque tengo otra empresa junto con Claro y está bien con nuestra empresa, así que no me interesa cambiarme de empresa.",
      "confianza": 0.543
    },
    {
      "hablante": "Hablante A",
      "inicio": 37.32,
      "fin": 38.24,
      "duracion": 0.92,
      "texto": "Bien, perfecto.",
      "confianza": 0.595
    },
    {
      "hablante": "Hablante A",
      "inicio": 38.26,
      "fin": 39.5,
      "duracion": 1.24,
      "texto": "Y le hago una consulta.",
      "confianza": 0.512
    },
    {
      "hablante": "Hablante A",
      "inicio": 39.52,
      "fin": 41.75,
      "duracion": 2.22,
      "texto": "¿Fibra óptica en su domicilio?",
      "confianza": 0.651
    },
    {
      "hablante": "Hablante A",
      "inicio": 42.61,
      "fin": 43.95,
      "duracion": 1.34,
      "texto": "Sí, tengo.",
      "confianza": 0.272
    },
    {
      "hablante": "Hablante A",
      "inicio": 43.97,
      "fin": 44.87,
      "duracion": 0.9,
      "texto": "Bien, perfecto.",
      "confianza": 0.722
    },
    {
      "hablante": "Hablante A",
      "inicio": 44.89,
      "fin": 46.83,
      "duracion": 1.94,
      "texto": "¿Tiene Movistar o alguna otra empresa?",
      "confianza": 0.79
    },
    {
      "hablante": "Hablante A",
      "inicio": 47.05,
      "fin": 49.53,
      "duracion": 2.48,
      "texto": "Movistar, tengo fibra óptica en el domicilio.",
      "confianza": 0.25
    },
    {
      "hablante": "Hablante A",
      "inicio": 49.55,
      "fin": 50.39,
      "duracion": 0.84,
      "texto": "Bien, perfecto.",
      "confianza": 0.88
    },
    {
      "hablante": "Hablante A",
      "inicio": 50.71,
      "fin": 52.56,
      "duracion": 1.84,
      "texto": "¿Y cómo le funcionan?",
      "confianza": 0.754
    },
    {
      "hablante": "Hablante A",
      "inicio": 52.58,
      "fin": 53.1,
      "duracion": 0.52,
      "texto": "Perfecto.",
      "confianza": 0.591
    },
    {
      "hablante": "Hablante A",
      "inicio": 53.76,
      "fin": 54.82,
      "duracion": 1.06,
      "texto": "Excelente.",
      "confianza": 0.534
    },
    {
      "hablante": "Hablante A",
      "inicio": 54.84,
      "fin": 60.14,
      "duracion": 5.3,
      "texto": "Bien, mira, si vos haces la portabilidad de tu línea, nosotros te podríamos hacer un descuento, ¿sí?",
      "confianza": 0.698
    },
    {
      "hablante": "Hablante A",
      "inicio": 60.38,
      "fin": 62.96,
      "duracion": 2.59,
      "texto": "en la fibra óptica de tu ancillo.",
      "confianza": 0.701
    },
    {
      "hablante": "Hablante B",
      "inicio": 64.95,
      "fin": 67.72,
      "duracion": 2.77,
      "texto": "Sí, sí, pero no, por el momento no, gracias.",
      "confianza": 0.573
    },
    {
      "hablante": "Hablante B",
      "inicio": 67.74,
      "fin": 69.53,
      "duracion": 1.79,
      "texto": "Bueno, dale caballero, hasta luego.",
      "confianza": 0.545
    }
  ],
  "transcripcion_completa": "Hola, ¿qué tal? ¿Hablo con algún usuario de las líneas de Carlos o Héctor? No. Bien, esta línea está con nombre, caballero. Sí, está con mi nombre. Perfecto, mire, nosotros estamos llamando a la Administración Movistar para hacerles llegar una promoción al día de hoy que tenemos vigente. Igual, por el momento no le interesa. Bien, ¿por qué en inconveniente no le interesa, caballero? porque tengo otra empresa junto con Claro y está bien con nuestra empresa, así que no me interesa cambiarme de empresa. Bien, perfecto. Y le hago una consulta. ¿Fibra óptica en su domicilio? Sí, tengo. Bien, perfecto. ¿Tiene Movistar o alguna otra empresa? Movistar, tengo fibra óptica en el domicilio. Bien, perfecto. ¿Y cómo le funcionan? Perfecto. Excelente. Bien, mira, si vos haces la portabilidad de tu línea, nosotros te podríamos hacer un descuento, ¿sí? en la fibra óptica de tu ancillo. Sí, sí, pero no, por el momento no, gracias. Bueno, dale caballero, hasta luego.",
  "calidad": {
    "confianza_promedio": 0.548,
    "metodo_diarizacion": "pausas_fallback",
    "tiempo_procesamiento": 5.3
  },
  "metadata": {
    "modelo": "whisperx_medium",
    "diarizacion": "pausas",
    "dispositivo": "cuda",
    "fecha": "2026-01-25T17:19:31.895197",
    "version": "5.0_ecapa"
  }
}