{
  "archivo": "amza19_1_260119103024114_ACD_90169.wav",
  "duracion_segundos": 1362.05,
  "num_segmentos": 296,
  "num_hablantes": 2,
  "hablantes": [
    "Hablante A",
    "Hablante B"
  ],
  "tiempo_por_hablante": {
    "Hablante A": 737.18,
    "Hablante B": 473.14
  },
  "idioma": "es",
  "conversacion": [
    {
      "hablante": "Hablante A",
      "inicio": 0.03,
      "fin": 3.27,
      "duracion": 3.24,
      "texto": "Hola, buen día.",
      "confianza": 0.501
    },
    {
      "hablante": "Hablante A",
      "inicio": 3.29,
      "fin": 7.72,
      "duracion": 4.42,
      "texto": "¿Hablo con Domingo?",
      "confianza": 0.535
    },
    {
      "hablante": "Hablante A",
      "inicio": 7.74,
      "fin": 7.8,
      "duracion": 0.06,
      "texto": "No.",
      "confianza": 0.014
    },
    {
      "hablante": "Hablante A",
      "inicio": 7.82,
      "fin": 10.14,
      "duracion": 2.32,
      "texto": "Bien, me figura que... Sí, digame.",
      "confianza": 0.264
    },
    {
      "hablante": "Hablante A",
      "inicio": 10.16,
      "fin": 13.39,
      "duracion": 3.22,
      "texto": "Está la línea en nombre de él, pero no es él.",
      "confianza": 0.325
    },
    {
      "hablante": "Hablante A",
      "inicio": 13.41,
      "fin": 14.33,
      "duracion": 0.92,
      "texto": "Ah, bien.",
      "confianza": 0.686
    },
    {
      "hablante": "Hablante A",
      "inicio": 14.35,
      "fin": 18.31,
      "duracion": 3.96,
      "texto": "Nosotros nos comunicamos del área de beneficios de movistar porque había una promo.",
      "confianza": 0.677
    },
    {
      "hablante": "Hablante A",
      "inicio": 19.64,
      "fin": 23.8,
      "duracion": 4.16,
      "texto": "No sé si podremos hablar de eso con usted para que puedan aprovechar el descuento.",
      "confianza": 0.73
    },
    {
      "hablante": "Hablante B",
      "inicio": 25.54,
      "fin": 25.8,
      "duracion": 0.26,
      "texto": "No.",
      "confianza": 0.911
    },
    {
      "hablante": "Hablante B",
      "inicio": 26.05,
      "fin": 34.12,
      "duracion": 8.07,
      "texto": "Como yo le dije la otra día a uno que me llamaron, que yo no se paré, pero la línea sigue a nombre de él.",
      "confianza": 0.576
    },
    {
      "hablante": "Hablante B",
      "inicio": 34.14,
      "fin": 45.98,
      "duracion": 11.84,
      "texto": "Y no puedo hacer el cambio de titularidad por mensaje, así que tengo que seguir así.",
      "confianza": 0.558
    },
    {
      "hablante": "Hablante B",
      "inicio": 46.0,
      "fin": 46.3,
      "duracion": 0.3,
      "texto": "Bien, entiendo.",
      "confianza": 0.005
    },
    {
      "hablante": "Hablante B",
      "inicio": 46.32,
      "fin": 46.46,
      "duracion": 0.14,
      "texto": "Sí, sí.",
      "confianza": 0.145
    },
    {
      "hablante": "Hablante B",
      "inicio": 46.48,
      "fin": 47.1,
      "duracion": 0.62,
      "texto": "Claro.",
      "confianza": 0.93
    },
    {
      "hablante": "Hablante B",
      "inicio": 47.12,
      "fin": 52.15,
      "duracion": 5.03,
      "texto": "Así que, y lo pueden poner a línea, me dijeron, pero siempre a nombre de él.",
      "confianza": 0.633
    },
    {
      "hablante": "Hablante B",
      "inicio": 52.17,
      "fin": 54.07,
      "duracion": 1.9,
      "texto": "Y yo no quiero que se siga a nombre de él.",
      "confianza": 0.532
    },
    {
      "hablante": "Hablante B",
      "inicio": 54.81,
      "fin": 57.13,
      "duracion": 2.32,
      "texto": "eso es normal.",
      "confianza": 0.105
    },
    {
      "hablante": "Hablante B",
      "inicio": 57.15,
      "fin": 73.17,
      "duracion": 16.02,
      "texto": "Claro, claro, con nosotros se puede cambiar el nombre de él y el mensaje a hacer la factura y sí se puede con copia de titularidad, pero el tema es que tiene, o sea, perdón, por mensaje, el tema es que lo ideal sería una sucursal.",
      "confianza": 0.698
    },
    {
      "hablante": "Hablante A",
      "inicio": 75.29,
      "fin": 78.73,
      "duracion": 3.44,
      "texto": "Claro, sí, es lo que me dijeron y acá en Valladolena no hay sucursal de claro.",
      "confianza": 0.444
    },
    {
      "hablante": "Hablante A",
      "inicio": 80.14,
      "fin": 83.16,
      "duracion": 3.02,
      "texto": "Claro, y de... Es viajar a otro lado y no...",
      "confianza": 0.449
    },
    {
      "hablante": "Hablante A",
      "inicio": 83.58,
      "fin": 96.35,
      "duracion": 12.78,
      "texto": "Claro, entiendo.",
      "confianza": 0.082
    },
    {
      "hablante": "Hablante A",
      "inicio": 96.37,
      "fin": 98.4,
      "duracion": 2.02,
      "texto": "Hasta que no cambie de número y me pase a movilizar, no voy a mi nombre.",
      "confianza": 0.064
    },
    {
      "hablante": "Hablante A",
      "inicio": 98.42,
      "fin": 108.37,
      "duracion": 9.95,
      "texto": "Claro, lo que yo le decía era justamente que podía pasarse, pero tendría que ir a hacer el cambio de prioridad al mes de estar en la compañía.",
      "confianza": 0.693
    },
    {
      "hablante": "Hablante B",
      "inicio": 110.17,
      "fin": 110.85,
      "duracion": 0.68,
      "texto": "Claro, sí, sí, pero me dijeron que",
      "confianza": 0.069
    },
    {
      "hablante": "Hablante B",
      "inicio": 111.24,
      "fin": 119.29,
      "duracion": 8.05,
      "texto": "Se le manda un mensaje a él pidiéndole permiso para pasarlo a línea, pero no, no.",
      "confianza": 0.679
    },
    {
      "hablante": "Hablante B",
      "inicio": 119.31,
      "fin": 122.47,
      "duracion": 3.16,
      "texto": "Es que prefiero pasarme a otro número a mi nombre.",
      "confianza": 0.765
    },
    {
      "hablante": "Hablante A",
      "inicio": 124.24,
      "fin": 127.24,
      "duracion": 3.0,
      "texto": "Claro, hacer como una línea nueva.",
      "confianza": 0.516
    },
    {
      "hablante": "Hablante A",
      "inicio": 127.26,
      "fin": 132.95,
      "duracion": 5.69,
      "texto": "Claro, claro.",
      "confianza": 0.379
    },
    {
      "hablante": "Hablante A",
      "inicio": 132.97,
      "fin": 133.51,
      "duracion": 0.54,
      "texto": "Así que igual, mil gracias.",
      "confianza": 0.008
    },
    {
      "hablante": "Hablante A",
      "inicio": 133.53,
      "fin": 134.41,
      "duracion": 0.88,
      "texto": "Bien, no está bien.",
      "confianza": 0.625
    },
    {
      "hablante": "Hablante A",
      "inicio": 135.02,
      "fin": 137.7,
      "duracion": 2.68,
      "texto": "Cualquier cosa, igual yo le voy a dejar un mensajito por WhatsApp.",
      "confianza": 0.504
    },
    {
      "hablante": "Hablante A",
      "inicio": 138.57,
      "fin": 144.38,
      "duracion": 5.81,
      "texto": "La otra opción que usted puede hacer de última es pasarla a prepago, la línea, ¿sí?",
      "confianza": 0.669
    },
    {
      "hablante": "Hablante A",
      "inicio": 144.4,
      "fin": 156.92,
      "duracion": 12.52,
      "texto": "Entonces la pasa un par, un poco a prepago y después la puede prender a cualquier titular, o sea, nombre de cualquier titular.",
      "confianza": 0.706
    },
    {
      "hablante": "Hablante A",
      "inicio": 156.94,
      "fin": 157.32,
      "duracion": 0.38,
      "texto": "¿Cómo no a prepago?",
      "confianza": 0.004
    },
    {
      "hablante": "Hablante A",
      "inicio": 157.34,
      "fin": 164.29,
      "duracion": 6.95,
      "texto": "En vez de tener abono durante un mes o dos, se queda haciendo, o un mes nada más, se queda haciendo el recarga.",
      "confianza": 0.708
    },
    {
      "hablante": "Hablante A",
      "inicio": 164.31,
      "fin": 168.51,
      "duracion": 4.21,
      "texto": "Y después porta la línea a la compañía de Movistar,",
      "confianza": 0.795
    },
    {
      "hablante": "Hablante A",
      "inicio": 169.59,
      "fin": 174.96,
      "duracion": 5.37,
      "texto": "a su nombre, porque el prepago puede cambiar de titularía inmediatamente en otra compañía.",
      "confianza": 0.702
    },
    {
      "hablante": "Hablante B",
      "inicio": 177.02,
      "fin": 178.66,
      "duracion": 1.64,
      "texto": "Ah, ¿eso lo puedo hacer?",
      "confianza": 0.084
    },
    {
      "hablante": "Hablante B",
      "inicio": 178.68,
      "fin": 179.58,
      "duracion": 0.9,
      "texto": "Sí, obvio.",
      "confianza": 0.202
    },
    {
      "hablante": "Hablante B",
      "inicio": 179.6,
      "fin": 187.61,
      "duracion": 8.01,
      "texto": "Vos tenéis que llamar al cliente y decirle, mira, quiero poner mi línea a prepago, porque no sé, que no puedes pagar, por ejemplo, ¿sí?",
      "confianza": 0.697
    },
    {
      "hablante": "Hablante A",
      "inicio": 192.28,
      "fin": 193.02,
      "duracion": 0.74,
      "texto": "Sí, pero si yo ya lo saqué a prepago.",
      "confianza": 0.007
    },
    {
      "hablante": "Hablante A",
      "inicio": 193.04,
      "fin": 195.66,
      "duracion": 2.62,
      "texto": "Ya lo tengo a prepago, pero sí el nombre de él.",
      "confianza": 0.078
    },
    {
      "hablante": "Hablante A",
      "inicio": 195.68,
      "fin": 198.6,
      "duracion": 2.92,
      "texto": "No, si es prepago, o sea que vos le haces recarga,",
      "confianza": 0.666
    },
    {
      "hablante": "Hablante A",
      "inicio": 199.06,
      "fin": 209.97,
      "duracion": 10.91,
      "texto": "¿Lo puedes poner ya a tu nombre en Movistar el día de hoy?",
      "confianza": 0.552
    },
    {
      "hablante": "Hablante A",
      "inicio": 209.99,
      "fin": 211.97,
      "duracion": 1.98,
      "texto": "Mi clara está preparada ya.",
      "confianza": 0.196
    },
    {
      "hablante": "Hablante A",
      "inicio": 211.99,
      "fin": 212.37,
      "duracion": 0.38,
      "texto": "Ah, bien, entiendo.",
      "confianza": 0.009
    },
    {
      "hablante": "Hablante A",
      "inicio": 212.39,
      "fin": 213.33,
      "duracion": 0.94,
      "texto": "Bien, déjame un segundo.",
      "confianza": 0.663
    },
    {
      "hablante": "Hablante A",
      "inicio": 213.35,
      "fin": 218.34,
      "duracion": 4.99,
      "texto": "Voy a chequear a ver qué me larga del sistema si yo lo paso como una bono.",
      "confianza": 0.684
    },
    {
      "hablante": "Hablante A",
      "inicio": 218.36,
      "fin": 227.37,
      "duracion": 9.01,
      "texto": "¿Te parece?",
      "confianza": 0.762
    },
    {
      "hablante": "Hablante A",
      "inicio": 227.39,
      "fin": 227.49,
      "duracion": 0.1,
      "texto": "Dale.",
      "confianza": 0.2
    },
    {
      "hablante": "Hablante B",
      "inicio": 233.11,
      "fin": 256.15,
      "duracion": 23.04,
      "texto": "No, no, no, no.",
      "confianza": 0.572
    },
    {
      "hablante": "Hablante A",
      "inicio": 259.48,
      "fin": 264.25,
      "duracion": 4.77,
      "texto": "No, obviamente no.",
      "confianza": 0.244
    },
    {
      "hablante": "Hablante A",
      "inicio": 264.27,
      "fin": 265.97,
      "duracion": 1.7,
      "texto": "¿Hace cuándo lo pasaste a prepago?",
      "confianza": 0.695
    },
    {
      "hablante": "Hablante B",
      "inicio": 269.78,
      "fin": 272.12,
      "duracion": 2.34,
      "texto": "Ahora era como dos meses.",
      "confianza": 0.274
    },
    {
      "hablante": "Hablante B",
      "inicio": 272.14,
      "fin": 272.36,
      "duracion": 0.22,
      "texto": "¿Dos meses?",
      "confianza": 0.004
    },
    {
      "hablante": "Hablante B",
      "inicio": 272.38,
      "fin": 272.44,
      "duracion": 0.06,
      "texto": "Sí.",
      "confianza": 0.123
    },
    {
      "hablante": "Hablante B",
      "inicio": 272.46,
      "fin": 277.33,
      "duracion": 4.87,
      "texto": "Perfecto, y o sea que vos ahora actualmente le estás haciendo recargas al teléfono directamente.",
      "confianza": 0.702
    },
    {
      "hablante": "Hablante A",
      "inicio": 279.89,
      "fin": 280.01,
      "duracion": 0.12,
      "texto": "Claro.",
      "confianza": 0.059
    },
    {
      "hablante": "Hablante A",
      "inicio": 280.04,
      "fin": 287.57,
      "duracion": 7.53,
      "texto": "Bien, entonces lo que sería el teléfono, si vos le haces recargas y no pagas una factura mensual,",
      "confianza": 0.676
    },
    {
      "hablante": "Hablante A",
      "inicio": 287.72,
      "fin": 296.09,
      "duracion": 8.37,
      "texto": "Ya lo podréis poner directamente a tu nombre el día de hoy en Movistar.",
      "confianza": 0.741
    },
    {
      "hablante": "Hablante A",
      "inicio": 296.11,
      "fin": 296.33,
      "duracion": 0.22,
      "texto": "¡Buenísimo!",
      "confianza": 0.004
    },
    {
      "hablante": "Hablante A",
      "inicio": 296.35,
      "fin": 296.69,
      "duracion": 0.34,
      "texto": "Yo en Santana.",
      "confianza": 0.056
    },
    {
      "hablante": "Hablante A",
      "inicio": 296.71,
      "fin": 298.15,
      "duracion": 1.44,
      "texto": "Perfecto, entonces.",
      "confianza": 0.25
    },
    {
      "hablante": "Hablante A",
      "inicio": 298.17,
      "fin": 300.09,
      "duracion": 1.92,
      "texto": "Bien, su línea es esta a la que estamos hablando.",
      "confianza": 0.59
    },
    {
      "hablante": "Hablante A",
      "inicio": 300.13,
      "fin": 301.61,
      "duracion": 1.48,
      "texto": "Termina en 5742.",
      "confianza": 0.805
    },
    {
      "hablante": "Hablante A",
      "inicio": 301.81,
      "fin": 301.97,
      "duracion": 0.16,
      "texto": "Exacto.",
      "confianza": 0.425
    },
    {
      "hablante": "Hablante A",
      "inicio": 302.11,
      "fin": 302.43,
      "duracion": 0.32,
      "texto": "Perfecto.",
      "confianza": 0.388
    },
    {
      "hablante": "Hablante B",
      "inicio": 309.32,
      "fin": 317.11,
      "duracion": 7.79,
      "texto": "Te voy a comentar los clares, primero que nada, para ver si obviamente te va a convenir lo que sería la oferta, si la podés poner a tu nombre, ¿sí?",
      "confianza": 0.59
    },
    {
      "hablante": "Hablante B",
      "inicio": 317.13,
      "fin": 317.23,
      "duracion": 0.1,
      "texto": "Dale.",
      "confianza": 0.024
    },
    {
      "hablante": "Hablante B",
      "inicio": 317.25,
      "fin": 317.35,
      "duracion": 0.1,
      "texto": "Dale.",
      "confianza": 0.2
    },
    {
      "hablante": "Hablante B",
      "inicio": 317.74,
      "fin": 320.1,
      "duracion": 2.36,
      "texto": "Tengo dos planes para ofrecerte el día de hoy.",
      "confianza": 0.312
    },
    {
      "hablante": "Hablante B",
      "inicio": 320.12,
      "fin": 323.77,
      "duracion": 3.65,
      "texto": "Un plan de 8 gigas de base más 8 gigas de regalo por 6 meses.",
      "confianza": 0.696
    },
    {
      "hablante": "Hablante B",
      "inicio": 324.37,
      "fin": 328.88,
      "duracion": 4.51,
      "texto": "Vienes con WhatsApp gratis llamadas libres a cualquier compañera, roaming en América.",
      "confianza": 0.674
    },
    {
      "hablante": "Hablante B",
      "inicio": 328.9,
      "fin": 337.85,
      "duracion": 8.95,
      "texto": "Y este plan así de 16 gigas mensuales tiene un valor el día de hoy de 10.400 pesos finales.",
      "confianza": 0.783
    },
    {
      "hablante": "Hablante B",
      "inicio": 337.87,
      "fin": 343.76,
      "duracion": 5.89,
      "texto": "Si vos sos de usar algo menos todavía tenés el plan de 4 gigas de base más 4 de regalo por 6 meses.",
      "confianza": 0.685
    },
    {
      "hablante": "Hablante B",
      "inicio": 344.1,
      "fin": 362.21,
      "duracion": 18.12,
      "texto": "que también viene con whatsapp gratis y las llamadas libres a cualquier compañía, solo que no trae roaming y tiene un valor de $7,460 pesos, ¿sí?",
      "confianza": 0.706
    },
    {
      "hablante": "Hablante B",
      "inicio": 362.23,
      "fin": 362.35,
      "duracion": 0.12,
      "texto": "Claro.",
      "confianza": 0.005
    },
    {
      "hablante": "Hablante B",
      "inicio": 362.37,
      "fin": 363.03,
      "duracion": 0.66,
      "texto": "Un millón, claro, usaba el de 15.",
      "confianza": 0.003
    },
    {
      "hablante": "Hablante B",
      "inicio": 363.05,
      "fin": 363.83,
      "duracion": 0.78,
      "texto": "Así que para arrancar el de 8 me sirve.",
      "confianza": 0.004
    },
    {
      "hablante": "Hablante B",
      "inicio": 363.86,
      "fin": 365.04,
      "duracion": 1.18,
      "texto": "Ah, perfecto.",
      "confianza": 0.662
    },
    {
      "hablante": "Hablante B",
      "inicio": 365.06,
      "fin": 372.88,
      "duracion": 7.83,
      "texto": "O sea, arrancarías con el de 10,400, me necesito el de 8 de ayudas totales.",
      "confianza": 0.627
    },
    {
      "hablante": "Hablante B",
      "inicio": 372.9,
      "fin": 373.08,
      "duracion": 0.18,
      "texto": "Ah, bien.",
      "confianza": 0.016
    },
    {
      "hablante": "Hablante B",
      "inicio": 373.1,
      "fin": 373.44,
      "duracion": 0.34,
      "texto": "No, no, el de 10.",
      "confianza": 0.074
    },
    {
      "hablante": "Hablante B",
      "inicio": 373.88,
      "fin": 385.1,
      "duracion": 11.22,
      "texto": "Bien, dame un segundo, te voy a poner o la serpilla de Movistar que estoy escribiendo a... el WhatsApp.",
      "confianza": 0.637
    },
    {
      "hablante": "Hablante B",
      "inicio": 385.12,
      "fin": 388.66,
      "duracion": 3.54,
      "texto": "Te voy a mandar el plan que vas a tener vos directamente aquí.",
      "confianza": 0.663
    },
    {
      "hablante": "Hablante A",
      "inicio": 390.62,
      "fin": 390.68,
      "duracion": 0.06,
      "texto": "Sí.",
      "confianza": 0.046
    },
    {
      "hablante": "Hablante A",
      "inicio": 390.7,
      "fin": 398.86,
      "duracion": 8.15,
      "texto": "Para que ya tengas mi número y directamente me agendes porque yo voy a ser tu asesora también, ¿sabes?",
      "confianza": 0.734
    },
    {
      "hablante": "Hablante A",
      "inicio": 398.88,
      "fin": 399.19,
      "duracion": 0.32,
      "texto": "Dale.",
      "confianza": 0.456
    },
    {
      "hablante": "Hablante A",
      "inicio": 399.38,
      "fin": 404.5,
      "duracion": 5.13,
      "texto": "Para, ahí te lo mandé con el precio viejo, el que vas a tener ahora es de 10.400.",
      "confianza": 0.695
    },
    {
      "hablante": "Hablante A",
      "inicio": 405.67,
      "fin": 416.26,
      "duracion": 10.59,
      "texto": "¿Por qué entra en promoción?",
      "confianza": 0.574
    },
    {
      "hablante": "Hablante A",
      "inicio": 416.28,
      "fin": 416.46,
      "duracion": 0.18,
      "texto": "Ahora sí.",
      "confianza": 0.07
    },
    {
      "hablante": "Hablante A",
      "inicio": 416.48,
      "fin": 419.44,
      "duracion": 2.96,
      "texto": "Bien.",
      "confianza": 0.315
    },
    {
      "hablante": "Hablante A",
      "inicio": 419.46,
      "fin": 422.06,
      "duracion": 2.6,
      "texto": "Lo vamos a poner a tu nombre, ¿cierto?",
      "confianza": 0.703
    },
    {
      "hablante": "Hablante A",
      "inicio": 422.08,
      "fin": 423.54,
      "duracion": 1.46,
      "texto": "Buenísimo, sí, sí.",
      "confianza": 0.281
    },
    {
      "hablante": "Hablante A",
      "inicio": 423.56,
      "fin": 424.43,
      "duracion": 0.86,
      "texto": "Perfecto.",
      "confianza": 0.778
    },
    {
      "hablante": "Hablante A",
      "inicio": 424.44,
      "fin": 426.51,
      "duracion": 2.06,
      "texto": "El chip, ¿lo podés?",
      "confianza": 0.478
    },
    {
      "hablante": "Hablante A",
      "inicio": 426.53,
      "fin": 429.03,
      "duracion": 2.5,
      "texto": "Vos me decías que el sucursal de Movistar no había ahí.",
      "confianza": 0.519
    },
    {
      "hablante": "Hablante A",
      "inicio": 430.41,
      "fin": 434.14,
      "duracion": 3.73,
      "texto": "No, ni demostrar ni declarar.",
      "confianza": 0.142
    },
    {
      "hablante": "Hablante A",
      "inicio": 434.16,
      "fin": 440.36,
      "duracion": 6.21,
      "texto": "Bien, nosotros tenemos dos opciones, ¿o que lo enviamos a tu domicilio particular o laboral o lo retiras por una sucursal de Andreani?",
      "confianza": 0.64
    },
    {
      "hablante": "Hablante A",
      "inicio": 440.38,
      "fin": 445.51,
      "duracion": 5.13,
      "texto": "¿Qué eres el que vos lo preferirías en este caso?",
      "confianza": 0.645
    },
    {
      "hablante": "Hablante A",
      "inicio": 445.53,
      "fin": 448.57,
      "duracion": 3.04,
      "texto": "Andreani tampoco, ahí me parecen.",
      "confianza": 0.077
    },
    {
      "hablante": "Hablante A",
      "inicio": 448.59,
      "fin": 449.1,
      "duracion": 0.5,
      "texto": "Correo argentino a Aguas.",
      "confianza": 0.007
    },
    {
      "hablante": "Hablante A",
      "inicio": 449.12,
      "fin": 455.74,
      "duracion": 6.63,
      "texto": "Ah, bien, entonces lo enviamos directamente a tu domicilio, así no tenemos inconveniente con el chip, ¿sí?",
      "confianza": 0.639
    },
    {
      "hablante": "Hablante A",
      "inicio": 456.37,
      "fin": 462.01,
      "duracion": 5.65,
      "texto": "Decime la calle en numeración a donde lo enviaríamos, muchachos.",
      "confianza": 0.728
    },
    {
      "hablante": "Hablante A",
      "inicio": 462.07,
      "fin": 470.27,
      "duracion": 8.19,
      "texto": "11-11-71, y esto pertenece a... Maidalena.",
      "confianza": 0.697
    },
    {
      "hablante": "Hablante A",
      "inicio": 470.29,
      "fin": 479.12,
      "duracion": 8.83,
      "texto": "¿Esa es la localidad?",
      "confianza": 0.746
    },
    {
      "hablante": "Hablante A",
      "inicio": 479.14,
      "fin": 480.67,
      "duracion": 1.52,
      "texto": "Ah, acá está.",
      "confianza": 0.372
    },
    {
      "hablante": "Hablante B",
      "inicio": 483.6,
      "fin": 488.11,
      "duracion": 4.51,
      "texto": "Es entre las calles, Presidente Perón y Maipú.",
      "confianza": 0.746
    },
    {
      "hablante": "Hablante B",
      "inicio": 488.13,
      "fin": 489.19,
      "duracion": 1.06,
      "texto": "Exacto.",
      "confianza": 0.205
    },
    {
      "hablante": "Hablante B",
      "inicio": 489.21,
      "fin": 489.77,
      "duracion": 0.56,
      "texto": "Perfecto.",
      "confianza": 0.899
    },
    {
      "hablante": "Hablante B",
      "inicio": 490.23,
      "fin": 501.05,
      "duracion": 10.82,
      "texto": "Te voy a pedir dos referencias de cómo se ve tu casa por fuera para que el chico del caete, cuando te lo vaya a entregar, se ubique correctamente.",
      "confianza": 0.695
    },
    {
      "hablante": "Hablante B",
      "inicio": 501.07,
      "fin": 501.27,
      "duracion": 0.2,
      "texto": "Vale.",
      "confianza": 0.481
    },
    {
      "hablante": "Hablante B",
      "inicio": 501.31,
      "fin": 503.19,
      "duracion": 1.88,
      "texto": "Es una casa antigua.",
      "confianza": 0.598
    },
    {
      "hablante": "Hablante B",
      "inicio": 503.21,
      "fin": 504.95,
      "duracion": 1.74,
      "texto": "Bien.",
      "confianza": 0.724
    },
    {
      "hablante": "Hablante B",
      "inicio": 504.97,
      "fin": 510.8,
      "duracion": 5.83,
      "texto": "Tiene lona, qué sería, un murito y lona verde.",
      "confianza": 0.774
    },
    {
      "hablante": "Hablante B",
      "inicio": 510.82,
      "fin": 513.52,
      "duracion": 2.7,
      "texto": "No sé cómo sería.",
      "confianza": 0.662
    },
    {
      "hablante": "Hablante A",
      "inicio": 515.51,
      "fin": 525.48,
      "duracion": 9.97,
      "texto": "Tiene como una base de ladrillo, un murito, y para arriba tiene rejas con lona verde.",
      "confianza": 0.591
    },
    {
      "hablante": "Hablante A",
      "inicio": 525.5,
      "fin": 531.25,
      "duracion": 5.75,
      "texto": "Con base de ladrillo, con rejas y lona verde.",
      "confianza": 0.728
    },
    {
      "hablante": "Hablante A",
      "inicio": 531.27,
      "fin": 532.55,
      "duracion": 1.28,
      "texto": "Exacto.",
      "confianza": 0.502
    },
    {
      "hablante": "Hablante A",
      "inicio": 532.57,
      "fin": 532.99,
      "duracion": 0.42,
      "texto": "Perfecto.",
      "confianza": 0.87
    },
    {
      "hablante": "Hablante A",
      "inicio": 533.05,
      "fin": 537.5,
      "duracion": 4.44,
      "texto": "Al frente de la casa se ve de afuera, solo se ven las rejas y la lona verde.",
      "confianza": 0.684
    },
    {
      "hablante": "Hablante A",
      "inicio": 538.9,
      "fin": 543.88,
      "duracion": 4.98,
      "texto": "En mitad de la casa antigua, en mitad de... Ahí la vi.",
      "confianza": 0.526
    },
    {
      "hablante": "Hablante A",
      "inicio": 544.28,
      "fin": 552.89,
      "duracion": 8.61,
      "texto": "que tiene como, no sé, capaz que es vieja la foto, salía como una puertita de reja celeste.",
      "confianza": 0.716
    },
    {
      "hablante": "Hablante A",
      "inicio": 552.91,
      "fin": 558.32,
      "duracion": 5.41,
      "texto": "No, no, es vieja.",
      "confianza": 0.234
    },
    {
      "hablante": "Hablante A",
      "inicio": 558.34,
      "fin": 559.18,
      "duracion": 0.84,
      "texto": "Ah, bien, perfecto.",
      "confianza": 0.14
    },
    {
      "hablante": "Hablante A",
      "inicio": 559.2,
      "fin": 559.82,
      "duracion": 0.62,
      "texto": "Al frente está una veterinaria.",
      "confianza": 0.036
    },
    {
      "hablante": "Hablante A",
      "inicio": 559.84,
      "fin": 563.2,
      "duracion": 3.36,
      "texto": "Ah, perfecto, sí, ahí la vi.",
      "confianza": 0.633
    },
    {
      "hablante": "Hablante A",
      "inicio": 563.22,
      "fin": 564.71,
      "duracion": 1.48,
      "texto": "Excelente.",
      "confianza": 0.369
    },
    {
      "hablante": "Hablante A",
      "inicio": 564.73,
      "fin": 568.61,
      "duracion": 3.88,
      "texto": "Bien.",
      "confianza": 0.89
    },
    {
      "hablante": "Hablante A",
      "inicio": 568.63,
      "fin": 571.27,
      "duracion": 2.64,
      "texto": "¿Algún correo que uses actualmente?",
      "confianza": 0.89
    },
    {
      "hablante": "Hablante A",
      "inicio": 572.5,
      "fin": 572.75,
      "duracion": 0.26,
      "texto": "Sí, sí.",
      "confianza": 0.374
    },
    {
      "hablante": "Hablante A",
      "inicio": 574.0,
      "fin": 575.52,
      "duracion": 1.52,
      "texto": "Le des más.",
      "confianza": 0.252
    },
    {
      "hablante": "Hablante A",
      "inicio": 575.54,
      "fin": 577.3,
      "duracion": 1.76,
      "texto": "Le des más.",
      "confianza": 0.647
    },
    {
      "hablante": "Hablante A",
      "inicio": 577.32,
      "fin": 581.43,
      "duracion": 4.11,
      "texto": "Sí, Joana, J O H. Sí.",
      "confianza": 0.586
    },
    {
      "hablante": "Hablante A",
      "inicio": 581.45,
      "fin": 584.11,
      "duracion": 2.66,
      "texto": "Setecientos arroba Gmail.",
      "confianza": 0.431
    },
    {
      "hablante": "Hablante A",
      "inicio": 584.13,
      "fin": 586.26,
      "duracion": 2.12,
      "texto": "Setecientos arroba Gmail.",
      "confianza": 0.644
    },
    {
      "hablante": "Hablante A",
      "inicio": 586.82,
      "fin": 592.9,
      "duracion": 6.09,
      "texto": "Joana es J O H A N A o lleva dos N también.",
      "confianza": 0.709
    },
    {
      "hablante": "Hablante A",
      "inicio": 592.92,
      "fin": 593.21,
      "duracion": 0.28,
      "texto": "No, no.",
      "confianza": 0.326
    },
    {
      "hablante": "Hablante A",
      "inicio": 593.23,
      "fin": 596.27,
      "duracion": 3.04,
      "texto": "Lleva dos N, pero en el correo tiene una.",
      "confianza": 0.306
    },
    {
      "hablante": "Hablante A",
      "inicio": 596.29,
      "fin": 596.73,
      "duracion": 0.44,
      "texto": "Perfecto.",
      "confianza": 0.766
    },
    {
      "hablante": "Hablante A",
      "inicio": 596.83,
      "fin": 601.66,
      "duracion": 4.83,
      "texto": "Le des más, Joana, setecientos arroba Gmail punto com.",
      "confianza": 0.576
    },
    {
      "hablante": "Hablante A",
      "inicio": 601.68,
      "fin": 601.82,
      "duracion": 0.14,
      "texto": "Exacto.",
      "confianza": 0.047
    },
    {
      "hablante": "Hablante A",
      "inicio": 601.84,
      "fin": 603.4,
      "duracion": 1.56,
      "texto": "Perfecto.",
      "confianza": 0.603
    },
    {
      "hablante": "Hablante A",
      "inicio": 603.42,
      "fin": 603.52,
      "duracion": 0.1,
      "texto": "Bien.",
      "confianza": 0.198
    },
    {
      "hablante": "Hablante A",
      "inicio": 603.7,
      "fin": 615.02,
      "duracion": 11.32,
      "texto": "Te voy a pensar lo que es a mi WhatsApp, al que te mandé la promo, me podrás enviar lo que sería una foto del prendidor, sobre tu DNI, que es a nombre de quien vamos a poner la línea actualmente del sistema, ¿sí?",
      "confianza": 0.671
    },
    {
      "hablante": "Hablante A",
      "inicio": 615.04,
      "fin": 621.49,
      "duracion": 6.45,
      "texto": "Yo la voy a subir al sistema y te aviso acá por llamada para que la borde directamente.",
      "confianza": 0.584
    },
    {
      "hablante": "Hablante A",
      "inicio": 621.51,
      "fin": 621.71,
      "duracion": 0.2,
      "texto": "Buenísimo.",
      "confianza": 0.025
    },
    {
      "hablante": "Hablante A",
      "inicio": 621.73,
      "fin": 626.74,
      "duracion": 5.01,
      "texto": "Dale, si quieres ir mandándomela yo voy a ir cargando todo el resto.",
      "confianza": 0.409
    },
    {
      "hablante": "Hablante A",
      "inicio": 626.75,
      "fin": 626.96,
      "duracion": 0.2,
      "texto": "Buenísimo.",
      "confianza": 0.008
    },
    {
      "hablante": "Hablante A",
      "inicio": 626.98,
      "fin": 627.08,
      "duracion": 0.1,
      "texto": "Dale.",
      "confianza": 0.2
    },
    {
      "hablante": "Hablante B",
      "inicio": 647.93,
      "fin": 664.98,
      "duracion": 17.05,
      "texto": "A ver si me conformo para dar una explicación.",
      "confianza": 0.356
    },
    {
      "hablante": "Hablante B",
      "inicio": 665.0,
      "fin": 665.26,
      "duracion": 0.26,
      "texto": "Dale.",
      "confianza": 0.443
    },
    {
      "hablante": "Hablante A",
      "inicio": 685.71,
      "fin": 705.41,
      "duracion": 19.7,
      "texto": "Ahí ya están variadas por sistema, si querés borrarla, borrarla tranquila.",
      "confianza": 0.638
    },
    {
      "hablante": "Hablante A",
      "inicio": 705.69,
      "fin": 708.15,
      "duracion": 2.46,
      "texto": "Listo, y la forraste, perfecto.",
      "confianza": 0.433
    },
    {
      "hablante": "Hablante A",
      "inicio": 708.17,
      "fin": 711.5,
      "duracion": 3.32,
      "texto": "Yo te iba a preguntar, ¿Tenés alguna recarga?",
      "confianza": 0.735
    },
    {
      "hablante": "Hablante A",
      "inicio": 711.66,
      "fin": 720.57,
      "duracion": 8.91,
      "texto": "Me decía Luisy que cuando vas a recargar, te llega un mensajito de texto de que como que se activó la recarga.",
      "confianza": 0.503
    },
    {
      "hablante": "Hablante A",
      "inicio": 720.59,
      "fin": 721.03,
      "duracion": 0.44,
      "texto": "Sí, me lo declaro, sí.",
      "confianza": 0.005
    },
    {
      "hablante": "Hablante A",
      "inicio": 721.05,
      "fin": 721.93,
      "duracion": 0.88,
      "texto": "Perfecto.",
      "confianza": 0.905
    },
    {
      "hablante": "Hablante A",
      "inicio": 721.95,
      "fin": 723.83,
      "duracion": 1.88,
      "texto": "¿Vos tenés alguna recarga vieja?",
      "confianza": 0.761
    },
    {
      "hablante": "Hablante A",
      "inicio": 723.93,
      "fin": 730.74,
      "duracion": 6.81,
      "texto": "Por ejemplo, más o menos de noviembre o de... Si noviembre tenés, genial.",
      "confianza": 0.701
    },
    {
      "hablante": "Hablante A",
      "inicio": 731.11,
      "fin": 742.59,
      "duracion": 11.48,
      "texto": "que le hayas hecho una recarga y le llegue el mensajito de acreditación, una de las primeras.",
      "confianza": 0.482
    },
    {
      "hablante": "Hablante A",
      "inicio": 742.61,
      "fin": 746.53,
      "duracion": 3.93,
      "texto": "Me pasa que me manejaba con el de 15 siglos y no llegaba bien al mes.",
      "confianza": 0.111
    },
    {
      "hablante": "Hablante A",
      "inicio": 746.55,
      "fin": 746.89,
      "duracion": 0.34,
      "texto": "No hacía recarga.",
      "confianza": 0.022
    },
    {
      "hablante": "Hablante A",
      "inicio": 746.91,
      "fin": 747.33,
      "duracion": 0.42,
      "texto": "Claro.",
      "confianza": 0.729
    },
    {
      "hablante": "Hablante A",
      "inicio": 747.69,
      "fin": 748.55,
      "duracion": 0.86,
      "texto": "Ah, bien.",
      "confianza": 0.764
    },
    {
      "hablante": "Hablante A",
      "inicio": 748.58,
      "fin": 749.22,
      "duracion": 0.64,
      "texto": "Bien, bien, bien.",
      "confianza": 0.633
    },
    {
      "hablante": "Hablante A",
      "inicio": 749.32,
      "fin": 752.86,
      "duracion": 3.55,
      "texto": "Y la última recarga que le hiciste, más o menos, ¿cuándo fue?",
      "confianza": 0.706
    },
    {
      "hablante": "Hablante A",
      "inicio": 752.88,
      "fin": 754.42,
      "duracion": 1.54,
      "texto": "Ayer.",
      "confianza": 0.211
    },
    {
      "hablante": "Hablante A",
      "inicio": 754.44,
      "fin": 755.71,
      "duracion": 1.26,
      "texto": "Perfecto.",
      "confianza": 0.899
    },
    {
      "hablante": "Hablante A",
      "inicio": 755.73,
      "fin": 757.89,
      "duracion": 2.16,
      "texto": "¿Y qué te iba a decir?",
      "confianza": 0.515
    },
    {
      "hablante": "Hablante A",
      "inicio": 758.33,
      "fin": 764.12,
      "duracion": 5.79,
      "texto": "A ver, quiero buscar alguna que sea alguna... ¿De cuándo tendrías una recarga, por ejemplo, del diciembre?",
      "confianza": 0.758
    },
    {
      "hablante": "Hablante B",
      "inicio": 772.01,
      "fin": 773.73,
      "duracion": 1.72,
      "texto": "Mmm... No.",
      "confianza": 0.385
    },
    {
      "hablante": "Hablante B",
      "inicio": 773.75,
      "fin": 785.91,
      "duracion": 12.16,
      "texto": "Tampoco es que... A ver.",
      "confianza": 0.072
    },
    {
      "hablante": "Hablante B",
      "inicio": 785.93,
      "fin": 786.41,
      "duracion": 0.48,
      "texto": "Estoy buscando... Mmm...",
      "confianza": 0.075
    },
    {
      "hablante": "Hablante A",
      "inicio": 788.21,
      "fin": 794.8,
      "duracion": 6.59,
      "texto": "No, no.",
      "confianza": 0.596
    },
    {
      "hablante": "Hablante A",
      "inicio": 794.82,
      "fin": 804.49,
      "duracion": 9.67,
      "texto": "Hasta que salí de borrar los mensajes, pero no.",
      "confianza": 0.377
    },
    {
      "hablante": "Hablante A",
      "inicio": 804.51,
      "fin": 808.74,
      "duracion": 4.23,
      "texto": "No, no hay problema.",
      "confianza": 0.195
    },
    {
      "hablante": "Hablante A",
      "inicio": 808.76,
      "fin": 812.56,
      "duracion": 3.8,
      "texto": "No, no tengo.",
      "confianza": 0.522
    },
    {
      "hablante": "Hablante A",
      "inicio": 812.58,
      "fin": 816.15,
      "duracion": 3.56,
      "texto": "Se te han borrado directamente.",
      "confianza": 0.519
    },
    {
      "hablante": "Hablante A",
      "inicio": 816.17,
      "fin": 817.51,
      "duracion": 1.34,
      "texto": "Seguramente.",
      "confianza": 0.533
    },
    {
      "hablante": "Hablante A",
      "inicio": 818.08,
      "fin": 835.62,
      "duracion": 17.54,
      "texto": "Igual creo que es lo que pasó, porque cuando yo metí el pago, sacó la línea en nombre de él, el abono, y fue en diciembre.",
      "confianza": 0.556
    },
    {
      "hablante": "Hablante A",
      "inicio": 836.34,
      "fin": 843.0,
      "duracion": 6.67,
      "texto": "Y justo tuve, me habían habilitado 15 chivas, entonces todo diciembre se iré con eso.",
      "confianza": 0.523
    },
    {
      "hablante": "Hablante A",
      "inicio": 843.02,
      "fin": 846.95,
      "duracion": 3.92,
      "texto": "¿Se tiene en enero o habré hecho alguna carga?",
      "confianza": 0.494
    },
    {
      "hablante": "Hablante A",
      "inicio": 846.97,
      "fin": 848.07,
      "duracion": 1.1,
      "texto": "Bueno, no hay problema.",
      "confianza": 0.633
    },
    {
      "hablante": "Hablante A",
      "inicio": 848.4,
      "fin": 868.37,
      "duracion": 19.96,
      "texto": "Como vos la pasás igual a prepago, la línea, te voy a pedir que me mandes una captura de la última reclada, la de ayer, que me la van a pedir seguro, pero con eso ya estaríamos.",
      "confianza": 0.699
    },
    {
      "hablante": "Hablante A",
      "inicio": 868.39,
      "fin": 870.73,
      "duracion": 2.34,
      "texto": "¿Qué te pasó?",
      "confianza": 0.096
    },
    {
      "hablante": "Hablante A",
      "inicio": 870.75,
      "fin": 874.48,
      "duracion": 3.73,
      "texto": "¿Una captura donde dice que te acreditamos?",
      "confianza": 0.093
    },
    {
      "hablante": "Hablante A",
      "inicio": 874.5,
      "fin": 875.6,
      "duracion": 1.1,
      "texto": "No es una esa.",
      "confianza": 0.148
    },
    {
      "hablante": "Hablante A",
      "inicio": 875.62,
      "fin": 878.04,
      "duracion": 2.42,
      "texto": "Que se vea la fecha de ayer, eso sería nada más.",
      "confianza": 0.57
    },
    {
      "hablante": "Hablante A",
      "inicio": 878.71,
      "fin": 903.59,
      "duracion": 24.88,
      "texto": "Perfecto, eso me sigue, Joan.",
      "confianza": 0.616
    },
    {
      "hablante": "Hablante A",
      "inicio": 903.61,
      "fin": 904.21,
      "duracion": 0.6,
      "texto": "Bien, Joan.",
      "confianza": 0.683
    },
    {
      "hablante": "Hablante A",
      "inicio": 904.63,
      "fin": 906.65,
      "duracion": 2.02,
      "texto": "Nos quedarían dos cosas, nada más.",
      "confianza": 0.762
    },
    {
      "hablante": "Hablante A",
      "inicio": 906.84,
      "fin": 909.28,
      "duracion": 2.44,
      "texto": "Una, enviarte lo que es el mensaje de portabilidad.",
      "confianza": 0.743
    },
    {
      "hablante": "Hablante A",
      "inicio": 909.32,
      "fin": 919.58,
      "duracion": 10.26,
      "texto": "Si ya has hecho alguna de esas portabilidades, ya sabes de qué se trata, igual yo te lo voy a comentar, ¿sí?",
      "confianza": 0.601
    },
    {
      "hablante": "Hablante A",
      "inicio": 919.6,
      "fin": 920.0,
      "duracion": 0.4,
      "texto": "Sí, sí, se ha hecho.",
      "confianza": 0.021
    },
    {
      "hablante": "Hablante A",
      "inicio": 920.02,
      "fin": 920.12,
      "duracion": 0.1,
      "texto": "Bien.",
      "confianza": 0.003
    },
    {
      "hablante": "Hablante A",
      "inicio": 920.14,
      "fin": 921.06,
      "duracion": 0.92,
      "texto": "Porque ya estuvo eso mucho tiempo, no ahorita.",
      "confianza": 0.008
    },
    {
      "hablante": "Hablante A",
      "inicio": 921.08,
      "fin": 922.74,
      "duracion": 1.66,
      "texto": "Bien, perfecto, entonces.",
      "confianza": 0.782
    },
    {
      "hablante": "Hablante A",
      "inicio": 922.76,
      "fin": 931.21,
      "duracion": 8.45,
      "texto": "Te voy a enviar un mensajito del texto desde el remitente 223, o más 223, que es NACOM, el ente regulador de todas las compañías telefónicas",
      "confianza": 0.714
    },
    {
      "hablante": "Hablante A",
      "inicio": 932.02,
      "fin": 934.12,
      "duracion": 2.1,
      "texto": "con tu mensaje de portabilidad.",
      "confianza": 0.632
    },
    {
      "hablante": "Hablante A",
      "inicio": 934.22,
      "fin": 940.87,
      "duracion": 6.65,
      "texto": "Este mensaje de portabilidad, más o menos, va a tener fecha de vencimiento del día 26 de enero, ¿sí?",
      "confianza": 0.653
    },
    {
      "hablante": "Hablante B",
      "inicio": 942.37,
      "fin": 944.55,
      "duracion": 2.18,
      "texto": "Y te va a decir para el prestador MBS.",
      "confianza": 0.659
    },
    {
      "hablante": "Hablante B",
      "inicio": 944.59,
      "fin": 950.76,
      "duracion": 6.17,
      "texto": "Yo ahora te lo voy a enviar y vas a ver que te van a empezar a entrar llamadas del área de retención de clientes.",
      "confianza": 0.658
    },
    {
      "hablante": "Hablante B",
      "inicio": 950.78,
      "fin": 954.24,
      "duracion": 3.46,
      "texto": "Y claro, diciéndote que te pueden inhabilitar la línea o algo.",
      "confianza": 0.639
    },
    {
      "hablante": "Hablante B",
      "inicio": 954.28,
      "fin": 955.02,
      "duracion": 0.74,
      "texto": "Eso es mentira.",
      "confianza": 0.523
    },
    {
      "hablante": "Hablante B",
      "inicio": 955.36,
      "fin": 959.33,
      "duracion": 3.96,
      "texto": "Solamente lo hacen para que vos no te pases de una compañera a otra.",
      "confianza": 0.715
    },
    {
      "hablante": "Hablante B",
      "inicio": 960.02,
      "fin": 971.73,
      "duracion": 11.72,
      "texto": "Así que por lo que es un ratito, durante el día de hoy, trataré de evitar atender llamadas en números privados o desconocidos para que no nos hagan caer la portabilidad nada más, ¿sí?",
      "confianza": 0.666
    },
    {
      "hablante": "Hablante B",
      "inicio": 971.75,
      "fin": 971.93,
      "duracion": 0.18,
      "texto": "Bonísimo.",
      "confianza": 0.015
    },
    {
      "hablante": "Hablante B",
      "inicio": 971.95,
      "fin": 972.13,
      "duracion": 0.18,
      "texto": "Perfecto.",
      "confianza": 0.071
    },
    {
      "hablante": "Hablante B",
      "inicio": 972.15,
      "fin": 978.8,
      "duracion": 6.65,
      "texto": "Dame un segundo que ahora lo voy a enviar y luego te voy a leer tu bono de calidad donde este nombre, que todos los beneficios estén correctamente.",
      "confianza": 0.613
    },
    {
      "hablante": "Hablante B",
      "inicio": 978.82,
      "fin": 987.24,
      "duracion": 8.41,
      "texto": "Y te doy la bienvenida a la compañía del Movistar, ya que esta llamada está siendo grabada por la Liga de Calidad Nuestra, ¿sí?",
      "confianza": 0.696
    },
    {
      "hablante": "Hablante A",
      "inicio": 989.2,
      "fin": 989.5,
      "duracion": 0.3,
      "texto": "Bonísimo, dale.",
      "confianza": 0.114
    },
    {
      "hablante": "Hablante A",
      "inicio": 989.85,
      "fin": 990.97,
      "duracion": 1.12,
      "texto": "Perfecto.",
      "confianza": 0.346
    },
    {
      "hablante": "Hablante A",
      "inicio": 990.99,
      "fin": 993.82,
      "duracion": 2.82,
      "texto": "Fíjate ahí si te llegó el mensajito de texto del remitente 223.",
      "confianza": 0.601
    },
    {
      "hablante": "Hablante B",
      "inicio": 995.8,
      "fin": 1008.26,
      "duracion": 12.46,
      "texto": "No es WhatsApp, es un mensaje de texto común.",
      "confianza": 0.685
    },
    {
      "hablante": "Hablante B",
      "inicio": 1008.28,
      "fin": 1009.7,
      "duracion": 1.42,
      "texto": "Perfecto.",
      "confianza": 0.942
    },
    {
      "hablante": "Hablante B",
      "inicio": 1009.72,
      "fin": 1015.57,
      "duracion": 5.85,
      "texto": "Fíjate si le puedes sacar una captura y enviármelo, así yo ya lo voy adjuntando a la solicitud.",
      "confianza": 0.659
    },
    {
      "hablante": "Hablante B",
      "inicio": 1015.97,
      "fin": 1021.68,
      "duracion": 5.71,
      "texto": "Con este mensaje nosotros le avisamos a Claro que vos te pasas con nosotros manteniendo el mismo número de teléfono, ¿sí?",
      "confianza": 0.734
    },
    {
      "hablante": "Hablante A",
      "inicio": 1024.68,
      "fin": 1045.2,
      "duracion": 20.52,
      "texto": "Perfecto.",
      "confianza": 0.381
    },
    {
      "hablante": "Hablante A",
      "inicio": 1045.64,
      "fin": 1046.84,
      "duracion": 1.2,
      "texto": "Bien.",
      "confianza": 0.715
    },
    {
      "hablante": "Hablante A",
      "inicio": 1046.86,
      "fin": 1047.38,
      "duracion": 0.52,
      "texto": "Perfecto.",
      "confianza": 0.293
    },
    {
      "hablante": "Hablante A",
      "inicio": 1047.4,
      "fin": 1056.21,
      "duracion": 8.81,
      "texto": "Entonces, ahora te voy a hacer lo que sería tu bona de calidad para poder darte la bienvenida a la compañía, ¿sí?",
      "confianza": 0.652
    },
    {
      "hablante": "Hablante A",
      "inicio": 1056.23,
      "fin": 1056.33,
      "duracion": 0.1,
      "texto": "Vale.",
      "confianza": 0.006
    },
    {
      "hablante": "Hablante A",
      "inicio": 1056.35,
      "fin": 1057.11,
      "duracion": 0.76,
      "texto": "Bien.",
      "confianza": 0.436
    },
    {
      "hablante": "Hablante A",
      "inicio": 1057.13,
      "fin": 1064.06,
      "duracion": 6.93,
      "texto": "Para recibir futuras promociones, ¿yo, a vos tenés Internet de Movistar en tu hogar?",
      "confianza": 0.395
    },
    {
      "hablante": "Hablante A",
      "inicio": 1064.08,
      "fin": 1064.14,
      "duracion": 0.06,
      "texto": "No.",
      "confianza": 0.023
    },
    {
      "hablante": "Hablante A",
      "inicio": 1064.16,
      "fin": 1064.3,
      "duracion": 0.14,
      "texto": "No, no.",
      "confianza": 0.072
    },
    {
      "hablante": "Hablante A",
      "inicio": 1064.32,
      "fin": 1064.6,
      "duracion": 0.28,
      "texto": "Bien.",
      "confianza": 0.351
    },
    {
      "hablante": "Hablante A",
      "inicio": 1064.62,
      "fin": 1075.23,
      "duracion": 10.61,
      "texto": "En el caso de que luego quisieras tener el Internet en tu hogar con nosotros también, tendrías un descuento por lo que tenés la línea en la compañía, ¿sí?",
      "confianza": 0.638
    },
    {
      "hablante": "Hablante A",
      "inicio": 1075.25,
      "fin": 1075.51,
      "duracion": 0.26,
      "texto": "A mí sí, ¿no?",
      "confianza": 0.064
    },
    {
      "hablante": "Hablante A",
      "inicio": 1075.93,
      "fin": 1078.55,
      "duracion": 2.62,
      "texto": "Eso me lo avisas después, no hay problema.",
      "confianza": 0.582
    },
    {
      "hablante": "Hablante A",
      "inicio": 1078.57,
      "fin": 1085.04,
      "duracion": 6.47,
      "texto": "Estamos, entonces, portando la línea 2216 o 2216-5457-42.",
      "confianza": 0.79
    },
    {
      "hablante": "Hablante A",
      "inicio": 1085.08,
      "fin": 1085.14,
      "duracion": 0.06,
      "texto": "Sí.",
      "confianza": 0.572
    },
    {
      "hablante": "Hablante A",
      "inicio": 1085.66,
      "fin": 1085.94,
      "duracion": 0.28,
      "texto": "Perfecto.",
      "confianza": 0.585
    },
    {
      "hablante": "Hablante B",
      "inicio": 1091.37,
      "fin": 1098.82,
      "duracion": 7.45,
      "texto": "A nombre y a pedido de la titular actual, Mayra Joana Beatriz Yadiz Munoz.",
      "confianza": 0.641
    },
    {
      "hablante": "Hablante B",
      "inicio": 1098.84,
      "fin": 1102.15,
      "duracion": 3.3,
      "texto": "Bien, me confirmas los últimos tres dígitos de tu DNI, por favor.",
      "confianza": 0.773
    },
    {
      "hablante": "Hablante B",
      "inicio": 1102.17,
      "fin": 1104.89,
      "duracion": 2.72,
      "texto": "778.",
      "confianza": 0.778
    },
    {
      "hablante": "Hablante B",
      "inicio": 1105.48,
      "fin": 1106.06,
      "duracion": 0.58,
      "texto": "Perfecto.",
      "confianza": 0.838
    },
    {
      "hablante": "Hablante B",
      "inicio": 1106.14,
      "fin": 1117.69,
      "duracion": 11.55,
      "texto": "Me comentaste que tu compañía actual es claro y que contas con línea prepada y que la línea está activa hace más de 60 días, que vos estás en claro.",
      "confianza": 0.676
    },
    {
      "hablante": "Hablante B",
      "inicio": 1117.71,
      "fin": 1117.85,
      "duracion": 0.14,
      "texto": "Sí, sí.",
      "confianza": 0.028
    },
    {
      "hablante": "Hablante B",
      "inicio": 1117.87,
      "fin": 1118.05,
      "duracion": 0.18,
      "texto": "Bien.",
      "confianza": 0.759
    },
    {
      "hablante": "Hablante B",
      "inicio": 1118.25,
      "fin": 1121.74,
      "duracion": 3.49,
      "texto": "La última recarga la hiciste el día de ayer.",
      "confianza": 0.716
    },
    {
      "hablante": "Hablante B",
      "inicio": 1121.76,
      "fin": 1122.04,
      "duracion": 0.28,
      "texto": "Exacto.",
      "confianza": 0.315
    },
    {
      "hablante": "Hablante B",
      "inicio": 1122.56,
      "fin": 1123.16,
      "duracion": 0.6,
      "texto": "Bien.",
      "confianza": 0.805
    },
    {
      "hablante": "Hablante B",
      "inicio": 1123.18,
      "fin": 1125.22,
      "duracion": 2.04,
      "texto": "Tu chisme dijiste que era físico, ¿cierto?",
      "confianza": 0.64
    },
    {
      "hablante": "Hablante B",
      "inicio": 1125.28,
      "fin": 1129.49,
      "duracion": 4.21,
      "texto": "No espanías ningún cuerno para que sea virtual.",
      "confianza": 0.779
    },
    {
      "hablante": "Hablante B",
      "inicio": 1129.51,
      "fin": 1129.65,
      "duracion": 0.14,
      "texto": "No, no.",
      "confianza": 0.169
    },
    {
      "hablante": "Hablante B",
      "inicio": 1130.2,
      "fin": 1143.51,
      "duracion": 13.31,
      "texto": "Perfecto, vas a recibir entonces el chip en tu domicilio ubicado en la calle 11 de septiembre al 11-71 en Magdalena entre las calles Maipú y Presidente Perón.",
      "confianza": 0.617
    },
    {
      "hablante": "Hablante B",
      "inicio": 1143.53,
      "fin": 1143.71,
      "duracion": 0.18,
      "texto": "Muy bien.",
      "confianza": 0.05
    },
    {
      "hablante": "Hablante B",
      "inicio": 1143.73,
      "fin": 1152.74,
      "duracion": 9.01,
      "texto": "Bien, como referencias del domicilio me brincaste que es una casa antigua y que el frente tiene una base de ladrillos con rejas y lona verde.",
      "confianza": 0.665
    },
    {
      "hablante": "Hablante B",
      "inicio": 1152.76,
      "fin": 1152.9,
      "duracion": 0.14,
      "texto": "Exacto.",
      "confianza": 0.072
    },
    {
      "hablante": "Hablante B",
      "inicio": 1152.92,
      "fin": 1157.09,
      "duracion": 4.16,
      "texto": "Bien, la altura que me comentaste de tu casa está visible para los deliveries.",
      "confianza": 0.682
    },
    {
      "hablante": "Hablante A",
      "inicio": 1158.62,
      "fin": 1159.9,
      "duracion": 1.28,
      "texto": "Sí.",
      "confianza": 0.453
    },
    {
      "hablante": "Hablante A",
      "inicio": 1160.04,
      "fin": 1169.91,
      "duracion": 9.87,
      "texto": "¿Alguna vez has recibido alguna factura o compra que realizaste por Internet en tu carcel?",
      "confianza": 0.516
    },
    {
      "hablante": "Hablante A",
      "inicio": 1169.93,
      "fin": 1174.39,
      "duracion": 4.46,
      "texto": "Sí, he recibido las tarjetas de mercados pagos, esas cosas.",
      "confianza": 0.203
    },
    {
      "hablante": "Hablante A",
      "inicio": 1174.41,
      "fin": 1174.71,
      "duracion": 0.3,
      "texto": "Bien, perfecto.",
      "confianza": 0.049
    },
    {
      "hablante": "Hablante A",
      "inicio": 1174.73,
      "fin": 1183.4,
      "duracion": 8.67,
      "texto": "¿Te recuerdas que el costo del servicio al día de hoy tiene un valor de 10.400 pesos, por lo que incluso el descuento de 41.650 fijo durante seis meses?",
      "confianza": 0.58
    },
    {
      "hablante": "Hablante A",
      "inicio": 1184.0,
      "fin": 1187.66,
      "duracion": 3.66,
      "texto": "Recordá que el servicio se factura un mes adelantado y que tu plan cuenta con",
      "confianza": 0.683
    },
    {
      "hablante": "Hablante A",
      "inicio": 1187.81,
      "fin": 1192.5,
      "duracion": 4.69,
      "texto": "8 gigas de base más 8 gigas de regalos con una duración de 6 meses.",
      "confianza": 0.711
    },
    {
      "hablante": "Hablante A",
      "inicio": 1193.04,
      "fin": 1196.49,
      "duracion": 3.45,
      "texto": "Estos últimos se habilitarán 48 horas después de activar la línea.",
      "confianza": 0.555
    },
    {
      "hablante": "Hablante A",
      "inicio": 1197.11,
      "fin": 1203.88,
      "duracion": 6.77,
      "texto": "Se te van a habilitar los 16 gigas solo por no necesitar activar nada, ¿sí?",
      "confianza": 0.594
    },
    {
      "hablante": "Hablante A",
      "inicio": 1203.9,
      "fin": 1207.53,
      "duracion": 3.63,
      "texto": "Bien, primer me dijiste que es levesmayoana700.com.",
      "confianza": 0.304
    },
    {
      "hablante": "Hablante A",
      "inicio": 1207.75,
      "fin": 1211.25,
      "duracion": 3.51,
      "texto": "Exacto.",
      "confianza": 0.499
    },
    {
      "hablante": "Hablante A",
      "inicio": 1211.52,
      "fin": 1241.16,
      "duracion": 29.64,
      "texto": "Bien, vas a estar recibiendo tu facturación online a través del mail que nos proporcionaste y también desde la AMI Movistar, ingresando a la sección Servicios, podés ver toda la información referida a tu factura, ya sea ciclo de facturación, vencimiento, montos a pagar, podés activar 20 gigas de regalo con una duración de 30 días disponibles una vez por año, podés adherirte al débito automático y si sumas otra línea de tu nombre te regalamos 4 gigas extra para cada línea.",
      "confianza": 0.648
    },
    {
      "hablante": "Hablante A",
      "inicio": 1242.17,
      "fin": 1248.23,
      "duracion": 6.07,
      "texto": "Una vez aprobada la portabilidad, su línea se portará entre tres días hábiles, un día antes por mensaje de WhatsApp.",
      "confianza": 0.596
    },
    {
      "hablante": "Hablante A",
      "inicio": 1248.25,
      "fin": 1254.08,
      "duracion": 5.83,
      "texto": "Te vamos a... Un día antes por mensaje de WhatsApp.",
      "confianza": 0.542
    },
    {
      "hablante": "Hablante B",
      "inicio": 1255.58,
      "fin": 1258.73,
      "duracion": 3.14,
      "texto": "Te vamos a estar informando la fecha de portabilidad para que te quedes tranquila.",
      "confianza": 0.618
    },
    {
      "hablante": "Hablante B",
      "inicio": 1258.75,
      "fin": 1262.57,
      "duracion": 3.82,
      "texto": "Te solicitamos que en caso de no levantar señal en el chip, reinicies el equipo.",
      "confianza": 0.648
    },
    {
      "hablante": "Hablante B",
      "inicio": 1263.04,
      "fin": 1274.64,
      "duracion": 11.6,
      "texto": "Y por otro lado, entre los próximos días va a recibir una encuesta de satisfacción por WhatsApp, te solicitamos que por favor la completes, ya que tu opinión es muy importante para la empresa, ¿sí?",
      "confianza": 0.692
    },
    {
      "hablante": "Hablante B",
      "inicio": 1274.66,
      "fin": 1275.98,
      "duracion": 1.32,
      "texto": "Perfecto, Joa.",
      "confianza": 0.126
    },
    {
      "hablante": "Hablante B",
      "inicio": 1276.0,
      "fin": 1288.45,
      "duracion": 12.46,
      "texto": "Cuando te diga el chip a tu domicilio, te voy a pedir por favor que me mandes lo que es un mensajito, avisándome de que el chip ya lo tenés en mano, y yo te voy a indicar cuándo lo vas a tener que colocar, ¿sí?",
      "confianza": 0.595
    },
    {
      "hablante": "Hablante B",
      "inicio": 1288.47,
      "fin": 1288.58,
      "duracion": 0.1,
      "texto": "Vale.",
      "confianza": 0.2
    },
    {
      "hablante": "Hablante B",
      "inicio": 1289.62,
      "fin": 1301.22,
      "duracion": 11.6,
      "texto": "Y si te llega a hablar otro asesor y te vuelve a pedir el mensaje de portabilidad o datos, vos no se lo brindes a nadie porque lo que hacen es volverte a cargar el trámite y te pueden generar una doble facturación.",
      "confianza": 0.704
    },
    {
      "hablante": "Hablante B",
      "inicio": 1301.24,
      "fin": 1314.28,
      "duracion": 13.04,
      "texto": "Entonces, cualquier asesor o persona que te pida otra vez el mensaje de portabilidad o el DNI o algo, no se lo brindes nuevamente para que no lo carguen dos veces el trámite, ¿sí?",
      "confianza": 0.7
    },
    {
      "hablante": "Hablante B",
      "inicio": 1314.3,
      "fin": 1314.5,
      "duracion": 0.2,
      "texto": "Buenísimo.",
      "confianza": 0.013
    },
    {
      "hablante": "Hablante B",
      "inicio": 1314.52,
      "fin": 1316.2,
      "duracion": 1.68,
      "texto": "Perfecto, entonces yo a decir.",
      "confianza": 0.304
    },
    {
      "hablante": "Hablante B",
      "inicio": 1317.24,
      "fin": 1322.23,
      "duracion": 4.99,
      "texto": "Te mando un WhatsApp cuando recibo el chip.",
      "confianza": 0.109
    },
    {
      "hablante": "Hablante B",
      "inicio": 1322.25,
      "fin": 1322.83,
      "duracion": 0.58,
      "texto": "Exactamente.",
      "confianza": 0.728
    },
    {
      "hablante": "Hablante B",
      "inicio": 1322.89,
      "fin": 1328.45,
      "duracion": 5.57,
      "texto": "Ahí a mi número me avisás y yo te indico cuándo colocarlo, ¿sí?",
      "confianza": 0.572
    },
    {
      "hablante": "Hablante B",
      "inicio": 1328.47,
      "fin": 1328.57,
      "duracion": 0.1,
      "texto": "Vale.",
      "confianza": 0.013
    },
    {
      "hablante": "Hablante B",
      "inicio": 1328.59,
      "fin": 1330.3,
      "duracion": 1.7,
      "texto": "Más o menos, ¿cuándo?",
      "confianza": 0.102
    },
    {
      "hablante": "Hablante B",
      "inicio": 1330.32,
      "fin": 1332.52,
      "duracion": 2.2,
      "texto": "Sí, más o menos unos cinco a siete días hábiles.",
      "confianza": 0.411
    },
    {
      "hablante": "Hablante B",
      "inicio": 1332.58,
      "fin": 1343.07,
      "duracion": 10.49,
      "texto": "Yo calculo que las semanas de bien aproximadamente ya estarías pudiendo colocarlo o que te llegue el chip.",
      "confianza": 0.729
    },
    {
      "hablante": "Hablante B",
      "inicio": 1343.09,
      "fin": 1343.19,
      "duracion": 0.1,
      "texto": "Vale.",
      "confianza": 0.01
    },
    {
      "hablante": "Hablante B",
      "inicio": 1343.21,
      "fin": 1343.41,
      "duracion": 0.2,
      "texto": "Buenísimo.",
      "confianza": 0.091
    },
    {
      "hablante": "Hablante B",
      "inicio": 1343.43,
      "fin": 1343.99,
      "duracion": 0.56,
      "texto": "Perfecto.",
      "confianza": 0.779
    },
    {
      "hablante": "Hablante B",
      "inicio": 1344.01,
      "fin": 1344.67,
      "duracion": 0.66,
      "texto": "No sé yo.",
      "confianza": 0.509
    },
    {
      "hablante": "Hablante B",
      "inicio": 1345.05,
      "fin": 1347.16,
      "duracion": 2.1,
      "texto": "Cualquier duda, con suerte ya tenéis mi número.",
      "confianza": 0.513
    },
    {
      "hablante": "Hablante B",
      "inicio": 1347.3,
      "fin": 1349.12,
      "duracion": 1.82,
      "texto": "Bienvenida a la compañía de movistar.",
      "confianza": 0.708
    },
    {
      "hablante": "Hablante B",
      "inicio": 1349.14,
      "fin": 1354.87,
      "duracion": 5.73,
      "texto": "Y nada, ante cualquier duda ya tenéis mi número agendado, ¿sí?",
      "confianza": 0.699
    },
    {
      "hablante": "Hablante B",
      "inicio": 1354.89,
      "fin": 1355.28,
      "duracion": 0.38,
      "texto": "Vale.",
      "confianza": 0.343
    },
    {
      "hablante": "Hablante B",
      "inicio": 1355.3,
      "fin": 1356.3,
      "duracion": 1.0,
      "texto": "Perfecto, entonces.",
      "confianza": 0.16
    },
    {
      "hablante": "Hablante B",
      "inicio": 1356.32,
      "fin": 1361.35,
      "duracion": 5.03,
      "texto": "Gracias a vos y que tengáis un lindísimo día.",
      "confianza": 0.544
    },
    {
      "hablante": "Hablante B",
      "inicio": 1361.37,
      "fin": 1361.53,
      "duracion": 0.16,
      "texto": "Gracias.",
      "confianza": 0.01
    },
    {
      "hablante": "Hablante B",
      "inicio": 1361.55,
      "fin": 1361.79,
      "duracion": 0.24,
      "texto": "Hasta luego.",
      "confianza": 0.044
    },
    {
      "hablante": "Hablante B",
      "inicio": 1361.81,
      "fin": 1362.05,
      "duracion": 0.24,
      "texto": "Hasta luego.",
      "confianza": 0.094
    }
  ],
  "transcripcion_completa": "Hola, buen día. ¿Hablo con Domingo? No. Bien, me figura que... Sí, digame. Está la línea en nombre de él, pero no es él. Ah, bien. Nosotros nos comunicamos del área de beneficios de movistar porque había una promo. No sé si podremos hablar de eso con usted para que puedan aprovechar el descuento. No. Como yo le dije la otra día a uno que me llamaron, que yo no se paré, pero la línea sigue a nombre de él. Y no puedo hacer el cambio de titularidad por mensaje, así que tengo que seguir así. Bien, entiendo. Sí, sí. Claro. Así que, y lo pueden poner a línea, me dijeron, pero siempre a nombre de él. Y yo no quiero que se siga a nombre de él. eso es normal. Claro, claro, con nosotros se puede cambiar el nombre de él y el mensaje a hacer la factura y sí se puede con copia de titularidad, pero el tema es que tiene, o sea, perdón, por mensaje, el tema es que lo ideal sería una sucursal. Claro, sí, es lo que me dijeron y acá en Valladolena no hay sucursal de claro. Claro, y de... Es viajar a otro lado y no... Claro, entiendo. Hasta que no cambie de número y me pase a movilizar, no voy a mi nombre. Claro, lo que yo le decía era justamente que podía pasarse, pero tendría que ir a hacer el cambio de prioridad al mes de estar en la compañía. Claro, sí, sí, pero me dijeron que Se le manda un mensaje a él pidiéndole permiso para pasarlo a línea, pero no, no. Es que prefiero pasarme a otro número a mi nombre. Claro, hacer como una línea nueva. Claro, claro. Así que igual, mil gracias. Bien, no está bien. Cualquier cosa, igual yo le voy a dejar un mensajito por WhatsApp. La otra opción que usted puede hacer de última es pasarla a prepago, la línea, ¿sí? Entonces la pasa un par, un poco a prepago y después la puede prender a cualquier titular, o sea, nombre de cualquier titular. ¿Cómo no a prepago? En vez de tener abono durante un mes o dos, se queda haciendo, o un mes nada más, se queda haciendo el recarga. Y después porta la línea a la compañía de Movistar, a su nombre, porque el prepago puede cambiar de titularía inmediatamente en otra compañía. Ah, ¿eso lo puedo hacer? Sí, obvio. Vos tenéis que llamar al cliente y decirle, mira, quiero poner mi línea a prepago, porque no sé, que no puedes pagar, por ejemplo, ¿sí? Sí, pero si yo ya lo saqué a prepago. Ya lo tengo a prepago, pero sí el nombre de él. No, si es prepago, o sea que vos le haces recarga, ¿Lo puedes poner ya a tu nombre en Movistar el día de hoy? Mi clara está preparada ya. Ah, bien, entiendo. Bien, déjame un segundo. Voy a chequear a ver qué me larga del sistema si yo lo paso como una bono. ¿Te parece? Dale. No, no, no, no. No, obviamente no. ¿Hace cuándo lo pasaste a prepago? Ahora era como dos meses. ¿Dos meses? Sí. Perfecto, y o sea que vos ahora actualmente le estás haciendo recargas al teléfono directamente. Claro. Bien, entonces lo que sería el teléfono, si vos le haces recargas y no pagas una factura mensual, Ya lo podréis poner directamente a tu nombre el día de hoy en Movistar. ¡Buenísimo! Yo en Santana. Perfecto, entonces. Bien, su línea es esta a la que estamos hablando. Termina en 5742. Exacto. Perfecto. Te voy a comentar los clares, primero que nada, para ver si obviamente te va a convenir lo que sería la oferta, si la podés poner a tu nombre, ¿sí? Dale. Dale. Tengo dos planes para ofrecerte el día de hoy. Un plan de 8 gigas de base más 8 gigas de regalo por 6 meses. Vienes con WhatsApp gratis llamadas libres a cualquier compañera, roaming en América. Y este plan así de 16 gigas mensuales tiene un valor el día de hoy de 10.400 pesos finales. Si vos sos de usar algo menos todavía tenés el plan de 4 gigas de base más 4 de regalo por 6 meses. que también viene con whatsapp gratis y las llamadas libres a cualquier compañía, solo que no trae roaming y tiene un valor de $7,460 pesos, ¿sí? Claro. Un millón, claro, usaba el de 15. Así que para arrancar el de 8 me sirve. Ah, perfecto. O sea, arrancarías con el de 10,400, me necesito el de 8 de ayudas totales. Ah, bien. No, no, el de 10. Bien, dame un segundo, te voy a poner o la serpilla de Movistar que estoy escribiendo a... el WhatsApp. Te voy a mandar el plan que vas a tener vos directamente aquí. Sí. Para que ya tengas mi número y directamente me agendes porque yo voy a ser tu asesora también, ¿sabes? Dale. Para, ahí te lo mandé con el precio viejo, el que vas a tener ahora es de 10.400. ¿Por qué entra en promoción? Ahora sí. Bien. Lo vamos a poner a tu nombre, ¿cierto? Buenísimo, sí, sí. Perfecto. El chip, ¿lo podés? Vos me decías que el sucursal de Movistar no había ahí. No, ni demostrar ni declarar. Bien, nosotros tenemos dos opciones, ¿o que lo enviamos a tu domicilio particular o laboral o lo retiras por una sucursal de Andreani? ¿Qué eres el que vos lo preferirías en este caso? Andreani tampoco, ahí me parecen. Correo argentino a Aguas. Ah, bien, entonces lo enviamos directamente a tu domicilio, así no tenemos inconveniente con el chip, ¿sí? Decime la calle en numeración a donde lo enviaríamos, muchachos. 11-11-71, y esto pertenece a... Maidalena. ¿Esa es la localidad? Ah, acá está. Es entre las calles, Presidente Perón y Maipú. Exacto. Perfecto. Te voy a pedir dos referencias de cómo se ve tu casa por fuera para que el chico del caete, cuando te lo vaya a entregar, se ubique correctamente. Vale. Es una casa antigua. Bien. Tiene lona, qué sería, un murito y lona verde. No sé cómo sería. Tiene como una base de ladrillo, un murito, y para arriba tiene rejas con lona verde. Con base de ladrillo, con rejas y lona verde. Exacto. Perfecto. Al frente de la casa se ve de afuera, solo se ven las rejas y la lona verde. En mitad de la casa antigua, en mitad de... Ahí la vi. que tiene como, no sé, capaz que es vieja la foto, salía como una puertita de reja celeste. No, no, es vieja. Ah, bien, perfecto. Al frente está una veterinaria. Ah, perfecto, sí, ahí la vi. Excelente. Bien. ¿Algún correo que uses actualmente? Sí, sí. Le des más. Le des más. Sí, Joana, J O H. Sí. Setecientos arroba Gmail. Setecientos arroba Gmail. Joana es J O H A N A o lleva dos N también. No, no. Lleva dos N, pero en el correo tiene una. Perfecto. Le des más, Joana, setecientos arroba Gmail punto com. Exacto. Perfecto. Bien. Te voy a pensar lo que es a mi WhatsApp, al que te mandé la promo, me podrás enviar lo que sería una foto del prendidor, sobre tu DNI, que es a nombre de quien vamos a poner la línea actualmente del sistema, ¿sí? Yo la voy a subir al sistema y te aviso acá por llamada para que la borde directamente. Buenísimo. Dale, si quieres ir mandándomela yo voy a ir cargando todo el resto. Buenísimo. Dale. A ver si me conformo para dar una explicación. Dale. Ahí ya están variadas por sistema, si querés borrarla, borrarla tranquila. Listo, y la forraste, perfecto. Yo te iba a preguntar, ¿Tenés alguna recarga? Me decía Luisy que cuando vas a recargar, te llega un mensajito de texto de que como que se activó la recarga. Sí, me lo declaro, sí. Perfecto. ¿Vos tenés alguna recarga vieja? Por ejemplo, más o menos de noviembre o de... Si noviembre tenés, genial. que le hayas hecho una recarga y le llegue el mensajito de acreditación, una de las primeras. Me pasa que me manejaba con el de 15 siglos y no llegaba bien al mes. No hacía recarga. Claro. Ah, bien. Bien, bien, bien. Y la última recarga que le hiciste, más o menos, ¿cuándo fue? Ayer. Perfecto. ¿Y qué te iba a decir? A ver, quiero buscar alguna que sea alguna... ¿De cuándo tendrías una recarga, por ejemplo, del diciembre? Mmm... No. Tampoco es que... A ver. Estoy buscando... Mmm... No, no. Hasta que salí de borrar los mensajes, pero no. No, no hay problema. No, no tengo. Se te han borrado directamente. Seguramente. Igual creo que es lo que pasó, porque cuando yo metí el pago, sacó la línea en nombre de él, el abono, y fue en diciembre. Y justo tuve, me habían habilitado 15 chivas, entonces todo diciembre se iré con eso. ¿Se tiene en enero o habré hecho alguna carga? Bueno, no hay problema. Como vos la pasás igual a prepago, la línea, te voy a pedir que me mandes una captura de la última reclada, la de ayer, que me la van a pedir seguro, pero con eso ya estaríamos. ¿Qué te pasó? ¿Una captura donde dice que te acreditamos? No es una esa. Que se vea la fecha de ayer, eso sería nada más. Perfecto, eso me sigue, Joan. Bien, Joan. Nos quedarían dos cosas, nada más. Una, enviarte lo que es el mensaje de portabilidad. Si ya has hecho alguna de esas portabilidades, ya sabes de qué se trata, igual yo te lo voy a comentar, ¿sí? Sí, sí, se ha hecho. Bien. Porque ya estuvo eso mucho tiempo, no ahorita. Bien, perfecto, entonces. Te voy a enviar un mensajito del texto desde el remitente 223, o más 223, que es NACOM, el ente regulador de todas las compañías telefónicas con tu mensaje de portabilidad. Este mensaje de portabilidad, más o menos, va a tener fecha de vencimiento del día 26 de enero, ¿sí? Y te va a decir para el prestador MBS. Yo ahora te lo voy a enviar y vas a ver que te van a empezar a entrar llamadas del área de retención de clientes. Y claro, diciéndote que te pueden inhabilitar la línea o algo. Eso es mentira. Solamente lo hacen para que vos no te pases de una compañera a otra. Así que por lo que es un ratito, durante el día de hoy, trataré de evitar atender llamadas en números privados o desconocidos para que no nos hagan caer la portabilidad nada más, ¿sí? Bonísimo. Perfecto. Dame un segundo que ahora lo voy a enviar y luego te voy a leer tu bono de calidad donde este nombre, que todos los beneficios estén correctamente. Y te doy la bienvenida a la compañía del Movistar, ya que esta llamada está siendo grabada por la Liga de Calidad Nuestra, ¿sí? Bonísimo, dale. Perfecto. Fíjate ahí si te llegó el mensajito de texto del remitente 223. No es WhatsApp, es un mensaje de texto común. Perfecto. Fíjate si le puedes sacar una captura y enviármelo, así yo ya lo voy adjuntando a la solicitud. Con este mensaje nosotros le avisamos a Claro que vos te pasas con nosotros manteniendo el mismo número de teléfono, ¿sí? Perfecto. Bien. Perfecto. Entonces, ahora te voy a hacer lo que sería tu bona de calidad para poder darte la bienvenida a la compañía, ¿sí? Vale. Bien. Para recibir futuras promociones, ¿yo, a vos tenés Internet de Movistar en tu hogar? No. No, no. Bien. En el caso de que luego quisieras tener el Internet en tu hogar con nosotros también, tendrías un descuento por lo que tenés la línea en la compañía, ¿sí? A mí sí, ¿no? Eso me lo avisas después, no hay problema. Estamos, entonces, portando la línea 2216 o 2216-5457-42. Sí. Perfecto. A nombre y a pedido de la titular actual, Mayra Joana Beatriz Yadiz Munoz. Bien, me confirmas los últimos tres dígitos de tu DNI, por favor. 778. Perfecto. Me comentaste que tu compañía actual es claro y que contas con línea prepada y que la línea está activa hace más de 60 días, que vos estás en claro. Sí, sí. Bien. La última recarga la hiciste el día de ayer. Exacto. Bien. Tu chisme dijiste que era físico, ¿cierto? No espanías ningún cuerno para que sea virtual. No, no. Perfecto, vas a recibir entonces el chip en tu domicilio ubicado en la calle 11 de septiembre al 11-71 en Magdalena entre las calles Maipú y Presidente Perón. Muy bien. Bien, como referencias del domicilio me brincaste que es una casa antigua y que el frente tiene una base de ladrillos con rejas y lona verde. Exacto. Bien, la altura que me comentaste de tu casa está visible para los deliveries. Sí. ¿Alguna vez has recibido alguna factura o compra que realizaste por Internet en tu carcel? Sí, he recibido las tarjetas de mercados pagos, esas cosas. Bien, perfecto. ¿Te recuerdas que el costo del servicio al día de hoy tiene un valor de 10.400 pesos, por lo que incluso el descuento de 41.650 fijo durante seis meses? Recordá que el servicio se factura un mes adelantado y que tu plan cuenta con 8 gigas de base más 8 gigas de regalos con una duración de 6 meses. Estos últimos se habilitarán 48 horas después de activar la línea. Se te van a habilitar los 16 gigas solo por no necesitar activar nada, ¿sí? Bien, primer me dijiste que es levesmayoana700.com. Exacto. Bien, vas a estar recibiendo tu facturación online a través del mail que nos proporcionaste y también desde la AMI Movistar, ingresando a la sección Servicios, podés ver toda la información referida a tu factura, ya sea ciclo de facturación, vencimiento, montos a pagar, podés activar 20 gigas de regalo con una duración de 30 días disponibles una vez por año, podés adherirte al débito automático y si sumas otra línea de tu nombre te regalamos 4 gigas extra para cada línea. Una vez aprobada la portabilidad, su línea se portará entre tres días hábiles, un día antes por mensaje de WhatsApp. Te vamos a... Un día antes por mensaje de WhatsApp. Te vamos a estar informando la fecha de portabilidad para que te quedes tranquila. Te solicitamos que en caso de no levantar señal en el chip, reinicies el equipo. Y por otro lado, entre los próximos días va a recibir una encuesta de satisfacción por WhatsApp, te solicitamos que por favor la completes, ya que tu opinión es muy importante para la empresa, ¿sí? Perfecto, Joa. Cuando te diga el chip a tu domicilio, te voy a pedir por favor que me mandes lo que es un mensajito, avisándome de que el chip ya lo tenés en mano, y yo te voy a indicar cuándo lo vas a tener que colocar, ¿sí? Vale. Y si te llega a hablar otro asesor y te vuelve a pedir el mensaje de portabilidad o datos, vos no se lo brindes a nadie porque lo que hacen es volverte a cargar el trámite y te pueden generar una doble facturación. Entonces, cualquier asesor o persona que te pida otra vez el mensaje de portabilidad o el DNI o algo, no se lo brindes nuevamente para que no lo carguen dos veces el trámite, ¿sí? Buenísimo. Perfecto, entonces yo a decir. Te mando un WhatsApp cuando recibo el chip. Exactamente. Ahí a mi número me avisás y yo te indico cuándo colocarlo, ¿sí? Vale. Más o menos, ¿cuándo? Sí, más o menos unos cinco a siete días hábiles. Yo calculo que las semanas de bien aproximadamente ya estarías pudiendo colocarlo o que te llegue el chip. Vale. Buenísimo. Perfecto. No sé yo. Cualquier duda, con suerte ya tenéis mi número. Bienvenida a la compañía de movistar. Y nada, ante cualquier duda ya tenéis mi número agendado, ¿sí? Vale. Perfecto, entonces. Gracias a vos y que tengáis un lindísimo día. Gracias. Hasta luego. Hasta luego.",
  "calidad": {
    "confianza_promedio": 0.466,
    "metodo_diarizacion": "pausas_fallback",
    "tiempo_procesamiento": 32.8
  },
  "metadata": {
    "modelo": "whisperx_medium",
    "diarizacion": "pausas",
    "dispositivo": "cuda",
    "fecha": "2026-01-25T17:28:52.839601",
    "version": "5.0_ecapa"
  }
}