{
  "archivo": "amza19_1_260123140905297_ACD_07825.wav",
  "duracion_segundos": 81.74,
  "num_segmentos": 20,
  "num_hablantes": 1,
  "hablantes": [
    "Hablante A"
  ],
  "tiempo_por_hablante": {
    "Hablante A": 78.25
  },
  "idioma": "es",
  "conversacion": [
    {
      "hablante": "Hablante A",
      "inicio": 0.17,
      "fin": 6.97,
      "duracion": 6.81,
      "texto": "Hola, buen día.",
      "confianza": 0.302
    },
    {
      "hablante": "Hablante A",
      "inicio": 7.0,
      "fin": 7.54,
      "duracion": 0.54,
      "texto": "¿Cómo estás?",
      "confianza": 0.545
    },
    {
      "hablante": "Hablante A",
      "inicio": 7.56,
      "fin": 8.44,
      "duracion": 0.88,
      "texto": "Mi nombre es Brisa.",
      "confianza": 0.468
    },
    {
      "hablante": "Hablante A",
      "inicio": 8.84,
      "fin": 11.8,
      "duracion": 2.96,
      "texto": "Te estaba llamando de la día y recupero clientes de Movistar.",
      "confianza": 0.711
    },
    {
      "hablante": "Hablante A",
      "inicio": 12.02,
      "fin": 14.32,
      "duracion": 2.3,
      "texto": "Quería poder brindarte un descuento para tu línea.",
      "confianza": 0.741
    },
    {
      "hablante": "Hablante A",
      "inicio": 14.34,
      "fin": 16.71,
      "duracion": 2.36,
      "texto": "¿Vos tenés claro actualmente?",
      "confianza": 0.684
    },
    {
      "hablante": "Hablante A",
      "inicio": 16.73,
      "fin": 20.21,
      "duracion": 3.48,
      "texto": "Mira, igual para no hacerte perder tiempo.",
      "confianza": 0.582
    },
    {
      "hablante": "Hablante A",
      "inicio": 20.23,
      "fin": 22.7,
      "duracion": 2.46,
      "texto": "O sea, me llaman tres veces por día, más o menos.",
      "confianza": 0.657
    },
    {
      "hablante": "Hablante A",
      "inicio": 23.24,
      "fin": 28.82,
      "duracion": 5.59,
      "texto": "Y ya le expliqué, o sea, que yo tengo esta línea pago 2.500 pesos.",
      "confianza": 0.584
    },
    {
      "hablante": "Hablante A",
      "inicio": 29.41,
      "fin": 44.28,
      "duracion": 14.87,
      "texto": "Pero todos los días me llaman tres veces, no te miento, o sea, es como que, no sé, viste, yo entiendo tu laburo y te lo respeto, pero ya es como que, viste, es una cosa bastante cansadora, por no decirte otra cosa.",
      "confianza": 0.624
    },
    {
      "hablante": "Hablante A",
      "inicio": 45.41,
      "fin": 56.62,
      "duracion": 11.21,
      "texto": "No me van a mejorar ese precio ni empeo porque una niña que suena a uso y pago 2.500 pesos porque, claro, o sea, tengo todo el corporativo de la empresa, tengo",
      "confianza": 0.617
    },
    {
      "hablante": "Hablante A",
      "inicio": 56.78,
      "fin": 62.73,
      "duracion": 5.95,
      "texto": "Son cincuenta y pico, sesenta y pico de teléfono que tenemos.",
      "confianza": 0.587
    },
    {
      "hablante": "Hablante A",
      "inicio": 62.75,
      "fin": 62.87,
      "duracion": 0.12,
      "texto": "Claro.",
      "confianza": 0.0
    },
    {
      "hablante": "Hablante A",
      "inicio": 62.89,
      "fin": 63.15,
      "duracion": 0.26,
      "texto": "¿Me entendés?",
      "confianza": 0.007
    },
    {
      "hablante": "Hablante A",
      "inicio": 63.17,
      "fin": 63.87,
      "duracion": 0.7,
      "texto": "Sí, entiendo.",
      "confianza": 0.648
    },
    {
      "hablante": "Hablante A",
      "inicio": 63.89,
      "fin": 66.16,
      "duracion": 2.26,
      "texto": "Les pido disculpas, entonces, por la molestia.",
      "confianza": 0.44
    },
    {
      "hablante": "Hablante A",
      "inicio": 66.18,
      "fin": 79.84,
      "duracion": 13.66,
      "texto": "No, pero, digo, no sé, que dejás endado, asentado, si es que se puede, porque, digo, si no, viste, es como atenderlo y cortarle ya, porque son tres veces por día, es un montón.",
      "confianza": 0.522
    },
    {
      "hablante": "Hablante A",
      "inicio": 79.86,
      "fin": 81.0,
      "duracion": 1.14,
      "texto": "Sí, yo lo voy a dejar asentado, al menos en nuestra base.",
      "confianza": 0.003
    },
    {
      "hablante": "Hablante A",
      "inicio": 81.02,
      "fin": 81.18,
      "duracion": 0.16,
      "texto": "Gracias.",
      "confianza": 0.007
    },
    {
      "hablante": "Hablante A",
      "inicio": 81.2,
      "fin": 81.74,
      "duracion": 0.54,
      "texto": "No hay de qué, hasta luego.",
      "confianza": 0.043
    }
  ],
  "transcripcion_completa": "Hola, buen día. ¿Cómo estás? Mi nombre es Brisa. Te estaba llamando de la día y recupero clientes de Movistar. Quería poder brindarte un descuento para tu línea. ¿Vos tenés claro actualmente? Mira, igual para no hacerte perder tiempo. O sea, me llaman tres veces por día, más o menos. Y ya le expliqué, o sea, que yo tengo esta línea pago 2.500 pesos. Pero todos los días me llaman tres veces, no te miento, o sea, es como que, no sé, viste, yo entiendo tu laburo y te lo respeto, pero ya es como que, viste, es una cosa bastante cansadora, por no decirte otra cosa. No me van a mejorar ese precio ni empeo porque una niña que suena a uso y pago 2.500 pesos porque, claro, o sea, tengo todo el corporativo de la empresa, tengo Son cincuenta y pico, sesenta y pico de teléfono que tenemos. Claro. ¿Me entendés? Sí, entiendo. Les pido disculpas, entonces, por la molestia. No, pero, digo, no sé, que dejás endado, asentado, si es que se puede, porque, digo, si no, viste, es como atenderlo y cortarle ya, porque son tres veces por día, es un montón. Sí, yo lo voy a dejar asentado, al menos en nuestra base. Gracias. No hay de qué, hasta luego.",
  "calidad": {
    "confianza_promedio": 0.462,
    "metodo_diarizacion": "pausas_fallback",
    "tiempo_procesamiento": 5.5
  },
  "metadata": {
    "modelo": "whisperx_medium",
    "diarizacion": "pausas",
    "dispositivo": "cuda",
    "fecha": "2026-01-26T01:46:39.891475",
    "version": "5.0_ecapa"
  }
}