{
  "archivo": "amza22_1_260121145110154_ACD_84851.wav",
  "duracion_segundos": 90.81,
  "num_segmentos": 29,
  "num_hablantes": 2,
  "hablantes": [
    "Hablante A",
    "Hablante B"
  ],
  "tiempo_por_hablante": {
    "Hablante B": 33.53,
    "Hablante A": 42.48
  },
  "idioma": "es",
  "conversacion": [
    {
      "hablante": "Hablante B",
      "inicio": 1.8,
      "fin": 5.33,
      "duracion": 3.53,
      "texto": "Hola, buenas tardes.",
      "confianza": 0.207
    },
    {
      "hablante": "Hablante B",
      "inicio": 5.35,
      "fin": 5.85,
      "duracion": 0.5,
      "texto": "Hablo con Ana del Carmen.",
      "confianza": 0.003
    },
    {
      "hablante": "Hablante B",
      "inicio": 5.87,
      "fin": 5.93,
      "duracion": 0.06,
      "texto": "Sí.",
      "confianza": 0.123
    },
    {
      "hablante": "Hablante B",
      "inicio": 5.95,
      "fin": 6.53,
      "duracion": 0.58,
      "texto": "¿Cómo está?",
      "confianza": 0.591
    },
    {
      "hablante": "Hablante B",
      "inicio": 6.55,
      "fin": 7.25,
      "duracion": 0.7,
      "texto": "Mi nombre es Belén.",
      "confianza": 0.646
    },
    {
      "hablante": "Hablante B",
      "inicio": 7.29,
      "fin": 7.97,
      "duracion": 0.68,
      "texto": "Me presento.",
      "confianza": 0.932
    },
    {
      "hablante": "Hablante B",
      "inicio": 8.59,
      "fin": 12.3,
      "duracion": 3.71,
      "texto": "Mire, yo le estoy llamando desde el área de recupero de clientes de Movistar.",
      "confianza": 0.63
    },
    {
      "hablante": "Hablante B",
      "inicio": 13.02,
      "fin": 16.12,
      "duracion": 3.1,
      "texto": "Queríamos saber por qué se ha habido de la compañía en su momento.",
      "confianza": 0.653
    },
    {
      "hablante": "Hablante B",
      "inicio": 16.14,
      "fin": 17.2,
      "duracion": 1.06,
      "texto": "Ana, ¿qué le sucedió?",
      "confianza": 0.578
    },
    {
      "hablante": "Hablante A",
      "inicio": 20.43,
      "fin": 22.45,
      "duracion": 2.02,
      "texto": "Yo no tenía buen internet.",
      "confianza": 0.135
    },
    {
      "hablante": "Hablante A",
      "inicio": 22.47,
      "fin": 23.27,
      "duracion": 0.8,
      "texto": "Ah, buen internet.",
      "confianza": 0.745
    },
    {
      "hablante": "Hablante A",
      "inicio": 23.29,
      "fin": 27.84,
      "duracion": 4.55,
      "texto": "¿En la señal me está comentando usted?",
      "confianza": 0.769
    },
    {
      "hablante": "Hablante A",
      "inicio": 27.86,
      "fin": 28.72,
      "duracion": 0.86,
      "texto": "Yo no tenía buen internet, por eso me dijo.",
      "confianza": 0.004
    },
    {
      "hablante": "Hablante A",
      "inicio": 28.74,
      "fin": 28.84,
      "duracion": 0.1,
      "texto": "Bien.",
      "confianza": 0.135
    },
    {
      "hablante": "Hablante A",
      "inicio": 28.86,
      "fin": 30.44,
      "duracion": 1.58,
      "texto": "¿Ya se cuánto le sucedió esto?",
      "confianza": 0.683
    },
    {
      "hablante": "Hablante A",
      "inicio": 31.84,
      "fin": 37.33,
      "duracion": 5.49,
      "texto": "Por ahora no me voy a cambiar.",
      "confianza": 0.075
    },
    {
      "hablante": "Hablante A",
      "inicio": 37.35,
      "fin": 40.23,
      "duracion": 2.89,
      "texto": "¿Pero podías escuchar las promociones que tenemos, Vicente?",
      "confianza": 0.552
    },
    {
      "hablante": "Hablante B",
      "inicio": 42.92,
      "fin": 45.92,
      "duracion": 3.01,
      "texto": "Por ahora no.",
      "confianza": 0.444
    },
    {
      "hablante": "Hablante B",
      "inicio": 47.01,
      "fin": 50.31,
      "duracion": 3.3,
      "texto": "Estamos mejor en lo que es la señal, según lo que usted me estaba comentando.",
      "confianza": 0.548
    },
    {
      "hablante": "Hablante B",
      "inicio": 50.33,
      "fin": 57.34,
      "duracion": 7.01,
      "texto": "Con respecto a las promociones, ¿está mayor el porcentaje de descuento que tenemos?",
      "confianza": 0.736
    },
    {
      "hablante": "Hablante B",
      "inicio": 57.52,
      "fin": 60.73,
      "duracion": 3.2,
      "texto": "El más bajo tiene 14 gigas a 6450.",
      "confianza": 0.646
    },
    {
      "hablante": "Hablante B",
      "inicio": 60.75,
      "fin": 63.83,
      "duracion": 3.09,
      "texto": "Yo no sé si se utiliza mucho el CELU o no tanto.",
      "confianza": 0.517
    },
    {
      "hablante": "Hablante A",
      "inicio": 65.96,
      "fin": 70.36,
      "duracion": 4.41,
      "texto": "Sí, pero por ahora no me voy a cambiar porque hay muchos problemas.",
      "confianza": 0.383
    },
    {
      "hablante": "Hablante A",
      "inicio": 70.38,
      "fin": 73.87,
      "duracion": 3.49,
      "texto": "Sí, doctor, me canse y por mí muchas cosas.",
      "confianza": 0.171
    },
    {
      "hablante": "Hablante A",
      "inicio": 73.89,
      "fin": 77.86,
      "duracion": 3.97,
      "texto": "Sí, en realidad la sección es súper rápida, Ana.",
      "confianza": 0.256
    },
    {
      "hablante": "Hablante A",
      "inicio": 77.88,
      "fin": 81.42,
      "duracion": 3.55,
      "texto": "Son cinco minutitos de que acá yo le digo los datos que tenemos de ustedes.",
      "confianza": 0.657
    },
    {
      "hablante": "Hablante A",
      "inicio": 81.71,
      "fin": 85.19,
      "duracion": 3.48,
      "texto": "Sí, ya sé, pero por ahora no me voy a cambiar.",
      "confianza": 0.528
    },
    {
      "hablante": "Hablante A",
      "inicio": 85.49,
      "fin": 90.44,
      "duracion": 4.95,
      "texto": "Sí, no quiero cambiarme por ahora.",
      "confianza": 0.671
    },
    {
      "hablante": "Hablante A",
      "inicio": 90.46,
      "fin": 90.81,
      "duracion": 0.34,
      "texto": "Muchos problemas.",
      "confianza": 0.067
    }
  ],
  "transcripcion_completa": "Hola, buenas tardes. Hablo con Ana del Carmen. Sí. ¿Cómo está? Mi nombre es Belén. Me presento. Mire, yo le estoy llamando desde el área de recupero de clientes de Movistar. Queríamos saber por qué se ha habido de la compañía en su momento. Ana, ¿qué le sucedió? Yo no tenía buen internet. Ah, buen internet. ¿En la señal me está comentando usted? Yo no tenía buen internet, por eso me dijo. Bien. ¿Ya se cuánto le sucedió esto? Por ahora no me voy a cambiar. ¿Pero podías escuchar las promociones que tenemos, Vicente? Por ahora no. Estamos mejor en lo que es la señal, según lo que usted me estaba comentando. Con respecto a las promociones, ¿está mayor el porcentaje de descuento que tenemos? El más bajo tiene 14 gigas a 6450. Yo no sé si se utiliza mucho el CELU o no tanto. Sí, pero por ahora no me voy a cambiar porque hay muchos problemas. Sí, doctor, me canse y por mí muchas cosas. Sí, en realidad la sección es súper rápida, Ana. Son cinco minutitos de que acá yo le digo los datos que tenemos de ustedes. Sí, ya sé, pero por ahora no me voy a cambiar. Sí, no quiero cambiarme por ahora. Muchos problemas.",
  "calidad": {
    "confianza_promedio": 0.451,
    "metodo_diarizacion": "pausas_fallback",
    "tiempo_procesamiento": 5.3
  },
  "metadata": {
    "modelo": "whisperx_medium",
    "diarizacion": "pausas",
    "dispositivo": "cuda",
    "fecha": "2026-01-25T18:08:58.841703",
    "version": "5.0_ecapa"
  }
}