{
  "archivo": "amza20_1_260119132537702_ACD_51405.wav",
  "duracion_segundos": 102.26,
  "num_segmentos": 36,
  "num_hablantes": 2,
  "hablantes": [
    "Hablante A",
    "Hablante B"
  ],
  "tiempo_por_hablante": {
    "Hablante B": 17.28,
    "Hablante A": 73.41
  },
  "idioma": "es",
  "conversacion": [
    {
      "hablante": "Hablante B",
      "inicio": 2.41,
      "fin": 3.63,
      "duracion": 1.22,
      "texto": "Hola, muy buen día, Carla.",
      "confianza": 0.372
    },
    {
      "hablante": "Hablante A",
      "inicio": 5.78,
      "fin": 6.13,
      "duracion": 0.36,
      "texto": "Hola, buenos días.",
      "confianza": 0.011
    },
    {
      "hablante": "Hablante A",
      "inicio": 6.16,
      "fin": 6.82,
      "duracion": 0.66,
      "texto": "Carla, cómo te va?",
      "confianza": 0.564
    },
    {
      "hablante": "Hablante A",
      "inicio": 6.86,
      "fin": 9.34,
      "duracion": 2.48,
      "texto": "Tomás es mi nombre, me comunicaría de beneficio en Movistar.",
      "confianza": 0.625
    },
    {
      "hablante": "Hablante A",
      "inicio": 10.06,
      "fin": 14.21,
      "duracion": 4.14,
      "texto": "Totalmente te cuento en claro, ¿verdad?",
      "confianza": 0.718
    },
    {
      "hablante": "Hablante A",
      "inicio": 14.23,
      "fin": 14.29,
      "duracion": 0.06,
      "texto": "Sí.",
      "confianza": 0.11
    },
    {
      "hablante": "Hablante A",
      "inicio": 14.31,
      "fin": 18.01,
      "duracion": 3.71,
      "texto": "Bien, mira, si queríamos mejorar el plan que tenías actualmente con tu línea, ¿estás en claro con abono?",
      "confianza": 0.629
    },
    {
      "hablante": "Hablante A",
      "inicio": 18.07,
      "fin": 21.84,
      "duracion": 3.77,
      "texto": "Compreparlo actualmente.",
      "confianza": 0.536
    },
    {
      "hablante": "Hablante A",
      "inicio": 21.86,
      "fin": 21.98,
      "duracion": 0.12,
      "texto": "Abono.",
      "confianza": 0.081
    },
    {
      "hablante": "Hablante A",
      "inicio": 22.0,
      "fin": 22.58,
      "duracion": 0.58,
      "texto": "Bien, pues ahí te concluyo.",
      "confianza": 0.073
    },
    {
      "hablante": "Hablante A",
      "inicio": 22.6,
      "fin": 27.27,
      "duracion": 4.67,
      "texto": "¿Cuánto llegas a soler ocupar todos los meses, más o menos?",
      "confianza": 0.576
    },
    {
      "hablante": "Hablante A",
      "inicio": 27.29,
      "fin": 27.62,
      "duracion": 0.34,
      "texto": "La verdad, no sé.",
      "confianza": 0.093
    },
    {
      "hablante": "Hablante A",
      "inicio": 28.04,
      "fin": 28.58,
      "duracion": 0.54,
      "texto": "Perfecto.",
      "confianza": 0.413
    },
    {
      "hablante": "Hablante A",
      "inicio": 28.6,
      "fin": 29.29,
      "duracion": 0.68,
      "texto": "Bueno, no tengo problema.",
      "confianza": 0.333
    },
    {
      "hablante": "Hablante A",
      "inicio": 29.3,
      "fin": 29.89,
      "duracion": 0.58,
      "texto": "Mira, te comento.",
      "confianza": 0.601
    },
    {
      "hablante": "Hablante A",
      "inicio": 30.25,
      "fin": 33.03,
      "duracion": 2.79,
      "texto": "Para ofrecerte tengo un plan de 8 gigas de base, bien, más 8 de regalo.",
      "confianza": 0.642
    },
    {
      "hablante": "Hablante A",
      "inicio": 33.07,
      "fin": 34.03,
      "duracion": 0.96,
      "texto": "Por 6 meses tendrías 16.",
      "confianza": 0.602
    },
    {
      "hablante": "Hablante A",
      "inicio": 34.05,
      "fin": 39.14,
      "duracion": 5.09,
      "texto": "Tienes que guardar para ti llamadas líderes de todas las compañías y rumen en América ya incluidas, ¿bien?",
      "confianza": 0.637
    },
    {
      "hablante": "Hablante A",
      "inicio": 39.16,
      "fin": 41.72,
      "duracion": 2.56,
      "texto": "Y este plan te queda un precio al día de hoy de 8.000 pesos, ¿bien?",
      "confianza": 0.545
    },
    {
      "hablante": "Hablante A",
      "inicio": 42.16,
      "fin": 43.63,
      "duracion": 1.46,
      "texto": "Como te digo, tendrías 16 gigas.",
      "confianza": 0.655
    },
    {
      "hablante": "Hablante A",
      "inicio": 43.81,
      "fin": 47.01,
      "duracion": 3.2,
      "texto": "Lo podrías ir guardándome esta vez en caso de que te sobraran y demás.",
      "confianza": 0.513
    },
    {
      "hablante": "Hablante A",
      "inicio": 47.03,
      "fin": 50.54,
      "duracion": 3.5,
      "texto": "Bien.",
      "confianza": 0.75
    },
    {
      "hablante": "Hablante A",
      "inicio": 50.56,
      "fin": 55.87,
      "duracion": 5.31,
      "texto": "Eh... Bueno, aquí... No, hombre, tenés agua.",
      "confianza": 0.06
    },
    {
      "hablante": "Hablante A",
      "inicio": 55.89,
      "fin": 56.13,
      "duracion": 0.24,
      "texto": "¿Tenés agua?",
      "confianza": 0.102
    },
    {
      "hablante": "Hablante A",
      "inicio": 57.25,
      "fin": 64.8,
      "duracion": 7.55,
      "texto": "naturalmente bajo tu nombre, digamos, ¿tenes otra línea o es la única línea que tenés?",
      "confianza": 0.614
    },
    {
      "hablante": "Hablante A",
      "inicio": 64.82,
      "fin": 65.06,
      "duracion": 0.24,
      "texto": "Es la única.",
      "confianza": 0.009
    },
    {
      "hablante": "Hablante A",
      "inicio": 65.08,
      "fin": 65.39,
      "duracion": 0.3,
      "texto": "Bien, perfecto.",
      "confianza": 0.032
    },
    {
      "hablante": "Hablante A",
      "inicio": 65.41,
      "fin": 67.23,
      "duracion": 1.82,
      "texto": "Bueno, mira, te ponemos a aplicar lo que es este plan, ¿sí?",
      "confianza": 0.574
    },
    {
      "hablante": "Hablante A",
      "inicio": 67.91,
      "fin": 74.5,
      "duracion": 6.59,
      "texto": "Como te digo, tendrías 16 gigas, vos como ella, nos figura que ya estuviste en un momento en la compañía y la mayoría de los datos los tenemos, ¿sí?",
      "confianza": 0.611
    },
    {
      "hablante": "Hablante A",
      "inicio": 74.98,
      "fin": 79.72,
      "duracion": 4.75,
      "texto": "Te tendría que, digamos, corroborar algún que otro dato para no ser un trámite muy engorroso.",
      "confianza": 0.723
    },
    {
      "hablante": "Hablante A",
      "inicio": 79.74,
      "fin": 81.65,
      "duracion": 1.9,
      "texto": "Bien.",
      "confianza": 0.607
    },
    {
      "hablante": "Hablante A",
      "inicio": 81.73,
      "fin": 84.19,
      "duracion": 2.46,
      "texto": "No sé si vos sos ocupar más o menos esos gigas o ocupas más.",
      "confianza": 0.44
    },
    {
      "hablante": "Hablante B",
      "inicio": 86.11,
      "fin": 89.26,
      "duracion": 3.15,
      "texto": "No, como lo normal.",
      "confianza": 0.552
    },
    {
      "hablante": "Hablante B",
      "inicio": 89.28,
      "fin": 89.9,
      "duracion": 0.62,
      "texto": "Bien, perfecto.",
      "confianza": 0.606
    },
    {
      "hablante": "Hablante B",
      "inicio": 89.92,
      "fin": 98.76,
      "duracion": 8.84,
      "texto": "Bueno, mira, te interesaría, digamos, darme lo que es el trámite, como te digo, pero valía cinco minutos.",
      "confianza": 0.586
    },
    {
      "hablante": "Hablante B",
      "inicio": 98.82,
      "fin": 102.26,
      "duracion": 3.45,
      "texto": "No, porque a lo mejor no estoy interesada.",
      "confianza": 0.293
    }
  ],
  "transcripcion_completa": "Hola, muy buen día, Carla. Hola, buenos días. Carla, cómo te va? Tomás es mi nombre, me comunicaría de beneficio en Movistar. Totalmente te cuento en claro, ¿verdad? Sí. Bien, mira, si queríamos mejorar el plan que tenías actualmente con tu línea, ¿estás en claro con abono? Compreparlo actualmente. Abono. Bien, pues ahí te concluyo. ¿Cuánto llegas a soler ocupar todos los meses, más o menos? La verdad, no sé. Perfecto. Bueno, no tengo problema. Mira, te comento. Para ofrecerte tengo un plan de 8 gigas de base, bien, más 8 de regalo. Por 6 meses tendrías 16. Tienes que guardar para ti llamadas líderes de todas las compañías y rumen en América ya incluidas, ¿bien? Y este plan te queda un precio al día de hoy de 8.000 pesos, ¿bien? Como te digo, tendrías 16 gigas. Lo podrías ir guardándome esta vez en caso de que te sobraran y demás. Bien. Eh... Bueno, aquí... No, hombre, tenés agua. ¿Tenés agua? naturalmente bajo tu nombre, digamos, ¿tenes otra línea o es la única línea que tenés? Es la única. Bien, perfecto. Bueno, mira, te ponemos a aplicar lo que es este plan, ¿sí? Como te digo, tendrías 16 gigas, vos como ella, nos figura que ya estuviste en un momento en la compañía y la mayoría de los datos los tenemos, ¿sí? Te tendría que, digamos, corroborar algún que otro dato para no ser un trámite muy engorroso. Bien. No sé si vos sos ocupar más o menos esos gigas o ocupas más. No, como lo normal. Bien, perfecto. Bueno, mira, te interesaría, digamos, darme lo que es el trámite, como te digo, pero valía cinco minutos. No, porque a lo mejor no estoy interesada.",
  "calidad": {
    "confianza_promedio": 0.441,
    "metodo_diarizacion": "pausas_fallback",
    "tiempo_procesamiento": 5.9
  },
  "metadata": {
    "modelo": "whisperx_medium",
    "diarizacion": "pausas",
    "dispositivo": "cuda",
    "fecha": "2026-01-25T17:49:17.842437",
    "version": "5.0_ecapa"
  }
}