{
  "archivo": "amza20_1_260124101431443_ACD_33175.wav",
  "duracion_segundos": 157.31,
  "num_segmentos": 50,
  "num_hablantes": 2,
  "hablantes": [
    "Hablante A",
    "Hablante B"
  ],
  "tiempo_por_hablante": {
    "Hablante A": 106.02,
    "Hablante B": 36.41
  },
  "idioma": "es",
  "conversacion": [
    {
      "hablante": "Hablante A",
      "inicio": 0.28,
      "fin": 4.11,
      "duracion": 3.82,
      "texto": "Hola, ¿qué tal?",
      "confianza": 0.182
    },
    {
      "hablante": "Hablante A",
      "inicio": 4.13,
      "fin": 4.45,
      "duracion": 0.32,
      "texto": "Muy buenos días.",
      "confianza": 0.019
    },
    {
      "hablante": "Hablante A",
      "inicio": 4.47,
      "fin": 4.59,
      "duracion": 0.12,
      "texto": "Luisa.",
      "confianza": 0.019
    },
    {
      "hablante": "Hablante A",
      "inicio": 4.61,
      "fin": 4.89,
      "duracion": 0.28,
      "texto": "¿Quién habla?",
      "confianza": 0.109
    },
    {
      "hablante": "Hablante A",
      "inicio": 4.91,
      "fin": 5.55,
      "duracion": 0.64,
      "texto": "Luisa, ¿cómo estás?",
      "confianza": 0.52
    },
    {
      "hablante": "Hablante A",
      "inicio": 5.57,
      "fin": 7.89,
      "duracion": 2.32,
      "texto": "Toma ese es mi nombre, me comunico de la área de beneficios movistar.",
      "confianza": 0.577
    },
    {
      "hablante": "Hablante A",
      "inicio": 8.31,
      "fin": 12.28,
      "duracion": 3.96,
      "texto": "Puedo saber que tú también te cuentas con Clio Oro, ¿correcto?",
      "confianza": 0.42
    },
    {
      "hablante": "Hablante A",
      "inicio": 12.3,
      "fin": 12.36,
      "duracion": 0.06,
      "texto": "Sí.",
      "confianza": 0.102
    },
    {
      "hablante": "Hablante A",
      "inicio": 12.38,
      "fin": 14.06,
      "duracion": 1.68,
      "texto": "Bien, mira, te queríamos mejorar el problema en la línea, ¿sí?",
      "confianza": 0.528
    },
    {
      "hablante": "Hablante A",
      "inicio": 14.08,
      "fin": 15.42,
      "duracion": 1.34,
      "texto": "No, no tengo abono.",
      "confianza": 0.366
    },
    {
      "hablante": "Hablante A",
      "inicio": 15.44,
      "fin": 24.25,
      "duracion": 8.81,
      "texto": "Ah, tenés prepago.",
      "confianza": 0.317
    },
    {
      "hablante": "Hablante A",
      "inicio": 24.27,
      "fin": 24.37,
      "duracion": 0.1,
      "texto": "Sí.",
      "confianza": 0.379
    },
    {
      "hablante": "Hablante A",
      "inicio": 24.83,
      "fin": 25.33,
      "duracion": 0.5,
      "texto": "Bien, perfecto.",
      "confianza": 0.444
    },
    {
      "hablante": "Hablante A",
      "inicio": 25.35,
      "fin": 27.25,
      "duracion": 1.9,
      "texto": "Bueno, Luisa, te comento, no te quiero quitar mucho tiempo, sí.",
      "confianza": 0.635
    },
    {
      "hablante": "Hablante A",
      "inicio": 27.57,
      "fin": 29.77,
      "duracion": 2.2,
      "texto": "Te comento por el plan que tengo para agredirte el día de hoy.",
      "confianza": 0.556
    },
    {
      "hablante": "Hablante A",
      "inicio": 29.79,
      "fin": 35.66,
      "duracion": 5.87,
      "texto": "Sí, tengo un plan que cuenta con lo que son cuatro gigas de base, más diez de regalos por seis meses, tendrías 14 gigas.",
      "confianza": 0.72
    },
    {
      "hablante": "Hablante A",
      "inicio": 36.2,
      "fin": 38.06,
      "duracion": 1.86,
      "texto": "Tenés WhatsApp, te llamarás libre a todas las compañías.",
      "confianza": 0.664
    },
    {
      "hablante": "Hablante A",
      "inicio": 38.09,
      "fin": 40.51,
      "duracion": 2.42,
      "texto": "Y el plan de que daría un precio de $6,450 pesos.",
      "confianza": 0.649
    },
    {
      "hablante": "Hablante A",
      "inicio": 40.83,
      "fin": 43.59,
      "duracion": 2.76,
      "texto": "Económico, busqueme decir que usas prepago.",
      "confianza": 0.551
    },
    {
      "hablante": "Hablante A",
      "inicio": 44.77,
      "fin": 47.62,
      "duracion": 2.84,
      "texto": "Ya que no vas a tener que hacer el carga ni nada, tendrías 14 gigas.",
      "confianza": 0.577
    },
    {
      "hablante": "Hablante A",
      "inicio": 47.68,
      "fin": 49.46,
      "duracion": 1.78,
      "texto": "En caso de que te sobren, los podrías guardar.",
      "confianza": 0.705
    },
    {
      "hablante": "Hablante A",
      "inicio": 49.48,
      "fin": 50.26,
      "duracion": 0.78,
      "texto": "¿Sí, Mercedes?",
      "confianza": 0.399
    },
    {
      "hablante": "Hablante B",
      "inicio": 52.34,
      "fin": 53.77,
      "duracion": 1.42,
      "texto": "¿Cuánto tengo que pagar?",
      "confianza": 0.627
    },
    {
      "hablante": "Hablante B",
      "inicio": 53.91,
      "fin": 56.75,
      "duracion": 2.84,
      "texto": "$6,450 pesos te quedaría el plan al día de hoy.",
      "confianza": 0.58
    },
    {
      "hablante": "Hablante B",
      "inicio": 57.09,
      "fin": 63.91,
      "duracion": 6.83,
      "texto": "Sería, como te digo, que a 14 llegas a Andrías, la promoción es válida por seis meses, bien, para que vos en este periodo de tiempo no tengas fluctuaciones en el plan ni nada.",
      "confianza": 0.529
    },
    {
      "hablante": "Hablante B",
      "inicio": 63.94,
      "fin": 69.02,
      "duracion": 5.09,
      "texto": "Contarías con lo que es una asesoría personal de mi parte, sí, en caso de que llegas a tener algún problema con la línea.",
      "confianza": 0.717
    },
    {
      "hablante": "Hablante A",
      "inicio": 70.61,
      "fin": 70.71,
      "duracion": 0.1,
      "texto": "Bien.",
      "confianza": 0.077
    },
    {
      "hablante": "Hablante A",
      "inicio": 70.73,
      "fin": 75.51,
      "duracion": 4.79,
      "texto": "Decime si tenés alguna duda ahí con el plan, si tenés alguna pregunta.",
      "confianza": 0.597
    },
    {
      "hablante": "Hablante A",
      "inicio": 75.53,
      "fin": 84.21,
      "duracion": 8.67,
      "texto": "Si te consultes, es la única línea o tenés bajo tu nombre o tenés alguna otra.",
      "confianza": 0.669
    },
    {
      "hablante": "Hablante A",
      "inicio": 84.23,
      "fin": 84.53,
      "duracion": 0.3,
      "texto": "¿Cuánto tiempo?",
      "confianza": 0.076
    },
    {
      "hablante": "Hablante A",
      "inicio": 85.35,
      "fin": 92.96,
      "duracion": 7.61,
      "texto": "Y claro, como te digo, la promoción es válida por seis meses y luego desde ahora mismo vas a acceder a otro plan, bien, para que nunca te quedes sin un plan activo, bien.",
      "confianza": 0.595
    },
    {
      "hablante": "Hablante A",
      "inicio": 94.28,
      "fin": 104.91,
      "duracion": 10.63,
      "texto": "En caso de que no se te desea muy intuitivo de lo que es la app, de ahí entra el rol del asesor, sí, que sería yo, bien, guiándote en lo que es cómo activar un plan nuevo y demás.",
      "confianza": 0.734
    },
    {
      "hablante": "Hablante A",
      "inicio": 104.93,
      "fin": 105.69,
      "duracion": 0.76,
      "texto": "Bien.",
      "confianza": 0.824
    },
    {
      "hablante": "Hablante A",
      "inicio": 105.71,
      "fin": 109.73,
      "duracion": 4.02,
      "texto": "Como ya estuviste un momento en la compañía, así la mayoría de los datos los tenemos, bien.",
      "confianza": 0.723
    },
    {
      "hablante": "Hablante A",
      "inicio": 109.75,
      "fin": 112.34,
      "duracion": 2.58,
      "texto": "Tenía un término bastante cortito el que te propongo, sí.",
      "confianza": 0.566
    },
    {
      "hablante": "Hablante A",
      "inicio": 113.04,
      "fin": 115.51,
      "duracion": 2.46,
      "texto": "Bueno, no, por ahora sí, claro.",
      "confianza": 0.426
    },
    {
      "hablante": "Hablante A",
      "inicio": 116.71,
      "fin": 117.11,
      "duracion": 0.4,
      "texto": "Bien, entiendo.",
      "confianza": 0.546
    },
    {
      "hablante": "Hablante A",
      "inicio": 117.13,
      "fin": 119.39,
      "duracion": 2.26,
      "texto": "¿Por qué ha motivo de que te interesa decirme eso?",
      "confianza": 0.458
    },
    {
      "hablante": "Hablante A",
      "inicio": 119.41,
      "fin": 126.12,
      "duracion": 6.71,
      "texto": "Yo, porque he hecho cargos de... cargos de 4.000 y tengo el mes sordo.",
      "confianza": 0.59
    },
    {
      "hablante": "Hablante A",
      "inicio": 126.14,
      "fin": 129.28,
      "duracion": 3.14,
      "texto": "Todo el mes tengo WhatsApp gratis.",
      "confianza": 0.219
    },
    {
      "hablante": "Hablante A",
      "inicio": 129.3,
      "fin": 129.98,
      "duracion": 0.68,
      "texto": "Bien, entiendo.",
      "confianza": 0.659
    },
    {
      "hablante": "Hablante A",
      "inicio": 130.0,
      "fin": 134.55,
      "duracion": 4.55,
      "texto": "Claro, así que creo que también tenías WhatsApp gratis y, aparte, tendrías bastante más gigas, tendrías más conectividad.",
      "confianza": 0.463
    },
    {
      "hablante": "Hablante B",
      "inicio": 136.81,
      "fin": 141.22,
      "duracion": 4.41,
      "texto": "Claro, pero lo que pasa es que yo quiero el WhatsApp para la calle.",
      "confianza": 0.35
    },
    {
      "hablante": "Hablante B",
      "inicio": 141.24,
      "fin": 142.68,
      "duracion": 1.44,
      "texto": "Cuando salga de la calle y...",
      "confianza": 0.202
    },
    {
      "hablante": "Hablante B",
      "inicio": 142.81,
      "fin": 145.34,
      "duracion": 2.53,
      "texto": "más que nada por eso.",
      "confianza": 0.475
    },
    {
      "hablante": "Hablante B",
      "inicio": 145.36,
      "fin": 147.46,
      "duracion": 2.11,
      "texto": "Claro, por eso.",
      "confianza": 0.75
    },
    {
      "hablante": "Hablante B",
      "inicio": 147.48,
      "fin": 151.89,
      "duracion": 4.41,
      "texto": "Por eso tengo internet, así que no.",
      "confianza": 0.417
    },
    {
      "hablante": "Hablante B",
      "inicio": 151.91,
      "fin": 152.36,
      "duracion": 0.44,
      "texto": "Bien, entiendo.",
      "confianza": 0.487
    },
    {
      "hablante": "Hablante B",
      "inicio": 152.38,
      "fin": 153.38,
      "duracion": 1.0,
      "texto": "Entonces, bueno, no hay problema, Tara.",
      "confianza": 0.412
    },
    {
      "hablante": "Hablante B",
      "inicio": 153.42,
      "fin": 157.31,
      "duracion": 3.89,
      "texto": "Dejo vos me disto atención, que tengas un muy buen día.",
      "confianza": 0.63
    }
  ],
  "transcripcion_completa": "Hola, ¿qué tal? Muy buenos días. Luisa. ¿Quién habla? Luisa, ¿cómo estás? Toma ese es mi nombre, me comunico de la área de beneficios movistar. Puedo saber que tú también te cuentas con Clio Oro, ¿correcto? Sí. Bien, mira, te queríamos mejorar el problema en la línea, ¿sí? No, no tengo abono. Ah, tenés prepago. Sí. Bien, perfecto. Bueno, Luisa, te comento, no te quiero quitar mucho tiempo, sí. Te comento por el plan que tengo para agredirte el día de hoy. Sí, tengo un plan que cuenta con lo que son cuatro gigas de base, más diez de regalos por seis meses, tendrías 14 gigas. Tenés WhatsApp, te llamarás libre a todas las compañías. Y el plan de que daría un precio de $6,450 pesos. Económico, busqueme decir que usas prepago. Ya que no vas a tener que hacer el carga ni nada, tendrías 14 gigas. En caso de que te sobren, los podrías guardar. ¿Sí, Mercedes? ¿Cuánto tengo que pagar? $6,450 pesos te quedaría el plan al día de hoy. Sería, como te digo, que a 14 llegas a Andrías, la promoción es válida por seis meses, bien, para que vos en este periodo de tiempo no tengas fluctuaciones en el plan ni nada. Contarías con lo que es una asesoría personal de mi parte, sí, en caso de que llegas a tener algún problema con la línea. Bien. Decime si tenés alguna duda ahí con el plan, si tenés alguna pregunta. Si te consultes, es la única línea o tenés bajo tu nombre o tenés alguna otra. ¿Cuánto tiempo? Y claro, como te digo, la promoción es válida por seis meses y luego desde ahora mismo vas a acceder a otro plan, bien, para que nunca te quedes sin un plan activo, bien. En caso de que no se te desea muy intuitivo de lo que es la app, de ahí entra el rol del asesor, sí, que sería yo, bien, guiándote en lo que es cómo activar un plan nuevo y demás. Bien. Como ya estuviste un momento en la compañía, así la mayoría de los datos los tenemos, bien. Tenía un término bastante cortito el que te propongo, sí. Bueno, no, por ahora sí, claro. Bien, entiendo. ¿Por qué ha motivo de que te interesa decirme eso? Yo, porque he hecho cargos de... cargos de 4.000 y tengo el mes sordo. Todo el mes tengo WhatsApp gratis. Bien, entiendo. Claro, así que creo que también tenías WhatsApp gratis y, aparte, tendrías bastante más gigas, tendrías más conectividad. Claro, pero lo que pasa es que yo quiero el WhatsApp para la calle. Cuando salga de la calle y... más que nada por eso. Claro, por eso. Por eso tengo internet, así que no. Bien, entiendo. Entonces, bueno, no hay problema, Tara. Dejo vos me disto atención, que tengas un muy buen día.",
  "calidad": {
    "confianza_promedio": 0.477,
    "metodo_diarizacion": "pausas_fallback",
    "tiempo_procesamiento": 7.6
  },
  "metadata": {
    "modelo": "whisperx_medium",
    "diarizacion": "pausas",
    "dispositivo": "cuda",
    "fecha": "2026-01-26T01:53:44.366904",
    "version": "5.0_ecapa"
  }
}