{
  "archivo": "amza22_1_260124111033918_ACD_63589.wav",
  "duracion_segundos": 154.2,
  "num_segmentos": 44,
  "num_hablantes": 2,
  "hablantes": [
    "Hablante A",
    "Hablante B"
  ],
  "tiempo_por_hablante": {
    "Hablante B": 100.4,
    "Hablante A": 35.77
  },
  "idioma": "es",
  "conversacion": [
    {
      "hablante": "Hablante B",
      "inicio": 1.63,
      "fin": 4.64,
      "duracion": 3.0,
      "texto": "Hola.",
      "confianza": 0.202
    },
    {
      "hablante": "Hablante B",
      "inicio": 4.66,
      "fin": 5.36,
      "duracion": 0.7,
      "texto": "Hola, hoy en día hablo con Natalia.",
      "confianza": 0.004
    },
    {
      "hablante": "Hablante B",
      "inicio": 5.38,
      "fin": 5.44,
      "duracion": 0.06,
      "texto": "Sí.",
      "confianza": 0.037
    },
    {
      "hablante": "Hablante B",
      "inicio": 5.46,
      "fin": 6.12,
      "duracion": 0.66,
      "texto": "Natalia, ¿cómo están?",
      "confianza": 0.131
    },
    {
      "hablante": "Hablante B",
      "inicio": 6.14,
      "fin": 7.92,
      "duracion": 1.78,
      "texto": "Mi nombre es Elaine, me presento.",
      "confianza": 0.219
    },
    {
      "hablante": "Hablante B",
      "inicio": 7.94,
      "fin": 11.27,
      "duracion": 3.32,
      "texto": "Mira, yo le estoy llamando desde el área de recupero de clientes de Movistar.",
      "confianza": 0.517
    },
    {
      "hablante": "Hablante B",
      "inicio": 12.07,
      "fin": 13.47,
      "duracion": 1.4,
      "texto": "Ah, sí.",
      "confianza": 0.319
    },
    {
      "hablante": "Hablante B",
      "inicio": 13.49,
      "fin": 16.15,
      "duracion": 2.66,
      "texto": "Yo ya había hablado con alguien la otra vuelta en la semana.",
      "confianza": 0.687
    },
    {
      "hablante": "Hablante B",
      "inicio": 16.21,
      "fin": 19.7,
      "duracion": 3.48,
      "texto": "Por el momento no estoy interesada en cambiarme de compañía.",
      "confianza": 0.709
    },
    {
      "hablante": "Hablante B",
      "inicio": 19.72,
      "fin": 20.1,
      "duracion": 0.38,
      "texto": "Bien.",
      "confianza": 0.773
    },
    {
      "hablante": "Hablante B",
      "inicio": 20.12,
      "fin": 21.8,
      "duracion": 1.68,
      "texto": "¿Por qué no estarías interesada, Natalia?",
      "confianza": 0.772
    },
    {
      "hablante": "Hablante B",
      "inicio": 22.44,
      "fin": 27.39,
      "duracion": 4.95,
      "texto": "Estoy conforme con la compañía en la que estoy, así que voy a permanecer.",
      "confianza": 0.643
    },
    {
      "hablante": "Hablante B",
      "inicio": 28.23,
      "fin": 29.77,
      "duracion": 1.54,
      "texto": "¿Y sabes qué plan tenés con ellos?",
      "confianza": 0.647
    },
    {
      "hablante": "Hablante B",
      "inicio": 29.79,
      "fin": 30.71,
      "duracion": 0.92,
      "texto": "¿Cuántos gigas tenés?",
      "confianza": 0.712
    },
    {
      "hablante": "Hablante B",
      "inicio": 30.73,
      "fin": 32.54,
      "duracion": 1.8,
      "texto": "¿Cuánto estás abonando aproximadamente?",
      "confianza": 0.56
    },
    {
      "hablante": "Hablante B",
      "inicio": 33.16,
      "fin": 37.1,
      "duracion": 3.95,
      "texto": "Sí, tengo casi 6 gigas, más de 15 mil pesos.",
      "confianza": 0.132
    },
    {
      "hablante": "Hablante B",
      "inicio": 37.12,
      "fin": 42.23,
      "duracion": 5.11,
      "texto": "Bien, mira, porque nosotros tenemos una oferta especial en la que vos tendrías 14 gigas a 6450.",
      "confianza": 0.625
    },
    {
      "hablante": "Hablante B",
      "inicio": 42.34,
      "fin": 46.64,
      "duracion": 4.31,
      "texto": "Sí, por seis meses creo que son igual esos 14 gigas.",
      "confianza": 0.533
    },
    {
      "hablante": "Hablante B",
      "inicio": 47.8,
      "fin": 53.73,
      "duracion": 5.93,
      "texto": "Sí, esto es por seis meses, pero nosotros en el quinto momento vamos a estar contactando para que vos no abones lo que es la totalidad.",
      "confianza": 0.661
    },
    {
      "hablante": "Hablante B",
      "inicio": 54.59,
      "fin": 64.5,
      "duracion": 9.91,
      "texto": "Igualmente, como le decía la otra chica, es que tampoco me cambiaría porque como yo viajo muy enseguida a Córdoba, me quedo sin señal enseguida.",
      "confianza": 0.693
    },
    {
      "hablante": "Hablante B",
      "inicio": 65.17,
      "fin": 70.79,
      "duracion": 5.63,
      "texto": "Es como que allá deja de funcionar, movilizar, así que permanezco en claro más por eso.",
      "confianza": 0.755
    },
    {
      "hablante": "Hablante B",
      "inicio": 71.55,
      "fin": 72.93,
      "duracion": 1.38,
      "texto": "No tengo línea ya.",
      "confianza": 0.65
    },
    {
      "hablante": "Hablante B",
      "inicio": 73.44,
      "fin": 77.28,
      "duracion": 3.85,
      "texto": "¿Por qué partes no tenés ni... qué partes de Cordara?",
      "confianza": 0.671
    },
    {
      "hablante": "Hablante B",
      "inicio": 77.3,
      "fin": 78.44,
      "duracion": 1.14,
      "texto": "Villa San Roque del Lago.",
      "confianza": 0.617
    },
    {
      "hablante": "Hablante B",
      "inicio": 79.89,
      "fin": 81.73,
      "duracion": 1.84,
      "texto": "Villa San Roque.",
      "confianza": 0.343
    },
    {
      "hablante": "Hablante B",
      "inicio": 81.75,
      "fin": 82.43,
      "duracion": 0.68,
      "texto": "Bien.",
      "confianza": 0.753
    },
    {
      "hablante": "Hablante B",
      "inicio": 82.45,
      "fin": 82.91,
      "duracion": 0.46,
      "texto": "¿Y dónde es?",
      "confianza": 0.247
    },
    {
      "hablante": "Hablante B",
      "inicio": 82.93,
      "fin": 85.1,
      "duracion": 2.16,
      "texto": "¿Qué localidad es esa?",
      "confianza": 0.376
    },
    {
      "hablante": "Hablante B",
      "inicio": 85.12,
      "fin": 86.5,
      "duracion": 1.38,
      "texto": "Eso sería Vialezmacé.",
      "confianza": 0.589
    },
    {
      "hablante": "Hablante B",
      "inicio": 87.82,
      "fin": 88.62,
      "duracion": 0.8,
      "texto": "¿Cómo?",
      "confianza": 0.422
    },
    {
      "hablante": "Hablante B",
      "inicio": 88.64,
      "fin": 90.69,
      "duracion": 2.04,
      "texto": "Entre Carlos Paz y Cosquín.",
      "confianza": 0.598
    },
    {
      "hablante": "Hablante B",
      "inicio": 90.71,
      "fin": 91.49,
      "duracion": 0.78,
      "texto": "Sería esta zona.",
      "confianza": 0.507
    },
    {
      "hablante": "Hablante B",
      "inicio": 92.27,
      "fin": 92.73,
      "duracion": 0.46,
      "texto": "Ah, bien.",
      "confianza": 0.348
    },
    {
      "hablante": "Hablante B",
      "inicio": 92.97,
      "fin": 95.61,
      "duracion": 2.64,
      "texto": "A ver, aguardame que lo estoy buscando acá.",
      "confianza": 0.553
    },
    {
      "hablante": "Hablante B",
      "inicio": 96.3,
      "fin": 113.92,
      "duracion": 17.62,
      "texto": "La cosquina acá me sale que está en verde, lo que es Cosquín, Santamaría... Sí, en el centro sí, más que la plaza tiene wifi, así que en el centro sí es como que funciona bien, pero vas para la localidad donde vivo, que masa un poquito más adentro y ahí ya está de funcionar.",
      "confianza": 0.539
    },
    {
      "hablante": "Hablante A",
      "inicio": 116.95,
      "fin": 125.2,
      "duracion": 8.25,
      "texto": "Ah, bien, pero vos antes... Sí, yo llamé, yo estuve en Movistar, yo siempre fui clienta en Movistar, pero estoy haciendo mi casa allá y me pasaba eso.",
      "confianza": 0.529
    },
    {
      "hablante": "Hablante A",
      "inicio": 125.95,
      "fin": 138.13,
      "duracion": 12.17,
      "texto": "Me dijeron que más adelante... No tienen antena, me dijo, porque compró antena con no sé quién y por eso se caía la señal en ese momento.",
      "confianza": 0.716
    },
    {
      "hablante": "Hablante A",
      "inicio": 138.33,
      "fin": 140.93,
      "duracion": 2.6,
      "texto": "Veré ahora, cuando vaya veré ahora si está muy bueno.",
      "confianza": 0.691
    },
    {
      "hablante": "Hablante A",
      "inicio": 140.95,
      "fin": 148.34,
      "duracion": 7.39,
      "texto": "Habían dicho iban a poner antena, iban a mejorar la señal.",
      "confianza": 0.643
    },
    {
      "hablante": "Hablante A",
      "inicio": 148.36,
      "fin": 148.84,
      "duracion": 0.48,
      "texto": "Me habían dicho, sí, sí.",
      "confianza": 0.083
    },
    {
      "hablante": "Hablante A",
      "inicio": 148.86,
      "fin": 150.08,
      "duracion": 1.22,
      "texto": "Así que veremos más adelante.",
      "confianza": 0.548
    },
    {
      "hablante": "Hablante A",
      "inicio": 150.5,
      "fin": 151.84,
      "duracion": 1.34,
      "texto": "Te agradezco igual, eh.",
      "confianza": 0.553
    },
    {
      "hablante": "Hablante A",
      "inicio": 151.86,
      "fin": 153.76,
      "duracion": 1.9,
      "texto": "Te agradezco por tu atención.",
      "confianza": 0.5
    },
    {
      "hablante": "Hablante A",
      "inicio": 153.78,
      "fin": 154.2,
      "duracion": 0.42,
      "texto": "Muchas gracias.",
      "confianza": 0.148
    }
  ],
  "transcripcion_completa": "Hola. Hola, hoy en día hablo con Natalia. Sí. Natalia, ¿cómo están? Mi nombre es Elaine, me presento. Mira, yo le estoy llamando desde el área de recupero de clientes de Movistar. Ah, sí. Yo ya había hablado con alguien la otra vuelta en la semana. Por el momento no estoy interesada en cambiarme de compañía. Bien. ¿Por qué no estarías interesada, Natalia? Estoy conforme con la compañía en la que estoy, así que voy a permanecer. ¿Y sabes qué plan tenés con ellos? ¿Cuántos gigas tenés? ¿Cuánto estás abonando aproximadamente? Sí, tengo casi 6 gigas, más de 15 mil pesos. Bien, mira, porque nosotros tenemos una oferta especial en la que vos tendrías 14 gigas a 6450. Sí, por seis meses creo que son igual esos 14 gigas. Sí, esto es por seis meses, pero nosotros en el quinto momento vamos a estar contactando para que vos no abones lo que es la totalidad. Igualmente, como le decía la otra chica, es que tampoco me cambiaría porque como yo viajo muy enseguida a Córdoba, me quedo sin señal enseguida. Es como que allá deja de funcionar, movilizar, así que permanezco en claro más por eso. No tengo línea ya. ¿Por qué partes no tenés ni... qué partes de Cordara? Villa San Roque del Lago. Villa San Roque. Bien. ¿Y dónde es? ¿Qué localidad es esa? Eso sería Vialezmacé. ¿Cómo? Entre Carlos Paz y Cosquín. Sería esta zona. Ah, bien. A ver, aguardame que lo estoy buscando acá. La cosquina acá me sale que está en verde, lo que es Cosquín, Santamaría... Sí, en el centro sí, más que la plaza tiene wifi, así que en el centro sí es como que funciona bien, pero vas para la localidad donde vivo, que masa un poquito más adentro y ahí ya está de funcionar. Ah, bien, pero vos antes... Sí, yo llamé, yo estuve en Movistar, yo siempre fui clienta en Movistar, pero estoy haciendo mi casa allá y me pasaba eso. Me dijeron que más adelante... No tienen antena, me dijo, porque compró antena con no sé quién y por eso se caía la señal en ese momento. Veré ahora, cuando vaya veré ahora si está muy bueno. Habían dicho iban a poner antena, iban a mejorar la señal. Me habían dicho, sí, sí. Así que veremos más adelante. Te agradezco igual, eh. Te agradezco por tu atención. Muchas gracias.",
  "calidad": {
    "confianza_promedio": 0.499,
    "metodo_diarizacion": "pausas_fallback",
    "tiempo_procesamiento": 7.2
  },
  "metadata": {
    "modelo": "whisperx_medium",
    "diarizacion": "pausas",
    "dispositivo": "cuda",
    "fecha": "2026-01-26T02:00:35.749582",
    "version": "5.0_ecapa"
  }
}