{
  "archivo": "amza23_1_260123105702227_ACD_36677.wav",
  "duracion_segundos": 69.32,
  "num_segmentos": 23,
  "num_hablantes": 2,
  "hablantes": [
    "Hablante A",
    "Hablante B"
  ],
  "tiempo_por_hablante": {
    "Hablante B": 14.04,
    "Hablante A": 41.44
  },
  "idioma": "es",
  "conversacion": [
    {
      "hablante": "Hablante B",
      "inicio": 2.02,
      "fin": 2.22,
      "duracion": 0.2,
      "texto": "Hola.",
      "confianza": 0.292
    },
    {
      "hablante": "Hablante B",
      "inicio": 2.24,
      "fin": 4.37,
      "duracion": 2.12,
      "texto": "Buen día.",
      "confianza": 0.469
    },
    {
      "hablante": "Hablante B",
      "inicio": 4.38,
      "fin": 5.73,
      "duracion": 1.34,
      "texto": "¿Qué tal con Cecilia?",
      "confianza": 0.556
    },
    {
      "hablante": "Hablante A",
      "inicio": 7.47,
      "fin": 8.77,
      "duracion": 1.3,
      "texto": "No, no se encuentra ella.",
      "confianza": 0.42
    },
    {
      "hablante": "Hablante A",
      "inicio": 8.79,
      "fin": 10.03,
      "duracion": 1.24,
      "texto": "Macarena es mi nombre.",
      "confianza": 0.734
    },
    {
      "hablante": "Hablante A",
      "inicio": 10.67,
      "fin": 16.84,
      "duracion": 6.17,
      "texto": "Nos estamos contactando para brindarle una promoción en la línea al día de hoy.",
      "confianza": 0.773
    },
    {
      "hablante": "Hablante A",
      "inicio": 16.86,
      "fin": 18.02,
      "duracion": 1.16,
      "texto": "¿Qué tal?",
      "confianza": 0.518
    },
    {
      "hablante": "Hablante A",
      "inicio": 18.04,
      "fin": 18.94,
      "duracion": 0.9,
      "texto": "¿Cómo le va?",
      "confianza": 0.166
    },
    {
      "hablante": "Hablante A",
      "inicio": 18.96,
      "fin": 20.46,
      "duracion": 1.5,
      "texto": "¿Para qué acceda a Movistar?",
      "confianza": 0.564
    },
    {
      "hablante": "Hablante B",
      "inicio": 22.93,
      "fin": 24.27,
      "duracion": 1.34,
      "texto": "Con una muy buena promoción.",
      "confianza": 0.889
    },
    {
      "hablante": "Hablante B",
      "inicio": 24.39,
      "fin": 28.01,
      "duracion": 3.62,
      "texto": "Ella actualmente asesoría diclaro y tiene esa línea en su nombre, ¿verdad?",
      "confianza": 0.699
    },
    {
      "hablante": "Hablante A",
      "inicio": 29.8,
      "fin": 30.02,
      "duracion": 0.22,
      "texto": "Sí, exacto.",
      "confianza": 0.038
    },
    {
      "hablante": "Hablante A",
      "inicio": 30.04,
      "fin": 31.76,
      "duracion": 1.72,
      "texto": "Todos los días llaman de Movistar.",
      "confianza": 0.612
    },
    {
      "hablante": "Hablante A",
      "inicio": 32.4,
      "fin": 34.28,
      "duracion": 1.88,
      "texto": "Bien, ¿y qué promoción le habían brindado?",
      "confianza": 0.443
    },
    {
      "hablante": "Hablante A",
      "inicio": 35.1,
      "fin": 38.54,
      "duracion": 3.44,
      "texto": "Pero todos los días llamamos y no cansamos de decirles que no queremos nada.",
      "confianza": 0.692
    },
    {
      "hablante": "Hablante A",
      "inicio": 38.64,
      "fin": 42.11,
      "duracion": 3.47,
      "texto": "Bueno, no hay problema, entonces lo dejamos en el sistema, ¿sí?",
      "confianza": 0.527
    },
    {
      "hablante": "Hablante A",
      "inicio": 42.53,
      "fin": 45.71,
      "duracion": 3.18,
      "texto": "¿Pero se puede dejar en el sistema de que no llamen más?",
      "confianza": 0.671
    },
    {
      "hablante": "Hablante A",
      "inicio": 45.73,
      "fin": 54.22,
      "duracion": 8.49,
      "texto": "Al menos los dracales de mi base no se van a volver a contactar, son distintas bases las que se contactan, sí, por eso se contactan también en reiteradas veces.",
      "confianza": 0.703
    },
    {
      "hablante": "Hablante A",
      "inicio": 54.24,
      "fin": 57.07,
      "duracion": 2.82,
      "texto": "No sé si en el día de ayer le habrán brindado la promoción.",
      "confianza": 0.628
    },
    {
      "hablante": "Hablante A",
      "inicio": 57.99,
      "fin": 61.93,
      "duracion": 3.95,
      "texto": "Pero llaman 30 veces al día, hasta las 9 de la noche han llamado.",
      "confianza": 0.55
    },
    {
      "hablante": "Hablante B",
      "inicio": 63.5,
      "fin": 66.19,
      "duracion": 2.69,
      "texto": "Bueno, lo dejamos entonces en sistema.",
      "confianza": 0.773
    },
    {
      "hablante": "Hablante B",
      "inicio": 66.57,
      "fin": 69.06,
      "duracion": 2.49,
      "texto": "Por favor, gracias.",
      "confianza": 0.212
    },
    {
      "hablante": "Hablante B",
      "inicio": 69.08,
      "fin": 69.32,
      "duracion": 0.24,
      "texto": "Hasta luego.",
      "confianza": 0.088
    }
  ],
  "transcripcion_completa": "Hola. Buen día. ¿Qué tal con Cecilia? No, no se encuentra ella. Macarena es mi nombre. Nos estamos contactando para brindarle una promoción en la línea al día de hoy. ¿Qué tal? ¿Cómo le va? ¿Para qué acceda a Movistar? Con una muy buena promoción. Ella actualmente asesoría diclaro y tiene esa línea en su nombre, ¿verdad? Sí, exacto. Todos los días llaman de Movistar. Bien, ¿y qué promoción le habían brindado? Pero todos los días llamamos y no cansamos de decirles que no queremos nada. Bueno, no hay problema, entonces lo dejamos en el sistema, ¿sí? ¿Pero se puede dejar en el sistema de que no llamen más? Al menos los dracales de mi base no se van a volver a contactar, son distintas bases las que se contactan, sí, por eso se contactan también en reiteradas veces. No sé si en el día de ayer le habrán brindado la promoción. Pero llaman 30 veces al día, hasta las 9 de la noche han llamado. Bueno, lo dejamos entonces en sistema. Por favor, gracias. Hasta luego.",
  "calidad": {
    "confianza_promedio": 0.522,
    "metodo_diarizacion": "pausas_fallback",
    "tiempo_procesamiento": 5.2
  },
  "metadata": {
    "modelo": "whisperx_medium",
    "diarizacion": "pausas",
    "dispositivo": "cuda",
    "fecha": "2026-01-26T02:03:09.044570",
    "version": "5.0_ecapa"
  }
}