{
  "archivo": "amza1_1_260119103440215_ACD_03815.wav",
  "duracion_segundos": 370.76,
  "num_segmentos": 105,
  "num_hablantes": 2,
  "hablantes": [
    "Hablante A",
    "Hablante B"
  ],
  "tiempo_por_hablante": {
    "Hablante A": 310.19,
    "Hablante B": 33.75
  },
  "idioma": "es",
  "conversacion": [
    {
      "hablante": "Hablante A",
      "inicio": 0.57,
      "fin": 1.03,
      "duracion": 0.46,
      "texto": "Hola.",
      "confianza": 0.352
    },
    {
      "hablante": "Hablante A",
      "inicio": 1.77,
      "fin": 2.41,
      "duracion": 0.64,
      "texto": "Hola, ¿qué tal?",
      "confianza": 0.568
    },
    {
      "hablante": "Hablante A",
      "inicio": 2.43,
      "fin": 2.95,
      "duracion": 0.52,
      "texto": "Muy buenos días.",
      "confianza": 0.432
    },
    {
      "hablante": "Hablante A",
      "inicio": 3.01,
      "fin": 6.14,
      "duracion": 3.12,
      "texto": "Hablo con Juan José.",
      "confianza": 0.692
    },
    {
      "hablante": "Hablante A",
      "inicio": 6.16,
      "fin": 6.22,
      "duracion": 0.06,
      "texto": "Sí.",
      "confianza": 0.014
    },
    {
      "hablante": "Hablante A",
      "inicio": 6.24,
      "fin": 7.0,
      "duracion": 0.76,
      "texto": "¿Qué tal, señor?",
      "confianza": 0.505
    },
    {
      "hablante": "Hablante A",
      "inicio": 7.02,
      "fin": 7.44,
      "duracion": 0.42,
      "texto": "¿Cómo le va?",
      "confianza": 0.531
    },
    {
      "hablante": "Hablante A",
      "inicio": 7.46,
      "fin": 8.84,
      "duracion": 1.38,
      "texto": "Un placer hablar con usted.",
      "confianza": 0.755
    },
    {
      "hablante": "Hablante A",
      "inicio": 8.86,
      "fin": 11.64,
      "duracion": 2.78,
      "texto": "Le habla Evangeline del área de beneficios de líneas móviles.",
      "confianza": 0.696
    },
    {
      "hablante": "Hablante A",
      "inicio": 11.66,
      "fin": 15.33,
      "duracion": 3.66,
      "texto": "¿Cómo le va el día de hoy?",
      "confianza": 0.493
    },
    {
      "hablante": "Hablante A",
      "inicio": 15.35,
      "fin": 15.67,
      "duracion": 0.32,
      "texto": "Está bien, bien.",
      "confianza": 0.01
    },
    {
      "hablante": "Hablante A",
      "inicio": 15.69,
      "fin": 16.45,
      "duracion": 0.76,
      "texto": "Bueno, me alegro.",
      "confianza": 0.332
    },
    {
      "hablante": "Hablante A",
      "inicio": 16.47,
      "fin": 23.6,
      "duracion": 7.13,
      "texto": "Les comento brevemente si yo lo llamo para brindarle justamente un descuento exclusivo a usted, ya que estuvo anteriormente, me figura el sistema, en la compañía de Movistar.",
      "confianza": 0.659
    },
    {
      "hablante": "Hablante A",
      "inicio": 23.62,
      "fin": 24.06,
      "duracion": 0.44,
      "texto": "¿Bien?",
      "confianza": 0.816
    },
    {
      "hablante": "Hablante A",
      "inicio": 25.32,
      "fin": 29.67,
      "duracion": 4.35,
      "texto": "Me figura que está lo que es actualmente con lo que eres claro, sí, con un abono mensual.",
      "confianza": 0.7
    },
    {
      "hablante": "Hablante A",
      "inicio": 30.04,
      "fin": 36.73,
      "duracion": 6.69,
      "texto": "¿Qué está ganando algo de 20.000, 18.000 pesos puede ser?",
      "confianza": 0.553
    },
    {
      "hablante": "Hablante A",
      "inicio": 36.75,
      "fin": 36.97,
      "duracion": 0.22,
      "texto": "Sí, 17.000.",
      "confianza": 0.008
    },
    {
      "hablante": "Hablante A",
      "inicio": 36.99,
      "fin": 37.13,
      "duracion": 0.14,
      "texto": "Bien.",
      "confianza": 0.392
    },
    {
      "hablante": "Hablante A",
      "inicio": 37.15,
      "fin": 39.97,
      "duracion": 2.82,
      "texto": "Sí, Juan José, le comento de la promoción que tenemos para hoy.",
      "confianza": 0.717
    },
    {
      "hablante": "Hablante A",
      "inicio": 39.99,
      "fin": 40.63,
      "duracion": 0.64,
      "texto": "Sí, para usted hoy.",
      "confianza": 0.575
    },
    {
      "hablante": "Hablante A",
      "inicio": 40.98,
      "fin": 46.73,
      "duracion": 5.75,
      "texto": "Es lo que es una promoción muy completa de 8 gigas de gas, más 8 gigas de regalo, es decir que usted va a tener 16 gigas en total, ¿sí?",
      "confianza": 0.64
    },
    {
      "hablante": "Hablante A",
      "inicio": 47.06,
      "fin": 60.92,
      "duracion": 13.86,
      "texto": "Incluye lo 3, whatsapp gratis, para que se mantenga lo comunicado los 30 días del mes, que es el beneficio que tenemos nosotros, es que a diferencia de claro, el whatsapp realmente no le consume ningún tipo de liga, en que claro, le consume hasta que justamente se le acaban, hay empezaciones gratis.",
      "confianza": 0.684
    },
    {
      "hablante": "Hablante A",
      "inicio": 60.94,
      "fin": 70.48,
      "duracion": 9.53,
      "texto": "Luego tenemos lo que son llamadas libres a cualquier compañía, llamadas a América Precio Local, y este plan incluye lo 3 Roaming en América por tan solo 10.400 pesos.",
      "confianza": 0.701
    },
    {
      "hablante": "Hablante A",
      "inicio": 70.76,
      "fin": 75.18,
      "duracion": 4.43,
      "texto": "Bien, esa es la promoción que tenemos justamente por el día de hoy para usted.",
      "confianza": 0.667
    },
    {
      "hablante": "Hablante A",
      "inicio": 75.2,
      "fin": 75.28,
      "duracion": 0.08,
      "texto": "¿Sí?",
      "confianza": 0.019
    },
    {
      "hablante": "Hablante A",
      "inicio": 75.3,
      "fin": 75.36,
      "duracion": 0.06,
      "texto": "Sí.",
      "confianza": 0.299
    },
    {
      "hablante": "Hablante A",
      "inicio": 75.56,
      "fin": 82.53,
      "duracion": 6.97,
      "texto": "Le comento el beneficio, Juan José, es que justamente usted, mientras que hace lo que es el trámite de portabilidad, no se va a quedar incomunicado.",
      "confianza": 0.696
    },
    {
      "hablante": "Hablante A",
      "inicio": 82.95,
      "fin": 93.61,
      "duracion": 10.66,
      "texto": "Y yo puedo tener justamente brindarle lo que es el chip a través de una zona cercana a su domicilio, una sucursal, o también envío a su domicilio, ¿bien?",
      "confianza": 0.808
    },
    {
      "hablante": "Hablante A",
      "inicio": 93.63,
      "fin": 97.55,
      "duracion": 3.92,
      "texto": "En ese caso... Sí, sí.",
      "confianza": 0.181
    },
    {
      "hablante": "Hablante A",
      "inicio": 97.57,
      "fin": 97.67,
      "duracion": 0.1,
      "texto": "Bien.",
      "confianza": 0.199
    },
    {
      "hablante": "Hablante A",
      "inicio": 98.45,
      "fin": 104.15,
      "duracion": 5.7,
      "texto": "Si le gustaría, podríamos hacer, Juan José, lo que es el cambio de portabilidad atrás de la chamada.",
      "confianza": 0.672
    },
    {
      "hablante": "Hablante A",
      "inicio": 104.53,
      "fin": 107.94,
      "duracion": 3.4,
      "texto": "Nos lleva aproximadamente 10 minutos a hacer lo que es el traspaso.",
      "confianza": 0.72
    },
    {
      "hablante": "Hablante A",
      "inicio": 108.38,
      "fin": 120.75,
      "duracion": 12.37,
      "texto": "Y usted, entre 48 y 72 horas rávires, podría estar portando lo que es la línea con la compañía Movistar sin, obviamente, perder el número y también manteniendo lo que es, justamente, el mismo número que usted tiene, que es el que termina en 045.",
      "confianza": 0.738
    },
    {
      "hablante": "Hablante A",
      "inicio": 120.77,
      "fin": 120.97,
      "duracion": 0.2,
      "texto": "¿Sí?",
      "confianza": 0.38
    },
    {
      "hablante": "Hablante A",
      "inicio": 120.99,
      "fin": 121.09,
      "duracion": 0.1,
      "texto": "Sí.",
      "confianza": 0.44
    },
    {
      "hablante": "Hablante A",
      "inicio": 121.11,
      "fin": 127.15,
      "duracion": 6.05,
      "texto": "Yo, por ahora, no voy a cambiar.",
      "confianza": 0.151
    },
    {
      "hablante": "Hablante A",
      "inicio": 127.76,
      "fin": 130.82,
      "duracion": 3.06,
      "texto": "Por ahora estoy bien acá, ¿viste?",
      "confianza": 0.165
    },
    {
      "hablante": "Hablante A",
      "inicio": 130.84,
      "fin": 133.12,
      "duracion": 2.28,
      "texto": "Bien, ¿por qué no te gustaría cambiar, señor?",
      "confianza": 0.142
    },
    {
      "hablante": "Hablante A",
      "inicio": 133.14,
      "fin": 133.36,
      "duracion": 0.22,
      "texto": "¿Cómo?",
      "confianza": 0.646
    },
    {
      "hablante": "Hablante A",
      "inicio": 133.9,
      "fin": 135.59,
      "duracion": 1.68,
      "texto": "¿Por qué no le gustaría cambiar, justamente?",
      "confianza": 0.75
    },
    {
      "hablante": "Hablante A",
      "inicio": 135.67,
      "fin": 137.75,
      "duracion": 2.08,
      "texto": "Si el trámite es de rojo, ¿por qué no me estaría ahorrando?",
      "confianza": 0.28
    },
    {
      "hablante": "Hablante A",
      "inicio": 138.47,
      "fin": 142.29,
      "duracion": 3.82,
      "texto": "Porque estoy bien como estoy, con el plan que tengo.",
      "confianza": 0.349
    },
    {
      "hablante": "Hablante A",
      "inicio": 142.31,
      "fin": 144.15,
      "duracion": 1.84,
      "texto": "¿Pero le estoy dando un plan mucho más barato?",
      "confianza": 0.612
    },
    {
      "hablante": "Hablante B",
      "inicio": 145.68,
      "fin": 148.78,
      "duracion": 3.1,
      "texto": "Sí, yo tengo 30 gigas.",
      "confianza": 0.473
    },
    {
      "hablante": "Hablante B",
      "inicio": 148.82,
      "fin": 149.6,
      "duracion": 0.78,
      "texto": "¿30 gigas tienes?",
      "confianza": 0.629
    },
    {
      "hablante": "Hablante B",
      "inicio": 149.96,
      "fin": 150.52,
      "duracion": 0.56,
      "texto": "Bien.",
      "confianza": 0.882
    },
    {
      "hablante": "Hablante B",
      "inicio": 150.54,
      "fin": 154.84,
      "duracion": 4.3,
      "texto": "¿Y usted los utiliza todos o justamente les quedan, les sobran?",
      "confianza": 0.631
    },
    {
      "hablante": "Hablante B",
      "inicio": 155.53,
      "fin": 158.7,
      "duracion": 3.16,
      "texto": "Cuando por ahí me quedan, por ahí no, a veces uso.",
      "confianza": 0.694
    },
    {
      "hablante": "Hablante B",
      "inicio": 159.12,
      "fin": 161.06,
      "duracion": 1.94,
      "texto": "Me la paso viendo bastante.",
      "confianza": 0.754
    },
    {
      "hablante": "Hablante B",
      "inicio": 161.08,
      "fin": 163.2,
      "duracion": 2.12,
      "texto": "Uso bastante.",
      "confianza": 0.388
    },
    {
      "hablante": "Hablante B",
      "inicio": 163.22,
      "fin": 163.32,
      "duracion": 0.1,
      "texto": "Bien.",
      "confianza": 0.01
    },
    {
      "hablante": "Hablante B",
      "inicio": 163.34,
      "fin": 164.34,
      "duracion": 1.0,
      "texto": "Por eso te agradezco.",
      "confianza": 0.415
    },
    {
      "hablante": "Hablante B",
      "inicio": 164.36,
      "fin": 167.41,
      "duracion": 3.04,
      "texto": "Por el momento, por el momento, por lo menos no ahora.",
      "confianza": 0.673
    },
    {
      "hablante": "Hablante B",
      "inicio": 167.81,
      "fin": 170.65,
      "duracion": 2.84,
      "texto": "Cuando me cambien de plan, me lo buscaré otro.",
      "confianza": 0.3
    },
    {
      "hablante": "Hablante B",
      "inicio": 170.67,
      "fin": 171.07,
      "duracion": 0.4,
      "texto": "Bueno, entiendo.",
      "confianza": 0.448
    },
    {
      "hablante": "Hablante B",
      "inicio": 171.11,
      "fin": 177.06,
      "duracion": 5.95,
      "texto": "En ese caso se tiene lo que es justamente la bonificación con Claro, por eso mismo.",
      "confianza": 0.663
    },
    {
      "hablante": "Hablante B",
      "inicio": 177.08,
      "fin": 177.14,
      "duracion": 0.06,
      "texto": "Sí.",
      "confianza": 0.032
    },
    {
      "hablante": "Hablante B",
      "inicio": 177.16,
      "fin": 177.44,
      "duracion": 0.28,
      "texto": "Bien.",
      "confianza": 0.25
    },
    {
      "hablante": "Hablante B",
      "inicio": 177.46,
      "fin": 181.58,
      "duracion": 4.12,
      "texto": "Y la buena consulta a Juan José en cuanto a lo que es el Internet global también lo tiene con la compañía de Claro.",
      "confianza": 0.716
    },
    {
      "hablante": "Hablante A",
      "inicio": 184.12,
      "fin": 184.36,
      "duracion": 0.24,
      "texto": "¿En mi casa?",
      "confianza": 0.004
    },
    {
      "hablante": "Hablante A",
      "inicio": 184.38,
      "fin": 184.44,
      "duracion": 0.06,
      "texto": "Sí.",
      "confianza": 0.333
    },
    {
      "hablante": "Hablante A",
      "inicio": 185.01,
      "fin": 188.4,
      "duracion": 3.39,
      "texto": "No, no.",
      "confianza": 0.446
    },
    {
      "hablante": "Hablante A",
      "inicio": 188.42,
      "fin": 189.48,
      "duracion": 1.06,
      "texto": "Bien.",
      "confianza": 0.747
    },
    {
      "hablante": "Hablante A",
      "inicio": 189.5,
      "fin": 191.0,
      "duracion": 1.5,
      "texto": "¿Y sabe cuándo está volviendo por el internet?",
      "confianza": 0.488
    },
    {
      "hablante": "Hablante A",
      "inicio": 191.1,
      "fin": 198.01,
      "duracion": 6.91,
      "texto": "Porque tenemos lo que es una promoción también, ya que usted fue antes cliente de la compañía, para la fibra óptica en este caso.",
      "confianza": 0.711
    },
    {
      "hablante": "Hablante A",
      "inicio": 198.41,
      "fin": 206.68,
      "duracion": 8.27,
      "texto": "Que bueno, tiene lo que es muy buena idea de subir y bajar y además puede tener gran cantidad de dispositivos conectados al mismo tiempo, ya que la fibra óptica da esa posibilidad.",
      "confianza": 0.624
    },
    {
      "hablante": "Hablante A",
      "inicio": 207.16,
      "fin": 207.38,
      "duracion": 0.22,
      "texto": "¿Sí?",
      "confianza": 0.456
    },
    {
      "hablante": "Hablante A",
      "inicio": 208.31,
      "fin": 209.37,
      "duracion": 1.06,
      "texto": "¿Se tiene idea?",
      "confianza": 0.327
    },
    {
      "hablante": "Hablante A",
      "inicio": 209.96,
      "fin": 213.22,
      "duracion": 3.27,
      "texto": "Y yo le comento lo que son los precios básicos.",
      "confianza": 0.608
    },
    {
      "hablante": "Hablante A",
      "inicio": 213.48,
      "fin": 218.31,
      "duracion": 4.83,
      "texto": "Sí, tenemos lo que es justamente la fibra de 300 megas en 24 mil pesos.",
      "confianza": 0.722
    },
    {
      "hablante": "Hablante A",
      "inicio": 219.01,
      "fin": 219.87,
      "duracion": 0.86,
      "texto": "Sí.",
      "confianza": 0.829
    },
    {
      "hablante": "Hablante A",
      "inicio": 219.89,
      "fin": 228.13,
      "duracion": 8.23,
      "texto": "Y luego tenemos lo que es la fibra de 600 megas, que es mucho más completa, en lo que es un costo de 26 mil 600 pesos.",
      "confianza": 0.783
    },
    {
      "hablante": "Hablante A",
      "inicio": 228.15,
      "fin": 228.31,
      "duracion": 0.16,
      "texto": "Sí.",
      "confianza": 0.946
    },
    {
      "hablante": "Hablante A",
      "inicio": 229.27,
      "fin": 235.56,
      "duracion": 6.29,
      "texto": "Acá lo que yo le puedo comentar es que si usted tiene alguna línea que quiera justamente poner al mismo nombre que la fibra,",
      "confianza": 0.707
    },
    {
      "hablante": "Hablante A",
      "inicio": 235.89,
      "fin": 241.0,
      "duracion": 5.11,
      "texto": "El Movistar se le va a hacer lo que es una bonificación y va a quedar la línea y la fibra al mismo precio.",
      "confianza": 0.724
    },
    {
      "hablante": "Hablante A",
      "inicio": 241.04,
      "fin": 247.07,
      "duracion": 6.03,
      "texto": "Es decir que, por ejemplo, le va a quedar la fibra de 600 megas más una línea de 8 gigas en 26.600 pesos a ambas.",
      "confianza": 0.645
    },
    {
      "hablante": "Hablante A",
      "inicio": 247.39,
      "fin": 249.55,
      "duracion": 2.16,
      "texto": "Bien, ese es el beneficio que podemos brindarse.",
      "confianza": 0.702
    },
    {
      "hablante": "Hablante A",
      "inicio": 249.57,
      "fin": 261.87,
      "duracion": 12.3,
      "texto": "En caso que se tenga, por ejemplo, algún hijo o alguna persona que quiera ponerla a su nombre, se transpojan lo que es la línea más la fibra y quedan justamente los dos servicios al valor de solamente la fibra.",
      "confianza": 0.709
    },
    {
      "hablante": "Hablante A",
      "inicio": 261.89,
      "fin": 262.37,
      "duracion": 0.48,
      "texto": "¿Efecto?",
      "confianza": 0.471
    },
    {
      "hablante": "Hablante A",
      "inicio": 263.4,
      "fin": 265.72,
      "duracion": 2.32,
      "texto": "Sí, sí, escuché.",
      "confianza": 0.476
    },
    {
      "hablante": "Hablante A",
      "inicio": 265.74,
      "fin": 276.13,
      "duracion": 10.39,
      "texto": "Bueno, mira, lo que pasa es que acá, sí, yo tengo mis hijas, pero tendría que comentarle, ahora no están y por ahí, si me llaman mañana o otro día... Bien, mire, vamos a hacer una cosa.",
      "confianza": 0.407
    },
    {
      "hablante": "Hablante A",
      "inicio": 276.15,
      "fin": 278.44,
      "duracion": 2.28,
      "texto": "Yo le voy a mandar un mensaje por WhatsApp.",
      "confianza": 0.673
    },
    {
      "hablante": "Hablante A",
      "inicio": 278.46,
      "fin": 281.3,
      "duracion": 2.84,
      "texto": "Le voy a poner, hola Juan, soy Eva de Movistar, ¿sí?",
      "confianza": 0.646
    },
    {
      "hablante": "Hablante A",
      "inicio": 282.02,
      "fin": 288.31,
      "duracion": 6.29,
      "texto": "Y si quiere, para que vaya allá adelantando lo que es y ahorrando tiempo, usted le puede brindar si quiere lo que es.",
      "confianza": 0.728
    },
    {
      "hablante": "Hablante A",
      "inicio": 288.58,
      "fin": 292.9,
      "duracion": 4.32,
      "texto": "calle y numeración para que yo pueda ir verificando si usted tiene la posibilidad de conectar la fibra.",
      "confianza": 0.682
    },
    {
      "hablante": "Hablante A",
      "inicio": 292.92,
      "fin": 298.39,
      "duracion": 5.47,
      "texto": "En este caso, yo por el mismo WhatsApp le voy a decir, Juan, ¿tienen la posibilidad de conectar o no la tienen?",
      "confianza": 0.692
    },
    {
      "hablante": "Hablante A",
      "inicio": 298.41,
      "fin": 301.79,
      "duracion": 3.38,
      "texto": "Entonces ahí si usted quiere lo charla y le pasó bien las promociones que tenemos.",
      "confianza": 0.718
    },
    {
      "hablante": "Hablante A",
      "inicio": 302.83,
      "fin": 314.7,
      "duracion": 11.87,
      "texto": "Bueno, yo te paso la dirección, pero... Ponele a acionar y pico cuando me ofrecieron también fibra me dijeron que acá no llegaba, así que... Bien, ¿hace cuánto lo consultó?",
      "confianza": 0.368
    },
    {
      "hablante": "Hablante A",
      "inicio": 315.56,
      "fin": 318.32,
      "duracion": 2.76,
      "texto": "No, ya hace más de un año, ya.",
      "confianza": 0.109
    },
    {
      "hablante": "Hablante A",
      "inicio": 318.34,
      "fin": 322.05,
      "duracion": 3.71,
      "texto": "No, bueno, ese caso es tranquilo porque de una semana para la otra la puede cambiar.",
      "confianza": 0.687
    },
    {
      "hablante": "Hablante A",
      "inicio": 322.59,
      "fin": 324.63,
      "duracion": 2.04,
      "texto": "Bien, así que lo podemos verificar.",
      "confianza": 0.817
    },
    {
      "hablante": "Hablante A",
      "inicio": 324.97,
      "fin": 329.76,
      "duracion": 4.79,
      "texto": "Díganme, puede hacer innumeración.",
      "confianza": 0.417
    },
    {
      "hablante": "Hablante A",
      "inicio": 329.78,
      "fin": 332.75,
      "duracion": 2.96,
      "texto": "Cáceres Montiel, 2200.",
      "confianza": 0.562
    },
    {
      "hablante": "Hablante A",
      "inicio": 332.76,
      "fin": 333.13,
      "duracion": 0.36,
      "texto": "2200.",
      "confianza": 0.913
    },
    {
      "hablante": "Hablante A",
      "inicio": 333.37,
      "fin": 341.16,
      "duracion": 7.79,
      "texto": "De la localidad de Serra Autónoma de Buenos Aires, sería o ingeniero... No.",
      "confianza": 0.581
    },
    {
      "hablante": "Hablante A",
      "inicio": 341.18,
      "fin": 342.02,
      "duracion": 0.84,
      "texto": "Ingeniero Busque, en Loma de Zamora.",
      "confianza": 0.224
    },
    {
      "hablante": "Hablante A",
      "inicio": 342.04,
      "fin": 342.22,
      "duracion": 0.18,
      "texto": "Bien, sí.",
      "confianza": 0.142
    },
    {
      "hablante": "Hablante A",
      "inicio": 342.24,
      "fin": 345.36,
      "duracion": 3.12,
      "texto": "Su domicilio se encuentra entre... En una esquina, ¿veres?",
      "confianza": 0.669
    },
    {
      "hablante": "Hablante A",
      "inicio": 345.9,
      "fin": 350.71,
      "duracion": 4.81,
      "texto": "entre Campana y Nécol, entre Campana y Nécol.",
      "confianza": 0.042
    },
    {
      "hablante": "Hablante A",
      "inicio": 350.73,
      "fin": 352.15,
      "duracion": 1.42,
      "texto": "Bien, entre Campana y Nécol, perfecto.",
      "confianza": 0.568
    },
    {
      "hablante": "Hablante A",
      "inicio": 352.33,
      "fin": 364.71,
      "duracion": 12.38,
      "texto": "Ahora yo lo derivo, si quiere ahí le mando un mensaje por WhatsApp, avísame si le llegó, si quiere respóndalo y ahora mismo le adjunto si tiene lo que es la posibilidad de conexión de fibra o no, ¿bien?",
      "confianza": 0.683
    },
    {
      "hablante": "Hablante A",
      "inicio": 364.73,
      "fin": 364.85,
      "duracion": 0.12,
      "texto": "Bueno.",
      "confianza": 0.014
    },
    {
      "hablante": "Hablante A",
      "inicio": 364.87,
      "fin": 369.1,
      "duracion": 4.23,
      "texto": "Bueno, muchas gracias Juanjo, estamos en comunicación entonces, ¿sí?",
      "confianza": 0.66
    },
    {
      "hablante": "Hablante A",
      "inicio": 369.12,
      "fin": 369.42,
      "duracion": 0.3,
      "texto": "Bueno, gracias.",
      "confianza": 0.014
    },
    {
      "hablante": "Hablante A",
      "inicio": 369.44,
      "fin": 370.76,
      "duracion": 1.32,
      "texto": "Hasta luego, muchas gracias a usted.",
      "confianza": 0.328
    }
  ],
  "transcripcion_completa": "Hola. Hola, ¿qué tal? Muy buenos días. Hablo con Juan José. Sí. ¿Qué tal, señor? ¿Cómo le va? Un placer hablar con usted. Le habla Evangeline del área de beneficios de líneas móviles. ¿Cómo le va el día de hoy? Está bien, bien. Bueno, me alegro. Les comento brevemente si yo lo llamo para brindarle justamente un descuento exclusivo a usted, ya que estuvo anteriormente, me figura el sistema, en la compañía de Movistar. ¿Bien? Me figura que está lo que es actualmente con lo que eres claro, sí, con un abono mensual. ¿Qué está ganando algo de 20.000, 18.000 pesos puede ser? Sí, 17.000. Bien. Sí, Juan José, le comento de la promoción que tenemos para hoy. Sí, para usted hoy. Es lo que es una promoción muy completa de 8 gigas de gas, más 8 gigas de regalo, es decir que usted va a tener 16 gigas en total, ¿sí? Incluye lo 3, whatsapp gratis, para que se mantenga lo comunicado los 30 días del mes, que es el beneficio que tenemos nosotros, es que a diferencia de claro, el whatsapp realmente no le consume ningún tipo de liga, en que claro, le consume hasta que justamente se le acaban, hay empezaciones gratis. Luego tenemos lo que son llamadas libres a cualquier compañía, llamadas a América Precio Local, y este plan incluye lo 3 Roaming en América por tan solo 10.400 pesos. Bien, esa es la promoción que tenemos justamente por el día de hoy para usted. ¿Sí? Sí. Le comento el beneficio, Juan José, es que justamente usted, mientras que hace lo que es el trámite de portabilidad, no se va a quedar incomunicado. Y yo puedo tener justamente brindarle lo que es el chip a través de una zona cercana a su domicilio, una sucursal, o también envío a su domicilio, ¿bien? En ese caso... Sí, sí. Bien. Si le gustaría, podríamos hacer, Juan José, lo que es el cambio de portabilidad atrás de la chamada. Nos lleva aproximadamente 10 minutos a hacer lo que es el traspaso. Y usted, entre 48 y 72 horas rávires, podría estar portando lo que es la línea con la compañía Movistar sin, obviamente, perder el número y también manteniendo lo que es, justamente, el mismo número que usted tiene, que es el que termina en 045. ¿Sí? Sí. Yo, por ahora, no voy a cambiar. Por ahora estoy bien acá, ¿viste? Bien, ¿por qué no te gustaría cambiar, señor? ¿Cómo? ¿Por qué no le gustaría cambiar, justamente? Si el trámite es de rojo, ¿por qué no me estaría ahorrando? Porque estoy bien como estoy, con el plan que tengo. ¿Pero le estoy dando un plan mucho más barato? Sí, yo tengo 30 gigas. ¿30 gigas tienes? Bien. ¿Y usted los utiliza todos o justamente les quedan, les sobran? Cuando por ahí me quedan, por ahí no, a veces uso. Me la paso viendo bastante. Uso bastante. Bien. Por eso te agradezco. Por el momento, por el momento, por lo menos no ahora. Cuando me cambien de plan, me lo buscaré otro. Bueno, entiendo. En ese caso se tiene lo que es justamente la bonificación con Claro, por eso mismo. Sí. Bien. Y la buena consulta a Juan José en cuanto a lo que es el Internet global también lo tiene con la compañía de Claro. ¿En mi casa? Sí. No, no. Bien. ¿Y sabe cuándo está volviendo por el internet? Porque tenemos lo que es una promoción también, ya que usted fue antes cliente de la compañía, para la fibra óptica en este caso. Que bueno, tiene lo que es muy buena idea de subir y bajar y además puede tener gran cantidad de dispositivos conectados al mismo tiempo, ya que la fibra óptica da esa posibilidad. ¿Sí? ¿Se tiene idea? Y yo le comento lo que son los precios básicos. Sí, tenemos lo que es justamente la fibra de 300 megas en 24 mil pesos. Sí. Y luego tenemos lo que es la fibra de 600 megas, que es mucho más completa, en lo que es un costo de 26 mil 600 pesos. Sí. Acá lo que yo le puedo comentar es que si usted tiene alguna línea que quiera justamente poner al mismo nombre que la fibra, El Movistar se le va a hacer lo que es una bonificación y va a quedar la línea y la fibra al mismo precio. Es decir que, por ejemplo, le va a quedar la fibra de 600 megas más una línea de 8 gigas en 26.600 pesos a ambas. Bien, ese es el beneficio que podemos brindarse. En caso que se tenga, por ejemplo, algún hijo o alguna persona que quiera ponerla a su nombre, se transpojan lo que es la línea más la fibra y quedan justamente los dos servicios al valor de solamente la fibra. ¿Efecto? Sí, sí, escuché. Bueno, mira, lo que pasa es que acá, sí, yo tengo mis hijas, pero tendría que comentarle, ahora no están y por ahí, si me llaman mañana o otro día... Bien, mire, vamos a hacer una cosa. Yo le voy a mandar un mensaje por WhatsApp. Le voy a poner, hola Juan, soy Eva de Movistar, ¿sí? Y si quiere, para que vaya allá adelantando lo que es y ahorrando tiempo, usted le puede brindar si quiere lo que es. calle y numeración para que yo pueda ir verificando si usted tiene la posibilidad de conectar la fibra. En este caso, yo por el mismo WhatsApp le voy a decir, Juan, ¿tienen la posibilidad de conectar o no la tienen? Entonces ahí si usted quiere lo charla y le pasó bien las promociones que tenemos. Bueno, yo te paso la dirección, pero... Ponele a acionar y pico cuando me ofrecieron también fibra me dijeron que acá no llegaba, así que... Bien, ¿hace cuánto lo consultó? No, ya hace más de un año, ya. No, bueno, ese caso es tranquilo porque de una semana para la otra la puede cambiar. Bien, así que lo podemos verificar. Díganme, puede hacer innumeración. Cáceres Montiel, 2200. 2200. De la localidad de Serra Autónoma de Buenos Aires, sería o ingeniero... No. Ingeniero Busque, en Loma de Zamora. Bien, sí. Su domicilio se encuentra entre... En una esquina, ¿veres? entre Campana y Nécol, entre Campana y Nécol. Bien, entre Campana y Nécol, perfecto. Ahora yo lo derivo, si quiere ahí le mando un mensaje por WhatsApp, avísame si le llegó, si quiere respóndalo y ahora mismo le adjunto si tiene lo que es la posibilidad de conexión de fibra o no, ¿bien? Bueno. Bueno, muchas gracias Juanjo, estamos en comunicación entonces, ¿sí? Bueno, gracias. Hasta luego, muchas gracias a usted.",
  "calidad": {
    "confianza_promedio": 0.51,
    "metodo_diarizacion": "pausas_fallback",
    "tiempo_procesamiento": 12.6
  },
  "metadata": {
    "modelo": "whisperx_medium",
    "diarizacion": "pausas",
    "dispositivo": "cuda",
    "fecha": "2026-01-25T17:38:38.382439",
    "version": "5.0_ecapa"
  }
}