{
  "archivo": "amza1_1_260119120316834_ACD_65889.wav",
  "duracion_segundos": 333.92,
  "num_segmentos": 93,
  "num_hablantes": 2,
  "hablantes": [
    "Hablante A",
    "Hablante B"
  ],
  "tiempo_por_hablante": {
    "Hablante B": 138.02,
    "Hablante A": 162.06
  },
  "idioma": "es",
  "conversacion": [
    {
      "hablante": "Hablante B",
      "inicio": 2.38,
      "fin": 3.34,
      "duracion": 0.96,
      "texto": "Hola, muy buenos días.",
      "confianza": 0.421
    },
    {
      "hablante": "Hablante B",
      "inicio": 3.36,
      "fin": 7.06,
      "duracion": 3.7,
      "texto": "¿Habló con Carlos?",
      "confianza": 0.647
    },
    {
      "hablante": "Hablante B",
      "inicio": 7.08,
      "fin": 7.34,
      "duracion": 0.26,
      "texto": "Sí, de parte.",
      "confianza": 0.011
    },
    {
      "hablante": "Hablante B",
      "inicio": 7.36,
      "fin": 8.1,
      "duracion": 0.74,
      "texto": "Carlos, ¿cómo le va?",
      "confianza": 0.48
    },
    {
      "hablante": "Hablante B",
      "inicio": 8.12,
      "fin": 11.99,
      "duracion": 3.87,
      "texto": "¿Le habla Evangeline Arci, del área de beneficios para Zoliniamo?",
      "confianza": 0.536
    },
    {
      "hablante": "Hablante B",
      "inicio": 12.01,
      "fin": 13.41,
      "duracion": 1.4,
      "texto": "Sí, yo soy asesora de Mozart.",
      "confianza": 0.472
    },
    {
      "hablante": "Hablante B",
      "inicio": 13.43,
      "fin": 14.33,
      "duracion": 0.9,
      "texto": "¿Cómo le va, Carlos?",
      "confianza": 0.719
    },
    {
      "hablante": "Hablante A",
      "inicio": 16.89,
      "fin": 17.12,
      "duracion": 0.22,
      "texto": "Todo bien.",
      "confianza": 0.188
    },
    {
      "hablante": "Hablante A",
      "inicio": 17.14,
      "fin": 17.98,
      "duracion": 0.84,
      "texto": "Bueno, me alegro, señor.",
      "confianza": 0.515
    },
    {
      "hablante": "Hablante A",
      "inicio": 18.42,
      "fin": 22.92,
      "duracion": 4.51,
      "texto": "De momento, Carlos, sí, yo me comunicaba con usted para brindarle lo que es un descuento para Zoliniamo.",
      "confianza": 0.689
    },
    {
      "hablante": "Hablante A",
      "inicio": 22.94,
      "fin": 26.55,
      "duracion": 3.6,
      "texto": "Me asegura que también tiene lo que es un, justamente, abono mensual en claro.",
      "confianza": 0.624
    },
    {
      "hablante": "Hablante A",
      "inicio": 26.57,
      "fin": 27.71,
      "duracion": 1.14,
      "texto": "¿Correcto, Carlos?",
      "confianza": 0.541
    },
    {
      "hablante": "Hablante A",
      "inicio": 28.06,
      "fin": 29.8,
      "duracion": 1.74,
      "texto": "Sí.",
      "confianza": 0.271
    },
    {
      "hablante": "Hablante A",
      "inicio": 29.82,
      "fin": 29.92,
      "duracion": 0.1,
      "texto": "Bien.",
      "confianza": 0.07
    },
    {
      "hablante": "Hablante A",
      "inicio": 29.94,
      "fin": 31.84,
      "duracion": 1.9,
      "texto": "Le comento de qué trata lo que es la promoción nuestra.",
      "confianza": 0.663
    },
    {
      "hablante": "Hablante A",
      "inicio": 32.1,
      "fin": 34.93,
      "duracion": 2.82,
      "texto": "Sí, es un plan de 8 gigas más 8 gigas de regalo.",
      "confianza": 0.705
    },
    {
      "hablante": "Hablante A",
      "inicio": 35.55,
      "fin": 35.99,
      "duracion": 0.44,
      "texto": "Sí.",
      "confianza": 0.578
    },
    {
      "hablante": "Hablante A",
      "inicio": 36.01,
      "fin": 48.97,
      "duracion": 12.96,
      "texto": "Incluye lo que es WhatsApp gratis los 30 días del mes, las llamanas libres a cualquier tipo de compañía y además tiene como extra lo que es roaming en América y llamanas América a precio local por 10.400 pesos.",
      "confianza": 0.686
    },
    {
      "hablante": "Hablante A",
      "inicio": 49.35,
      "fin": 49.55,
      "duracion": 0.2,
      "texto": "Bien.",
      "confianza": 0.937
    },
    {
      "hablante": "Hablante A",
      "inicio": 49.65,
      "fin": 51.81,
      "duracion": 2.16,
      "texto": "¿Cuándo está volando Carlos actualmente?",
      "confianza": 0.75
    },
    {
      "hablante": "Hablante B",
      "inicio": 56.81,
      "fin": 56.99,
      "duracion": 0.18,
      "texto": "En claro.",
      "confianza": 0.04
    },
    {
      "hablante": "Hablante B",
      "inicio": 57.02,
      "fin": 57.05,
      "duracion": 0.04,
      "texto": "9.",
      "confianza": 0.494
    },
    {
      "hablante": "Hablante B",
      "inicio": 57.79,
      "fin": 58.66,
      "duracion": 0.86,
      "texto": "9.000 pesos.",
      "confianza": 0.742
    },
    {
      "hablante": "Hablante B",
      "inicio": 59.04,
      "fin": 62.33,
      "duracion": 3.29,
      "texto": "Y está ganando 9.000 pesos justamente por el plan de cuatro gigas, ¿no es cierto?",
      "confianza": 0.719
    },
    {
      "hablante": "Hablante B",
      "inicio": 62.34,
      "fin": 63.41,
      "duracion": 1.06,
      "texto": "O sea, el plan básico.",
      "confianza": 0.624
    },
    {
      "hablante": "Hablante A",
      "inicio": 65.29,
      "fin": 65.55,
      "duracion": 0.26,
      "texto": "Bien.",
      "confianza": 0.811
    },
    {
      "hablante": "Hablante A",
      "inicio": 65.99,
      "fin": 71.67,
      "duracion": 5.67,
      "texto": "Pues en ese caso, justamente yo lo he contactado usted, Carlos, para limarle lo que es justamente por 1.400 pesos más.",
      "confianza": 0.728
    },
    {
      "hablante": "Hablante A",
      "inicio": 71.9,
      "fin": 74.72,
      "duracion": 2.82,
      "texto": "Usted va a tener lo que es un plan mucho más como esto de 16 gigas.",
      "confianza": 0.536
    },
    {
      "hablante": "Hablante A",
      "inicio": 75.03,
      "fin": 83.39,
      "duracion": 8.37,
      "texto": "Sí, el beneficio además que usted va a tener es que, bueno, justamente al hacer lo que es la gestión conmigo, sí, va a tener lo que es una asociación personalizada donde usted le va a hacer toda la gestión.",
      "confianza": 0.561
    },
    {
      "hablante": "Hablante A",
      "inicio": 83.86,
      "fin": 88.62,
      "duracion": 4.77,
      "texto": "Usted es lo único que va a tener que hacer, justamente buscar lo que es el chip en cualquier sucursal cercana a su domicilio.",
      "confianza": 0.629
    },
    {
      "hablante": "Hablante A",
      "inicio": 89.18,
      "fin": 94.85,
      "duracion": 5.67,
      "texto": "Y dentro de 48 a 72 horas va a tener lo que es la línea en funcionamiento, ¿bien?",
      "confianza": 0.622
    },
    {
      "hablante": "Hablante A",
      "inicio": 95.17,
      "fin": 100.94,
      "duracion": 5.77,
      "texto": "¿Usted de dónde es, Carlos, de qué localidad, provincia y localidad?",
      "confianza": 0.567
    },
    {
      "hablante": "Hablante A",
      "inicio": 100.95,
      "fin": 101.11,
      "duracion": 0.16,
      "texto": "Rosario.",
      "confianza": 0.13
    },
    {
      "hablante": "Hablante A",
      "inicio": 101.62,
      "fin": 116.24,
      "duracion": 14.62,
      "texto": "Bien, en ese caso, Carlos, como usted es la de Rosario, yo lo que le voy a derivar es el chip a justamente un punto de adquisición, si que son sucursales que están autorizadas, van a poder vender lo que es el chip de Movistar y ustedes dentro del 48 horas van a poder ir a buscarlo para activar su línea, ¿bien?",
      "confianza": 0.655
    },
    {
      "hablante": "Hablante A",
      "inicio": 116.26,
      "fin": 119.3,
      "duracion": 3.04,
      "texto": "Y justamente tener lo que es el descuento.",
      "confianza": 0.774
    },
    {
      "hablante": "Hablante A",
      "inicio": 119.32,
      "fin": 122.97,
      "duracion": 3.65,
      "texto": "Y ahí, y bueno, como le decía, la de tener una línea ya mucho más completa en la compañía de Movistar.",
      "confianza": 0.538
    },
    {
      "hablante": "Hablante A",
      "inicio": 122.98,
      "fin": 123.85,
      "duracion": 0.86,
      "texto": "¿Qué le parece?",
      "confianza": 0.731
    },
    {
      "hablante": "Hablante A",
      "inicio": 124.2,
      "fin": 130.33,
      "duracion": 6.13,
      "texto": "Y no, todavía me quedo con claro porque tengo una promoción.",
      "confianza": 0.459
    },
    {
      "hablante": "Hablante A",
      "inicio": 130.35,
      "fin": 130.79,
      "duracion": 0.44,
      "texto": "Por eso.",
      "confianza": 0.236
    },
    {
      "hablante": "Hablante A",
      "inicio": 130.81,
      "fin": 131.61,
      "duracion": 0.8,
      "texto": "Bien.",
      "confianza": 0.646
    },
    {
      "hablante": "Hablante A",
      "inicio": 131.63,
      "fin": 133.29,
      "duracion": 1.66,
      "texto": "Bien, paso a comentarle también.",
      "confianza": 0.406
    },
    {
      "hablante": "Hablante A",
      "inicio": 133.31,
      "fin": 134.41,
      "duracion": 1.1,
      "texto": "Más adelante puede ser.",
      "confianza": 0.389
    },
    {
      "hablante": "Hablante A",
      "inicio": 135.07,
      "fin": 136.61,
      "duracion": 1.54,
      "texto": "Sí, aguárdeme que acá me figuró.",
      "confianza": 0.505
    },
    {
      "hablante": "Hablante A",
      "inicio": 136.63,
      "fin": 143.14,
      "duracion": 6.51,
      "texto": "Sí, mire, acabo de habilitar lo que es una promoción para usted, ya que estuvo justamente en la compañía antes, que es mucho más económica.",
      "confianza": 0.653
    },
    {
      "hablante": "Hablante A",
      "inicio": 143.22,
      "fin": 146.81,
      "duracion": 3.59,
      "texto": "Tiene un valor de 7.460 pesos, sí.",
      "confianza": 0.663
    },
    {
      "hablante": "Hablante A",
      "inicio": 147.35,
      "fin": 150.27,
      "duracion": 2.93,
      "texto": "Y son 4 gigas de base más 4 gigas de regalo.",
      "confianza": 0.674
    },
    {
      "hablante": "Hablante A",
      "inicio": 150.29,
      "fin": 153.48,
      "duracion": 3.18,
      "texto": "Es decir que va a tener 8 gigas en total, Carlos, ¿bien?",
      "confianza": 0.504
    },
    {
      "hablante": "Hablante A",
      "inicio": 153.91,
      "fin": 157.54,
      "duracion": 3.62,
      "texto": "Esta promoción incluye lo que es WhatsApp y ya van a ingresar con mi compañía.",
      "confianza": 0.328
    },
    {
      "hablante": "Hablante A",
      "inicio": 157.56,
      "fin": 164.93,
      "duracion": 7.37,
      "texto": "O sea, que por usted, por 7.460 pesos, por un descuento pico por 6 metros, pues puede tener 8 gigas en su línea, ¿sí?",
      "confianza": 0.604
    },
    {
      "hablante": "Hablante A",
      "inicio": 164.95,
      "fin": 168.88,
      "duracion": 3.93,
      "texto": "Ahí sí es más económico que lo que está volando actualmente, porque me dicen que está volando 9.000.",
      "confianza": 0.565
    },
    {
      "hablante": "Hablante A",
      "inicio": 168.9,
      "fin": 171.34,
      "duracion": 2.44,
      "texto": "Sí.",
      "confianza": 0.508
    },
    {
      "hablante": "Hablante A",
      "inicio": 171.36,
      "fin": 175.69,
      "duracion": 4.33,
      "texto": "Pero tengo la promoción, así que me quedo con esa.",
      "confianza": 0.377
    },
    {
      "hablante": "Hablante A",
      "inicio": 176.0,
      "fin": 179.71,
      "duracion": 3.71,
      "texto": "hasta mitad de año y después vemos.",
      "confianza": 0.22
    },
    {
      "hablante": "Hablante A",
      "inicio": 179.73,
      "fin": 181.07,
      "duracion": 1.34,
      "texto": "Pero usted me dice que está con años... Gracias, igual.",
      "confianza": 0.037
    },
    {
      "hablante": "Hablante A",
      "inicio": 181.09,
      "fin": 184.72,
      "duracion": 3.63,
      "texto": "...por cuatro ligas, Carlos.",
      "confianza": 0.53
    },
    {
      "hablante": "Hablante A",
      "inicio": 184.74,
      "fin": 185.04,
      "duracion": 0.3,
      "texto": "Gracias, igual.",
      "confianza": 0.062
    },
    {
      "hablante": "Hablante A",
      "inicio": 185.06,
      "fin": 189.4,
      "duracion": 4.35,
      "texto": "O sea, si usted la quiere aprovechar, no tiene ningún problema, no tiene ningún compromiso con las compañías, es claro, ¿bien?",
      "confianza": 0.6
    },
    {
      "hablante": "Hablante A",
      "inicio": 189.52,
      "fin": 191.71,
      "duracion": 2.18,
      "texto": "Sí, no, no, está bien.",
      "confianza": 0.069
    },
    {
      "hablante": "Hablante A",
      "inicio": 191.73,
      "fin": 198.78,
      "duracion": 7.05,
      "texto": "Por eso le digo, si usted quiere hacer lo que es el cambio de portabilidad, lo puede hacer ya mismo, usted aprovecha lo que es el nuevo descuento por una mayor cantidad de ligas.",
      "confianza": 0.692
    },
    {
      "hablante": "Hablante A",
      "inicio": 199.2,
      "fin": 200.6,
      "duracion": 1.4,
      "texto": "Va a estar más cómodo, inclusive.",
      "confianza": 0.52
    },
    {
      "hablante": "Hablante A",
      "inicio": 201.62,
      "fin": 201.86,
      "duracion": 0.24,
      "texto": "¿Bien?",
      "confianza": 0.677
    },
    {
      "hablante": "Hablante B",
      "inicio": 204.14,
      "fin": 205.06,
      "duracion": 0.92,
      "texto": "Sí, pero vamos a esperar.",
      "confianza": 0.264
    },
    {
      "hablante": "Hablante B",
      "inicio": 206.24,
      "fin": 217.35,
      "duracion": 11.11,
      "texto": "Bien, yo les he dicho que seguramente, obviamente, en el mes de... Me dijo a mitad de año, no creo que esté la promoción vigente todavía y además no va a estar abonando ese precio, ¿sí?",
      "confianza": 0.639
    },
    {
      "hablante": "Hablante B",
      "inicio": 217.71,
      "fin": 217.91,
      "duracion": 0.2,
      "texto": "Ah, bueno.",
      "confianza": 0.064
    },
    {
      "hablante": "Hablante B",
      "inicio": 217.93,
      "fin": 227.16,
      "duracion": 9.23,
      "texto": "Pero bueno, le digo, le queremos ir a notar porque usted estuvo anteriormente y me asegura que usted usó en cliente, además, en lo que es la base.",
      "confianza": 0.591
    },
    {
      "hablante": "Hablante B",
      "inicio": 227.18,
      "fin": 227.32,
      "duracion": 0.14,
      "texto": "Sí, sí.",
      "confianza": 0.056
    },
    {
      "hablante": "Hablante B",
      "inicio": 227.34,
      "fin": 227.42,
      "duracion": 0.08,
      "texto": "¿Sí?",
      "confianza": 0.007
    },
    {
      "hablante": "Hablante B",
      "inicio": 227.44,
      "fin": 233.99,
      "duracion": 6.55,
      "texto": "Sí, y me había retirado porque me dieron promoción por dos años y cada mes...",
      "confianza": 0.141
    },
    {
      "hablante": "Hablante B",
      "inicio": 234.97,
      "fin": 240.37,
      "duracion": 5.41,
      "texto": "me subían como si fuera que estaba pagando en plan común.",
      "confianza": 0.589
    },
    {
      "hablante": "Hablante B",
      "inicio": 240.39,
      "fin": 242.71,
      "duracion": 2.32,
      "texto": "Por eso me había desquizado.",
      "confianza": 0.418
    },
    {
      "hablante": "Hablante B",
      "inicio": 242.73,
      "fin": 244.24,
      "duracion": 1.5,
      "texto": "Entiendo, Carlos, entiendo.",
      "confianza": 0.79
    },
    {
      "hablante": "Hablante B",
      "inicio": 244.42,
      "fin": 250.42,
      "duracion": 6.01,
      "texto": "Igual la promoción de los dos años, ¿usted le habrá vencido seguramente lo que es la bonificación?",
      "confianza": 0.701
    },
    {
      "hablante": "Hablante B",
      "inicio": 250.44,
      "fin": 258.57,
      "duracion": 8.13,
      "texto": "Sí, pero antes de, no sé, antes de mitad de año ya me empezaron a aumentar el precio.",
      "confianza": 0.674
    },
    {
      "hablante": "Hablante B",
      "inicio": 259.21,
      "fin": 259.59,
      "duracion": 0.38,
      "texto": "Bien.",
      "confianza": 0.647
    },
    {
      "hablante": "Hablante B",
      "inicio": 260.38,
      "fin": 261.0,
      "duracion": 0.62,
      "texto": "Cada mes.",
      "confianza": 0.437
    },
    {
      "hablante": "Hablante B",
      "inicio": 261.6,
      "fin": 261.92,
      "duracion": 0.32,
      "texto": "Bien.",
      "confianza": 0.848
    },
    {
      "hablante": "Hablante B",
      "inicio": 262.15,
      "fin": 268.64,
      "duracion": 6.49,
      "texto": "Sí, eso ha sido debido a que justamente el año pasado hemos tenido lo que ha sido una gran cantidad de aumentos por temas económicos.",
      "confianza": 0.609
    },
    {
      "hablante": "Hablante B",
      "inicio": 269.06,
      "fin": 278.11,
      "duracion": 9.05,
      "texto": "Pero bueno, estos últimos meses se ha estado estabilizando bastante lo que es justamente los aumentos y los precios han quedado bastante estables.",
      "confianza": 0.664
    },
    {
      "hablante": "Hablante B",
      "inicio": 279.07,
      "fin": 284.42,
      "duracion": 5.35,
      "texto": "Así que en ese caso usted va a estaría ganando por lo que son los seis meses 7.000 por 160 pesos.",
      "confianza": 0.549
    },
    {
      "hablante": "Hablante B",
      "inicio": 284.65,
      "fin": 288.26,
      "duracion": 3.6,
      "texto": "Bien, es un descuento fijo el que usted tiene.",
      "confianza": 0.488
    },
    {
      "hablante": "Hablante B",
      "inicio": 288.48,
      "fin": 307.12,
      "duracion": 18.64,
      "texto": "Después de eso, obviamente usted podría comunicarse conmigo, agendarme y volver a ver qué otras modificaciones se le pueden brindar, pero bueno, yo justamente para que usted aproveche el plan de 8GB por un valor menor al que estaba poniendo ahora, ¿sí?",
      "confianza": 0.682
    },
    {
      "hablante": "Hablante B",
      "inicio": 307.14,
      "fin": 308.96,
      "duracion": 1.82,
      "texto": "Sí, no, está bien.",
      "confianza": 0.34
    },
    {
      "hablante": "Hablante B",
      "inicio": 308.98,
      "fin": 309.18,
      "duracion": 0.2,
      "texto": "Está bien.",
      "confianza": 0.014
    },
    {
      "hablante": "Hablante B",
      "inicio": 309.2,
      "fin": 309.9,
      "duracion": 0.7,
      "texto": "Lo vamos a dejar así por unos días.",
      "confianza": 0.025
    },
    {
      "hablante": "Hablante B",
      "inicio": 309.92,
      "fin": 313.81,
      "duracion": 3.88,
      "texto": "No lo quiere probar directamente.",
      "confianza": 0.72
    },
    {
      "hablante": "Hablante B",
      "inicio": 313.83,
      "fin": 314.13,
      "duracion": 0.3,
      "texto": "No, todavía no.",
      "confianza": 0.091
    },
    {
      "hablante": "Hablante B",
      "inicio": 314.15,
      "fin": 317.47,
      "duracion": 3.32,
      "texto": "Bueno, de todas maneras, mire, Carlos, te voy a mandar un mensajito por WhatsApp,",
      "confianza": 0.336
    },
    {
      "hablante": "Hablante B",
      "inicio": 317.69,
      "fin": 319.81,
      "duracion": 2.12,
      "texto": "Hola, Carlos, soy Eva de Movistar.",
      "confianza": 0.684
    },
    {
      "hablante": "Hablante B",
      "inicio": 320.25,
      "fin": 328.79,
      "duracion": 8.54,
      "texto": "Si en todo caso que usted lo quiera meditar durante el día, si lo quiera pensar, tal vez le interesa, me mando un mensaje sin problema, yo le leo el llamado y hacemos lo que es la gestión, ¿bien?",
      "confianza": 0.661
    },
    {
      "hablante": "Hablante B",
      "inicio": 330.03,
      "fin": 330.3,
      "duracion": 0.26,
      "texto": "Claro, claro.",
      "confianza": 0.062
    },
    {
      "hablante": "Hablante B",
      "inicio": 330.31,
      "fin": 333.3,
      "duracion": 2.99,
      "texto": "No es inconveniente.",
      "confianza": 0.154
    },
    {
      "hablante": "Hablante B",
      "inicio": 333.32,
      "fin": 333.48,
      "duracion": 0.16,
      "texto": "Gracias.",
      "confianza": 0.03
    },
    {
      "hablante": "Hablante B",
      "inicio": 333.5,
      "fin": 333.92,
      "duracion": 0.42,
      "texto": "No, no, no.",
      "confianza": 0.216
    }
  ],
  "transcripcion_completa": "Hola, muy buenos días. ¿Habló con Carlos? Sí, de parte. Carlos, ¿cómo le va? ¿Le habla Evangeline Arci, del área de beneficios para Zoliniamo? Sí, yo soy asesora de Mozart. ¿Cómo le va, Carlos? Todo bien. Bueno, me alegro, señor. De momento, Carlos, sí, yo me comunicaba con usted para brindarle lo que es un descuento para Zoliniamo. Me asegura que también tiene lo que es un, justamente, abono mensual en claro. ¿Correcto, Carlos? Sí. Bien. Le comento de qué trata lo que es la promoción nuestra. Sí, es un plan de 8 gigas más 8 gigas de regalo. Sí. Incluye lo que es WhatsApp gratis los 30 días del mes, las llamanas libres a cualquier tipo de compañía y además tiene como extra lo que es roaming en América y llamanas América a precio local por 10.400 pesos. Bien. ¿Cuándo está volando Carlos actualmente? En claro. 9. 9.000 pesos. Y está ganando 9.000 pesos justamente por el plan de cuatro gigas, ¿no es cierto? O sea, el plan básico. Bien. Pues en ese caso, justamente yo lo he contactado usted, Carlos, para limarle lo que es justamente por 1.400 pesos más. Usted va a tener lo que es un plan mucho más como esto de 16 gigas. Sí, el beneficio además que usted va a tener es que, bueno, justamente al hacer lo que es la gestión conmigo, sí, va a tener lo que es una asociación personalizada donde usted le va a hacer toda la gestión. Usted es lo único que va a tener que hacer, justamente buscar lo que es el chip en cualquier sucursal cercana a su domicilio. Y dentro de 48 a 72 horas va a tener lo que es la línea en funcionamiento, ¿bien? ¿Usted de dónde es, Carlos, de qué localidad, provincia y localidad? Rosario. Bien, en ese caso, Carlos, como usted es la de Rosario, yo lo que le voy a derivar es el chip a justamente un punto de adquisición, si que son sucursales que están autorizadas, van a poder vender lo que es el chip de Movistar y ustedes dentro del 48 horas van a poder ir a buscarlo para activar su línea, ¿bien? Y justamente tener lo que es el descuento. Y ahí, y bueno, como le decía, la de tener una línea ya mucho más completa en la compañía de Movistar. ¿Qué le parece? Y no, todavía me quedo con claro porque tengo una promoción. Por eso. Bien. Bien, paso a comentarle también. Más adelante puede ser. Sí, aguárdeme que acá me figuró. Sí, mire, acabo de habilitar lo que es una promoción para usted, ya que estuvo justamente en la compañía antes, que es mucho más económica. Tiene un valor de 7.460 pesos, sí. Y son 4 gigas de base más 4 gigas de regalo. Es decir que va a tener 8 gigas en total, Carlos, ¿bien? Esta promoción incluye lo que es WhatsApp y ya van a ingresar con mi compañía. O sea, que por usted, por 7.460 pesos, por un descuento pico por 6 metros, pues puede tener 8 gigas en su línea, ¿sí? Ahí sí es más económico que lo que está volando actualmente, porque me dicen que está volando 9.000. Sí. Pero tengo la promoción, así que me quedo con esa. hasta mitad de año y después vemos. Pero usted me dice que está con años... Gracias, igual. ...por cuatro ligas, Carlos. Gracias, igual. O sea, si usted la quiere aprovechar, no tiene ningún problema, no tiene ningún compromiso con las compañías, es claro, ¿bien? Sí, no, no, está bien. Por eso le digo, si usted quiere hacer lo que es el cambio de portabilidad, lo puede hacer ya mismo, usted aprovecha lo que es el nuevo descuento por una mayor cantidad de ligas. Va a estar más cómodo, inclusive. ¿Bien? Sí, pero vamos a esperar. Bien, yo les he dicho que seguramente, obviamente, en el mes de... Me dijo a mitad de año, no creo que esté la promoción vigente todavía y además no va a estar abonando ese precio, ¿sí? Ah, bueno. Pero bueno, le digo, le queremos ir a notar porque usted estuvo anteriormente y me asegura que usted usó en cliente, además, en lo que es la base. Sí, sí. ¿Sí? Sí, y me había retirado porque me dieron promoción por dos años y cada mes... me subían como si fuera que estaba pagando en plan común. Por eso me había desquizado. Entiendo, Carlos, entiendo. Igual la promoción de los dos años, ¿usted le habrá vencido seguramente lo que es la bonificación? Sí, pero antes de, no sé, antes de mitad de año ya me empezaron a aumentar el precio. Bien. Cada mes. Bien. Sí, eso ha sido debido a que justamente el año pasado hemos tenido lo que ha sido una gran cantidad de aumentos por temas económicos. Pero bueno, estos últimos meses se ha estado estabilizando bastante lo que es justamente los aumentos y los precios han quedado bastante estables. Así que en ese caso usted va a estaría ganando por lo que son los seis meses 7.000 por 160 pesos. Bien, es un descuento fijo el que usted tiene. Después de eso, obviamente usted podría comunicarse conmigo, agendarme y volver a ver qué otras modificaciones se le pueden brindar, pero bueno, yo justamente para que usted aproveche el plan de 8GB por un valor menor al que estaba poniendo ahora, ¿sí? Sí, no, está bien. Está bien. Lo vamos a dejar así por unos días. No lo quiere probar directamente. No, todavía no. Bueno, de todas maneras, mire, Carlos, te voy a mandar un mensajito por WhatsApp, Hola, Carlos, soy Eva de Movistar. Si en todo caso que usted lo quiera meditar durante el día, si lo quiera pensar, tal vez le interesa, me mando un mensaje sin problema, yo le leo el llamado y hacemos lo que es la gestión, ¿bien? Claro, claro. No es inconveniente. Gracias. No, no, no.",
  "calidad": {
    "confianza_promedio": 0.479,
    "metodo_diarizacion": "pausas_fallback",
    "tiempo_procesamiento": 11.7
  },
  "metadata": {
    "modelo": "whisperx_medium",
    "diarizacion": "pausas",
    "dispositivo": "cuda",
    "fecha": "2026-01-25T17:40:04.298823",
    "version": "5.0_ecapa"
  }
}