{
  "archivo": "amza19_1_260123111157320_ACD_85539.wav",
  "duracion_segundos": 60.75,
  "num_segmentos": 18,
  "num_hablantes": 2,
  "hablantes": [
    "Hablante A",
    "Hablante B"
  ],
  "tiempo_por_hablante": {
    "Hablante B": 25.93,
    "Hablante A": 21.17
  },
  "idioma": "es",
  "conversacion": [
    {
      "hablante": "Hablante B",
      "inicio": 2.39,
      "fin": 3.27,
      "duracion": 0.88,
      "texto": "Hola, buen día.",
      "confianza": 0.762
    },
    {
      "hablante": "Hablante B",
      "inicio": 3.31,
      "fin": 6.08,
      "duracion": 2.76,
      "texto": "Hablo con Ariel.",
      "confianza": 0.629
    },
    {
      "hablante": "Hablante B",
      "inicio": 6.1,
      "fin": 6.36,
      "duracion": 0.26,
      "texto": "¿Quién habla?",
      "confianza": 0.074
    },
    {
      "hablante": "Hablante B",
      "inicio": 6.38,
      "fin": 7.22,
      "duracion": 0.84,
      "texto": "¿Cómo estás, Ariel?",
      "confianza": 0.697
    },
    {
      "hablante": "Hablante B",
      "inicio": 7.26,
      "fin": 8.82,
      "duracion": 1.56,
      "texto": "Me presento, mi nombre es Liza.",
      "confianza": 0.679
    },
    {
      "hablante": "Hablante B",
      "inicio": 9.6,
      "fin": 12.5,
      "duracion": 2.9,
      "texto": "Te llamé a bailarí y recupero clientes de Movistar.",
      "confianza": 0.644
    },
    {
      "hablante": "Hablante B",
      "inicio": 13.08,
      "fin": 15.57,
      "duracion": 2.48,
      "texto": "Quería poder brindarte un descuento para tu línea.",
      "confianza": 0.674
    },
    {
      "hablante": "Hablante A",
      "inicio": 21.95,
      "fin": 22.23,
      "duracion": 0.28,
      "texto": "No, está bien.",
      "confianza": 0.001
    },
    {
      "hablante": "Hablante A",
      "inicio": 22.25,
      "fin": 22.81,
      "duracion": 0.56,
      "texto": "Ya te has charlado ese tema.",
      "confianza": 0.002
    },
    {
      "hablante": "Hablante A",
      "inicio": 22.83,
      "fin": 23.21,
      "duracion": 0.38,
      "texto": "Te agradezco mucho.",
      "confianza": 0.0
    },
    {
      "hablante": "Hablante A",
      "inicio": 23.23,
      "fin": 23.65,
      "duracion": 0.42,
      "texto": "Ya lo tengo resuelto.",
      "confianza": 0.012
    },
    {
      "hablante": "Hablante A",
      "inicio": 23.67,
      "fin": 24.19,
      "duracion": 0.52,
      "texto": "Bien, entiendo.",
      "confianza": 0.464
    },
    {
      "hablante": "Hablante A",
      "inicio": 24.21,
      "fin": 26.5,
      "duracion": 2.28,
      "texto": "¿Qué le pudieron ofrecer?",
      "confianza": 0.785
    },
    {
      "hablante": "Hablante A",
      "inicio": 26.52,
      "fin": 27.6,
      "duracion": 1.08,
      "texto": "¿Cómo?",
      "confianza": 0.489
    },
    {
      "hablante": "Hablante A",
      "inicio": 27.62,
      "fin": 28.84,
      "duracion": 1.22,
      "texto": "¿Qué le pudieron ofrecer?",
      "confianza": 0.688
    },
    {
      "hablante": "Hablante A",
      "inicio": 28.86,
      "fin": 30.46,
      "duracion": 1.6,
      "texto": "¿He escuchado las promociones?",
      "confianza": 0.647
    },
    {
      "hablante": "Hablante A",
      "inicio": 30.98,
      "fin": 43.81,
      "duracion": 12.83,
      "texto": "si escucho las promociones trabajo bien con claro y tengo servicio de movistar en un hogar y en la oficina para una cosa prefiero movistar y para la otra prefiero claro esa es mi decisión y no es una cuestión de precio ¿cómo tienes el servicio?",
      "confianza": 0.717
    },
    {
      "hablante": "Hablante B",
      "inicio": 46.5,
      "fin": 60.75,
      "duracion": 14.25,
      "texto": "nada más clarito para que no no pierdas tiempo y llames a otro pero para que tengas ajuste a la encuesta y respeto en tu trabajo perfecto Antonio no disculpa y nada de nada gracias hasta luego buen día hasta luego",
      "confianza": 0.507
    }
  ],
  "transcripcion_completa": "Hola, buen día. Hablo con Ariel. ¿Quién habla? ¿Cómo estás, Ariel? Me presento, mi nombre es Liza. Te llamé a bailarí y recupero clientes de Movistar. Quería poder brindarte un descuento para tu línea. No, está bien. Ya te has charlado ese tema. Te agradezco mucho. Ya lo tengo resuelto. Bien, entiendo. ¿Qué le pudieron ofrecer? ¿Cómo? ¿Qué le pudieron ofrecer? ¿He escuchado las promociones? si escucho las promociones trabajo bien con claro y tengo servicio de movistar en un hogar y en la oficina para una cosa prefiero movistar y para la otra prefiero claro esa es mi decisión y no es una cuestión de precio ¿cómo tienes el servicio? nada más clarito para que no no pierdas tiempo y llames a otro pero para que tengas ajuste a la encuesta y respeto en tu trabajo perfecto Antonio no disculpa y nada de nada gracias hasta luego buen día hasta luego",
  "calidad": {
    "confianza_promedio": 0.498,
    "metodo_diarizacion": "pausas_fallback",
    "tiempo_procesamiento": 4.9
  },
  "metadata": {
    "modelo": "whisperx_medium",
    "diarizacion": "pausas",
    "dispositivo": "cuda",
    "fecha": "2026-01-26T01:45:48.127025",
    "version": "5.0_ecapa"
  }
}