{
  "archivo": "amza21_1_260122130001309_ACD_97525.wav",
  "duracion_segundos": 196.19,
  "num_segmentos": 48,
  "num_hablantes": 2,
  "hablantes": [
    "Hablante A",
    "Hablante B"
  ],
  "tiempo_por_hablante": {
    "Hablante B": 85.95,
    "Hablante A": 88.51
  },
  "idioma": "es",
  "conversacion": [
    {
      "hablante": "Hablante B",
      "inicio": 1.69,
      "fin": 2.97,
      "duracion": 1.28,
      "texto": "Hola.",
      "confianza": 0.422
    },
    {
      "hablante": "Hablante B",
      "inicio": 2.99,
      "fin": 3.61,
      "duracion": 0.62,
      "texto": "Hola, ¿qué tal?",
      "confianza": 0.49
    },
    {
      "hablante": "Hablante B",
      "inicio": 3.63,
      "fin": 4.13,
      "duracion": 0.5,
      "texto": "Buenos días.",
      "confianza": 0.49
    },
    {
      "hablante": "Hablante B",
      "inicio": 4.15,
      "fin": 4.69,
      "duracion": 0.54,
      "texto": "¿Cómo estás?",
      "confianza": 0.762
    },
    {
      "hablante": "Hablante B",
      "inicio": 4.71,
      "fin": 6.77,
      "duracion": 2.06,
      "texto": "Soy Celeste, te llamo de la compañía Movistar.",
      "confianza": 0.611
    },
    {
      "hablante": "Hablante A",
      "inicio": 8.63,
      "fin": 8.7,
      "duracion": 0.06,
      "texto": "Sí.",
      "confianza": 0.061
    },
    {
      "hablante": "Hablante A",
      "inicio": 8.71,
      "fin": 10.64,
      "duracion": 1.92,
      "texto": "De la Día de Beneficios y Promociones.",
      "confianza": 0.797
    },
    {
      "hablante": "Hablante B",
      "inicio": 12.72,
      "fin": 12.78,
      "duracion": 0.06,
      "texto": "Sí.",
      "confianza": 0.152
    },
    {
      "hablante": "Hablante B",
      "inicio": 12.8,
      "fin": 24.54,
      "duracion": 11.74,
      "texto": "Queríamos comentarte, sí, que tenemos lo que es una promoción para que puedas volver a la compañía en $6,400 pesos para vos y tiene 14 gigas, lo que es el plan, ¿sí?",
      "confianza": 0.783
    },
    {
      "hablante": "Hablante B",
      "inicio": 24.56,
      "fin": 24.62,
      "duracion": 0.06,
      "texto": "Sí.",
      "confianza": 0.097
    },
    {
      "hablante": "Hablante B",
      "inicio": 24.64,
      "fin": 31.29,
      "duracion": 6.65,
      "texto": "Lo que es el mismo número y demora más o menos tres días hábiles en que ya puedas tener lo que es el chip y activarlo con Movistar.",
      "confianza": 0.696
    },
    {
      "hablante": "Hablante B",
      "inicio": 32.52,
      "fin": 34.68,
      "duracion": 2.16,
      "texto": "Decime que se parece lo que es la promoción.",
      "confianza": 0.525
    },
    {
      "hablante": "Hablante B",
      "inicio": 35.84,
      "fin": 36.38,
      "duracion": 0.54,
      "texto": "Sí, decime.",
      "confianza": 0.246
    },
    {
      "hablante": "Hablante B",
      "inicio": 36.4,
      "fin": 39.42,
      "duracion": 3.02,
      "texto": "¿Vos me ofreces esto ahora y en cuánto tiempo se lo aumento?",
      "confianza": 0.597
    },
    {
      "hablante": "Hablante B",
      "inicio": 39.64,
      "fin": 41.93,
      "duracion": 2.28,
      "texto": "Está unificado por seis meses, claro, sí.",
      "confianza": 0.438
    },
    {
      "hablante": "Hablante B",
      "inicio": 42.71,
      "fin": 44.01,
      "duracion": 1.3,
      "texto": "¿Y después a cuánto se va?",
      "confianza": 0.763
    },
    {
      "hablante": "Hablante B",
      "inicio": 44.79,
      "fin": 54.16,
      "duracion": 9.37,
      "texto": "Lo que es que el valor, en realidad, tendrías que pedir otros cuentos antes de que termine la promoción, o en el sexto mes te contactan para darte una nueva promoción.",
      "confianza": 0.723
    },
    {
      "hablante": "Hablante B",
      "inicio": 54.84,
      "fin": 56.74,
      "duracion": 1.9,
      "texto": "Sí, como en todas las compañías, de igual manera.",
      "confianza": 0.73
    },
    {
      "hablante": "Hablante B",
      "inicio": 57.2,
      "fin": 59.31,
      "duracion": 2.1,
      "texto": "Vos ahora en claro también que se va la promoción.",
      "confianza": 0.415
    },
    {
      "hablante": "Hablante B",
      "inicio": 59.33,
      "fin": 61.73,
      "duracion": 2.4,
      "texto": "Y si no lo pido, ¿a cuánto se va el plan?",
      "confianza": 0.552
    },
    {
      "hablante": "Hablante B",
      "inicio": 62.92,
      "fin": 76.66,
      "duracion": 13.74,
      "texto": "No sabría decirte en realidad porque nosotros tenemos lo que es el valor del plan con el descuento y después de eso tendrías que consultar por la aplicación a ver en cuanto te quedaría lo que es el plan sin ningún descuento.",
      "confianza": 0.812
    },
    {
      "hablante": "Hablante B",
      "inicio": 76.68,
      "fin": 77.4,
      "duracion": 0.72,
      "texto": "¿Sin ningún descuento?",
      "confianza": 0.215
    },
    {
      "hablante": "Hablante B",
      "inicio": 77.46,
      "fin": 79.75,
      "duracion": 2.28,
      "texto": "¿Ses meses que me vas a dar de ejercicio?",
      "confianza": 0.41
    },
    {
      "hablante": "Hablante B",
      "inicio": 80.15,
      "fin": 81.91,
      "duracion": 1.76,
      "texto": "Exactamente, seis meses se dura.",
      "confianza": 0.674
    },
    {
      "hablante": "Hablante B",
      "inicio": 82.77,
      "fin": 86.28,
      "duracion": 3.5,
      "texto": "A mí actualmente se dura que hago unas más en claro, por eso es que te contactamos.",
      "confianza": 0.605
    },
    {
      "hablante": "Hablante B",
      "inicio": 87.34,
      "fin": 88.54,
      "duracion": 1.2,
      "texto": "Sí, sí, sí.",
      "confianza": 0.191
    },
    {
      "hablante": "Hablante B",
      "inicio": 88.56,
      "fin": 91.24,
      "duracion": 2.68,
      "texto": "Nosotros somos dos de la compañía si tuviste algún inconveniente.",
      "confianza": 0.502
    },
    {
      "hablante": "Hablante B",
      "inicio": 92.07,
      "fin": 100.14,
      "duracion": 8.07,
      "texto": "Y sí, por eso mismo, porque lo que yo estoy pagando en clara ahora, y lo que ustedes me estaban cobrando hace ocho meses atrás, nueve, un poquito más.",
      "confianza": 0.634
    },
    {
      "hablante": "Hablante B",
      "inicio": 100.16,
      "fin": 101.26,
      "duracion": 1.1,
      "texto": "Bien.",
      "confianza": 0.779
    },
    {
      "hablante": "Hablante B",
      "inicio": 101.56,
      "fin": 103.88,
      "duracion": 2.32,
      "texto": "Y claro, ¿también me hizo una promoción y ahora te subieron?",
      "confianza": 0.32
    },
    {
      "hablante": "Hablante A",
      "inicio": 105.94,
      "fin": 108.06,
      "duracion": 2.12,
      "texto": "Claro, sí, me hizo promociones.",
      "confianza": 0.608
    },
    {
      "hablante": "Hablante A",
      "inicio": 108.08,
      "fin": 109.67,
      "duracion": 1.58,
      "texto": "Bien, y ahora está igual.",
      "confianza": 0.762
    },
    {
      "hablante": "Hablante A",
      "inicio": 110.09,
      "fin": 115.57,
      "duracion": 5.49,
      "texto": "Mira, lo que son los aumentos, como estás viendo ahora mismo, vas a tener en todas las compañías, ¿sí?",
      "confianza": 0.679
    },
    {
      "hablante": "Hablante A",
      "inicio": 115.99,
      "fin": 117.75,
      "duracion": 1.76,
      "texto": "Tanto en Cero, como en Movistar.",
      "confianza": 0.529
    },
    {
      "hablante": "Hablante A",
      "inicio": 118.12,
      "fin": 118.54,
      "duracion": 0.42,
      "texto": "también.",
      "confianza": 0.75
    },
    {
      "hablante": "Hablante A",
      "inicio": 118.7,
      "fin": 123.97,
      "duracion": 5.27,
      "texto": "Claro, te fuiste con una promo, me imagino cuando te fuiste de voice chat, pero al día de hoy te está pasando lo mismo.",
      "confianza": 0.571
    },
    {
      "hablante": "Hablante A",
      "inicio": 123.99,
      "fin": 131.98,
      "duracion": 7.99,
      "texto": "¿Cuál es la idea para informarle al cliente para que no le pase lo que te hicieron los aumentos, porque no te quedes sin la promoción por seis meses?",
      "confianza": 0.63
    },
    {
      "hablante": "Hablante A",
      "inicio": 132.0,
      "fin": 143.02,
      "duracion": 11.01,
      "texto": "Es que obviamente al quinto mes o me contactas vos por whatsapp, yo a mi cliente lo dejo hacerlo por whatsapp, cualquier duda o consulta, me escribís por ahí y si no me dices, mira Celeste, yo no me voy a acordar al quinto mes, háblame vos,",
      "confianza": 0.589
    },
    {
      "hablante": "Hablante A",
      "inicio": 143.38,
      "fin": 152.29,
      "duracion": 8.91,
      "texto": "y yo te paso lo que es el link para hablar por WhatsApp, ahí te renuevan lo que es la promo, te mejoran lo que es el valor, o por la aplicación de inmobiliar también lo puedes hacer.",
      "confianza": 0.749
    },
    {
      "hablante": "Hablante A",
      "inicio": 152.69,
      "fin": 162.37,
      "duracion": 9.67,
      "texto": "Obvio que si vos pagas el plan sin promoción, sí vas a estar pagando bastante, porque pasarías a pagar el valor real, como pasa en todas las compañías, ¿sí?",
      "confianza": 0.801
    },
    {
      "hablante": "Hablante A",
      "inicio": 162.38,
      "fin": 170.03,
      "duracion": 7.65,
      "texto": "La idea es que este más o menos tenga agendado en qué mes va a tener que gestionar lo que es una nueva promoción o un nuevo acento.",
      "confianza": 0.603
    },
    {
      "hablante": "Hablante A",
      "inicio": 170.38,
      "fin": 176.27,
      "duracion": 5.89,
      "texto": "Bueno, escúchame, yo lo alterno ahora y me llamas más tarde y lo hablamos.",
      "confianza": 0.513
    },
    {
      "hablante": "Hablante A",
      "inicio": 177.05,
      "fin": 181.11,
      "duracion": 4.06,
      "texto": "Bueno, mira, si querés, yo te dejo lo que es la promoción por WhatsApp, y vas por ese medio.",
      "confianza": 0.563
    },
    {
      "hablante": "Hablante A",
      "inicio": 181.13,
      "fin": 187.6,
      "duracion": 6.47,
      "texto": "Si quieres seguir, quiero contratar la promo y si no, bueno, me preguntar si te queda algún agudo de alguna función.",
      "confianza": 0.622
    },
    {
      "hablante": "Hablante A",
      "inicio": 187.62,
      "fin": 192.54,
      "duracion": 4.92,
      "texto": "Bueno, dale, que genial, mandame la promo por WhatsApp y yo te contesto.",
      "confianza": 0.457
    },
    {
      "hablante": "Hablante A",
      "inicio": 192.57,
      "fin": 194.07,
      "duracion": 1.5,
      "texto": "Bueno, genial, que tengas bonito día.",
      "confianza": 0.622
    },
    {
      "hablante": "Hablante A",
      "inicio": 194.09,
      "fin": 195.23,
      "duracion": 1.14,
      "texto": "Vale, igualmente.",
      "confianza": 0.718
    },
    {
      "hablante": "Hablante A",
      "inicio": 195.51,
      "fin": 196.19,
      "duracion": 0.68,
      "texto": "Chao, chao.",
      "confianza": 0.506
    }
  ],
  "transcripcion_completa": "Hola. Hola, ¿qué tal? Buenos días. ¿Cómo estás? Soy Celeste, te llamo de la compañía Movistar. Sí. De la Día de Beneficios y Promociones. Sí. Queríamos comentarte, sí, que tenemos lo que es una promoción para que puedas volver a la compañía en $6,400 pesos para vos y tiene 14 gigas, lo que es el plan, ¿sí? Sí. Lo que es el mismo número y demora más o menos tres días hábiles en que ya puedas tener lo que es el chip y activarlo con Movistar. Decime que se parece lo que es la promoción. Sí, decime. ¿Vos me ofreces esto ahora y en cuánto tiempo se lo aumento? Está unificado por seis meses, claro, sí. ¿Y después a cuánto se va? Lo que es que el valor, en realidad, tendrías que pedir otros cuentos antes de que termine la promoción, o en el sexto mes te contactan para darte una nueva promoción. Sí, como en todas las compañías, de igual manera. Vos ahora en claro también que se va la promoción. Y si no lo pido, ¿a cuánto se va el plan? No sabría decirte en realidad porque nosotros tenemos lo que es el valor del plan con el descuento y después de eso tendrías que consultar por la aplicación a ver en cuanto te quedaría lo que es el plan sin ningún descuento. ¿Sin ningún descuento? ¿Ses meses que me vas a dar de ejercicio? Exactamente, seis meses se dura. A mí actualmente se dura que hago unas más en claro, por eso es que te contactamos. Sí, sí, sí. Nosotros somos dos de la compañía si tuviste algún inconveniente. Y sí, por eso mismo, porque lo que yo estoy pagando en clara ahora, y lo que ustedes me estaban cobrando hace ocho meses atrás, nueve, un poquito más. Bien. Y claro, ¿también me hizo una promoción y ahora te subieron? Claro, sí, me hizo promociones. Bien, y ahora está igual. Mira, lo que son los aumentos, como estás viendo ahora mismo, vas a tener en todas las compañías, ¿sí? Tanto en Cero, como en Movistar. también. Claro, te fuiste con una promo, me imagino cuando te fuiste de voice chat, pero al día de hoy te está pasando lo mismo. ¿Cuál es la idea para informarle al cliente para que no le pase lo que te hicieron los aumentos, porque no te quedes sin la promoción por seis meses? Es que obviamente al quinto mes o me contactas vos por whatsapp, yo a mi cliente lo dejo hacerlo por whatsapp, cualquier duda o consulta, me escribís por ahí y si no me dices, mira Celeste, yo no me voy a acordar al quinto mes, háblame vos, y yo te paso lo que es el link para hablar por WhatsApp, ahí te renuevan lo que es la promo, te mejoran lo que es el valor, o por la aplicación de inmobiliar también lo puedes hacer. Obvio que si vos pagas el plan sin promoción, sí vas a estar pagando bastante, porque pasarías a pagar el valor real, como pasa en todas las compañías, ¿sí? La idea es que este más o menos tenga agendado en qué mes va a tener que gestionar lo que es una nueva promoción o un nuevo acento. Bueno, escúchame, yo lo alterno ahora y me llamas más tarde y lo hablamos. Bueno, mira, si querés, yo te dejo lo que es la promoción por WhatsApp, y vas por ese medio. Si quieres seguir, quiero contratar la promo y si no, bueno, me preguntar si te queda algún agudo de alguna función. Bueno, dale, que genial, mandame la promo por WhatsApp y yo te contesto. Bueno, genial, que tengas bonito día. Vale, igualmente. Chao, chao.",
  "calidad": {
    "confianza_promedio": 0.558,
    "metodo_diarizacion": "pausas_fallback",
    "tiempo_procesamiento": 8.1
  },
  "metadata": {
    "modelo": "whisperx_medium",
    "diarizacion": "pausas",
    "dispositivo": "cuda",
    "fecha": "2026-01-25T17:59:49.178060",
    "version": "5.0_ecapa"
  }
}