{
  "archivo": "amza23_1_260120120146235_ACD_81813.wav",
  "duracion_segundos": 158.51,
  "num_segmentos": 41,
  "num_hablantes": 2,
  "hablantes": [
    "Hablante A",
    "Hablante B"
  ],
  "tiempo_por_hablante": {
    "Hablante A": 57.34,
    "Hablante B": 81.92
  },
  "idioma": "es",
  "conversacion": [
    {
      "hablante": "Hablante A",
      "inicio": 0.03,
      "fin": 2.85,
      "duracion": 2.82,
      "texto": "Hola, ¿qué tal?",
      "confianza": 0.375
    },
    {
      "hablante": "Hablante A",
      "inicio": 3.42,
      "fin": 4.62,
      "duracion": 1.2,
      "texto": "¿Buen día?",
      "confianza": 0.424
    },
    {
      "hablante": "Hablante A",
      "inicio": 4.64,
      "fin": 8.4,
      "duracion": 3.76,
      "texto": "¿Se comunico con el señor Alejandro?",
      "confianza": 0.4
    },
    {
      "hablante": "Hablante A",
      "inicio": 8.42,
      "fin": 8.68,
      "duracion": 0.26,
      "texto": "Sí, de parte.",
      "confianza": 0.027
    },
    {
      "hablante": "Hablante A",
      "inicio": 8.7,
      "fin": 15.65,
      "duracion": 6.95,
      "texto": "Macarena, en mi nombre, nos estamos contestando para otorgarle una muy buena promoción en su línea en el día de hoy.",
      "confianza": 0.655
    },
    {
      "hablante": "Hablante A",
      "inicio": 15.67,
      "fin": 21.64,
      "duracion": 5.97,
      "texto": "Le consulto, ¿está actualmente se encuentra claro, verdad?",
      "confianza": 0.621
    },
    {
      "hablante": "Hablante A",
      "inicio": 21.66,
      "fin": 21.71,
      "duracion": 0.06,
      "texto": "Sí.",
      "confianza": 0.218
    },
    {
      "hablante": "Hablante A",
      "inicio": 21.73,
      "fin": 23.18,
      "duracion": 1.44,
      "texto": "Bien, perfecto.",
      "confianza": 0.826
    },
    {
      "hablante": "Hablante A",
      "inicio": 23.2,
      "fin": 24.86,
      "duracion": 1.66,
      "texto": "¿Y cuánto estamos ganando con Claro?",
      "confianza": 0.759
    },
    {
      "hablante": "Hablante A",
      "inicio": 24.88,
      "fin": 27.12,
      "duracion": 2.24,
      "texto": "¿Qué cantidad de gigas le brinda la compañía?",
      "confianza": 0.609
    },
    {
      "hablante": "Hablante B",
      "inicio": 28.72,
      "fin": 29.46,
      "duracion": 0.74,
      "texto": "Sí, mira, por ahora no...",
      "confianza": 0.175
    },
    {
      "hablante": "Hablante B",
      "inicio": 29.68,
      "fin": 30.36,
      "duracion": 0.68,
      "texto": "No quiero.",
      "confianza": 0.614
    },
    {
      "hablante": "Hablante B",
      "inicio": 30.46,
      "fin": 33.52,
      "duracion": 3.06,
      "texto": "Cualquier cosa yo te aviso si quiero cambiarme de algo.",
      "confianza": 0.22
    },
    {
      "hablante": "Hablante B",
      "inicio": 33.55,
      "fin": 36.43,
      "duracion": 2.88,
      "texto": "Bien, pero no le he comentado ninguna promoción todavía.",
      "confianza": 0.513
    },
    {
      "hablante": "Hablante B",
      "inicio": 36.51,
      "fin": 41.68,
      "duracion": 5.17,
      "texto": "Tenemos una promoción bastante económica con 14 gigas en 6450.",
      "confianza": 0.769
    },
    {
      "hablante": "Hablante B",
      "inicio": 41.7,
      "fin": 47.48,
      "duracion": 5.79,
      "texto": "¿Usted en claro cuánto está bonando con su línea?",
      "confianza": 0.737
    },
    {
      "hablante": "Hablante B",
      "inicio": 47.5,
      "fin": 49.71,
      "duracion": 2.2,
      "texto": "¿Con 14 gigas?",
      "confianza": 0.608
    },
    {
      "hablante": "Hablante B",
      "inicio": 49.73,
      "fin": 50.13,
      "duracion": 0.4,
      "texto": "¿6 mil?",
      "confianza": 0.604
    },
    {
      "hablante": "Hablante B",
      "inicio": 50.15,
      "fin": 52.07,
      "duracion": 1.92,
      "texto": "14 gigas porque son 4 de VARSE.",
      "confianza": 0.682
    },
    {
      "hablante": "Hablante B",
      "inicio": 52.65,
      "fin": 55.76,
      "duracion": 3.1,
      "texto": "Más 10 de regalo con una durabilidad por 6 meses.",
      "confianza": 0.78
    },
    {
      "hablante": "Hablante B",
      "inicio": 56.19,
      "fin": 62.32,
      "duracion": 6.13,
      "texto": "¿Está todo bonificado lo que es llamadas SMS y WhatsApp totalmente libres por un costo de seis mil cuatrocientos cincuenta?",
      "confianza": 0.544
    },
    {
      "hablante": "Hablante B",
      "inicio": 63.52,
      "fin": 65.14,
      "duracion": 1.62,
      "texto": "Bueno.",
      "confianza": 0.201
    },
    {
      "hablante": "Hablante B",
      "inicio": 65.16,
      "fin": 68.49,
      "duracion": 3.32,
      "texto": "¿Usted en claro cuánto está bonando por la línea?",
      "confianza": 0.728
    },
    {
      "hablante": "Hablante B",
      "inicio": 68.51,
      "fin": 74.67,
      "duracion": 6.17,
      "texto": "No, sí, estoy bonando un poco más, pero pasa que ahora como se ve bien de este mes, por eso.",
      "confianza": 0.395
    },
    {
      "hablante": "Hablante B",
      "inicio": 74.69,
      "fin": 75.96,
      "duracion": 1.26,
      "texto": "Pero ahora tengo que pagarlo.",
      "confianza": 0.293
    },
    {
      "hablante": "Hablante B",
      "inicio": 75.98,
      "fin": 85.81,
      "duracion": 9.83,
      "texto": "Bien, igual, no sea problema por eso, porque usted puede contratar la promoción con nosotros, ya que la primer factura va a ser emitida a partir del próximo mes, ¿sí?",
      "confianza": 0.693
    },
    {
      "hablante": "Hablante B",
      "inicio": 85.97,
      "fin": 96.47,
      "duracion": 10.5,
      "texto": "no se le va a generar doble facturación, el número lo va a conservar, solamente lo que hace es el cambio de compañía y además en 48 horas aproximadamente estaría formando parte de la compañía.",
      "confianza": 0.703
    },
    {
      "hablante": "Hablante B",
      "inicio": 97.37,
      "fin": 100.1,
      "duracion": 2.72,
      "texto": "Bien, en ningún momento quedaría incomunicado.",
      "confianza": 0.738
    },
    {
      "hablante": "Hablante B",
      "inicio": 100.58,
      "fin": 103.24,
      "duracion": 2.66,
      "texto": "Ahora le consulto, ¿qué cantidad de gigas tienen claro?",
      "confianza": 0.66
    },
    {
      "hablante": "Hablante A",
      "inicio": 106.37,
      "fin": 109.91,
      "duracion": 3.55,
      "texto": "No, 4 gigas, 4 gigas, 5 gigas.",
      "confianza": 0.375
    },
    {
      "hablante": "Hablante A",
      "inicio": 109.93,
      "fin": 112.88,
      "duracion": 2.94,
      "texto": "¿Sólo 4 gigas, nada más no por 6 gigas de arreglador?",
      "confianza": 0.643
    },
    {
      "hablante": "Hablante B",
      "inicio": 114.81,
      "fin": 116.84,
      "duracion": 2.02,
      "texto": "Ahora no.",
      "confianza": 0.136
    },
    {
      "hablante": "Hablante B",
      "inicio": 116.86,
      "fin": 126.61,
      "duracion": 9.75,
      "texto": "Porque si no le podemos ofrecer una promoción con más de 10.000 gigas, que serían 18.000 por los mismos beneficios en un costo de 8.000 pesos.",
      "confianza": 0.698
    },
    {
      "hablante": "Hablante A",
      "inicio": 132.45,
      "fin": 133.44,
      "duracion": 0.98,
      "texto": "No sé si usted le da mucha felicidad a los gigas.",
      "confianza": 0.036
    },
    {
      "hablante": "Hablante A",
      "inicio": 133.46,
      "fin": 136.22,
      "duracion": 2.76,
      "texto": "Dale, llámame más tarde, que ahora estoy ocupado.",
      "confianza": 0.388
    },
    {
      "hablante": "Hablante A",
      "inicio": 136.24,
      "fin": 139.92,
      "duracion": 3.68,
      "texto": "Llámame más tarde y ahí arreglamos, porque ahora no puedo.",
      "confianza": 0.434
    },
    {
      "hablante": "Hablante A",
      "inicio": 139.94,
      "fin": 141.46,
      "duracion": 1.52,
      "texto": "¿Puede ser antes de las 15?",
      "confianza": 0.36
    },
    {
      "hablante": "Hablante A",
      "inicio": 142.9,
      "fin": 145.62,
      "duracion": 2.73,
      "texto": "Bueno, sí, antes de las 15, llámame.",
      "confianza": 0.561
    },
    {
      "hablante": "Hablante A",
      "inicio": 145.64,
      "fin": 147.69,
      "duracion": 2.04,
      "texto": "Bueno, ahora eso y las dos.",
      "confianza": 0.338
    },
    {
      "hablante": "Hablante A",
      "inicio": 147.71,
      "fin": 152.88,
      "duracion": 5.17,
      "texto": "Sí, me voy a contactar nuevamente.",
      "confianza": 0.504
    },
    {
      "hablante": "Hablante A",
      "inicio": 152.9,
      "fin": 158.51,
      "duracion": 5.61,
      "texto": "Bueno, que esté muy bien.",
      "confianza": 0.197
    }
  ],
  "transcripcion_completa": "Hola, ¿qué tal? ¿Buen día? ¿Se comunico con el señor Alejandro? Sí, de parte. Macarena, en mi nombre, nos estamos contestando para otorgarle una muy buena promoción en su línea en el día de hoy. Le consulto, ¿está actualmente se encuentra claro, verdad? Sí. Bien, perfecto. ¿Y cuánto estamos ganando con Claro? ¿Qué cantidad de gigas le brinda la compañía? Sí, mira, por ahora no... No quiero. Cualquier cosa yo te aviso si quiero cambiarme de algo. Bien, pero no le he comentado ninguna promoción todavía. Tenemos una promoción bastante económica con 14 gigas en 6450. ¿Usted en claro cuánto está bonando con su línea? ¿Con 14 gigas? ¿6 mil? 14 gigas porque son 4 de VARSE. Más 10 de regalo con una durabilidad por 6 meses. ¿Está todo bonificado lo que es llamadas SMS y WhatsApp totalmente libres por un costo de seis mil cuatrocientos cincuenta? Bueno. ¿Usted en claro cuánto está bonando por la línea? No, sí, estoy bonando un poco más, pero pasa que ahora como se ve bien de este mes, por eso. Pero ahora tengo que pagarlo. Bien, igual, no sea problema por eso, porque usted puede contratar la promoción con nosotros, ya que la primer factura va a ser emitida a partir del próximo mes, ¿sí? no se le va a generar doble facturación, el número lo va a conservar, solamente lo que hace es el cambio de compañía y además en 48 horas aproximadamente estaría formando parte de la compañía. Bien, en ningún momento quedaría incomunicado. Ahora le consulto, ¿qué cantidad de gigas tienen claro? No, 4 gigas, 4 gigas, 5 gigas. ¿Sólo 4 gigas, nada más no por 6 gigas de arreglador? Ahora no. Porque si no le podemos ofrecer una promoción con más de 10.000 gigas, que serían 18.000 por los mismos beneficios en un costo de 8.000 pesos. No sé si usted le da mucha felicidad a los gigas. Dale, llámame más tarde, que ahora estoy ocupado. Llámame más tarde y ahí arreglamos, porque ahora no puedo. ¿Puede ser antes de las 15? Bueno, sí, antes de las 15, llámame. Bueno, ahora eso y las dos. Sí, me voy a contactar nuevamente. Bueno, que esté muy bien.",
  "calidad": {
    "confianza_promedio": 0.494,
    "metodo_diarizacion": "pausas_fallback",
    "tiempo_procesamiento": 6.9
  },
  "metadata": {
    "modelo": "whisperx_medium",
    "diarizacion": "pausas",
    "dispositivo": "cuda",
    "fecha": "2026-01-25T18:12:33.189624",
    "version": "5.0_ecapa"
  }
}