{
  "archivo": "amza22_1_260124125727319_ACD_13135.wav",
  "duracion_segundos": 95.21,
  "num_segmentos": 22,
  "num_hablantes": 1,
  "hablantes": [
    "Hablante A"
  ],
  "tiempo_por_hablante": {
    "Hablante A": 89.57
  },
  "idioma": "es",
  "conversacion": [
    {
      "hablante": "Hablante A",
      "inicio": 1.06,
      "fin": 5.3,
      "duracion": 4.24,
      "texto": "Hola buen día, hablo con Eber.",
      "confianza": 0.442
    },
    {
      "hablante": "Hablante A",
      "inicio": 5.32,
      "fin": 5.88,
      "duracion": 0.56,
      "texto": "Eber, ¿cómo estás?",
      "confianza": 0.45
    },
    {
      "hablante": "Hablante A",
      "inicio": 5.91,
      "fin": 7.73,
      "duracion": 1.82,
      "texto": "Mi nombre es Belén, me presento.",
      "confianza": 0.45
    },
    {
      "hablante": "Hablante A",
      "inicio": 7.75,
      "fin": 11.25,
      "duracion": 3.5,
      "texto": "Mirá, yo te estoy llamando desde el área de recupero de clientes de Movistar.",
      "confianza": 0.62
    },
    {
      "hablante": "Hablante A",
      "inicio": 11.79,
      "fin": 14.63,
      "duracion": 2.84,
      "texto": "Queríamos saber por qué te habías ido de la compañía en su momento.",
      "confianza": 0.499
    },
    {
      "hablante": "Hablante A",
      "inicio": 14.65,
      "fin": 15.23,
      "duracion": 0.58,
      "texto": "Eber, ¿lo sabrías?",
      "confianza": 0.388
    },
    {
      "hablante": "Hablante A",
      "inicio": 15.25,
      "fin": 16.76,
      "duracion": 1.5,
      "texto": "Comentar un poco de lo que te sucedió.",
      "confianza": 0.589
    },
    {
      "hablante": "Hablante A",
      "inicio": 17.88,
      "fin": 23.26,
      "duracion": 5.39,
      "texto": "Y más que todo por el precio y por eso.",
      "confianza": 0.763
    },
    {
      "hablante": "Hablante A",
      "inicio": 23.28,
      "fin": 23.92,
      "duracion": 0.64,
      "texto": "Ah, bien.",
      "confianza": 0.606
    },
    {
      "hablante": "Hablante A",
      "inicio": 23.94,
      "fin": 25.2,
      "duracion": 1.26,
      "texto": "¿Cómo es el tema de los gigas?",
      "confianza": 0.739
    },
    {
      "hablante": "Hablante A",
      "inicio": 25.22,
      "fin": 26.91,
      "duracion": 1.68,
      "texto": "¿Se te consumían rápido?",
      "confianza": 0.786
    },
    {
      "hablante": "Hablante A",
      "inicio": 27.69,
      "fin": 30.73,
      "duracion": 3.04,
      "texto": "Se consumían rápido y se consumían muy rápido.",
      "confianza": 0.305
    },
    {
      "hablante": "Hablante A",
      "inicio": 31.18,
      "fin": 32.44,
      "duracion": 1.26,
      "texto": "Ah, bien, bueno.",
      "confianza": 0.107
    },
    {
      "hablante": "Hablante A",
      "inicio": 32.46,
      "fin": 52.56,
      "duracion": 20.1,
      "texto": "Primeramente, bueno, pedir disculpas por esto de la facturación, porque dice que no era lo acordado cuando vos contrataste, que después con el numerito que te iba llegando el valor, te comento que ya no estamos más regulados por ese ente, estamos regulados por movistar mismo, y lo que ahora el beneficio que estamos dando a los antiguos clientes es un descuento fisco por tres meses en el plan que vos elisas.",
      "confianza": 0.668
    },
    {
      "hablante": "Hablante A",
      "inicio": 52.58,
      "fin": 55.65,
      "duracion": 3.06,
      "texto": "¿Vos sabés con respecto a...?",
      "confianza": 0.666
    },
    {
      "hablante": "Hablante A",
      "inicio": 55.67,
      "fin": 56.55,
      "duracion": 0.88,
      "texto": "El descuento hasta cuándo.",
      "confianza": 0.18
    },
    {
      "hablante": "Hablante A",
      "inicio": 57.29,
      "fin": 77.05,
      "duracion": 19.76,
      "texto": "Vos tenéis un descuento fijo por seis meses, pero en eso no te preocupes porque nosotros en el quinto mes es alguno de vuestro que nos vamos a estar contactando con vos de que lo actualices desde la aplicación porque lo tienes que realizar en particular a este cambio de plan porque es según las chicas que vos quieras y según cuánto vos puedas pagar, ¿bien?",
      "confianza": 0.688
    },
    {
      "hablante": "Hablante A",
      "inicio": 77.07,
      "fin": 85.14,
      "duracion": 8.07,
      "texto": "Y bueno, pueden leer un mensaje que dice la aplicación que tiene buena que me convence de lo que hay.",
      "confianza": 0.28
    },
    {
      "hablante": "Hablante A",
      "inicio": 85.76,
      "fin": 89.83,
      "duracion": 4.07,
      "texto": "Dale, dale, dale, porque justo hasta hoy tenemos los 10 gigas de regalo, ¿sabes?",
      "confianza": 0.563
    },
    {
      "hablante": "Hablante A",
      "inicio": 89.85,
      "fin": 94.42,
      "duracion": 4.58,
      "texto": "A ver, que cualquier cosa que vamos a decir y yo te llamo, ¿bien?",
      "confianza": 0.431
    },
    {
      "hablante": "Hablante A",
      "inicio": 94.44,
      "fin": 94.62,
      "duracion": 0.18,
      "texto": "Dale.",
      "confianza": 0.206
    },
    {
      "hablante": "Hablante A",
      "inicio": 94.64,
      "fin": 95.21,
      "duracion": 0.56,
      "texto": "Dale, que tengas un delirio.",
      "confianza": 0.073
    }
  ],
  "transcripcion_completa": "Hola buen día, hablo con Eber. Eber, ¿cómo estás? Mi nombre es Belén, me presento. Mirá, yo te estoy llamando desde el área de recupero de clientes de Movistar. Queríamos saber por qué te habías ido de la compañía en su momento. Eber, ¿lo sabrías? Comentar un poco de lo que te sucedió. Y más que todo por el precio y por eso. Ah, bien. ¿Cómo es el tema de los gigas? ¿Se te consumían rápido? Se consumían rápido y se consumían muy rápido. Ah, bien, bueno. Primeramente, bueno, pedir disculpas por esto de la facturación, porque dice que no era lo acordado cuando vos contrataste, que después con el numerito que te iba llegando el valor, te comento que ya no estamos más regulados por ese ente, estamos regulados por movistar mismo, y lo que ahora el beneficio que estamos dando a los antiguos clientes es un descuento fisco por tres meses en el plan que vos elisas. ¿Vos sabés con respecto a...? El descuento hasta cuándo. Vos tenéis un descuento fijo por seis meses, pero en eso no te preocupes porque nosotros en el quinto mes es alguno de vuestro que nos vamos a estar contactando con vos de que lo actualices desde la aplicación porque lo tienes que realizar en particular a este cambio de plan porque es según las chicas que vos quieras y según cuánto vos puedas pagar, ¿bien? Y bueno, pueden leer un mensaje que dice la aplicación que tiene buena que me convence de lo que hay. Dale, dale, dale, porque justo hasta hoy tenemos los 10 gigas de regalo, ¿sabes? A ver, que cualquier cosa que vamos a decir y yo te llamo, ¿bien? Dale. Dale, que tengas un delirio.",
  "calidad": {
    "confianza_promedio": 0.477,
    "metodo_diarizacion": "pausas_fallback",
    "tiempo_procesamiento": 6.1
  },
  "metadata": {
    "modelo": "whisperx_medium",
    "diarizacion": "pausas",
    "dispositivo": "cuda",
    "fecha": "2026-01-26T02:01:18.024270",
    "version": "5.0_ecapa"
  }
}