{
  "archivo": "amza20_1_260120112601224_ACD_96817.wav",
  "duracion_segundos": 59.62,
  "num_segmentos": 17,
  "num_hablantes": 1,
  "hablantes": [
    "Hablante B"
  ],
  "tiempo_por_hablante": {
    "Hablante B": 55.95
  },
  "idioma": "es",
  "conversacion": [
    {
      "hablante": "Hablante B",
      "inicio": 1.82,
      "fin": 6.21,
      "duracion": 4.39,
      "texto": "Hola, buenos días, Patricia.",
      "confianza": 0.058
    },
    {
      "hablante": "Hablante B",
      "inicio": 6.23,
      "fin": 6.47,
      "duracion": 0.24,
      "texto": "¿Cómo le va?",
      "confianza": 0.002
    },
    {
      "hablante": "Hablante B",
      "inicio": 6.49,
      "fin": 7.13,
      "duracion": 0.64,
      "texto": "¿Cómo le va, Patricia?",
      "confianza": 0.652
    },
    {
      "hablante": "Hablante B",
      "inicio": 7.21,
      "fin": 9.59,
      "duracion": 2.38,
      "texto": "Tomáster es mi nombre, me comunico la línea de beneficios Movistar.",
      "confianza": 0.603
    },
    {
      "hablante": "Hablante B",
      "inicio": 9.61,
      "fin": 13.82,
      "duracion": 4.21,
      "texto": "¿Has actualmente cuenta con Claro, correcto?",
      "confianza": 0.634
    },
    {
      "hablante": "Hablante B",
      "inicio": 13.84,
      "fin": 13.94,
      "duracion": 0.1,
      "texto": "Sí.",
      "confianza": 0.35
    },
    {
      "hablante": "Hablante B",
      "inicio": 13.96,
      "fin": 16.62,
      "duracion": 2.66,
      "texto": "Mira, te quería mejorar el plan que tenías actualmente con tu línea, ¿sí?",
      "confianza": 0.605
    },
    {
      "hablante": "Hablante B",
      "inicio": 16.64,
      "fin": 20.99,
      "duracion": 4.35,
      "texto": "¿Estás en claro con a uno o compré pago, actualmente?",
      "confianza": 0.562
    },
    {
      "hablante": "Hablante B",
      "inicio": 21.01,
      "fin": 21.45,
      "duracion": 0.44,
      "texto": "No, estoy con prepago.",
      "confianza": 0.002
    },
    {
      "hablante": "Hablante B",
      "inicio": 21.47,
      "fin": 21.99,
      "duracion": 0.52,
      "texto": "Bien, perfecto.",
      "confianza": 0.298
    },
    {
      "hablante": "Hablante B",
      "inicio": 22.01,
      "fin": 27.54,
      "duracion": 5.53,
      "texto": "¿Y te consulto cuándo le sueles descargar al teléfono mes a mes?",
      "confianza": 0.552
    },
    {
      "hablante": "Hablante B",
      "inicio": 27.56,
      "fin": 28.5,
      "duracion": 0.94,
      "texto": "Sí, suena súper bien, no tengo ningún problema.",
      "confianza": 0.014
    },
    {
      "hablante": "Hablante B",
      "inicio": 29.63,
      "fin": 37.48,
      "duracion": 7.85,
      "texto": "No quiero que me comentes nada.",
      "confianza": 0.669
    },
    {
      "hablante": "Hablante B",
      "inicio": 37.5,
      "fin": 43.24,
      "duracion": 5.75,
      "texto": "Sabes lo que quiero es que saques mi número de las promociones de ustedes.",
      "confianza": 0.684
    },
    {
      "hablante": "Hablante B",
      "inicio": 43.26,
      "fin": 46.07,
      "duracion": 2.8,
      "texto": "No quiero que me vuelvan a llamar nunca más.",
      "confianza": 0.664
    },
    {
      "hablante": "Hablante B",
      "inicio": 46.09,
      "fin": 50.01,
      "duracion": 3.92,
      "texto": "Sé que en la ley dice que tengo el derecho a pedir que no me llamen nunca más.",
      "confianza": 0.717
    },
    {
      "hablante": "Hablante B",
      "inicio": 50.39,
      "fin": 59.62,
      "duracion": 9.23,
      "texto": "Así que borré mi número de la base de datos.",
      "confianza": 0.759
    }
  ],
  "transcripcion_completa": "Hola, buenos días, Patricia. ¿Cómo le va? ¿Cómo le va, Patricia? Tomáster es mi nombre, me comunico la línea de beneficios Movistar. ¿Has actualmente cuenta con Claro, correcto? Sí. Mira, te quería mejorar el plan que tenías actualmente con tu línea, ¿sí? ¿Estás en claro con a uno o compré pago, actualmente? No, estoy con prepago. Bien, perfecto. ¿Y te consulto cuándo le sueles descargar al teléfono mes a mes? Sí, suena súper bien, no tengo ningún problema. No quiero que me comentes nada. Sabes lo que quiero es que saques mi número de las promociones de ustedes. No quiero que me vuelvan a llamar nunca más. Sé que en la ley dice que tengo el derecho a pedir que no me llamen nunca más. Así que borré mi número de la base de datos.",
  "calidad": {
    "confianza_promedio": 0.46,
    "metodo_diarizacion": "pausas_fallback",
    "tiempo_procesamiento": 4.8
  },
  "metadata": {
    "modelo": "whisperx_medium",
    "diarizacion": "pausas",
    "dispositivo": "cuda",
    "fecha": "2026-01-25T17:51:13.410380",
    "version": "5.0_ecapa"
  }
}