{
  "archivo": "amza20_1_260121104839871_ACD_45309.wav",
  "duracion_segundos": 280.5,
  "num_segmentos": 94,
  "num_hablantes": 2,
  "hablantes": [
    "Hablante A",
    "Hablante B"
  ],
  "tiempo_por_hablante": {
    "Hablante B": 186.69,
    "Hablante A": 67.79
  },
  "idioma": "es",
  "conversacion": [
    {
      "hablante": "Hablante B",
      "inicio": 1.67,
      "fin": 7.2,
      "duracion": 5.53,
      "texto": "Hola, muy buen día, Florencia.",
      "confianza": 0.247
    },
    {
      "hablante": "Hablante B",
      "inicio": 7.22,
      "fin": 7.32,
      "duracion": 0.1,
      "texto": "Hola.",
      "confianza": 0.016
    },
    {
      "hablante": "Hablante B",
      "inicio": 7.34,
      "fin": 8.44,
      "duracion": 1.1,
      "texto": "¿Cómo le va a tomar a hacer mi nombre?",
      "confianza": 0.473
    },
    {
      "hablante": "Hablante B",
      "inicio": 8.46,
      "fin": 10.26,
      "duracion": 1.8,
      "texto": "Me comunicaré de la vía de Ernestillo Movistar.",
      "confianza": 0.581
    },
    {
      "hablante": "Hablante B",
      "inicio": 10.58,
      "fin": 12.6,
      "duracion": 2.02,
      "texto": "Me refiero al nombre de Florencia.",
      "confianza": 0.428
    },
    {
      "hablante": "Hablante B",
      "inicio": 12.62,
      "fin": 15.49,
      "duracion": 2.86,
      "texto": "¿Puede ser?",
      "confianza": 0.085
    },
    {
      "hablante": "Hablante B",
      "inicio": 15.51,
      "fin": 15.73,
      "duracion": 0.22,
      "texto": "Sí, señor.",
      "confianza": 0.061
    },
    {
      "hablante": "Hablante B",
      "inicio": 15.75,
      "fin": 17.97,
      "duracion": 2.22,
      "texto": "Bien, mírate, queríamos recuperar como cliente.",
      "confianza": 0.57
    },
    {
      "hablante": "Hablante B",
      "inicio": 17.99,
      "fin": 24.42,
      "duracion": 6.43,
      "texto": "¿Vos estás actualmente con claro, con abono o con prepago?",
      "confianza": 0.633
    },
    {
      "hablante": "Hablante B",
      "inicio": 24.44,
      "fin": 27.41,
      "duracion": 2.96,
      "texto": "No, tengo abono.",
      "confianza": 0.325
    },
    {
      "hablante": "Hablante B",
      "inicio": 28.16,
      "fin": 32.09,
      "duracion": 3.93,
      "texto": "Pero el cambio por un lado del tema es la señal.",
      "confianza": 0.715
    },
    {
      "hablante": "Hablante B",
      "inicio": 32.37,
      "fin": 34.79,
      "duracion": 2.42,
      "texto": "Por eso nos cargamos de líneas nosotros.",
      "confianza": 0.454
    },
    {
      "hablante": "Hablante B",
      "inicio": 34.81,
      "fin": 37.25,
      "duracion": 2.44,
      "texto": "Nos teníamos señaladas en Garnica.",
      "confianza": 0.248
    },
    {
      "hablante": "Hablante B",
      "inicio": 37.45,
      "fin": 37.89,
      "duracion": 0.44,
      "texto": "Bien, perfecto.",
      "confianza": 0.3
    },
    {
      "hablante": "Hablante B",
      "inicio": 37.93,
      "fin": 39.02,
      "duracion": 1.08,
      "texto": "Eso es lo que es.",
      "confianza": 0.251
    },
    {
      "hablante": "Hablante B",
      "inicio": 39.04,
      "fin": 39.7,
      "duracion": 0.66,
      "texto": "Bien, perfecto.",
      "confianza": 0.786
    },
    {
      "hablante": "Hablante B",
      "inicio": 40.32,
      "fin": 40.74,
      "duracion": 0.42,
      "texto": "Te consulto.",
      "confianza": 0.594
    },
    {
      "hablante": "Hablante B",
      "inicio": 40.76,
      "fin": 41.76,
      "duracion": 1.0,
      "texto": "Mira, me refiero al sistema.",
      "confianza": 0.612
    },
    {
      "hablante": "Hablante B",
      "inicio": 41.88,
      "fin": 44.32,
      "duracion": 2.44,
      "texto": "Bien, que se prepararon hace ya más de un año de las compañías, ¿correcto?",
      "confianza": 0.611
    },
    {
      "hablante": "Hablante B",
      "inicio": 45.42,
      "fin": 46.78,
      "duracion": 1.36,
      "texto": "Sí.",
      "confianza": 0.525
    },
    {
      "hablante": "Hablante B",
      "inicio": 46.8,
      "fin": 49.85,
      "duracion": 3.04,
      "texto": "Bien, mira, nosotros todos los países estamos expandiendo lo que es la cobertura, así y demás.",
      "confianza": 0.511
    },
    {
      "hablante": "Hablante B",
      "inicio": 51.31,
      "fin": 54.53,
      "duracion": 3.22,
      "texto": "¿En qué localidades ha pasado este problema con la señal?",
      "confianza": 0.47
    },
    {
      "hablante": "Hablante B",
      "inicio": 55.66,
      "fin": 57.04,
      "duracion": 1.38,
      "texto": "En Garnica, presidente Perón.",
      "confianza": 0.47
    },
    {
      "hablante": "Hablante A",
      "inicio": 59.13,
      "fin": 63.57,
      "duracion": 4.45,
      "texto": "El presidente Perón, perfecto.",
      "confianza": 0.315
    },
    {
      "hablante": "Hablante A",
      "inicio": 63.59,
      "fin": 63.65,
      "duracion": 0.06,
      "texto": "Sí.",
      "confianza": 0.006
    },
    {
      "hablante": "Hablante A",
      "inicio": 63.67,
      "fin": 64.39,
      "duracion": 0.72,
      "texto": "¿Qué te iba a decir?",
      "confianza": 0.636
    },
    {
      "hablante": "Hablante A",
      "inicio": 65.12,
      "fin": 66.62,
      "duracion": 1.5,
      "texto": "Bien, el presidente Perón.",
      "confianza": 0.309
    },
    {
      "hablante": "Hablante A",
      "inicio": 67.22,
      "fin": 70.24,
      "duracion": 3.02,
      "texto": "El presidente Perón me dijiste que no tenía nada de señal.",
      "confianza": 0.538
    },
    {
      "hablante": "Hablante A",
      "inicio": 71.16,
      "fin": 72.59,
      "duracion": 1.42,
      "texto": "No, se cortaba mucho.",
      "confianza": 0.627
    },
    {
      "hablante": "Hablante A",
      "inicio": 72.63,
      "fin": 80.14,
      "duracion": 7.51,
      "texto": "Quería llamar o... O como esto, me mandaron un WhatsApp y no se llegaban los WhatsApp, imagínate.",
      "confianza": 0.33
    },
    {
      "hablante": "Hablante A",
      "inicio": 80.16,
      "fin": 81.62,
      "duracion": 1.46,
      "texto": "Por eso nos cambiamos.",
      "confianza": 0.514
    },
    {
      "hablante": "Hablante A",
      "inicio": 81.66,
      "fin": 82.04,
      "duracion": 0.38,
      "texto": "Perfecto.",
      "confianza": 0.603
    },
    {
      "hablante": "Hablante A",
      "inicio": 82.06,
      "fin": 89.05,
      "duracion": 6.99,
      "texto": "Bueno, mira, en lo que me figura acá de Guernica, sí, por ejemplo, me figura Hospital de Guernica, Estación Numancia, Numancia Norte,",
      "confianza": 0.558
    },
    {
      "hablante": "Hablante A",
      "inicio": 89.17,
      "fin": 91.49,
      "duracion": 2.32,
      "texto": "Santa Teresa.",
      "confianza": 0.487
    },
    {
      "hablante": "Hablante A",
      "inicio": 91.51,
      "fin": 94.01,
      "duracion": 2.5,
      "texto": "Sí, creo que lo digo por los barrios que me figura.",
      "confianza": 0.088
    },
    {
      "hablante": "Hablante A",
      "inicio": 94.03,
      "fin": 94.57,
      "duracion": 0.54,
      "texto": "No, aquí tenemos el centro.",
      "confianza": 0.024
    },
    {
      "hablante": "Hablante A",
      "inicio": 94.59,
      "fin": 96.02,
      "duracion": 1.42,
      "texto": "Claro, me figura en verde, sí.",
      "confianza": 0.597
    },
    {
      "hablante": "Hablante A",
      "inicio": 96.7,
      "fin": 97.62,
      "duracion": 0.92,
      "texto": "Parque Roma.",
      "confianza": 0.762
    },
    {
      "hablante": "Hablante A",
      "inicio": 97.64,
      "fin": 98.6,
      "duracion": 0.96,
      "texto": "Bueno, sí, está un poquito más.",
      "confianza": 0.322
    },
    {
      "hablante": "Hablante A",
      "inicio": 98.62,
      "fin": 99.34,
      "duracion": 0.72,
      "texto": "La Yaya 1.",
      "confianza": 0.685
    },
    {
      "hablante": "Hablante A",
      "inicio": 99.7,
      "fin": 101.94,
      "duracion": 2.24,
      "texto": "Bueno, todo eso me figura en verde, sí.",
      "confianza": 0.52
    },
    {
      "hablante": "Hablante A",
      "inicio": 101.96,
      "fin": 104.17,
      "duracion": 2.2,
      "texto": "No tendrías que tener problemas con la señal, ni nada, sí.",
      "confianza": 0.773
    },
    {
      "hablante": "Hablante A",
      "inicio": 104.31,
      "fin": 110.52,
      "duracion": 6.21,
      "texto": "Como te digo, hace más de un año que te fuiste, entonces tenemos cobertura en el 70% del país.",
      "confianza": 0.628
    },
    {
      "hablante": "Hablante A",
      "inicio": 110.58,
      "fin": 113.94,
      "duracion": 3.37,
      "texto": "Probablemente se han comprado trenes y se ha expandido lo que es la cobertura, sí.",
      "confianza": 0.646
    },
    {
      "hablante": "Hablante A",
      "inicio": 113.96,
      "fin": 117.57,
      "duracion": 3.61,
      "texto": "No sé si en alguna otra localidad, que tú me puedas decir, ¿tenías problemas con la señal?",
      "confianza": 0.582
    },
    {
      "hablante": "Hablante A",
      "inicio": 118.34,
      "fin": 125.45,
      "duracion": 7.11,
      "texto": "Sí, sí, era ponerle Garnica, León, Llan y después, bueno, para el lado capital ya me andaba bien.",
      "confianza": 0.506
    },
    {
      "hablante": "Hablante A",
      "inicio": 125.89,
      "fin": 128.07,
      "duracion": 2.18,
      "texto": "Claro, Gleu también, sí, Gleu también, o sea, también.",
      "confianza": 0.453
    },
    {
      "hablante": "Hablante A",
      "inicio": 128.09,
      "fin": 132.07,
      "duracion": 3.98,
      "texto": "Como te digo, ha sido como una expansión, digamos, frontal y hemos ha sido por todos lados.",
      "confianza": 0.58
    },
    {
      "hablante": "Hablante B",
      "inicio": 133.58,
      "fin": 133.64,
      "duracion": 0.06,
      "texto": "Sí.",
      "confianza": 0.019
    },
    {
      "hablante": "Hablante B",
      "inicio": 133.66,
      "fin": 135.74,
      "duracion": 2.08,
      "texto": "En la mayoría de los lugares, como te digo, tendrías que tener señal.",
      "confianza": 0.725
    },
    {
      "hablante": "Hablante B",
      "inicio": 135.76,
      "fin": 139.76,
      "duracion": 4.0,
      "texto": "¿Y el consulto, tuviera algún otro conveniente aparte con las líneas?",
      "confianza": 0.651
    },
    {
      "hablante": "Hablante B",
      "inicio": 141.1,
      "fin": 146.31,
      "duracion": 5.2,
      "texto": "No, no, después no... No, no tengo problema.",
      "confianza": 0.366
    },
    {
      "hablante": "Hablante B",
      "inicio": 146.33,
      "fin": 147.91,
      "duracion": 1.58,
      "texto": "Claro, sí, sí, sí, no, sí, entiendo, entiendo.",
      "confianza": 0.386
    },
    {
      "hablante": "Hablante B",
      "inicio": 148.09,
      "fin": 151.98,
      "duracion": 3.89,
      "texto": "Y le consulto, ¿Ustedes son una sola línea o son dos?",
      "confianza": 0.74
    },
    {
      "hablante": "Hablante B",
      "inicio": 152.46,
      "fin": 154.34,
      "duracion": 1.88,
      "texto": "No, tengo cuatro líneas.",
      "confianza": 0.821
    },
    {
      "hablante": "Hablante B",
      "inicio": 154.36,
      "fin": 155.44,
      "duracion": 1.08,
      "texto": "Son cuatro, bien, entiendo.",
      "confianza": 0.769
    },
    {
      "hablante": "Hablante B",
      "inicio": 156.02,
      "fin": 156.74,
      "duracion": 0.72,
      "texto": "Perfecto.",
      "confianza": 0.729
    },
    {
      "hablante": "Hablante B",
      "inicio": 156.76,
      "fin": 159.29,
      "duracion": 2.52,
      "texto": "Bueno, mira, y solo ocupamos mucho interés.",
      "confianza": 0.594
    },
    {
      "hablante": "Hablante B",
      "inicio": 159.33,
      "fin": 162.07,
      "duracion": 2.74,
      "texto": "¿Nos dejamos mucho interés?",
      "confianza": 0.278
    },
    {
      "hablante": "Hablante B",
      "inicio": 162.09,
      "fin": 168.34,
      "duracion": 6.25,
      "texto": "Es que tenemos telecentro en casa, así que usamos prácticamente con la tele, todo telecentro en casa.",
      "confianza": 0.458
    },
    {
      "hablante": "Hablante B",
      "inicio": 168.66,
      "fin": 169.64,
      "duracion": 0.98,
      "texto": "Bien, perfecto.",
      "confianza": 0.577
    },
    {
      "hablante": "Hablante B",
      "inicio": 169.66,
      "fin": 174.05,
      "duracion": 4.39,
      "texto": "Bueno, mira, te comento el plan que tengo para brendarles que el día de hoy, ya que vos me dijiste que tengo cuatro líneas.",
      "confianza": 0.507
    },
    {
      "hablante": "Hablante B",
      "inicio": 174.26,
      "fin": 176.67,
      "duracion": 2.4,
      "texto": "Tengo un plan de 8GB de base, más 10 de regalo.",
      "confianza": 0.483
    },
    {
      "hablante": "Hablante B",
      "inicio": 176.69,
      "fin": 177.85,
      "duracion": 1.16,
      "texto": "Bien, por 6 meses tendrías 18.",
      "confianza": 0.629
    },
    {
      "hablante": "Hablante B",
      "inicio": 178.05,
      "fin": 182.41,
      "duracion": 4.37,
      "texto": "Tienes WhatsApp Prata y llamadas de todas las compañías, y Rummen en América incluido.",
      "confianza": 0.557
    },
    {
      "hablante": "Hablante B",
      "inicio": 182.66,
      "fin": 182.81,
      "duracion": 0.16,
      "texto": "Bien.",
      "confianza": 0.867
    },
    {
      "hablante": "Hablante B",
      "inicio": 183.22,
      "fin": 184.88,
      "duracion": 1.66,
      "texto": "Y el plan te queda un precio de 8.000 pesos.",
      "confianza": 0.772
    },
    {
      "hablante": "Hablante B",
      "inicio": 185.14,
      "fin": 191.25,
      "duracion": 6.11,
      "texto": "Bien, como te digo, tendrías 18GB, los podrías ir guardándome esa mes, los podrías compartir entre las otras líneas y demás.",
      "confianza": 0.698
    },
    {
      "hablante": "Hablante B",
      "inicio": 191.44,
      "fin": 194.17,
      "duracion": 2.72,
      "texto": "Bien, no sé si me seguís así.",
      "confianza": 0.362
    },
    {
      "hablante": "Hablante B",
      "inicio": 194.19,
      "fin": 195.35,
      "duracion": 1.16,
      "texto": "Sí, sí, sí te sigo.",
      "confianza": 0.218
    },
    {
      "hablante": "Hablante B",
      "inicio": 195.41,
      "fin": 201.3,
      "duracion": 5.89,
      "texto": "Como vos portarías, en su caso, más de una línea registrada bajo tu nombre, se te sumarían 4GB más.",
      "confianza": 0.684
    },
    {
      "hablante": "Hablante B",
      "inicio": 201.48,
      "fin": 203.8,
      "duracion": 2.32,
      "texto": "Bien, no sé que la bonota quedaría con 22GB.",
      "confianza": 0.593
    },
    {
      "hablante": "Hablante B",
      "inicio": 204.02,
      "fin": 205.1,
      "duracion": 1.08,
      "texto": "por ocho mil pesos.",
      "confianza": 0.668
    },
    {
      "hablante": "Hablante B",
      "inicio": 205.68,
      "fin": 209.34,
      "duracion": 3.67,
      "texto": "Bien, es una promoción, ahí digamos, para el grupo familiar y demás.",
      "confianza": 0.643
    },
    {
      "hablante": "Hablante B",
      "inicio": 209.78,
      "fin": 220.16,
      "duracion": 10.38,
      "texto": "Sí, como es la línea, están al nombre de mi señora y bueno, están mis dos hijos, yo y bueno, mis dos hijos.",
      "confianza": 0.372
    },
    {
      "hablante": "Hablante B",
      "inicio": 220.18,
      "fin": 222.02,
      "duracion": 1.84,
      "texto": "Claro, sí, sí, entiendo.",
      "confianza": 0.394
    },
    {
      "hablante": "Hablante B",
      "inicio": 222.36,
      "fin": 223.99,
      "duracion": 1.62,
      "texto": "Claro, sí, sí, se lo entiendo.",
      "confianza": 0.408
    },
    {
      "hablante": "Hablante B",
      "inicio": 224.85,
      "fin": 233.82,
      "duracion": 8.97,
      "texto": "Pero como te digo, pasando como todas las que haríamos, con el mismo nombre de Florencia sería, que haríamos, digamos, como digamos, 22 gigas finalmente y tiene ocho mil pesos.",
      "confianza": 0.565
    },
    {
      "hablante": "Hablante B",
      "inicio": 234.32,
      "fin": 237.73,
      "duracion": 3.4,
      "texto": "Bueno, déjame que lo consulto con ella ahora cuando llegue.",
      "confianza": 0.473
    },
    {
      "hablante": "Hablante B",
      "inicio": 237.75,
      "fin": 240.31,
      "duracion": 2.56,
      "texto": "Estoy trabajando y estoy manejando un camión.",
      "confianza": 0.53
    },
    {
      "hablante": "Hablante B",
      "inicio": 240.33,
      "fin": 241.47,
      "duracion": 1.14,
      "texto": "Sí, perfecto.",
      "confianza": 0.311
    },
    {
      "hablante": "Hablante B",
      "inicio": 241.49,
      "fin": 243.07,
      "duracion": 1.58,
      "texto": "No, no es problema.",
      "confianza": 0.208
    },
    {
      "hablante": "Hablante B",
      "inicio": 243.09,
      "fin": 249.6,
      "duracion": 6.51,
      "texto": "Por eso te hablo así medio constante, pero si me llama más tarde lo podemos chequear.",
      "confianza": 0.534
    },
    {
      "hablante": "Hablante B",
      "inicio": 249.62,
      "fin": 250.06,
      "duracion": 0.44,
      "texto": "Decime qué horario.",
      "confianza": 0.065
    },
    {
      "hablante": "Hablante B",
      "inicio": 250.08,
      "fin": 251.91,
      "duracion": 1.82,
      "texto": "Yo estoy hasta las dos y media.",
      "confianza": 0.541
    },
    {
      "hablante": "Hablante B",
      "inicio": 252.43,
      "fin": 254.85,
      "duracion": 2.42,
      "texto": "Decime si te queda cómoda en ese horario.",
      "confianza": 0.432
    },
    {
      "hablante": "Hablante B",
      "inicio": 254.87,
      "fin": 256.17,
      "duracion": 1.3,
      "texto": "Y yo salgo a las cinco.",
      "confianza": 0.058
    },
    {
      "hablante": "Hablante B",
      "inicio": 256.19,
      "fin": 257.61,
      "duracion": 1.42,
      "texto": "Ese es el tema.",
      "confianza": 0.157
    },
    {
      "hablante": "Hablante B",
      "inicio": 257.63,
      "fin": 258.15,
      "duracion": 0.52,
      "texto": "Bien, no hay problema.",
      "confianza": 0.224
    },
    {
      "hablante": "Hablante B",
      "inicio": 258.17,
      "fin": 258.89,
      "duracion": 0.72,
      "texto": "Decime qué horario.",
      "confianza": 0.371
    },
    {
      "hablante": "Hablante B",
      "inicio": 258.91,
      "fin": 261.86,
      "duracion": 2.94,
      "texto": "Si te hablo en la tarde, no hay problema.",
      "confianza": 0.45
    },
    {
      "hablante": "Hablante B",
      "inicio": 261.88,
      "fin": 264.28,
      "duracion": 2.4,
      "texto": "Y más o menos a tipo 6 que ya voy a estar en casa.",
      "confianza": 0.495
    },
    {
      "hablante": "Hablante B",
      "inicio": 264.85,
      "fin": 271.76,
      "duracion": 6.91,
      "texto": "¿Nunca te pregunté tu nombre?",
      "confianza": 0.442
    },
    {
      "hablante": "Hablante B",
      "inicio": 271.84,
      "fin": 280.5,
      "duracion": 8.66,
      "texto": "Sebastián",
      "confianza": 0.43
    }
  ],
  "transcripcion_completa": "Hola, muy buen día, Florencia. Hola. ¿Cómo le va a tomar a hacer mi nombre? Me comunicaré de la vía de Ernestillo Movistar. Me refiero al nombre de Florencia. ¿Puede ser? Sí, señor. Bien, mírate, queríamos recuperar como cliente. ¿Vos estás actualmente con claro, con abono o con prepago? No, tengo abono. Pero el cambio por un lado del tema es la señal. Por eso nos cargamos de líneas nosotros. Nos teníamos señaladas en Garnica. Bien, perfecto. Eso es lo que es. Bien, perfecto. Te consulto. Mira, me refiero al sistema. Bien, que se prepararon hace ya más de un año de las compañías, ¿correcto? Sí. Bien, mira, nosotros todos los países estamos expandiendo lo que es la cobertura, así y demás. ¿En qué localidades ha pasado este problema con la señal? En Garnica, presidente Perón. El presidente Perón, perfecto. Sí. ¿Qué te iba a decir? Bien, el presidente Perón. El presidente Perón me dijiste que no tenía nada de señal. No, se cortaba mucho. Quería llamar o... O como esto, me mandaron un WhatsApp y no se llegaban los WhatsApp, imagínate. Por eso nos cambiamos. Perfecto. Bueno, mira, en lo que me figura acá de Guernica, sí, por ejemplo, me figura Hospital de Guernica, Estación Numancia, Numancia Norte, Santa Teresa. Sí, creo que lo digo por los barrios que me figura. No, aquí tenemos el centro. Claro, me figura en verde, sí. Parque Roma. Bueno, sí, está un poquito más. La Yaya 1. Bueno, todo eso me figura en verde, sí. No tendrías que tener problemas con la señal, ni nada, sí. Como te digo, hace más de un año que te fuiste, entonces tenemos cobertura en el 70% del país. Probablemente se han comprado trenes y se ha expandido lo que es la cobertura, sí. No sé si en alguna otra localidad, que tú me puedas decir, ¿tenías problemas con la señal? Sí, sí, era ponerle Garnica, León, Llan y después, bueno, para el lado capital ya me andaba bien. Claro, Gleu también, sí, Gleu también, o sea, también. Como te digo, ha sido como una expansión, digamos, frontal y hemos ha sido por todos lados. Sí. En la mayoría de los lugares, como te digo, tendrías que tener señal. ¿Y el consulto, tuviera algún otro conveniente aparte con las líneas? No, no, después no... No, no tengo problema. Claro, sí, sí, sí, no, sí, entiendo, entiendo. Y le consulto, ¿Ustedes son una sola línea o son dos? No, tengo cuatro líneas. Son cuatro, bien, entiendo. Perfecto. Bueno, mira, y solo ocupamos mucho interés. ¿Nos dejamos mucho interés? Es que tenemos telecentro en casa, así que usamos prácticamente con la tele, todo telecentro en casa. Bien, perfecto. Bueno, mira, te comento el plan que tengo para brendarles que el día de hoy, ya que vos me dijiste que tengo cuatro líneas. Tengo un plan de 8GB de base, más 10 de regalo. Bien, por 6 meses tendrías 18. Tienes WhatsApp Prata y llamadas de todas las compañías, y Rummen en América incluido. Bien. Y el plan te queda un precio de 8.000 pesos. Bien, como te digo, tendrías 18GB, los podrías ir guardándome esa mes, los podrías compartir entre las otras líneas y demás. Bien, no sé si me seguís así. Sí, sí, sí te sigo. Como vos portarías, en su caso, más de una línea registrada bajo tu nombre, se te sumarían 4GB más. Bien, no sé que la bonota quedaría con 22GB. por ocho mil pesos. Bien, es una promoción, ahí digamos, para el grupo familiar y demás. Sí, como es la línea, están al nombre de mi señora y bueno, están mis dos hijos, yo y bueno, mis dos hijos. Claro, sí, sí, entiendo. Claro, sí, sí, se lo entiendo. Pero como te digo, pasando como todas las que haríamos, con el mismo nombre de Florencia sería, que haríamos, digamos, como digamos, 22 gigas finalmente y tiene ocho mil pesos. Bueno, déjame que lo consulto con ella ahora cuando llegue. Estoy trabajando y estoy manejando un camión. Sí, perfecto. No, no es problema. Por eso te hablo así medio constante, pero si me llama más tarde lo podemos chequear. Decime qué horario. Yo estoy hasta las dos y media. Decime si te queda cómoda en ese horario. Y yo salgo a las cinco. Ese es el tema. Bien, no hay problema. Decime qué horario. Si te hablo en la tarde, no hay problema. Y más o menos a tipo 6 que ya voy a estar en casa. ¿Nunca te pregunté tu nombre? Sebastián",
  "calidad": {
    "confianza_promedio": 0.471,
    "metodo_diarizacion": "pausas_fallback",
    "tiempo_procesamiento": 10.2
  },
  "metadata": {
    "modelo": "whisperx_medium",
    "diarizacion": "pausas",
    "dispositivo": "cuda",
    "fecha": "2026-01-25T17:51:50.080432",
    "version": "5.0_ecapa"
  }
}