{
  "archivo": "amza16_1_260122111349856_ACD_82535.wav",
  "duracion_segundos": 745.79,
  "num_segmentos": 227,
  "num_hablantes": 2,
  "hablantes": [
    "Hablante A",
    "Hablante B"
  ],
  "tiempo_por_hablante": {
    "Hablante A": 201.88,
    "Hablante B": 450.65
  },
  "idioma": "es",
  "conversacion": [
    {
      "hablante": "Hablante A",
      "inicio": 1.08,
      "fin": 2.36,
      "duracion": 1.28,
      "texto": "Hola, buenos días.",
      "confianza": 0.091
    },
    {
      "hablante": "Hablante A",
      "inicio": 2.38,
      "fin": 5.38,
      "duracion": 3.0,
      "texto": "Estoy hablando con Oscar.",
      "confianza": 0.338
    },
    {
      "hablante": "Hablante A",
      "inicio": 5.4,
      "fin": 5.72,
      "duracion": 0.32,
      "texto": "Exactamente, sí.",
      "confianza": 0.089
    },
    {
      "hablante": "Hablante A",
      "inicio": 5.74,
      "fin": 6.46,
      "duracion": 0.72,
      "texto": "¿Cómo estás, Oscar?",
      "confianza": 0.733
    },
    {
      "hablante": "Hablante A",
      "inicio": 6.48,
      "fin": 7.46,
      "duracion": 0.98,
      "texto": "Mi nombre es Delfina.",
      "confianza": 0.665
    },
    {
      "hablante": "Hablante A",
      "inicio": 7.52,
      "fin": 10.57,
      "duracion": 3.04,
      "texto": "Me estoy comunicando desde el área de recupero de clientes de Movistar.",
      "confianza": 0.611
    },
    {
      "hablante": "Hablante A",
      "inicio": 11.15,
      "fin": 15.39,
      "duracion": 4.24,
      "texto": "Me asegura que actualmente estás en claro con tu línea, ¿es correcto?",
      "confianza": 0.634
    },
    {
      "hablante": "Hablante A",
      "inicio": 15.47,
      "fin": 16.35,
      "duracion": 0.88,
      "texto": "Exactamente, sí.",
      "confianza": 0.254
    },
    {
      "hablante": "Hablante A",
      "inicio": 16.37,
      "fin": 17.39,
      "duracion": 1.02,
      "texto": "Perfecto, te consulto.",
      "confianza": 0.728
    },
    {
      "hablante": "Hablante A",
      "inicio": 17.67,
      "fin": 19.98,
      "duracion": 2.3,
      "texto": "¿Sabes más o menos cuántas gigas tenés en el plan?",
      "confianza": 0.721
    },
    {
      "hablante": "Hablante A",
      "inicio": 20.4,
      "fin": 25.0,
      "duracion": 4.61,
      "texto": "¿O cuántas ocupas vos?",
      "confianza": 0.611
    },
    {
      "hablante": "Hablante A",
      "inicio": 25.02,
      "fin": 25.16,
      "duracion": 0.14,
      "texto": "No, no.",
      "confianza": 0.018
    },
    {
      "hablante": "Hablante A",
      "inicio": 25.18,
      "fin": 25.62,
      "duracion": 0.44,
      "texto": "Si te digo, te miento.",
      "confianza": 0.007
    },
    {
      "hablante": "Hablante A",
      "inicio": 25.64,
      "fin": 25.8,
      "duracion": 0.16,
      "texto": "No, no.",
      "confianza": 0.221
    },
    {
      "hablante": "Hablante A",
      "inicio": 25.82,
      "fin": 26.0,
      "duracion": 0.18,
      "texto": "Ah, bien.",
      "confianza": 0.09
    },
    {
      "hablante": "Hablante A",
      "inicio": 26.02,
      "fin": 27.26,
      "duracion": 1.24,
      "texto": "Es no malo de lo que estés al tanto.",
      "confianza": 0.671
    },
    {
      "hablante": "Hablante A",
      "inicio": 27.28,
      "fin": 29.35,
      "duracion": 2.06,
      "texto": "¿Sabes cuánto estás abonando al mes?",
      "confianza": 0.741
    },
    {
      "hablante": "Hablante B",
      "inicio": 31.23,
      "fin": 34.94,
      "duracion": 3.71,
      "texto": "El cargo se queda, más o menos, siempre.",
      "confianza": 0.072
    },
    {
      "hablante": "Hablante B",
      "inicio": 34.96,
      "fin": 35.08,
      "duracion": 0.12,
      "texto": "Bien.",
      "confianza": 0.171
    },
    {
      "hablante": "Hablante B",
      "inicio": 35.1,
      "fin": 39.89,
      "duracion": 4.79,
      "texto": "Sí, ¿pagas bastante?",
      "confianza": 0.424
    },
    {
      "hablante": "Hablante B",
      "inicio": 39.91,
      "fin": 40.71,
      "duracion": 0.8,
      "texto": "Sí, pero no tengo problema con la línea.",
      "confianza": 0.008
    },
    {
      "hablante": "Hablante B",
      "inicio": 40.73,
      "fin": 41.63,
      "duracion": 0.9,
      "texto": "OK. Bueno, mira, te comento.",
      "confianza": 0.68
    },
    {
      "hablante": "Hablante B",
      "inicio": 41.69,
      "fin": 45.02,
      "duracion": 3.33,
      "texto": "Yo tengo un plan, sí, bastante económico en el que tendrías bastantes gigas.",
      "confianza": 0.689
    },
    {
      "hablante": "Hablante B",
      "inicio": 45.44,
      "fin": 48.08,
      "duracion": 2.65,
      "texto": "Es un plan de 8 gigas de base con 10 de regalo.",
      "confianza": 0.855
    },
    {
      "hablante": "Hablante B",
      "inicio": 48.36,
      "fin": 51.23,
      "duracion": 2.86,
      "texto": "Tendrías 18 en total con WhatsApp gratis.",
      "confianza": 0.59
    },
    {
      "hablante": "Hablante B",
      "inicio": 51.25,
      "fin": 52.87,
      "duracion": 1.62,
      "texto": "Llámanos a todas las compañías.",
      "confianza": 0.606
    },
    {
      "hablante": "Hablante B",
      "inicio": 52.91,
      "fin": 56.94,
      "duracion": 4.03,
      "texto": "Incluye también lo que es rooming por 8000 pesos al día de hoy, ¿sí?",
      "confianza": 0.646
    },
    {
      "hablante": "Hablante B",
      "inicio": 57.54,
      "fin": 64.25,
      "duracion": 6.71,
      "texto": "La portabilidad es desnumérica, el número es el mismo, yo te acompañaría en todo el proceso de portabilidad que es bastante sencillo, ¿sí?",
      "confianza": 0.684
    },
    {
      "hablante": "Hablante B",
      "inicio": 64.67,
      "fin": 67.25,
      "duracion": 2.58,
      "texto": "Te diría cuándo tenés que cambiar el kit y todo, ¿ok?",
      "confianza": 0.539
    },
    {
      "hablante": "Hablante B",
      "inicio": 67.28,
      "fin": 71.14,
      "duracion": 3.86,
      "texto": "Te lo podemos enviar a tu domicilio, el chip siguiente.",
      "confianza": 0.541
    },
    {
      "hablante": "Hablante B",
      "inicio": 71.16,
      "fin": 71.54,
      "duracion": 0.38,
      "texto": "No tengo chip show.",
      "confianza": 0.016
    },
    {
      "hablante": "Hablante B",
      "inicio": 71.56,
      "fin": 72.54,
      "duracion": 0.98,
      "texto": "Ah, ¿usas eSIM?",
      "confianza": 0.43
    },
    {
      "hablante": "Hablante B",
      "inicio": 72.56,
      "fin": 74.64,
      "duracion": 2.08,
      "texto": "Bueno, mejor, buenísimo, va a ser mucho más rápido.",
      "confianza": 0.709
    },
    {
      "hablante": "Hablante B",
      "inicio": 75.51,
      "fin": 79.25,
      "duracion": 3.75,
      "texto": "La eSIM sería que te llegaría lo que es el correo electrónico, ¿sí?",
      "confianza": 0.708
    },
    {
      "hablante": "Hablante B",
      "inicio": 79.27,
      "fin": 81.03,
      "duracion": 1.76,
      "texto": "Un día antes de que te... ¿Tenía alguna pregunta?",
      "confianza": 0.517
    },
    {
      "hablante": "Hablante B",
      "inicio": 81.05,
      "fin": 85.6,
      "duracion": 4.55,
      "texto": "¿Pusieron alguna sucursal a Carlos Sandoval, o no?",
      "confianza": 0.3
    },
    {
      "hablante": "Hablante B",
      "inicio": 85.62,
      "fin": 86.18,
      "duracion": 0.56,
      "texto": "¿A Carlos Sandoval capital?",
      "confianza": 0.086
    },
    {
      "hablante": "Hablante B",
      "inicio": 86.62,
      "fin": 90.82,
      "duracion": 4.2,
      "texto": "La verdad que, no sé, creo que no.",
      "confianza": 0.44
    },
    {
      "hablante": "Hablante B",
      "inicio": 90.84,
      "fin": 91.98,
      "duracion": 1.14,
      "texto": "¿Por qué ese problema?",
      "confianza": 0.615
    },
    {
      "hablante": "Hablante B",
      "inicio": 92.0,
      "fin": 97.25,
      "duracion": 5.25,
      "texto": "Yo ante cualquier reclamo por ahí que tengo acá en claro, tengo sucursal, ¿no?",
      "confianza": 0.576
    },
    {
      "hablante": "Hablante B",
      "inicio": 97.27,
      "fin": 97.85,
      "duracion": 0.58,
      "texto": "Ajá.",
      "confianza": 0.359
    },
    {
      "hablante": "Hablante B",
      "inicio": 97.87,
      "fin": 102.69,
      "duracion": 4.82,
      "texto": "Bueno, mira, no, no tenemos sucursal, pero vos contarías con mi número para hacer cualquier reclamo.",
      "confianza": 0.736
    },
    {
      "hablante": "Hablante B",
      "inicio": 102.73,
      "fin": 104.82,
      "duracion": 2.08,
      "texto": "Yo creo como tu asesora, ¿sí?",
      "confianza": 0.596
    },
    {
      "hablante": "Hablante B",
      "inicio": 104.84,
      "fin": 112.63,
      "duracion": 7.79,
      "texto": "Si tenés algún problema de facturación o lo que sea, señal, te comunicas directamente conmigo, ¿sí?",
      "confianza": 0.654
    },
    {
      "hablante": "Hablante B",
      "inicio": 112.65,
      "fin": 114.33,
      "duracion": 1.68,
      "texto": "¿Cómo hacer el plan que vos me brindás?",
      "confianza": 0.627
    },
    {
      "hablante": "Hablante B",
      "inicio": 114.61,
      "fin": 116.27,
      "duracion": 1.66,
      "texto": "son 18 gigas en total.",
      "confianza": 0.62
    },
    {
      "hablante": "Hablante B",
      "inicio": 116.67,
      "fin": 121.42,
      "duracion": 4.74,
      "texto": "El plan es por seis meses y yo luego te brindaré un número por el que vos podés gestionar otra promoción.",
      "confianza": 0.662
    },
    {
      "hablante": "Hablante B",
      "inicio": 121.46,
      "fin": 126.88,
      "duracion": 5.42,
      "texto": "En el mes 5 se te avisa que se te está por terminar la promo para que vos estés al tanto de eso, ¿sí?",
      "confianza": 0.666
    },
    {
      "hablante": "Hablante B",
      "inicio": 126.92,
      "fin": 130.35,
      "duracion": 3.42,
      "texto": "Para que te quedes tranquilo, para que no me estés preocupando.",
      "confianza": 0.646
    },
    {
      "hablante": "Hablante B",
      "inicio": 130.37,
      "fin": 132.99,
      "duracion": 2.62,
      "texto": "Ay, se me está por acabar la promo, no te van a avisar, ¿sí?",
      "confianza": 0.577
    },
    {
      "hablante": "Hablante B",
      "inicio": 134.43,
      "fin": 134.51,
      "duracion": 0.08,
      "texto": "Ajá.",
      "confianza": 0.106
    },
    {
      "hablante": "Hablante B",
      "inicio": 134.53,
      "fin": 136.53,
      "duracion": 2.0,
      "texto": "Ocho gigas deberse y diez de regalo por seis meses.",
      "confianza": 0.479
    },
    {
      "hablante": "Hablante B",
      "inicio": 136.55,
      "fin": 139.05,
      "duracion": 2.5,
      "texto": "Por eso son 18 en total.",
      "confianza": 0.554
    },
    {
      "hablante": "Hablante B",
      "inicio": 139.07,
      "fin": 141.92,
      "duracion": 2.84,
      "texto": "Por ocho mil pesos.",
      "confianza": 0.489
    },
    {
      "hablante": "Hablante B",
      "inicio": 141.94,
      "fin": 142.34,
      "duracion": 0.4,
      "texto": "¿Tiene algún número?",
      "confianza": 0.01
    },
    {
      "hablante": "Hablante B",
      "inicio": 142.36,
      "fin": 142.8,
      "duracion": 0.44,
      "texto": "¿Tiene algún numerito?",
      "confianza": 0.046
    },
    {
      "hablante": "Hablante B",
      "inicio": 143.62,
      "fin": 148.69,
      "duracion": 5.07,
      "texto": "¿Cómo es el tema del cambio de línea con más?",
      "confianza": 0.027
    },
    {
      "hablante": "Hablante B",
      "inicio": 148.71,
      "fin": 149.93,
      "duracion": 1.22,
      "texto": "Mira, es bastante rápido.",
      "confianza": 0.876
    },
    {
      "hablante": "Hablante B",
      "inicio": 149.99,
      "fin": 153.31,
      "duracion": 3.32,
      "texto": "Yo lo que tengo que hacer es chequearte unos datos que me figuran en el sistema.",
      "confianza": 0.667
    },
    {
      "hablante": "Hablante B",
      "inicio": 153.75,
      "fin": 156.74,
      "duracion": 2.98,
      "texto": "Que me digas el domicilio al que quieras que te llegue el chip.",
      "confianza": 0.665
    },
    {
      "hablante": "Hablante B",
      "inicio": 156.76,
      "fin": 157.72,
      "duracion": 0.96,
      "texto": "Perdón, el sim.",
      "confianza": 0.537
    },
    {
      "hablante": "Hablante B",
      "inicio": 157.74,
      "fin": 158.8,
      "duracion": 1.06,
      "texto": "Me tenés que decir un correo.",
      "confianza": 0.786
    },
    {
      "hablante": "Hablante B",
      "inicio": 158.94,
      "fin": 159.94,
      "duracion": 1.0,
      "texto": "Disculpame, me había olvidado.",
      "confianza": 0.503
    },
    {
      "hablante": "Hablante B",
      "inicio": 160.32,
      "fin": 161.56,
      "duracion": 1.24,
      "texto": "Me decís un correo.",
      "confianza": 0.68
    },
    {
      "hablante": "Hablante B",
      "inicio": 161.58,
      "fin": 165.79,
      "duracion": 4.21,
      "texto": "Es al que te va a llegar la facturación online y aparte te va a llegar el sim, ¿sí?",
      "confianza": 0.627
    },
    {
      "hablante": "Hablante B",
      "inicio": 165.81,
      "fin": 171.0,
      "duracion": 5.19,
      "texto": "Es bastante rápido lo que es la portabilidad.",
      "confianza": 0.743
    },
    {
      "hablante": "Hablante B",
      "inicio": 172.38,
      "fin": 175.32,
      "duracion": 2.94,
      "texto": "Sí, me interesa.",
      "confianza": 0.112
    },
    {
      "hablante": "Hablante B",
      "inicio": 175.34,
      "fin": 176.38,
      "duracion": 1.04,
      "texto": "¿Y otro plan que tiene para un poquito más de chida?",
      "confianza": 0.01
    },
    {
      "hablante": "Hablante B",
      "inicio": 176.4,
      "fin": 181.09,
      "duracion": 4.69,
      "texto": "Mira, ya lo que es el otro plan es un poquito más alto el costo, sí.",
      "confianza": 0.854
    },
    {
      "hablante": "Hablante B",
      "inicio": 181.57,
      "fin": 183.55,
      "duracion": 1.98,
      "texto": "Tenemos justamente en promoción este plan.",
      "confianza": 0.678
    },
    {
      "hablante": "Hablante B",
      "inicio": 184.15,
      "fin": 193.68,
      "duracion": 9.53,
      "texto": "El otro plan tiene 15 gigas de base y tiene 8 de regalo por 6 meses, tendrás un total de 23 gigas, sí.",
      "confianza": 0.659
    },
    {
      "hablante": "Hablante B",
      "inicio": 193.7,
      "fin": 200.91,
      "duracion": 7.21,
      "texto": "Con los mismos beneficios que te dije, también tiene roaming, pero están 23.850 pesos, aumentan un montón, sí.",
      "confianza": 0.769
    },
    {
      "hablante": "Hablante B",
      "inicio": 201.49,
      "fin": 204.51,
      "duracion": 3.02,
      "texto": "Sí, tampoco no es mucho.",
      "confianza": 0.665
    },
    {
      "hablante": "Hablante B",
      "inicio": 204.53,
      "fin": 205.93,
      "duracion": 1.4,
      "texto": "Ah, no te parece mucho.",
      "confianza": 0.735
    },
    {
      "hablante": "Hablante B",
      "inicio": 205.95,
      "fin": 206.59,
      "duracion": 0.64,
      "texto": "¿Cómo queda?",
      "confianza": 0.734
    },
    {
      "hablante": "Hablante B",
      "inicio": 206.61,
      "fin": 209.63,
      "duracion": 3.02,
      "texto": "Si es el que te sirve más por días, podemos poner ese, no hay problema.",
      "confianza": 0.596
    },
    {
      "hablante": "Hablante B",
      "inicio": 209.79,
      "fin": 211.07,
      "duracion": 1.28,
      "texto": "Este tiene rumina al mundo.",
      "confianza": 0.811
    },
    {
      "hablante": "Hablante B",
      "inicio": 211.55,
      "fin": 218.76,
      "duracion": 7.21,
      "texto": "El anterior tiene rumina en América y este ya tiene rumina en todo el mundo, ¿sí?",
      "confianza": 0.654
    },
    {
      "hablante": "Hablante B",
      "inicio": 218.78,
      "fin": 220.36,
      "duracion": 1.58,
      "texto": "¿Qué sería eso?",
      "confianza": 0.072
    },
    {
      "hablante": "Hablante B",
      "inicio": 220.38,
      "fin": 225.83,
      "duracion": 5.44,
      "texto": "El rumina es cuando vos salís del país y tenés conectividad para poder comunicarte, ¿sí?",
      "confianza": 0.571
    },
    {
      "hablante": "Hablante B",
      "inicio": 226.15,
      "fin": 226.43,
      "duracion": 0.28,
      "texto": "Datos.",
      "confianza": 0.939
    },
    {
      "hablante": "Hablante A",
      "inicio": 229.09,
      "fin": 229.21,
      "duracion": 0.12,
      "texto": "Listo.",
      "confianza": 0.0
    },
    {
      "hablante": "Hablante A",
      "inicio": 229.23,
      "fin": 230.73,
      "duracion": 1.5,
      "texto": "Bueno, no sé qué datos tengo que pasar.",
      "confianza": 0.402
    },
    {
      "hablante": "Hablante A",
      "inicio": 231.34,
      "fin": 236.26,
      "duracion": 4.93,
      "texto": "Mira, yo te voy a chequear los que tengo en el sistema y vos me decís si están correctos, ¿sí?",
      "confianza": 0.676
    },
    {
      "hablante": "Hablante A",
      "inicio": 236.28,
      "fin": 236.36,
      "duracion": 0.08,
      "texto": "Ajá.",
      "confianza": 0.022
    },
    {
      "hablante": "Hablante A",
      "inicio": 236.38,
      "fin": 237.02,
      "duracion": 0.64,
      "texto": "Dale, perfecto.",
      "confianza": 0.702
    },
    {
      "hablante": "Hablante A",
      "inicio": 237.3,
      "fin": 242.81,
      "duracion": 5.51,
      "texto": "Me figura tu nombre completo, Oscar Alberto Parera.",
      "confianza": 0.819
    },
    {
      "hablante": "Hablante A",
      "inicio": 242.83,
      "fin": 243.11,
      "duracion": 0.28,
      "texto": "Es certamente.",
      "confianza": 0.005
    },
    {
      "hablante": "Hablante A",
      "inicio": 243.13,
      "fin": 243.41,
      "duracion": 0.28,
      "texto": "Perfecto.",
      "confianza": 0.318
    },
    {
      "hablante": "Hablante A",
      "inicio": 243.43,
      "fin": 245.19,
      "duracion": 1.76,
      "texto": "Vamos, un segundo que lo voy a ir anotando todo.",
      "confianza": 0.37
    },
    {
      "hablante": "Hablante B",
      "inicio": 247.87,
      "fin": 247.97,
      "duracion": 0.1,
      "texto": "Bien.",
      "confianza": 0.14
    },
    {
      "hablante": "Hablante B",
      "inicio": 247.99,
      "fin": 250.44,
      "duracion": 2.44,
      "texto": "Tu número de documento es 39254682.",
      "confianza": 0.667
    },
    {
      "hablante": "Hablante B",
      "inicio": 250.46,
      "fin": 250.52,
      "duracion": 0.06,
      "texto": "Sí.",
      "confianza": 0.616
    },
    {
      "hablante": "Hablante B",
      "inicio": 250.62,
      "fin": 251.36,
      "duracion": 0.74,
      "texto": "Perfecto.",
      "confianza": 0.519
    },
    {
      "hablante": "Hablante B",
      "inicio": 251.78,
      "fin": 260.79,
      "duracion": 9.01,
      "texto": "Bien, tu fecha de vencimiento 25 del 9 de 1995.",
      "confianza": 0.668
    },
    {
      "hablante": "Hablante B",
      "inicio": 261.51,
      "fin": 262.49,
      "duracion": 0.98,
      "texto": "¿De vencimiento?",
      "confianza": 0.218
    },
    {
      "hablante": "Hablante B",
      "inicio": 262.51,
      "fin": 263.75,
      "duracion": 1.24,
      "texto": "No, de nacimiento sería.",
      "confianza": 0.209
    },
    {
      "hablante": "Hablante B",
      "inicio": 263.77,
      "fin": 266.18,
      "duracion": 2.4,
      "texto": "De nacimiento, disculpame.",
      "confianza": 0.639
    },
    {
      "hablante": "Hablante B",
      "inicio": 266.19,
      "fin": 267.12,
      "duracion": 0.92,
      "texto": "Perdón, perdón.",
      "confianza": 0.583
    },
    {
      "hablante": "Hablante B",
      "inicio": 267.14,
      "fin": 276.77,
      "duracion": 9.63,
      "texto": "Bien, te pido un correo electrónico para enviarte el SIN y la facturación online, porfa.",
      "confianza": 0.62
    },
    {
      "hablante": "Hablante B",
      "inicio": 276.79,
      "fin": 276.89,
      "duracion": 0.1,
      "texto": "Dale.",
      "confianza": 0.002
    },
    {
      "hablante": "Hablante B",
      "inicio": 276.91,
      "fin": 277.17,
      "duracion": 0.26,
      "texto": "¿Eddie Oscar?",
      "confianza": 0.002
    },
    {
      "hablante": "Hablante B",
      "inicio": 277.19,
      "fin": 277.25,
      "duracion": 0.06,
      "texto": "Sí.",
      "confianza": 0.001
    },
    {
      "hablante": "Hablante B",
      "inicio": 277.27,
      "fin": 277.45,
      "duracion": 0.18,
      "texto": "¿Pareira?",
      "confianza": 0.005
    },
    {
      "hablante": "Hablante B",
      "inicio": 277.47,
      "fin": 277.53,
      "duracion": 0.06,
      "texto": "Sí.",
      "confianza": 0.17
    },
    {
      "hablante": "Hablante B",
      "inicio": 277.55,
      "fin": 278.07,
      "duracion": 0.52,
      "texto": "¿28?",
      "confianza": 0.816
    },
    {
      "hablante": "Hablante B",
      "inicio": 278.99,
      "fin": 279.33,
      "duracion": 0.34,
      "texto": "Ajá.",
      "confianza": 0.455
    },
    {
      "hablante": "Hablante B",
      "inicio": 280.13,
      "fin": 282.46,
      "duracion": 2.32,
      "texto": "Arroba shippein.com.",
      "confianza": 0.295
    },
    {
      "hablante": "Hablante B",
      "inicio": 282.48,
      "fin": 283.54,
      "duracion": 1.06,
      "texto": "Perfecto.",
      "confianza": 0.163
    },
    {
      "hablante": "Hablante B",
      "inicio": 283.56,
      "fin": 285.44,
      "duracion": 1.88,
      "texto": "Bien, genial.",
      "confianza": 0.406
    },
    {
      "hablante": "Hablante B",
      "inicio": 285.46,
      "fin": 288.34,
      "duracion": 2.88,
      "texto": "Bien, ¿qué más faltaría ahora?",
      "confianza": 0.708
    },
    {
      "hablante": "Hablante B",
      "inicio": 288.8,
      "fin": 290.24,
      "duracion": 1.44,
      "texto": "Eh, bien.",
      "confianza": 0.438
    },
    {
      "hablante": "Hablante B",
      "inicio": 290.26,
      "fin": 293.16,
      "duracion": 2.9,
      "texto": "Bueno, esos ratitos son los más importantes, ¿sí?",
      "confianza": 0.781
    },
    {
      "hablante": "Hablante B",
      "inicio": 293.18,
      "fin": 300.37,
      "duracion": 7.19,
      "texto": "Te voy a pedir, porfa, que cuando terminemos de cargar todo esto, vos no te comuniques con ningún otro asesor que se comunique, no le pases datos a nadie más, ¿sí?",
      "confianza": 0.724
    },
    {
      "hablante": "Hablante B",
      "inicio": 300.87,
      "fin": 307.38,
      "duracion": 6.51,
      "texto": "Porque se te va a generar una doble portabilidad y te van a generar otras facturas, ¿ok?",
      "confianza": 0.602
    },
    {
      "hablante": "Hablante B",
      "inicio": 307.4,
      "fin": 307.5,
      "duracion": 0.1,
      "texto": "Bien.",
      "confianza": 0.005
    },
    {
      "hablante": "Hablante B",
      "inicio": 307.52,
      "fin": 307.66,
      "duracion": 0.14,
      "texto": "Bien.",
      "confianza": 0.297
    },
    {
      "hablante": "Hablante B",
      "inicio": 307.86,
      "fin": 310.91,
      "duracion": 3.04,
      "texto": "Ahora lo que yo voy a hacer va a ser enviarte un mensaje por WhatsApp.",
      "confianza": 0.664
    },
    {
      "hablante": "Hablante B",
      "inicio": 310.93,
      "fin": 312.33,
      "duracion": 1.4,
      "texto": "Vas a tener mi número, ¿sí?",
      "confianza": 0.596
    },
    {
      "hablante": "Hablante B",
      "inicio": 312.35,
      "fin": 314.53,
      "duracion": 2.18,
      "texto": "Por el que nos vamos a estar comunicando.",
      "confianza": 0.725
    },
    {
      "hablante": "Hablante B",
      "inicio": 314.65,
      "fin": 315.61,
      "duracion": 0.96,
      "texto": "Vamos un segundito.",
      "confianza": 0.582
    },
    {
      "hablante": "Hablante B",
      "inicio": 316.67,
      "fin": 318.56,
      "duracion": 1.88,
      "texto": "Te voy a poner, hola, soy Delphine de Movistar.",
      "confianza": 0.466
    },
    {
      "hablante": "Hablante A",
      "inicio": 324.79,
      "fin": 324.88,
      "duracion": 0.1,
      "texto": "Bien.",
      "confianza": 0.025
    },
    {
      "hablante": "Hablante A",
      "inicio": 324.9,
      "fin": 325.41,
      "duracion": 0.5,
      "texto": "Perfecto.",
      "confianza": 0.841
    },
    {
      "hablante": "Hablante A",
      "inicio": 325.75,
      "fin": 330.69,
      "duracion": 4.95,
      "texto": "Bien, y te voy a enviar, por mensaje de texto te va a llegar lo que es un código de portabilidad.",
      "confianza": 0.748
    },
    {
      "hablante": "Hablante A",
      "inicio": 330.73,
      "fin": 336.42,
      "duracion": 5.69,
      "texto": "No sé si sabes lo que es el código de portabilidad.",
      "confianza": 0.634
    },
    {
      "hablante": "Hablante A",
      "inicio": 336.44,
      "fin": 337.28,
      "duracion": 0.84,
      "texto": "Cuando fui a Claro, le hicieron todo esto.",
      "confianza": 0.004
    },
    {
      "hablante": "Hablante A",
      "inicio": 337.3,
      "fin": 341.81,
      "duracion": 4.51,
      "texto": "Bien, el código de portabilidad, esto es para que vos cambies de compañía bajo el mismo número, ¿sí?",
      "confianza": 0.71
    },
    {
      "hablante": "Hablante A",
      "inicio": 341.91,
      "fin": 343.19,
      "duracion": 1.28,
      "texto": "Para que no lo pierdas.",
      "confianza": 0.817
    },
    {
      "hablante": "Hablante A",
      "inicio": 343.21,
      "fin": 345.84,
      "duracion": 2.62,
      "texto": "Te va a llegar por mensaje de texto desde el 223,",
      "confianza": 0.646
    },
    {
      "hablante": "Hablante A",
      "inicio": 345.99,
      "fin": 351.91,
      "duracion": 5.93,
      "texto": "necesito que le saques una captura de pantalla y me lo brindes por el chat de WhatsApp, ¿sí?",
      "confianza": 0.674
    },
    {
      "hablante": "Hablante A",
      "inicio": 351.95,
      "fin": 356.82,
      "duracion": 4.87,
      "texto": "Cuando te lo envíe te van a empezar a ingresar llamadas, no les contestes, ¿sí?",
      "confianza": 0.696
    },
    {
      "hablante": "Hablante A",
      "inicio": 356.84,
      "fin": 362.55,
      "duracion": 5.71,
      "texto": "De números desconocidos, números que no tengas agendados, no les contestes porque justamente son de claro, ¿sí?",
      "confianza": 0.73
    },
    {
      "hablante": "Hablante A",
      "inicio": 362.56,
      "fin": 365.87,
      "duracion": 3.3,
      "texto": "Te van a ofrecer promociones que no están vigentes para que te quedes en la compañía.",
      "confianza": 0.692
    },
    {
      "hablante": "Hablante A",
      "inicio": 366.21,
      "fin": 370.98,
      "duracion": 4.77,
      "texto": "Son promociones que te ofrecen, te duran un mes y al otro mes te vuelven a aumentar, ¿sí?",
      "confianza": 0.694
    },
    {
      "hablante": "Hablante A",
      "inicio": 371.76,
      "fin": 374.0,
      "duracion": 2.24,
      "texto": "Para que no las atiendas, ¿ok?",
      "confianza": 0.635
    },
    {
      "hablante": "Hablante A",
      "inicio": 374.02,
      "fin": 374.12,
      "duracion": 0.1,
      "texto": "Vale.",
      "confianza": 0.218
    },
    {
      "hablante": "Hablante A",
      "inicio": 374.5,
      "fin": 390.22,
      "duracion": 15.72,
      "texto": "Bien, ahí te lo voy a enviar, dame un segundo, y te voy a enviar... Esto no me entiendan nada, nada raro ni nada, tío, la verdad, porque no... No, no, no, es que te pediste tu código a portabilidad, es cuatro dígitos, una ficha del encimiento, y van a aparecer las siglas de Movistar, entre paréntesis, que es MBS, ¿sí?",
      "confianza": 0.425
    },
    {
      "hablante": "Hablante A",
      "inicio": 390.24,
      "fin": 390.44,
      "duracion": 0.2,
      "texto": "Ahí está.",
      "confianza": 0.13
    },
    {
      "hablante": "Hablante A",
      "inicio": 390.96,
      "fin": 392.02,
      "duracion": 1.06,
      "texto": "Bien.",
      "confianza": 0.887
    },
    {
      "hablante": "Hablante A",
      "inicio": 392.18,
      "fin": 400.39,
      "duracion": 8.21,
      "texto": "Sí te pido también una foto del frente y el dorso de tu DNI para avaliarla en el sistema, y luego ya la podrás borrar, ¿sí?",
      "confianza": 0.64
    },
    {
      "hablante": "Hablante A",
      "inicio": 400.41,
      "fin": 400.71,
      "duracion": 0.3,
      "texto": "Vale, ahí está.",
      "confianza": 0.01
    },
    {
      "hablante": "Hablante A",
      "inicio": 400.73,
      "fin": 403.62,
      "duracion": 2.88,
      "texto": "Bien, ahí te envío el código, avísame si te llega.",
      "confianza": 0.546
    },
    {
      "hablante": "Hablante A",
      "inicio": 403.63,
      "fin": 403.74,
      "duracion": 0.1,
      "texto": "Vale.",
      "confianza": 0.199
    },
    {
      "hablante": "Hablante A",
      "inicio": 404.78,
      "fin": 405.74,
      "duracion": 0.96,
      "texto": "Bien.",
      "confianza": 0.517
    },
    {
      "hablante": "Hablante A",
      "inicio": 405.76,
      "fin": 434.3,
      "duracion": 28.54,
      "texto": "¿Qué llegó?",
      "confianza": 0.519
    },
    {
      "hablante": "Hablante B",
      "inicio": 456.48,
      "fin": 459.65,
      "duracion": 3.16,
      "texto": "¿Te llegó el código?",
      "confianza": 0.452
    },
    {
      "hablante": "Hablante B",
      "inicio": 459.67,
      "fin": 459.87,
      "duracion": 0.2,
      "texto": "Ahí, miro.",
      "confianza": 0.021
    },
    {
      "hablante": "Hablante B",
      "inicio": 459.89,
      "fin": 461.99,
      "duracion": 2.1,
      "texto": "Ah, buenísimo, dale.",
      "confianza": 0.402
    },
    {
      "hablante": "Hablante B",
      "inicio": 462.01,
      "fin": 462.47,
      "duracion": 0.46,
      "texto": "Genial.",
      "confianza": 0.533
    },
    {
      "hablante": "Hablante A",
      "inicio": 464.13,
      "fin": 468.08,
      "duracion": 3.94,
      "texto": "Bien, te voy a mandar escrito también el plan al que vas a acceder, ¿sí?, con los beneficios.",
      "confianza": 0.625
    },
    {
      "hablante": "Hablante B",
      "inicio": 469.88,
      "fin": 483.13,
      "duracion": 13.25,
      "texto": "Así ya te queda ahí en el chat.",
      "confianza": 0.611
    },
    {
      "hablante": "Hablante B",
      "inicio": 483.15,
      "fin": 483.71,
      "duracion": 0.56,
      "texto": "Es el cuello que me llegó.",
      "confianza": 0.068
    },
    {
      "hablante": "Hablante B",
      "inicio": 483.73,
      "fin": 484.48,
      "duracion": 0.74,
      "texto": "Ahí, justo te lo escribí.",
      "confianza": 0.074
    },
    {
      "hablante": "Hablante B",
      "inicio": 484.5,
      "fin": 486.24,
      "duracion": 1.74,
      "texto": "¿Puedo sacar una captura y mandármelo?",
      "confianza": 0.521
    },
    {
      "hablante": "Hablante B",
      "inicio": 486.54,
      "fin": 488.72,
      "duracion": 2.18,
      "texto": "Porfa.",
      "confianza": 0.797
    },
    {
      "hablante": "Hablante B",
      "inicio": 488.74,
      "fin": 490.32,
      "duracion": 1.58,
      "texto": "Y me lo escribí.",
      "confianza": 0.554
    },
    {
      "hablante": "Hablante B",
      "inicio": 490.35,
      "fin": 496.02,
      "duracion": 5.67,
      "texto": "Es lo mismo, pero necesito que quede todo... Ah, te lo había escrito justo.",
      "confianza": 0.544
    },
    {
      "hablante": "Hablante B",
      "inicio": 496.64,
      "fin": 497.92,
      "duracion": 1.28,
      "texto": "Claro, sí, porfa, mejor.",
      "confianza": 0.641
    },
    {
      "hablante": "Hablante B",
      "inicio": 498.36,
      "fin": 503.17,
      "duracion": 4.81,
      "texto": "Así ya lo pongo a la solicitud.",
      "confianza": 0.588
    },
    {
      "hablante": "Hablante B",
      "inicio": 503.19,
      "fin": 503.29,
      "duracion": 0.1,
      "texto": "Vale.",
      "confianza": 0.046
    },
    {
      "hablante": "Hablante B",
      "inicio": 503.31,
      "fin": 504.19,
      "duracion": 0.88,
      "texto": "Genial, gracias.",
      "confianza": 0.764
    },
    {
      "hablante": "Hablante A",
      "inicio": 516.89,
      "fin": 518.44,
      "duracion": 1.54,
      "texto": "Buenísimo, buenísimo.",
      "confianza": 0.043
    },
    {
      "hablante": "Hablante A",
      "inicio": 518.46,
      "fin": 518.7,
      "duracion": 0.24,
      "texto": "Ahí estamos.",
      "confianza": 0.02
    },
    {
      "hablante": "Hablante A",
      "inicio": 518.72,
      "fin": 519.42,
      "duracion": 0.7,
      "texto": "Bien, perfecto.",
      "confianza": 0.896
    },
    {
      "hablante": "Hablante A",
      "inicio": 519.74,
      "fin": 524.04,
      "duracion": 4.3,
      "texto": "Y te voy a pedir la foto del frente y el dorso de tu DNI, yo la valido y luego la borra, ¿sí?",
      "confianza": 0.684
    },
    {
      "hablante": "Hablante A",
      "inicio": 524.06,
      "fin": 526.62,
      "duracion": 2.56,
      "texto": "Eso te quedas tranquilo.",
      "confianza": 0.52
    },
    {
      "hablante": "Hablante A",
      "inicio": 526.64,
      "fin": 526.8,
      "duracion": 0.16,
      "texto": "Vale.",
      "confianza": 0.305
    },
    {
      "hablante": "Hablante A",
      "inicio": 526.82,
      "fin": 526.92,
      "duracion": 0.1,
      "texto": "Vale.",
      "confianza": 0.029
    },
    {
      "hablante": "Hablante A",
      "inicio": 526.94,
      "fin": 529.07,
      "duracion": 2.12,
      "texto": "Si no, tengo el documento acá encima.",
      "confianza": 0.258
    },
    {
      "hablante": "Hablante A",
      "inicio": 529.09,
      "fin": 529.47,
      "duracion": 0.38,
      "texto": "Bien.",
      "confianza": 0.692
    },
    {
      "hablante": "Hablante A",
      "inicio": 529.49,
      "fin": 531.29,
      "duracion": 1.8,
      "texto": "Bueno, dale, no hay problema.",
      "confianza": 0.205
    },
    {
      "hablante": "Hablante A",
      "inicio": 531.31,
      "fin": 533.31,
      "duracion": 2.0,
      "texto": "Me demoro un ratito hasta llegar.",
      "confianza": 0.189
    },
    {
      "hablante": "Hablante A",
      "inicio": 533.33,
      "fin": 534.37,
      "duracion": 1.04,
      "texto": "Bueno, dale, no hay problema.",
      "confianza": 0.179
    },
    {
      "hablante": "Hablante A",
      "inicio": 534.39,
      "fin": 536.45,
      "duracion": 2.06,
      "texto": "Voy a leer lo que es el cierre comercial, ¿sí?",
      "confianza": 0.629
    },
    {
      "hablante": "Hablante A",
      "inicio": 536.71,
      "fin": 544.58,
      "duracion": 7.87,
      "texto": "Esto es un documental que a vos te queda con las líneas, voy a leer la información del producto, te repaso todos tus datos y ya estaríamos, ¿sí?",
      "confianza": 0.401
    },
    {
      "hablante": "Hablante A",
      "inicio": 544.9,
      "fin": 545.68,
      "duracion": 0.78,
      "texto": "Solo faltaría el DNI.",
      "confianza": 0.461
    },
    {
      "hablante": "Hablante A",
      "inicio": 545.7,
      "fin": 545.94,
      "duracion": 0.24,
      "texto": "Listo.",
      "confianza": 0.399
    },
    {
      "hablante": "Hablante A",
      "inicio": 546.48,
      "fin": 547.72,
      "duracion": 1.24,
      "texto": "Bien, genial.",
      "confianza": 0.364
    },
    {
      "hablante": "Hablante A",
      "inicio": 547.74,
      "fin": 548.18,
      "duracion": 0.44,
      "texto": "Empiezo.",
      "confianza": 0.68
    },
    {
      "hablante": "Hablante A",
      "inicio": 548.2,
      "fin": 554.39,
      "duracion": 6.19,
      "texto": "Para recibir futuras promociones, ¿usted tiene internet de movilizar en su casa?",
      "confianza": 0.68
    },
    {
      "hablante": "Hablante A",
      "inicio": 554.41,
      "fin": 554.91,
      "duracion": 0.5,
      "texto": "Eh, no.",
      "confianza": 0.384
    },
    {
      "hablante": "Hablante A",
      "inicio": 554.93,
      "fin": 556.85,
      "duracion": 1.92,
      "texto": "Ok. No, eso yo ya tengo ya todo instalado.",
      "confianza": 0.306
    },
    {
      "hablante": "Hablante A",
      "inicio": 556.87,
      "fin": 557.17,
      "duracion": 0.3,
      "texto": "Ah, bien.",
      "confianza": 0.681
    },
    {
      "hablante": "Hablante A",
      "inicio": 557.35,
      "fin": 566.52,
      "duracion": 9.17,
      "texto": "Estamos portando a la línea 342-443-70-79, a nombre del titular Oscar Alberto Pareda.",
      "confianza": 0.727
    },
    {
      "hablante": "Hablante A",
      "inicio": 567.14,
      "fin": 569.69,
      "duracion": 2.54,
      "texto": "Me confirman los últimos tres dígitos de su DNI, por favor.",
      "confianza": 0.77
    },
    {
      "hablante": "Hablante B",
      "inicio": 572.47,
      "fin": 575.15,
      "duracion": 2.68,
      "texto": "Eh... ¿Los últimos tres?",
      "confianza": 0.402
    },
    {
      "hablante": "Hablante B",
      "inicio": 575.17,
      "fin": 575.24,
      "duracion": 0.06,
      "texto": "Sí.",
      "confianza": 0.333
    },
    {
      "hablante": "Hablante B",
      "inicio": 575.81,
      "fin": 597.9,
      "duracion": 22.09,
      "texto": "El QR le va a llegar al correo OscarPareira38.com",
      "confianza": 0.63
    },
    {
      "hablante": "Hablante B",
      "inicio": 598.15,
      "fin": 606.38,
      "duracion": 8.23,
      "texto": "Bien, le recuerdo que el costo del servicio al día de hoy es de 23.850 pesos porque contiene un descuento fijo por seis meses de 54.150 pesos.",
      "confianza": 0.665
    },
    {
      "hablante": "Hablante B",
      "inicio": 606.4,
      "fin": 610.46,
      "duracion": 4.07,
      "texto": "Es un plan de 15 gigas de base con 8 de regalo por seis meses.",
      "confianza": 0.646
    },
    {
      "hablante": "Hablante B",
      "inicio": 611.21,
      "fin": 617.55,
      "duracion": 6.35,
      "texto": "Recuerde que el servicio se le va a facturar al mes adelantado y los gigas de regalo se le van a habilitar 48 horas después de activar la línea.",
      "confianza": 0.666
    },
    {
      "hablante": "Hablante B",
      "inicio": 617.89,
      "fin": 624.14,
      "duracion": 6.25,
      "texto": "Esto lo vas a ver reflejado en lo que es la aplicación de mi móvil, así que después se la vas a tener que descargar.",
      "confianza": 0.592
    },
    {
      "hablante": "Hablante B",
      "inicio": 624.16,
      "fin": 628.09,
      "duracion": 3.92,
      "texto": "Su email es oscarpareira38.com.",
      "confianza": 0.607
    },
    {
      "hablante": "Hablante B",
      "inicio": 628.76,
      "fin": 630.6,
      "duracion": 1.84,
      "texto": "Ah, 38 o 28.",
      "confianza": 0.43
    },
    {
      "hablante": "Hablante B",
      "inicio": 630.62,
      "fin": 633.12,
      "duracion": 2.5,
      "texto": "28.",
      "confianza": 0.75
    },
    {
      "hablante": "Hablante B",
      "inicio": 633.14,
      "fin": 633.95,
      "duracion": 0.8,
      "texto": "Ah, bien.",
      "confianza": 0.466
    },
    {
      "hablante": "Hablante B",
      "inicio": 633.97,
      "fin": 637.29,
      "duracion": 3.32,
      "texto": "Y va a recibir su facturación online a través de este, ¿sí?",
      "confianza": 0.714
    },
    {
      "hablante": "Hablante B",
      "inicio": 637.31,
      "fin": 647.72,
      "duracion": 10.41,
      "texto": "De cualquier manera, desde la mismo Vistar va a poder ver todo, ingresando a las extra servicios, va a poder ver toda la información referida a su factura, ya sea el ciclo de facturación, los vencimientos y los montos a pagar.",
      "confianza": 0.716
    },
    {
      "hablante": "Hablante B",
      "inicio": 648.02,
      "fin": 653.39,
      "duracion": 5.37,
      "texto": "Puedes activar 20 gigas de regalo con una duración de 30 días, disponible una vez por año, esto te dura un mes.",
      "confianza": 0.705
    },
    {
      "hablante": "Hablante B",
      "inicio": 653.73,
      "fin": 656.91,
      "duracion": 3.18,
      "texto": "En caso de que necesites más gigas, lo puedes activar, te vienen, revieren.",
      "confianza": 0.712
    },
    {
      "hablante": "Hablante B",
      "inicio": 657.29,
      "fin": 665.5,
      "duracion": 8.21,
      "texto": "Puedes adherir al débito automático y sumar cuatro gigas de regalo en cada línea móvil si es que llegas a portar más de dos líneas registradas bajo el mismo titular, ¿sí?",
      "confianza": 0.668
    },
    {
      "hablante": "Hablante B",
      "inicio": 665.52,
      "fin": 667.29,
      "duracion": 1.76,
      "texto": "Vale.",
      "confianza": 0.377
    },
    {
      "hablante": "Hablante B",
      "inicio": 667.31,
      "fin": 671.57,
      "duracion": 4.26,
      "texto": "Una vez que la portabilidad se apruebe, su línea va a portar entre siete a diez días hábiles, ¿sí?",
      "confianza": 0.727
    },
    {
      "hablante": "Hablante B",
      "inicio": 672.17,
      "fin": 677.44,
      "duracion": 5.27,
      "texto": "Un día antes, por mensaje y WhatsApp, yo te voy a informar de cualquier manera la fecha de portabilidad para que te quedes tranquilo.",
      "confianza": 0.729
    },
    {
      "hablante": "Hablante B",
      "inicio": 677.82,
      "fin": 685.89,
      "duracion": 8.07,
      "texto": "Es importante que no escanes el QR antes de la fecha informar, de todas maneras te vas a dar cuenta porque tu línea de claro va a dejar de recibir señal, ¿sí?",
      "confianza": 0.694
    },
    {
      "hablante": "Hablante B",
      "inicio": 685.91,
      "fin": 687.15,
      "duracion": 1.24,
      "texto": "Ahí es cuando lo de lo de escanear.",
      "confianza": 0.44
    },
    {
      "hablante": "Hablante B",
      "inicio": 687.59,
      "fin": 691.35,
      "duracion": 3.77,
      "texto": "Bien, te va a pedir por única vez que valides identidad para activar este.",
      "confianza": 0.734
    },
    {
      "hablante": "Hablante B",
      "inicio": 691.61,
      "fin": 694.3,
      "duracion": 2.68,
      "texto": "En caso de que no llegue a levantar señal, reinicie el equipo.",
      "confianza": 0.752
    },
    {
      "hablante": "Hablante B",
      "inicio": 694.84,
      "fin": 699.51,
      "duracion": 4.67,
      "texto": "Por otro lado, dentro de los próximos días te va a llegar una encuesta de satisfacción por WhatsApp.",
      "confianza": 0.683
    },
    {
      "hablante": "Hablante B",
      "inicio": 699.53,
      "fin": 704.15,
      "duracion": 4.63,
      "texto": "Te pido por favor que la completes ya que tu opinión es muy importante para la empresa, ¿sí?",
      "confianza": 0.754
    },
    {
      "hablante": "Hablante B",
      "inicio": 704.42,
      "fin": 704.62,
      "duracion": 0.2,
      "texto": "Bien.",
      "confianza": 0.407
    },
    {
      "hablante": "Hablante B",
      "inicio": 704.75,
      "fin": 705.73,
      "duracion": 0.98,
      "texto": "Esto sería todo.",
      "confianza": 0.706
    },
    {
      "hablante": "Hablante B",
      "inicio": 705.75,
      "fin": 707.73,
      "duracion": 1.98,
      "texto": "Yo ahora voy a ir cargando todo.",
      "confianza": 0.766
    },
    {
      "hablante": "Hablante B",
      "inicio": 707.79,
      "fin": 713.1,
      "duracion": 5.31,
      "texto": "Te pido por favor... ¿Vos te vas comunicando, sería, hasta que se cancie la línea?",
      "confianza": 0.32
    },
    {
      "hablante": "Hablante B",
      "inicio": 713.12,
      "fin": 713.26,
      "duracion": 0.14,
      "texto": "Sí, sí.",
      "confianza": 0.136
    },
    {
      "hablante": "Hablante B",
      "inicio": 713.28,
      "fin": 714.96,
      "duracion": 1.68,
      "texto": "Igual vamos a estar en comunicación nosotros.",
      "confianza": 0.642
    },
    {
      "hablante": "Hablante B",
      "inicio": 714.98,
      "fin": 725.71,
      "duracion": 10.73,
      "texto": "Vas a tener mi número que... Cualquier cosa te puedes comunicar conmigo y no te vas a quedar en comunicado en ningún momento, ¿sí?",
      "confianza": 0.663
    },
    {
      "hablante": "Hablante B",
      "inicio": 725.73,
      "fin": 725.97,
      "duracion": 0.24,
      "texto": "Listo, dale.",
      "confianza": 0.0
    },
    {
      "hablante": "Hablante B",
      "inicio": 726.0,
      "fin": 727.88,
      "duracion": 1.88,
      "texto": "Aquí es bueno, cuando... Antes que se me adivine la línea, vos te estarías comunicando, sería.",
      "confianza": 0.003
    },
    {
      "hablante": "Hablante B",
      "inicio": 727.9,
      "fin": 731.06,
      "duracion": 3.16,
      "texto": "Sí, igual cualquier cosa te comunicas conmigo antes, sin el problema.",
      "confianza": 0.754
    },
    {
      "hablante": "Hablante B",
      "inicio": 731.14,
      "fin": 733.62,
      "duracion": 2.48,
      "texto": "Pero yo voy a estar al tanto porque yo sigo todo el trámite.",
      "confianza": 0.661
    },
    {
      "hablante": "Hablante B",
      "inicio": 733.77,
      "fin": 735.92,
      "duracion": 2.15,
      "texto": "Te pido por ser el DNI apenas fuera, ¿sí?",
      "confianza": 0.695
    },
    {
      "hablante": "Hablante B",
      "inicio": 736.04,
      "fin": 740.96,
      "duracion": 4.92,
      "texto": "Y no conteste los llamados que te van a estar ingresando mientras, de números que no quieran hacer más.",
      "confianza": 0.529
    },
    {
      "hablante": "Hablante B",
      "inicio": 740.98,
      "fin": 743.32,
      "duracion": 2.35,
      "texto": "Muchísimas gracias y, bueno, bienvenida a la compañera.",
      "confianza": 0.678
    },
    {
      "hablante": "Hablante A",
      "inicio": 745.11,
      "fin": 745.27,
      "duracion": 0.16,
      "texto": "Gracias.",
      "confianza": 0.033
    },
    {
      "hablante": "Hablante A",
      "inicio": 745.29,
      "fin": 745.79,
      "duracion": 0.5,
      "texto": "Hasta luego.",
      "confianza": 0.7
    }
  ],
  "transcripcion_completa": "Hola, buenos días. Estoy hablando con Oscar. Exactamente, sí. ¿Cómo estás, Oscar? Mi nombre es Delfina. Me estoy comunicando desde el área de recupero de clientes de Movistar. Me asegura que actualmente estás en claro con tu línea, ¿es correcto? Exactamente, sí. Perfecto, te consulto. ¿Sabes más o menos cuántas gigas tenés en el plan? ¿O cuántas ocupas vos? No, no. Si te digo, te miento. No, no. Ah, bien. Es no malo de lo que estés al tanto. ¿Sabes cuánto estás abonando al mes? El cargo se queda, más o menos, siempre. Bien. Sí, ¿pagas bastante? Sí, pero no tengo problema con la línea. OK. Bueno, mira, te comento. Yo tengo un plan, sí, bastante económico en el que tendrías bastantes gigas. Es un plan de 8 gigas de base con 10 de regalo. Tendrías 18 en total con WhatsApp gratis. Llámanos a todas las compañías. Incluye también lo que es rooming por 8000 pesos al día de hoy, ¿sí? La portabilidad es desnumérica, el número es el mismo, yo te acompañaría en todo el proceso de portabilidad que es bastante sencillo, ¿sí? Te diría cuándo tenés que cambiar el kit y todo, ¿ok? Te lo podemos enviar a tu domicilio, el chip siguiente. No tengo chip show. Ah, ¿usas eSIM? Bueno, mejor, buenísimo, va a ser mucho más rápido. La eSIM sería que te llegaría lo que es el correo electrónico, ¿sí? Un día antes de que te... ¿Tenía alguna pregunta? ¿Pusieron alguna sucursal a Carlos Sandoval, o no? ¿A Carlos Sandoval capital? La verdad que, no sé, creo que no. ¿Por qué ese problema? Yo ante cualquier reclamo por ahí que tengo acá en claro, tengo sucursal, ¿no? Ajá. Bueno, mira, no, no tenemos sucursal, pero vos contarías con mi número para hacer cualquier reclamo. Yo creo como tu asesora, ¿sí? Si tenés algún problema de facturación o lo que sea, señal, te comunicas directamente conmigo, ¿sí? ¿Cómo hacer el plan que vos me brindás? son 18 gigas en total. El plan es por seis meses y yo luego te brindaré un número por el que vos podés gestionar otra promoción. En el mes 5 se te avisa que se te está por terminar la promo para que vos estés al tanto de eso, ¿sí? Para que te quedes tranquilo, para que no me estés preocupando. Ay, se me está por acabar la promo, no te van a avisar, ¿sí? Ajá. Ocho gigas deberse y diez de regalo por seis meses. Por eso son 18 en total. Por ocho mil pesos. ¿Tiene algún número? ¿Tiene algún numerito? ¿Cómo es el tema del cambio de línea con más? Mira, es bastante rápido. Yo lo que tengo que hacer es chequearte unos datos que me figuran en el sistema. Que me digas el domicilio al que quieras que te llegue el chip. Perdón, el sim. Me tenés que decir un correo. Disculpame, me había olvidado. Me decís un correo. Es al que te va a llegar la facturación online y aparte te va a llegar el sim, ¿sí? Es bastante rápido lo que es la portabilidad. Sí, me interesa. ¿Y otro plan que tiene para un poquito más de chida? Mira, ya lo que es el otro plan es un poquito más alto el costo, sí. Tenemos justamente en promoción este plan. El otro plan tiene 15 gigas de base y tiene 8 de regalo por 6 meses, tendrás un total de 23 gigas, sí. Con los mismos beneficios que te dije, también tiene roaming, pero están 23.850 pesos, aumentan un montón, sí. Sí, tampoco no es mucho. Ah, no te parece mucho. ¿Cómo queda? Si es el que te sirve más por días, podemos poner ese, no hay problema. Este tiene rumina al mundo. El anterior tiene rumina en América y este ya tiene rumina en todo el mundo, ¿sí? ¿Qué sería eso? El rumina es cuando vos salís del país y tenés conectividad para poder comunicarte, ¿sí? Datos. Listo. Bueno, no sé qué datos tengo que pasar. Mira, yo te voy a chequear los que tengo en el sistema y vos me decís si están correctos, ¿sí? Ajá. Dale, perfecto. Me figura tu nombre completo, Oscar Alberto Parera. Es certamente. Perfecto. Vamos, un segundo que lo voy a ir anotando todo. Bien. Tu número de documento es 39254682. Sí. Perfecto. Bien, tu fecha de vencimiento 25 del 9 de 1995. ¿De vencimiento? No, de nacimiento sería. De nacimiento, disculpame. Perdón, perdón. Bien, te pido un correo electrónico para enviarte el SIN y la facturación online, porfa. Dale. ¿Eddie Oscar? Sí. ¿Pareira? Sí. ¿28? Ajá. Arroba shippein.com. Perfecto. Bien, genial. Bien, ¿qué más faltaría ahora? Eh, bien. Bueno, esos ratitos son los más importantes, ¿sí? Te voy a pedir, porfa, que cuando terminemos de cargar todo esto, vos no te comuniques con ningún otro asesor que se comunique, no le pases datos a nadie más, ¿sí? Porque se te va a generar una doble portabilidad y te van a generar otras facturas, ¿ok? Bien. Bien. Ahora lo que yo voy a hacer va a ser enviarte un mensaje por WhatsApp. Vas a tener mi número, ¿sí? Por el que nos vamos a estar comunicando. Vamos un segundito. Te voy a poner, hola, soy Delphine de Movistar. Bien. Perfecto. Bien, y te voy a enviar, por mensaje de texto te va a llegar lo que es un código de portabilidad. No sé si sabes lo que es el código de portabilidad. Cuando fui a Claro, le hicieron todo esto. Bien, el código de portabilidad, esto es para que vos cambies de compañía bajo el mismo número, ¿sí? Para que no lo pierdas. Te va a llegar por mensaje de texto desde el 223, necesito que le saques una captura de pantalla y me lo brindes por el chat de WhatsApp, ¿sí? Cuando te lo envíe te van a empezar a ingresar llamadas, no les contestes, ¿sí? De números desconocidos, números que no tengas agendados, no les contestes porque justamente son de claro, ¿sí? Te van a ofrecer promociones que no están vigentes para que te quedes en la compañía. Son promociones que te ofrecen, te duran un mes y al otro mes te vuelven a aumentar, ¿sí? Para que no las atiendas, ¿ok? Vale. Bien, ahí te lo voy a enviar, dame un segundo, y te voy a enviar... Esto no me entiendan nada, nada raro ni nada, tío, la verdad, porque no... No, no, no, es que te pediste tu código a portabilidad, es cuatro dígitos, una ficha del encimiento, y van a aparecer las siglas de Movistar, entre paréntesis, que es MBS, ¿sí? Ahí está. Bien. Sí te pido también una foto del frente y el dorso de tu DNI para avaliarla en el sistema, y luego ya la podrás borrar, ¿sí? Vale, ahí está. Bien, ahí te envío el código, avísame si te llega. Vale. Bien. ¿Qué llegó? ¿Te llegó el código? Ahí, miro. Ah, buenísimo, dale. Genial. Bien, te voy a mandar escrito también el plan al que vas a acceder, ¿sí?, con los beneficios. Así ya te queda ahí en el chat. Es el cuello que me llegó. Ahí, justo te lo escribí. ¿Puedo sacar una captura y mandármelo? Porfa. Y me lo escribí. Es lo mismo, pero necesito que quede todo... Ah, te lo había escrito justo. Claro, sí, porfa, mejor. Así ya lo pongo a la solicitud. Vale. Genial, gracias. Buenísimo, buenísimo. Ahí estamos. Bien, perfecto. Y te voy a pedir la foto del frente y el dorso de tu DNI, yo la valido y luego la borra, ¿sí? Eso te quedas tranquilo. Vale. Vale. Si no, tengo el documento acá encima. Bien. Bueno, dale, no hay problema. Me demoro un ratito hasta llegar. Bueno, dale, no hay problema. Voy a leer lo que es el cierre comercial, ¿sí? Esto es un documental que a vos te queda con las líneas, voy a leer la información del producto, te repaso todos tus datos y ya estaríamos, ¿sí? Solo faltaría el DNI. Listo. Bien, genial. Empiezo. Para recibir futuras promociones, ¿usted tiene internet de movilizar en su casa? Eh, no. Ok. No, eso yo ya tengo ya todo instalado. Ah, bien. Estamos portando a la línea 342-443-70-79, a nombre del titular Oscar Alberto Pareda. Me confirman los últimos tres dígitos de su DNI, por favor. Eh... ¿Los últimos tres? Sí. El QR le va a llegar al correo OscarPareira38.com Bien, le recuerdo que el costo del servicio al día de hoy es de 23.850 pesos porque contiene un descuento fijo por seis meses de 54.150 pesos. Es un plan de 15 gigas de base con 8 de regalo por seis meses. Recuerde que el servicio se le va a facturar al mes adelantado y los gigas de regalo se le van a habilitar 48 horas después de activar la línea. Esto lo vas a ver reflejado en lo que es la aplicación de mi móvil, así que después se la vas a tener que descargar. Su email es oscarpareira38.com. Ah, 38 o 28. 28. Ah, bien. Y va a recibir su facturación online a través de este, ¿sí? De cualquier manera, desde la mismo Vistar va a poder ver todo, ingresando a las extra servicios, va a poder ver toda la información referida a su factura, ya sea el ciclo de facturación, los vencimientos y los montos a pagar. Puedes activar 20 gigas de regalo con una duración de 30 días, disponible una vez por año, esto te dura un mes. En caso de que necesites más gigas, lo puedes activar, te vienen, revieren. Puedes adherir al débito automático y sumar cuatro gigas de regalo en cada línea móvil si es que llegas a portar más de dos líneas registradas bajo el mismo titular, ¿sí? Vale. Una vez que la portabilidad se apruebe, su línea va a portar entre siete a diez días hábiles, ¿sí? Un día antes, por mensaje y WhatsApp, yo te voy a informar de cualquier manera la fecha de portabilidad para que te quedes tranquilo. Es importante que no escanes el QR antes de la fecha informar, de todas maneras te vas a dar cuenta porque tu línea de claro va a dejar de recibir señal, ¿sí? Ahí es cuando lo de lo de escanear. Bien, te va a pedir por única vez que valides identidad para activar este. En caso de que no llegue a levantar señal, reinicie el equipo. Por otro lado, dentro de los próximos días te va a llegar una encuesta de satisfacción por WhatsApp. Te pido por favor que la completes ya que tu opinión es muy importante para la empresa, ¿sí? Bien. Esto sería todo. Yo ahora voy a ir cargando todo. Te pido por favor... ¿Vos te vas comunicando, sería, hasta que se cancie la línea? Sí, sí. Igual vamos a estar en comunicación nosotros. Vas a tener mi número que... Cualquier cosa te puedes comunicar conmigo y no te vas a quedar en comunicado en ningún momento, ¿sí? Listo, dale. Aquí es bueno, cuando... Antes que se me adivine la línea, vos te estarías comunicando, sería. Sí, igual cualquier cosa te comunicas conmigo antes, sin el problema. Pero yo voy a estar al tanto porque yo sigo todo el trámite. Te pido por ser el DNI apenas fuera, ¿sí? Y no conteste los llamados que te van a estar ingresando mientras, de números que no quieran hacer más. Muchísimas gracias y, bueno, bienvenida a la compañera. Gracias. Hasta luego.",
  "calidad": {
    "confianza_promedio": 0.496,
    "metodo_diarizacion": "pausas_fallback",
    "tiempo_procesamiento": 20.8
  },
  "metadata": {
    "modelo": "whisperx_medium",
    "diarizacion": "pausas",
    "dispositivo": "cuda",
    "fecha": "2026-01-25T17:27:44.210081",
    "version": "5.0_ecapa"
  }
}