{
  "archivo": "amza14_1_260121134201980_ACD_61259.wav",
  "duracion_segundos": 97.61,
  "num_segmentos": 25,
  "num_hablantes": 1,
  "hablantes": [
    "Hablante A"
  ],
  "tiempo_por_hablante": {
    "Hablante A": 91.98
  },
  "idioma": "es",
  "conversacion": [
    {
      "hablante": "Hablante A",
      "inicio": 0.17,
      "fin": 5.61,
      "duracion": 5.45,
      "texto": "Hola, buen día, con Jessica.",
      "confianza": 0.371
    },
    {
      "hablante": "Hablante A",
      "inicio": 5.63,
      "fin": 6.61,
      "duracion": 0.98,
      "texto": "¿Cómo estás, Jessica?",
      "confianza": 0.35
    },
    {
      "hablante": "Hablante A",
      "inicio": 6.63,
      "fin": 7.88,
      "duracion": 1.24,
      "texto": "Un gusto, mi nombre es Bruno.",
      "confianza": 0.615
    },
    {
      "hablante": "Hablante A",
      "inicio": 7.9,
      "fin": 10.92,
      "duracion": 3.02,
      "texto": "Me estaba comunicando desde el área de recuperación de clientes Movistar.",
      "confianza": 0.56
    },
    {
      "hablante": "Hablante A",
      "inicio": 11.94,
      "fin": 14.04,
      "duracion": 2.1,
      "texto": "Tenemos una promoción disponible para tu línea.",
      "confianza": 0.784
    },
    {
      "hablante": "Hablante A",
      "inicio": 14.06,
      "fin": 17.23,
      "duracion": 3.16,
      "texto": "¿Contador?",
      "confianza": 0.686
    },
    {
      "hablante": "Hablante A",
      "inicio": 17.25,
      "fin": 17.99,
      "duracion": 0.74,
      "texto": "Bien, te comento.",
      "confianza": 0.62
    },
    {
      "hablante": "Hablante A",
      "inicio": 18.69,
      "fin": 20.77,
      "duracion": 2.08,
      "texto": "Tenemos dos precios en promoción.",
      "confianza": 0.835
    },
    {
      "hablante": "Hablante A",
      "inicio": 20.84,
      "fin": 27.39,
      "duracion": 6.55,
      "texto": "En principio es un plan con 8 gigas de base, más 10 gigas de regalo, tendrías 18 en total, WhatsApp gratis, habla libre de cualquier compañía.",
      "confianza": 0.68
    },
    {
      "hablante": "Hablante A",
      "inicio": 27.41,
      "fin": 38.94,
      "duracion": 11.53,
      "texto": "Y Rumina en América es el plan de queda en 8000 pesos, sino también tenemos otro con 4 gigas de base, con 10 gigas de regalo, WhatsApp gratis, habla libre de cualquier compañía, en 6450 pesos.",
      "confianza": 0.755
    },
    {
      "hablante": "Hablante A",
      "inicio": 39.74,
      "fin": 44.23,
      "duracion": 4.48,
      "texto": "Esta es la única línea que tenés, Jessica, o tenés más líneas?",
      "confianza": 0.663
    },
    {
      "hablante": "Hablante A",
      "inicio": 44.24,
      "fin": 45.01,
      "duracion": 0.76,
      "texto": "No, es la única línea que tengo.",
      "confianza": 0.065
    },
    {
      "hablante": "Hablante A",
      "inicio": 45.1,
      "fin": 53.21,
      "duracion": 8.11,
      "texto": "Bien, entonces tengo ese plan, de 14 gigas en total es $6,450, sino el de 18 gigas en total es $8,000 pesos.",
      "confianza": 0.65
    },
    {
      "hablante": "Hablante A",
      "inicio": 54.13,
      "fin": 55.38,
      "duracion": 1.24,
      "texto": "Esos son los costales que tengo en descuento.",
      "confianza": 0.245
    },
    {
      "hablante": "Hablante A",
      "inicio": 55.4,
      "fin": 61.3,
      "duracion": 5.91,
      "texto": "¿18 gigas por un mes o los meses?",
      "confianza": 0.223
    },
    {
      "hablante": "Hablante A",
      "inicio": 62.15,
      "fin": 69.15,
      "duracion": 7.01,
      "texto": "No, la laboración de este plan es por seis meses, luego de esos seis meses a vos en el quinto mes se te va a informar que se te termina la promoción.",
      "confianza": 0.685
    },
    {
      "hablante": "Hablante A",
      "inicio": 69.44,
      "fin": 72.78,
      "duracion": 3.34,
      "texto": "Vos en ese momento nosotros vamos a seguir en contacto por WhatsApp.",
      "confianza": 0.641
    },
    {
      "hablante": "Hablante A",
      "inicio": 72.8,
      "fin": 74.68,
      "duracion": 1.88,
      "texto": "Vos me avisas que se te va a terminar la promo.",
      "confianza": 0.654
    },
    {
      "hablante": "Hablante A",
      "inicio": 74.74,
      "fin": 78.53,
      "duracion": 3.78,
      "texto": "Yo te brindo un charme en donde te van a brindar las promos para el siguiente periodo.",
      "confianza": 0.721
    },
    {
      "hablante": "Hablante A",
      "inicio": 78.83,
      "fin": 84.19,
      "duracion": 5.36,
      "texto": "Pero los 18 días serían por los seis meses del plan.",
      "confianza": 0.752
    },
    {
      "hablante": "Hablante A",
      "inicio": 84.21,
      "fin": 89.2,
      "duracion": 4.98,
      "texto": "OK. Vas a tener 20 días de regalo, pero eso los activas desde la app en el momento en el que quieras.",
      "confianza": 0.682
    },
    {
      "hablante": "Hablante A",
      "inicio": 89.26,
      "fin": 93.9,
      "duracion": 4.64,
      "texto": "Y eso sí es por un mes.",
      "confianza": 0.683
    },
    {
      "hablante": "Hablante A",
      "inicio": 93.92,
      "fin": 94.2,
      "duracion": 0.28,
      "texto": "No, está bien.",
      "confianza": 0.033
    },
    {
      "hablante": "Hablante A",
      "inicio": 94.22,
      "fin": 94.74,
      "duracion": 0.52,
      "texto": "Te agradezco.",
      "confianza": 0.254
    },
    {
      "hablante": "Hablante A",
      "inicio": 94.76,
      "fin": 97.61,
      "duracion": 2.84,
      "texto": "No hay problema, Jessica, que tengas buen día.",
      "confianza": 0.369
    }
  ],
  "transcripcion_completa": "Hola, buen día, con Jessica. ¿Cómo estás, Jessica? Un gusto, mi nombre es Bruno. Me estaba comunicando desde el área de recuperación de clientes Movistar. Tenemos una promoción disponible para tu línea. ¿Contador? Bien, te comento. Tenemos dos precios en promoción. En principio es un plan con 8 gigas de base, más 10 gigas de regalo, tendrías 18 en total, WhatsApp gratis, habla libre de cualquier compañía. Y Rumina en América es el plan de queda en 8000 pesos, sino también tenemos otro con 4 gigas de base, con 10 gigas de regalo, WhatsApp gratis, habla libre de cualquier compañía, en 6450 pesos. Esta es la única línea que tenés, Jessica, o tenés más líneas? No, es la única línea que tengo. Bien, entonces tengo ese plan, de 14 gigas en total es $6,450, sino el de 18 gigas en total es $8,000 pesos. Esos son los costales que tengo en descuento. ¿18 gigas por un mes o los meses? No, la laboración de este plan es por seis meses, luego de esos seis meses a vos en el quinto mes se te va a informar que se te termina la promoción. Vos en ese momento nosotros vamos a seguir en contacto por WhatsApp. Vos me avisas que se te va a terminar la promo. Yo te brindo un charme en donde te van a brindar las promos para el siguiente periodo. Pero los 18 días serían por los seis meses del plan. OK. Vas a tener 20 días de regalo, pero eso los activas desde la app en el momento en el que quieras. Y eso sí es por un mes. No, está bien. Te agradezco. No hay problema, Jessica, que tengas buen día.",
  "calidad": {
    "confianza_promedio": 0.543,
    "metodo_diarizacion": "pausas_fallback",
    "tiempo_procesamiento": 5.7
  },
  "metadata": {
    "modelo": "whisperx_medium",
    "diarizacion": "pausas",
    "dispositivo": "cuda",
    "fecha": "2026-01-25T17:24:00.440654",
    "version": "5.0_ecapa"
  }
}