{
  "archivo": "amza1_1_260119104525363_ACD_37493.wav",
  "duracion_segundos": 99.88,
  "num_segmentos": 30,
  "num_hablantes": 2,
  "hablantes": [
    "Hablante A",
    "Hablante B"
  ],
  "tiempo_por_hablante": {
    "Hablante A": 55.88,
    "Hablante B": 36.12
  },
  "idioma": "es",
  "conversacion": [
    {
      "hablante": "Hablante A",
      "inicio": 1.42,
      "fin": 2.26,
      "duracion": 0.84,
      "texto": "Hola, ¿qué tal?",
      "confianza": 0.116
    },
    {
      "hablante": "Hablante A",
      "inicio": 2.28,
      "fin": 2.6,
      "duracion": 0.32,
      "texto": "Muy buenos días.",
      "confianza": 0.118
    },
    {
      "hablante": "Hablante A",
      "inicio": 2.62,
      "fin": 3.78,
      "duracion": 1.16,
      "texto": "Hablo con Fernando.",
      "confianza": 0.819
    },
    {
      "hablante": "Hablante A",
      "inicio": 3.8,
      "fin": 5.82,
      "duracion": 2.02,
      "texto": "¿Eh?",
      "confianza": 0.31
    },
    {
      "hablante": "Hablante A",
      "inicio": 5.84,
      "fin": 6.3,
      "duracion": 0.46,
      "texto": "¿Qué tal?",
      "confianza": 0.462
    },
    {
      "hablante": "Hablante A",
      "inicio": 6.34,
      "fin": 7.38,
      "duracion": 1.04,
      "texto": "Fernando, ¿cómo estás?",
      "confianza": 0.723
    },
    {
      "hablante": "Hablante A",
      "inicio": 7.52,
      "fin": 8.54,
      "duracion": 1.02,
      "texto": "Un placer hablar con vos.",
      "confianza": 0.679
    },
    {
      "hablante": "Hablante A",
      "inicio": 8.56,
      "fin": 11.53,
      "duracion": 2.96,
      "texto": "Te habla Eva Angelina del área de beneficios de líneas móviles.",
      "confianza": 0.644
    },
    {
      "hablante": "Hablante A",
      "inicio": 11.57,
      "fin": 15.94,
      "duracion": 4.37,
      "texto": "¿Cómo estás?",
      "confianza": 0.505
    },
    {
      "hablante": "Hablante A",
      "inicio": 15.96,
      "fin": 16.18,
      "duracion": 0.22,
      "texto": "Bien, bien.",
      "confianza": 0.005
    },
    {
      "hablante": "Hablante A",
      "inicio": 16.2,
      "fin": 16.64,
      "duracion": 0.44,
      "texto": "Bueno, me alegro, Fer.",
      "confianza": 0.056
    },
    {
      "hablante": "Hablante A",
      "inicio": 16.66,
      "fin": 21.7,
      "duracion": 5.05,
      "texto": "Te comento que muy brevemente el motivo de mi llamado era para brindarte lo que es un beneficio para tu línea, ¿bien?",
      "confianza": 0.729
    },
    {
      "hablante": "Hablante A",
      "inicio": 21.98,
      "fin": 30.3,
      "duracion": 8.31,
      "texto": "Me figura que actualmente tenés lo que es un abono en la compañera de Claro, sí, que tenés tres líneas a tu nombre, ¿es correcto?",
      "confianza": 0.657
    },
    {
      "hablante": "Hablante A",
      "inicio": 30.32,
      "fin": 30.48,
      "duracion": 0.16,
      "texto": "Eh, dos.",
      "confianza": 0.14
    },
    {
      "hablante": "Hablante A",
      "inicio": 30.95,
      "fin": 32.71,
      "duracion": 1.76,
      "texto": "dos en este caso.",
      "confianza": 0.402
    },
    {
      "hablante": "Hablante A",
      "inicio": 32.73,
      "fin": 35.87,
      "duracion": 3.14,
      "texto": "Bien Fer, paso a comentarte lo que tengo para el día de hoy, justamente para vos.",
      "confianza": 0.644
    },
    {
      "hablante": "Hablante A",
      "inicio": 36.49,
      "fin": 42.34,
      "duracion": 5.85,
      "texto": "Sí, es lo que es un plan en descuento que tiene lo que son 8 gigas de base más 8 gigas de regalo por seis meses.",
      "confianza": 0.718
    },
    {
      "hablante": "Hablante A",
      "inicio": 42.78,
      "fin": 49.69,
      "duracion": 6.91,
      "texto": "Incluso lo que es WhatsApp y Artis llamadas libres a cualquier compañía, llamadas Américas a precio local y Roaming en lo que es América, sí.",
      "confianza": 0.684
    },
    {
      "hablante": "Hablante A",
      "inicio": 50.15,
      "fin": 56.76,
      "duracion": 6.61,
      "texto": "Todo esto por 10.400 pesos por cada línea, así que vas a estar abonando por las dos 20.800 pesos.",
      "confianza": 0.834
    },
    {
      "hablante": "Hablante A",
      "inicio": 57.13,
      "fin": 60.38,
      "duracion": 3.24,
      "texto": "No sé qué te parece, vos estás abonando actualmente vos, claro.",
      "confianza": 0.611
    },
    {
      "hablante": "Hablante B",
      "inicio": 62.3,
      "fin": 64.92,
      "duracion": 2.62,
      "texto": "Y sí, no somos la misma placa.",
      "confianza": 0.164
    },
    {
      "hablante": "Hablante B",
      "inicio": 64.94,
      "fin": 70.53,
      "duracion": 5.59,
      "texto": "Estás abonando más, ¿no?",
      "confianza": 0.268
    },
    {
      "hablante": "Hablante B",
      "inicio": 70.55,
      "fin": 70.83,
      "duracion": 0.28,
      "texto": "Sí, ahí nomás.",
      "confianza": 0.002
    },
    {
      "hablante": "Hablante B",
      "inicio": 70.85,
      "fin": 71.27,
      "duracion": 0.42,
      "texto": "Doce por cada línea.",
      "confianza": 0.06
    },
    {
      "hablante": "Hablante B",
      "inicio": 71.29,
      "fin": 81.31,
      "duracion": 10.02,
      "texto": "Bien, claro, pero me figura que actualmente lo que es la compañía de Quiero no es lo que es la bonificación, es decir que estás abonando por un plan básico de cuatro ligas, ¿no?",
      "confianza": 0.612
    },
    {
      "hablante": "Hablante B",
      "inicio": 81.33,
      "fin": 81.39,
      "duracion": 0.06,
      "texto": "Sí.",
      "confianza": 0.062
    },
    {
      "hablante": "Hablante B",
      "inicio": 81.41,
      "fin": 83.79,
      "duracion": 2.38,
      "texto": "Sí, no sé, por eso lo manejan mis hijos.",
      "confianza": 0.229
    },
    {
      "hablante": "Hablante B",
      "inicio": 83.81,
      "fin": 86.1,
      "duracion": 2.28,
      "texto": "Sí, sí, acá me figura igual el sistema, por eso mismo.",
      "confianza": 0.645
    },
    {
      "hablante": "Hablante B",
      "inicio": 86.57,
      "fin": 94.06,
      "duracion": 7.49,
      "texto": "Pero bueno, Fernando, como yo justamente estoy llamando a vos porque soy titular de la línea, si vos quisieras hacer lo que es el cambio de portabilidad, te comento cómo es.",
      "confianza": 0.665
    },
    {
      "hablante": "Hablante B",
      "inicio": 94.9,
      "fin": 99.88,
      "duracion": 4.98,
      "texto": "Se demora, es una llamada de 10 a 15 minutos, que vamos hasta acá misma esa llamada, ¿sí?",
      "confianza": 0.731
    }
  ],
  "transcripcion_completa": "Hola, ¿qué tal? Muy buenos días. Hablo con Fernando. ¿Eh? ¿Qué tal? Fernando, ¿cómo estás? Un placer hablar con vos. Te habla Eva Angelina del área de beneficios de líneas móviles. ¿Cómo estás? Bien, bien. Bueno, me alegro, Fer. Te comento que muy brevemente el motivo de mi llamado era para brindarte lo que es un beneficio para tu línea, ¿bien? Me figura que actualmente tenés lo que es un abono en la compañera de Claro, sí, que tenés tres líneas a tu nombre, ¿es correcto? Eh, dos. dos en este caso. Bien Fer, paso a comentarte lo que tengo para el día de hoy, justamente para vos. Sí, es lo que es un plan en descuento que tiene lo que son 8 gigas de base más 8 gigas de regalo por seis meses. Incluso lo que es WhatsApp y Artis llamadas libres a cualquier compañía, llamadas Américas a precio local y Roaming en lo que es América, sí. Todo esto por 10.400 pesos por cada línea, así que vas a estar abonando por las dos 20.800 pesos. No sé qué te parece, vos estás abonando actualmente vos, claro. Y sí, no somos la misma placa. Estás abonando más, ¿no? Sí, ahí nomás. Doce por cada línea. Bien, claro, pero me figura que actualmente lo que es la compañía de Quiero no es lo que es la bonificación, es decir que estás abonando por un plan básico de cuatro ligas, ¿no? Sí. Sí, no sé, por eso lo manejan mis hijos. Sí, sí, acá me figura igual el sistema, por eso mismo. Pero bueno, Fernando, como yo justamente estoy llamando a vos porque soy titular de la línea, si vos quisieras hacer lo que es el cambio de portabilidad, te comento cómo es. Se demora, es una llamada de 10 a 15 minutos, que vamos hasta acá misma esa llamada, ¿sí?",
  "calidad": {
    "confianza_promedio": 0.443,
    "metodo_diarizacion": "pausas_fallback",
    "tiempo_procesamiento": 5.8
  },
  "metadata": {
    "modelo": "whisperx_medium",
    "diarizacion": "pausas",
    "dispositivo": "cuda",
    "fecha": "2026-01-25T17:38:53.272711",
    "version": "5.0_ecapa"
  }
}