{
  "archivo": "amza1_1_260119142930962_ACD_58699.wav",
  "duracion_segundos": 270.52,
  "num_segmentos": 56,
  "num_hablantes": 2,
  "hablantes": [
    "Hablante A",
    "Hablante B"
  ],
  "tiempo_por_hablante": {
    "Hablante A": 34.1,
    "Hablante B": 207.58
  },
  "idioma": "es",
  "conversacion": [
    {
      "hablante": "Hablante A",
      "inicio": 0.03,
      "fin": 2.25,
      "duracion": 2.22,
      "texto": "Hola, ¿qué tal?",
      "confianza": 0.304
    },
    {
      "hablante": "Hablante A",
      "inicio": 2.29,
      "fin": 6.54,
      "duracion": 4.25,
      "texto": "Buenos días, Javier Alejandro.",
      "confianza": 0.685
    },
    {
      "hablante": "Hablante A",
      "inicio": 6.56,
      "fin": 6.82,
      "duracion": 0.26,
      "texto": "¿Quién habla?",
      "confianza": 0.01
    },
    {
      "hablante": "Hablante A",
      "inicio": 6.84,
      "fin": 11.0,
      "duracion": 4.17,
      "texto": "Javier, como le va a placer, le habla Eva Vigelina, de la Aérea de Beneficios Memorizados.",
      "confianza": 0.578
    },
    {
      "hablante": "Hablante A",
      "inicio": 11.02,
      "fin": 11.84,
      "duracion": 0.82,
      "texto": "¿Cómo le va, señor?",
      "confianza": 0.713
    },
    {
      "hablante": "Hablante B",
      "inicio": 16.05,
      "fin": 16.35,
      "duracion": 0.3,
      "texto": "Ah, bien, bien.",
      "confianza": 0.024
    },
    {
      "hablante": "Hablante B",
      "inicio": 16.37,
      "fin": 21.39,
      "duracion": 5.02,
      "texto": "Justamente, Javier, me figura que usted estuvo en la Compañía, más específicamente, en octubre del 2024.",
      "confianza": 0.62
    },
    {
      "hablante": "Hablante B",
      "inicio": 21.41,
      "fin": 29.68,
      "duracion": 8.27,
      "texto": "Nosotros queremos justamente brindarle usted una bonificación con un valor de 8.000 pesos para que usted vuelva a la Compañía.",
      "confianza": 0.762
    },
    {
      "hablante": "Hablante B",
      "inicio": 29.98,
      "fin": 40.36,
      "duracion": 10.38,
      "texto": "Este plan le incluye lo que son ocho días de base, además ocho días de regalo, roaming para América, llamadas América Preciado Local.",
      "confianza": 0.621
    },
    {
      "hablante": "Hablante B",
      "inicio": 40.38,
      "fin": 50.41,
      "duracion": 10.03,
      "texto": "¿Dónde está cualquier compañero que tiene para esto?",
      "confianza": 0.307
    },
    {
      "hablante": "Hablante B",
      "inicio": 50.44,
      "fin": 52.64,
      "duracion": 2.2,
      "texto": "Sí, pero yo no lo tengo con abono, al celular lo tengo con... de pago.",
      "confianza": 0.068
    },
    {
      "hablante": "Hablante B",
      "inicio": 52.66,
      "fin": 58.83,
      "duracion": 6.17,
      "texto": "Bien, en este caso no hay ningún problema, yo le puedo justamente ofrecer a usted lo que es el abono mensual, pero en la compañía de movistar, ¿bien?",
      "confianza": 0.54
    },
    {
      "hablante": "Hablante B",
      "inicio": 59.2,
      "fin": 66.4,
      "duracion": 7.21,
      "texto": "¿Viene una permanencia mayor a 60 días, usted, en lo que es con el prepago?",
      "confianza": 0.584
    },
    {
      "hablante": "Hablante B",
      "inicio": 66.42,
      "fin": 67.65,
      "duracion": 1.22,
      "texto": "60 días, sí.",
      "confianza": 0.334
    },
    {
      "hablante": "Hablante B",
      "inicio": 67.67,
      "fin": 74.58,
      "duracion": 6.91,
      "texto": "Bueno, en este caso yo le puedo brindar a usted lo que es el abono mensual, el traspaso de compañía, sí, con el plan que le acabo de mencionar, bien.",
      "confianza": 0.498
    },
    {
      "hablante": "Hablante B",
      "inicio": 75.12,
      "fin": 76.08,
      "duracion": 0.96,
      "texto": "No hay ningún inconveniente.",
      "confianza": 0.597
    },
    {
      "hablante": "Hablante B",
      "inicio": 76.14,
      "fin": 78.4,
      "duracion": 2.26,
      "texto": "Se estará ahí abonando 8.000 pesos mensuales.",
      "confianza": 0.604
    },
    {
      "hablante": "Hablante A",
      "inicio": 83.09,
      "fin": 84.63,
      "duracion": 1.54,
      "texto": "Claro, no, no, no, pero igual yo pago menos porque casi no lo uso el celular.",
      "confianza": 0.034
    },
    {
      "hablante": "Hablante B",
      "inicio": 87.0,
      "fin": 109.87,
      "duracion": 22.87,
      "texto": "Si no puedo brindarle lo que es justamente una promoción",
      "confianza": 0.653
    },
    {
      "hablante": "Hablante B",
      "inicio": 110.28,
      "fin": 115.02,
      "duracion": 4.74,
      "texto": "de cuatro gigas de base más cuatro gigas de regalos que le quedan $3,450, ¿sí?",
      "confianza": 0.632
    },
    {
      "hablante": "Hablante B",
      "inicio": 115.04,
      "fin": 121.34,
      "duracion": 6.31,
      "texto": "Y ese plan le incluye lo que son justamente el servicio de WhatsApp gratis y llamadas líderes a cualquier compañía.",
      "confianza": 0.613
    },
    {
      "hablante": "Hablante B",
      "inicio": 121.79,
      "fin": 123.69,
      "duracion": 1.9,
      "texto": "Estaría volando de $6,450.",
      "confianza": 0.772
    },
    {
      "hablante": "Hablante B",
      "inicio": 123.91,
      "fin": 131.68,
      "duracion": 7.77,
      "texto": "Y bueno, el beneficio sería que ustedes le acreditarían justamente los gigas automáticamente mes a mes y además va a tener en total ocho gigas, ¿sí?",
      "confianza": 0.619
    },
    {
      "hablante": "Hablante B",
      "inicio": 132.35,
      "fin": 137.7,
      "duracion": 5.34,
      "texto": "Es mucho más de lo que tiene actualmente porque usted está cargando algo de dos gigas mensuales, debe estar cargando, no creo que más de eso.",
      "confianza": 0.631
    },
    {
      "hablante": "Hablante B",
      "inicio": 138.57,
      "fin": 149.15,
      "duracion": 10.57,
      "texto": "Sí, la verdad es que no tengo ni idea, porque el tema es que no lo jugo, porque es el celular, ¿eh?",
      "confianza": 0.1
    },
    {
      "hablante": "Hablante B",
      "inicio": 149.17,
      "fin": 149.79,
      "duracion": 0.62,
      "texto": "Pero eso es lo que pasa a vos.",
      "confianza": 0.043
    },
    {
      "hablante": "Hablante B",
      "inicio": 149.81,
      "fin": 149.91,
      "duracion": 0.1,
      "texto": "Bien.",
      "confianza": 0.014
    },
    {
      "hablante": "Hablante B",
      "inicio": 149.93,
      "fin": 150.37,
      "duracion": 0.44,
      "texto": "A vos mismo, a Dios.",
      "confianza": 0.066
    },
    {
      "hablante": "Hablante B",
      "inicio": 150.39,
      "fin": 151.01,
      "duracion": 0.62,
      "texto": "Sí, a Pérez Pago.",
      "confianza": 0.518
    },
    {
      "hablante": "Hablante B",
      "inicio": 151.81,
      "fin": 152.11,
      "duracion": 0.3,
      "texto": "A Pérez Pago.",
      "confianza": 0.205
    },
    {
      "hablante": "Hablante B",
      "inicio": 152.13,
      "fin": 155.29,
      "duracion": 3.16,
      "texto": "En ese caso, Javier, el beneficio es ese, el que nosotros brindamos.",
      "confianza": 0.527
    },
    {
      "hablante": "Hablante B",
      "inicio": 155.31,
      "fin": 166.51,
      "duracion": 11.19,
      "texto": "Me figura que usted, en su momento, estuvo, digamos, cuando estuvo en la compañía, fue un cliente maravilloso, porque estuvo amonando todo el día,",
      "confianza": 0.582
    },
    {
      "hablante": "Hablante B",
      "inicio": 166.89,
      "fin": 195.95,
      "duracion": 29.06,
      "texto": "Así que bueno, nosotros justamente queremos brindarle esa bonificación, que la verdad es que es bastante accesible porque, bueno, su precio es bastante bajo, para la cantidad de Ligas que le estamos ofreciendo, para que usted justamente cuente con lo que es una línea móvil, si no se quiere incomunicar o de demás, y no tenga que estar realizando las recargas, que generalmente uno carga cinco, seis mil pesos y le duran muy poco, o tiene que estar uno ajustando un servio para poder utilizarlo y no despilfarrar, digamos, los Ligas.",
      "confianza": 0.658
    },
    {
      "hablante": "Hablante B",
      "inicio": 196.44,
      "fin": 206.29,
      "duracion": 9.85,
      "texto": "En este caso, por el mismo valor, Javier, usted podría tenerlo personalínea sin ningún inconveniente y, bueno, como le digo, podría estar disfrutando de la compañía, además hay otros beneficios y demás.",
      "confianza": 0.58
    },
    {
      "hablante": "Hablante B",
      "inicio": 206.31,
      "fin": 212.62,
      "duracion": 6.31,
      "texto": "Entonces, ¿qué te parece?",
      "confianza": 0.366
    },
    {
      "hablante": "Hablante B",
      "inicio": 212.63,
      "fin": 213.16,
      "duracion": 0.52,
      "texto": "Bueno, tenés que pensarlo.",
      "confianza": 0.008
    },
    {
      "hablante": "Hablante B",
      "inicio": 213.18,
      "fin": 214.72,
      "duracion": 1.54,
      "texto": "Si querés, mandáme un mensaje y después te mando un mensaje.",
      "confianza": 0.036
    },
    {
      "hablante": "Hablante B",
      "inicio": 214.78,
      "fin": 220.04,
      "duracion": 5.27,
      "texto": "Bueno, mire, Javier, le comento, la promoción está viviendo solamente por el día de hoy, ¿sí?",
      "confianza": 0.737
    },
    {
      "hablante": "Hablante B",
      "inicio": 220.06,
      "fin": 223.91,
      "duracion": 3.84,
      "texto": "En caso de que usted le interese, la podemos hacer en el concurso de la tarde, no hay ningún problema.",
      "confianza": 0.633
    },
    {
      "hablante": "Hablante B",
      "inicio": 223.97,
      "fin": 226.43,
      "duracion": 2.46,
      "texto": "Usted piénselo y me avisa.",
      "confianza": 0.67
    },
    {
      "hablante": "Hablante B",
      "inicio": 226.87,
      "fin": 231.21,
      "duracion": 4.35,
      "texto": "Pero ahora, para que la aproveche, sí, yo ahí le puse en WhatsApp.",
      "confianza": 0.47
    },
    {
      "hablante": "Hablante B",
      "inicio": 231.23,
      "fin": 233.51,
      "duracion": 2.28,
      "texto": "Desde mi número laboral, le voy a mandar un mensaje.",
      "confianza": 0.689
    },
    {
      "hablante": "Hablante B",
      "inicio": 234.3,
      "fin": 237.08,
      "duracion": 2.78,
      "texto": "Hola, Javi, soy la ingeniería de Movistar.",
      "confianza": 0.713
    },
    {
      "hablante": "Hablante A",
      "inicio": 239.22,
      "fin": 245.85,
      "duracion": 6.63,
      "texto": "Si usted desea, me avisa, me dice, Eva, me interesa, Eva, explícame más, Eva, cualquier duda, yo no tengo ningún problema en responderla.",
      "confianza": 0.632
    },
    {
      "hablante": "Hablante A",
      "inicio": 246.25,
      "fin": 249.06,
      "duracion": 2.8,
      "texto": "Y si quiere, en la tarde yo lo puedo llamar a usted y hacer la gestión.",
      "confianza": 0.693
    },
    {
      "hablante": "Hablante A",
      "inicio": 249.12,
      "fin": 250.68,
      "duracion": 1.56,
      "texto": "No hay ningún inconveniente, ¿bien?",
      "confianza": 0.753
    },
    {
      "hablante": "Hablante A",
      "inicio": 251.94,
      "fin": 252.28,
      "duracion": 0.34,
      "texto": "Dale, dale, dale.",
      "confianza": 0.102
    },
    {
      "hablante": "Hablante A",
      "inicio": 252.48,
      "fin": 256.63,
      "duracion": 4.15,
      "texto": "Bueno, Javier, muy amable, que tengas muy buena tarde y con el cosita Marisa.",
      "confianza": 0.654
    },
    {
      "hablante": "Hablante A",
      "inicio": 256.95,
      "fin": 258.74,
      "duracion": 1.78,
      "texto": "Si pensas lo que te comenté es que está bueno.",
      "confianza": 0.513
    },
    {
      "hablante": "Hablante B",
      "inicio": 261.46,
      "fin": 261.82,
      "duracion": 0.36,
      "texto": "Sí, la verdad.",
      "confianza": 0.067
    },
    {
      "hablante": "Hablante B",
      "inicio": 261.84,
      "fin": 263.25,
      "duracion": 1.4,
      "texto": "Dale, dale, dale.",
      "confianza": 0.6
    },
    {
      "hablante": "Hablante B",
      "inicio": 263.27,
      "fin": 263.97,
      "duracion": 0.7,
      "texto": "Dale, Javi, es muy bien.",
      "confianza": 0.368
    },
    {
      "hablante": "Hablante A",
      "inicio": 266.88,
      "fin": 267.98,
      "duracion": 1.1,
      "texto": "Igualmente vos.",
      "confianza": 0.326
    },
    {
      "hablante": "Hablante A",
      "inicio": 268.0,
      "fin": 268.72,
      "duracion": 0.72,
      "texto": "Bueno, muchas gracias.",
      "confianza": 0.427
    },
    {
      "hablante": "Hablante A",
      "inicio": 268.74,
      "fin": 270.26,
      "duracion": 1.52,
      "texto": "Hasta luego.",
      "confianza": 0.684
    },
    {
      "hablante": "Hablante A",
      "inicio": 270.28,
      "fin": 270.52,
      "duracion": 0.24,
      "texto": "Hasta luego.",
      "confianza": 0.086
    }
  ],
  "transcripcion_completa": "Hola, ¿qué tal? Buenos días, Javier Alejandro. ¿Quién habla? Javier, como le va a placer, le habla Eva Vigelina, de la Aérea de Beneficios Memorizados. ¿Cómo le va, señor? Ah, bien, bien. Justamente, Javier, me figura que usted estuvo en la Compañía, más específicamente, en octubre del 2024. Nosotros queremos justamente brindarle usted una bonificación con un valor de 8.000 pesos para que usted vuelva a la Compañía. Este plan le incluye lo que son ocho días de base, además ocho días de regalo, roaming para América, llamadas América Preciado Local. ¿Dónde está cualquier compañero que tiene para esto? Sí, pero yo no lo tengo con abono, al celular lo tengo con... de pago. Bien, en este caso no hay ningún problema, yo le puedo justamente ofrecer a usted lo que es el abono mensual, pero en la compañía de movistar, ¿bien? ¿Viene una permanencia mayor a 60 días, usted, en lo que es con el prepago? 60 días, sí. Bueno, en este caso yo le puedo brindar a usted lo que es el abono mensual, el traspaso de compañía, sí, con el plan que le acabo de mencionar, bien. No hay ningún inconveniente. Se estará ahí abonando 8.000 pesos mensuales. Claro, no, no, no, pero igual yo pago menos porque casi no lo uso el celular. Si no puedo brindarle lo que es justamente una promoción de cuatro gigas de base más cuatro gigas de regalos que le quedan $3,450, ¿sí? Y ese plan le incluye lo que son justamente el servicio de WhatsApp gratis y llamadas líderes a cualquier compañía. Estaría volando de $6,450. Y bueno, el beneficio sería que ustedes le acreditarían justamente los gigas automáticamente mes a mes y además va a tener en total ocho gigas, ¿sí? Es mucho más de lo que tiene actualmente porque usted está cargando algo de dos gigas mensuales, debe estar cargando, no creo que más de eso. Sí, la verdad es que no tengo ni idea, porque el tema es que no lo jugo, porque es el celular, ¿eh? Pero eso es lo que pasa a vos. Bien. A vos mismo, a Dios. Sí, a Pérez Pago. A Pérez Pago. En ese caso, Javier, el beneficio es ese, el que nosotros brindamos. Me figura que usted, en su momento, estuvo, digamos, cuando estuvo en la compañía, fue un cliente maravilloso, porque estuvo amonando todo el día, Así que bueno, nosotros justamente queremos brindarle esa bonificación, que la verdad es que es bastante accesible porque, bueno, su precio es bastante bajo, para la cantidad de Ligas que le estamos ofreciendo, para que usted justamente cuente con lo que es una línea móvil, si no se quiere incomunicar o de demás, y no tenga que estar realizando las recargas, que generalmente uno carga cinco, seis mil pesos y le duran muy poco, o tiene que estar uno ajustando un servio para poder utilizarlo y no despilfarrar, digamos, los Ligas. En este caso, por el mismo valor, Javier, usted podría tenerlo personalínea sin ningún inconveniente y, bueno, como le digo, podría estar disfrutando de la compañía, además hay otros beneficios y demás. Entonces, ¿qué te parece? Bueno, tenés que pensarlo. Si querés, mandáme un mensaje y después te mando un mensaje. Bueno, mire, Javier, le comento, la promoción está viviendo solamente por el día de hoy, ¿sí? En caso de que usted le interese, la podemos hacer en el concurso de la tarde, no hay ningún problema. Usted piénselo y me avisa. Pero ahora, para que la aproveche, sí, yo ahí le puse en WhatsApp. Desde mi número laboral, le voy a mandar un mensaje. Hola, Javi, soy la ingeniería de Movistar. Si usted desea, me avisa, me dice, Eva, me interesa, Eva, explícame más, Eva, cualquier duda, yo no tengo ningún problema en responderla. Y si quiere, en la tarde yo lo puedo llamar a usted y hacer la gestión. No hay ningún inconveniente, ¿bien? Dale, dale, dale. Bueno, Javier, muy amable, que tengas muy buena tarde y con el cosita Marisa. Si pensas lo que te comenté es que está bueno. Sí, la verdad. Dale, dale, dale. Dale, Javi, es muy bien. Igualmente vos. Bueno, muchas gracias. Hasta luego. Hasta luego.",
  "calidad": {
    "confianza_promedio": 0.452,
    "metodo_diarizacion": "pausas_fallback",
    "tiempo_procesamiento": 9.8
  },
  "metadata": {
    "modelo": "whisperx_medium",
    "diarizacion": "pausas",
    "dispositivo": "cuda",
    "fecha": "2026-01-25T17:41:17.728457",
    "version": "5.0_ecapa"
  }
}