{
  "archivo": "amza24_1_260119121024668_ACD_82303.wav",
  "duracion_segundos": 205.28,
  "num_segmentos": 49,
  "num_hablantes": 2,
  "hablantes": [
    "Hablante A",
    "Hablante B"
  ],
  "tiempo_por_hablante": {
    "Hablante A": 107.49,
    "Hablante B": 72.91
  },
  "idioma": "es",
  "conversacion": [
    {
      "hablante": "Hablante A",
      "inicio": 0.77,
      "fin": 1.25,
      "duracion": 0.48,
      "texto": "Sí.",
      "confianza": 0.6
    },
    {
      "hablante": "Hablante A",
      "inicio": 1.27,
      "fin": 7.76,
      "duracion": 6.49,
      "texto": "¿Quién habla?",
      "confianza": 0.644
    },
    {
      "hablante": "Hablante A",
      "inicio": 7.78,
      "fin": 11.77,
      "duracion": 3.99,
      "texto": "¿Cómo?",
      "confianza": 0.762
    },
    {
      "hablante": "Hablante A",
      "inicio": 11.83,
      "fin": 14.29,
      "duracion": 2.46,
      "texto": "Sí.",
      "confianza": 0.469
    },
    {
      "hablante": "Hablante A",
      "inicio": 14.31,
      "fin": 14.37,
      "duracion": 0.06,
      "texto": "Sí.",
      "confianza": 0.152
    },
    {
      "hablante": "Hablante A",
      "inicio": 14.39,
      "fin": 15.44,
      "duracion": 1.04,
      "texto": "Sí.",
      "confianza": 0.377
    },
    {
      "hablante": "Hablante A",
      "inicio": 15.92,
      "fin": 18.04,
      "duracion": 2.12,
      "texto": "Sí.",
      "confianza": 0.369
    },
    {
      "hablante": "Hablante A",
      "inicio": 18.12,
      "fin": 18.6,
      "duracion": 0.48,
      "texto": "Sí.",
      "confianza": 0.493
    },
    {
      "hablante": "Hablante A",
      "inicio": 19.8,
      "fin": 21.12,
      "duracion": 1.32,
      "texto": "Sí.",
      "confianza": 0.454
    },
    {
      "hablante": "Hablante A",
      "inicio": 21.34,
      "fin": 22.43,
      "duracion": 1.08,
      "texto": "Sí.",
      "confianza": 0.432
    },
    {
      "hablante": "Hablante A",
      "inicio": 22.47,
      "fin": 23.43,
      "duracion": 0.96,
      "texto": "Sí.",
      "confianza": 0.576
    },
    {
      "hablante": "Hablante A",
      "inicio": 23.75,
      "fin": 24.15,
      "duracion": 0.4,
      "texto": "Sí.",
      "confianza": 0.538
    },
    {
      "hablante": "Hablante B",
      "inicio": 27.77,
      "fin": 28.29,
      "duracion": 0.52,
      "texto": "¿Cómo?",
      "confianza": 0.5
    },
    {
      "hablante": "Hablante B",
      "inicio": 28.31,
      "fin": 32.78,
      "duracion": 4.47,
      "texto": "No entiendo, porque estoy en el campo y ya tengo muchas señales.",
      "confianza": 0.287
    },
    {
      "hablante": "Hablante B",
      "inicio": 32.8,
      "fin": 39.51,
      "duracion": 6.71,
      "texto": "Ajá, entiendo.",
      "confianza": 0.432
    },
    {
      "hablante": "Hablante B",
      "inicio": 39.53,
      "fin": 45.9,
      "duracion": 6.37,
      "texto": "¿Te consultabas y por qué motivos te habías ido de movistar?",
      "confianza": 0.294
    },
    {
      "hablante": "Hablante B",
      "inicio": 45.92,
      "fin": 50.56,
      "duracion": 4.65,
      "texto": "No, porque no me daban solución en los trenes.",
      "confianza": 0.497
    },
    {
      "hablante": "Hablante B",
      "inicio": 50.59,
      "fin": 50.91,
      "duracion": 0.32,
      "texto": "Comprendo.",
      "confianza": 0.172
    },
    {
      "hablante": "Hablante B",
      "inicio": 50.92,
      "fin": 51.35,
      "duracion": 0.42,
      "texto": "O sea, no sé.",
      "confianza": 0.232
    },
    {
      "hablante": "Hablante B",
      "inicio": 51.37,
      "fin": 52.19,
      "duracion": 0.82,
      "texto": "Yo hablo de una opción y luego, ¿sabes?",
      "confianza": 0.029
    },
    {
      "hablante": "Hablante B",
      "inicio": 52.21,
      "fin": 52.77,
      "duracion": 0.56,
      "texto": "Por supuesto.",
      "confianza": 0.513
    },
    {
      "hablante": "Hablante B",
      "inicio": 53.09,
      "fin": 79.26,
      "duracion": 26.17,
      "texto": "En este caso, Miguel, tengo para brindarte lo que es un plan de 8 días de base, más 8 de regalos, van a ser 16 gigas en total, whatsapp gratis, llamadas libres a todas las compañías por un precio final de 10,400 pesos.",
      "confianza": 0.658
    },
    {
      "hablante": "Hablante B",
      "inicio": 79.28,
      "fin": 79.5,
      "duracion": 0.22,
      "texto": "¿Sí?",
      "confianza": 0.407
    },
    {
      "hablante": "Hablante A",
      "inicio": 81.27,
      "fin": 83.95,
      "duracion": 2.68,
      "texto": "El trámite, Miguel, sería súper sencillo.",
      "confianza": 0.535
    },
    {
      "hablante": "Hablante A",
      "inicio": 84.05,
      "fin": 90.78,
      "duracion": 6.73,
      "texto": "Simplemente verificamos los datos y te enviamos el chip a la sucursal de Andrés ni más cerquito a tu domicilio.",
      "confianza": 0.68
    },
    {
      "hablante": "Hablante A",
      "inicio": 90.8,
      "fin": 94.63,
      "duracion": 3.83,
      "texto": "¿Bien?",
      "confianza": 0.657
    },
    {
      "hablante": "Hablante A",
      "inicio": 94.65,
      "fin": 99.72,
      "duracion": 5.07,
      "texto": "Te estaría llegando en un plazo de 48 a 72 horas hábiles aproximadamente.",
      "confianza": 0.698
    },
    {
      "hablante": "Hablante A",
      "inicio": 99.82,
      "fin": 107.35,
      "duracion": 7.53,
      "texto": "Lo hacemos de esta manera, Miguel, para que cuando la línea de clara deje de funcionar, vos ya tengas tu chisme de estar con vos.",
      "confianza": 0.628
    },
    {
      "hablante": "Hablante A",
      "inicio": 107.37,
      "fin": 107.95,
      "duracion": 0.58,
      "texto": "¿Sí?",
      "confianza": 0.429
    },
    {
      "hablante": "Hablante A",
      "inicio": 108.88,
      "fin": 109.94,
      "duracion": 1.06,
      "texto": "Claro, pero ¿sabía qué pasa?",
      "confianza": 0.417
    },
    {
      "hablante": "Hablante A",
      "inicio": 110.0,
      "fin": 116.75,
      "duracion": 6.75,
      "texto": "Que también tengo internet acá.",
      "confianza": 0.38
    },
    {
      "hablante": "Hablante A",
      "inicio": 116.77,
      "fin": 117.45,
      "duracion": 0.68,
      "texto": "Ajá.",
      "confianza": 0.335
    },
    {
      "hablante": "Hablante A",
      "inicio": 117.47,
      "fin": 117.57,
      "duracion": 0.1,
      "texto": "Bien.",
      "confianza": 0.009
    },
    {
      "hablante": "Hablante A",
      "inicio": 117.59,
      "fin": 123.92,
      "duracion": 6.33,
      "texto": "A ver, déjame que chequeen.",
      "confianza": 0.486
    },
    {
      "hablante": "Hablante A",
      "inicio": 123.94,
      "fin": 124.86,
      "duracion": 0.92,
      "texto": "Pero bueno, creo que... Bien.",
      "confianza": 0.187
    },
    {
      "hablante": "Hablante A",
      "inicio": 125.64,
      "fin": 129.58,
      "duracion": 3.94,
      "texto": "Claro, en este caso, en el servicio de internet todavía no contamos, ¿sí?",
      "confianza": 0.706
    },
    {
      "hablante": "Hablante A",
      "inicio": 129.9,
      "fin": 138.06,
      "duracion": 8.15,
      "texto": "En esta zona se está trabajando para en poco tiempo poder brindarles todo lo que es el servicio completo.",
      "confianza": 0.75
    },
    {
      "hablante": "Hablante A",
      "inicio": 139.2,
      "fin": 145.91,
      "duracion": 6.71,
      "texto": "solo lo que te puedo brindar es lo que sería la línea móvil, nada más.",
      "confianza": 0.537
    },
    {
      "hablante": "Hablante A",
      "inicio": 145.93,
      "fin": 149.79,
      "duracion": 3.86,
      "texto": "Ah, no, claro, pero vos me cortas el internet en casa después.",
      "confianza": 0.087
    },
    {
      "hablante": "Hablante A",
      "inicio": 150.47,
      "fin": 155.42,
      "duracion": 4.94,
      "texto": "No, no se cortaría, vos continuarías con el internet de claro y con la línea de movistar.",
      "confianza": 0.859
    },
    {
      "hablante": "Hablante B",
      "inicio": 157.56,
      "fin": 161.88,
      "duracion": 4.32,
      "texto": "Pero no se cortaría en el servicio de internet, por supuesto que no.",
      "confianza": 0.781
    },
    {
      "hablante": "Hablante A",
      "inicio": 165.19,
      "fin": 165.65,
      "duracion": 0.46,
      "texto": "Sí, sí, ahora entiendo.",
      "confianza": 0.007
    },
    {
      "hablante": "Hablante A",
      "inicio": 165.67,
      "fin": 168.63,
      "duracion": 2.96,
      "texto": "No, no, claro, vos continuas con el servicio de internet tu domicilio.",
      "confianza": 0.571
    },
    {
      "hablante": "Hablante A",
      "inicio": 169.24,
      "fin": 180.13,
      "duracion": 10.89,
      "texto": "y aparte vas a tener el servicio del teléfono, de la línea móvil para tu teléfono.",
      "confianza": 0.611
    },
    {
      "hablante": "Hablante A",
      "inicio": 180.15,
      "fin": 182.59,
      "duracion": 2.44,
      "texto": "Así que en ese caso no habría inconvenientes.",
      "confianza": 0.666
    },
    {
      "hablante": "Hablante B",
      "inicio": 185.79,
      "fin": 191.58,
      "duracion": 5.78,
      "texto": "Y si me querés llamar a la tarde porque yo estoy trabajando ahora, pídeme en el campo y te pudo recordar.",
      "confianza": 0.22
    },
    {
      "hablante": "Hablante B",
      "inicio": 191.6,
      "fin": 198.92,
      "duracion": 7.33,
      "texto": "Te mando un mensajito de WhatsApp ahora para que vos tengas mi número y te envío también las promociones para que vos no puedas hablar tranquilo y te llamo en un ratito.",
      "confianza": 0.662
    },
    {
      "hablante": "Hablante B",
      "inicio": 199.98,
      "fin": 203.15,
      "duracion": 3.16,
      "texto": "Que estén muy bien, que tengas muy buen día.",
      "confianza": 0.711
    },
    {
      "hablante": "Hablante B",
      "inicio": 204.2,
      "fin": 205.28,
      "duracion": 1.09,
      "texto": "Chau, buen día.",
      "confianza": 0.188
    }
  ],
  "transcripcion_completa": "Sí. ¿Quién habla? ¿Cómo? Sí. Sí. Sí. Sí. Sí. Sí. Sí. Sí. Sí. ¿Cómo? No entiendo, porque estoy en el campo y ya tengo muchas señales. Ajá, entiendo. ¿Te consultabas y por qué motivos te habías ido de movistar? No, porque no me daban solución en los trenes. Comprendo. O sea, no sé. Yo hablo de una opción y luego, ¿sabes? Por supuesto. En este caso, Miguel, tengo para brindarte lo que es un plan de 8 días de base, más 8 de regalos, van a ser 16 gigas en total, whatsapp gratis, llamadas libres a todas las compañías por un precio final de 10,400 pesos. ¿Sí? El trámite, Miguel, sería súper sencillo. Simplemente verificamos los datos y te enviamos el chip a la sucursal de Andrés ni más cerquito a tu domicilio. ¿Bien? Te estaría llegando en un plazo de 48 a 72 horas hábiles aproximadamente. Lo hacemos de esta manera, Miguel, para que cuando la línea de clara deje de funcionar, vos ya tengas tu chisme de estar con vos. ¿Sí? Claro, pero ¿sabía qué pasa? Que también tengo internet acá. Ajá. Bien. A ver, déjame que chequeen. Pero bueno, creo que... Bien. Claro, en este caso, en el servicio de internet todavía no contamos, ¿sí? En esta zona se está trabajando para en poco tiempo poder brindarles todo lo que es el servicio completo. solo lo que te puedo brindar es lo que sería la línea móvil, nada más. Ah, no, claro, pero vos me cortas el internet en casa después. No, no se cortaría, vos continuarías con el internet de claro y con la línea de movistar. Pero no se cortaría en el servicio de internet, por supuesto que no. Sí, sí, ahora entiendo. No, no, claro, vos continuas con el servicio de internet tu domicilio. y aparte vas a tener el servicio del teléfono, de la línea móvil para tu teléfono. Así que en ese caso no habría inconvenientes. Y si me querés llamar a la tarde porque yo estoy trabajando ahora, pídeme en el campo y te pudo recordar. Te mando un mensajito de WhatsApp ahora para que vos tengas mi número y te envío también las promociones para que vos no puedas hablar tranquilo y te llamo en un ratito. Que estén muy bien, que tengas muy buen día. Chau, buen día.",
  "calidad": {
    "confianza_promedio": 0.463,
    "metodo_diarizacion": "pausas_fallback",
    "tiempo_procesamiento": 7.6
  },
  "metadata": {
    "modelo": "whisperx_medium",
    "diarizacion": "pausas",
    "dispositivo": "cuda",
    "fecha": "2026-01-25T18:17:10.995602",
    "version": "5.0_ecapa"
  }
}