{
  "archivo": "amza23_1_260123105046432_ACD_15833.wav",
  "duracion_segundos": 109.79,
  "num_segmentos": 31,
  "num_hablantes": 2,
  "hablantes": [
    "Hablante A",
    "Hablante B"
  ],
  "tiempo_por_hablante": {
    "Hablante B": 33.89,
    "Hablante A": 56.03
  },
  "idioma": "es",
  "conversacion": [
    {
      "hablante": "Hablante B",
      "inicio": 2.14,
      "fin": 5.62,
      "duracion": 3.48,
      "texto": "Hola, buen día.",
      "confianza": 0.259
    },
    {
      "hablante": "Hablante B",
      "inicio": 5.64,
      "fin": 6.0,
      "duracion": 0.36,
      "texto": "¿Cómo le va?",
      "confianza": 0.371
    },
    {
      "hablante": "Hablante B",
      "inicio": 6.02,
      "fin": 14.41,
      "duracion": 8.39,
      "texto": "¿Me comunico con el titular de La Línea?",
      "confianza": 0.79
    },
    {
      "hablante": "Hablante B",
      "inicio": 14.43,
      "fin": 18.61,
      "duracion": 4.18,
      "texto": "¿Con quién quiero hablar?",
      "confianza": 0.116
    },
    {
      "hablante": "Hablante B",
      "inicio": 18.64,
      "fin": 18.86,
      "duracion": 0.22,
      "texto": "¿Puede ser?",
      "confianza": 0.014
    },
    {
      "hablante": "Hablante B",
      "inicio": 18.88,
      "fin": 19.23,
      "duracion": 0.36,
      "texto": "Sí, soy su amante.",
      "confianza": 0.01
    },
    {
      "hablante": "Hablante B",
      "inicio": 19.25,
      "fin": 19.5,
      "duracion": 0.24,
      "texto": "¿Cómo le va?",
      "confianza": 0.019
    },
    {
      "hablante": "Hablante B",
      "inicio": 19.52,
      "fin": 24.54,
      "duracion": 5.02,
      "texto": "Margarina, mi nombre te estamos contactando para brindarle en el día de hoy una promoción de La Línea.",
      "confianza": 0.692
    },
    {
      "hablante": "Hablante B",
      "inicio": 24.58,
      "fin": 26.26,
      "duracion": 1.68,
      "texto": "No sé si le podré comentar a usted.",
      "confianza": 0.702
    },
    {
      "hablante": "Hablante A",
      "inicio": 30.12,
      "fin": 30.81,
      "duracion": 0.68,
      "texto": "Sí, igual yo pago todas las cosas.",
      "confianza": 0.007
    },
    {
      "hablante": "Hablante A",
      "inicio": 30.83,
      "fin": 32.15,
      "duracion": 1.32,
      "texto": "Bien, perfecto.",
      "confianza": 0.809
    },
    {
      "hablante": "Hablante A",
      "inicio": 32.35,
      "fin": 32.95,
      "duracion": 0.6,
      "texto": "Perfecto.",
      "confianza": 0.723
    },
    {
      "hablante": "Hablante A",
      "inicio": 33.11,
      "fin": 37.01,
      "duracion": 3.91,
      "texto": "Usted debe saber, entonces, cuánto que está abonando él con la línea de claro.",
      "confianza": 0.597
    },
    {
      "hablante": "Hablante B",
      "inicio": 38.63,
      "fin": 40.26,
      "duracion": 1.62,
      "texto": "Sí, 5.000 pesos abonan.",
      "confianza": 0.118
    },
    {
      "hablante": "Hablante B",
      "inicio": 40.28,
      "fin": 41.68,
      "duracion": 1.4,
      "texto": "¿Cuánto?",
      "confianza": 0.526
    },
    {
      "hablante": "Hablante B",
      "inicio": 41.7,
      "fin": 44.26,
      "duracion": 2.56,
      "texto": "5.000 pesos, 7 gigas.",
      "confianza": 0.144
    },
    {
      "hablante": "Hablante B",
      "inicio": 44.28,
      "fin": 44.98,
      "duracion": 0.7,
      "texto": "¿Sólo 7?",
      "confianza": 0.562
    },
    {
      "hablante": "Hablante A",
      "inicio": 48.37,
      "fin": 48.87,
      "duracion": 0.5,
      "texto": "Sí, 7 gigas, 5.000 pesos.",
      "confianza": 0.044
    },
    {
      "hablante": "Hablante A",
      "inicio": 48.89,
      "fin": 54.81,
      "duracion": 5.93,
      "texto": "Porque nosotros vamos a tener lo que es también gigas de regalo en el caso de que acceda a la compañía Movistar.",
      "confianza": 0.762
    },
    {
      "hablante": "Hablante A",
      "inicio": 55.4,
      "fin": 58.22,
      "duracion": 2.82,
      "texto": "El plan que tenemos en el día de hoy",
      "confianza": 0.787
    },
    {
      "hablante": "Hablante A",
      "inicio": 58.45,
      "fin": 65.48,
      "duracion": 7.03,
      "texto": "Tenemos dos propuestas, una es de un plan de 8.000 pesos con 18 gigas en total y todo bonificado.",
      "confianza": 0.8
    },
    {
      "hablante": "Hablante A",
      "inicio": 66.22,
      "fin": 70.98,
      "duracion": 4.76,
      "texto": "Los gigas de regalo tienen una durabilidad por 6 meses, ¿sí?",
      "confianza": 0.708
    },
    {
      "hablante": "Hablante A",
      "inicio": 71.0,
      "fin": 81.88,
      "duracion": 10.87,
      "texto": "Si no tenemos un plan más económico de 14 gigas, que también son 10 de regalo, son 4 del base más 10 de regalo, con la misma durabilidad por un costo de 6.450 pesos.",
      "confianza": 0.749
    },
    {
      "hablante": "Hablante A",
      "inicio": 81.95,
      "fin": 85.76,
      "duracion": 3.8,
      "texto": "Oh, mira, está bueno, pero...",
      "confianza": 0.239
    },
    {
      "hablante": "Hablante A",
      "inicio": 85.97,
      "fin": 93.83,
      "duracion": 7.85,
      "texto": "Hay un problema, su marido se va a dar cuenta cuando vea que está cambiada de empresa, de compañía.",
      "confianza": 0.635
    },
    {
      "hablante": "Hablante B",
      "inicio": 95.91,
      "fin": 99.59,
      "duracion": 3.68,
      "texto": "Bien, perfecto.",
      "confianza": 0.876
    },
    {
      "hablante": "Hablante A",
      "inicio": 101.34,
      "fin": 102.86,
      "duracion": 1.52,
      "texto": "Por el momento no le interesaría.",
      "confianza": 0.697
    },
    {
      "hablante": "Hablante A",
      "inicio": 104.32,
      "fin": 105.84,
      "duracion": 1.52,
      "texto": "Sí, por el momento no todavía.",
      "confianza": 0.409
    },
    {
      "hablante": "Hablante A",
      "inicio": 106.6,
      "fin": 107.71,
      "duracion": 1.1,
      "texto": "Bueno, no hay problema.",
      "confianza": 0.524
    },
    {
      "hablante": "Hablante A",
      "inicio": 107.95,
      "fin": 109.47,
      "duracion": 1.52,
      "texto": "Hasta luego.",
      "confianza": 0.585
    },
    {
      "hablante": "Hablante A",
      "inicio": 109.49,
      "fin": 109.79,
      "duracion": 0.3,
      "texto": "Hasta luego.",
      "confianza": 0.182
    }
  ],
  "transcripcion_completa": "Hola, buen día. ¿Cómo le va? ¿Me comunico con el titular de La Línea? ¿Con quién quiero hablar? ¿Puede ser? Sí, soy su amante. ¿Cómo le va? Margarina, mi nombre te estamos contactando para brindarle en el día de hoy una promoción de La Línea. No sé si le podré comentar a usted. Sí, igual yo pago todas las cosas. Bien, perfecto. Perfecto. Usted debe saber, entonces, cuánto que está abonando él con la línea de claro. Sí, 5.000 pesos abonan. ¿Cuánto? 5.000 pesos, 7 gigas. ¿Sólo 7? Sí, 7 gigas, 5.000 pesos. Porque nosotros vamos a tener lo que es también gigas de regalo en el caso de que acceda a la compañía Movistar. El plan que tenemos en el día de hoy Tenemos dos propuestas, una es de un plan de 8.000 pesos con 18 gigas en total y todo bonificado. Los gigas de regalo tienen una durabilidad por 6 meses, ¿sí? Si no tenemos un plan más económico de 14 gigas, que también son 10 de regalo, son 4 del base más 10 de regalo, con la misma durabilidad por un costo de 6.450 pesos. Oh, mira, está bueno, pero... Hay un problema, su marido se va a dar cuenta cuando vea que está cambiada de empresa, de compañía. Bien, perfecto. Por el momento no le interesaría. Sí, por el momento no todavía. Bueno, no hay problema. Hasta luego. Hasta luego.",
  "calidad": {
    "confianza_promedio": 0.466,
    "metodo_diarizacion": "pausas_fallback",
    "tiempo_procesamiento": 5.6
  },
  "metadata": {
    "modelo": "whisperx_medium",
    "diarizacion": "pausas",
    "dispositivo": "cuda",
    "fecha": "2026-01-26T02:03:03.853688",
    "version": "5.0_ecapa"
  }
}