{
  "archivo": "amza20_1_260119114553946_ACD_17181.wav",
  "duracion_segundos": 107.76,
  "num_segmentos": 32,
  "num_hablantes": 2,
  "hablantes": [
    "Hablante A",
    "Hablante B"
  ],
  "tiempo_por_hablante": {
    "Hablante A": 24.22,
    "Hablante B": 68.81
  },
  "idioma": "es",
  "conversacion": [
    {
      "hablante": "Hablante A",
      "inicio": 0.03,
      "fin": 4.6,
      "duracion": 4.57,
      "texto": "Hola, buenos días, María.",
      "confianza": 0.096
    },
    {
      "hablante": "Hablante A",
      "inicio": 4.62,
      "fin": 4.68,
      "duracion": 0.06,
      "texto": "Sí.",
      "confianza": 0.551
    },
    {
      "hablante": "Hablante A",
      "inicio": 4.7,
      "fin": 7.32,
      "duracion": 2.62,
      "texto": "María Tomás es mi nombre, me comunico al día de Beneficios Movistar.",
      "confianza": 0.575
    },
    {
      "hablante": "Hablante A",
      "inicio": 7.86,
      "fin": 9.41,
      "duracion": 1.54,
      "texto": "Actualmente contás un claro, ¿correcto?",
      "confianza": 0.751
    },
    {
      "hablante": "Hablante B",
      "inicio": 13.49,
      "fin": 13.77,
      "duracion": 0.28,
      "texto": "Sí, es verdad.",
      "confianza": 0.007
    },
    {
      "hablante": "Hablante B",
      "inicio": 13.79,
      "fin": 14.51,
      "duracion": 0.72,
      "texto": "Bien, perfecto.",
      "confianza": 0.334
    },
    {
      "hablante": "Hablante B",
      "inicio": 14.53,
      "fin": 17.38,
      "duracion": 2.84,
      "texto": "El martes me llamó si queríamos hablarte del plan que tenías actualmente con tu línea.",
      "confianza": 0.583
    },
    {
      "hablante": "Hablante B",
      "inicio": 17.4,
      "fin": 24.53,
      "duracion": 7.13,
      "texto": "¿Actualmente estás con abono o con prepago en claro?",
      "confianza": 0.471
    },
    {
      "hablante": "Hablante B",
      "inicio": 24.55,
      "fin": 24.75,
      "duracion": 0.2,
      "texto": "Con abono.",
      "confianza": 0.006
    },
    {
      "hablante": "Hablante B",
      "inicio": 24.77,
      "fin": 25.43,
      "duracion": 0.66,
      "texto": "Bien, perfecto.",
      "confianza": 0.517
    },
    {
      "hablante": "Hablante B",
      "inicio": 25.58,
      "fin": 28.3,
      "duracion": 2.72,
      "texto": "Y te consulto, ¿solo ocupar mucho internet en la línea o 8 GB?",
      "confianza": 0.524
    },
    {
      "hablante": "Hablante B",
      "inicio": 28.32,
      "fin": 32.81,
      "duracion": 4.49,
      "texto": "¿O no solo dejar mucho interés en los teléfonos?",
      "confianza": 0.384
    },
    {
      "hablante": "Hablante B",
      "inicio": 32.83,
      "fin": 33.71,
      "duracion": 0.88,
      "texto": "Ahora le voy a dar mucho, mucho.",
      "confianza": 0.019
    },
    {
      "hablante": "Hablante B",
      "inicio": 33.85,
      "fin": 36.48,
      "duracion": 2.62,
      "texto": "Bien, perfecto.",
      "confianza": 0.364
    },
    {
      "hablante": "Hablante B",
      "inicio": 36.5,
      "fin": 38.66,
      "duracion": 2.16,
      "texto": "Bueno, mira, te comento el plan que tengo para averiguarte, ¿sí?",
      "confianza": 0.491
    },
    {
      "hablante": "Hablante B",
      "inicio": 39.16,
      "fin": 41.34,
      "duracion": 2.18,
      "texto": "Tengo un plan que cuenta con lo que son 8 GB de base, ¿bien?",
      "confianza": 0.63
    },
    {
      "hablante": "Hablante B",
      "inicio": 41.37,
      "fin": 43.59,
      "duracion": 2.22,
      "texto": "Si te regalan 8 más durante 6 meses tendrías 16.",
      "confianza": 0.632
    },
    {
      "hablante": "Hablante B",
      "inicio": 43.61,
      "fin": 47.98,
      "duracion": 4.37,
      "texto": "Tienes WhatsApp, te llamas libre a todas las compañías, ir rumen en América ya incluido, ¿bien?",
      "confianza": 0.568
    },
    {
      "hablante": "Hablante B",
      "inicio": 48.08,
      "fin": 49.76,
      "duracion": 1.68,
      "texto": "Y te queda un precio de 10.400 pesos.",
      "confianza": 0.678
    },
    {
      "hablante": "Hablante B",
      "inicio": 50.0,
      "fin": 52.48,
      "duracion": 2.48,
      "texto": "Bien, ese es uno de los planes que nosotros tenemos en promoción, ¿bien?",
      "confianza": 0.567
    },
    {
      "hablante": "Hablante B",
      "inicio": 52.85,
      "fin": 62.12,
      "duracion": 9.27,
      "texto": "Como te digo, tendrías las 6 gigas en caso de que te sobren, los puedes ir guardando a mesa a mes, mientras que tienes nunca 5 en el tibian y pagarías por días que no ocupas, ¿bien?",
      "confianza": 0.543
    },
    {
      "hablante": "Hablante B",
      "inicio": 62.14,
      "fin": 68.39,
      "duracion": 6.25,
      "texto": "Te consulta la única línea que no tenés mejor tu nombre o tenés alguna otra.",
      "confianza": 0.674
    },
    {
      "hablante": "Hablante B",
      "inicio": 68.41,
      "fin": 68.93,
      "duracion": 0.52,
      "texto": "Tengo, tengo otra.",
      "confianza": 0.24
    },
    {
      "hablante": "Hablante B",
      "inicio": 68.95,
      "fin": 70.87,
      "duracion": 1.92,
      "texto": "Bien, serían dos.",
      "confianza": 0.268
    },
    {
      "hablante": "Hablante B",
      "inicio": 70.89,
      "fin": 78.18,
      "duracion": 7.29,
      "texto": "Bueno, miren, en caso de que dos portes, las dos líneas se te sumarían 4 gigas cada línea y quedarían con 20 gigas cada línea, ¿sí?",
      "confianza": 0.736
    },
    {
      "hablante": "Hablante B",
      "inicio": 78.74,
      "fin": 81.86,
      "duracion": 3.12,
      "texto": "ese sería uno de los planes que tenemos para brindarte, ¿bien?",
      "confianza": 0.749
    },
    {
      "hablante": "Hablante B",
      "inicio": 81.88,
      "fin": 84.69,
      "duracion": 2.81,
      "texto": "No sé que te parezca ahí, decime si tenés alguna duda con respecto al plan.",
      "confianza": 0.694
    },
    {
      "hablante": "Hablante A",
      "inicio": 92.26,
      "fin": 98.69,
      "duracion": 6.43,
      "texto": "No, pero por ahora no voy a cambiar.",
      "confianza": 0.407
    },
    {
      "hablante": "Hablante A",
      "inicio": 98.71,
      "fin": 100.13,
      "duracion": 1.42,
      "texto": "Bien, entiendo, ¿por qué el motivo no le interesa?",
      "confianza": 0.022
    },
    {
      "hablante": "Hablante A",
      "inicio": 100.15,
      "fin": 104.06,
      "duracion": 3.91,
      "texto": "Porque me voy a hacer vacaciones y quiero quedarme aquí tranquila y después de que vuelva veré qué hago.",
      "confianza": 0.015
    },
    {
      "hablante": "Hablante A",
      "inicio": 104.08,
      "fin": 107.46,
      "duracion": 3.39,
      "texto": "Bueno, no hay problema entonces, Lara, eso es atención.",
      "confianza": 0.406
    },
    {
      "hablante": "Hablante A",
      "inicio": 107.48,
      "fin": 107.76,
      "duracion": 0.28,
      "texto": "No, por favor.",
      "confianza": 0.093
    }
  ],
  "transcripcion_completa": "Hola, buenos días, María. Sí. María Tomás es mi nombre, me comunico al día de Beneficios Movistar. Actualmente contás un claro, ¿correcto? Sí, es verdad. Bien, perfecto. El martes me llamó si queríamos hablarte del plan que tenías actualmente con tu línea. ¿Actualmente estás con abono o con prepago en claro? Con abono. Bien, perfecto. Y te consulto, ¿solo ocupar mucho internet en la línea o 8 GB? ¿O no solo dejar mucho interés en los teléfonos? Ahora le voy a dar mucho, mucho. Bien, perfecto. Bueno, mira, te comento el plan que tengo para averiguarte, ¿sí? Tengo un plan que cuenta con lo que son 8 GB de base, ¿bien? Si te regalan 8 más durante 6 meses tendrías 16. Tienes WhatsApp, te llamas libre a todas las compañías, ir rumen en América ya incluido, ¿bien? Y te queda un precio de 10.400 pesos. Bien, ese es uno de los planes que nosotros tenemos en promoción, ¿bien? Como te digo, tendrías las 6 gigas en caso de que te sobren, los puedes ir guardando a mesa a mes, mientras que tienes nunca 5 en el tibian y pagarías por días que no ocupas, ¿bien? Te consulta la única línea que no tenés mejor tu nombre o tenés alguna otra. Tengo, tengo otra. Bien, serían dos. Bueno, miren, en caso de que dos portes, las dos líneas se te sumarían 4 gigas cada línea y quedarían con 20 gigas cada línea, ¿sí? ese sería uno de los planes que tenemos para brindarte, ¿bien? No sé que te parezca ahí, decime si tenés alguna duda con respecto al plan. No, pero por ahora no voy a cambiar. Bien, entiendo, ¿por qué el motivo no le interesa? Porque me voy a hacer vacaciones y quiero quedarme aquí tranquila y después de que vuelva veré qué hago. Bueno, no hay problema entonces, Lara, eso es atención. No, por favor.",
  "calidad": {
    "confianza_promedio": 0.425,
    "metodo_diarizacion": "pausas_fallback",
    "tiempo_procesamiento": 6.0
  },
  "metadata": {
    "modelo": "whisperx_medium",
    "diarizacion": "pausas",
    "dispositivo": "cuda",
    "fecha": "2026-01-25T17:49:11.890963",
    "version": "5.0_ecapa"
  }
}