{
  "archivo": "amza23_1_260119121400210_ACD_91623.wav",
  "duracion_segundos": 107.26,
  "num_segmentos": 33,
  "num_hablantes": 2,
  "hablantes": [
    "Hablante A",
    "Hablante B"
  ],
  "tiempo_por_hablante": {
    "Hablante B": 40.14,
    "Hablante A": 46.99
  },
  "idioma": "es",
  "conversacion": [
    {
      "hablante": "Hablante B",
      "inicio": 1.75,
      "fin": 3.17,
      "duracion": 1.42,
      "texto": "Hola, buen día.",
      "confianza": 0.091
    },
    {
      "hablante": "Hablante B",
      "inicio": 3.19,
      "fin": 7.14,
      "duracion": 3.94,
      "texto": "¿Cómo haría Cristina?",
      "confianza": 0.127
    },
    {
      "hablante": "Hablante B",
      "inicio": 7.16,
      "fin": 7.54,
      "duracion": 0.38,
      "texto": "No.",
      "confianza": 0.343
    },
    {
      "hablante": "Hablante B",
      "inicio": 7.56,
      "fin": 8.48,
      "duracion": 0.92,
      "texto": "¿Cómo te va?",
      "confianza": 0.768
    },
    {
      "hablante": "Hablante B",
      "inicio": 8.5,
      "fin": 10.82,
      "duracion": 2.32,
      "texto": "Yo familiar de ella, ¿verdad?",
      "confianza": 0.713
    },
    {
      "hablante": "Hablante B",
      "inicio": 10.84,
      "fin": 10.9,
      "duracion": 0.06,
      "texto": "Sí.",
      "confianza": 0.461
    },
    {
      "hablante": "Hablante B",
      "inicio": 12.32,
      "fin": 12.79,
      "duracion": 0.46,
      "texto": "Un gusto.",
      "confianza": 0.346
    },
    {
      "hablante": "Hablante B",
      "inicio": 12.8,
      "fin": 24.56,
      "duracion": 11.75,
      "texto": "Macarena es mi nombre, nos estábamos contratando para brindarle una promoción exclusiva a las líneas, ya que no figura que ella tiene líneas, es su nombre y que eso sería de claro, ¿correcto?",
      "confianza": 0.642
    },
    {
      "hablante": "Hablante B",
      "inicio": 24.58,
      "fin": 24.64,
      "duracion": 0.06,
      "texto": "Sí.",
      "confianza": 0.333
    },
    {
      "hablante": "Hablante B",
      "inicio": 25.38,
      "fin": 26.6,
      "duracion": 1.22,
      "texto": "Bien, perfecto.",
      "confianza": 0.347
    },
    {
      "hablante": "Hablante B",
      "inicio": 26.62,
      "fin": 33.17,
      "duracion": 6.55,
      "texto": "No sé si sabrás cuánto estamos ganando ya aproximadamente por la línea y qué cantidad de gigas tiene la compañía.",
      "confianza": 0.649
    },
    {
      "hablante": "Hablante A",
      "inicio": 35.25,
      "fin": 39.56,
      "duracion": 4.31,
      "texto": "No, la verdad que no, me mataste.",
      "confianza": 0.133
    },
    {
      "hablante": "Hablante A",
      "inicio": 39.58,
      "fin": 55.0,
      "duracion": 15.42,
      "texto": "Bien, porque tenemos una promoción en 7460 que es de 4 gigas de base más 4 gigas de regalo con una durabilidad por 6 meses y 4 adicionales en el caso de que le interese pasar todas las líneas.",
      "confianza": 0.788
    },
    {
      "hablante": "Hablante A",
      "inicio": 55.99,
      "fin": 60.25,
      "duracion": 4.27,
      "texto": "¿A qué empresa sería?",
      "confianza": 0.672
    },
    {
      "hablante": "Hablante A",
      "inicio": 60.95,
      "fin": 61.91,
      "duracion": 0.96,
      "texto": "7,460.",
      "confianza": 0.764
    },
    {
      "hablante": "Hablante A",
      "inicio": 62.3,
      "fin": 64.86,
      "duracion": 2.56,
      "texto": "No, pero ¿a qué empresa sería?",
      "confianza": 0.799
    },
    {
      "hablante": "Hablante A",
      "inicio": 65.06,
      "fin": 65.88,
      "duracion": 0.82,
      "texto": "Movistar.",
      "confianza": 0.797
    },
    {
      "hablante": "Hablante B",
      "inicio": 67.4,
      "fin": 68.16,
      "duracion": 0.76,
      "texto": "No, está bien.",
      "confianza": 0.826
    },
    {
      "hablante": "Hablante B",
      "inicio": 69.56,
      "fin": 70.66,
      "duracion": 1.1,
      "texto": "Al menos, por mí no.",
      "confianza": 0.851
    },
    {
      "hablante": "Hablante B",
      "inicio": 71.67,
      "fin": 74.17,
      "duracion": 2.5,
      "texto": "En todo caso, le pregunto a ella y vuelvo a llamar.",
      "confianza": 0.77
    },
    {
      "hablante": "Hablante A",
      "inicio": 76.07,
      "fin": 77.03,
      "duracion": 0.96,
      "texto": "Bien.",
      "confianza": 0.794
    },
    {
      "hablante": "Hablante A",
      "inicio": 77.05,
      "fin": 77.53,
      "duracion": 0.48,
      "texto": "Bien, bien.",
      "confianza": 0.567
    },
    {
      "hablante": "Hablante A",
      "inicio": 77.55,
      "fin": 79.97,
      "duracion": 2.42,
      "texto": "¿En qué horario te parece que vuelva a contactarme?",
      "confianza": 0.612
    },
    {
      "hablante": "Hablante B",
      "inicio": 81.54,
      "fin": 84.68,
      "duracion": 3.14,
      "texto": "Si tú esperas a la tarde, tipo 5 o 6,",
      "confianza": 0.628
    },
    {
      "hablante": "Hablante B",
      "inicio": 86.03,
      "fin": 89.59,
      "duracion": 3.56,
      "texto": "Bueno, directamente me contacto a este número, es el tuyo, ¿verdad?",
      "confianza": 0.542
    },
    {
      "hablante": "Hablante A",
      "inicio": 91.43,
      "fin": 91.57,
      "duracion": 0.14,
      "texto": "Sí, sí.",
      "confianza": 0.068
    },
    {
      "hablante": "Hablante A",
      "inicio": 91.59,
      "fin": 93.14,
      "duracion": 1.54,
      "texto": "Bien, dale.",
      "confianza": 0.81
    },
    {
      "hablante": "Hablante A",
      "inicio": 93.16,
      "fin": 94.42,
      "duracion": 1.26,
      "texto": "¿Cómo es tu nombre?",
      "confianza": 0.187
    },
    {
      "hablante": "Hablante A",
      "inicio": 95.32,
      "fin": 96.72,
      "duracion": 1.4,
      "texto": "Almendra.",
      "confianza": 0.857
    },
    {
      "hablante": "Hablante A",
      "inicio": 96.74,
      "fin": 102.73,
      "duracion": 5.99,
      "texto": "Almendra, un gusto, ha sido muy amable y yo me vuelvo a contactar aproximadamente a esa hora, ¿sí?",
      "confianza": 0.667
    },
    {
      "hablante": "Hablante A",
      "inicio": 102.75,
      "fin": 105.44,
      "duracion": 2.68,
      "texto": "Dale, consulto y espero la llamada.",
      "confianza": 0.815
    },
    {
      "hablante": "Hablante A",
      "inicio": 105.45,
      "fin": 106.44,
      "duracion": 0.98,
      "texto": "Gracias.",
      "confianza": 0.88
    },
    {
      "hablante": "Hablante A",
      "inicio": 106.46,
      "fin": 107.26,
      "duracion": 0.8,
      "texto": "Que estés muy bien.",
      "confianza": 0.809
    }
  ],
  "transcripcion_completa": "Hola, buen día. ¿Cómo haría Cristina? No. ¿Cómo te va? Yo familiar de ella, ¿verdad? Sí. Un gusto. Macarena es mi nombre, nos estábamos contratando para brindarle una promoción exclusiva a las líneas, ya que no figura que ella tiene líneas, es su nombre y que eso sería de claro, ¿correcto? Sí. Bien, perfecto. No sé si sabrás cuánto estamos ganando ya aproximadamente por la línea y qué cantidad de gigas tiene la compañía. No, la verdad que no, me mataste. Bien, porque tenemos una promoción en 7460 que es de 4 gigas de base más 4 gigas de regalo con una durabilidad por 6 meses y 4 adicionales en el caso de que le interese pasar todas las líneas. ¿A qué empresa sería? 7,460. No, pero ¿a qué empresa sería? Movistar. No, está bien. Al menos, por mí no. En todo caso, le pregunto a ella y vuelvo a llamar. Bien. Bien, bien. ¿En qué horario te parece que vuelva a contactarme? Si tú esperas a la tarde, tipo 5 o 6, Bueno, directamente me contacto a este número, es el tuyo, ¿verdad? Sí, sí. Bien, dale. ¿Cómo es tu nombre? Almendra. Almendra, un gusto, ha sido muy amable y yo me vuelvo a contactar aproximadamente a esa hora, ¿sí? Dale, consulto y espero la llamada. Gracias. Que estés muy bien.",
  "calidad": {
    "confianza_promedio": 0.59,
    "metodo_diarizacion": "pausas_fallback",
    "tiempo_procesamiento": 5.4
  },
  "metadata": {
    "modelo": "whisperx_medium",
    "diarizacion": "pausas",
    "dispositivo": "cuda",
    "fecha": "2026-01-25T18:11:14.263795",
    "version": "5.0_ecapa"
  }
}