{
  "archivo": "amza23_1_260121103645975_ACD_11947.wav",
  "duracion_segundos": 66.44,
  "num_segmentos": 25,
  "num_hablantes": 2,
  "hablantes": [
    "Hablante A",
    "Hablante B"
  ],
  "tiempo_por_hablante": {
    "Hablante A": 3.6,
    "Hablante B": 49.75
  },
  "idioma": "es",
  "conversacion": [
    {
      "hablante": "Hablante A",
      "inicio": 0.64,
      "fin": 2.92,
      "duracion": 2.28,
      "texto": "Hola, ¿qué tal?",
      "confianza": 0.591
    },
    {
      "hablante": "Hablante A",
      "inicio": 2.94,
      "fin": 4.26,
      "duracion": 1.32,
      "texto": "Buen día, ¿con Nancy?",
      "confianza": 0.444
    },
    {
      "hablante": "Hablante B",
      "inicio": 7.09,
      "fin": 7.45,
      "duracion": 0.36,
      "texto": "Hola.",
      "confianza": 0.272
    },
    {
      "hablante": "Hablante B",
      "inicio": 7.47,
      "fin": 9.33,
      "duracion": 1.86,
      "texto": "Hola.",
      "confianza": 0.622
    },
    {
      "hablante": "Hablante B",
      "inicio": 9.35,
      "fin": 12.54,
      "duracion": 3.19,
      "texto": "¿Cómo le va?",
      "confianza": 0.614
    },
    {
      "hablante": "Hablante B",
      "inicio": 12.55,
      "fin": 12.79,
      "duracion": 0.24,
      "texto": "¿Cómo le va?",
      "confianza": 0.001
    },
    {
      "hablante": "Hablante B",
      "inicio": 12.81,
      "fin": 12.94,
      "duracion": 0.12,
      "texto": "¿Bien?",
      "confianza": 0.208
    },
    {
      "hablante": "Hablante B",
      "inicio": 12.96,
      "fin": 17.54,
      "duracion": 4.59,
      "texto": "A Karen y a mi nombre los estamos contactando para brindarle una promoción exclusiva a su línea.",
      "confianza": 0.684
    },
    {
      "hablante": "Hablante B",
      "inicio": 18.98,
      "fin": 21.09,
      "duracion": 2.1,
      "texto": "No, por el momento no me interesa.",
      "confianza": 0.55
    },
    {
      "hablante": "Hablante B",
      "inicio": 21.57,
      "fin": 22.47,
      "duracion": 0.9,
      "texto": "Por el momento no.",
      "confianza": 0.511
    },
    {
      "hablante": "Hablante B",
      "inicio": 22.49,
      "fin": 25.15,
      "duracion": 2.66,
      "texto": "Pero no les he comentado ninguna promoción todavía.",
      "confianza": 0.347
    },
    {
      "hablante": "Hablante B",
      "inicio": 25.17,
      "fin": 28.32,
      "duracion": 3.14,
      "texto": "No, no los había hablado antes y había dicho que no.",
      "confianza": 0.689
    },
    {
      "hablante": "Hablante B",
      "inicio": 29.11,
      "fin": 33.01,
      "duracion": 3.91,
      "texto": "¿Y qué promoción le brindaron, por casualidad, a $10,450 con 14 gigas?",
      "confianza": 0.667
    },
    {
      "hablante": "Hablante B",
      "inicio": 33.07,
      "fin": 33.63,
      "duracion": 0.56,
      "texto": "No, era menos.",
      "confianza": 0.592
    },
    {
      "hablante": "Hablante B",
      "inicio": 33.75,
      "fin": 39.4,
      "duracion": 5.65,
      "texto": "¿Era menos?",
      "confianza": 0.907
    },
    {
      "hablante": "Hablante B",
      "inicio": 39.42,
      "fin": 41.36,
      "duracion": 1.94,
      "texto": "Bien, ¿con menos gigas o menos valor?",
      "confianza": 0.655
    },
    {
      "hablante": "Hablante B",
      "inicio": 42.48,
      "fin": 45.01,
      "duracion": 2.52,
      "texto": "Menos valor.",
      "confianza": 0.812
    },
    {
      "hablante": "Hablante B",
      "inicio": 45.03,
      "fin": 47.25,
      "duracion": 2.22,
      "texto": "Bien, bien, bien.",
      "confianza": 0.658
    },
    {
      "hablante": "Hablante B",
      "inicio": 47.27,
      "fin": 55.12,
      "duracion": 7.85,
      "texto": "Bueno, no sé si le habrán comentado también acerca de lo que es el servicio de internet junto con la línea que le quedaría bonificada en 4,000 pesos con 8 gigas.",
      "confianza": 0.674
    },
    {
      "hablante": "Hablante B",
      "inicio": 55.88,
      "fin": 59.06,
      "duracion": 3.18,
      "texto": "Sí, no, pero eso supongo vi de baja el servicio.",
      "confianza": 0.082
    },
    {
      "hablante": "Hablante B",
      "inicio": 60.36,
      "fin": 60.8,
      "duracion": 0.44,
      "texto": "Bien.",
      "confianza": 0.613
    },
    {
      "hablante": "Hablante B",
      "inicio": 61.89,
      "fin": 62.67,
      "duracion": 0.78,
      "texto": "Bueno, no hay problema.",
      "confianza": 0.408
    },
    {
      "hablante": "Hablante B",
      "inicio": 63.74,
      "fin": 64.36,
      "duracion": 0.62,
      "texto": "Que estén muy bien.",
      "confianza": 0.75
    },
    {
      "hablante": "Hablante B",
      "inicio": 65.21,
      "fin": 65.59,
      "duracion": 0.38,
      "texto": "Gracias.",
      "confianza": 0.503
    },
    {
      "hablante": "Hablante B",
      "inicio": 65.89,
      "fin": 66.44,
      "duracion": 0.54,
      "texto": "Hasta luego.",
      "confianza": 0.564
    }
  ],
  "transcripcion_completa": "Hola, ¿qué tal? Buen día, ¿con Nancy? Hola. Hola. ¿Cómo le va? ¿Cómo le va? ¿Bien? A Karen y a mi nombre los estamos contactando para brindarle una promoción exclusiva a su línea. No, por el momento no me interesa. Por el momento no. Pero no les he comentado ninguna promoción todavía. No, no los había hablado antes y había dicho que no. ¿Y qué promoción le brindaron, por casualidad, a $10,450 con 14 gigas? No, era menos. ¿Era menos? Bien, ¿con menos gigas o menos valor? Menos valor. Bien, bien, bien. Bueno, no sé si le habrán comentado también acerca de lo que es el servicio de internet junto con la línea que le quedaría bonificada en 4,000 pesos con 8 gigas. Sí, no, pero eso supongo vi de baja el servicio. Bien. Bueno, no hay problema. Que estén muy bien. Gracias. Hasta luego.",
  "calidad": {
    "confianza_promedio": 0.537,
    "metodo_diarizacion": "pausas_fallback",
    "tiempo_procesamiento": 5.0
  },
  "metadata": {
    "modelo": "whisperx_medium",
    "diarizacion": "pausas",
    "dispositivo": "cuda",
    "fecha": "2026-01-25T18:13:25.629438",
    "version": "5.0_ecapa"
  }
}