{
  "archivo": "amza14_1_260123104232395_ACD_87835.wav",
  "duracion_segundos": 707.25,
  "num_segmentos": 166,
  "num_hablantes": 2,
  "hablantes": [
    "Hablante A",
    "Hablante B"
  ],
  "tiempo_por_hablante": {
    "Hablante A": 180.54,
    "Hablante B": 449.37
  },
  "idioma": "es",
  "conversacion": [
    {
      "hablante": "Hablante A",
      "inicio": 0.03,
      "fin": 5.28,
      "duracion": 5.25,
      "texto": "Hola, buen día.",
      "confianza": 0.062
    },
    {
      "hablante": "Hablante A",
      "inicio": 5.3,
      "fin": 5.72,
      "duracion": 0.42,
      "texto": "¿Hablo con Norma?",
      "confianza": 0.239
    },
    {
      "hablante": "Hablante A",
      "inicio": 5.74,
      "fin": 5.8,
      "duracion": 0.06,
      "texto": "Sí.",
      "confianza": 0.078
    },
    {
      "hablante": "Hablante A",
      "inicio": 5.82,
      "fin": 6.26,
      "duracion": 0.44,
      "texto": "¿Cómo estás, Norma?",
      "confianza": 0.135
    },
    {
      "hablante": "Hablante A",
      "inicio": 6.28,
      "fin": 6.64,
      "duracion": 0.36,
      "texto": "Un gusto.",
      "confianza": 0.721
    },
    {
      "hablante": "Hablante A",
      "inicio": 6.68,
      "fin": 7.64,
      "duracion": 0.96,
      "texto": "Mi nombre es Bruno.",
      "confianza": 0.496
    },
    {
      "hablante": "Hablante A",
      "inicio": 7.66,
      "fin": 10.72,
      "duracion": 3.06,
      "texto": "Me estaba comunicando desde la área de recupero de clientes movistar.",
      "confianza": 0.631
    },
    {
      "hablante": "Hablante A",
      "inicio": 11.76,
      "fin": 13.83,
      "duracion": 2.06,
      "texto": "Tenemos una promoción disponible para tu línea.",
      "confianza": 0.781
    },
    {
      "hablante": "Hablante A",
      "inicio": 15.07,
      "fin": 16.51,
      "duracion": 1.44,
      "texto": "Actualmente tenés claro, ¿verdad?",
      "confianza": 0.653
    },
    {
      "hablante": "Hablante B",
      "inicio": 19.03,
      "fin": 19.09,
      "duracion": 0.06,
      "texto": "Sí.",
      "confianza": 0.112
    },
    {
      "hablante": "Hablante B",
      "inicio": 19.11,
      "fin": 21.85,
      "duracion": 2.74,
      "texto": "Bien, Norma, ¿y actualmente qué cantidad llegas tenés con tu plan?",
      "confianza": 0.525
    },
    {
      "hablante": "Hablante B",
      "inicio": 21.87,
      "fin": 22.5,
      "duracion": 0.62,
      "texto": "¿Tenés ideas?",
      "confianza": 0.617
    },
    {
      "hablante": "Hablante A",
      "inicio": 25.44,
      "fin": 25.82,
      "duracion": 0.38,
      "texto": "Yo creo que cuatro.",
      "confianza": 0.012
    },
    {
      "hablante": "Hablante A",
      "inicio": 25.84,
      "fin": 26.36,
      "duracion": 0.52,
      "texto": "A ver si no recuerdo bien.",
      "confianza": 0.054
    },
    {
      "hablante": "Hablante A",
      "inicio": 26.81,
      "fin": 28.75,
      "duracion": 1.94,
      "texto": "Bien, vos con la cantidad de llegas que tenés.",
      "confianza": 0.555
    },
    {
      "hablante": "Hablante A",
      "inicio": 28.77,
      "fin": 29.18,
      "duracion": 0.4,
      "texto": "¿Estás bien?",
      "confianza": 0.763
    },
    {
      "hablante": "Hablante A",
      "inicio": 29.2,
      "fin": 35.69,
      "duracion": 6.49,
      "texto": "¿No tenés que hacer algún tipo de recarga durante el mes?",
      "confianza": 0.769
    },
    {
      "hablante": "Hablante A",
      "inicio": 35.71,
      "fin": 36.43,
      "duracion": 0.72,
      "texto": "No, recarga no es bonito.",
      "confianza": 0.184
    },
    {
      "hablante": "Hablante A",
      "inicio": 36.45,
      "fin": 37.25,
      "duracion": 0.8,
      "texto": "Si no tengo, no tengo, pero no recarga.",
      "confianza": 0.046
    },
    {
      "hablante": "Hablante A",
      "inicio": 37.27,
      "fin": 37.71,
      "duracion": 0.44,
      "texto": "Bien, no hace recarga.",
      "confianza": 0.015
    },
    {
      "hablante": "Hablante A",
      "inicio": 37.73,
      "fin": 40.53,
      "duracion": 2.8,
      "texto": "Bien, nosotros, mira, te comento, tenemos dos planes en promoción.",
      "confianza": 0.79
    },
    {
      "hablante": "Hablante A",
      "inicio": 41.36,
      "fin": 49.41,
      "duracion": 8.05,
      "texto": "En principio, es un plan con 18 llegas en total, de WhatsApp, gratis, habla, le irá a cualquier compañía y rumine en América también a un precio final de 8000 pesos.",
      "confianza": 0.725
    },
    {
      "hablante": "Hablante A",
      "inicio": 49.8,
      "fin": 56.9,
      "duracion": 7.11,
      "texto": "Si no tenemos otro plan con 14 yes en total, WhatsApp Gratis le habla libre a cualquier compañía en $6,450 pesos.",
      "confianza": 0.664
    },
    {
      "hablante": "Hablante A",
      "inicio": 57.76,
      "fin": 61.23,
      "duracion": 3.46,
      "texto": "Esos son los dos planes que tenemos en promoción hoy.",
      "confianza": 0.687
    },
    {
      "hablante": "Hablante A",
      "inicio": 61.25,
      "fin": 63.17,
      "duracion": 1.92,
      "texto": "¿Vos tenés una línea o tenés más líneas?",
      "confianza": 0.65
    },
    {
      "hablante": "Hablante B",
      "inicio": 65.61,
      "fin": 65.79,
      "duracion": 0.18,
      "texto": "Una, una.",
      "confianza": 0.028
    },
    {
      "hablante": "Hablante B",
      "inicio": 65.81,
      "fin": 66.79,
      "duracion": 0.98,
      "texto": "Solo una.",
      "confianza": 0.419
    },
    {
      "hablante": "Hablante B",
      "inicio": 66.81,
      "fin": 71.38,
      "duracion": 4.57,
      "texto": "Bien, así quedaría más o menos en lo que son los dos planes que tenemos con descuento.",
      "confianza": 0.742
    },
    {
      "hablante": "Hablante B",
      "inicio": 71.48,
      "fin": 75.5,
      "duracion": 4.02,
      "texto": "$6,450, 14 yes, si no 18, en $8,000 pesos.",
      "confianza": 0.705
    },
    {
      "hablante": "Hablante B",
      "inicio": 75.52,
      "fin": 77.95,
      "duracion": 2.42,
      "texto": "¿Vos optimizas cuánto a una?",
      "confianza": 0.44
    },
    {
      "hablante": "Hablante B",
      "inicio": 78.67,
      "fin": 79.73,
      "duracion": 1.06,
      "texto": "Ah, bien.",
      "confianza": 0.7
    },
    {
      "hablante": "Hablante B",
      "inicio": 80.01,
      "fin": 82.63,
      "duracion": 2.62,
      "texto": "Ambos planes tienen una adoración por seis meses.",
      "confianza": 0.84
    },
    {
      "hablante": "Hablante B",
      "inicio": 82.65,
      "fin": 85.74,
      "duracion": 3.08,
      "texto": "A vos en el quinto mes se te va a avisar que será a terminar la promoción.",
      "confianza": 0.712
    },
    {
      "hablante": "Hablante B",
      "inicio": 85.76,
      "fin": 91.06,
      "duracion": 5.31,
      "texto": "En ese momento, me volvés a escribir a mí porque si hacés la portabilidad conmigo seguiríamos en contacto.",
      "confianza": 0.649
    },
    {
      "hablante": "Hablante B",
      "inicio": 91.11,
      "fin": 105.22,
      "duracion": 14.12,
      "texto": "Yo te brindo un chat en donde te van a brindar las promociones vigentes para el siguiente periodo.",
      "confianza": 0.696
    },
    {
      "hablante": "Hablante B",
      "inicio": 105.25,
      "fin": 105.39,
      "duracion": 0.14,
      "texto": "Así es.",
      "confianza": 0.002
    },
    {
      "hablante": "Hablante B",
      "inicio": 105.41,
      "fin": 105.47,
      "duracion": 0.06,
      "texto": "Sí.",
      "confianza": 0.0
    },
    {
      "hablante": "Hablante B",
      "inicio": 105.49,
      "fin": 106.35,
      "duracion": 0.86,
      "texto": "El más económico, el 2004-2005.",
      "confianza": 0.096
    },
    {
      "hablante": "Hablante B",
      "inicio": 107.56,
      "fin": 115.47,
      "duracion": 7.91,
      "texto": "Bien, Norma, ¿vos en qué provincia y localidad te encontrás para buscar una sucursal que te quiere cercar para el chip?",
      "confianza": 0.705
    },
    {
      "hablante": "Hablante B",
      "inicio": 115.49,
      "fin": 121.24,
      "duracion": 5.75,
      "texto": "Buenos Aires, Provincia de San Miguel.",
      "confianza": 0.143
    },
    {
      "hablante": "Hablante B",
      "inicio": 121.26,
      "fin": 122.04,
      "duracion": 0.78,
      "texto": "Provincia de Buenos Aires y San Miguel.",
      "confianza": 0.009
    },
    {
      "hablante": "Hablante B",
      "inicio": 122.06,
      "fin": 122.42,
      "duracion": 0.36,
      "texto": "A ver, San Miguel.",
      "confianza": 0.016
    },
    {
      "hablante": "Hablante B",
      "inicio": 122.44,
      "fin": 128.37,
      "duracion": 5.93,
      "texto": "Mira, en San Miguel me figuran tres tiendas movistar, te las voy a nombrar y vos me decís cuál te queda más cómodo.",
      "confianza": 0.638
    },
    {
      "hablante": "Hablante B",
      "inicio": 128.99,
      "fin": 135.78,
      "duracion": 6.79,
      "texto": "Italia al 1201, Perón al 1604 o Perón al 1173.",
      "confianza": 0.785
    },
    {
      "hablante": "Hablante A",
      "inicio": 138.44,
      "fin": 141.82,
      "duracion": 3.38,
      "texto": "Sí, cualquiera, porque es todo sencillo.",
      "confianza": 0.168
    },
    {
      "hablante": "Hablante A",
      "inicio": 141.84,
      "fin": 146.17,
      "duracion": 4.33,
      "texto": "Están todas cerca.",
      "confianza": 0.611
    },
    {
      "hablante": "Hablante A",
      "inicio": 146.19,
      "fin": 146.25,
      "duracion": 0.06,
      "texto": "Sí.",
      "confianza": 0.161
    },
    {
      "hablante": "Hablante A",
      "inicio": 146.27,
      "fin": 153.98,
      "duracion": 7.71,
      "texto": "Bien, prender un mensaje por WhatsApp.",
      "confianza": 0.591
    },
    {
      "hablante": "Hablante A",
      "inicio": 154.0,
      "fin": 162.91,
      "duracion": 8.91,
      "texto": "Voy a poner, hola, te habla Bruno de Movistar.",
      "confianza": 0.438
    },
    {
      "hablante": "Hablante A",
      "inicio": 162.94,
      "fin": 165.68,
      "duracion": 2.74,
      "texto": "Bien, Norma, lo que voy a necesitar es que me brindes",
      "confianza": 0.603
    },
    {
      "hablante": "Hablante A",
      "inicio": 166.05,
      "fin": 171.21,
      "duracion": 5.16,
      "texto": "es un gmail actual que vos tengas en uso para ahí te va a llegar lo que es la facturación.",
      "confianza": 0.726
    },
    {
      "hablante": "Hablante B",
      "inicio": 173.19,
      "fin": 183.22,
      "duracion": 10.03,
      "texto": "No sé bien cuánto hay en mi municipio, viste?",
      "confianza": 0.072
    },
    {
      "hablante": "Hablante B",
      "inicio": 183.24,
      "fin": 183.84,
      "duracion": 0.6,
      "texto": "Yo tengo 19, no recuerdo bien.",
      "confianza": 0.0
    },
    {
      "hablante": "Hablante B",
      "inicio": 183.87,
      "fin": 185.53,
      "duracion": 1.66,
      "texto": "En ningún momento me quedo esto sin línea, por eso es fundamental.",
      "confianza": 0.061
    },
    {
      "hablante": "Hablante B",
      "inicio": 185.55,
      "fin": 192.81,
      "duracion": 7.27,
      "texto": "No, hasta que no tengas vos los chip movistar, vos una vez que tengas el chip movistar me mandas un mensaje y yo te aviso cuándo colocarlo recién vos.",
      "confianza": 0.703
    },
    {
      "hablante": "Hablante B",
      "inicio": 193.18,
      "fin": 217.23,
      "duracion": 24.05,
      "texto": "por mientras el hijo claro hasta que tengas en los chips movistar no te quedas en línea si tranqui con eso que vos una vez que tengas los chip vos no lo tienes que colocar vos me avisas y yo te aviso cuando recién ponerlo bueno hay que contestar genial decime un email donde quieras que te llegue la facturación",
      "confianza": 0.587
    },
    {
      "hablante": "Hablante B",
      "inicio": 218.04,
      "fin": 230.98,
      "duracion": 12.94,
      "texto": "Sí, igual tengo el, creo que no, el red, este es mío, porque este no me está haciendo, es que tengo el, como se llama la aplicación, pero no me acuerdo que era la, que era el Sistema.",
      "confianza": 0.034
    },
    {
      "hablante": "Hablante B",
      "inicio": 231.0,
      "fin": 236.93,
      "duracion": 5.93,
      "texto": "Acá en Sistema, mira, te digo, uno que tenemos, a ver si es el que tenés actual, NormaQQ18-gmail.com.",
      "confianza": 0.727
    },
    {
      "hablante": "Hablante B",
      "inicio": 237.27,
      "fin": 239.71,
      "duracion": 2.44,
      "texto": "Sí, este mismo.",
      "confianza": 0.352
    },
    {
      "hablante": "Hablante B",
      "inicio": 239.73,
      "fin": 241.75,
      "duracion": 2.02,
      "texto": "Ese es el correcto, bien, genial.",
      "confianza": 0.754
    },
    {
      "hablante": "Hablante B",
      "inicio": 241.78,
      "fin": 242.28,
      "duracion": 0.5,
      "texto": "Sí, sí, sí.",
      "confianza": 0.204
    },
    {
      "hablante": "Hablante B",
      "inicio": 242.3,
      "fin": 243.66,
      "duracion": 1.36,
      "texto": "Entonces te dejamos este mismo.",
      "confianza": 0.737
    },
    {
      "hablante": "Hablante B",
      "inicio": 243.86,
      "fin": 246.44,
      "duracion": 2.58,
      "texto": "Bien, Norma, te voy a enviar el mensajito de portabilidad.",
      "confianza": 0.284
    },
    {
      "hablante": "Hablante B",
      "inicio": 246.46,
      "fin": 250.15,
      "duracion": 3.68,
      "texto": "Eso es para que vos mantengas el mismo número cuando pases de una compañía a otra.",
      "confianza": 0.759
    },
    {
      "hablante": "Hablante B",
      "inicio": 250.53,
      "fin": 253.85,
      "duracion": 3.32,
      "texto": "Eso te va a llegar desde un mensaje de texto común, desde el remitente de los 3.",
      "confianza": 0.71
    },
    {
      "hablante": "Hablante B",
      "inicio": 254.05,
      "fin": 257.73,
      "duracion": 3.68,
      "texto": "Justo bajito el mensaje te van a salir las siglas MBS para que te quedes tranqui.",
      "confianza": 0.655
    },
    {
      "hablante": "Hablante B",
      "inicio": 258.23,
      "fin": 263.7,
      "duracion": 5.47,
      "texto": "Yo de eso voy a necesitar que me lo dices en llamada y me pases una captura por WhatsApp.",
      "confianza": 0.646
    },
    {
      "hablante": "Hablante B",
      "inicio": 263.72,
      "fin": 264.8,
      "duracion": 1.08,
      "texto": "Por nuestro chat.",
      "confianza": 0.761
    },
    {
      "hablante": "Hablante B",
      "inicio": 264.82,
      "fin": 271.05,
      "duracion": 6.23,
      "texto": "Ahí te confirmo apenas te lo envíe y verificar si te llega.",
      "confianza": 0.667
    },
    {
      "hablante": "Hablante B",
      "inicio": 271.07,
      "fin": 271.19,
      "duracion": 0.12,
      "texto": "Bueno.",
      "confianza": 0.074
    },
    {
      "hablante": "Hablante B",
      "inicio": 271.21,
      "fin": 273.61,
      "duracion": 2.4,
      "texto": "Bien, yo por mientras voy cargando el resto.",
      "confianza": 0.757
    },
    {
      "hablante": "Hablante B",
      "inicio": 274.82,
      "fin": 277.11,
      "duracion": 2.28,
      "texto": "Bien, Norma, ahí me confirman que ya te lo enviaron.",
      "confianza": 0.683
    },
    {
      "hablante": "Hablante B",
      "inicio": 277.14,
      "fin": 278.49,
      "duracion": 1.34,
      "texto": "¿Puedes acordar si te llego?",
      "confianza": 0.691
    },
    {
      "hablante": "Hablante A",
      "inicio": 281.11,
      "fin": 284.51,
      "duracion": 3.4,
      "texto": "Por ahora no, a la casilla, ¿no?",
      "confianza": 0.494
    },
    {
      "hablante": "Hablante A",
      "inicio": 284.53,
      "fin": 285.05,
      "duracion": 0.52,
      "texto": "Para que no se fije.",
      "confianza": 0.141
    },
    {
      "hablante": "Hablante A",
      "inicio": 285.07,
      "fin": 286.31,
      "duracion": 1.24,
      "texto": "Ajá, los SMS comunes.",
      "confianza": 0.738
    },
    {
      "hablante": "Hablante B",
      "inicio": 290.04,
      "fin": 290.36,
      "duracion": 0.32,
      "texto": "Ajá, entonces.",
      "confianza": 0.06
    },
    {
      "hablante": "Hablante B",
      "inicio": 290.38,
      "fin": 292.22,
      "duracion": 1.84,
      "texto": "¿Qué te tengo que dar, el número?",
      "confianza": 0.382
    },
    {
      "hablante": "Hablante B",
      "inicio": 292.24,
      "fin": 302.11,
      "duracion": 9.87,
      "texto": "Ajá, dictámelo y pásame una captura por WhatsApp.",
      "confianza": 0.614
    },
    {
      "hablante": "Hablante B",
      "inicio": 302.13,
      "fin": 303.13,
      "duracion": 1.0,
      "texto": "El 16 31 es el número y ahora te mando la captura.",
      "confianza": 0.005
    },
    {
      "hablante": "Hablante B",
      "inicio": 303.15,
      "fin": 303.41,
      "duracion": 0.26,
      "texto": "Bueno.",
      "confianza": 0.386
    },
    {
      "hablante": "Hablante B",
      "inicio": 303.95,
      "fin": 314.26,
      "duracion": 10.31,
      "texto": "Y en norma también, ya que estamos en baja entrada de WhatsApp, para validar tu identidad necesito que me brindes lo que es la foto enfrente y dorso de tu DNI, válida de identidad y las puedes borrar para que te quedes tranqui.",
      "confianza": 0.698
    },
    {
      "hablante": "Hablante B",
      "inicio": 314.28,
      "fin": 324.89,
      "duracion": 10.61,
      "texto": "Y ya únicamente me faltaría el cierre comercial, que es tu contrato con la compañía, que es un texto nomás que tengo que leer.",
      "confianza": 0.713
    },
    {
      "hablante": "Hablante B",
      "inicio": 324.91,
      "fin": 326.81,
      "duracion": 1.9,
      "texto": "¿Vos me está diciendo que el DNI de los dos lados y que más le quites?",
      "confianza": 0.105
    },
    {
      "hablante": "Hablante B",
      "inicio": 326.83,
      "fin": 327.35,
      "duracion": 0.52,
      "texto": "Nada más.",
      "confianza": 0.348
    },
    {
      "hablante": "Hablante B",
      "inicio": 327.37,
      "fin": 330.72,
      "duracion": 3.34,
      "texto": "Después yo te leo un texto que sería como el contrato con la compañía.",
      "confianza": 0.812
    },
    {
      "hablante": "Hablante A",
      "inicio": 334.39,
      "fin": 346.88,
      "duracion": 12.49,
      "texto": "Gracias por la atención.",
      "confianza": 0.473
    },
    {
      "hablante": "Hablante B",
      "inicio": 352.53,
      "fin": 373.16,
      "duracion": 20.62,
      "texto": "Ah, te mantiene la obra social.",
      "confianza": 0.295
    },
    {
      "hablante": "Hablante B",
      "inicio": 373.18,
      "fin": 373.44,
      "duracion": 0.26,
      "texto": "Espera.",
      "confianza": 0.595
    },
    {
      "hablante": "Hablante B",
      "inicio": 374.04,
      "fin": 377.08,
      "duracion": 3.04,
      "texto": "Te aguanta que lo uso porque yo lo tengo, ¿viste?",
      "confianza": 0.644
    },
    {
      "hablante": "Hablante B",
      "inicio": 377.14,
      "fin": 378.46,
      "duracion": 1.32,
      "texto": "Porque yo lo tengo para todo, mení.",
      "confianza": 0.312
    },
    {
      "hablante": "Hablante B",
      "inicio": 379.06,
      "fin": 381.21,
      "duracion": 2.14,
      "texto": "Ahora que te mando.",
      "confianza": 0.348
    },
    {
      "hablante": "Hablante B",
      "inicio": 381.46,
      "fin": 382.92,
      "duracion": 1.46,
      "texto": "No hay problema.",
      "confianza": 0.489
    },
    {
      "hablante": "Hablante B",
      "inicio": 382.94,
      "fin": 407.75,
      "duracion": 24.82,
      "texto": "No hay problema.",
      "confianza": 0.638
    },
    {
      "hablante": "Hablante B",
      "inicio": 407.77,
      "fin": 409.02,
      "duracion": 1.24,
      "texto": "La vuelvo a sacar y listo.",
      "confianza": 0.466
    },
    {
      "hablante": "Hablante B",
      "inicio": 409.47,
      "fin": 437.87,
      "duracion": 28.4,
      "texto": "Bueno, no hay problema, mientras estoy cargando el resto.",
      "confianza": 0.547
    },
    {
      "hablante": "Hablante B",
      "inicio": 437.89,
      "fin": 438.53,
      "duracion": 0.64,
      "texto": "Ahí te lo mando.",
      "confianza": 0.216
    },
    {
      "hablante": "Hablante A",
      "inicio": 448.16,
      "fin": 449.52,
      "duracion": 1.36,
      "texto": "Bien, Norma, ahí me llegaron.",
      "confianza": 0.31
    },
    {
      "hablante": "Hablante A",
      "inicio": 449.55,
      "fin": 450.25,
      "duracion": 0.7,
      "texto": "Genial.",
      "confianza": 0.862
    },
    {
      "hablante": "Hablante A",
      "inicio": 450.27,
      "fin": 452.27,
      "duracion": 2.0,
      "texto": "Voy a leerte el cierre comercial.",
      "confianza": 0.786
    },
    {
      "hablante": "Hablante A",
      "inicio": 452.31,
      "fin": 457.06,
      "duracion": 4.75,
      "texto": "El cierre comercial es un texto que te voy a leer, es un repaso de tus datos, el plan al que vas a acceder.",
      "confianza": 0.621
    },
    {
      "hablante": "Hablante A",
      "inicio": 457.56,
      "fin": 462.88,
      "duracion": 5.33,
      "texto": "Cualquier duda o consulta, te pido que me la hagas al final, así que la todo leo tal cual.",
      "confianza": 0.63
    },
    {
      "hablante": "Hablante A",
      "inicio": 462.9,
      "fin": 463.02,
      "duracion": 0.12,
      "texto": "Bueno.",
      "confianza": 0.021
    },
    {
      "hablante": "Hablante A",
      "inicio": 463.04,
      "fin": 463.56,
      "duracion": 0.52,
      "texto": "Vale.",
      "confianza": 0.325
    },
    {
      "hablante": "Hablante A",
      "inicio": 463.58,
      "fin": 465.21,
      "duracion": 1.62,
      "texto": "Bien, para recibirse a todas las promociones.",
      "confianza": 0.613
    },
    {
      "hablante": "Hablante A",
      "inicio": 465.29,
      "fin": 466.37,
      "duracion": 1.08,
      "texto": "¿Usted tiene internet móvil?",
      "confianza": 0.426
    },
    {
      "hablante": "Hablante A",
      "inicio": 466.39,
      "fin": 471.38,
      "duracion": 4.99,
      "texto": "¿Está en su casa?",
      "confianza": 0.655
    },
    {
      "hablante": "Hablante A",
      "inicio": 471.4,
      "fin": 471.46,
      "duracion": 0.06,
      "texto": "Sí.",
      "confianza": 0.056
    },
    {
      "hablante": "Hablante A",
      "inicio": 471.48,
      "fin": 473.16,
      "duracion": 1.68,
      "texto": "¿Tenés internet móvil?",
      "confianza": 0.444
    },
    {
      "hablante": "Hablante A",
      "inicio": 473.66,
      "fin": 485.43,
      "duracion": 11.77,
      "texto": "Después, pasame por el chat de WhatsApp, tu número de línea fija para que tengas un descuento también y cuatro gigas de regalo en tu línea.",
      "confianza": 0.761
    },
    {
      "hablante": "Hablante A",
      "inicio": 486.15,
      "fin": 493.74,
      "duracion": 7.59,
      "texto": "Después, por WhatsApp, mandame la línea fija.",
      "confianza": 0.651
    },
    {
      "hablante": "Hablante A",
      "inicio": 493.76,
      "fin": 500.01,
      "duracion": 6.25,
      "texto": "Estamos portando la línea 11-49-38-14-12 a nombre y apellido de la titular actual.",
      "confianza": 0.641
    },
    {
      "hablante": "Hablante A",
      "inicio": 500.38,
      "fin": 504.86,
      "duracion": 4.49,
      "texto": "Cucurini, Norma Estela, ¿me confirmas los últimos tres dígitos de tu DNI?",
      "confianza": 0.821
    },
    {
      "hablante": "Hablante B",
      "inicio": 508.2,
      "fin": 508.75,
      "duracion": 0.54,
      "texto": "Dos, tres.",
      "confianza": 0.629
    },
    {
      "hablante": "Hablante B",
      "inicio": 509.35,
      "fin": 509.55,
      "duracion": 0.2,
      "texto": "Bien.",
      "confianza": 0.587
    },
    {
      "hablante": "Hablante B",
      "inicio": 509.95,
      "fin": 513.05,
      "duracion": 3.1,
      "texto": "Me comentas que contas con una factura mensual en claro.",
      "confianza": 0.811
    },
    {
      "hablante": "Hablante B",
      "inicio": 513.07,
      "fin": 515.51,
      "duracion": 2.44,
      "texto": "¿La factura está tu nombre o el nombre de otra persona?",
      "confianza": 0.709
    },
    {
      "hablante": "Hablante B",
      "inicio": 515.55,
      "fin": 518.1,
      "duracion": 2.54,
      "texto": "No, mi nombre.",
      "confianza": 0.223
    },
    {
      "hablante": "Hablante B",
      "inicio": 518.12,
      "fin": 518.22,
      "duracion": 0.1,
      "texto": "Bien.",
      "confianza": 0.034
    },
    {
      "hablante": "Hablante B",
      "inicio": 518.24,
      "fin": 521.44,
      "duracion": 3.2,
      "texto": "¿Tu chip es físico o habitual?",
      "confianza": 0.11
    },
    {
      "hablante": "Hablante B",
      "inicio": 521.46,
      "fin": 521.6,
      "duracion": 0.14,
      "texto": "Físico.",
      "confianza": 0.036
    },
    {
      "hablante": "Hablante B",
      "inicio": 521.62,
      "fin": 521.8,
      "duracion": 0.18,
      "texto": "Bien.",
      "confianza": 0.494
    },
    {
      "hablante": "Hablante B",
      "inicio": 521.82,
      "fin": 529.73,
      "duracion": 7.91,
      "texto": "Vas a recibir tu chip en la tienda Movistar de la calle Italia al 1201 de la provincia de Buenos Aires, San Miguel.",
      "confianza": 0.723
    },
    {
      "hablante": "Hablante B",
      "inicio": 529.75,
      "fin": 530.21,
      "duracion": 0.46,
      "texto": "Bien.",
      "confianza": 0.633
    },
    {
      "hablante": "Hablante B",
      "inicio": 530.75,
      "fin": 538.16,
      "duracion": 7.41,
      "texto": "Les recuerdo que el costo del servicio al día de hoy es de $6,450 pesos porque tenés un descuento fijo por seis meses, el 31,150.",
      "confianza": 0.741
    },
    {
      "hablante": "Hablante B",
      "inicio": 538.68,
      "fin": 543.55,
      "duracion": 4.87,
      "texto": "El plan al que vos estás accediendo son cuatro gigas de base más 10 gigas de regalos por seis meses.",
      "confianza": 0.69
    },
    {
      "hablante": "Hablante B",
      "inicio": 543.95,
      "fin": 546.08,
      "duracion": 2.12,
      "texto": "WhatsApp gratis, habla libre a cualquier compañía.",
      "confianza": 0.703
    },
    {
      "hablante": "Hablante B",
      "inicio": 546.74,
      "fin": 547.88,
      "duracion": 1.14,
      "texto": "Ese sería el plan.",
      "confianza": 0.771
    },
    {
      "hablante": "Hablante B",
      "inicio": 547.9,
      "fin": 556.35,
      "duracion": 8.45,
      "texto": "Bien, tu Gmail actual es... No...",
      "confianza": 0.35
    },
    {
      "hablante": "Hablante B",
      "inicio": 556.75,
      "fin": 561.18,
      "duracion": 4.43,
      "texto": "8 arroba gmail.com y vas a estar recibiendo tu facturación online a través de ese mismo mail.",
      "confianza": 0.468
    },
    {
      "hablante": "Hablante B",
      "inicio": 561.58,
      "fin": 569.61,
      "duracion": 8.03,
      "texto": "Desde la misma visita de la sección servicios vas a poder ver toda la información referida a tu factura, ya sea el ciclo de facturación, vencimientos o montos a pagar.",
      "confianza": 0.596
    },
    {
      "hablante": "Hablante B",
      "inicio": 569.93,
      "fin": 574.5,
      "duracion": 4.57,
      "texto": "Vas a poder activar 20 yeras de regalo con una duración de 30 días disponible una vez por año.",
      "confianza": 0.74
    },
    {
      "hablante": "Hablante B",
      "inicio": 574.86,
      "fin": 576.37,
      "duracion": 1.5,
      "texto": "Puedes arredirte al débito automático.",
      "confianza": 0.81
    },
    {
      "hablante": "Hablante B",
      "inicio": 576.64,
      "fin": 582.79,
      "duracion": 6.15,
      "texto": "También vas a poder sumar 4 yeras de regalo en cada línea móvil, si es que portas más de dos líneas registradas bajo un mismo titular.",
      "confianza": 0.664
    },
    {
      "hablante": "Hablante B",
      "inicio": 583.1,
      "fin": 586.96,
      "duracion": 3.87,
      "texto": "Una vez aprobada la portabilidad de su línea, aportará las 48 horas hábiles.",
      "confianza": 0.699
    },
    {
      "hablante": "Hablante B",
      "inicio": 587.46,
      "fin": 592.03,
      "duracion": 4.57,
      "texto": "Un día antes, por mensaje de WhatsApp, te vamos a estar informando de la fecha de portabilidad para que te quedes tranquila.",
      "confianza": 0.664
    },
    {
      "hablante": "Hablante B",
      "inicio": 592.37,
      "fin": 595.17,
      "duracion": 2.8,
      "texto": "Es importante que no coloques el chip antes de la fecha informada.",
      "confianza": 0.704
    },
    {
      "hablante": "Hablante B",
      "inicio": 595.49,
      "fin": 600.76,
      "duracion": 5.27,
      "texto": "De todas maneras, te vas a dar cuenta porque tu línea es clara o le fará de recibir señales y ahí es cuando tenés que colocarlo.",
      "confianza": 0.612
    },
    {
      "hablante": "Hablante B",
      "inicio": 601.12,
      "fin": 609.79,
      "duracion": 8.67,
      "texto": "Te comento que por única vez deberás variar identidad al activarlo y en caso de que tengas alguna dificultad con la alineación, inténtalo nuevamente o comunícate al 0800.",
      "confianza": 0.652
    },
    {
      "hablante": "Hablante B",
      "inicio": 610.0,
      "fin": 613.62,
      "duracion": 3.62,
      "texto": "te solicitamos que en caso de no levantar señal en el chip, reinicie este equipo.",
      "confianza": 0.569
    },
    {
      "hablante": "Hablante B",
      "inicio": 614.02,
      "fin": 618.28,
      "duracion": 4.26,
      "texto": "Por otro lado, entre los próximos días vas a recibir una encuesta de satisfacción por WhatsApp.",
      "confianza": 0.725
    },
    {
      "hablante": "Hablante B",
      "inicio": 618.64,
      "fin": 622.57,
      "duracion": 3.93,
      "texto": "Te solicitamos por favor que la completes, ya que tu opinión es muy importante para la empresa.",
      "confianza": 0.68
    },
    {
      "hablante": "Hablante B",
      "inicio": 623.15,
      "fin": 625.13,
      "duracion": 1.98,
      "texto": "Bien, Norma, ese sería el chiever.",
      "confianza": 0.404
    },
    {
      "hablante": "Hablante B",
      "inicio": 625.15,
      "fin": 630.82,
      "duracion": 5.67,
      "texto": "Yo ahora lo que te voy a pedir es que cuando vos tengas los chips, te van a enviar un mensajito desde la sucursal cuando retirarlo.",
      "confianza": 0.699
    },
    {
      "hablante": "Hablante B",
      "inicio": 630.84,
      "fin": 632.18,
      "duracion": 1.34,
      "texto": "Vos cuando los tengas, me avisás.",
      "confianza": 0.666
    },
    {
      "hablante": "Hablante B",
      "inicio": 632.22,
      "fin": 635.61,
      "duracion": 3.38,
      "texto": "Yo te aviso cuándo colocarlos.",
      "confianza": 0.576
    },
    {
      "hablante": "Hablante B",
      "inicio": 635.62,
      "fin": 637.49,
      "duracion": 1.86,
      "texto": "Así no tenemos problemas con los chips.",
      "confianza": 0.625
    },
    {
      "hablante": "Hablante B",
      "inicio": 637.97,
      "fin": 645.2,
      "duracion": 7.23,
      "texto": "Otra cosa, quizás te pueden empezar a ingresar llamadas desconocidas o spam, son desde las diferentes compañías que hay acá en Argentina de teléfono.",
      "confianza": 0.674
    },
    {
      "hablante": "Hablante B",
      "inicio": 645.72,
      "fin": 653.75,
      "duracion": 8.03,
      "texto": "Básicamente, ya detectan que te quieres cambiar de compañero, estás haciendo un trámite por taller, quieren cancelarlo, por así decirlo.",
      "confianza": 0.669
    },
    {
      "hablante": "Hablante B",
      "inicio": 654.21,
      "fin": 658.13,
      "duracion": 3.92,
      "texto": "Así que esas llamadas desconocidas o spam, durante un ratito ni las respondas.",
      "confianza": 0.822
    },
    {
      "hablante": "Hablante B",
      "inicio": 658.15,
      "fin": 667.63,
      "duracion": 9.47,
      "texto": "Y si te escribe algún otro asesor por WhatsApp, pidiéndote algún dato, es porque básicamente me quieres robar la venta, así que vos no le brindes ningún dato a nadie más que no sea yo.",
      "confianza": 0.674
    },
    {
      "hablante": "Hablante B",
      "inicio": 667.93,
      "fin": 670.33,
      "duracion": 2.4,
      "texto": "Yo cualquier cosa me comunico con vos por whatsapp.",
      "confianza": 0.571
    },
    {
      "hablante": "Hablante B",
      "inicio": 670.87,
      "fin": 673.24,
      "duracion": 2.37,
      "texto": "Y vos si necesitas algo, voy a tener mi número también.",
      "confianza": 0.641
    },
    {
      "hablante": "Hablante A",
      "inicio": 677.97,
      "fin": 679.19,
      "duracion": 1.22,
      "texto": "Y todo por medio de la línea donde mande los documentos, ¿no?",
      "confianza": 0.005
    },
    {
      "hablante": "Hablante A",
      "inicio": 679.21,
      "fin": 682.53,
      "duracion": 3.33,
      "texto": "Sí, ese es mi whatsapp de trabajo y yo estoy todo el día disponible.",
      "confianza": 0.675
    },
    {
      "hablante": "Hablante A",
      "inicio": 682.57,
      "fin": 684.48,
      "duracion": 1.9,
      "texto": "Así que cualquier cosa nos comunicamos por ahí.",
      "confianza": 0.651
    },
    {
      "hablante": "Hablante A",
      "inicio": 685.28,
      "fin": 686.66,
      "duracion": 1.38,
      "texto": "¿Cuál es tu nombre?",
      "confianza": 0.497
    },
    {
      "hablante": "Hablante A",
      "inicio": 686.68,
      "fin": 688.0,
      "duracion": 1.32,
      "texto": "Bruno.",
      "confianza": 0.632
    },
    {
      "hablante": "Hablante A",
      "inicio": 688.9,
      "fin": 691.47,
      "duracion": 2.57,
      "texto": "Bruno, listo.",
      "confianza": 0.312
    },
    {
      "hablante": "Hablante A",
      "inicio": 691.64,
      "fin": 694.62,
      "duracion": 2.99,
      "texto": "Listo, Norma, quedamos en contacto para cuando tengas los chips.",
      "confianza": 0.788
    },
    {
      "hablante": "Hablante A",
      "inicio": 694.64,
      "fin": 695.64,
      "duracion": 1.0,
      "texto": "Que tengas buen día.",
      "confianza": 0.778
    },
    {
      "hablante": "Hablante A",
      "inicio": 695.66,
      "fin": 697.05,
      "duracion": 1.38,
      "texto": "Perfecto.",
      "confianza": 0.282
    },
    {
      "hablante": "Hablante A",
      "inicio": 697.07,
      "fin": 697.43,
      "duracion": 0.36,
      "texto": "Gracias.",
      "confianza": 0.17
    },
    {
      "hablante": "Hablante A",
      "inicio": 697.45,
      "fin": 697.95,
      "duracion": 0.5,
      "texto": "A vos.",
      "confianza": 0.243
    },
    {
      "hablante": "Hablante A",
      "inicio": 697.97,
      "fin": 707.07,
      "duracion": 9.1,
      "texto": "Hasta luego.",
      "confianza": 0.598
    },
    {
      "hablante": "Hablante A",
      "inicio": 707.09,
      "fin": 707.25,
      "duracion": 0.16,
      "texto": "Gracias.",
      "confianza": 0.139
    }
  ],
  "transcripcion_completa": "Hola, buen día. ¿Hablo con Norma? Sí. ¿Cómo estás, Norma? Un gusto. Mi nombre es Bruno. Me estaba comunicando desde la área de recupero de clientes movistar. Tenemos una promoción disponible para tu línea. Actualmente tenés claro, ¿verdad? Sí. Bien, Norma, ¿y actualmente qué cantidad llegas tenés con tu plan? ¿Tenés ideas? Yo creo que cuatro. A ver si no recuerdo bien. Bien, vos con la cantidad de llegas que tenés. ¿Estás bien? ¿No tenés que hacer algún tipo de recarga durante el mes? No, recarga no es bonito. Si no tengo, no tengo, pero no recarga. Bien, no hace recarga. Bien, nosotros, mira, te comento, tenemos dos planes en promoción. En principio, es un plan con 18 llegas en total, de WhatsApp, gratis, habla, le irá a cualquier compañía y rumine en América también a un precio final de 8000 pesos. Si no tenemos otro plan con 14 yes en total, WhatsApp Gratis le habla libre a cualquier compañía en $6,450 pesos. Esos son los dos planes que tenemos en promoción hoy. ¿Vos tenés una línea o tenés más líneas? Una, una. Solo una. Bien, así quedaría más o menos en lo que son los dos planes que tenemos con descuento. $6,450, 14 yes, si no 18, en $8,000 pesos. ¿Vos optimizas cuánto a una? Ah, bien. Ambos planes tienen una adoración por seis meses. A vos en el quinto mes se te va a avisar que será a terminar la promoción. En ese momento, me volvés a escribir a mí porque si hacés la portabilidad conmigo seguiríamos en contacto. Yo te brindo un chat en donde te van a brindar las promociones vigentes para el siguiente periodo. Así es. Sí. El más económico, el 2004-2005. Bien, Norma, ¿vos en qué provincia y localidad te encontrás para buscar una sucursal que te quiere cercar para el chip? Buenos Aires, Provincia de San Miguel. Provincia de Buenos Aires y San Miguel. A ver, San Miguel. Mira, en San Miguel me figuran tres tiendas movistar, te las voy a nombrar y vos me decís cuál te queda más cómodo. Italia al 1201, Perón al 1604 o Perón al 1173. Sí, cualquiera, porque es todo sencillo. Están todas cerca. Sí. Bien, prender un mensaje por WhatsApp. Voy a poner, hola, te habla Bruno de Movistar. Bien, Norma, lo que voy a necesitar es que me brindes es un gmail actual que vos tengas en uso para ahí te va a llegar lo que es la facturación. No sé bien cuánto hay en mi municipio, viste? Yo tengo 19, no recuerdo bien. En ningún momento me quedo esto sin línea, por eso es fundamental. No, hasta que no tengas vos los chip movistar, vos una vez que tengas el chip movistar me mandas un mensaje y yo te aviso cuándo colocarlo recién vos. por mientras el hijo claro hasta que tengas en los chips movistar no te quedas en línea si tranqui con eso que vos una vez que tengas los chip vos no lo tienes que colocar vos me avisas y yo te aviso cuando recién ponerlo bueno hay que contestar genial decime un email donde quieras que te llegue la facturación Sí, igual tengo el, creo que no, el red, este es mío, porque este no me está haciendo, es que tengo el, como se llama la aplicación, pero no me acuerdo que era la, que era el Sistema. Acá en Sistema, mira, te digo, uno que tenemos, a ver si es el que tenés actual, NormaQQ18-gmail.com. Sí, este mismo. Ese es el correcto, bien, genial. Sí, sí, sí. Entonces te dejamos este mismo. Bien, Norma, te voy a enviar el mensajito de portabilidad. Eso es para que vos mantengas el mismo número cuando pases de una compañía a otra. Eso te va a llegar desde un mensaje de texto común, desde el remitente de los 3. Justo bajito el mensaje te van a salir las siglas MBS para que te quedes tranqui. Yo de eso voy a necesitar que me lo dices en llamada y me pases una captura por WhatsApp. Por nuestro chat. Ahí te confirmo apenas te lo envíe y verificar si te llega. Bueno. Bien, yo por mientras voy cargando el resto. Bien, Norma, ahí me confirman que ya te lo enviaron. ¿Puedes acordar si te llego? Por ahora no, a la casilla, ¿no? Para que no se fije. Ajá, los SMS comunes. Ajá, entonces. ¿Qué te tengo que dar, el número? Ajá, dictámelo y pásame una captura por WhatsApp. El 16 31 es el número y ahora te mando la captura. Bueno. Y en norma también, ya que estamos en baja entrada de WhatsApp, para validar tu identidad necesito que me brindes lo que es la foto enfrente y dorso de tu DNI, válida de identidad y las puedes borrar para que te quedes tranqui. Y ya únicamente me faltaría el cierre comercial, que es tu contrato con la compañía, que es un texto nomás que tengo que leer. ¿Vos me está diciendo que el DNI de los dos lados y que más le quites? Nada más. Después yo te leo un texto que sería como el contrato con la compañía. Gracias por la atención. Ah, te mantiene la obra social. Espera. Te aguanta que lo uso porque yo lo tengo, ¿viste? Porque yo lo tengo para todo, mení. Ahora que te mando. No hay problema. No hay problema. La vuelvo a sacar y listo. Bueno, no hay problema, mientras estoy cargando el resto. Ahí te lo mando. Bien, Norma, ahí me llegaron. Genial. Voy a leerte el cierre comercial. El cierre comercial es un texto que te voy a leer, es un repaso de tus datos, el plan al que vas a acceder. Cualquier duda o consulta, te pido que me la hagas al final, así que la todo leo tal cual. Bueno. Vale. Bien, para recibirse a todas las promociones. ¿Usted tiene internet móvil? ¿Está en su casa? Sí. ¿Tenés internet móvil? Después, pasame por el chat de WhatsApp, tu número de línea fija para que tengas un descuento también y cuatro gigas de regalo en tu línea. Después, por WhatsApp, mandame la línea fija. Estamos portando la línea 11-49-38-14-12 a nombre y apellido de la titular actual. Cucurini, Norma Estela, ¿me confirmas los últimos tres dígitos de tu DNI? Dos, tres. Bien. Me comentas que contas con una factura mensual en claro. ¿La factura está tu nombre o el nombre de otra persona? No, mi nombre. Bien. ¿Tu chip es físico o habitual? Físico. Bien. Vas a recibir tu chip en la tienda Movistar de la calle Italia al 1201 de la provincia de Buenos Aires, San Miguel. Bien. Les recuerdo que el costo del servicio al día de hoy es de $6,450 pesos porque tenés un descuento fijo por seis meses, el 31,150. El plan al que vos estás accediendo son cuatro gigas de base más 10 gigas de regalos por seis meses. WhatsApp gratis, habla libre a cualquier compañía. Ese sería el plan. Bien, tu Gmail actual es... No... 8 arroba gmail.com y vas a estar recibiendo tu facturación online a través de ese mismo mail. Desde la misma visita de la sección servicios vas a poder ver toda la información referida a tu factura, ya sea el ciclo de facturación, vencimientos o montos a pagar. Vas a poder activar 20 yeras de regalo con una duración de 30 días disponible una vez por año. Puedes arredirte al débito automático. También vas a poder sumar 4 yeras de regalo en cada línea móvil, si es que portas más de dos líneas registradas bajo un mismo titular. Una vez aprobada la portabilidad de su línea, aportará las 48 horas hábiles. Un día antes, por mensaje de WhatsApp, te vamos a estar informando de la fecha de portabilidad para que te quedes tranquila. Es importante que no coloques el chip antes de la fecha informada. De todas maneras, te vas a dar cuenta porque tu línea es clara o le fará de recibir señales y ahí es cuando tenés que colocarlo. Te comento que por única vez deberás variar identidad al activarlo y en caso de que tengas alguna dificultad con la alineación, inténtalo nuevamente o comunícate al 0800. te solicitamos que en caso de no levantar señal en el chip, reinicie este equipo. Por otro lado, entre los próximos días vas a recibir una encuesta de satisfacción por WhatsApp. Te solicitamos por favor que la completes, ya que tu opinión es muy importante para la empresa. Bien, Norma, ese sería el chiever. Yo ahora lo que te voy a pedir es que cuando vos tengas los chips, te van a enviar un mensajito desde la sucursal cuando retirarlo. Vos cuando los tengas, me avisás. Yo te aviso cuándo colocarlos. Así no tenemos problemas con los chips. Otra cosa, quizás te pueden empezar a ingresar llamadas desconocidas o spam, son desde las diferentes compañías que hay acá en Argentina de teléfono. Básicamente, ya detectan que te quieres cambiar de compañero, estás haciendo un trámite por taller, quieren cancelarlo, por así decirlo. Así que esas llamadas desconocidas o spam, durante un ratito ni las respondas. Y si te escribe algún otro asesor por WhatsApp, pidiéndote algún dato, es porque básicamente me quieres robar la venta, así que vos no le brindes ningún dato a nadie más que no sea yo. Yo cualquier cosa me comunico con vos por whatsapp. Y vos si necesitas algo, voy a tener mi número también. Y todo por medio de la línea donde mande los documentos, ¿no? Sí, ese es mi whatsapp de trabajo y yo estoy todo el día disponible. Así que cualquier cosa nos comunicamos por ahí. ¿Cuál es tu nombre? Bruno. Bruno, listo. Listo, Norma, quedamos en contacto para cuando tengas los chips. Que tengas buen día. Perfecto. Gracias. A vos. Hasta luego. Gracias.",
  "calidad": {
    "confianza_promedio": 0.502,
    "metodo_diarizacion": "pausas_fallback",
    "tiempo_procesamiento": 22.1
  },
  "metadata": {
    "modelo": "whisperx_medium",
    "diarizacion": "pausas",
    "dispositivo": "cuda",
    "fecha": "2026-01-26T01:29:33.307512",
    "version": "5.0_ecapa"
  }
}