{
  "archivo": "amza23_1_260123120529740_ACD_43795.wav",
  "duracion_segundos": 67.91,
  "num_segmentos": 21,
  "num_hablantes": 1,
  "hablantes": [
    "Hablante A"
  ],
  "tiempo_por_hablante": {
    "Hablante A": 60.74
  },
  "idioma": "es",
  "conversacion": [
    {
      "hablante": "Hablante A",
      "inicio": 0.03,
      "fin": 3.66,
      "duracion": 3.63,
      "texto": "Hola.",
      "confianza": 0.607
    },
    {
      "hablante": "Hablante A",
      "inicio": 3.78,
      "fin": 14.77,
      "duracion": 11.0,
      "texto": "Hola.",
      "confianza": 0.768
    },
    {
      "hablante": "Hablante A",
      "inicio": 14.79,
      "fin": 16.11,
      "duracion": 1.32,
      "texto": "Sí, ¿qué tal con Cecilia?",
      "confianza": 0.672
    },
    {
      "hablante": "Hablante A",
      "inicio": 17.32,
      "fin": 18.96,
      "duracion": 1.64,
      "texto": "Sí, ¿con ella?",
      "confianza": 0.366
    },
    {
      "hablante": "Hablante A",
      "inicio": 18.98,
      "fin": 20.2,
      "duracion": 1.22,
      "texto": "Macarena es mi nombre.",
      "confianza": 0.508
    },
    {
      "hablante": "Hablante A",
      "inicio": 20.22,
      "fin": 25.17,
      "duracion": 4.95,
      "texto": "Un gusto nos estamos contactando para brindarle del día de hoy una muy buena promoción en la línea.",
      "confianza": 0.705
    },
    {
      "hablante": "Hablante A",
      "inicio": 26.07,
      "fin": 28.98,
      "duracion": 2.9,
      "texto": "El consultor usted actualmente se encuentra en claro, ¿verdad?",
      "confianza": 0.74
    },
    {
      "hablante": "Hablante A",
      "inicio": 29.5,
      "fin": 30.16,
      "duracion": 0.66,
      "texto": "Sí.",
      "confianza": 0.612
    },
    {
      "hablante": "Hablante A",
      "inicio": 31.44,
      "fin": 32.4,
      "duracion": 0.96,
      "texto": "Bien, perfecto.",
      "confianza": 0.766
    },
    {
      "hablante": "Hablante A",
      "inicio": 32.98,
      "fin": 34.84,
      "duracion": 1.86,
      "texto": "Y ahora le consulta cerca de su plan.",
      "confianza": 0.73
    },
    {
      "hablante": "Hablante A",
      "inicio": 34.87,
      "fin": 37.25,
      "duracion": 2.38,
      "texto": "¿Qué cantidad de sigas tiene la compañía?",
      "confianza": 0.613
    },
    {
      "hablante": "Hablante A",
      "inicio": 37.27,
      "fin": 40.22,
      "duracion": 2.95,
      "texto": "¿Cuenta con chivas de regalos?",
      "confianza": 0.689
    },
    {
      "hablante": "Hablante A",
      "inicio": 40.23,
      "fin": 41.5,
      "duracion": 1.26,
      "texto": "¿Solamente de base?",
      "confianza": 0.791
    },
    {
      "hablante": "Hablante A",
      "inicio": 42.54,
      "fin": 47.69,
      "duracion": 5.15,
      "texto": "Mira, en realidad no me interesa cambiarme de compañía porque, claro, me das cobertura gratuita en Chile.",
      "confianza": 0.575
    },
    {
      "hablante": "Hablante A",
      "inicio": 48.7,
      "fin": 53.04,
      "duracion": 4.35,
      "texto": "Bien, eso debe ser porque tiene el roaming incluido en el plan.",
      "confianza": 0.688
    },
    {
      "hablante": "Hablante A",
      "inicio": 53.28,
      "fin": 62.98,
      "duracion": 9.69,
      "texto": "No, no, no, no, no, es porque, claro, tiene un convenio con Chile, entonces, aparte del roaming, me da cobertura gratuita con los datos de Internet.",
      "confianza": 0.687
    },
    {
      "hablante": "Hablante A",
      "inicio": 63.0,
      "fin": 64.38,
      "duracion": 1.38,
      "texto": "Bien.",
      "confianza": 0.83
    },
    {
      "hablante": "Hablante A",
      "inicio": 64.4,
      "fin": 64.58,
      "duracion": 0.18,
      "texto": "Perfecto.",
      "confianza": 0.106
    },
    {
      "hablante": "Hablante A",
      "inicio": 64.6,
      "fin": 65.94,
      "duracion": 1.34,
      "texto": "Entonces, nos dejamos el sistema.",
      "confianza": 0.473
    },
    {
      "hablante": "Hablante A",
      "inicio": 65.96,
      "fin": 67.3,
      "duracion": 1.34,
      "texto": "Hasta luego.",
      "confianza": 0.548
    },
    {
      "hablante": "Hablante A",
      "inicio": 67.32,
      "fin": 67.91,
      "duracion": 0.58,
      "texto": "Hasta luego.",
      "confianza": 0.42
    }
  ],
  "transcripcion_completa": "Hola. Hola. Sí, ¿qué tal con Cecilia? Sí, ¿con ella? Macarena es mi nombre. Un gusto nos estamos contactando para brindarle del día de hoy una muy buena promoción en la línea. El consultor usted actualmente se encuentra en claro, ¿verdad? Sí. Bien, perfecto. Y ahora le consulta cerca de su plan. ¿Qué cantidad de sigas tiene la compañía? ¿Cuenta con chivas de regalos? ¿Solamente de base? Mira, en realidad no me interesa cambiarme de compañía porque, claro, me das cobertura gratuita en Chile. Bien, eso debe ser porque tiene el roaming incluido en el plan. No, no, no, no, no, es porque, claro, tiene un convenio con Chile, entonces, aparte del roaming, me da cobertura gratuita con los datos de Internet. Bien. Perfecto. Entonces, nos dejamos el sistema. Hasta luego. Hasta luego.",
  "calidad": {
    "confianza_promedio": 0.614,
    "metodo_diarizacion": "pausas_fallback",
    "tiempo_procesamiento": 4.6
  },
  "metadata": {
    "modelo": "whisperx_medium",
    "diarizacion": "pausas",
    "dispositivo": "cuda",
    "fecha": "2026-01-26T02:03:44.680326",
    "version": "5.0_ecapa"
  }
}