{
  "archivo": "amza23_1_260124112310925_ACD_71851.wav",
  "duracion_segundos": 152.79,
  "num_segmentos": 43,
  "num_hablantes": 2,
  "hablantes": [
    "Hablante A",
    "Hablante B"
  ],
  "tiempo_por_hablante": {
    "Hablante A": 80.71,
    "Hablante B": 45.39
  },
  "idioma": "es",
  "conversacion": [
    {
      "hablante": "Hablante A",
      "inicio": 0.57,
      "fin": 2.35,
      "duracion": 1.78,
      "texto": "¿Hola?",
      "confianza": 0.152
    },
    {
      "hablante": "Hablante A",
      "inicio": 2.37,
      "fin": 2.49,
      "duracion": 0.12,
      "texto": "¿Saló?",
      "confianza": 0.049
    },
    {
      "hablante": "Hablante A",
      "inicio": 2.51,
      "fin": 3.31,
      "duracion": 0.8,
      "texto": "Hola, ¿qué tal?",
      "confianza": 0.548
    },
    {
      "hablante": "Hablante A",
      "inicio": 3.33,
      "fin": 8.2,
      "duracion": 4.87,
      "texto": "Buen día, ¿con familiar de María Claudia?",
      "confianza": 0.72
    },
    {
      "hablante": "Hablante A",
      "inicio": 8.22,
      "fin": 12.57,
      "duracion": 4.35,
      "texto": "No, no corresponde más este teléfono de María Claudia.",
      "confianza": 0.07
    },
    {
      "hablante": "Hablante A",
      "inicio": 12.59,
      "fin": 13.47,
      "duracion": 0.88,
      "texto": "Bueno, no hay problema.",
      "confianza": 0.72
    },
    {
      "hablante": "Hablante A",
      "inicio": 13.49,
      "fin": 17.37,
      "duracion": 3.89,
      "texto": "Le comento igual, nos estamos contactando del área de beneficios de Movistar.",
      "confianza": 0.809
    },
    {
      "hablante": "Hablante A",
      "inicio": 17.97,
      "fin": 20.26,
      "duracion": 2.28,
      "texto": "Queríamos brindarle una muy buena promoción.",
      "confianza": 0.828
    },
    {
      "hablante": "Hablante A",
      "inicio": 20.34,
      "fin": 22.42,
      "duracion": 2.08,
      "texto": "Usted actualmente es usuario de Claro, ¿verdad?",
      "confianza": 0.599
    },
    {
      "hablante": "Hablante B",
      "inicio": 24.44,
      "fin": 27.71,
      "duracion": 3.26,
      "texto": "En este momento, en el argentino, sí.",
      "confianza": 0.291
    },
    {
      "hablante": "Hablante B",
      "inicio": 27.73,
      "fin": 28.15,
      "duracion": 0.42,
      "texto": "Bien.",
      "confianza": 0.908
    },
    {
      "hablante": "Hablante B",
      "inicio": 28.73,
      "fin": 31.42,
      "duracion": 2.68,
      "texto": "Y el consultor más que todo acerca ahí su plan.",
      "confianza": 0.669
    },
    {
      "hablante": "Hablante B",
      "inicio": 31.44,
      "fin": 34.66,
      "duracion": 3.22,
      "texto": "¿Cuánto está bonando aproximadamente por la línea?",
      "confianza": 0.814
    },
    {
      "hablante": "Hablante B",
      "inicio": 34.68,
      "fin": 37.92,
      "duracion": 3.24,
      "texto": "¿Qué cantidad de yi más le brinda la compañía?",
      "confianza": 0.674
    },
    {
      "hablante": "Hablante A",
      "inicio": 41.87,
      "fin": 49.04,
      "duracion": 7.17,
      "texto": "Ay, oye, pues que yo le cargo y no... no tengo... no tengo bonos.",
      "confianza": 0.204
    },
    {
      "hablante": "Hablante A",
      "inicio": 49.06,
      "fin": 53.96,
      "duracion": 4.91,
      "texto": "Lo tiene a prepago, ¿verdad?",
      "confianza": 0.472
    },
    {
      "hablante": "Hablante A",
      "inicio": 53.98,
      "fin": 54.24,
      "duracion": 0.26,
      "texto": "Sí, señorita.",
      "confianza": 0.025
    },
    {
      "hablante": "Hablante A",
      "inicio": 54.26,
      "fin": 54.6,
      "duracion": 0.34,
      "texto": "Bien.",
      "confianza": 0.814
    },
    {
      "hablante": "Hablante A",
      "inicio": 55.87,
      "fin": 56.89,
      "duracion": 1.02,
      "texto": "Bien, perfecto.",
      "confianza": 0.778
    },
    {
      "hablante": "Hablante A",
      "inicio": 57.2,
      "fin": 57.78,
      "duracion": 0.58,
      "texto": "Perfecto.",
      "confianza": 0.843
    },
    {
      "hablante": "Hablante A",
      "inicio": 57.88,
      "fin": 60.03,
      "duracion": 2.14,
      "texto": "¿Y cada cuánto le realizan las recargas?",
      "confianza": 0.648
    },
    {
      "hablante": "Hablante A",
      "inicio": 61.15,
      "fin": 61.73,
      "duracion": 0.58,
      "texto": "¿Por mes?",
      "confianza": 0.77
    },
    {
      "hablante": "Hablante A",
      "inicio": 61.75,
      "fin": 67.4,
      "duracion": 5.65,
      "texto": "¿Por semana?",
      "confianza": 0.954
    },
    {
      "hablante": "Hablante A",
      "inicio": 67.42,
      "fin": 68.02,
      "duracion": 0.6,
      "texto": "No, generalmente cada 30 días.",
      "confianza": 0.008
    },
    {
      "hablante": "Hablante A",
      "inicio": 68.04,
      "fin": 68.86,
      "duracion": 0.82,
      "texto": "Bien, perfecto.",
      "confianza": 0.786
    },
    {
      "hablante": "Hablante A",
      "inicio": 69.26,
      "fin": 69.7,
      "duracion": 0.44,
      "texto": "Perfecto.",
      "confianza": 0.837
    },
    {
      "hablante": "Hablante A",
      "inicio": 69.72,
      "fin": 82.82,
      "duracion": 13.1,
      "texto": "Bueno, en este caso le comento acerca del plan más económico que tenemos, sí, que consta de 4 gigas de base, más 10 gigas de regalo con una durabilidad por 6 meses,",
      "confianza": 0.726
    },
    {
      "hablante": "Hablante A",
      "inicio": 83.12,
      "fin": 83.6,
      "duracion": 0.48,
      "texto": "¿Sí?",
      "confianza": 0.529
    },
    {
      "hablante": "Hablante A",
      "inicio": 83.84,
      "fin": 89.09,
      "duracion": 5.25,
      "texto": "Haciendo un total de catorce gigas por un costo de seis mil cuatrocientos cincuenta.",
      "confianza": 0.772
    },
    {
      "hablante": "Hablante B",
      "inicio": 90.67,
      "fin": 94.9,
      "duracion": 4.22,
      "texto": "Con todo bonificado.",
      "confianza": 0.286
    },
    {
      "hablante": "Hablante B",
      "inicio": 94.92,
      "fin": 101.84,
      "duracion": 6.93,
      "texto": "¿Qué le parece la propuesta?",
      "confianza": 0.766
    },
    {
      "hablante": "Hablante B",
      "inicio": 101.86,
      "fin": 103.2,
      "duracion": 1.34,
      "texto": "Y oye que yo no estoy mucho tiempo acá.",
      "confianza": 0.085
    },
    {
      "hablante": "Hablante B",
      "inicio": 103.22,
      "fin": 103.55,
      "duracion": 0.32,
      "texto": "Bien.",
      "confianza": 0.814
    },
    {
      "hablante": "Hablante B",
      "inicio": 104.47,
      "fin": 105.09,
      "duracion": 0.62,
      "texto": "Bien, bien.",
      "confianza": 0.618
    },
    {
      "hablante": "Hablante B",
      "inicio": 105.11,
      "fin": 109.99,
      "duracion": 4.89,
      "texto": "¿Ustedes de viajar fuera del país?",
      "confianza": 0.751
    },
    {
      "hablante": "Hablante B",
      "inicio": 111.47,
      "fin": 123.76,
      "duracion": 12.29,
      "texto": "Bien, porque en ese caso tenemos un plan para brindarle que es de ocho mil pesos y tiene un total de dieciocho gigas con el roaming incluido en el caso de que sea de salir fuera del país.",
      "confianza": 0.738
    },
    {
      "hablante": "Hablante A",
      "inicio": 127.61,
      "fin": 137.32,
      "duracion": 9.71,
      "texto": "Mira, pues tú me puedes hablar luego porque la verdad que ahora estoy por tener una reunión.",
      "confianza": 0.193
    },
    {
      "hablante": "Hablante A",
      "inicio": 137.34,
      "fin": 139.12,
      "duracion": 1.78,
      "texto": "Bueno, ¿en qué horario le parece, señor?",
      "confianza": 0.585
    },
    {
      "hablante": "Hablante A",
      "inicio": 140.26,
      "fin": 142.0,
      "duracion": 1.74,
      "texto": "Después de las 21 horas.",
      "confianza": 0.695
    },
    {
      "hablante": "Hablante B",
      "inicio": 143.91,
      "fin": 144.87,
      "duracion": 0.96,
      "texto": "Bueno, no hay problema.",
      "confianza": 0.611
    },
    {
      "hablante": "Hablante B",
      "inicio": 145.35,
      "fin": 146.35,
      "duracion": 1.0,
      "texto": "Me vuelvo a contactar.",
      "confianza": 0.632
    },
    {
      "hablante": "Hablante A",
      "inicio": 148.34,
      "fin": 149.12,
      "duracion": 0.78,
      "texto": "Que estén muy bien.",
      "confianza": 0.774
    },
    {
      "hablante": "Hablante A",
      "inicio": 150.48,
      "fin": 152.79,
      "duracion": 2.31,
      "texto": "Hasta luego.",
      "confianza": 0.602
    }
  ],
  "transcripcion_completa": "¿Hola? ¿Saló? Hola, ¿qué tal? Buen día, ¿con familiar de María Claudia? No, no corresponde más este teléfono de María Claudia. Bueno, no hay problema. Le comento igual, nos estamos contactando del área de beneficios de Movistar. Queríamos brindarle una muy buena promoción. Usted actualmente es usuario de Claro, ¿verdad? En este momento, en el argentino, sí. Bien. Y el consultor más que todo acerca ahí su plan. ¿Cuánto está bonando aproximadamente por la línea? ¿Qué cantidad de yi más le brinda la compañía? Ay, oye, pues que yo le cargo y no... no tengo... no tengo bonos. Lo tiene a prepago, ¿verdad? Sí, señorita. Bien. Bien, perfecto. Perfecto. ¿Y cada cuánto le realizan las recargas? ¿Por mes? ¿Por semana? No, generalmente cada 30 días. Bien, perfecto. Perfecto. Bueno, en este caso le comento acerca del plan más económico que tenemos, sí, que consta de 4 gigas de base, más 10 gigas de regalo con una durabilidad por 6 meses, ¿Sí? Haciendo un total de catorce gigas por un costo de seis mil cuatrocientos cincuenta. Con todo bonificado. ¿Qué le parece la propuesta? Y oye que yo no estoy mucho tiempo acá. Bien. Bien, bien. ¿Ustedes de viajar fuera del país? Bien, porque en ese caso tenemos un plan para brindarle que es de ocho mil pesos y tiene un total de dieciocho gigas con el roaming incluido en el caso de que sea de salir fuera del país. Mira, pues tú me puedes hablar luego porque la verdad que ahora estoy por tener una reunión. Bueno, ¿en qué horario le parece, señor? Después de las 21 horas. Bueno, no hay problema. Me vuelvo a contactar. Que estén muy bien. Hasta luego.",
  "calidad": {
    "confianza_promedio": 0.585,
    "metodo_diarizacion": "pausas_fallback",
    "tiempo_procesamiento": 6.7
  },
  "metadata": {
    "modelo": "whisperx_medium",
    "diarizacion": "pausas",
    "dispositivo": "cuda",
    "fecha": "2026-01-26T02:05:22.687187",
    "version": "5.0_ecapa"
  }
}