{
  "archivo": "amza24_1_260121142756775_ACD_16329.wav",
  "duracion_segundos": 387.86,
  "num_segmentos": 89,
  "num_hablantes": 2,
  "hablantes": [
    "Hablante A",
    "Hablante B"
  ],
  "tiempo_por_hablante": {
    "Hablante A": 198.33,
    "Hablante B": 140.66
  },
  "idioma": "es",
  "conversacion": [
    {
      "hablante": "Hablante A",
      "inicio": 1.26,
      "fin": 1.56,
      "duracion": 0.3,
      "texto": "Hola.",
      "confianza": 0.301
    },
    {
      "hablante": "Hablante A",
      "inicio": 1.58,
      "fin": 1.9,
      "duracion": 0.32,
      "texto": "Sí.",
      "confianza": 0.433
    },
    {
      "hablante": "Hablante B",
      "inicio": 3.85,
      "fin": 4.43,
      "duracion": 0.58,
      "texto": "Hola, ¿cómo estás?",
      "confianza": 0.324
    },
    {
      "hablante": "Hablante B",
      "inicio": 4.45,
      "fin": 4.99,
      "duracion": 0.54,
      "texto": "Buenos días.",
      "confianza": 0.703
    },
    {
      "hablante": "Hablante B",
      "inicio": 5.19,
      "fin": 6.13,
      "duracion": 0.94,
      "texto": "Agustín es mi nombre.",
      "confianza": 0.817
    },
    {
      "hablante": "Hablante B",
      "inicio": 6.15,
      "fin": 12.28,
      "duracion": 6.13,
      "texto": "Me estoy comunicando del área de recupero de clientes movistar.",
      "confianza": 0.653
    },
    {
      "hablante": "Hablante B",
      "inicio": 12.3,
      "fin": 12.62,
      "duracion": 0.32,
      "texto": "Hablo con Nancy.",
      "confianza": 0.003
    },
    {
      "hablante": "Hablante B",
      "inicio": 12.64,
      "fin": 12.82,
      "duracion": 0.18,
      "texto": "Con ella.",
      "confianza": 0.012
    },
    {
      "hablante": "Hablante B",
      "inicio": 12.84,
      "fin": 13.76,
      "duracion": 0.92,
      "texto": "¿Cómo estás, Nancy?",
      "confianza": 0.31
    },
    {
      "hablante": "Hablante B",
      "inicio": 13.78,
      "fin": 21.45,
      "duracion": 7.67,
      "texto": "Te estoy llamando como te decía del área de recupero porque tenemos promociones exclusivas para aquellos clientes que han sido parte de la compañía.",
      "confianza": 0.625
    },
    {
      "hablante": "Hablante B",
      "inicio": 21.47,
      "fin": 21.83,
      "duracion": 0.36,
      "texto": "Bien.",
      "confianza": 0.592
    },
    {
      "hablante": "Hablante B",
      "inicio": 23.07,
      "fin": 23.13,
      "duracion": 0.06,
      "texto": "OK.",
      "confianza": 0.085
    },
    {
      "hablante": "Hablante B",
      "inicio": 23.15,
      "fin": 27.83,
      "duracion": 4.69,
      "texto": "Lo que digo es que vos actualmente estás en claro, ¿sí?",
      "confianza": 0.291
    },
    {
      "hablante": "Hablante B",
      "inicio": 27.85,
      "fin": 27.99,
      "duracion": 0.14,
      "texto": "Así es.",
      "confianza": 0.03
    },
    {
      "hablante": "Hablante B",
      "inicio": 28.01,
      "fin": 28.11,
      "duracion": 0.1,
      "texto": "Bien.",
      "confianza": 0.203
    },
    {
      "hablante": "Hablante B",
      "inicio": 28.46,
      "fin": 52.52,
      "duracion": 24.06,
      "texto": "En este caso, una vez que el trámite está terminado, te tiramos enviando el chip a la sucursal más cercana a tu domicilio.",
      "confianza": 0.555
    },
    {
      "hablante": "Hablante B",
      "inicio": 53.47,
      "fin": 58.27,
      "duracion": 4.8,
      "texto": "Te va a estar llevando un de 48 a 72 horas hábiles, ¿bien?",
      "confianza": 0.542
    },
    {
      "hablante": "Hablante B",
      "inicio": 58.89,
      "fin": 68.0,
      "duracion": 9.11,
      "texto": "Mariano, de esta manera, sí, para que cuando el día de claro deje de funcionar vos ya tengas tu chip movistar con vos, ¿sí?",
      "confianza": 0.561
    },
    {
      "hablante": "Hablante B",
      "inicio": 68.02,
      "fin": 69.53,
      "duracion": 1.5,
      "texto": "Bueno, vale.",
      "confianza": 0.434
    },
    {
      "hablante": "Hablante B",
      "inicio": 69.55,
      "fin": 69.95,
      "duracion": 0.4,
      "texto": "Bien.",
      "confianza": 0.586
    },
    {
      "hablante": "Hablante B",
      "inicio": 69.97,
      "fin": 72.59,
      "duracion": 2.62,
      "texto": "Nancy, vos sos dictador de provincia de Buenos Aires.",
      "confianza": 0.633
    },
    {
      "hablante": "Hablante A",
      "inicio": 74.89,
      "fin": 77.0,
      "duracion": 2.1,
      "texto": "De provincia.",
      "confianza": 0.354
    },
    {
      "hablante": "Hablante A",
      "inicio": 77.02,
      "fin": 77.68,
      "duracion": 0.66,
      "texto": "Ah, no, no, ¿qué?",
      "confianza": 0.293
    },
    {
      "hablante": "Hablante A",
      "inicio": 77.72,
      "fin": 80.18,
      "duracion": 2.46,
      "texto": "Porque yo... ¿De qué partido?",
      "confianza": 0.736
    },
    {
      "hablante": "Hablante A",
      "inicio": 80.2,
      "fin": 81.67,
      "duracion": 1.46,
      "texto": "Le voy a poner la clave, ¿sí?",
      "confianza": 0.242
    },
    {
      "hablante": "Hablante A",
      "inicio": 81.69,
      "fin": 82.85,
      "duracion": 1.16,
      "texto": "No, más en Zamora.",
      "confianza": 0.241
    },
    {
      "hablante": "Hablante A",
      "inicio": 82.87,
      "fin": 83.25,
      "duracion": 0.38,
      "texto": "Bien.",
      "confianza": 0.785
    },
    {
      "hablante": "Hablante A",
      "inicio": 83.29,
      "fin": 87.41,
      "duracion": 4.13,
      "texto": "Guárdame un momento, entonces, que te voy a decir cuál es la ciudad más cerquita.",
      "confianza": 0.395
    },
    {
      "hablante": "Hablante A",
      "inicio": 87.92,
      "fin": 114.26,
      "duracion": 26.35,
      "texto": "¿Hasta el mediodía?",
      "confianza": 0.644
    },
    {
      "hablante": "Hablante A",
      "inicio": 114.28,
      "fin": 117.91,
      "duracion": 3.62,
      "texto": "¿Hasta qué hora?",
      "confianza": 0.583
    },
    {
      "hablante": "Hablante A",
      "inicio": 118.39,
      "fin": 123.56,
      "duracion": 5.17,
      "texto": "Hasta las veinte, de nueve a veinte.",
      "confianza": 0.22
    },
    {
      "hablante": "Hablante A",
      "inicio": 123.58,
      "fin": 124.4,
      "duracion": 0.82,
      "texto": "¿Todos los días?",
      "confianza": 0.276
    },
    {
      "hablante": "Hablante A",
      "inicio": 125.12,
      "fin": 129.43,
      "duracion": 4.31,
      "texto": "De lunes al sábado, de nueve a veinte.",
      "confianza": 0.578
    },
    {
      "hablante": "Hablante A",
      "inicio": 129.45,
      "fin": 129.75,
      "duracion": 0.3,
      "texto": "Perfecto, vale.",
      "confianza": 0.018
    },
    {
      "hablante": "Hablante A",
      "inicio": 129.77,
      "fin": 132.42,
      "duracion": 2.64,
      "texto": "Vale, ahí te voy a mandar entonces, aguardamos un momento.",
      "confianza": 0.55
    },
    {
      "hablante": "Hablante A",
      "inicio": 132.9,
      "fin": 138.53,
      "duracion": 5.63,
      "texto": "Bien, primero te voy a mandar un mensajito del WhatsApp para que vos vas a partirme ahora que tengo mi número.",
      "confianza": 0.529
    },
    {
      "hablante": "Hablante A",
      "inicio": 139.91,
      "fin": 147.16,
      "duracion": 7.26,
      "texto": "Yo voy a hacer otro proceso y te voy a llevar tu tramite de portabilidad y a cualquier consulta que tengas me hablas al whatsapp.",
      "confianza": 0.379
    },
    {
      "hablante": "Hablante A",
      "inicio": 147.18,
      "fin": 147.82,
      "duracion": 0.64,
      "texto": "Bueno, ¿tu nombre?",
      "confianza": 0.429
    },
    {
      "hablante": "Hablante B",
      "inicio": 149.57,
      "fin": 149.93,
      "duracion": 0.36,
      "texto": "Aucina.",
      "confianza": 0.266
    },
    {
      "hablante": "Hablante B",
      "inicio": 149.95,
      "fin": 151.01,
      "duracion": 1.06,
      "texto": "Aucina, dale.",
      "confianza": 0.452
    },
    {
      "hablante": "Hablante B",
      "inicio": 151.03,
      "fin": 159.91,
      "duracion": 8.88,
      "texto": "Dale, ahí te voy a mandar un mensajito para que tengas mi número.",
      "confianza": 0.549
    },
    {
      "hablante": "Hablante B",
      "inicio": 159.93,
      "fin": 159.99,
      "duracion": 0.06,
      "texto": "Sí.",
      "confianza": 0.333
    },
    {
      "hablante": "Hablante A",
      "inicio": 166.45,
      "fin": 168.47,
      "duracion": 2.02,
      "texto": "No, pero yo lo bloqueaba.",
      "confianza": 0.614
    },
    {
      "hablante": "Hablante A",
      "inicio": 168.49,
      "fin": 177.49,
      "duracion": 8.99,
      "texto": "Si no, si no bloqueé ese juego.",
      "confianza": 0.42
    },
    {
      "hablante": "Hablante A",
      "inicio": 177.5,
      "fin": 177.75,
      "duracion": 0.24,
      "texto": "Ahí estamos.",
      "confianza": 0.034
    },
    {
      "hablante": "Hablante A",
      "inicio": 177.76,
      "fin": 180.13,
      "duracion": 2.36,
      "texto": "No contesto, pero está bien.",
      "confianza": 0.454
    },
    {
      "hablante": "Hablante A",
      "inicio": 180.15,
      "fin": 181.41,
      "duracion": 1.26,
      "texto": "Ahora está bien, bien.",
      "confianza": 0.399
    },
    {
      "hablante": "Hablante A",
      "inicio": 182.47,
      "fin": 185.13,
      "duracion": 2.66,
      "texto": "Bien, ahí también es la subcursal.",
      "confianza": 0.68
    },
    {
      "hablante": "Hablante A",
      "inicio": 185.29,
      "fin": 188.88,
      "duracion": 3.58,
      "texto": "Ahorreo un momento.",
      "confianza": 0.449
    },
    {
      "hablante": "Hablante A",
      "inicio": 188.9,
      "fin": 193.18,
      "duracion": 4.28,
      "texto": "Decíanme ni que se sientan atrasados.",
      "confianza": 0.4
    },
    {
      "hablante": "Hablante A",
      "inicio": 193.2,
      "fin": 194.16,
      "duracion": 0.96,
      "texto": "Bien.",
      "confianza": 0.64
    },
    {
      "hablante": "Hablante A",
      "inicio": 194.82,
      "fin": 202.09,
      "duracion": 7.27,
      "texto": "Decime, Nancy, tu mail es... Enna Rodríguez.",
      "confianza": 0.263
    },
    {
      "hablante": "Hablante A",
      "inicio": 202.11,
      "fin": 203.67,
      "duracion": 1.56,
      "texto": "Enna Nancy.",
      "confianza": 0.49
    },
    {
      "hablante": "Hablante A",
      "inicio": 203.69,
      "fin": 206.37,
      "duracion": 2.68,
      "texto": "Ajá.",
      "confianza": 0.532
    },
    {
      "hablante": "Hablante A",
      "inicio": 206.39,
      "fin": 207.07,
      "duracion": 0.68,
      "texto": "28.",
      "confianza": 0.704
    },
    {
      "hablante": "Hablante B",
      "inicio": 210.47,
      "fin": 212.22,
      "duracion": 1.74,
      "texto": "Sí.",
      "confianza": 0.628
    },
    {
      "hablante": "Hablante B",
      "inicio": 212.24,
      "fin": 213.0,
      "duracion": 0.76,
      "texto": "28.",
      "confianza": 0.905
    },
    {
      "hablante": "Hablante B",
      "inicio": 213.02,
      "fin": 214.18,
      "duracion": 1.16,
      "texto": "Sí.",
      "confianza": 0.737
    },
    {
      "hablante": "Hablante B",
      "inicio": 214.2,
      "fin": 219.02,
      "duracion": 4.82,
      "texto": "Arroba hotmail.com.ar.",
      "confianza": 0.615
    },
    {
      "hablante": "Hablante B",
      "inicio": 219.5,
      "fin": 219.87,
      "duracion": 0.36,
      "texto": "Bien.",
      "confianza": 0.425
    },
    {
      "hablante": "Hablante A",
      "inicio": 222.29,
      "fin": 228.36,
      "duracion": 6.07,
      "texto": "Entonces, nrodriguez2828 o un solo 28 nomás?",
      "confianza": 0.655
    },
    {
      "hablante": "Hablante A",
      "inicio": 228.38,
      "fin": 229.04,
      "duracion": 0.66,
      "texto": "Uno solo.",
      "confianza": 0.306
    },
    {
      "hablante": "Hablante A",
      "inicio": 229.06,
      "fin": 231.48,
      "duracion": 2.42,
      "texto": "Perfecto, nrodriguez28, vamos con el .com.ar.",
      "confianza": 0.277
    },
    {
      "hablante": "Hablante A",
      "inicio": 231.56,
      "fin": 231.88,
      "duracion": 0.32,
      "texto": "Perfecto.",
      "confianza": 0.476
    },
    {
      "hablante": "Hablante A",
      "inicio": 231.96,
      "fin": 236.99,
      "duracion": 5.03,
      "texto": ".com.ar, sí.",
      "confianza": 0.618
    },
    {
      "hablante": "Hablante A",
      "inicio": 237.01,
      "fin": 238.47,
      "duracion": 1.46,
      "texto": "Bien, Nancy, bueno, te cuento, ¿sí?",
      "confianza": 0.375
    },
    {
      "hablante": "Hablante A",
      "inicio": 238.49,
      "fin": 239.89,
      "duracion": 1.4,
      "texto": "Te verifico los datos primero.",
      "confianza": 0.859
    },
    {
      "hablante": "Hablante A",
      "inicio": 240.09,
      "fin": 250.95,
      "duracion": 10.85,
      "texto": "Antes que nada, rodrigueznancyedit, los tres últimos dígitos del tourney, 656, y la línea que vamos a aportar es la 115793830,",
      "confianza": 0.578
    },
    {
      "hablante": "Hablante A",
      "inicio": 251.05,
      "fin": 275.64,
      "duracion": 24.59,
      "texto": "Si en el caso de que quieras pasar alguna línea más que también esté registrada bajo tu nombre, van a tener cuatro... Bueno, ahora si te cuento ahora lo que te voy a enviar va a ser un mensaje de texto, un SMS común con el remitente 223.",
      "confianza": 0.707
    },
    {
      "hablante": "Hablante A",
      "inicio": 276.14,
      "fin": 277.56,
      "duracion": 1.42,
      "texto": "¿Ese mensaje lo que haces?",
      "confianza": 0.189
    },
    {
      "hablante": "Hablante A",
      "inicio": 277.58,
      "fin": 281.38,
      "duracion": 3.8,
      "texto": "Avisarle a Clara de que te vas a cambiar de compañía para que no pierdas.",
      "confianza": 0.719
    },
    {
      "hablante": "Hablante A",
      "inicio": 281.4,
      "fin": 284.99,
      "duracion": 3.58,
      "texto": "Sí, para que no pierdas.",
      "confianza": 0.623
    },
    {
      "hablante": "Hablante A",
      "inicio": 285.01,
      "fin": 285.97,
      "duracion": 0.96,
      "texto": "Bien.",
      "confianza": 0.698
    },
    {
      "hablante": "Hablante A",
      "inicio": 286.01,
      "fin": 287.41,
      "duracion": 1.4,
      "texto": "Aguárdame un momento.",
      "confianza": 0.893
    },
    {
      "hablante": "Hablante A",
      "inicio": 287.47,
      "fin": 292.86,
      "duracion": 5.38,
      "texto": "Puedo verificar que es el mismo que tengo.",
      "confianza": 0.712
    },
    {
      "hablante": "Hablante A",
      "inicio": 292.88,
      "fin": 300.0,
      "duracion": 7.13,
      "texto": "Sí, siempre es el mismo.",
      "confianza": 0.478
    },
    {
      "hablante": "Hablante A",
      "inicio": 300.02,
      "fin": 303.67,
      "duracion": 3.64,
      "texto": "Aguárdame.",
      "confianza": 0.457
    },
    {
      "hablante": "Hablante B",
      "inicio": 306.04,
      "fin": 307.87,
      "duracion": 1.82,
      "texto": "Ahí te lo voy a enviar.",
      "confianza": 0.61
    },
    {
      "hablante": "Hablante B",
      "inicio": 307.9,
      "fin": 310.25,
      "duracion": 2.34,
      "texto": "Ya te digo cuándo te vas a llegar.",
      "confianza": 0.618
    },
    {
      "hablante": "Hablante A",
      "inicio": 319.46,
      "fin": 321.47,
      "duracion": 2.0,
      "texto": "Ahí, Nancy, te tiene que haber llegado.",
      "confianza": 0.743
    },
    {
      "hablante": "Hablante A",
      "inicio": 321.55,
      "fin": 323.13,
      "duracion": 1.58,
      "texto": "Confírmame si es así.",
      "confianza": 0.714
    },
    {
      "hablante": "Hablante A",
      "inicio": 323.75,
      "fin": 330.14,
      "duracion": 6.39,
      "texto": "Un SMS común, ¿sí?",
      "confianza": 0.619
    },
    {
      "hablante": "Hablante B",
      "inicio": 334.95,
      "fin": 344.24,
      "duracion": 9.29,
      "texto": "Bien, te dice.",
      "confianza": 0.473
    },
    {
      "hablante": "Hablante B",
      "inicio": 344.26,
      "fin": 364.25,
      "duracion": 19.99,
      "texto": "Entonces, su código de portabilidad es.",
      "confianza": 0.611
    },
    {
      "hablante": "Hablante B",
      "inicio": 364.88,
      "fin": 366.59,
      "duracion": 1.7,
      "texto": "Bien.",
      "confianza": 0.654
    },
    {
      "hablante": "Hablante B",
      "inicio": 366.61,
      "fin": 366.99,
      "duracion": 0.38,
      "texto": "Decime.",
      "confianza": 0.624
    },
    {
      "hablante": "Hablante B",
      "inicio": 367.01,
      "fin": 370.97,
      "duracion": 3.97,
      "texto": "Entonces, dice, ¿tu código de portabilidad es…?",
      "confianza": 0.574
    },
    {
      "hablante": "Hablante B",
      "inicio": 370.99,
      "fin": 376.68,
      "duracion": 5.69,
      "texto": "¿Hola?",
      "confianza": 0.595
    },
    {
      "hablante": "Hablante B",
      "inicio": 376.7,
      "fin": 387.86,
      "duracion": 11.16,
      "texto": "¿Hola?",
      "confianza": 0.778
    }
  ],
  "transcripcion_completa": "Hola. Sí. Hola, ¿cómo estás? Buenos días. Agustín es mi nombre. Me estoy comunicando del área de recupero de clientes movistar. Hablo con Nancy. Con ella. ¿Cómo estás, Nancy? Te estoy llamando como te decía del área de recupero porque tenemos promociones exclusivas para aquellos clientes que han sido parte de la compañía. Bien. OK. Lo que digo es que vos actualmente estás en claro, ¿sí? Así es. Bien. En este caso, una vez que el trámite está terminado, te tiramos enviando el chip a la sucursal más cercana a tu domicilio. Te va a estar llevando un de 48 a 72 horas hábiles, ¿bien? Mariano, de esta manera, sí, para que cuando el día de claro deje de funcionar vos ya tengas tu chip movistar con vos, ¿sí? Bueno, vale. Bien. Nancy, vos sos dictador de provincia de Buenos Aires. De provincia. Ah, no, no, ¿qué? Porque yo... ¿De qué partido? Le voy a poner la clave, ¿sí? No, más en Zamora. Bien. Guárdame un momento, entonces, que te voy a decir cuál es la ciudad más cerquita. ¿Hasta el mediodía? ¿Hasta qué hora? Hasta las veinte, de nueve a veinte. ¿Todos los días? De lunes al sábado, de nueve a veinte. Perfecto, vale. Vale, ahí te voy a mandar entonces, aguardamos un momento. Bien, primero te voy a mandar un mensajito del WhatsApp para que vos vas a partirme ahora que tengo mi número. Yo voy a hacer otro proceso y te voy a llevar tu tramite de portabilidad y a cualquier consulta que tengas me hablas al whatsapp. Bueno, ¿tu nombre? Aucina. Aucina, dale. Dale, ahí te voy a mandar un mensajito para que tengas mi número. Sí. No, pero yo lo bloqueaba. Si no, si no bloqueé ese juego. Ahí estamos. No contesto, pero está bien. Ahora está bien, bien. Bien, ahí también es la subcursal. Ahorreo un momento. Decíanme ni que se sientan atrasados. Bien. Decime, Nancy, tu mail es... Enna Rodríguez. Enna Nancy. Ajá. 28. Sí. 28. Sí. Arroba hotmail.com.ar. Bien. Entonces, nrodriguez2828 o un solo 28 nomás? Uno solo. Perfecto, nrodriguez28, vamos con el .com.ar. Perfecto. .com.ar, sí. Bien, Nancy, bueno, te cuento, ¿sí? Te verifico los datos primero. Antes que nada, rodrigueznancyedit, los tres últimos dígitos del tourney, 656, y la línea que vamos a aportar es la 115793830, Si en el caso de que quieras pasar alguna línea más que también esté registrada bajo tu nombre, van a tener cuatro... Bueno, ahora si te cuento ahora lo que te voy a enviar va a ser un mensaje de texto, un SMS común con el remitente 223. ¿Ese mensaje lo que haces? Avisarle a Clara de que te vas a cambiar de compañía para que no pierdas. Sí, para que no pierdas. Bien. Aguárdame un momento. Puedo verificar que es el mismo que tengo. Sí, siempre es el mismo. Aguárdame. Ahí te lo voy a enviar. Ya te digo cuándo te vas a llegar. Ahí, Nancy, te tiene que haber llegado. Confírmame si es así. Un SMS común, ¿sí? Bien, te dice. Entonces, su código de portabilidad es. Bien. Decime. Entonces, dice, ¿tu código de portabilidad es…? ¿Hola? ¿Hola?",
  "calidad": {
    "confianza_promedio": 0.496,
    "metodo_diarizacion": "pausas_fallback",
    "tiempo_procesamiento": 10.8
  },
  "metadata": {
    "modelo": "whisperx_medium",
    "diarizacion": "pausas",
    "dispositivo": "cuda",
    "fecha": "2026-01-25T18:22:15.308646",
    "version": "5.0_ecapa"
  }
}