{
  "archivo": "amza23_1_260121133833924_ACD_50931.wav",
  "duracion_segundos": 111.12,
  "num_segmentos": 36,
  "num_hablantes": 2,
  "hablantes": [
    "Hablante A",
    "Hablante B"
  ],
  "tiempo_por_hablante": {
    "Hablante A": 82.3,
    "Hablante B": 19.66
  },
  "idioma": "es",
  "conversacion": [
    {
      "hablante": "Hablante A",
      "inicio": 0.03,
      "fin": 4.74,
      "duracion": 4.71,
      "texto": "Hola, ¿buenas tardes con Mabel?",
      "confianza": 0.754
    },
    {
      "hablante": "Hablante A",
      "inicio": 4.76,
      "fin": 6.06,
      "duracion": 1.3,
      "texto": "Buenas tardes, sí.",
      "confianza": 0.085
    },
    {
      "hablante": "Hablante A",
      "inicio": 6.08,
      "fin": 6.8,
      "duracion": 0.72,
      "texto": "¿Qué tal, Mabel?",
      "confianza": 0.571
    },
    {
      "hablante": "Hablante A",
      "inicio": 6.82,
      "fin": 7.22,
      "duracion": 0.4,
      "texto": "Un gusto.",
      "confianza": 0.92
    },
    {
      "hablante": "Hablante A",
      "inicio": 7.3,
      "fin": 12.63,
      "duracion": 5.33,
      "texto": "Macarena es mi nombre y las estamos contactando para hacerle una muy buena promoción en la línea al día de hoy.",
      "confianza": 0.731
    },
    {
      "hablante": "Hablante A",
      "inicio": 12.65,
      "fin": 14.87,
      "duracion": 2.22,
      "texto": "¿Usted sucede ahí claro, verdad?",
      "confianza": 0.684
    },
    {
      "hablante": "Hablante A",
      "inicio": 16.01,
      "fin": 17.76,
      "duracion": 1.74,
      "texto": "Sí, no, pero no por ahora, no.",
      "confianza": 0.19
    },
    {
      "hablante": "Hablante A",
      "inicio": 17.78,
      "fin": 19.36,
      "duracion": 1.58,
      "texto": "No puedo cambiarme.",
      "confianza": 0.786
    },
    {
      "hablante": "Hablante A",
      "inicio": 19.38,
      "fin": 20.26,
      "duracion": 0.88,
      "texto": "¿Por qué no puedes?",
      "confianza": 0.776
    },
    {
      "hablante": "Hablante A",
      "inicio": 20.66,
      "fin": 24.49,
      "duracion": 3.82,
      "texto": "Porque yo viajo a Córdoba y ahí no tengo señal de dónde estar.",
      "confianza": 0.551
    },
    {
      "hablante": "Hablante A",
      "inicio": 25.85,
      "fin": 35.6,
      "duracion": 9.75,
      "texto": "Bien, de todos modos, sí, le informo que Movistar ha ampliado la calidad de la señal.",
      "confianza": 0.603
    },
    {
      "hablante": "Hablante A",
      "inicio": 35.62,
      "fin": 35.94,
      "duracion": 0.32,
      "texto": "Sí, pero ahí no.",
      "confianza": 0.002
    },
    {
      "hablante": "Hablante A",
      "inicio": 35.96,
      "fin": 36.26,
      "duracion": 0.3,
      "texto": "En esa zona no.",
      "confianza": 0.007
    },
    {
      "hablante": "Hablante A",
      "inicio": 36.28,
      "fin": 43.83,
      "duracion": 7.55,
      "texto": "Bien, y se lo pudieron corroborar cuando se contactaron con usted, porque eso va cambiando ya que Movistar hizo mayores instalaciones de antena.",
      "confianza": 0.671
    },
    {
      "hablante": "Hablante A",
      "inicio": 43.85,
      "fin": 47.79,
      "duracion": 3.94,
      "texto": "Sí, pero ahí en Cosquín, en esa parte de Cosquín no.",
      "confianza": 0.136
    },
    {
      "hablante": "Hablante A",
      "inicio": 47.81,
      "fin": 54.46,
      "duracion": 6.65,
      "texto": "Bien, ahí lo voy a corroborar, vemos un momento, a ver en qué se encuentra la señal.",
      "confianza": 0.649
    },
    {
      "hablante": "Hablante A",
      "inicio": 55.28,
      "fin": 60.81,
      "duracion": 5.53,
      "texto": "Bien.",
      "confianza": 0.197
    },
    {
      "hablante": "Hablante A",
      "inicio": 60.83,
      "fin": 61.49,
      "duracion": 0.66,
      "texto": "Bien.",
      "confianza": 0.365
    },
    {
      "hablante": "Hablante A",
      "inicio": 61.51,
      "fin": 65.94,
      "duracion": 4.43,
      "texto": "Lo que es la parte de cosquín que usted me está diciendo se encuentra en color verde.",
      "confianza": 0.67
    },
    {
      "hablante": "Hablante A",
      "inicio": 66.03,
      "fin": 71.18,
      "duracion": 5.15,
      "texto": "Esto quiere decir que la señal está totalmente ok. Pero eso es en el centro.",
      "confianza": 0.542
    },
    {
      "hablante": "Hablante A",
      "inicio": 71.48,
      "fin": 72.52,
      "duracion": 1.04,
      "texto": "Eso es en el centro.",
      "confianza": 0.596
    },
    {
      "hablante": "Hablante A",
      "inicio": 72.56,
      "fin": 74.09,
      "duracion": 1.52,
      "texto": "No sé, yo no estoy en el centro.",
      "confianza": 0.466
    },
    {
      "hablante": "Hablante A",
      "inicio": 74.87,
      "fin": 80.46,
      "duracion": 5.59,
      "texto": "Cosquín, los hornos, Villagú, son... No, no, no.",
      "confianza": 0.458
    },
    {
      "hablante": "Hablante A",
      "inicio": 80.48,
      "fin": 81.94,
      "duracion": 1.46,
      "texto": "Están verdes.",
      "confianza": 0.418
    },
    {
      "hablante": "Hablante A",
      "inicio": 81.96,
      "fin": 84.88,
      "duracion": 2.92,
      "texto": "Estuvimos hace poquitos días y no.",
      "confianza": 0.422
    },
    {
      "hablante": "Hablante A",
      "inicio": 85.89,
      "fin": 88.68,
      "duracion": 2.79,
      "texto": "Y ahí es una cabaña y no hay señal.",
      "confianza": 0.504
    },
    {
      "hablante": "Hablante B",
      "inicio": 90.56,
      "fin": 92.22,
      "duracion": 1.66,
      "texto": "Bien, bien, bien.",
      "confianza": 0.343
    },
    {
      "hablante": "Hablante B",
      "inicio": 92.24,
      "fin": 93.39,
      "duracion": 1.14,
      "texto": "Así que para la próxima.",
      "confianza": 0.708
    },
    {
      "hablante": "Hablante B",
      "inicio": 93.41,
      "fin": 94.83,
      "duracion": 1.42,
      "texto": "Por ahora no.",
      "confianza": 0.628
    },
    {
      "hablante": "Hablante B",
      "inicio": 94.85,
      "fin": 99.14,
      "duracion": 4.29,
      "texto": "Te dejo porque tengo que hablar por teléfono.",
      "confianza": 0.605
    },
    {
      "hablante": "Hablante B",
      "inicio": 99.16,
      "fin": 101.22,
      "duracion": 2.06,
      "texto": "Y en claro cuánto está volando por su línea.",
      "confianza": 0.67
    },
    {
      "hablante": "Hablante B",
      "inicio": 101.4,
      "fin": 102.28,
      "duracion": 0.88,
      "texto": "No, no, por ahora no.",
      "confianza": 0.68
    },
    {
      "hablante": "Hablante B",
      "inicio": 102.38,
      "fin": 103.83,
      "duracion": 1.44,
      "texto": "Por ahora no me voy a cambiar.",
      "confianza": 0.597
    },
    {
      "hablante": "Hablante B",
      "inicio": 103.87,
      "fin": 105.27,
      "duracion": 1.4,
      "texto": "Así que para la próxima.",
      "confianza": 0.669
    },
    {
      "hablante": "Hablante B",
      "inicio": 105.73,
      "fin": 110.6,
      "duracion": 4.87,
      "texto": "Por ahora no.",
      "confianza": 0.351
    },
    {
      "hablante": "Hablante B",
      "inicio": 110.62,
      "fin": 111.12,
      "duracion": 0.5,
      "texto": "Bueno, gracias igual.",
      "confianza": 0.125
    }
  ],
  "transcripcion_completa": "Hola, ¿buenas tardes con Mabel? Buenas tardes, sí. ¿Qué tal, Mabel? Un gusto. Macarena es mi nombre y las estamos contactando para hacerle una muy buena promoción en la línea al día de hoy. ¿Usted sucede ahí claro, verdad? Sí, no, pero no por ahora, no. No puedo cambiarme. ¿Por qué no puedes? Porque yo viajo a Córdoba y ahí no tengo señal de dónde estar. Bien, de todos modos, sí, le informo que Movistar ha ampliado la calidad de la señal. Sí, pero ahí no. En esa zona no. Bien, y se lo pudieron corroborar cuando se contactaron con usted, porque eso va cambiando ya que Movistar hizo mayores instalaciones de antena. Sí, pero ahí en Cosquín, en esa parte de Cosquín no. Bien, ahí lo voy a corroborar, vemos un momento, a ver en qué se encuentra la señal. Bien. Bien. Lo que es la parte de cosquín que usted me está diciendo se encuentra en color verde. Esto quiere decir que la señal está totalmente ok. Pero eso es en el centro. Eso es en el centro. No sé, yo no estoy en el centro. Cosquín, los hornos, Villagú, son... No, no, no. Están verdes. Estuvimos hace poquitos días y no. Y ahí es una cabaña y no hay señal. Bien, bien, bien. Así que para la próxima. Por ahora no. Te dejo porque tengo que hablar por teléfono. Y en claro cuánto está volando por su línea. No, no, por ahora no. Por ahora no me voy a cambiar. Así que para la próxima. Por ahora no. Bueno, gracias igual.",
  "calidad": {
    "confianza_promedio": 0.504,
    "metodo_diarizacion": "pausas_fallback",
    "tiempo_procesamiento": 5.9
  },
  "metadata": {
    "modelo": "whisperx_medium",
    "diarizacion": "pausas",
    "dispositivo": "cuda",
    "fecha": "2026-01-25T18:14:29.812198",
    "version": "5.0_ecapa"
  }
}