{
  "archivo": "amza1_1_260121114426332_ACD_06127.wav",
  "duracion_segundos": 65.85,
  "num_segmentos": 23,
  "num_hablantes": 2,
  "hablantes": [
    "Hablante A",
    "Hablante B"
  ],
  "tiempo_por_hablante": {
    "Hablante A": 25.68,
    "Hablante B": 31.81
  },
  "idioma": "es",
  "conversacion": [
    {
      "hablante": "Hablante A",
      "inicio": 0.03,
      "fin": 3.96,
      "duracion": 3.92,
      "texto": "Hola, buenos días.",
      "confianza": 0.46
    },
    {
      "hablante": "Hablante A",
      "inicio": 3.98,
      "fin": 7.46,
      "duracion": 3.48,
      "texto": "Hablo con Nicole.",
      "confianza": 0.364
    },
    {
      "hablante": "Hablante A",
      "inicio": 7.48,
      "fin": 7.74,
      "duracion": 0.26,
      "texto": "Sí, ¿qué tal?",
      "confianza": 0.017
    },
    {
      "hablante": "Hablante A",
      "inicio": 7.76,
      "fin": 8.48,
      "duracion": 0.72,
      "texto": "¿Qué tal, Nicole?",
      "confianza": 0.287
    },
    {
      "hablante": "Hablante A",
      "inicio": 8.5,
      "fin": 8.92,
      "duracion": 0.42,
      "texto": "¿Cómo estás?",
      "confianza": 0.613
    },
    {
      "hablante": "Hablante A",
      "inicio": 8.96,
      "fin": 11.74,
      "duracion": 2.78,
      "texto": "Te hablaba Angelina, la aria de beneficios de la compañía Movistar.",
      "confianza": 0.57
    },
    {
      "hablante": "Hablante A",
      "inicio": 11.76,
      "fin": 15.39,
      "duracion": 3.62,
      "texto": "¿Cómo te va el día de hoy?",
      "confianza": 0.613
    },
    {
      "hablante": "Hablante A",
      "inicio": 15.41,
      "fin": 15.97,
      "duracion": 0.56,
      "texto": "Ah, bien, bien.",
      "confianza": 0.184
    },
    {
      "hablante": "Hablante A",
      "inicio": 15.99,
      "fin": 17.39,
      "duracion": 1.4,
      "texto": "Pero no tengo interés en volver a Movistar.",
      "confianza": 0.133
    },
    {
      "hablante": "Hablante A",
      "inicio": 17.41,
      "fin": 19.97,
      "duracion": 2.56,
      "texto": "¿Qué te ha pasado con Movistar, Nicole, anteriormente?",
      "confianza": 0.636
    },
    {
      "hablante": "Hablante B",
      "inicio": 23.94,
      "fin": 24.54,
      "duracion": 0.6,
      "texto": "Me gusta ir también para otro.",
      "confianza": 0.055
    },
    {
      "hablante": "Hablante B",
      "inicio": 24.91,
      "fin": 28.95,
      "duracion": 4.04,
      "texto": "que has tenido aumentos o has tenido una mala conexión en la cobertura, ¿qué te ha pasado?",
      "confianza": 0.397
    },
    {
      "hablante": "Hablante B",
      "inicio": 28.97,
      "fin": 34.4,
      "duracion": 5.43,
      "texto": "Sí, es una mala conexión, no me ha gustado en general.",
      "confianza": 0.512
    },
    {
      "hablante": "Hablante B",
      "inicio": 35.3,
      "fin": 35.6,
      "duracion": 0.3,
      "texto": "Bien, entiendo.",
      "confianza": 0.063
    },
    {
      "hablante": "Hablante B",
      "inicio": 35.62,
      "fin": 41.79,
      "duracion": 6.17,
      "texto": "Y actualmente, Nicole, ¿cuánto estás abonando por tu línea en claro, tenés idea?",
      "confianza": 0.586
    },
    {
      "hablante": "Hablante B",
      "inicio": 41.81,
      "fin": 41.93,
      "duracion": 0.12,
      "texto": "¿Cómo?",
      "confianza": 0.032
    },
    {
      "hablante": "Hablante B",
      "inicio": 41.95,
      "fin": 51.78,
      "duracion": 9.83,
      "texto": "¿Cuánto estás abonando actualmente por tu línea en claro, que me decís que justamente te estás cómoda en la compañía?",
      "confianza": 0.714
    },
    {
      "hablante": "Hablante B",
      "inicio": 51.8,
      "fin": 52.52,
      "duracion": 0.72,
      "texto": "Diez mil pesos.",
      "confianza": 0.32
    },
    {
      "hablante": "Hablante B",
      "inicio": 52.94,
      "fin": 54.16,
      "duracion": 1.22,
      "texto": "Diez mil pesos.",
      "confianza": 0.661
    },
    {
      "hablante": "Hablante B",
      "inicio": 54.18,
      "fin": 54.52,
      "duracion": 0.34,
      "texto": "Bien.",
      "confianza": 0.797
    },
    {
      "hablante": "Hablante B",
      "inicio": 54.96,
      "fin": 58.0,
      "duracion": 3.04,
      "texto": "¿Recargas o tenés una buena mensual?",
      "confianza": 0.676
    },
    {
      "hablante": "Hablante A",
      "inicio": 59.85,
      "fin": 62.43,
      "duracion": 2.58,
      "texto": "Yo uso recargas, siempre.",
      "confianza": 0.386
    },
    {
      "hablante": "Hablante A",
      "inicio": 62.47,
      "fin": 65.85,
      "duracion": 3.38,
      "texto": "Nicol, te comento lo que tenemos el día hoy para vindarte desde la compañía no movilizar.",
      "confianza": 0.673
    }
  ],
  "transcripcion_completa": "Hola, buenos días. Hablo con Nicole. Sí, ¿qué tal? ¿Qué tal, Nicole? ¿Cómo estás? Te hablaba Angelina, la aria de beneficios de la compañía Movistar. ¿Cómo te va el día de hoy? Ah, bien, bien. Pero no tengo interés en volver a Movistar. ¿Qué te ha pasado con Movistar, Nicole, anteriormente? Me gusta ir también para otro. que has tenido aumentos o has tenido una mala conexión en la cobertura, ¿qué te ha pasado? Sí, es una mala conexión, no me ha gustado en general. Bien, entiendo. Y actualmente, Nicole, ¿cuánto estás abonando por tu línea en claro, tenés idea? ¿Cómo? ¿Cuánto estás abonando actualmente por tu línea en claro, que me decís que justamente te estás cómoda en la compañía? Diez mil pesos. Diez mil pesos. Bien. ¿Recargas o tenés una buena mensual? Yo uso recargas, siempre. Nicol, te comento lo que tenemos el día hoy para vindarte desde la compañía no movilizar.",
  "calidad": {
    "confianza_promedio": 0.424,
    "metodo_diarizacion": "pausas_fallback",
    "tiempo_procesamiento": 5.0
  },
  "metadata": {
    "modelo": "whisperx_medium",
    "diarizacion": "pausas",
    "dispositivo": "cuda",
    "fecha": "2026-01-25T17:44:31.400293",
    "version": "5.0_ecapa"
  }
}