{
  "archivo": "amza20_1_260121142132109_ACD_97973.wav",
  "duracion_segundos": 104.36,
  "num_segmentos": 44,
  "num_hablantes": 2,
  "hablantes": [
    "Hablante A",
    "Hablante B"
  ],
  "tiempo_por_hablante": {
    "Hablante B": 29.98,
    "Hablante A": 58.34
  },
  "idioma": "es",
  "conversacion": [
    {
      "hablante": "Hablante B",
      "inicio": 2.02,
      "fin": 3.46,
      "duracion": 1.44,
      "texto": "Hola, buenas tardes Liliana.",
      "confianza": 0.59
    },
    {
      "hablante": "Hablante A",
      "inicio": 5.65,
      "fin": 5.71,
      "duracion": 0.06,
      "texto": "Sí.",
      "confianza": 0.094
    },
    {
      "hablante": "Hablante A",
      "inicio": 5.73,
      "fin": 9.17,
      "duracion": 3.45,
      "texto": "Como te llamas Liliana Tomás es mi nombre, me comunico en la línea de beneficio a Movistar.",
      "confianza": 0.541
    },
    {
      "hablante": "Hablante A",
      "inicio": 9.59,
      "fin": 13.08,
      "duracion": 3.48,
      "texto": "Principalmente cuentas con Roberto, ¿correcto?",
      "confianza": 0.256
    },
    {
      "hablante": "Hablante A",
      "inicio": 13.1,
      "fin": 13.24,
      "duracion": 0.14,
      "texto": "Sí, sí.",
      "confianza": 0.066
    },
    {
      "hablante": "Hablante A",
      "inicio": 13.26,
      "fin": 14.92,
      "duracion": 1.66,
      "texto": "Bien, mirá, te queríamos mejorar el plan de línea, ¿sí?",
      "confianza": 0.539
    },
    {
      "hablante": "Hablante A",
      "inicio": 14.94,
      "fin": 20.65,
      "duracion": 5.71,
      "texto": "No sé ahora qué estabas en claro, ¿estás con Abono o conversado actualmente?",
      "confianza": 0.52
    },
    {
      "hablante": "Hablante A",
      "inicio": 20.67,
      "fin": 21.19,
      "duracion": 0.52,
      "texto": "No, no, no, sí, con Abono.",
      "confianza": 0.003
    },
    {
      "hablante": "Hablante A",
      "inicio": 21.21,
      "fin": 23.73,
      "duracion": 2.52,
      "texto": "Bien, mirá, te comento el plan que tenemos para ofrecerte el día de hoy, sí.",
      "confianza": 0.62
    },
    {
      "hablante": "Hablante A",
      "inicio": 23.89,
      "fin": 26.52,
      "duracion": 2.62,
      "texto": "Tengo un plan de 8 GB de base, más 10 de regalo por 6 meses.",
      "confianza": 0.621
    },
    {
      "hablante": "Hablante A",
      "inicio": 27.02,
      "fin": 31.18,
      "duracion": 4.17,
      "texto": "Bien, tenés igualza para ti, llamás al libro a todas las compañías y rúmen el número que haya incluido, ¿bien?",
      "confianza": 0.558
    },
    {
      "hablante": "Hablante A",
      "inicio": 31.37,
      "fin": 33.91,
      "duracion": 2.54,
      "texto": "Y te quedaría un precio, al día de hoy, sí, de 8.000 pesos.",
      "confianza": 0.585
    },
    {
      "hablante": "Hablante A",
      "inicio": 33.95,
      "fin": 35.55,
      "duracion": 1.6,
      "texto": "Venga, como te digo, tendrías 18 gigas.",
      "confianza": 0.493
    },
    {
      "hablante": "Hablante A",
      "inicio": 35.59,
      "fin": 38.66,
      "duracion": 3.06,
      "texto": "Te podrías ir guardando mes a mes en caso de que te sobren y demás.",
      "confianza": 0.572
    },
    {
      "hablante": "Hablante A",
      "inicio": 38.68,
      "fin": 41.82,
      "duracion": 3.14,
      "texto": "Bien, ¿me seguís?",
      "confianza": 0.569
    },
    {
      "hablante": "Hablante A",
      "inicio": 41.84,
      "fin": 41.9,
      "duracion": 0.06,
      "texto": "Sí.",
      "confianza": 0.006
    },
    {
      "hablante": "Hablante A",
      "inicio": 41.92,
      "fin": 42.02,
      "duracion": 0.1,
      "texto": "Bien.",
      "confianza": 0.011
    },
    {
      "hablante": "Hablante A",
      "inicio": 42.04,
      "fin": 47.47,
      "duracion": 5.43,
      "texto": "¿Te consulto en la única línea que vos tenés bajo tu nombre o tenés alguna otra?",
      "confianza": 0.696
    },
    {
      "hablante": "Hablante A",
      "inicio": 47.67,
      "fin": 48.01,
      "duracion": 0.34,
      "texto": "Sí.",
      "confianza": 0.36
    },
    {
      "hablante": "Hablante A",
      "inicio": 48.03,
      "fin": 48.25,
      "duracion": 0.22,
      "texto": "No, no, no.",
      "confianza": 0.08
    },
    {
      "hablante": "Hablante A",
      "inicio": 48.27,
      "fin": 48.67,
      "duracion": 0.4,
      "texto": "Tengo mi línea sola.",
      "confianza": 0.004
    },
    {
      "hablante": "Hablante A",
      "inicio": 48.69,
      "fin": 49.27,
      "duracion": 0.58,
      "texto": "Perfecto.",
      "confianza": 0.859
    },
    {
      "hablante": "Hablante A",
      "inicio": 49.29,
      "fin": 51.49,
      "duracion": 2.2,
      "texto": "Bueno, mira, como te digo, tendrías 18 gigas mensuales.",
      "confianza": 0.665
    },
    {
      "hablante": "Hablante A",
      "inicio": 51.85,
      "fin": 54.25,
      "duracion": 2.4,
      "texto": "Podrías guardar los mes a mes en caso de que te sobren, sí.",
      "confianza": 0.647
    },
    {
      "hablante": "Hablante A",
      "inicio": 54.27,
      "fin": 55.63,
      "duracion": 1.36,
      "texto": "No pagarías por días que no ocupas.",
      "confianza": 0.738
    },
    {
      "hablante": "Hablante A",
      "inicio": 56.8,
      "fin": 58.26,
      "duracion": 1.46,
      "texto": "Y tendrías conectividad todo el mes.",
      "confianza": 0.823
    },
    {
      "hablante": "Hablante A",
      "inicio": 58.66,
      "fin": 58.76,
      "duracion": 0.1,
      "texto": "Bien.",
      "confianza": 0.2
    },
    {
      "hablante": "Hablante A",
      "inicio": 59.2,
      "fin": 62.32,
      "duracion": 3.12,
      "texto": "Como vos ya estuviste un momento en la compañía, la mayoría de los datos los tenemos.",
      "confianza": 0.603
    },
    {
      "hablante": "Hablante A",
      "inicio": 62.34,
      "fin": 65.18,
      "duracion": 2.84,
      "texto": "Ustedes tendrían que pedir algún dato que sea otro, pero no sería un trámite en gorro.",
      "confianza": 0.521
    },
    {
      "hablante": "Hablante B",
      "inicio": 67.61,
      "fin": 71.85,
      "duracion": 4.25,
      "texto": "Decimos que nosotros normalmente hacemos envíos sucursal, bien por la cuestión de tiempo y seguridad.",
      "confianza": 0.642
    },
    {
      "hablante": "Hablante B",
      "inicio": 71.87,
      "fin": 78.84,
      "duracion": 6.97,
      "texto": "Si te enviáramos el chip ahí, en un periodo de 48 a 72 horas, voy a atendrías el chip.",
      "confianza": 0.456
    },
    {
      "hablante": "Hablante B",
      "inicio": 78.86,
      "fin": 86.07,
      "duracion": 7.21,
      "texto": "¿Vos más o menos son los días que vos ocupas o ocupas un poquito más?",
      "confianza": 0.44
    },
    {
      "hablante": "Hablante B",
      "inicio": 86.09,
      "fin": 86.31,
      "duracion": 0.22,
      "texto": "Sí, no, no.",
      "confianza": 0.001
    },
    {
      "hablante": "Hablante B",
      "inicio": 86.33,
      "fin": 87.41,
      "duracion": 1.08,
      "texto": "Ahora yo no ocupo tanto a llegas, pero bueno, ahora...",
      "confianza": 0.015
    },
    {
      "hablante": "Hablante B",
      "inicio": 87.95,
      "fin": 93.1,
      "duracion": 5.15,
      "texto": "Ahora no, porque yo tengo movilidad en casa, así que por ahora no movilidad.",
      "confianza": 0.581
    },
    {
      "hablante": "Hablante B",
      "inicio": 93.12,
      "fin": 94.5,
      "duracion": 1.38,
      "texto": "Tengo clara en casa.",
      "confianza": 0.608
    },
    {
      "hablante": "Hablante B",
      "inicio": 95.28,
      "fin": 95.78,
      "duracion": 0.5,
      "texto": "Sí.",
      "confianza": 0.879
    },
    {
      "hablante": "Hablante B",
      "inicio": 95.8,
      "fin": 96.36,
      "duracion": 0.56,
      "texto": "Claro.",
      "confianza": 0.774
    },
    {
      "hablante": "Hablante B",
      "inicio": 97.02,
      "fin": 98.25,
      "duracion": 1.22,
      "texto": "Así que por ahora no.",
      "confianza": 0.544
    },
    {
      "hablante": "Hablante A",
      "inicio": 99.99,
      "fin": 100.53,
      "duracion": 0.54,
      "texto": "Bien, me entiendo.",
      "confianza": 0.429
    },
    {
      "hablante": "Hablante A",
      "inicio": 100.55,
      "fin": 101.29,
      "duracion": 0.74,
      "texto": "Bueno, ya no hay problema.",
      "confianza": 0.213
    },
    {
      "hablante": "Hablante A",
      "inicio": 101.31,
      "fin": 102.11,
      "duracion": 0.8,
      "texto": "Ahora dejo otras menciones.",
      "confianza": 0.328
    },
    {
      "hablante": "Hablante A",
      "inicio": 102.99,
      "fin": 103.69,
      "duracion": 0.7,
      "texto": "No, por favor.",
      "confianza": 0.527
    },
    {
      "hablante": "Hablante A",
      "inicio": 104.08,
      "fin": 104.36,
      "duracion": 0.28,
      "texto": "Gracias.",
      "confianza": 0.333
    }
  ],
  "transcripcion_completa": "Hola, buenas tardes Liliana. Sí. Como te llamas Liliana Tomás es mi nombre, me comunico en la línea de beneficio a Movistar. Principalmente cuentas con Roberto, ¿correcto? Sí, sí. Bien, mirá, te queríamos mejorar el plan de línea, ¿sí? No sé ahora qué estabas en claro, ¿estás con Abono o conversado actualmente? No, no, no, sí, con Abono. Bien, mirá, te comento el plan que tenemos para ofrecerte el día de hoy, sí. Tengo un plan de 8 GB de base, más 10 de regalo por 6 meses. Bien, tenés igualza para ti, llamás al libro a todas las compañías y rúmen el número que haya incluido, ¿bien? Y te quedaría un precio, al día de hoy, sí, de 8.000 pesos. Venga, como te digo, tendrías 18 gigas. Te podrías ir guardando mes a mes en caso de que te sobren y demás. Bien, ¿me seguís? Sí. Bien. ¿Te consulto en la única línea que vos tenés bajo tu nombre o tenés alguna otra? Sí. No, no, no. Tengo mi línea sola. Perfecto. Bueno, mira, como te digo, tendrías 18 gigas mensuales. Podrías guardar los mes a mes en caso de que te sobren, sí. No pagarías por días que no ocupas. Y tendrías conectividad todo el mes. Bien. Como vos ya estuviste un momento en la compañía, la mayoría de los datos los tenemos. Ustedes tendrían que pedir algún dato que sea otro, pero no sería un trámite en gorro. Decimos que nosotros normalmente hacemos envíos sucursal, bien por la cuestión de tiempo y seguridad. Si te enviáramos el chip ahí, en un periodo de 48 a 72 horas, voy a atendrías el chip. ¿Vos más o menos son los días que vos ocupas o ocupas un poquito más? Sí, no, no. Ahora yo no ocupo tanto a llegas, pero bueno, ahora... Ahora no, porque yo tengo movilidad en casa, así que por ahora no movilidad. Tengo clara en casa. Sí. Claro. Así que por ahora no. Bien, me entiendo. Bueno, ya no hay problema. Ahora dejo otras menciones. No, por favor. Gracias.",
  "calidad": {
    "confianza_promedio": 0.446,
    "metodo_diarizacion": "pausas_fallback",
    "tiempo_procesamiento": 6.4
  },
  "metadata": {
    "modelo": "whisperx_medium",
    "diarizacion": "pausas",
    "dispositivo": "cuda",
    "fecha": "2026-01-25T17:53:34.633072",
    "version": "5.0_ecapa"
  }
}