{
  "archivo": "amza23_1_260122102742629_ACD_56617.wav",
  "duracion_segundos": 79.92,
  "num_segmentos": 20,
  "num_hablantes": 2,
  "hablantes": [
    "Hablante A",
    "Hablante B"
  ],
  "tiempo_por_hablante": {
    "Hablante B": 14.07,
    "Hablante A": 59.93
  },
  "idioma": "es",
  "conversacion": [
    {
      "hablante": "Hablante B",
      "inicio": 1.85,
      "fin": 2.95,
      "duracion": 1.1,
      "texto": "Hola.",
      "confianza": 0.183
    },
    {
      "hablante": "Hablante B",
      "inicio": 2.98,
      "fin": 3.27,
      "duracion": 0.3,
      "texto": "Hola, buen día.",
      "confianza": 0.055
    },
    {
      "hablante": "Hablante B",
      "inicio": 3.29,
      "fin": 5.4,
      "duracion": 2.1,
      "texto": "¿Cómo es la Elena?",
      "confianza": 0.534
    },
    {
      "hablante": "Hablante B",
      "inicio": 5.42,
      "fin": 6.54,
      "duracion": 1.12,
      "texto": "Sí, ¿quién habla?",
      "confianza": 0.571
    },
    {
      "hablante": "Hablante B",
      "inicio": 6.56,
      "fin": 8.26,
      "duracion": 1.7,
      "texto": "¿Cómo le va a Macarena es mi nombre?",
      "confianza": 0.711
    },
    {
      "hablante": "Hablante B",
      "inicio": 8.32,
      "fin": 13.25,
      "duracion": 4.93,
      "texto": "Nos estamos contactando para otorgarle una muy buena promoción el día de hoy a la línea.",
      "confianza": 0.763
    },
    {
      "hablante": "Hablante B",
      "inicio": 13.27,
      "fin": 16.09,
      "duracion": 2.82,
      "texto": "¿Usted es usuaria de Claro, es correcto?",
      "confianza": 0.644
    },
    {
      "hablante": "Hablante A",
      "inicio": 17.63,
      "fin": 18.55,
      "duracion": 0.92,
      "texto": "Sí, sí.",
      "confianza": 0.426
    },
    {
      "hablante": "Hablante A",
      "inicio": 18.57,
      "fin": 20.46,
      "duracion": 1.88,
      "texto": "Eso es del Movistar.",
      "confianza": 0.546
    },
    {
      "hablante": "Hablante A",
      "inicio": 20.48,
      "fin": 22.34,
      "duracion": 1.86,
      "texto": "Así es.",
      "confianza": 0.256
    },
    {
      "hablante": "Hablante A",
      "inicio": 22.36,
      "fin": 24.56,
      "duracion": 2.2,
      "texto": "Sí, pero ¿sabes qué te agradezco?",
      "confianza": 0.567
    },
    {
      "hablante": "Hablante A",
      "inicio": 24.62,
      "fin": 29.43,
      "duracion": 4.81,
      "texto": "Porque la última vez que estuve en Movistar me hicieron un desastre con las alturas.",
      "confianza": 0.732
    },
    {
      "hablante": "Hablante A",
      "inicio": 29.75,
      "fin": 58.81,
      "duracion": 29.06,
      "texto": "por eso cada vez me llaman todos los días como tres veces al día y ya les digo siempre que no por ese inconveniente me hicieron un desastre con la fatura entonces por esa situación me volví a cambiar a claro así que te agradezco un montón y bueno no me voy a cambiar eso no le volvería a suceder porque estamos brindando lo que es una muy buena promoción con un descuento fijo durante un periodo de seis meses",
      "confianza": 0.74
    },
    {
      "hablante": "Hablante A",
      "inicio": 59.09,
      "fin": 64.26,
      "duracion": 5.17,
      "texto": "Te agradezco, te agradezco, ya te digo.",
      "confianza": 0.653
    },
    {
      "hablante": "Hablante A",
      "inicio": 64.28,
      "fin": 72.57,
      "duracion": 8.29,
      "texto": "Te agradezco un montón, pero no porque tuve muy mala experiencia, por eso no quiero volver a la compañía, ¿sabes?",
      "confianza": 0.76
    },
    {
      "hablante": "Hablante A",
      "inicio": 73.61,
      "fin": 75.51,
      "duracion": 1.9,
      "texto": "Así que te agradezco.",
      "confianza": 0.856
    },
    {
      "hablante": "Hablante A",
      "inicio": 75.53,
      "fin": 76.06,
      "duracion": 0.52,
      "texto": "Buen día.",
      "confianza": 0.821
    },
    {
      "hablante": "Hablante A",
      "inicio": 76.54,
      "fin": 79.08,
      "duracion": 2.54,
      "texto": "Hasta luego.",
      "confianza": 0.726
    },
    {
      "hablante": "Hablante A",
      "inicio": 79.1,
      "fin": 79.52,
      "duracion": 0.42,
      "texto": "Bueno, hasta luego.",
      "confianza": 0.098
    },
    {
      "hablante": "Hablante A",
      "inicio": 79.56,
      "fin": 79.92,
      "duracion": 0.36,
      "texto": "Muy bien.",
      "confianza": 0.79
    }
  ],
  "transcripcion_completa": "Hola. Hola, buen día. ¿Cómo es la Elena? Sí, ¿quién habla? ¿Cómo le va a Macarena es mi nombre? Nos estamos contactando para otorgarle una muy buena promoción el día de hoy a la línea. ¿Usted es usuaria de Claro, es correcto? Sí, sí. Eso es del Movistar. Así es. Sí, pero ¿sabes qué te agradezco? Porque la última vez que estuve en Movistar me hicieron un desastre con las alturas. por eso cada vez me llaman todos los días como tres veces al día y ya les digo siempre que no por ese inconveniente me hicieron un desastre con la fatura entonces por esa situación me volví a cambiar a claro así que te agradezco un montón y bueno no me voy a cambiar eso no le volvería a suceder porque estamos brindando lo que es una muy buena promoción con un descuento fijo durante un periodo de seis meses Te agradezco, te agradezco, ya te digo. Te agradezco un montón, pero no porque tuve muy mala experiencia, por eso no quiero volver a la compañía, ¿sabes? Así que te agradezco. Buen día. Hasta luego. Bueno, hasta luego. Muy bien.",
  "calidad": {
    "confianza_promedio": 0.572,
    "metodo_diarizacion": "pausas_fallback",
    "tiempo_procesamiento": 5.0
  },
  "metadata": {
    "modelo": "whisperx_medium",
    "diarizacion": "pausas",
    "dispositivo": "cuda",
    "fecha": "2026-01-25T18:15:01.145033",
    "version": "5.0_ecapa"
  }
}