{
  "archivo": "amza1_1_260123101049660_ACD_94359.wav",
  "duracion_segundos": 65.19,
  "num_segmentos": 26,
  "num_hablantes": 1,
  "hablantes": [
    "Hablante A"
  ],
  "tiempo_por_hablante": {
    "Hablante A": 59.9
  },
  "idioma": "es",
  "conversacion": [
    {
      "hablante": "Hablante A",
      "inicio": 1.43,
      "fin": 2.33,
      "duracion": 0.9,
      "texto": "Hola.",
      "confianza": 0.257
    },
    {
      "hablante": "Hablante A",
      "inicio": 2.35,
      "fin": 3.1,
      "duracion": 0.74,
      "texto": "Hola, buenos días.",
      "confianza": 0.696
    },
    {
      "hablante": "Hablante A",
      "inicio": 3.15,
      "fin": 7.66,
      "duracion": 4.51,
      "texto": "Hablo con algún usuario de la línea de Nancy.",
      "confianza": 0.28
    },
    {
      "hablante": "Hablante A",
      "inicio": 7.68,
      "fin": 7.74,
      "duracion": 0.06,
      "texto": "Sí.",
      "confianza": 0.242
    },
    {
      "hablante": "Hablante A",
      "inicio": 7.76,
      "fin": 8.12,
      "duracion": 0.36,
      "texto": "¿Qué tal?",
      "confianza": 0.531
    },
    {
      "hablante": "Hablante A",
      "inicio": 8.14,
      "fin": 8.82,
      "duracion": 0.68,
      "texto": "¿Cómo le va, señor?",
      "confianza": 0.589
    },
    {
      "hablante": "Hablante A",
      "inicio": 8.89,
      "fin": 9.39,
      "duracion": 0.5,
      "texto": "Un placer.",
      "confianza": 0.374
    },
    {
      "hablante": "Hablante A",
      "inicio": 9.41,
      "fin": 11.63,
      "duracion": 2.22,
      "texto": "Le hablaba de Ángela, la léagra de N-E-F-I-C-H-E-R de Movistar.",
      "confianza": 0.596
    },
    {
      "hablante": "Hablante A",
      "inicio": 12.09,
      "fin": 14.28,
      "duracion": 2.18,
      "texto": "Queríamos mostrarle lo que es la línea, justamente.",
      "confianza": 0.518
    },
    {
      "hablante": "Hablante A",
      "inicio": 14.29,
      "fin": 16.12,
      "duracion": 1.82,
      "texto": "¿Bien y usted?",
      "confianza": 0.223
    },
    {
      "hablante": "Hablante A",
      "inicio": 16.14,
      "fin": 16.46,
      "duracion": 0.32,
      "texto": "Bien, bien.",
      "confianza": 0.356
    },
    {
      "hablante": "Hablante A",
      "inicio": 16.48,
      "fin": 17.74,
      "duracion": 1.26,
      "texto": "Por suerte.",
      "confianza": 0.563
    },
    {
      "hablante": "Hablante A",
      "inicio": 17.76,
      "fin": 20.21,
      "duracion": 2.44,
      "texto": "Bueno, me alegro mucho.",
      "confianza": 0.132
    },
    {
      "hablante": "Hablante A",
      "inicio": 20.23,
      "fin": 20.29,
      "duracion": 0.06,
      "texto": "Sí.",
      "confianza": 0.126
    },
    {
      "hablante": "Hablante A",
      "inicio": 20.31,
      "fin": 21.73,
      "duracion": 1.42,
      "texto": "Te soy sincero, la verdad.",
      "confianza": 0.576
    },
    {
      "hablante": "Hablante A",
      "inicio": 21.79,
      "fin": 24.01,
      "duracion": 2.22,
      "texto": "Te agradezco un montón, pero nosotros...",
      "confianza": 0.709
    },
    {
      "hablante": "Hablante A",
      "inicio": 24.33,
      "fin": 32.5,
      "duracion": 8.17,
      "texto": "Nos pasamos a la línea de lo que es Claro porque yo estoy trabajando acá en Claro y nada más.",
      "confianza": 0.67
    },
    {
      "hablante": "Hablante A",
      "inicio": 32.52,
      "fin": 33.74,
      "duracion": 1.22,
      "texto": "Ah, bien, bien, bien, bien, bien.",
      "confianza": 0.479
    },
    {
      "hablante": "Hablante A",
      "inicio": 33.77,
      "fin": 35.79,
      "duracion": 2.02,
      "texto": "Ok, entiendo.",
      "confianza": 0.661
    },
    {
      "hablante": "Hablante A",
      "inicio": 35.81,
      "fin": 37.59,
      "duracion": 1.78,
      "texto": "O sea, que no están abonando nada, digamos.",
      "confianza": 0.609
    },
    {
      "hablante": "Hablante A",
      "inicio": 38.75,
      "fin": 44.6,
      "duracion": 5.85,
      "texto": "Y en lo que es el Internet... Ok, y en lo que es el Internet o AR también lo tienen con la compañera de Claro o con alguna otra?",
      "confianza": 0.684
    },
    {
      "hablante": "Hablante A",
      "inicio": 45.36,
      "fin": 50.78,
      "duracion": 5.42,
      "texto": "No, con compañía, claro, porque trabajo haciendo instalaciones de lo que es fibra.",
      "confianza": 0.583
    },
    {
      "hablante": "Hablante A",
      "inicio": 50.82,
      "fin": 58.1,
      "duracion": 7.29,
      "texto": "Ah, ok, no, te consultaba porque por ahí sucede que no tenés alcance en tu domicilio, entonces bueno, al menos lo tenés claro.",
      "confianza": 0.478
    },
    {
      "hablante": "Hablante A",
      "inicio": 58.12,
      "fin": 58.5,
      "duracion": 0.38,
      "texto": "No, no, sí, sí, sí.",
      "confianza": 0.226
    },
    {
      "hablante": "Hablante A",
      "inicio": 58.52,
      "fin": 61.67,
      "duracion": 3.15,
      "texto": "Ok, bueno, perfecto, ahora lo dejo asentado entonces en el sistema aquí, muchísimas gracias.",
      "confianza": 0.542
    },
    {
      "hablante": "Hablante A",
      "inicio": 62.26,
      "fin": 65.19,
      "duracion": 2.93,
      "texto": "Dale, muchísimas gracias, agradezco mucho.",
      "confianza": 0.423
    }
  ],
  "transcripcion_completa": "Hola. Hola, buenos días. Hablo con algún usuario de la línea de Nancy. Sí. ¿Qué tal? ¿Cómo le va, señor? Un placer. Le hablaba de Ángela, la léagra de N-E-F-I-C-H-E-R de Movistar. Queríamos mostrarle lo que es la línea, justamente. ¿Bien y usted? Bien, bien. Por suerte. Bueno, me alegro mucho. Sí. Te soy sincero, la verdad. Te agradezco un montón, pero nosotros... Nos pasamos a la línea de lo que es Claro porque yo estoy trabajando acá en Claro y nada más. Ah, bien, bien, bien, bien, bien. Ok, entiendo. O sea, que no están abonando nada, digamos. Y en lo que es el Internet... Ok, y en lo que es el Internet o AR también lo tienen con la compañera de Claro o con alguna otra? No, con compañía, claro, porque trabajo haciendo instalaciones de lo que es fibra. Ah, ok, no, te consultaba porque por ahí sucede que no tenés alcance en tu domicilio, entonces bueno, al menos lo tenés claro. No, no, sí, sí, sí. Ok, bueno, perfecto, ahora lo dejo asentado entonces en el sistema aquí, muchísimas gracias. Dale, muchísimas gracias, agradezco mucho.",
  "calidad": {
    "confianza_promedio": 0.466,
    "metodo_diarizacion": "pausas_fallback",
    "tiempo_procesamiento": 5.1
  },
  "metadata": {
    "modelo": "whisperx_medium",
    "diarizacion": "pausas",
    "dispositivo": "cuda",
    "fecha": "2026-01-26T01:47:10.306747",
    "version": "5.0_ecapa"
  }
}