{
  "archivo": "amza22_1_260122104308665_ACD_99121.wav",
  "duracion_segundos": 587.17,
  "num_segmentos": 131,
  "num_hablantes": 2,
  "hablantes": [
    "Hablante A",
    "Hablante B"
  ],
  "tiempo_por_hablante": {
    "Hablante B": 57.56,
    "Hablante A": 496.39
  },
  "idioma": "es",
  "conversacion": [
    {
      "hablante": "Hablante B",
      "inicio": 1.6,
      "fin": 2.12,
      "duracion": 0.52,
      "texto": "Hola.",
      "confianza": 0.348
    },
    {
      "hablante": "Hablante B",
      "inicio": 2.6,
      "fin": 3.16,
      "duracion": 0.56,
      "texto": "Hola, buen día.",
      "confianza": 0.588
    },
    {
      "hablante": "Hablante B",
      "inicio": 3.18,
      "fin": 4.48,
      "duracion": 1.3,
      "texto": "¿Hablo con Cristina?",
      "confianza": 0.71
    },
    {
      "hablante": "Hablante A",
      "inicio": 6.55,
      "fin": 6.81,
      "duracion": 0.26,
      "texto": "Sí, buen día.",
      "confianza": 0.022
    },
    {
      "hablante": "Hablante A",
      "inicio": 6.83,
      "fin": 7.27,
      "duracion": 0.44,
      "texto": "¿Cómo está?",
      "confianza": 0.391
    },
    {
      "hablante": "Hablante A",
      "inicio": 7.31,
      "fin": 8.59,
      "duracion": 1.28,
      "texto": "Mi nombre es Belén, me presento.",
      "confianza": 0.578
    },
    {
      "hablante": "Hablante A",
      "inicio": 9.11,
      "fin": 13.39,
      "duracion": 4.29,
      "texto": "Mire, yo le estoy llamando desde el área de recupero de clientes de Movistar.",
      "confianza": 0.588
    },
    {
      "hablante": "Hablante A",
      "inicio": 13.44,
      "fin": 16.38,
      "duracion": 2.94,
      "texto": "Queríamos saber por qué ha salido de la compañía en su momento.",
      "confianza": 0.718
    },
    {
      "hablante": "Hablante A",
      "inicio": 16.44,
      "fin": 20.64,
      "duracion": 4.21,
      "texto": "Cristina, coménteme, ¿qué fue lo que le sucedió a usted?",
      "confianza": 0.72
    },
    {
      "hablante": "Hablante A",
      "inicio": 20.66,
      "fin": 27.63,
      "duracion": 6.97,
      "texto": "Ah, no, pasa que yo no tenía señal, servicio.",
      "confianza": 0.166
    },
    {
      "hablante": "Hablante A",
      "inicio": 27.65,
      "fin": 28.33,
      "duracion": 0.68,
      "texto": "O sea que estaba en mi...",
      "confianza": 0.155
    },
    {
      "hablante": "Hablante A",
      "inicio": 28.67,
      "fin": 35.8,
      "duracion": 7.13,
      "texto": "Estaba en mi casa, pero cuando yo salía de mi casa era como que el celular no funcionaba.",
      "confianza": 0.349
    },
    {
      "hablante": "Hablante A",
      "inicio": 35.82,
      "fin": 36.34,
      "duracion": 0.52,
      "texto": "Bien.",
      "confianza": 0.784
    },
    {
      "hablante": "Hablante A",
      "inicio": 36.36,
      "fin": 39.62,
      "duracion": 3.26,
      "texto": "¿Y hace mucho que le sucedía esto a usted?",
      "confianza": 0.47
    },
    {
      "hablante": "Hablante A",
      "inicio": 39.64,
      "fin": 41.4,
      "duracion": 1.76,
      "texto": "Y por eso me había cambiado.",
      "confianza": 0.725
    },
    {
      "hablante": "Hablante A",
      "inicio": 41.42,
      "fin": 46.65,
      "duracion": 5.23,
      "texto": "No sé, era como cuatro o cinco meses, creo que me salió.",
      "confianza": 0.558
    },
    {
      "hablante": "Hablante A",
      "inicio": 46.67,
      "fin": 46.99,
      "duracion": 0.32,
      "texto": "Ah, claro.",
      "confianza": 0.221
    },
    {
      "hablante": "Hablante A",
      "inicio": 47.01,
      "fin": 47.25,
      "duracion": 0.24,
      "texto": "Bien.",
      "confianza": 0.6
    },
    {
      "hablante": "Hablante A",
      "inicio": 47.27,
      "fin": 53.0,
      "duracion": 5.73,
      "texto": "¿Y usted de qué provincia y qué localidad es para corroborar que ahora sí tendría una buena cobertura al salir de su casa?",
      "confianza": 0.753
    },
    {
      "hablante": "Hablante A",
      "inicio": 53.92,
      "fin": 55.62,
      "duracion": 1.7,
      "texto": "Moreno.",
      "confianza": 0.248
    },
    {
      "hablante": "Hablante A",
      "inicio": 55.64,
      "fin": 55.96,
      "duracion": 0.32,
      "texto": "¿Cómo?",
      "confianza": 0.69
    },
    {
      "hablante": "Hablante A",
      "inicio": 56.82,
      "fin": 57.33,
      "duracion": 0.5,
      "texto": "Moreno.",
      "confianza": 0.94
    },
    {
      "hablante": "Hablante A",
      "inicio": 57.69,
      "fin": 60.34,
      "duracion": 2.64,
      "texto": "Ah, Moreno, bien, perfecto.",
      "confianza": 0.248
    },
    {
      "hablante": "Hablante A",
      "inicio": 60.36,
      "fin": 66.9,
      "duracion": 6.55,
      "texto": "Mire, ¿usted se acuerda cuántos gigas tiene en el plan actual que está con claro usted?",
      "confianza": 0.741
    },
    {
      "hablante": "Hablante B",
      "inicio": 68.56,
      "fin": 69.05,
      "duracion": 0.48,
      "texto": "No.",
      "confianza": 0.784
    },
    {
      "hablante": "Hablante B",
      "inicio": 69.07,
      "fin": 74.71,
      "duracion": 5.65,
      "texto": "¿Y cuánto está abonando más o menos?",
      "confianza": 0.424
    },
    {
      "hablante": "Hablante B",
      "inicio": 74.73,
      "fin": 75.29,
      "duracion": 0.56,
      "texto": "Bueno, mira, estoy abonando.",
      "confianza": 0.002
    },
    {
      "hablante": "Hablante B",
      "inicio": 75.31,
      "fin": 75.49,
      "duracion": 0.18,
      "texto": "¿Tampoco?",
      "confianza": 0.08
    },
    {
      "hablante": "Hablante B",
      "inicio": 75.51,
      "fin": 85.62,
      "duracion": 10.11,
      "texto": "Sí, creo que 9000 y algo estoy abonando, pero como que estoy pagando más porque había sacado un celular con el crédito de claro.",
      "confianza": 0.62
    },
    {
      "hablante": "Hablante B",
      "inicio": 86.36,
      "fin": 89.13,
      "duracion": 2.76,
      "texto": "Es como que estoy pagando un poco más.",
      "confianza": 0.137
    },
    {
      "hablante": "Hablante B",
      "inicio": 89.15,
      "fin": 99.2,
      "duracion": 10.05,
      "texto": "Bien, mire, Cristina, yo acá estoy verificando sobre el tema de la conectividad que usted me decía, que no era tan buena en ese momento y ahora me sale que está completamente en verde.",
      "confianza": 0.632
    },
    {
      "hablante": "Hablante B",
      "inicio": 99.22,
      "fin": 108.75,
      "duracion": 9.53,
      "texto": "Es decir, que usted, si está entre tu casa, como si también está afuera, no hay ningún problema porque usted tendría un buen alcance y una buena señal.",
      "confianza": 0.743
    },
    {
      "hablante": "Hablante B",
      "inicio": 108.79,
      "fin": 115.92,
      "duracion": 7.13,
      "texto": "Si quiere ir a comprar y quiere pagar con mercado pago, con el banco o algo por el estilo, no va a tener ningún problema.",
      "confianza": 0.638
    },
    {
      "hablante": "Hablante B",
      "inicio": 116.33,
      "fin": 122.22,
      "duracion": 5.89,
      "texto": "Le comento que nosotros estamos teniendo un gran descuento en lo que son las promociones de cualquier plan que usted elija.",
      "confianza": 0.678
    },
    {
      "hablante": "Hablante B",
      "inicio": 122.24,
      "fin": 125.08,
      "duracion": 2.84,
      "texto": "¿Usted utiliza mucho el celo o no tanto, Cristina?",
      "confianza": 0.528
    },
    {
      "hablante": "Hablante A",
      "inicio": 126.8,
      "fin": 135.41,
      "duracion": 8.61,
      "texto": "Más o menos, pues el tema de las niñas es como que más utilizo, digamos, porque cuando salimos ellas miran tutu y demás cosas.",
      "confianza": 0.475
    },
    {
      "hablante": "Hablante A",
      "inicio": 135.43,
      "fin": 138.09,
      "duracion": 2.66,
      "texto": "Ah, claro, por su nieta, por su hija.",
      "confianza": 0.56
    },
    {
      "hablante": "Hablante A",
      "inicio": 139.19,
      "fin": 141.3,
      "duracion": 2.1,
      "texto": "Sí, por la nena niña.",
      "confianza": 0.608
    },
    {
      "hablante": "Hablante A",
      "inicio": 141.32,
      "fin": 142.78,
      "duracion": 1.46,
      "texto": "Ah, claro, su hija, bien.",
      "confianza": 0.606
    },
    {
      "hablante": "Hablante A",
      "inicio": 142.8,
      "fin": 146.22,
      "duracion": 3.42,
      "texto": "Mire, nosotros entonces tenemos una promoción que está",
      "confianza": 0.651
    },
    {
      "hablante": "Hablante A",
      "inicio": 146.46,
      "fin": 153.4,
      "duracion": 6.95,
      "texto": "De 8GB base, más 10GB de regal, es decir, se tendría 18GB y contaría con WhatsApp completamente gratis.",
      "confianza": 0.64
    },
    {
      "hablante": "Hablante A",
      "inicio": 153.42,
      "fin": 155.83,
      "duracion": 2.4,
      "texto": "Va a poder hablar libre a cualquier compañía.",
      "confianza": 0.807
    },
    {
      "hablante": "Hablante A",
      "inicio": 155.87,
      "fin": 160.73,
      "duracion": 4.87,
      "texto": "Tiene América Precio Local, también lo que es Roommate en América, así que sale del país.",
      "confianza": 0.681
    },
    {
      "hablante": "Hablante A",
      "inicio": 160.77,
      "fin": 165.24,
      "duracion": 4.47,
      "texto": "Usted no se va a quedar incomunicada y va a tener llamadas y mensajes ilimitados.",
      "confianza": 0.649
    },
    {
      "hablante": "Hablante A",
      "inicio": 165.86,
      "fin": 170.3,
      "duracion": 4.44,
      "texto": "Lo que está dando a modificar en estos momentos es un descuento fijo por 6 meses en un monto.",
      "confianza": 0.699
    },
    {
      "hablante": "Hablante A",
      "inicio": 170.57,
      "fin": 172.69,
      "duracion": 2.12,
      "texto": "Y el valor es de 8,000 pesos en los 18 gigas.",
      "confianza": 0.63
    },
    {
      "hablante": "Hablante A",
      "inicio": 173.69,
      "fin": 181.8,
      "duracion": 8.11,
      "texto": "Como usted me estaba diciendo, se utiliza más o menos el 0, para que sea el plan que más le conviene según las necesidades que me está comentando usted.",
      "confianza": 0.71
    },
    {
      "hablante": "Hablante A",
      "inicio": 182.22,
      "fin": 193.58,
      "duracion": 11.35,
      "texto": "Y no tendría ningún problema con lo que es la señal, según viendo ahora que usted me decía de moreno, que me sale acá todo lo que es moreno y todos los alrededores que están completamente en verde.",
      "confianza": 0.751
    },
    {
      "hablante": "Hablante A",
      "inicio": 193.84,
      "fin": 194.06,
      "duracion": 0.22,
      "texto": "Bien.",
      "confianza": 0.674
    },
    {
      "hablante": "Hablante A",
      "inicio": 195.4,
      "fin": 196.26,
      "duracion": 0.86,
      "texto": "Bien, de consultos.",
      "confianza": 0.61
    },
    {
      "hablante": "Hablante A",
      "inicio": 196.46,
      "fin": 200.31,
      "duracion": 3.84,
      "texto": "¿Usted tiene solo el dinero cristiano o tiene más de una línea a su nombre?",
      "confianza": 0.662
    },
    {
      "hablante": "Hablante A",
      "inicio": 201.6,
      "fin": 205.17,
      "duracion": 3.56,
      "texto": "No, solo esta línea tengo mi nombre.",
      "confianza": 0.523
    },
    {
      "hablante": "Hablante A",
      "inicio": 205.55,
      "fin": 221.05,
      "duracion": 15.5,
      "texto": "¿Y sabes si esta línea tiene chip físico o tiene algún chip virtual, que le sigue un correo con un código QR?",
      "confianza": 0.679
    },
    {
      "hablante": "Hablante A",
      "inicio": 221.07,
      "fin": 224.47,
      "duracion": 3.4,
      "texto": "El físico es el de plástico chiquitito que se coloca al costadito.",
      "confianza": 0.728
    },
    {
      "hablante": "Hablante A",
      "inicio": 225.31,
      "fin": 232.82,
      "duracion": 7.51,
      "texto": "Ah, no, este es el común, digamos, el plástico, el que se coloca en el costadito.",
      "confianza": 0.548
    },
    {
      "hablante": "Hablante A",
      "inicio": 233.22,
      "fin": 240.56,
      "duracion": 7.33,
      "texto": "Claro, sí, no, sí, reconsultado, porque los que son de QR son los más nuevos, son los iPhone, ¿vio?",
      "confianza": 0.651
    },
    {
      "hablante": "Hablante A",
      "inicio": 241.16,
      "fin": 247.77,
      "duracion": 6.61,
      "texto": "Entonces, si usted no posee ese teléfono, capaz que lo más común es el de plástico.",
      "confianza": 0.696
    },
    {
      "hablante": "Hablante A",
      "inicio": 247.87,
      "fin": 251.25,
      "duracion": 3.39,
      "texto": "Yo también tengo el de plástico chiquitito que se coloca al costadito.",
      "confianza": 0.564
    },
    {
      "hablante": "Hablante A",
      "inicio": 251.84,
      "fin": 253.2,
      "duracion": 1.36,
      "texto": "Claro, está con sí.",
      "confianza": 0.291
    },
    {
      "hablante": "Hablante A",
      "inicio": 253.22,
      "fin": 254.57,
      "duracion": 1.34,
      "texto": "No, no, eso no que yo tengo.",
      "confianza": 0.455
    },
    {
      "hablante": "Hablante A",
      "inicio": 254.59,
      "fin": 255.97,
      "duracion": 1.38,
      "texto": "Eso no que yo tengo.",
      "confianza": 0.466
    },
    {
      "hablante": "Hablante A",
      "inicio": 255.99,
      "fin": 256.71,
      "duracion": 0.72,
      "texto": "Bien, perfecto.",
      "confianza": 0.663
    },
    {
      "hablante": "Hablante A",
      "inicio": 256.75,
      "fin": 257.49,
      "duracion": 0.74,
      "texto": "Tiene eso.",
      "confianza": 0.647
    },
    {
      "hablante": "Hablante A",
      "inicio": 257.51,
      "fin": 260.22,
      "duracion": 2.71,
      "texto": "Mire, le consulto con respecto a la fibra óptica.",
      "confianza": 0.717
    },
    {
      "hablante": "Hablante A",
      "inicio": 260.38,
      "fin": 264.97,
      "duracion": 4.59,
      "texto": "¿Usted tiene con Clara también o tiene de otra compañía, Cristina?",
      "confianza": 0.709
    },
    {
      "hablante": "Hablante A",
      "inicio": 264.99,
      "fin": 272.46,
      "duracion": 7.48,
      "texto": "No, yo acabo de movilizar la fibra óptica que es el del hogar, digamos.",
      "confianza": 0.512
    },
    {
      "hablante": "Hablante A",
      "inicio": 272.61,
      "fin": 287.05,
      "duracion": 14.43,
      "texto": "Sí, sí, mire, me viene perfecto a jueves porque, mire, se le hace un descuento fijo en lo que es la facturación, más allá de lo que es el descuento de la promoción de su línea, se va a hacer un descuento fijo de 4,000 pesos en lo que es la facturación.",
      "confianza": 0.724
    },
    {
      "hablante": "Hablante A",
      "inicio": 287.07,
      "fin": 296.42,
      "duracion": 9.35,
      "texto": "Es decir, usted va a coger más descuento del que ya tendría con lo que es el descuento fijo por la promoción que nosotros le estamos dando, ¿bien?",
      "confianza": 0.637
    },
    {
      "hablante": "Hablante A",
      "inicio": 296.44,
      "fin": 302.5,
      "duracion": 6.07,
      "texto": "Miren, ahora yo le voy a enviar un mensajito de WhatsApp que le va a decir,",
      "confianza": 0.701
    },
    {
      "hablante": "Hablante A",
      "inicio": 302.79,
      "fin": 308.19,
      "duracion": 5.41,
      "texto": "Usted dígame si ya le llegó, por favor.",
      "confianza": 0.35
    },
    {
      "hablante": "Hablante A",
      "inicio": 308.21,
      "fin": 308.53,
      "duracion": 0.32,
      "texto": "Sí, la he hecho.",
      "confianza": 0.02
    },
    {
      "hablante": "Hablante A",
      "inicio": 308.55,
      "fin": 308.91,
      "duracion": 0.36,
      "texto": "Bien, ya le llegó.",
      "confianza": 0.014
    },
    {
      "hablante": "Hablante A",
      "inicio": 308.93,
      "fin": 317.26,
      "duracion": 8.33,
      "texto": "Bien, lo que yo voy a precisar de usted en estos momentos sería un correo electrónico que usted tenga activo porque ahí es donde le va a llegar lo que es la facturación.",
      "confianza": 0.685
    },
    {
      "hablante": "Hablante A",
      "inicio": 317.5,
      "fin": 324.77,
      "duracion": 7.27,
      "texto": "Usted la va a poder visualizar desde ahí o también desde la aplicación de móvil si se la quiere bajar.",
      "confianza": 0.661
    },
    {
      "hablante": "Hablante A",
      "inicio": 324.79,
      "fin": 327.04,
      "duracion": 2.24,
      "texto": "¿Qué es lo que precisa, me dijo?",
      "confianza": 0.375
    },
    {
      "hablante": "Hablante A",
      "inicio": 327.06,
      "fin": 328.98,
      "duracion": 1.92,
      "texto": "El correo electrónico suyo.",
      "confianza": 0.768
    },
    {
      "hablante": "Hablante A",
      "inicio": 329.23,
      "fin": 338.16,
      "duracion": 8.93,
      "texto": "que usted tiene un correo electrónico activo que es ahí donde le va a llegar la facturación.",
      "confianza": 0.583
    },
    {
      "hablante": "Hablante A",
      "inicio": 338.18,
      "fin": 338.42,
      "duracion": 0.24,
      "texto": "¿Se lo sabe?",
      "confianza": 0.005
    },
    {
      "hablante": "Hablante A",
      "inicio": 338.44,
      "fin": 339.96,
      "duracion": 1.52,
      "texto": "¿Usted?",
      "confianza": 0.374
    },
    {
      "hablante": "Hablante A",
      "inicio": 340.14,
      "fin": 341.62,
      "duracion": 1.48,
      "texto": "Sí, sí, sí.",
      "confianza": 0.321
    },
    {
      "hablante": "Hablante A",
      "inicio": 341.64,
      "fin": 347.47,
      "duracion": 5.83,
      "texto": "Bien, ¿me lo quiere editar o lo quiere escribir como usted le venga más cómodo?",
      "confianza": 0.721
    },
    {
      "hablante": "Hablante A",
      "inicio": 347.49,
      "fin": 347.61,
      "duracion": 0.12,
      "texto": "A ver.",
      "confianza": 0.0
    },
    {
      "hablante": "Hablante A",
      "inicio": 347.63,
      "fin": 347.91,
      "duracion": 0.28,
      "texto": "Es la mandina.",
      "confianza": 0.017
    },
    {
      "hablante": "Hablante A",
      "inicio": 347.93,
      "fin": 349.36,
      "duracion": 1.42,
      "texto": "Ah, bien, perfecto.",
      "confianza": 0.307
    },
    {
      "hablante": "Hablante A",
      "inicio": 349.38,
      "fin": 349.48,
      "duracion": 0.1,
      "texto": "Bien.",
      "confianza": 0.08
    },
    {
      "hablante": "Hablante A",
      "inicio": 349.5,
      "fin": 353.38,
      "duracion": 3.89,
      "texto": "Mire, entonces, ahora yo le digo.",
      "confianza": 0.798
    },
    {
      "hablante": "Hablante A",
      "inicio": 353.4,
      "fin": 355.73,
      "duracion": 2.32,
      "texto": "Usted me dijo que tenía solo esta línea, ¿no?",
      "confianza": 0.672
    },
    {
      "hablante": "Hablante A",
      "inicio": 356.74,
      "fin": 360.22,
      "duracion": 3.48,
      "texto": "Sí, solo esa línea, tengo mi nombre.",
      "confianza": 0.054
    },
    {
      "hablante": "Hablante A",
      "inicio": 360.24,
      "fin": 360.54,
      "duracion": 0.3,
      "texto": "Bien, perfecto.",
      "confianza": 0.032
    },
    {
      "hablante": "Hablante A",
      "inicio": 360.56,
      "fin": 375.42,
      "duracion": 14.86,
      "texto": "Mira, ahora yo lo que voy a hacer es hacerle un cierre comercial, también llamado bono de calidad, que es un pequeño texto, que yo le voy a ir leyendo, bien, que esto es para legalidad y veracidad en lo que usted está contratando, es un respaldo para usted, ¿bien?",
      "confianza": 0.611
    },
    {
      "hablante": "Hablante A",
      "inicio": 375.44,
      "fin": 384.43,
      "duracion": 8.99,
      "texto": "Yo voy a precisar de usted, si tiene su documento a mano, le hago una fotito del frente y dorso del Tenei, que es para verificar que usted es la titular de la línea,",
      "confianza": 0.632
    },
    {
      "hablante": "Hablante A",
      "inicio": 384.65,
      "fin": 389.43,
      "duracion": 4.79,
      "texto": "y que nadie más pueda realizar un trámite a su nombre.",
      "confianza": 0.707
    },
    {
      "hablante": "Hablante A",
      "inicio": 389.45,
      "fin": 401.19,
      "duracion": 11.73,
      "texto": "¿Cómo quedaría esto, el tema del pago?",
      "confianza": 0.775
    },
    {
      "hablante": "Hablante A",
      "inicio": 401.2,
      "fin": 409.68,
      "duracion": 8.47,
      "texto": "¿O sea que el descuento vendría a ser en lo que es el Internet fibra del hogar o el descuento sería para la línea?",
      "confianza": 0.728
    },
    {
      "hablante": "Hablante A",
      "inicio": 410.01,
      "fin": 415.17,
      "duracion": 5.16,
      "texto": "Para las dos cosas, usted para la fibra va a tener cuatro mil pesos de descuento, ¿vio?",
      "confianza": 0.652
    },
    {
      "hablante": "Hablante A",
      "inicio": 415.19,
      "fin": 416.58,
      "duracion": 1.38,
      "texto": "Porque usted ya la tiene en el hogar.",
      "confianza": 0.704
    },
    {
      "hablante": "Hablante A",
      "inicio": 416.6,
      "fin": 425.88,
      "duracion": 9.29,
      "texto": "Y después el descuento que tiene en la línea es un descuento fijo del 85% de descuento, más o menos, en la línea.",
      "confianza": 0.659
    },
    {
      "hablante": "Hablante A",
      "inicio": 425.9,
      "fin": 430.49,
      "duracion": 4.59,
      "texto": "Entonces, por eso, usted saca un precio final de ocho mil pesos tan sólo, ¿bien?",
      "confianza": 0.755
    },
    {
      "hablante": "Hablante A",
      "inicio": 431.75,
      "fin": 438.06,
      "duracion": 6.31,
      "texto": "O sea que eso sería más o menos el descuento, digamos, por...",
      "confianza": 0.615
    },
    {
      "hablante": "Hablante A",
      "inicio": 438.9,
      "fin": 442.48,
      "duracion": 3.58,
      "texto": "¿Una abono fisco por seis meses seguiremos?",
      "confianza": 0.064
    },
    {
      "hablante": "Hablante A",
      "inicio": 442.5,
      "fin": 442.73,
      "duracion": 0.22,
      "texto": "Sí, sí, sí.",
      "confianza": 0.035
    },
    {
      "hablante": "Hablante A",
      "inicio": 442.75,
      "fin": 456.11,
      "duracion": 13.36,
      "texto": "Usted no se preocupe que igualmente nosotros en el quinto mes nos vamos a estar contactando con usted para decirle que actualice lo que es el plan, porque no queremos que se le caduque el plan que llegue al sexto mes y pague la totalidad.",
      "confianza": 0.722
    },
    {
      "hablante": "Hablante A",
      "inicio": 456.37,
      "fin": 465.38,
      "duracion": 9.01,
      "texto": "Entonces nosotros nos contactamos al quinto mes para decirle que actualice lo que es la promoción según lo siga que usted necesite en ese momento y según cuánto pueda abonar, ¿bien?",
      "confianza": 0.691
    },
    {
      "hablante": "Hablante A",
      "inicio": 465.73,
      "fin": 469.31,
      "duracion": 3.58,
      "texto": "Entonces, usted saca el descuento.",
      "confianza": 0.172
    },
    {
      "hablante": "Hablante A",
      "inicio": 469.33,
      "fin": 477.67,
      "duracion": 8.33,
      "texto": "O sea que esto sin descuento, ¿cómo sería entonces?",
      "confianza": 0.445
    },
    {
      "hablante": "Hablante A",
      "inicio": 477.69,
      "fin": 483.51,
      "duracion": 5.83,
      "texto": "Bien, esto sin descuento está saliendo aproximadamente 52.050 pesos.",
      "confianza": 0.588
    },
    {
      "hablante": "Hablante A",
      "inicio": 483.61,
      "fin": 489.16,
      "duracion": 5.55,
      "texto": "Pero nunca llegaría usted a abonar esto porque tendría el descuento fijo por seis meses.",
      "confianza": 0.758
    },
    {
      "hablante": "Hablante A",
      "inicio": 489.64,
      "fin": 493.85,
      "duracion": 4.21,
      "texto": "Y nosotros al quinto mes le decimos que actualice lo que es la promoción y usted",
      "confianza": 0.826
    },
    {
      "hablante": "Hablante A",
      "inicio": 494.13,
      "fin": 496.55,
      "duracion": 2.42,
      "texto": "va con otro plan, seis meses más.",
      "confianza": 0.695
    },
    {
      "hablante": "Hablante A",
      "inicio": 496.86,
      "fin": 499.56,
      "duracion": 2.7,
      "texto": "Por eso, nunca debería abonar lo que es la totalidad.",
      "confianza": 0.865
    },
    {
      "hablante": "Hablante A",
      "inicio": 500.04,
      "fin": 501.34,
      "duracion": 1.3,
      "texto": "No le va a suceder esto.",
      "confianza": 0.706
    },
    {
      "hablante": "Hablante A",
      "inicio": 501.88,
      "fin": 503.56,
      "duracion": 1.68,
      "texto": "¿Bien?",
      "confianza": 0.68
    },
    {
      "hablante": "Hablante A",
      "inicio": 503.58,
      "fin": 506.73,
      "duracion": 3.14,
      "texto": "OK. OK. Entonces, yo ahora le voy a leer lo que es el cierre comercial.",
      "confianza": 0.56
    },
    {
      "hablante": "Hablante A",
      "inicio": 507.13,
      "fin": 515.76,
      "duracion": 8.63,
      "texto": "Mientras, si usted puede mandarme la fotito del frente y dorso del DNI, si lo tiene a mano, no hay ningún problema.",
      "confianza": 0.612
    },
    {
      "hablante": "Hablante A",
      "inicio": 515.78,
      "fin": 515.88,
      "duracion": 0.1,
      "texto": "Bien.",
      "confianza": 0.025
    },
    {
      "hablante": "Hablante A",
      "inicio": 515.9,
      "fin": 516.0,
      "duracion": 0.1,
      "texto": "Bien.",
      "confianza": 0.011
    },
    {
      "hablante": "Hablante A",
      "inicio": 516.02,
      "fin": 522.99,
      "duracion": 6.97,
      "texto": "Entonces, estamos portando la línea 11-25-19-73-78.",
      "confianza": 0.824
    },
    {
      "hablante": "Hablante A",
      "inicio": 523.26,
      "fin": 529.91,
      "duracion": 6.65,
      "texto": "a nombre y apellido de Cristina Griselda López Domínguez.",
      "confianza": 0.679
    },
    {
      "hablante": "Hablante A",
      "inicio": 529.93,
      "fin": 530.29,
      "duracion": 0.36,
      "texto": "¿Es correcto esto?",
      "confianza": 0.002
    },
    {
      "hablante": "Hablante A",
      "inicio": 530.31,
      "fin": 530.65,
      "duracion": 0.34,
      "texto": "Sí, está acuerdo.",
      "confianza": 0.005
    },
    {
      "hablante": "Hablante A",
      "inicio": 530.67,
      "fin": 531.71,
      "duracion": 1.04,
      "texto": "Bien, perfecto.",
      "confianza": 0.311
    },
    {
      "hablante": "Hablante A",
      "inicio": 531.73,
      "fin": 534.47,
      "duracion": 2.74,
      "texto": "Mira, Griselda, antes me olvidé de comentarte.",
      "confianza": 0.561
    },
    {
      "hablante": "Hablante A",
      "inicio": 534.73,
      "fin": 539.24,
      "duracion": 4.51,
      "texto": "Vos me dijiste que eras de Moreno, ¿cierto?",
      "confianza": 0.691
    },
    {
      "hablante": "Hablante A",
      "inicio": 539.26,
      "fin": 539.66,
      "duracion": 0.4,
      "texto": "Sí, de Moreno.",
      "confianza": 0.188
    },
    {
      "hablante": "Hablante A",
      "inicio": 539.68,
      "fin": 550.38,
      "duracion": 10.7,
      "texto": "Bien, te consulto esto para buscarte la sucursal más cercana a tu domicilio para que sea más cómoda y que vos puedas retirarlo de 48-72 horas como máximo.",
      "confianza": 0.691
    },
    {
      "hablante": "Hablante A",
      "inicio": 550.58,
      "fin": 557.23,
      "duracion": 6.65,
      "texto": "porque si vos no tenés ningún saldo pendiente con lo que es la compañía, es sumamente rápido de que se apruebe su solicitud, ¿bien?",
      "confianza": 0.708
    },
    {
      "hablante": "Hablante A",
      "inicio": 557.91,
      "fin": 569.78,
      "duracion": 11.88,
      "texto": "Entonces, mira, tenemos la, supuestal que se encuentre en Avenida Bartolomé en I3, 534, a la altura 2628 de Viene Villeneza.",
      "confianza": 0.664
    },
    {
      "hablante": "Hablante A",
      "inicio": 569.83,
      "fin": 572.27,
      "duracion": 2.44,
      "texto": "Trabajan de lunes a sábado de 10 a 19.",
      "confianza": 0.687
    },
    {
      "hablante": "Hablante A",
      "inicio": 572.29,
      "fin": 578.36,
      "duracion": 6.07,
      "texto": "¿Tenés como usted?",
      "confianza": 0.201
    },
    {
      "hablante": "Hablante A",
      "inicio": 578.89,
      "fin": 583.75,
      "duracion": 4.85,
      "texto": "Sí, sí, sí.",
      "confianza": 0.58
    },
    {
      "hablante": "Hablante A",
      "inicio": 583.76,
      "fin": 587.17,
      "duracion": 3.4,
      "texto": "Conozco.",
      "confianza": 0.873
    }
  ],
  "transcripcion_completa": "Hola. Hola, buen día. ¿Hablo con Cristina? Sí, buen día. ¿Cómo está? Mi nombre es Belén, me presento. Mire, yo le estoy llamando desde el área de recupero de clientes de Movistar. Queríamos saber por qué ha salido de la compañía en su momento. Cristina, coménteme, ¿qué fue lo que le sucedió a usted? Ah, no, pasa que yo no tenía señal, servicio. O sea que estaba en mi... Estaba en mi casa, pero cuando yo salía de mi casa era como que el celular no funcionaba. Bien. ¿Y hace mucho que le sucedía esto a usted? Y por eso me había cambiado. No sé, era como cuatro o cinco meses, creo que me salió. Ah, claro. Bien. ¿Y usted de qué provincia y qué localidad es para corroborar que ahora sí tendría una buena cobertura al salir de su casa? Moreno. ¿Cómo? Moreno. Ah, Moreno, bien, perfecto. Mire, ¿usted se acuerda cuántos gigas tiene en el plan actual que está con claro usted? No. ¿Y cuánto está abonando más o menos? Bueno, mira, estoy abonando. ¿Tampoco? Sí, creo que 9000 y algo estoy abonando, pero como que estoy pagando más porque había sacado un celular con el crédito de claro. Es como que estoy pagando un poco más. Bien, mire, Cristina, yo acá estoy verificando sobre el tema de la conectividad que usted me decía, que no era tan buena en ese momento y ahora me sale que está completamente en verde. Es decir, que usted, si está entre tu casa, como si también está afuera, no hay ningún problema porque usted tendría un buen alcance y una buena señal. Si quiere ir a comprar y quiere pagar con mercado pago, con el banco o algo por el estilo, no va a tener ningún problema. Le comento que nosotros estamos teniendo un gran descuento en lo que son las promociones de cualquier plan que usted elija. ¿Usted utiliza mucho el celo o no tanto, Cristina? Más o menos, pues el tema de las niñas es como que más utilizo, digamos, porque cuando salimos ellas miran tutu y demás cosas. Ah, claro, por su nieta, por su hija. Sí, por la nena niña. Ah, claro, su hija, bien. Mire, nosotros entonces tenemos una promoción que está De 8GB base, más 10GB de regal, es decir, se tendría 18GB y contaría con WhatsApp completamente gratis. Va a poder hablar libre a cualquier compañía. Tiene América Precio Local, también lo que es Roommate en América, así que sale del país. Usted no se va a quedar incomunicada y va a tener llamadas y mensajes ilimitados. Lo que está dando a modificar en estos momentos es un descuento fijo por 6 meses en un monto. Y el valor es de 8,000 pesos en los 18 gigas. Como usted me estaba diciendo, se utiliza más o menos el 0, para que sea el plan que más le conviene según las necesidades que me está comentando usted. Y no tendría ningún problema con lo que es la señal, según viendo ahora que usted me decía de moreno, que me sale acá todo lo que es moreno y todos los alrededores que están completamente en verde. Bien. Bien, de consultos. ¿Usted tiene solo el dinero cristiano o tiene más de una línea a su nombre? No, solo esta línea tengo mi nombre. ¿Y sabes si esta línea tiene chip físico o tiene algún chip virtual, que le sigue un correo con un código QR? El físico es el de plástico chiquitito que se coloca al costadito. Ah, no, este es el común, digamos, el plástico, el que se coloca en el costadito. Claro, sí, no, sí, reconsultado, porque los que son de QR son los más nuevos, son los iPhone, ¿vio? Entonces, si usted no posee ese teléfono, capaz que lo más común es el de plástico. Yo también tengo el de plástico chiquitito que se coloca al costadito. Claro, está con sí. No, no, eso no que yo tengo. Eso no que yo tengo. Bien, perfecto. Tiene eso. Mire, le consulto con respecto a la fibra óptica. ¿Usted tiene con Clara también o tiene de otra compañía, Cristina? No, yo acabo de movilizar la fibra óptica que es el del hogar, digamos. Sí, sí, mire, me viene perfecto a jueves porque, mire, se le hace un descuento fijo en lo que es la facturación, más allá de lo que es el descuento de la promoción de su línea, se va a hacer un descuento fijo de 4,000 pesos en lo que es la facturación. Es decir, usted va a coger más descuento del que ya tendría con lo que es el descuento fijo por la promoción que nosotros le estamos dando, ¿bien? Miren, ahora yo le voy a enviar un mensajito de WhatsApp que le va a decir, Usted dígame si ya le llegó, por favor. Sí, la he hecho. Bien, ya le llegó. Bien, lo que yo voy a precisar de usted en estos momentos sería un correo electrónico que usted tenga activo porque ahí es donde le va a llegar lo que es la facturación. Usted la va a poder visualizar desde ahí o también desde la aplicación de móvil si se la quiere bajar. ¿Qué es lo que precisa, me dijo? El correo electrónico suyo. que usted tiene un correo electrónico activo que es ahí donde le va a llegar la facturación. ¿Se lo sabe? ¿Usted? Sí, sí, sí. Bien, ¿me lo quiere editar o lo quiere escribir como usted le venga más cómodo? A ver. Es la mandina. Ah, bien, perfecto. Bien. Mire, entonces, ahora yo le digo. Usted me dijo que tenía solo esta línea, ¿no? Sí, solo esa línea, tengo mi nombre. Bien, perfecto. Mira, ahora yo lo que voy a hacer es hacerle un cierre comercial, también llamado bono de calidad, que es un pequeño texto, que yo le voy a ir leyendo, bien, que esto es para legalidad y veracidad en lo que usted está contratando, es un respaldo para usted, ¿bien? Yo voy a precisar de usted, si tiene su documento a mano, le hago una fotito del frente y dorso del Tenei, que es para verificar que usted es la titular de la línea, y que nadie más pueda realizar un trámite a su nombre. ¿Cómo quedaría esto, el tema del pago? ¿O sea que el descuento vendría a ser en lo que es el Internet fibra del hogar o el descuento sería para la línea? Para las dos cosas, usted para la fibra va a tener cuatro mil pesos de descuento, ¿vio? Porque usted ya la tiene en el hogar. Y después el descuento que tiene en la línea es un descuento fijo del 85% de descuento, más o menos, en la línea. Entonces, por eso, usted saca un precio final de ocho mil pesos tan sólo, ¿bien? O sea que eso sería más o menos el descuento, digamos, por... ¿Una abono fisco por seis meses seguiremos? Sí, sí, sí. Usted no se preocupe que igualmente nosotros en el quinto mes nos vamos a estar contactando con usted para decirle que actualice lo que es el plan, porque no queremos que se le caduque el plan que llegue al sexto mes y pague la totalidad. Entonces nosotros nos contactamos al quinto mes para decirle que actualice lo que es la promoción según lo siga que usted necesite en ese momento y según cuánto pueda abonar, ¿bien? Entonces, usted saca el descuento. O sea que esto sin descuento, ¿cómo sería entonces? Bien, esto sin descuento está saliendo aproximadamente 52.050 pesos. Pero nunca llegaría usted a abonar esto porque tendría el descuento fijo por seis meses. Y nosotros al quinto mes le decimos que actualice lo que es la promoción y usted va con otro plan, seis meses más. Por eso, nunca debería abonar lo que es la totalidad. No le va a suceder esto. ¿Bien? OK. OK. Entonces, yo ahora le voy a leer lo que es el cierre comercial. Mientras, si usted puede mandarme la fotito del frente y dorso del DNI, si lo tiene a mano, no hay ningún problema. Bien. Bien. Entonces, estamos portando la línea 11-25-19-73-78. a nombre y apellido de Cristina Griselda López Domínguez. ¿Es correcto esto? Sí, está acuerdo. Bien, perfecto. Mira, Griselda, antes me olvidé de comentarte. Vos me dijiste que eras de Moreno, ¿cierto? Sí, de Moreno. Bien, te consulto esto para buscarte la sucursal más cercana a tu domicilio para que sea más cómoda y que vos puedas retirarlo de 48-72 horas como máximo. porque si vos no tenés ningún saldo pendiente con lo que es la compañía, es sumamente rápido de que se apruebe su solicitud, ¿bien? Entonces, mira, tenemos la, supuestal que se encuentre en Avenida Bartolomé en I3, 534, a la altura 2628 de Viene Villeneza. Trabajan de lunes a sábado de 10 a 19. ¿Tenés como usted? Sí, sí, sí. Conozco.",
  "calidad": {
    "confianza_promedio": 0.528,
    "metodo_diarizacion": "pausas_fallback",
    "tiempo_procesamiento": 17.2
  },
  "metadata": {
    "modelo": "whisperx_medium",
    "diarizacion": "pausas",
    "dispositivo": "cuda",
    "fecha": "2026-01-25T18:09:15.998835",
    "version": "5.0_ecapa"
  }
}