{
  "archivo": "amza14_1_260124113552283_ACD_78865.wav",
  "duracion_segundos": 241.08,
  "num_segmentos": 64,
  "num_hablantes": 2,
  "hablantes": [
    "Hablante A",
    "Hablante B"
  ],
  "tiempo_por_hablante": {
    "Hablante B": 81.77,
    "Hablante A": 108.75
  },
  "idioma": "es",
  "conversacion": [
    {
      "hablante": "Hablante B",
      "inicio": 1.69,
      "fin": 2.51,
      "duracion": 0.82,
      "texto": "Hola, buen día.",
      "confianza": 0.232
    },
    {
      "hablante": "Hablante B",
      "inicio": 2.53,
      "fin": 4.51,
      "duracion": 1.98,
      "texto": "Hablo con Claudia.",
      "confianza": 0.441
    },
    {
      "hablante": "Hablante B",
      "inicio": 4.53,
      "fin": 5.37,
      "duracion": 0.84,
      "texto": "Sí, soy yo.",
      "confianza": 0.443
    },
    {
      "hablante": "Hablante B",
      "inicio": 5.39,
      "fin": 6.19,
      "duracion": 0.8,
      "texto": "¿Cómo estás, Claudia?",
      "confianza": 0.545
    },
    {
      "hablante": "Hablante B",
      "inicio": 6.21,
      "fin": 6.55,
      "duracion": 0.34,
      "texto": "Un gusto.",
      "confianza": 0.821
    },
    {
      "hablante": "Hablante B",
      "inicio": 6.57,
      "fin": 7.29,
      "duracion": 0.72,
      "texto": "Mi nombre es Bruno.",
      "confianza": 0.707
    },
    {
      "hablante": "Hablante B",
      "inicio": 7.33,
      "fin": 10.54,
      "duracion": 3.21,
      "texto": "Me estaba comunicando desde el área de recuperar clientes movistar.",
      "confianza": 0.536
    },
    {
      "hablante": "Hablante B",
      "inicio": 11.44,
      "fin": 13.54,
      "duracion": 2.1,
      "texto": "Tenemos una promoción disponible para tu línea.",
      "confianza": 0.801
    },
    {
      "hablante": "Hablante B",
      "inicio": 13.58,
      "fin": 20.83,
      "duracion": 7.25,
      "texto": "Actualmente tenés claro.",
      "confianza": 0.519
    },
    {
      "hablante": "Hablante B",
      "inicio": 20.85,
      "fin": 21.2,
      "duracion": 0.34,
      "texto": "Y ya me llamaron.",
      "confianza": 0.0
    },
    {
      "hablante": "Hablante B",
      "inicio": 21.21,
      "fin": 21.76,
      "duracion": 0.54,
      "texto": "Ya me llamaron el otro día.",
      "confianza": 0.0
    },
    {
      "hablante": "Hablante B",
      "inicio": 21.78,
      "fin": 23.24,
      "duracion": 1.46,
      "texto": "Me dijeron que me iban a mandar un mensaje para cuando me llegue el chip.",
      "confianza": 0.004
    },
    {
      "hablante": "Hablante B",
      "inicio": 23.26,
      "fin": 23.92,
      "duracion": 0.66,
      "texto": "Pero todavía no me mandaron nada.",
      "confianza": 0.02
    },
    {
      "hablante": "Hablante B",
      "inicio": 23.94,
      "fin": 24.86,
      "duracion": 0.92,
      "texto": "A ver, vamos a ver.",
      "confianza": 0.497
    },
    {
      "hablante": "Hablante B",
      "inicio": 24.88,
      "fin": 26.92,
      "duracion": 2.04,
      "texto": "Para que yo pueda ir a retirar.",
      "confianza": 0.49
    },
    {
      "hablante": "Hablante B",
      "inicio": 26.94,
      "fin": 29.11,
      "duracion": 2.16,
      "texto": "¿Tenés un segundo y verifico cómo está tu trámite?",
      "confianza": 0.692
    },
    {
      "hablante": "Hablante B",
      "inicio": 30.31,
      "fin": 30.41,
      "duracion": 0.1,
      "texto": "Vale.",
      "confianza": 0.202
    },
    {
      "hablante": "Hablante B",
      "inicio": 30.66,
      "fin": 41.16,
      "duracion": 10.5,
      "texto": "Vale, ahí aguardamos un minutito.",
      "confianza": 0.385
    },
    {
      "hablante": "Hablante B",
      "inicio": 41.18,
      "fin": 48.35,
      "duracion": 7.17,
      "texto": "Ahí estoy verificando y ahí te confirmo.",
      "confianza": 0.39
    },
    {
      "hablante": "Hablante A",
      "inicio": 61.39,
      "fin": 69.26,
      "duracion": 7.87,
      "texto": "¿Qué planta habían ofrecido, Claudia?",
      "confianza": 0.78
    },
    {
      "hablante": "Hablante B",
      "inicio": 72.7,
      "fin": 73.66,
      "duracion": 0.96,
      "texto": "¿Recordas?",
      "confianza": 0.332
    },
    {
      "hablante": "Hablante B",
      "inicio": 73.68,
      "fin": 73.9,
      "duracion": 0.22,
      "texto": "No, no, no.",
      "confianza": 0.001
    },
    {
      "hablante": "Hablante B",
      "inicio": 73.92,
      "fin": 76.2,
      "duracion": 2.28,
      "texto": "Uno de 8 gigas, puede ser.",
      "confianza": 0.135
    },
    {
      "hablante": "Hablante B",
      "inicio": 76.22,
      "fin": 76.33,
      "duracion": 0.1,
      "texto": "Bien.",
      "confianza": 0.103
    },
    {
      "hablante": "Hablante B",
      "inicio": 76.34,
      "fin": 77.33,
      "duracion": 0.98,
      "texto": "¿Y qué precio le habían pasado?",
      "confianza": 0.245
    },
    {
      "hablante": "Hablante A",
      "inicio": 81.31,
      "fin": 82.31,
      "duracion": 1.0,
      "texto": "Creo que 7 o 8 por ahí.",
      "confianza": 0.147
    },
    {
      "hablante": "Hablante A",
      "inicio": 82.33,
      "fin": 83.23,
      "duracion": 0.9,
      "texto": "Ah, bien.",
      "confianza": 0.48
    },
    {
      "hablante": "Hablante A",
      "inicio": 83.25,
      "fin": 86.12,
      "duracion": 2.86,
      "texto": "El de planta de 8 gigas con 10 gigas de regalo está en 8000.",
      "confianza": 0.623
    },
    {
      "hablante": "Hablante A",
      "inicio": 86.14,
      "fin": 88.2,
      "duracion": 2.06,
      "texto": "¿La función?",
      "confianza": 0.284
    },
    {
      "hablante": "Hablante A",
      "inicio": 88.22,
      "fin": 88.36,
      "duracion": 0.14,
      "texto": "Sí, sí.",
      "confianza": 0.168
    },
    {
      "hablante": "Hablante B",
      "inicio": 92.57,
      "fin": 111.72,
      "duracion": 19.15,
      "texto": "Ahí estoy verificando y ahí me van a responder y ahí te digo.",
      "confianza": 0.55
    },
    {
      "hablante": "Hablante B",
      "inicio": 111.74,
      "fin": 118.19,
      "duracion": 6.45,
      "texto": "¡No, papá!",
      "confianza": 0.381
    },
    {
      "hablante": "Hablante A",
      "inicio": 120.13,
      "fin": 121.85,
      "duracion": 1.72,
      "texto": "Claudia, ¿cuándo iniciaste el trámite?",
      "confianza": 0.222
    },
    {
      "hablante": "Hablante A",
      "inicio": 121.87,
      "fin": 123.58,
      "duracion": 1.7,
      "texto": "¿Vos aproximadamente hace cuántos días?",
      "confianza": 0.767
    },
    {
      "hablante": "Hablante A",
      "inicio": 123.59,
      "fin": 124.68,
      "duracion": 1.08,
      "texto": "¿Recordás?",
      "confianza": 0.552
    },
    {
      "hablante": "Hablante A",
      "inicio": 124.92,
      "fin": 127.28,
      "duracion": 2.36,
      "texto": "Pues, creo que el martes.",
      "confianza": 0.264
    },
    {
      "hablante": "Hablante A",
      "inicio": 127.3,
      "fin": 128.4,
      "duracion": 1.1,
      "texto": "Ah, ya, sí, bastante.",
      "confianza": 0.551
    },
    {
      "hablante": "Hablante A",
      "inicio": 129.18,
      "fin": 132.17,
      "duracion": 2.98,
      "texto": "Sí, me dijo 48 horas, pero nunca me mandaron.",
      "confianza": 0.526
    },
    {
      "hablante": "Hablante A",
      "inicio": 132.19,
      "fin": 140.98,
      "duracion": 8.79,
      "texto": "Igual mismo me dijo que le mando un mensaje por si no me llegara el mensaje, pero bueno, yo no le mandé.",
      "confianza": 0.488
    },
    {
      "hablante": "Hablante A",
      "inicio": 141.0,
      "fin": 141.68,
      "duracion": 0.68,
      "texto": "Claro.",
      "confianza": 0.907
    },
    {
      "hablante": "Hablante A",
      "inicio": 141.7,
      "fin": 147.69,
      "duracion": 5.99,
      "texto": "Me parece que no hay ningún trámite cargado, Claudia, pero ahí aguarda un minutito y ahí te terminaré de confirmar.",
      "confianza": 0.719
    },
    {
      "hablante": "Hablante A",
      "inicio": 149.05,
      "fin": 154.76,
      "duracion": 5.71,
      "texto": "Si querés lo podemos cargar para que aproveches la promoción, porque esta promo la tenemos hasta hoy sábado únicamente.",
      "confianza": 0.689
    },
    {
      "hablante": "Hablante A",
      "inicio": 154.78,
      "fin": 160.85,
      "duracion": 6.07,
      "texto": "¿Cómo me dijiste?",
      "confianza": 0.074
    },
    {
      "hablante": "Hablante A",
      "inicio": 160.87,
      "fin": 160.97,
      "duracion": 0.1,
      "texto": "Bien.",
      "confianza": 0.002
    },
    {
      "hablante": "Hablante A",
      "inicio": 160.99,
      "fin": 165.87,
      "duracion": 4.89,
      "texto": "Te decía que creo que me parece que no hay ningún trámite cargado a tu nombre.",
      "confianza": 0.805
    },
    {
      "hablante": "Hablante A",
      "inicio": 165.89,
      "fin": 170.78,
      "duracion": 4.89,
      "texto": "Ahí déjame un segundito y te termino de confirmar.",
      "confianza": 0.756
    },
    {
      "hablante": "Hablante A",
      "inicio": 170.8,
      "fin": 177.1,
      "duracion": 6.31,
      "texto": "Lo que te decía es que en el caso de que no esté cargado el trámite, querés que lo carguemos ahora para que aproveches la promo que hay hasta hoy.",
      "confianza": 0.696
    },
    {
      "hablante": "Hablante A",
      "inicio": 178.4,
      "fin": 181.18,
      "duracion": 2.78,
      "texto": "Bueno, dale.",
      "confianza": 0.346
    },
    {
      "hablante": "Hablante A",
      "inicio": 181.2,
      "fin": 181.46,
      "duracion": 0.26,
      "texto": "Dale, genial.",
      "confianza": 0.048
    },
    {
      "hablante": "Hablante A",
      "inicio": 181.48,
      "fin": 184.73,
      "duracion": 3.24,
      "texto": "Yo puedo ofrecerte el mismo plan, todo exactamente igual, no hay problema.",
      "confianza": 0.764
    },
    {
      "hablante": "Hablante B",
      "inicio": 187.67,
      "fin": 191.29,
      "duracion": 3.62,
      "texto": "No, efectivamente, Claudia, no hay ningún trámite cargado a tu nombre.",
      "confianza": 0.833
    },
    {
      "hablante": "Hablante B",
      "inicio": 192.55,
      "fin": 192.61,
      "duracion": 0.06,
      "texto": "No.",
      "confianza": 0.048
    },
    {
      "hablante": "Hablante B",
      "inicio": 192.63,
      "fin": 195.07,
      "duracion": 2.44,
      "texto": "Tenés cinco minutos y le hacemos la carga ahora.",
      "confianza": 0.707
    },
    {
      "hablante": "Hablante A",
      "inicio": 197.94,
      "fin": 198.14,
      "duracion": 0.2,
      "texto": "Muy bueno.",
      "confianza": 0.01
    },
    {
      "hablante": "Hablante A",
      "inicio": 198.16,
      "fin": 200.32,
      "duracion": 2.16,
      "texto": "Dale, mira, te voy a mandar un mensaje por WhatsApp, creo.",
      "confianza": 0.485
    },
    {
      "hablante": "Hablante A",
      "inicio": 200.34,
      "fin": 203.82,
      "duracion": 3.48,
      "texto": "Ya te quedé mi WhatsApp y cualquier cosa nos comunicamos nosotros por ahí.",
      "confianza": 0.718
    },
    {
      "hablante": "Hablante B",
      "inicio": 207.41,
      "fin": 207.55,
      "duracion": 0.14,
      "texto": "Yo voy.",
      "confianza": 0.124
    },
    {
      "hablante": "Hablante A",
      "inicio": 209.69,
      "fin": 211.23,
      "duracion": 1.54,
      "texto": "Ahora te habla Bruno de Movistar.",
      "confianza": 0.7
    },
    {
      "hablante": "Hablante A",
      "inicio": 211.71,
      "fin": 220.26,
      "duracion": 8.55,
      "texto": "Mirar Claudia, me figura que no me figura el saldo que vos tenés pendiente, pero si nos figura un saldo, seguramente la otra asesor no te ha cargado el trámite por eso.",
      "confianza": 0.792
    },
    {
      "hablante": "Hablante A",
      "inicio": 220.34,
      "fin": 226.18,
      "duracion": 5.85,
      "texto": "Nosotros lo que vamos a hacer es bonificarte esa deuda para que vos puedas volver a la compañía, ¿sí?",
      "confianza": 0.679
    },
    {
      "hablante": "Hablante A",
      "inicio": 226.2,
      "fin": 237.03,
      "duracion": 10.83,
      "texto": "¿Pero es la misma?",
      "confianza": 0.367
    },
    {
      "hablante": "Hablante A",
      "inicio": 237.05,
      "fin": 237.31,
      "duracion": 0.26,
      "texto": "¿Es la misma?",
      "confianza": 0.003
    },
    {
      "hablante": "Hablante A",
      "inicio": 237.34,
      "fin": 237.74,
      "duracion": 0.4,
      "texto": "¿Es la misma zapata?",
      "confianza": 0.04
    },
    {
      "hablante": "Hablante B",
      "inicio": 239.66,
      "fin": 241.08,
      "duracion": 1.42,
      "texto": "A ver.",
      "confianza": 0.374
    }
  ],
  "transcripcion_completa": "Hola, buen día. Hablo con Claudia. Sí, soy yo. ¿Cómo estás, Claudia? Un gusto. Mi nombre es Bruno. Me estaba comunicando desde el área de recuperar clientes movistar. Tenemos una promoción disponible para tu línea. Actualmente tenés claro. Y ya me llamaron. Ya me llamaron el otro día. Me dijeron que me iban a mandar un mensaje para cuando me llegue el chip. Pero todavía no me mandaron nada. A ver, vamos a ver. Para que yo pueda ir a retirar. ¿Tenés un segundo y verifico cómo está tu trámite? Vale. Vale, ahí aguardamos un minutito. Ahí estoy verificando y ahí te confirmo. ¿Qué planta habían ofrecido, Claudia? ¿Recordas? No, no, no. Uno de 8 gigas, puede ser. Bien. ¿Y qué precio le habían pasado? Creo que 7 o 8 por ahí. Ah, bien. El de planta de 8 gigas con 10 gigas de regalo está en 8000. ¿La función? Sí, sí. Ahí estoy verificando y ahí me van a responder y ahí te digo. ¡No, papá! Claudia, ¿cuándo iniciaste el trámite? ¿Vos aproximadamente hace cuántos días? ¿Recordás? Pues, creo que el martes. Ah, ya, sí, bastante. Sí, me dijo 48 horas, pero nunca me mandaron. Igual mismo me dijo que le mando un mensaje por si no me llegara el mensaje, pero bueno, yo no le mandé. Claro. Me parece que no hay ningún trámite cargado, Claudia, pero ahí aguarda un minutito y ahí te terminaré de confirmar. Si querés lo podemos cargar para que aproveches la promoción, porque esta promo la tenemos hasta hoy sábado únicamente. ¿Cómo me dijiste? Bien. Te decía que creo que me parece que no hay ningún trámite cargado a tu nombre. Ahí déjame un segundito y te termino de confirmar. Lo que te decía es que en el caso de que no esté cargado el trámite, querés que lo carguemos ahora para que aproveches la promo que hay hasta hoy. Bueno, dale. Dale, genial. Yo puedo ofrecerte el mismo plan, todo exactamente igual, no hay problema. No, efectivamente, Claudia, no hay ningún trámite cargado a tu nombre. No. Tenés cinco minutos y le hacemos la carga ahora. Muy bueno. Dale, mira, te voy a mandar un mensaje por WhatsApp, creo. Ya te quedé mi WhatsApp y cualquier cosa nos comunicamos nosotros por ahí. Yo voy. Ahora te habla Bruno de Movistar. Mirar Claudia, me figura que no me figura el saldo que vos tenés pendiente, pero si nos figura un saldo, seguramente la otra asesor no te ha cargado el trámite por eso. Nosotros lo que vamos a hacer es bonificarte esa deuda para que vos puedas volver a la compañía, ¿sí? ¿Pero es la misma? ¿Es la misma? ¿Es la misma zapata? A ver.",
  "calidad": {
    "confianza_promedio": 0.436,
    "metodo_diarizacion": "pausas_fallback",
    "tiempo_procesamiento": 8.6
  },
  "metadata": {
    "modelo": "whisperx_medium",
    "diarizacion": "pausas",
    "dispositivo": "cuda",
    "fecha": "2026-01-26T01:30:34.175410",
    "version": "5.0_ecapa"
  }
}