{
  "archivo": "amza22_1_260120113941744_MIT_01948.wav",
  "duracion_segundos": 532.91,
  "num_segmentos": 147,
  "num_hablantes": 2,
  "hablantes": [
    "Hablante A",
    "Hablante B"
  ],
  "tiempo_por_hablante": {
    "Hablante B": 363.51,
    "Hablante A": 118.12
  },
  "idioma": "es",
  "conversacion": [
    {
      "hablante": "Hablante B",
      "inicio": 10.07,
      "fin": 10.27,
      "duracion": 0.2,
      "texto": "Hola.",
      "confianza": 0.571
    },
    {
      "hablante": "Hablante B",
      "inicio": 10.51,
      "fin": 17.3,
      "duracion": 6.79,
      "texto": "Hola, buen día, Martina.",
      "confianza": 0.186
    },
    {
      "hablante": "Hablante B",
      "inicio": 17.32,
      "fin": 17.38,
      "duracion": 0.06,
      "texto": "Sí.",
      "confianza": 0.003
    },
    {
      "hablante": "Hablante B",
      "inicio": 17.4,
      "fin": 18.02,
      "duracion": 0.62,
      "texto": "Bien, ahí me escuchas mejor.",
      "confianza": 0.075
    },
    {
      "hablante": "Hablante B",
      "inicio": 18.04,
      "fin": 18.78,
      "duracion": 0.74,
      "texto": "Sí, sí, sí.",
      "confianza": 0.189
    },
    {
      "hablante": "Hablante B",
      "inicio": 18.8,
      "fin": 28.07,
      "duracion": 9.27,
      "texto": "Justamente ahora te he llamado porque, mira, ahora, ¿viste que nos estamos hablando del plan de 8 más 8, los 16 gigas más el roaming?",
      "confianza": 0.671
    },
    {
      "hablante": "Hablante B",
      "inicio": 28.09,
      "fin": 28.32,
      "duracion": 0.22,
      "texto": "Sí.",
      "confianza": 0.432
    },
    {
      "hablante": "Hablante B",
      "inicio": 28.88,
      "fin": 35.46,
      "duracion": 6.59,
      "texto": "Bien, mira, ahora han subido lo que son los gigas de regalo, entonces vos tendrías 8 gigas más 10, ¿bien?",
      "confianza": 0.586
    },
    {
      "hablante": "Hablante B",
      "inicio": 35.48,
      "fin": 37.79,
      "duracion": 2.3,
      "texto": "Entonces tendrías 18.",
      "confianza": 0.46
    },
    {
      "hablante": "Hablante B",
      "inicio": 37.81,
      "fin": 38.41,
      "duracion": 0.6,
      "texto": "Bien.",
      "confianza": 0.458
    },
    {
      "hablante": "Hablante B",
      "inicio": 38.61,
      "fin": 42.35,
      "duracion": 3.75,
      "texto": "Ese era el plan que a vos te interesaba, ¿no?",
      "confianza": 0.644
    },
    {
      "hablante": "Hablante B",
      "inicio": 42.37,
      "fin": 42.63,
      "duracion": 0.26,
      "texto": "Sí.",
      "confianza": 0.393
    },
    {
      "hablante": "Hablante B",
      "inicio": 42.65,
      "fin": 42.76,
      "duracion": 0.1,
      "texto": "Bien.",
      "confianza": 0.022
    },
    {
      "hablante": "Hablante B",
      "inicio": 42.77,
      "fin": 46.64,
      "duracion": 3.87,
      "texto": "¿Este es el mismo número que me hablaste por WhatsApp?",
      "confianza": 0.578
    },
    {
      "hablante": "Hablante B",
      "inicio": 46.66,
      "fin": 48.83,
      "duracion": 2.16,
      "texto": "Sí, pero... No, este es un 11.",
      "confianza": 0.468
    },
    {
      "hablante": "Hablante B",
      "inicio": 48.87,
      "fin": 52.03,
      "duracion": 3.17,
      "texto": "Este fue el discador de donde yo trabajo.",
      "confianza": 0.716
    },
    {
      "hablante": "Hablante B",
      "inicio": 52.05,
      "fin": 56.04,
      "duracion": 3.99,
      "texto": "El 11 es el mío, de personal.",
      "confianza": 0.322
    },
    {
      "hablante": "Hablante B",
      "inicio": 56.06,
      "fin": 56.4,
      "duracion": 0.34,
      "texto": "Bien, bien.",
      "confianza": 0.445
    },
    {
      "hablante": "Hablante B",
      "inicio": 56.74,
      "fin": 58.38,
      "duracion": 1.64,
      "texto": "Porque yo sigo viendo WhatsApp.",
      "confianza": 0.439
    },
    {
      "hablante": "Hablante B",
      "inicio": 58.4,
      "fin": 58.62,
      "duracion": 0.22,
      "texto": "¿Bien?",
      "confianza": 0.349
    },
    {
      "hablante": "Hablante B",
      "inicio": 58.96,
      "fin": 61.6,
      "duracion": 2.64,
      "texto": "Mira, te estaba comentando y consultando.",
      "confianza": 0.77
    },
    {
      "hablante": "Hablante B",
      "inicio": 61.78,
      "fin": 71.99,
      "duracion": 10.21,
      "texto": "¿Vos de qué provincia sos y qué localidad para buscarte la sucursal más cercana a tu domicilio?",
      "confianza": 0.683
    },
    {
      "hablante": "Hablante B",
      "inicio": 72.01,
      "fin": 72.47,
      "duracion": 0.46,
      "texto": "De Mendoza, San Martín.",
      "confianza": 0.002
    },
    {
      "hablante": "Hablante B",
      "inicio": 72.49,
      "fin": 74.15,
      "duracion": 1.66,
      "texto": "También somos de Mendoza.",
      "confianza": 0.313
    },
    {
      "hablante": "Hablante B",
      "inicio": 74.17,
      "fin": 74.23,
      "duracion": 0.06,
      "texto": "Sí.",
      "confianza": 0.383
    },
    {
      "hablante": "Hablante B",
      "inicio": 74.27,
      "fin": 78.3,
      "duracion": 4.02,
      "texto": "¿Sabes si hay alguna sucursal en San Martín o directamente acá en el centro?",
      "confianza": 0.724
    },
    {
      "hablante": "Hablante B",
      "inicio": 79.46,
      "fin": 85.08,
      "duracion": 5.63,
      "texto": "No, no tengo idea si hay un sucursal de Movistar en San Martín.",
      "confianza": 0.372
    },
    {
      "hablante": "Hablante B",
      "inicio": 85.11,
      "fin": 85.34,
      "duracion": 0.24,
      "texto": "Creo que no.",
      "confianza": 0.001
    },
    {
      "hablante": "Hablante B",
      "inicio": 85.36,
      "fin": 85.69,
      "duracion": 0.32,
      "texto": "No, creo que no.",
      "confianza": 0.028
    },
    {
      "hablante": "Hablante B",
      "inicio": 85.71,
      "fin": 86.05,
      "duracion": 0.34,
      "texto": "Mira.",
      "confianza": 0.895
    },
    {
      "hablante": "Hablante B",
      "inicio": 86.23,
      "fin": 99.76,
      "duracion": 13.54,
      "texto": "Me sale entonces, en Mendoza, avenida Las Heras 91, me sale otra en San Martín, 1032, y otra en avenida San Martín.",
      "confianza": 0.496
    },
    {
      "hablante": "Hablante B",
      "inicio": 99.78,
      "fin": 101.57,
      "duracion": 1.78,
      "texto": "La de la de la avenida San Martín.",
      "confianza": 0.462
    },
    {
      "hablante": "Hablante B",
      "inicio": 101.59,
      "fin": 102.59,
      "duracion": 1.0,
      "texto": "Bien, la de 1224 o la 1032.",
      "confianza": 0.468
    },
    {
      "hablante": "Hablante B",
      "inicio": 103.47,
      "fin": 110.48,
      "duracion": 7.01,
      "texto": "Están todas juntas, realmente, están en la misma calle.",
      "confianza": 0.626
    },
    {
      "hablante": "Hablante B",
      "inicio": 110.5,
      "fin": 111.04,
      "duracion": 0.54,
      "texto": "La más cerquita del centro.",
      "confianza": 0.004
    },
    {
      "hablante": "Hablante B",
      "inicio": 111.06,
      "fin": 113.34,
      "duracion": 2.28,
      "texto": "Bien, perfecto, sí, entonces sí que es esta.",
      "confianza": 0.379
    },
    {
      "hablante": "Hablante B",
      "inicio": 113.36,
      "fin": 116.08,
      "duracion": 2.72,
      "texto": "Avenida San Martín, 1032, la más cerquita.",
      "confianza": 0.547
    },
    {
      "hablante": "Hablante B",
      "inicio": 116.77,
      "fin": 125.5,
      "duracion": 8.73,
      "texto": "Entonces, mira, y trabajan del 1 al viernes de 9 a 19, y si no trabajan también los sábados de 9 y media, a 13 a 30, ¿bien?",
      "confianza": 0.634
    },
    {
      "hablante": "Hablante B",
      "inicio": 125.69,
      "fin": 130.57,
      "duracion": 4.89,
      "texto": "Es bastante largo el rango horario y, pues, y también el sábado.",
      "confianza": 0.608
    },
    {
      "hablante": "Hablante B",
      "inicio": 130.59,
      "fin": 135.56,
      "duracion": 4.97,
      "texto": "Bien, mira, lo que yo precisaría de vos ahora en estos momentos, ¿tienes un segundo mano?",
      "confianza": 0.38
    },
    {
      "hablante": "Hablante B",
      "inicio": 135.58,
      "fin": 139.75,
      "duracion": 4.17,
      "texto": "Para sacarla un poquito del frente y del norte del DNI para verificar que vos sos la titular de la línea.",
      "confianza": 0.478
    },
    {
      "hablante": "Hablante A",
      "inicio": 142.85,
      "fin": 142.91,
      "duracion": 0.06,
      "texto": "Sí.",
      "confianza": 0.07
    },
    {
      "hablante": "Hablante A",
      "inicio": 142.93,
      "fin": 143.15,
      "duracion": 0.22,
      "texto": "Bien.",
      "confianza": 0.475
    },
    {
      "hablante": "Hablante A",
      "inicio": 143.38,
      "fin": 155.08,
      "duracion": 11.69,
      "texto": "Mira, porque yo ahora te voy a leer lo que es el cierre comercial, vuelvo a notar que es un pequeño texto, que yo te voy leyendo, que es para darle la realidad y la gracia de lo que vos estás contratando, ¿bien?",
      "confianza": 0.598
    },
    {
      "hablante": "Hablante A",
      "inicio": 155.1,
      "fin": 155.16,
      "duracion": 0.06,
      "texto": "Sí.",
      "confianza": 0.113
    },
    {
      "hablante": "Hablante A",
      "inicio": 155.18,
      "fin": 165.04,
      "duracion": 9.87,
      "texto": "Mira, si vos querés enviarme la fotito ahora, mientras te lo estoy leyendo, puede ser que me lo mandes después, como vos prefieras.",
      "confianza": 0.67
    },
    {
      "hablante": "Hablante A",
      "inicio": 165.06,
      "fin": 169.83,
      "duracion": 4.77,
      "texto": "Sí, después mejor, porque no puedo sacar la fotito mientras escucho, mejor después.",
      "confianza": 0.617
    },
    {
      "hablante": "Hablante A",
      "inicio": 169.88,
      "fin": 170.52,
      "duracion": 0.64,
      "texto": "Ah, dale.",
      "confianza": 0.56
    },
    {
      "hablante": "Hablante A",
      "inicio": 170.54,
      "fin": 172.2,
      "duracion": 1.66,
      "texto": "Si no, me ponés en alta voz.",
      "confianza": 0.687
    },
    {
      "hablante": "Hablante A",
      "inicio": 172.28,
      "fin": 174.18,
      "duracion": 1.9,
      "texto": "No tengo ningún problema, yo con eso.",
      "confianza": 0.676
    },
    {
      "hablante": "Hablante A",
      "inicio": 174.2,
      "fin": 174.99,
      "duracion": 0.78,
      "texto": "No, no, va a ir.",
      "confianza": 0.201
    },
    {
      "hablante": "Hablante A",
      "inicio": 175.0,
      "fin": 178.05,
      "duracion": 3.04,
      "texto": "Leé me bien y después... Dale, dale.",
      "confianza": 0.357
    },
    {
      "hablante": "Hablante A",
      "inicio": 178.07,
      "fin": 179.59,
      "duracion": 1.52,
      "texto": "No hay problema entonces.",
      "confianza": 0.71
    },
    {
      "hablante": "Hablante A",
      "inicio": 179.61,
      "fin": 181.57,
      "duracion": 1.96,
      "texto": "Bien, entonces, empezamos.",
      "confianza": 0.829
    },
    {
      "hablante": "Hablante A",
      "inicio": 181.95,
      "fin": 184.38,
      "duracion": 2.42,
      "texto": "Ah, te consulto con respecto de la fibra óptica.",
      "confianza": 0.82
    },
    {
      "hablante": "Hablante A",
      "inicio": 185.04,
      "fin": 186.54,
      "duracion": 1.5,
      "texto": "¿Vos tenés...?",
      "confianza": 0.173
    },
    {
      "hablante": "Hablante A",
      "inicio": 186.56,
      "fin": 186.74,
      "duracion": 0.18,
      "texto": "Ya tengo.",
      "confianza": 0.038
    },
    {
      "hablante": "Hablante A",
      "inicio": 186.76,
      "fin": 188.4,
      "duracion": 1.64,
      "texto": "Tengo el internet en mi casa.",
      "confianza": 0.741
    },
    {
      "hablante": "Hablante A",
      "inicio": 188.42,
      "fin": 192.29,
      "duracion": 3.87,
      "texto": "No es Movistar, pero... Pero ya tengo internet.",
      "confianza": 0.408
    },
    {
      "hablante": "Hablante A",
      "inicio": 192.31,
      "fin": 193.03,
      "duracion": 0.72,
      "texto": "Ya tenés internet.",
      "confianza": 0.441
    },
    {
      "hablante": "Hablante A",
      "inicio": 193.05,
      "fin": 196.27,
      "duracion": 3.22,
      "texto": "¿Y no te interviste a ver si lo de la fibra óptica era Movistar?",
      "confianza": 0.566
    },
    {
      "hablante": "Hablante A",
      "inicio": 196.83,
      "fin": 200.79,
      "duracion": 3.96,
      "texto": "Por el momento no, solo me interesaba cambiar el celular.",
      "confianza": 0.486
    },
    {
      "hablante": "Hablante A",
      "inicio": 200.81,
      "fin": 201.45,
      "duracion": 0.64,
      "texto": "Dale, no hay problema.",
      "confianza": 0.384
    },
    {
      "hablante": "Hablante A",
      "inicio": 201.95,
      "fin": 211.28,
      "duracion": 9.33,
      "texto": "Mira, un correo electrónico que vos tengas activo, precisaría que es para el que allí es donde te va a llegar la facturación, además de que vos lo vas a poder visualizar en lo que es la aplicación y movilizar.",
      "confianza": 0.669
    },
    {
      "hablante": "Hablante A",
      "inicio": 211.3,
      "fin": 215.71,
      "duracion": 4.41,
      "texto": "¿Quieres dictar a mi nomo si quieres?",
      "confianza": 0.09
    },
    {
      "hablante": "Hablante A",
      "inicio": 215.73,
      "fin": 219.99,
      "duracion": 4.26,
      "texto": "Te lo dicto.",
      "confianza": 0.176
    },
    {
      "hablante": "Hablante A",
      "inicio": 220.01,
      "fin": 220.13,
      "duracion": 0.12,
      "texto": "Marti.",
      "confianza": 0.051
    },
    {
      "hablante": "Hablante A",
      "inicio": 220.15,
      "fin": 220.21,
      "duracion": 0.06,
      "texto": "Sí.",
      "confianza": 0.002
    },
    {
      "hablante": "Hablante A",
      "inicio": 220.23,
      "fin": 221.97,
      "duracion": 1.74,
      "texto": "Casulo.",
      "confianza": 0.214
    },
    {
      "hablante": "Hablante A",
      "inicio": 221.99,
      "fin": 223.38,
      "duracion": 1.38,
      "texto": "Con doble CWL.",
      "confianza": 0.571
    },
    {
      "hablante": "Hablante A",
      "inicio": 224.71,
      "fin": 242.53,
      "duracion": 17.83,
      "texto": "Marta.",
      "confianza": 0.402
    },
    {
      "hablante": "Hablante A",
      "inicio": 242.56,
      "fin": 242.85,
      "duracion": 0.3,
      "texto": "Marta.",
      "confianza": 0.803
    },
    {
      "hablante": "Hablante A",
      "inicio": 242.97,
      "fin": 243.46,
      "duracion": 0.48,
      "texto": "Marta.",
      "confianza": 0.554
    },
    {
      "hablante": "Hablante A",
      "inicio": 243.48,
      "fin": 244.02,
      "duracion": 0.54,
      "texto": "Marta.",
      "confianza": 0.651
    },
    {
      "hablante": "Hablante A",
      "inicio": 244.2,
      "fin": 244.72,
      "duracion": 0.52,
      "texto": "Marta.",
      "confianza": 0.552
    },
    {
      "hablante": "Hablante A",
      "inicio": 244.74,
      "fin": 245.1,
      "duracion": 0.36,
      "texto": "Marta.",
      "confianza": 0.622
    },
    {
      "hablante": "Hablante A",
      "inicio": 245.2,
      "fin": 245.5,
      "duracion": 0.3,
      "texto": "Marta.",
      "confianza": 0.419
    },
    {
      "hablante": "Hablante A",
      "inicio": 245.9,
      "fin": 246.1,
      "duracion": 0.2,
      "texto": "Marta.",
      "confianza": 0.533
    },
    {
      "hablante": "Hablante A",
      "inicio": 246.18,
      "fin": 247.08,
      "duracion": 0.9,
      "texto": "Marta.",
      "confianza": 0.651
    },
    {
      "hablante": "Hablante A",
      "inicio": 247.18,
      "fin": 247.8,
      "duracion": 0.62,
      "texto": "Marta.",
      "confianza": 0.27
    },
    {
      "hablante": "Hablante A",
      "inicio": 247.82,
      "fin": 248.42,
      "duracion": 0.6,
      "texto": "Marta.",
      "confianza": 0.61
    },
    {
      "hablante": "Hablante A",
      "inicio": 248.54,
      "fin": 249.43,
      "duracion": 0.88,
      "texto": "Marta.",
      "confianza": 0.603
    },
    {
      "hablante": "Hablante A",
      "inicio": 250.15,
      "fin": 250.63,
      "duracion": 0.48,
      "texto": "Marta.",
      "confianza": 0.361
    },
    {
      "hablante": "Hablante A",
      "inicio": 250.98,
      "fin": 265.22,
      "duracion": 14.24,
      "texto": "Entonces, estamos portando en la línea 263-440-1959 a nombre y apellido de la titular, Ana Martina Cazullo Cipolles, ¿correcto?",
      "confianza": 0.738
    },
    {
      "hablante": "Hablante B",
      "inicio": 266.93,
      "fin": 266.99,
      "duracion": 0.06,
      "texto": "Sí.",
      "confianza": 0.131
    },
    {
      "hablante": "Hablante B",
      "inicio": 267.01,
      "fin": 267.79,
      "duracion": 0.78,
      "texto": "Bien, perfecto.",
      "confianza": 0.861
    },
    {
      "hablante": "Hablante B",
      "inicio": 267.89,
      "fin": 274.8,
      "duracion": 6.91,
      "texto": "¿Me podrías decir tu último tres dígitos de tu DNI, Martín?",
      "confianza": 0.562
    },
    {
      "hablante": "Hablante B",
      "inicio": 274.82,
      "fin": 274.88,
      "duracion": 0.06,
      "texto": "Sí.",
      "confianza": 0.017
    },
    {
      "hablante": "Hablante B",
      "inicio": 274.9,
      "fin": 274.98,
      "duracion": 0.08,
      "texto": "727.",
      "confianza": 0.086
    },
    {
      "hablante": "Hablante B",
      "inicio": 275.0,
      "fin": 275.82,
      "duracion": 0.82,
      "texto": "Bien, perfecto.",
      "confianza": 0.716
    },
    {
      "hablante": "Hablante B",
      "inicio": 276.34,
      "fin": 279.03,
      "duracion": 2.68,
      "texto": "Entonces, tu compañera en esos momentos es claro.",
      "confianza": 0.724
    },
    {
      "hablante": "Hablante B",
      "inicio": 279.17,
      "fin": 280.91,
      "duracion": 1.74,
      "texto": "Me recomendaste que contas con factura mensual.",
      "confianza": 0.597
    },
    {
      "hablante": "Hablante B",
      "inicio": 280.97,
      "fin": 283.65,
      "duracion": 2.68,
      "texto": "La factura, ¿está tu nombre o el nombre de otra persona?",
      "confianza": 0.794
    },
    {
      "hablante": "Hablante B",
      "inicio": 284.93,
      "fin": 285.69,
      "duracion": 0.76,
      "texto": "No, mi nombre.",
      "confianza": 0.254
    },
    {
      "hablante": "Hablante B",
      "inicio": 285.71,
      "fin": 286.42,
      "duracion": 0.7,
      "texto": "Ah, el nombre tuyo.",
      "confianza": 0.526
    },
    {
      "hablante": "Hablante B",
      "inicio": 286.44,
      "fin": 286.64,
      "duracion": 0.2,
      "texto": "Bien.",
      "confianza": 0.686
    },
    {
      "hablante": "Hablante B",
      "inicio": 286.66,
      "fin": 290.26,
      "duracion": 3.61,
      "texto": "¿Vos podés ser chip físico o chip escín?",
      "confianza": 0.45
    },
    {
      "hablante": "Hablante B",
      "inicio": 290.28,
      "fin": 291.06,
      "duracion": 0.78,
      "texto": "Eres físico.",
      "confianza": 0.572
    },
    {
      "hablante": "Hablante B",
      "inicio": 291.72,
      "fin": 292.64,
      "duracion": 0.92,
      "texto": "El de plástico chiquito.",
      "confianza": 0.718
    },
    {
      "hablante": "Hablante B",
      "inicio": 292.69,
      "fin": 302.3,
      "duracion": 9.61,
      "texto": "Bien, entonces quedamos en que vas a ir a retirar el chip en el Subcursal que quiera en San Martín 1032 de la provincia de Mendoza.",
      "confianza": 0.673
    },
    {
      "hablante": "Hablante B",
      "inicio": 302.32,
      "fin": 303.16,
      "duracion": 0.84,
      "texto": "¿Correcto eso?",
      "confianza": 0.698
    },
    {
      "hablante": "Hablante B",
      "inicio": 303.44,
      "fin": 304.87,
      "duracion": 1.42,
      "texto": "Perfecto.",
      "confianza": 0.789
    },
    {
      "hablante": "Hablante B",
      "inicio": 304.88,
      "fin": 313.75,
      "duracion": 8.87,
      "texto": "Entonces, te recuerdo que los servicios al día de hoy es de 8,000 pesos porque vos adquiriste un descuento fijo de 44,050 pesos por seis meses.",
      "confianza": 0.748
    },
    {
      "hablante": "Hablante B",
      "inicio": 314.24,
      "fin": 327.73,
      "duracion": 13.49,
      "texto": "Te recuerdo que el servicio es sumergida a mesas adelantadas y el plan que vos estás contratando en estos momentos, cómo sabe, 8 gigas base más 10 gigas de regalo por seis meses, en el cual tendrías 18 gigas y contarías con WhatsApp totalmente gratis.",
      "confianza": 0.663
    },
    {
      "hablante": "Hablante B",
      "inicio": 327.75,
      "fin": 329.45,
      "duracion": 1.7,
      "texto": "Puedes hablar libre a cualquier compañía.",
      "confianza": 0.756
    },
    {
      "hablante": "Hablante B",
      "inicio": 329.68,
      "fin": 334.89,
      "duracion": 5.21,
      "texto": "Tienes América Precio Local, Rubin en América, y lo que son llamadas sin mensajes ilimitados.",
      "confianza": 0.608
    },
    {
      "hablante": "Hablante B",
      "inicio": 335.65,
      "fin": 341.74,
      "duracion": 6.09,
      "texto": "También te recuerdo que los gigas de regalos se van a habilitar 48 horas después de activar tu línea, ¿bien?",
      "confianza": 0.64
    },
    {
      "hablante": "Hablante B",
      "inicio": 342.72,
      "fin": 349.95,
      "duracion": 7.23,
      "texto": "El mail que me proporcionaste, entonces, es marticasulio.com.",
      "confianza": 0.562
    },
    {
      "hablante": "Hablante B",
      "inicio": 349.97,
      "fin": 353.46,
      "duracion": 3.49,
      "texto": "Bien, estarás recibiendo tu procuración online a través del mail que me proporcionaste.",
      "confianza": 0.509
    },
    {
      "hablante": "Hablante B",
      "inicio": 353.92,
      "fin": 356.92,
      "duracion": 3.0,
      "texto": "Desde la aplicación de Inmontar, ingresando a la sección Servicios,",
      "confianza": 0.741
    },
    {
      "hablante": "Hablante B",
      "inicio": 357.09,
      "fin": 362.58,
      "duracion": 5.49,
      "texto": "Puedes ver toda la información, referir a tu factura y hacer tu ciclo de facturación, tu vencimiento y tus montos a pagar.",
      "confianza": 0.599
    },
    {
      "hablante": "Hablante B",
      "inicio": 363.04,
      "fin": 368.77,
      "duracion": 5.73,
      "texto": "También algo nuevo que tenemos es que puedes activar 20 gigas de regalo con una modificación de 30 días disponible una vez al año.",
      "confianza": 0.645
    },
    {
      "hablante": "Hablante B",
      "inicio": 369.27,
      "fin": 372.83,
      "duracion": 3.57,
      "texto": "Y también puedes alerizar el YouTube tómbatico y sumar cuatro siglos de regalo cada el video.",
      "confianza": 0.55
    },
    {
      "hablante": "Hablante B",
      "inicio": 372.85,
      "fin": 375.88,
      "duracion": 3.02,
      "texto": "No dice que aportar más de dos líneas, registramos con el mismo titular.",
      "confianza": 0.597
    },
    {
      "hablante": "Hablante B",
      "inicio": 376.34,
      "fin": 386.35,
      "duracion": 10.01,
      "texto": "Con respecto a la portabilidad, vos ya que lo vas a retirar en una sucursal, su portabilidad se revisará en las 48 horas hábiles.",
      "confianza": 0.7
    },
    {
      "hablante": "Hablante B",
      "inicio": 386.54,
      "fin": 391.52,
      "duracion": 4.99,
      "texto": "Un día antes, por mensajito WhatsApp, vamos a entrar informándote de la fecha de portabilidad para que te quedes tranquila.",
      "confianza": 0.504
    },
    {
      "hablante": "Hablante B",
      "inicio": 392.18,
      "fin": 395.19,
      "duracion": 3.0,
      "texto": "Es importante que no coloques el chip antes de la fecha informada.",
      "confianza": 0.777
    },
    {
      "hablante": "Hablante B",
      "inicio": 395.45,
      "fin": 401.73,
      "duracion": 6.29,
      "texto": "De todas maneras, te vas a dar cuenta porque tu línea es el cuadro de parada de recibir señales y recién ahí es cuando debes colocarla.",
      "confianza": 0.626
    },
    {
      "hablante": "Hablante B",
      "inicio": 402.25,
      "fin": 408.04,
      "duracion": 5.79,
      "texto": "Te comento que, por única vez, deberás validar identidad al activarlo en caso de que vos tengas alguna dificultad con la avaliación.",
      "confianza": 0.611
    },
    {
      "hablante": "Hablante B",
      "inicio": 408.56,
      "fin": 414.89,
      "duracion": 6.33,
      "texto": "Intentálo nuevamente o comunícate al 0800-321-7678 o 2 opción 4.",
      "confianza": 0.638
    },
    {
      "hablante": "Hablante B",
      "inicio": 415.09,
      "fin": 418.85,
      "duracion": 3.76,
      "texto": "Si solicitamos el caso de no levantar señal en el chip, por favor, reiniciésele el chip.",
      "confianza": 0.401
    },
    {
      "hablante": "Hablante B",
      "inicio": 419.51,
      "fin": 424.42,
      "duracion": 4.91,
      "texto": "Y, por otro lado, dentro de los próximos días, respiro donde cuesta satisfacción por medio de WhatsApp.",
      "confianza": 0.624
    },
    {
      "hablante": "Hablante B",
      "inicio": 424.44,
      "fin": 428.35,
      "duracion": 3.91,
      "texto": "Si solicitamos, por favor, que la completice, que tu opinión es muy importante para la empresa.",
      "confianza": 0.684
    },
    {
      "hablante": "Hablante B",
      "inicio": 428.83,
      "fin": 430.95,
      "duracion": 2.12,
      "texto": "Bien, mira, acá te envío el numerito.",
      "confianza": 0.568
    },
    {
      "hablante": "Hablante B",
      "inicio": 431.19,
      "fin": 433.03,
      "duracion": 1.84,
      "texto": "Por si vos tenés alguna duda, consulta.",
      "confianza": 0.656
    },
    {
      "hablante": "Hablante B",
      "inicio": 433.09,
      "fin": 434.4,
      "duracion": 1.3,
      "texto": "Igualmente tenés mi numerito.",
      "confianza": 0.753
    },
    {
      "hablante": "Hablante B",
      "inicio": 434.72,
      "fin": 442.23,
      "duracion": 7.51,
      "texto": "Pero si tenés alguna duda con respecto a la activación, que no suele haber problema, pero suponiendo que tengas alguna pequeña pérdida,",
      "confianza": 0.618
    },
    {
      "hablante": "Hablante B",
      "inicio": 442.58,
      "fin": 447.22,
      "duracion": 4.65,
      "texto": "Puedes llamar tranquilamente ese numerito que ellos te atienden ahí nomás, ¿bien?",
      "confianza": 0.452
    },
    {
      "hablante": "Hablante B",
      "inicio": 447.24,
      "fin": 454.81,
      "duracion": 7.57,
      "texto": "Mira, ahora lo que va a pasar es que te va a llegar un SMS común desde el remitente más 223, ¿bien?",
      "confianza": 0.623
    },
    {
      "hablante": "Hablante B",
      "inicio": 455.27,
      "fin": 464.31,
      "duracion": 9.03,
      "texto": "Esto es para que vos sigas manteniendo tu mismo número y saber que tu línea está activa en estos momentos y que te pueden llegar tanto las llamadas como los mensajes, ¿bien?",
      "confianza": 0.771
    },
    {
      "hablante": "Hablante B",
      "inicio": 465.69,
      "fin": 465.83,
      "duracion": 0.14,
      "texto": "Bien.",
      "confianza": 0.179
    },
    {
      "hablante": "Hablante B",
      "inicio": 465.85,
      "fin": 469.19,
      "duracion": 3.34,
      "texto": "Y ahora te va a decir, es un pequeño mensajito que te va a decir",
      "confianza": 0.754
    },
    {
      "hablante": "Hablante B",
      "inicio": 469.66,
      "fin": 477.59,
      "duracion": 7.93,
      "texto": "Tu código de portabilidad es con una fecha de licimiento y la sigla MBS, que es Movistar Abrevía.",
      "confianza": 0.653
    },
    {
      "hablante": "Hablante B",
      "inicio": 477.67,
      "fin": 483.08,
      "duracion": 5.41,
      "texto": "Cuando te llegue este mensajito, yo ahora lo pedí, ya me van a avisar cuando te llegue.",
      "confianza": 0.696
    },
    {
      "hablante": "Hablante B",
      "inicio": 483.74,
      "fin": 487.34,
      "duracion": 3.6,
      "texto": "Mira, justamente ahora me están diciendo que te llegó.",
      "confianza": 0.625
    },
    {
      "hablante": "Hablante B",
      "inicio": 487.36,
      "fin": 491.07,
      "duracion": 3.7,
      "texto": "Vos por favor, fijate, igual pueden tener 10 segunditos de retraso.",
      "confianza": 0.678
    },
    {
      "hablante": "Hablante B",
      "inicio": 492.07,
      "fin": 493.15,
      "duracion": 1.08,
      "texto": "Es un SMS común.",
      "confianza": 0.802
    },
    {
      "hablante": "Hablante B",
      "inicio": 493.93,
      "fin": 496.51,
      "duracion": 2.58,
      "texto": "Cuando te llegue, vos por favor, decime por qué.",
      "confianza": 0.729
    },
    {
      "hablante": "Hablante B",
      "inicio": 497.08,
      "fin": 503.85,
      "duracion": 6.77,
      "texto": "Le tenés que sacar una capturita de pantalla para yo alzotarle lo que es la solicitud, ¿bien?",
      "confianza": 0.704
    },
    {
      "hablante": "Hablante B",
      "inicio": 503.95,
      "fin": 508.38,
      "duracion": 4.43,
      "texto": "Para decir que tu línea está activa y que te llegan los mensajes.",
      "confianza": 0.836
    },
    {
      "hablante": "Hablante B",
      "inicio": 508.4,
      "fin": 509.3,
      "duracion": 0.9,
      "texto": "Bien.",
      "confianza": 0.523
    },
    {
      "hablante": "Hablante B",
      "inicio": 510.14,
      "fin": 517.27,
      "duracion": 7.13,
      "texto": "Si te llegó, es honestamente como no es un WhatsApp.",
      "confianza": 0.366
    },
    {
      "hablante": "Hablante B",
      "inicio": 517.29,
      "fin": 518.91,
      "duracion": 1.62,
      "texto": "Acuérdate desde el remitente más 2-2-13.",
      "confianza": 0.608
    },
    {
      "hablante": "Hablante B",
      "inicio": 518.95,
      "fin": 525.12,
      "duracion": 6.17,
      "texto": "Yo te guardo el línea, no hay ningún problema.",
      "confianza": 0.619
    },
    {
      "hablante": "Hablante B",
      "inicio": 525.7,
      "fin": 525.76,
      "duracion": 0.06,
      "texto": "Sí.",
      "confianza": 0.326
    },
    {
      "hablante": "Hablante A",
      "inicio": 530.46,
      "fin": 531.52,
      "duracion": 1.05,
      "texto": "¿Puedo decirme si me llevo?",
      "confianza": 0.388
    },
    {
      "hablante": "Hablante A",
      "inicio": 531.72,
      "fin": 532.91,
      "duracion": 1.2,
      "texto": "Si no, lo pido de vuelta.",
      "confianza": 0.663
    }
  ],
  "transcripcion_completa": "Hola. Hola, buen día, Martina. Sí. Bien, ahí me escuchas mejor. Sí, sí, sí. Justamente ahora te he llamado porque, mira, ahora, ¿viste que nos estamos hablando del plan de 8 más 8, los 16 gigas más el roaming? Sí. Bien, mira, ahora han subido lo que son los gigas de regalo, entonces vos tendrías 8 gigas más 10, ¿bien? Entonces tendrías 18. Bien. Ese era el plan que a vos te interesaba, ¿no? Sí. Bien. ¿Este es el mismo número que me hablaste por WhatsApp? Sí, pero... No, este es un 11. Este fue el discador de donde yo trabajo. El 11 es el mío, de personal. Bien, bien. Porque yo sigo viendo WhatsApp. ¿Bien? Mira, te estaba comentando y consultando. ¿Vos de qué provincia sos y qué localidad para buscarte la sucursal más cercana a tu domicilio? De Mendoza, San Martín. También somos de Mendoza. Sí. ¿Sabes si hay alguna sucursal en San Martín o directamente acá en el centro? No, no tengo idea si hay un sucursal de Movistar en San Martín. Creo que no. No, creo que no. Mira. Me sale entonces, en Mendoza, avenida Las Heras 91, me sale otra en San Martín, 1032, y otra en avenida San Martín. La de la de la avenida San Martín. Bien, la de 1224 o la 1032. Están todas juntas, realmente, están en la misma calle. La más cerquita del centro. Bien, perfecto, sí, entonces sí que es esta. Avenida San Martín, 1032, la más cerquita. Entonces, mira, y trabajan del 1 al viernes de 9 a 19, y si no trabajan también los sábados de 9 y media, a 13 a 30, ¿bien? Es bastante largo el rango horario y, pues, y también el sábado. Bien, mira, lo que yo precisaría de vos ahora en estos momentos, ¿tienes un segundo mano? Para sacarla un poquito del frente y del norte del DNI para verificar que vos sos la titular de la línea. Sí. Bien. Mira, porque yo ahora te voy a leer lo que es el cierre comercial, vuelvo a notar que es un pequeño texto, que yo te voy leyendo, que es para darle la realidad y la gracia de lo que vos estás contratando, ¿bien? Sí. Mira, si vos querés enviarme la fotito ahora, mientras te lo estoy leyendo, puede ser que me lo mandes después, como vos prefieras. Sí, después mejor, porque no puedo sacar la fotito mientras escucho, mejor después. Ah, dale. Si no, me ponés en alta voz. No tengo ningún problema, yo con eso. No, no, va a ir. Leé me bien y después... Dale, dale. No hay problema entonces. Bien, entonces, empezamos. Ah, te consulto con respecto de la fibra óptica. ¿Vos tenés...? Ya tengo. Tengo el internet en mi casa. No es Movistar, pero... Pero ya tengo internet. Ya tenés internet. ¿Y no te interviste a ver si lo de la fibra óptica era Movistar? Por el momento no, solo me interesaba cambiar el celular. Dale, no hay problema. Mira, un correo electrónico que vos tengas activo, precisaría que es para el que allí es donde te va a llegar la facturación, además de que vos lo vas a poder visualizar en lo que es la aplicación y movilizar. ¿Quieres dictar a mi nomo si quieres? Te lo dicto. Marti. Sí. Casulo. Con doble CWL. Marta. Marta. Marta. Marta. Marta. Marta. Marta. Marta. Marta. Marta. Marta. Marta. Marta. Entonces, estamos portando en la línea 263-440-1959 a nombre y apellido de la titular, Ana Martina Cazullo Cipolles, ¿correcto? Sí. Bien, perfecto. ¿Me podrías decir tu último tres dígitos de tu DNI, Martín? Sí. 727. Bien, perfecto. Entonces, tu compañera en esos momentos es claro. Me recomendaste que contas con factura mensual. La factura, ¿está tu nombre o el nombre de otra persona? No, mi nombre. Ah, el nombre tuyo. Bien. ¿Vos podés ser chip físico o chip escín? Eres físico. El de plástico chiquito. Bien, entonces quedamos en que vas a ir a retirar el chip en el Subcursal que quiera en San Martín 1032 de la provincia de Mendoza. ¿Correcto eso? Perfecto. Entonces, te recuerdo que los servicios al día de hoy es de 8,000 pesos porque vos adquiriste un descuento fijo de 44,050 pesos por seis meses. Te recuerdo que el servicio es sumergida a mesas adelantadas y el plan que vos estás contratando en estos momentos, cómo sabe, 8 gigas base más 10 gigas de regalo por seis meses, en el cual tendrías 18 gigas y contarías con WhatsApp totalmente gratis. Puedes hablar libre a cualquier compañía. Tienes América Precio Local, Rubin en América, y lo que son llamadas sin mensajes ilimitados. También te recuerdo que los gigas de regalos se van a habilitar 48 horas después de activar tu línea, ¿bien? El mail que me proporcionaste, entonces, es marticasulio.com. Bien, estarás recibiendo tu procuración online a través del mail que me proporcionaste. Desde la aplicación de Inmontar, ingresando a la sección Servicios, Puedes ver toda la información, referir a tu factura y hacer tu ciclo de facturación, tu vencimiento y tus montos a pagar. También algo nuevo que tenemos es que puedes activar 20 gigas de regalo con una modificación de 30 días disponible una vez al año. Y también puedes alerizar el YouTube tómbatico y sumar cuatro siglos de regalo cada el video. No dice que aportar más de dos líneas, registramos con el mismo titular. Con respecto a la portabilidad, vos ya que lo vas a retirar en una sucursal, su portabilidad se revisará en las 48 horas hábiles. Un día antes, por mensajito WhatsApp, vamos a entrar informándote de la fecha de portabilidad para que te quedes tranquila. Es importante que no coloques el chip antes de la fecha informada. De todas maneras, te vas a dar cuenta porque tu línea es el cuadro de parada de recibir señales y recién ahí es cuando debes colocarla. Te comento que, por única vez, deberás validar identidad al activarlo en caso de que vos tengas alguna dificultad con la avaliación. Intentálo nuevamente o comunícate al 0800-321-7678 o 2 opción 4. Si solicitamos el caso de no levantar señal en el chip, por favor, reiniciésele el chip. Y, por otro lado, dentro de los próximos días, respiro donde cuesta satisfacción por medio de WhatsApp. Si solicitamos, por favor, que la completice, que tu opinión es muy importante para la empresa. Bien, mira, acá te envío el numerito. Por si vos tenés alguna duda, consulta. Igualmente tenés mi numerito. Pero si tenés alguna duda con respecto a la activación, que no suele haber problema, pero suponiendo que tengas alguna pequeña pérdida, Puedes llamar tranquilamente ese numerito que ellos te atienden ahí nomás, ¿bien? Mira, ahora lo que va a pasar es que te va a llegar un SMS común desde el remitente más 223, ¿bien? Esto es para que vos sigas manteniendo tu mismo número y saber que tu línea está activa en estos momentos y que te pueden llegar tanto las llamadas como los mensajes, ¿bien? Bien. Y ahora te va a decir, es un pequeño mensajito que te va a decir Tu código de portabilidad es con una fecha de licimiento y la sigla MBS, que es Movistar Abrevía. Cuando te llegue este mensajito, yo ahora lo pedí, ya me van a avisar cuando te llegue. Mira, justamente ahora me están diciendo que te llegó. Vos por favor, fijate, igual pueden tener 10 segunditos de retraso. Es un SMS común. Cuando te llegue, vos por favor, decime por qué. Le tenés que sacar una capturita de pantalla para yo alzotarle lo que es la solicitud, ¿bien? Para decir que tu línea está activa y que te llegan los mensajes. Bien. Si te llegó, es honestamente como no es un WhatsApp. Acuérdate desde el remitente más 2-2-13. Yo te guardo el línea, no hay ningún problema. Sí. ¿Puedo decirme si me llevo? Si no, lo pido de vuelta.",
  "calidad": {
    "confianza_promedio": 0.511,
    "metodo_diarizacion": "pausas_fallback",
    "tiempo_procesamiento": 15.8
  },
  "metadata": {
    "modelo": "whisperx_medium",
    "diarizacion": "pausas",
    "dispositivo": "cuda",
    "fecha": "2026-01-25T18:05:27.116437",
    "version": "5.0_ecapa"
  }
}