{
  "archivo": "amza24_1_260120135059270_ACD_14723.wav",
  "duracion_segundos": 133.3,
  "num_segmentos": 42,
  "num_hablantes": 2,
  "hablantes": [
    "Hablante A",
    "Hablante B"
  ],
  "tiempo_por_hablante": {
    "Hablante A": 40.38,
    "Hablante B": 77.33
  },
  "idioma": "es",
  "conversacion": [
    {
      "hablante": "Hablante A",
      "inicio": 1.01,
      "fin": 1.99,
      "duracion": 0.98,
      "texto": "Hola.",
      "confianza": 0.445
    },
    {
      "hablante": "Hablante A",
      "inicio": 2.01,
      "fin": 2.49,
      "duracion": 0.48,
      "texto": "Hola, ¿cómo estás?",
      "confianza": 0.43
    },
    {
      "hablante": "Hablante A",
      "inicio": 2.51,
      "fin": 5.24,
      "duracion": 2.72,
      "texto": "Buenos días, hablo con Daniel.",
      "confianza": 0.601
    },
    {
      "hablante": "Hablante A",
      "inicio": 5.26,
      "fin": 6.4,
      "duracion": 1.14,
      "texto": "Sí, hola Daniel.",
      "confianza": 0.158
    },
    {
      "hablante": "Hablante A",
      "inicio": 6.42,
      "fin": 7.36,
      "duracion": 0.94,
      "texto": "¿Cómo estás, Agustín?",
      "confianza": 0.534
    },
    {
      "hablante": "Hablante A",
      "inicio": 7.38,
      "fin": 11.06,
      "duracion": 3.69,
      "texto": "Es mi nombre, me estoy comunicando en la área de recoger el cliente del Movistar.",
      "confianza": 0.592
    },
    {
      "hablante": "Hablante A",
      "inicio": 11.87,
      "fin": 14.23,
      "duracion": 2.36,
      "texto": "No figura que vos actualmente estás en claro, ¿sí?",
      "confianza": 0.638
    },
    {
      "hablante": "Hablante B",
      "inicio": 15.95,
      "fin": 16.81,
      "duracion": 0.86,
      "texto": "Sí.",
      "confianza": 0.519
    },
    {
      "hablante": "Hablante B",
      "inicio": 16.83,
      "fin": 27.57,
      "duracion": 10.73,
      "texto": "Durante el consultor, ¿el motivo por el cual te fuiste de Movistar cuál fue?",
      "confianza": 0.607
    },
    {
      "hablante": "Hablante B",
      "inicio": 27.59,
      "fin": 28.79,
      "duracion": 1.2,
      "texto": "Los aumentos constantes que usted tenía, nunca me respetaron",
      "confianza": 0.011
    },
    {
      "hablante": "Hablante B",
      "inicio": 29.29,
      "fin": 39.96,
      "duracion": 10.67,
      "texto": "el plan que yo tomaba.",
      "confianza": 0.337
    },
    {
      "hablante": "Hablante B",
      "inicio": 39.98,
      "fin": 40.66,
      "duracion": 0.68,
      "texto": "Si no me respetan el plan, me voy.",
      "confianza": 0.008
    },
    {
      "hablante": "Hablante B",
      "inicio": 40.68,
      "fin": 43.12,
      "duracion": 2.44,
      "texto": "Bien, en este caso, Daniel, bueno, te cuento.",
      "confianza": 0.572
    },
    {
      "hablante": "Hablante B",
      "inicio": 43.56,
      "fin": 48.89,
      "duracion": 5.33,
      "texto": "Primero que nada, darte la seguridad y la tranquilidad de que vos vas a tener un descuento fijo por seis meses.",
      "confianza": 0.636
    },
    {
      "hablante": "Hablante B",
      "inicio": 50.31,
      "fin": 56.4,
      "duracion": 6.09,
      "texto": "En el caso de que vayas a tener algún incremento en la facturación, se te avisa 30 días antes.",
      "confianza": 0.736
    },
    {
      "hablante": "Hablante B",
      "inicio": 56.75,
      "fin": 62.63,
      "duracion": 5.89,
      "texto": "¿Para qué se te avisa 30 días antes para que vos puedas pedirnos unos descuentos o promociones que tengamos en vigencia?",
      "confianza": 0.657
    },
    {
      "hablante": "Hablante A",
      "inicio": 64.72,
      "fin": 64.78,
      "duracion": 0.06,
      "texto": "Sí.",
      "confianza": 0.007
    },
    {
      "hablante": "Hablante A",
      "inicio": 64.8,
      "fin": 66.96,
      "duracion": 2.16,
      "texto": "En este caso, vos las podés pedir a los descuentos.",
      "confianza": 0.689
    },
    {
      "hablante": "Hablante A",
      "inicio": 66.98,
      "fin": 68.32,
      "duracion": 1.34,
      "texto": "¿Querés que te la apre y movistar?",
      "confianza": 0.499
    },
    {
      "hablante": "Hablante A",
      "inicio": 68.6,
      "fin": 76.07,
      "duracion": 7.47,
      "texto": "O me llamás a mí, que yo voy a ser tu asesora a partir de ahora y yo te derivo a los canales oficiales donde vas a tener una respuesta inmediata.",
      "confianza": 0.614
    },
    {
      "hablante": "Hablante A",
      "inicio": 76.09,
      "fin": 77.53,
      "duracion": 1.44,
      "texto": "Bien.",
      "confianza": 0.363
    },
    {
      "hablante": "Hablante A",
      "inicio": 77.55,
      "fin": 82.44,
      "duracion": 4.89,
      "texto": "Por otro lado, Daniel, contarte qué se tenemos para brindar, lo que es un plan de ocho siglas de base",
      "confianza": 0.654
    },
    {
      "hablante": "Hablante A",
      "inicio": 82.79,
      "fin": 92.68,
      "duracion": 9.89,
      "texto": "más 10 gigas de regalo, WhatsApp gratis, llamadas libres a todas las compañías, inclusive los 0800 y 0810, por un precio final de 8000 pesos.",
      "confianza": 0.709
    },
    {
      "hablante": "Hablante A",
      "inicio": 92.7,
      "fin": 93.52,
      "duracion": 0.82,
      "texto": "¿Bien?",
      "confianza": 0.612
    },
    {
      "hablante": "Hablante B",
      "inicio": 95.62,
      "fin": 95.72,
      "duracion": 0.1,
      "texto": "Sí.",
      "confianza": 0.293
    },
    {
      "hablante": "Hablante B",
      "inicio": 95.74,
      "fin": 96.86,
      "duracion": 1.12,
      "texto": "¿Qué puedo pedir un favor?",
      "confianza": 0.252
    },
    {
      "hablante": "Hablante B",
      "inicio": 97.6,
      "fin": 99.72,
      "duracion": 2.12,
      "texto": "Porque estoy en una reunión.",
      "confianza": 0.597
    },
    {
      "hablante": "Hablante B",
      "inicio": 100.14,
      "fin": 108.19,
      "duracion": 8.05,
      "texto": "¿No me podrás mandar las opciones que tengo y llamarme en una hora?",
      "confianza": 0.713
    },
    {
      "hablante": "Hablante B",
      "inicio": 109.29,
      "fin": 112.02,
      "duracion": 2.72,
      "texto": "Vale, yo te volveré a llamar entonces en un ratito.",
      "confianza": 0.58
    },
    {
      "hablante": "Hablante B",
      "inicio": 112.47,
      "fin": 115.13,
      "duracion": 2.66,
      "texto": "Mándame las opciones, por favor.",
      "confianza": 0.069
    },
    {
      "hablante": "Hablante B",
      "inicio": 115.15,
      "fin": 115.25,
      "duracion": 0.1,
      "texto": "Dale.",
      "confianza": 0.036
    },
    {
      "hablante": "Hablante B",
      "inicio": 115.27,
      "fin": 115.45,
      "duracion": 0.18,
      "texto": "¿Cómo no?",
      "confianza": 0.013
    },
    {
      "hablante": "Hablante B",
      "inicio": 115.47,
      "fin": 115.89,
      "duracion": 0.42,
      "texto": "¿Cómo no?",
      "confianza": 0.712
    },
    {
      "hablante": "Hablante B",
      "inicio": 116.05,
      "fin": 123.12,
      "duracion": 7.07,
      "texto": "Y te llamamos más o menos... ¿Puede ser un poquito antes de las 14, de las 15, perdón?",
      "confianza": 0.689
    },
    {
      "hablante": "Hablante B",
      "inicio": 123.14,
      "fin": 123.62,
      "duracion": 0.48,
      "texto": "Dale, dale.",
      "confianza": 0.276
    },
    {
      "hablante": "Hablante B",
      "inicio": 123.66,
      "fin": 124.92,
      "duracion": 1.26,
      "texto": "A las 15 me voy.",
      "confianza": 0.552
    },
    {
      "hablante": "Hablante B",
      "inicio": 124.97,
      "fin": 126.61,
      "duracion": 1.64,
      "texto": "Te llamamos 15, 14, 45 más o menos, ¿sí?",
      "confianza": 0.723
    },
    {
      "hablante": "Hablante B",
      "inicio": 127.69,
      "fin": 128.53,
      "duracion": 0.84,
      "texto": "Dale, vale, vale.",
      "confianza": 0.105
    },
    {
      "hablante": "Hablante B",
      "inicio": 128.55,
      "fin": 129.41,
      "duracion": 0.86,
      "texto": "Dale, listo.",
      "confianza": 0.559
    },
    {
      "hablante": "Hablante B",
      "inicio": 129.43,
      "fin": 130.19,
      "duracion": 0.76,
      "texto": "Daniel, no hay problema.",
      "confianza": 0.599
    },
    {
      "hablante": "Hablante B",
      "inicio": 130.21,
      "fin": 132.68,
      "duracion": 2.46,
      "texto": "Ahora te envío si ya... Estás muy bien.",
      "confianza": 0.534
    },
    {
      "hablante": "Hablante B",
      "inicio": 132.69,
      "fin": 133.3,
      "duracion": 0.6,
      "texto": "Hasta luego.",
      "confianza": 0.561
    }
  ],
  "transcripcion_completa": "Hola. Hola, ¿cómo estás? Buenos días, hablo con Daniel. Sí, hola Daniel. ¿Cómo estás, Agustín? Es mi nombre, me estoy comunicando en la área de recoger el cliente del Movistar. No figura que vos actualmente estás en claro, ¿sí? Sí. Durante el consultor, ¿el motivo por el cual te fuiste de Movistar cuál fue? Los aumentos constantes que usted tenía, nunca me respetaron el plan que yo tomaba. Si no me respetan el plan, me voy. Bien, en este caso, Daniel, bueno, te cuento. Primero que nada, darte la seguridad y la tranquilidad de que vos vas a tener un descuento fijo por seis meses. En el caso de que vayas a tener algún incremento en la facturación, se te avisa 30 días antes. ¿Para qué se te avisa 30 días antes para que vos puedas pedirnos unos descuentos o promociones que tengamos en vigencia? Sí. En este caso, vos las podés pedir a los descuentos. ¿Querés que te la apre y movistar? O me llamás a mí, que yo voy a ser tu asesora a partir de ahora y yo te derivo a los canales oficiales donde vas a tener una respuesta inmediata. Bien. Por otro lado, Daniel, contarte qué se tenemos para brindar, lo que es un plan de ocho siglas de base más 10 gigas de regalo, WhatsApp gratis, llamadas libres a todas las compañías, inclusive los 0800 y 0810, por un precio final de 8000 pesos. ¿Bien? Sí. ¿Qué puedo pedir un favor? Porque estoy en una reunión. ¿No me podrás mandar las opciones que tengo y llamarme en una hora? Vale, yo te volveré a llamar entonces en un ratito. Mándame las opciones, por favor. Dale. ¿Cómo no? ¿Cómo no? Y te llamamos más o menos... ¿Puede ser un poquito antes de las 14, de las 15, perdón? Dale, dale. A las 15 me voy. Te llamamos 15, 14, 45 más o menos, ¿sí? Dale, vale, vale. Dale, listo. Daniel, no hay problema. Ahora te envío si ya... Estás muy bien. Hasta luego.",
  "calidad": {
    "confianza_promedio": 0.464,
    "metodo_diarizacion": "pausas_fallback",
    "tiempo_procesamiento": 6.5
  },
  "metadata": {
    "modelo": "whisperx_medium",
    "diarizacion": "pausas",
    "dispositivo": "cuda",
    "fecha": "2026-01-25T18:20:05.413791",
    "version": "5.0_ecapa"
  }
}