{
  "archivo": "amza24_1_260122131147942_ACD_32189.wav",
  "duracion_segundos": 118.83,
  "num_segmentos": 34,
  "num_hablantes": 2,
  "hablantes": [
    "Hablante A",
    "Hablante B"
  ],
  "tiempo_por_hablante": {
    "Hablante A": 49.34,
    "Hablante B": 63.64
  },
  "idioma": "es",
  "conversacion": [
    {
      "hablante": "Hablante A",
      "inicio": 0.94,
      "fin": 2.98,
      "duracion": 2.04,
      "texto": "Hola.",
      "confianza": 0.181
    },
    {
      "hablante": "Hablante A",
      "inicio": 3.0,
      "fin": 3.1,
      "duracion": 0.1,
      "texto": "Hola.",
      "confianza": 0.017
    },
    {
      "hablante": "Hablante A",
      "inicio": 3.12,
      "fin": 3.63,
      "duracion": 0.5,
      "texto": "Hola, ¿cómo estás?",
      "confianza": 0.375
    },
    {
      "hablante": "Hablante A",
      "inicio": 3.67,
      "fin": 7.13,
      "duracion": 3.46,
      "texto": "Buenos días, hablo con Claudio.",
      "confianza": 0.716
    },
    {
      "hablante": "Hablante A",
      "inicio": 7.15,
      "fin": 7.41,
      "duracion": 0.26,
      "texto": "Sí, él habla.",
      "confianza": 0.023
    },
    {
      "hablante": "Hablante A",
      "inicio": 7.43,
      "fin": 8.03,
      "duracion": 0.6,
      "texto": "¿Cómo estás?",
      "confianza": 0.65
    },
    {
      "hablante": "Hablante A",
      "inicio": 8.05,
      "fin": 9.07,
      "duracion": 1.02,
      "texto": "Claudio, ¿tienes mi nombre?",
      "confianza": 0.652
    },
    {
      "hablante": "Hablante A",
      "inicio": 9.17,
      "fin": 12.5,
      "duracion": 3.32,
      "texto": "Me estoy comunicando en la área de recupero de clientes Movistar.",
      "confianza": 0.677
    },
    {
      "hablante": "Hablante A",
      "inicio": 12.96,
      "fin": 16.34,
      "duracion": 3.38,
      "texto": "Me figura, Claudio, que usted actualmente está en claro, ¿verdad?",
      "confianza": 0.556
    },
    {
      "hablante": "Hablante A",
      "inicio": 16.36,
      "fin": 19.65,
      "duracion": 3.28,
      "texto": "Estoy en claro, sí, sí.",
      "confianza": 0.416
    },
    {
      "hablante": "Hablante A",
      "inicio": 19.67,
      "fin": 20.39,
      "duracion": 0.72,
      "texto": "Bien, te consulto.",
      "confianza": 0.588
    },
    {
      "hablante": "Hablante A",
      "inicio": 20.41,
      "fin": 27.4,
      "duracion": 6.99,
      "texto": "¿El motivo por el cual te fuiste de Movistar?",
      "confianza": 0.727
    },
    {
      "hablante": "Hablante A",
      "inicio": 27.42,
      "fin": 28.52,
      "duracion": 1.1,
      "texto": "Es por el tema de la señal, básicamente.",
      "confianza": 0.076
    },
    {
      "hablante": "Hablante A",
      "inicio": 29.02,
      "fin": 40.39,
      "duracion": 11.37,
      "texto": "Anteriormente, este año tenía buena cobertura y la última vez que me cambié por un tema de costos, me di cuenta que había empeorado muchísimo, así que me volvía claro.",
      "confianza": 0.464
    },
    {
      "hablante": "Hablante A",
      "inicio": 40.41,
      "fin": 43.02,
      "duracion": 2.6,
      "texto": "¿Es verdad?",
      "confianza": 0.206
    },
    {
      "hablante": "Hablante A",
      "inicio": 43.03,
      "fin": 44.08,
      "duracion": 1.04,
      "texto": "Bien, te cuento.",
      "confianza": 0.638
    },
    {
      "hablante": "Hablante A",
      "inicio": 44.1,
      "fin": 47.82,
      "duracion": 3.72,
      "texto": "En este caso tengo para brindarte lo que es un plan.",
      "confianza": 0.768
    },
    {
      "hablante": "Hablante A",
      "inicio": 47.84,
      "fin": 51.68,
      "duracion": 3.84,
      "texto": "Son promociones exclusivas para aquellos clientes que han sido parte de la compañía.",
      "confianza": 0.737
    },
    {
      "hablante": "Hablante B",
      "inicio": 53.18,
      "fin": 57.85,
      "duracion": 4.66,
      "texto": "Es un plan de 8 divas de base más 10 de regalo, van a ser 18 divas en total.",
      "confianza": 0.685
    },
    {
      "hablante": "Hablante B",
      "inicio": 58.22,
      "fin": 66.27,
      "duracion": 8.05,
      "texto": "WhatsApp gratis y llamadas libres a todas las compañías por un precio final de 8000 pesos.",
      "confianza": 0.746
    },
    {
      "hablante": "Hablante B",
      "inicio": 66.29,
      "fin": 66.83,
      "duracion": 0.54,
      "texto": "¿Veamos?",
      "confianza": 0.49
    },
    {
      "hablante": "Hablante B",
      "inicio": 66.85,
      "fin": 70.13,
      "duracion": 3.28,
      "texto": "Ok, básicamente es lo mismo que tengo.",
      "confianza": 0.575
    },
    {
      "hablante": "Hablante B",
      "inicio": 70.15,
      "fin": 76.34,
      "duracion": 6.19,
      "texto": "Solamente con la diferencia de que la última vez que estuve en Movistar no tenía buena cobertura en muchos lugares.",
      "confianza": 0.518
    },
    {
      "hablante": "Hablante B",
      "inicio": 76.36,
      "fin": 78.1,
      "duracion": 1.74,
      "texto": "Por lo menos desde por cuenta.",
      "confianza": 0.267
    },
    {
      "hablante": "Hablante B",
      "inicio": 78.14,
      "fin": 85.47,
      "duracion": 7.33,
      "texto": "Bien, con respecto al tema de la cobertura podríamos ver en las zonas en las que frecuentas porque hemos mejorado muchísimo.",
      "confianza": 0.789
    },
    {
      "hablante": "Hablante B",
      "inicio": 85.73,
      "fin": 88.05,
      "duracion": 2.32,
      "texto": "Ha sido uno de los grandes problemas que hemos tenido.",
      "confianza": 0.702
    },
    {
      "hablante": "Hablante B",
      "inicio": 88.44,
      "fin": 100.62,
      "duracion": 12.18,
      "texto": "Sí, el tema de la cobertura, por eso se ha hecho mucho hincapié en eso y se ha hecho mucha inversión para mejorar en cuanto a la cobertura en todo lo que serían las distintas zonas.",
      "confianza": 0.694
    },
    {
      "hablante": "Hablante B",
      "inicio": 100.64,
      "fin": 104.22,
      "duracion": 3.59,
      "texto": "Sí, bueno, mira, el plan que compraste está bueno, pero es básicamente lo mismo que estoy pagando.",
      "confianza": 0.359
    },
    {
      "hablante": "Hablante B",
      "inicio": 104.42,
      "fin": 109.75,
      "duracion": 5.33,
      "texto": "Y la verdad, preferiría no arriesgarme, hacer todo el cambio de vuelta simplemente para aprobar.",
      "confianza": 0.628
    },
    {
      "hablante": "Hablante B",
      "inicio": 109.83,
      "fin": 114.24,
      "duracion": 4.41,
      "texto": "O sea, es pagar lo mismo por lo mismo.",
      "confianza": 0.52
    },
    {
      "hablante": "Hablante B",
      "inicio": 114.26,
      "fin": 114.72,
      "duracion": 0.46,
      "texto": "Sí, entiendo, entiendo.",
      "confianza": 0.038
    },
    {
      "hablante": "Hablante B",
      "inicio": 114.74,
      "fin": 115.74,
      "duracion": 1.0,
      "texto": "Bueno, lo dejo registrado.",
      "confianza": 0.567
    },
    {
      "hablante": "Hablante B",
      "inicio": 115.94,
      "fin": 117.18,
      "duracion": 1.24,
      "texto": "Sí, te agradezco mucho.",
      "confianza": 0.476
    },
    {
      "hablante": "Hablante B",
      "inicio": 117.52,
      "fin": 118.83,
      "duracion": 1.32,
      "texto": "Muy bien, buen día.",
      "confianza": 0.506
    }
  ],
  "transcripcion_completa": "Hola. Hola. Hola, ¿cómo estás? Buenos días, hablo con Claudio. Sí, él habla. ¿Cómo estás? Claudio, ¿tienes mi nombre? Me estoy comunicando en la área de recupero de clientes Movistar. Me figura, Claudio, que usted actualmente está en claro, ¿verdad? Estoy en claro, sí, sí. Bien, te consulto. ¿El motivo por el cual te fuiste de Movistar? Es por el tema de la señal, básicamente. Anteriormente, este año tenía buena cobertura y la última vez que me cambié por un tema de costos, me di cuenta que había empeorado muchísimo, así que me volvía claro. ¿Es verdad? Bien, te cuento. En este caso tengo para brindarte lo que es un plan. Son promociones exclusivas para aquellos clientes que han sido parte de la compañía. Es un plan de 8 divas de base más 10 de regalo, van a ser 18 divas en total. WhatsApp gratis y llamadas libres a todas las compañías por un precio final de 8000 pesos. ¿Veamos? Ok, básicamente es lo mismo que tengo. Solamente con la diferencia de que la última vez que estuve en Movistar no tenía buena cobertura en muchos lugares. Por lo menos desde por cuenta. Bien, con respecto al tema de la cobertura podríamos ver en las zonas en las que frecuentas porque hemos mejorado muchísimo. Ha sido uno de los grandes problemas que hemos tenido. Sí, el tema de la cobertura, por eso se ha hecho mucho hincapié en eso y se ha hecho mucha inversión para mejorar en cuanto a la cobertura en todo lo que serían las distintas zonas. Sí, bueno, mira, el plan que compraste está bueno, pero es básicamente lo mismo que estoy pagando. Y la verdad, preferiría no arriesgarme, hacer todo el cambio de vuelta simplemente para aprobar. O sea, es pagar lo mismo por lo mismo. Sí, entiendo, entiendo. Bueno, lo dejo registrado. Sí, te agradezco mucho. Muy bien, buen día.",
  "calidad": {
    "confianza_promedio": 0.501,
    "metodo_diarizacion": "pausas_fallback",
    "tiempo_procesamiento": 6.3
  },
  "metadata": {
    "modelo": "whisperx_medium",
    "diarizacion": "pausas",
    "dispositivo": "cuda",
    "fecha": "2026-01-25T18:24:48.525409",
    "version": "5.0_ecapa"
  }
}