{
  "archivo": "amza23_1_260124143631543_ACD_60667.wav",
  "duracion_segundos": 204.14,
  "num_segmentos": 50,
  "num_hablantes": 2,
  "hablantes": [
    "Hablante A",
    "Hablante B"
  ],
  "tiempo_por_hablante": {
    "Hablante A": 136.16,
    "Hablante B": 39.84
  },
  "idioma": "es",
  "conversacion": [
    {
      "hablante": "Hablante A",
      "inicio": 1.48,
      "fin": 2.52,
      "duracion": 1.04,
      "texto": "Hola, ¿qué tal?",
      "confianza": 0.299
    },
    {
      "hablante": "Hablante A",
      "inicio": 2.54,
      "fin": 9.75,
      "duracion": 7.21,
      "texto": "Buenas tardes.",
      "confianza": 0.753
    },
    {
      "hablante": "Hablante A",
      "inicio": 9.77,
      "fin": 10.23,
      "duracion": 0.46,
      "texto": "¿Cómo le va a Conosmar?",
      "confianza": 0.002
    },
    {
      "hablante": "Hablante A",
      "inicio": 10.26,
      "fin": 16.4,
      "duracion": 6.15,
      "texto": "Macarena es mi nombre y nos estamos contactando para brindarle una muy buena promoción en el diálogo a su línea.",
      "confianza": 0.702
    },
    {
      "hablante": "Hablante A",
      "inicio": 16.42,
      "fin": 21.35,
      "duracion": 4.93,
      "texto": "¿Ustedes también se encuentran, claro?",
      "confianza": 0.533
    },
    {
      "hablante": "Hablante A",
      "inicio": 21.37,
      "fin": 21.43,
      "duracion": 0.06,
      "texto": "Sí.",
      "confianza": 0.331
    },
    {
      "hablante": "Hablante A",
      "inicio": 22.34,
      "fin": 26.49,
      "duracion": 4.15,
      "texto": "Bien, y le consulto acerca de su plan.",
      "confianza": 0.602
    },
    {
      "hablante": "Hablante A",
      "inicio": 26.51,
      "fin": 28.69,
      "duracion": 2.18,
      "texto": "¿Qué cantidad de gigas le brinda la compañía?",
      "confianza": 0.641
    },
    {
      "hablante": "Hablante A",
      "inicio": 28.71,
      "fin": 35.62,
      "duracion": 6.91,
      "texto": "¿O cuenta con gigas de base también de regalo o solo de base?",
      "confianza": 0.751
    },
    {
      "hablante": "Hablante A",
      "inicio": 35.64,
      "fin": 36.46,
      "duracion": 0.82,
      "texto": "No, algo de solo de base.",
      "confianza": 0.114
    },
    {
      "hablante": "Hablante A",
      "inicio": 36.48,
      "fin": 43.09,
      "duracion": 6.61,
      "texto": "Bien, ¿y cuánto está volando por su línea?",
      "confianza": 0.694
    },
    {
      "hablante": "Hablante A",
      "inicio": 43.11,
      "fin": 44.01,
      "duracion": 0.9,
      "texto": "Algo de 6.400, 6.600.",
      "confianza": 0.407
    },
    {
      "hablante": "Hablante B",
      "inicio": 45.85,
      "fin": 47.63,
      "duracion": 1.78,
      "texto": "Bien, ¿y qué cantidad de gigas tiene?",
      "confianza": 0.567
    },
    {
      "hablante": "Hablante B",
      "inicio": 47.65,
      "fin": 49.78,
      "duracion": 2.12,
      "texto": "Me dijo solo de base, pero ¿qué cantidad?",
      "confianza": 0.814
    },
    {
      "hablante": "Hablante B",
      "inicio": 50.94,
      "fin": 51.74,
      "duracion": 0.8,
      "texto": "Creo que son 10.",
      "confianza": 0.423
    },
    {
      "hablante": "Hablante A",
      "inicio": 53.47,
      "fin": 66.45,
      "duracion": 12.98,
      "texto": "Bien, porque con nosotros tendría un plan de 14 GB en 6450, con todo bonificado, lo que es llamadas SMS y WhatsApp, totalmente libre.",
      "confianza": 0.648
    },
    {
      "hablante": "Hablante A",
      "inicio": 66.47,
      "fin": 67.16,
      "duracion": 0.68,
      "texto": "Con ustedes con quién, ¿con claro?",
      "confianza": 0.003
    },
    {
      "hablante": "Hablante A",
      "inicio": 67.17,
      "fin": 72.58,
      "duracion": 5.41,
      "texto": "Con Movistar.",
      "confianza": 0.649
    },
    {
      "hablante": "Hablante A",
      "inicio": 72.6,
      "fin": 72.86,
      "duracion": 0.26,
      "texto": "Con Movistar.",
      "confianza": 0.019
    },
    {
      "hablante": "Hablante A",
      "inicio": 72.88,
      "fin": 76.55,
      "duracion": 3.67,
      "texto": "Así es.",
      "confianza": 0.212
    },
    {
      "hablante": "Hablante A",
      "inicio": 76.57,
      "fin": 77.39,
      "duracion": 0.82,
      "texto": "Me escucharon y yo tuve años en Movistar.",
      "confianza": 0.01
    },
    {
      "hablante": "Hablante A",
      "inicio": 77.41,
      "fin": 78.13,
      "duracion": 0.72,
      "texto": "Tenía tres líneas Movistar.",
      "confianza": 0.083
    },
    {
      "hablante": "Hablante A",
      "inicio": 79.36,
      "fin": 93.04,
      "duracion": 13.68,
      "texto": "y sabía que todos los meses me estaban subiendo las cotas y yo no me daba cuenta y llegué a pagar hasta 30.000 pesos por cada línea.",
      "confianza": 0.687
    },
    {
      "hablante": "Hablante A",
      "inicio": 93.06,
      "fin": 104.81,
      "duracion": 11.75,
      "texto": "Y ahora resulta que tengo un montón de progresiones y me están ofreciendo un plan de 6.000 pesos cuando yo pagaba 30.000 pesos.",
      "confianza": 0.73
    },
    {
      "hablante": "Hablante A",
      "inicio": 106.11,
      "fin": 107.29,
      "duracion": 1.18,
      "texto": "¿Cómo es esto, a ver?",
      "confianza": 0.554
    },
    {
      "hablante": "Hablante A",
      "inicio": 107.59,
      "fin": 111.28,
      "duracion": 3.68,
      "texto": "Hay algo que no me cierra.",
      "confianza": 0.056
    },
    {
      "hablante": "Hablante A",
      "inicio": 111.3,
      "fin": 117.54,
      "duracion": 6.25,
      "texto": "Los figuras de Sistema Arco, este fue muy buen cliente y queremos recuperarlo brindándole esta promoción.",
      "confianza": 0.511
    },
    {
      "hablante": "Hablante A",
      "inicio": 117.56,
      "fin": 119.48,
      "duracion": 1.92,
      "texto": "Siempre fui muy buen cliente.",
      "confianza": 0.699
    },
    {
      "hablante": "Hablante A",
      "inicio": 120.27,
      "fin": 122.49,
      "duracion": 2.22,
      "texto": "Esta línea de teléfono la tengo hace 30 años.",
      "confianza": 0.648
    },
    {
      "hablante": "Hablante B",
      "inicio": 127.79,
      "fin": 135.22,
      "duracion": 7.43,
      "texto": "Siempre fui buen cliente, pero ya se estaba lanzando nuevamente y como estamos todos en el país mal,",
      "confianza": 0.678
    },
    {
      "hablante": "Hablante B",
      "inicio": 136.13,
      "fin": 143.56,
      "duracion": 7.43,
      "texto": "hubo momentos que me estaban devorando 30.000 pesos cuando yo estaba sin trabajo, sin nada y no usaba el teléfono.",
      "confianza": 0.59
    },
    {
      "hablante": "Hablante B",
      "inicio": 143.58,
      "fin": 145.1,
      "duracion": 1.52,
      "texto": "O sea, digo, me están robando.",
      "confianza": 0.545
    },
    {
      "hablante": "Hablante B",
      "inicio": 145.84,
      "fin": 148.93,
      "duracion": 3.08,
      "texto": "Eso fue literalmente lo que yo ni confiqué.",
      "confianza": 0.564
    },
    {
      "hablante": "Hablante A",
      "inicio": 150.99,
      "fin": 152.23,
      "duracion": 1.24,
      "texto": "Bien, le consulto.",
      "confianza": 0.813
    },
    {
      "hablante": "Hablante A",
      "inicio": 152.25,
      "fin": 158.62,
      "duracion": 6.37,
      "texto": "¿Usted sigue conservando las tres líneas todavía claro?",
      "confianza": 0.578
    },
    {
      "hablante": "Hablante A",
      "inicio": 158.64,
      "fin": 161.9,
      "duracion": 3.26,
      "texto": "Yo tengo mis tres líneas claras, sí.",
      "confianza": 0.195
    },
    {
      "hablante": "Hablante A",
      "inicio": 161.92,
      "fin": 164.25,
      "duracion": 2.32,
      "texto": "Bien, porque en este caso le podremos brindar",
      "confianza": 0.776
    },
    {
      "hablante": "Hablante A",
      "inicio": 164.66,
      "fin": 170.01,
      "duracion": 5.35,
      "texto": "Lo que son 4 gigas vas a cada una de las líneas respetando el mismo valor del plan, ¿sí?",
      "confianza": 0.757
    },
    {
      "hablante": "Hablante A",
      "inicio": 170.39,
      "fin": 175.26,
      "duracion": 4.87,
      "texto": "En vez de tener 14 gigas tendrían un total de 18 cada una de las líneas.",
      "confianza": 0.777
    },
    {
      "hablante": "Hablante B",
      "inicio": 178.16,
      "fin": 178.22,
      "duracion": 0.06,
      "texto": "Sí.",
      "confianza": 0.166
    },
    {
      "hablante": "Hablante B",
      "inicio": 178.24,
      "fin": 186.09,
      "duracion": 7.85,
      "texto": "Por $6,450 pesos.",
      "confianza": 0.696
    },
    {
      "hablante": "Hablante B",
      "inicio": 186.11,
      "fin": 186.83,
      "duracion": 0.72,
      "texto": "Lo tendría que hablar con mi pareja.",
      "confianza": 0.003
    },
    {
      "hablante": "Hablante B",
      "inicio": 186.85,
      "fin": 191.46,
      "duracion": 4.61,
      "texto": "Y en todo momento ella no está a bien energía, creo.",
      "confianza": 0.058
    },
    {
      "hablante": "Hablante B",
      "inicio": 191.48,
      "fin": 191.68,
      "duracion": 0.2,
      "texto": "A primero.",
      "confianza": 0.003
    },
    {
      "hablante": "Hablante B",
      "inicio": 191.7,
      "fin": 192.12,
      "duracion": 0.42,
      "texto": "Así que te agradezco.",
      "confianza": 0.0
    },
    {
      "hablante": "Hablante B",
      "inicio": 192.14,
      "fin": 192.4,
      "duracion": 0.26,
      "texto": "Te agradezco.",
      "confianza": 0.005
    },
    {
      "hablante": "Hablante B",
      "inicio": 192.42,
      "fin": 193.32,
      "duracion": 0.9,
      "texto": "No te puedo dar una respuesta a todo momento.",
      "confianza": 0.02
    },
    {
      "hablante": "Hablante A",
      "inicio": 194.85,
      "fin": 199.41,
      "duracion": 4.56,
      "texto": "Bueno, no hay problema.",
      "confianza": 0.788
    },
    {
      "hablante": "Hablante A",
      "inicio": 200.38,
      "fin": 201.93,
      "duracion": 1.55,
      "texto": "Dale, muchas gracias.",
      "confianza": 0.511
    },
    {
      "hablante": "Hablante B",
      "inicio": 203.47,
      "fin": 204.14,
      "duracion": 0.66,
      "texto": "Hasta luego.",
      "confianza": 0.684
    }
  ],
  "transcripcion_completa": "Hola, ¿qué tal? Buenas tardes. ¿Cómo le va a Conosmar? Macarena es mi nombre y nos estamos contactando para brindarle una muy buena promoción en el diálogo a su línea. ¿Ustedes también se encuentran, claro? Sí. Bien, y le consulto acerca de su plan. ¿Qué cantidad de gigas le brinda la compañía? ¿O cuenta con gigas de base también de regalo o solo de base? No, algo de solo de base. Bien, ¿y cuánto está volando por su línea? Algo de 6.400, 6.600. Bien, ¿y qué cantidad de gigas tiene? Me dijo solo de base, pero ¿qué cantidad? Creo que son 10. Bien, porque con nosotros tendría un plan de 14 GB en 6450, con todo bonificado, lo que es llamadas SMS y WhatsApp, totalmente libre. Con ustedes con quién, ¿con claro? Con Movistar. Con Movistar. Así es. Me escucharon y yo tuve años en Movistar. Tenía tres líneas Movistar. y sabía que todos los meses me estaban subiendo las cotas y yo no me daba cuenta y llegué a pagar hasta 30.000 pesos por cada línea. Y ahora resulta que tengo un montón de progresiones y me están ofreciendo un plan de 6.000 pesos cuando yo pagaba 30.000 pesos. ¿Cómo es esto, a ver? Hay algo que no me cierra. Los figuras de Sistema Arco, este fue muy buen cliente y queremos recuperarlo brindándole esta promoción. Siempre fui muy buen cliente. Esta línea de teléfono la tengo hace 30 años. Siempre fui buen cliente, pero ya se estaba lanzando nuevamente y como estamos todos en el país mal, hubo momentos que me estaban devorando 30.000 pesos cuando yo estaba sin trabajo, sin nada y no usaba el teléfono. O sea, digo, me están robando. Eso fue literalmente lo que yo ni confiqué. Bien, le consulto. ¿Usted sigue conservando las tres líneas todavía claro? Yo tengo mis tres líneas claras, sí. Bien, porque en este caso le podremos brindar Lo que son 4 gigas vas a cada una de las líneas respetando el mismo valor del plan, ¿sí? En vez de tener 14 gigas tendrían un total de 18 cada una de las líneas. Sí. Por $6,450 pesos. Lo tendría que hablar con mi pareja. Y en todo momento ella no está a bien energía, creo. A primero. Así que te agradezco. Te agradezco. No te puedo dar una respuesta a todo momento. Bueno, no hay problema. Dale, muchas gracias. Hasta luego.",
  "calidad": {
    "confianza_promedio": 0.456,
    "metodo_diarizacion": "pausas_fallback",
    "tiempo_procesamiento": 7.8
  },
  "metadata": {
    "modelo": "whisperx_medium",
    "diarizacion": "pausas",
    "dispositivo": "cuda",
    "fecha": "2026-01-26T02:06:41.317181",
    "version": "5.0_ecapa"
  }
}