{
  "archivo": "amza20_1_260120115236904_ACD_63873.wav",
  "duracion_segundos": 87.77,
  "num_segmentos": 32,
  "num_hablantes": 1,
  "hablantes": [
    "Hablante A"
  ],
  "tiempo_por_hablante": {
    "Hablante A": 81.53
  },
  "idioma": "es",
  "conversacion": [
    {
      "hablante": "Hablante A",
      "inicio": 0.03,
      "fin": 4.34,
      "duracion": 4.31,
      "texto": "Hola, ¿buen día, Genovea?",
      "confianza": 0.069
    },
    {
      "hablante": "Hablante A",
      "inicio": 4.36,
      "fin": 4.42,
      "duracion": 0.06,
      "texto": "Sí.",
      "confianza": 0.112
    },
    {
      "hablante": "Hablante A",
      "inicio": 4.44,
      "fin": 5.28,
      "duracion": 0.84,
      "texto": "¿Cómo te va, Genovea?",
      "confianza": 0.47
    },
    {
      "hablante": "Hablante A",
      "inicio": 5.3,
      "fin": 7.54,
      "duracion": 2.24,
      "texto": "Tomate mi nombre, me comunico de la área de beneficio en Movistar.",
      "confianza": 0.559
    },
    {
      "hablante": "Hablante A",
      "inicio": 8.0,
      "fin": 11.85,
      "duracion": 3.85,
      "texto": "Perfectamente, cuenta en claro, ¿correcto?",
      "confianza": 0.689
    },
    {
      "hablante": "Hablante A",
      "inicio": 11.87,
      "fin": 11.93,
      "duracion": 0.06,
      "texto": "Sí.",
      "confianza": 0.056
    },
    {
      "hablante": "Hablante A",
      "inicio": 11.95,
      "fin": 14.57,
      "duracion": 2.62,
      "texto": "Bien, pero te quería mejorar el plan que tenías exactamente con tu línea, ¿sí?",
      "confianza": 0.628
    },
    {
      "hablante": "Hablante A",
      "inicio": 14.6,
      "fin": 20.55,
      "duracion": 5.95,
      "texto": "¿Vuestas en claro con abono o con prepago, actualmente?",
      "confianza": 0.683
    },
    {
      "hablante": "Hablante A",
      "inicio": 20.66,
      "fin": 21.0,
      "duracion": 0.34,
      "texto": "Con abono.",
      "confianza": 0.258
    },
    {
      "hablante": "Hablante A",
      "inicio": 21.03,
      "fin": 21.33,
      "duracion": 0.3,
      "texto": "Bien, perfecto.",
      "confianza": 0.059
    },
    {
      "hablante": "Hablante A",
      "inicio": 21.35,
      "fin": 24.99,
      "duracion": 3.65,
      "texto": "¿Conozco mucho internet en la línea o no le suele dar mucho interés a lo que es el teléfono?",
      "confianza": 0.657
    },
    {
      "hablante": "Hablante A",
      "inicio": 26.42,
      "fin": 38.5,
      "duracion": 12.08,
      "texto": "Mira, lo que me ocurre es que yo me pasé a claro porque yo vivo en la zona de Costa de Araujo, en el departamento de la Valle, y no hay buena señal.",
      "confianza": 0.726
    },
    {
      "hablante": "Hablante A",
      "inicio": 38.58,
      "fin": 42.55,
      "duracion": 3.97,
      "texto": "Ustedes no tienen, me quedaba sin señal de ustedes.",
      "confianza": 0.792
    },
    {
      "hablante": "Hablante A",
      "inicio": 43.17,
      "fin": 45.95,
      "duracion": 2.78,
      "texto": "Entonces, por eso decidí pasarme a claro.",
      "confianza": 0.903
    },
    {
      "hablante": "Hablante A",
      "inicio": 46.21,
      "fin": 52.0,
      "duracion": 5.79,
      "texto": "Sé que había inconveniente con una antena que tenían y no tenía buena señal.",
      "confianza": 0.818
    },
    {
      "hablante": "Hablante A",
      "inicio": 52.02,
      "fin": 54.74,
      "duracion": 2.72,
      "texto": "Así que por eso me cambié a claro.",
      "confianza": 0.77
    },
    {
      "hablante": "Hablante A",
      "inicio": 55.63,
      "fin": 56.8,
      "duracion": 1.16,
      "texto": "Bien, perfecto.",
      "confianza": 0.418
    },
    {
      "hablante": "Hablante A",
      "inicio": 56.81,
      "fin": 57.4,
      "duracion": 0.58,
      "texto": "Bueno, mirá.",
      "confianza": 0.253
    },
    {
      "hablante": "Hablante A",
      "inicio": 57.42,
      "fin": 64.55,
      "duracion": 7.13,
      "texto": "Actualmente he hecho las averiguaciones y todavía no está llegando bien Movistar.",
      "confianza": 0.793
    },
    {
      "hablante": "Hablante A",
      "inicio": 65.14,
      "fin": 68.87,
      "duracion": 3.73,
      "texto": "Porque yo fui cliente de ustedes alrededor de 20 años, mucho tiempo.",
      "confianza": 0.784
    },
    {
      "hablante": "Hablante A",
      "inicio": 68.91,
      "fin": 71.19,
      "duracion": 2.28,
      "texto": "Y después decidí campearme por ese motivo.",
      "confianza": 0.771
    },
    {
      "hablante": "Hablante A",
      "inicio": 71.91,
      "fin": 77.86,
      "duracion": 5.95,
      "texto": "Porque no tenía buena comunicación.",
      "confianza": 0.819
    },
    {
      "hablante": "Hablante A",
      "inicio": 77.88,
      "fin": 80.22,
      "duracion": 2.34,
      "texto": "Claro.",
      "confianza": 0.518
    },
    {
      "hablante": "Hablante A",
      "inicio": 80.24,
      "fin": 80.42,
      "duracion": 0.18,
      "texto": "Perfecto.",
      "confianza": 0.0
    },
    {
      "hablante": "Hablante A",
      "inicio": 80.44,
      "fin": 80.62,
      "duracion": 0.18,
      "texto": "Entiendo.",
      "confianza": 0.0
    },
    {
      "hablante": "Hablante A",
      "inicio": 80.64,
      "fin": 81.41,
      "duracion": 0.76,
      "texto": "Entonces, bueno, no te hagas problema.",
      "confianza": 0.0
    },
    {
      "hablante": "Hablante A",
      "inicio": 81.42,
      "fin": 82.17,
      "duracion": 0.74,
      "texto": "Te la dejo a Mercedes Ascensión.",
      "confianza": 0.038
    },
    {
      "hablante": "Hablante A",
      "inicio": 82.19,
      "fin": 82.87,
      "duracion": 0.68,
      "texto": "Gracias.",
      "confianza": 0.553
    },
    {
      "hablante": "Hablante A",
      "inicio": 82.89,
      "fin": 83.27,
      "duracion": 0.38,
      "texto": "Eso me lo mando yo.",
      "confianza": 0.004
    },
    {
      "hablante": "Hablante A",
      "inicio": 83.29,
      "fin": 84.79,
      "duracion": 1.5,
      "texto": "Igualmente, muchas gracias.",
      "confianza": 0.862
    },
    {
      "hablante": "Hablante A",
      "inicio": 84.87,
      "fin": 85.59,
      "duracion": 0.72,
      "texto": "Adiós.",
      "confianza": 0.688
    },
    {
      "hablante": "Hablante A",
      "inicio": 86.11,
      "fin": 87.77,
      "duracion": 1.66,
      "texto": "No.",
      "confianza": 0.524
    }
  ],
  "transcripcion_completa": "Hola, ¿buen día, Genovea? Sí. ¿Cómo te va, Genovea? Tomate mi nombre, me comunico de la área de beneficio en Movistar. Perfectamente, cuenta en claro, ¿correcto? Sí. Bien, pero te quería mejorar el plan que tenías exactamente con tu línea, ¿sí? ¿Vuestas en claro con abono o con prepago, actualmente? Con abono. Bien, perfecto. ¿Conozco mucho internet en la línea o no le suele dar mucho interés a lo que es el teléfono? Mira, lo que me ocurre es que yo me pasé a claro porque yo vivo en la zona de Costa de Araujo, en el departamento de la Valle, y no hay buena señal. Ustedes no tienen, me quedaba sin señal de ustedes. Entonces, por eso decidí pasarme a claro. Sé que había inconveniente con una antena que tenían y no tenía buena señal. Así que por eso me cambié a claro. Bien, perfecto. Bueno, mirá. Actualmente he hecho las averiguaciones y todavía no está llegando bien Movistar. Porque yo fui cliente de ustedes alrededor de 20 años, mucho tiempo. Y después decidí campearme por ese motivo. Porque no tenía buena comunicación. Claro. Perfecto. Entiendo. Entonces, bueno, no te hagas problema. Te la dejo a Mercedes Ascensión. Gracias. Eso me lo mando yo. Igualmente, muchas gracias. Adiós. No.",
  "calidad": {
    "confianza_promedio": 0.527,
    "metodo_diarizacion": "pausas_fallback",
    "tiempo_procesamiento": 5.5
  },
  "metadata": {
    "modelo": "whisperx_medium",
    "diarizacion": "pausas",
    "dispositivo": "cuda",
    "fecha": "2026-01-25T17:51:18.875754",
    "version": "5.0_ecapa"
  }
}