{
  "archivo": "amza22_1_260124135623460_MIT_01997.wav",
  "duracion_segundos": 177.0,
  "num_segmentos": 39,
  "num_hablantes": 2,
  "hablantes": [
    "Hablante A",
    "Hablante B"
  ],
  "tiempo_por_hablante": {
    "Hablante A": 91.1,
    "Hablante B": 36.82
  },
  "idioma": "es",
  "conversacion": [
    {
      "hablante": "Hablante A",
      "inicio": 0.03,
      "fin": 16.59,
      "duracion": 16.56,
      "texto": "Hola, buenas tardes.",
      "confianza": 0.352
    },
    {
      "hablante": "Hablante A",
      "inicio": 16.97,
      "fin": 18.85,
      "duracion": 1.88,
      "texto": "¿Me escuchas, Alejo?",
      "confianza": 0.728
    },
    {
      "hablante": "Hablante A",
      "inicio": 18.87,
      "fin": 19.55,
      "duracion": 0.68,
      "texto": "Sí, sí, te escucho.",
      "confianza": 0.293
    },
    {
      "hablante": "Hablante A",
      "inicio": 19.57,
      "fin": 20.85,
      "duracion": 1.28,
      "texto": "Bien, perfecto, dale, mira.",
      "confianza": 0.74
    },
    {
      "hablante": "Hablante A",
      "inicio": 21.25,
      "fin": 28.1,
      "duracion": 6.85,
      "texto": "Entonces, ahora te realizaría lo que sería el cierre comercial de lo que ya hablamos por WhatsApp de la promoción que a vos interesa, ¿viste?",
      "confianza": 0.719
    },
    {
      "hablante": "Hablante A",
      "inicio": 28.9,
      "fin": 29.46,
      "duracion": 0.56,
      "texto": "Entonces,",
      "confianza": 0.83
    },
    {
      "hablante": "Hablante A",
      "inicio": 29.82,
      "fin": 35.72,
      "duracion": 5.91,
      "texto": "La promo era los ocho gigas más los diez el regalo por ocho mil pesos, era esa, ¿correcto?",
      "confianza": 0.626
    },
    {
      "hablante": "Hablante A",
      "inicio": 35.74,
      "fin": 38.05,
      "duracion": 2.3,
      "texto": "Bien, entonces te voy a hacer el cierre comercial.",
      "confianza": 0.455
    },
    {
      "hablante": "Hablante A",
      "inicio": 38.53,
      "fin": 48.42,
      "duracion": 9.89,
      "texto": "Bien, mira, primero te digo que te va a llegar un mensajito en el remitente más 223 y esto para verificar que tu línea está activa y para avisar ya claro que vos te estás portando para otra compañía, ¿bien?",
      "confianza": 0.701
    },
    {
      "hablante": "Hablante A",
      "inicio": 48.44,
      "fin": 49.32,
      "duracion": 0.88,
      "texto": "Nada más que para eso.",
      "confianza": 0.63
    },
    {
      "hablante": "Hablante A",
      "inicio": 50.08,
      "fin": 54.14,
      "duracion": 4.06,
      "texto": "Yo ahora lo pido y ya te digo cuando te vais a llegar, ¿bien?",
      "confianza": 0.695
    },
    {
      "hablante": "Hablante A",
      "inicio": 54.16,
      "fin": 55.79,
      "duracion": 1.62,
      "texto": "Ahora te voy a dar el cierre comercial.",
      "confianza": 0.537
    },
    {
      "hablante": "Hablante A",
      "inicio": 55.85,
      "fin": 58.81,
      "duracion": 2.96,
      "texto": "Bien, entonces, estamos portando la línea",
      "confianza": 0.81
    },
    {
      "hablante": "Hablante A",
      "inicio": 59.2,
      "fin": 67.08,
      "duracion": 7.89,
      "texto": "tuya de 2616-3189-38 a nombre y apellido del titular Víctor Jesús Maidana.",
      "confianza": 0.704
    },
    {
      "hablante": "Hablante A",
      "inicio": 67.1,
      "fin": 71.45,
      "duracion": 4.35,
      "texto": "¿Es correcto esto?",
      "confianza": 0.661
    },
    {
      "hablante": "Hablante A",
      "inicio": 71.47,
      "fin": 71.73,
      "duracion": 0.26,
      "texto": "No, es Alejo.",
      "confianza": 0.0
    },
    {
      "hablante": "Hablante A",
      "inicio": 71.75,
      "fin": 74.09,
      "duracion": 2.34,
      "texto": "No, no, pero tu papá.",
      "confianza": 0.562
    },
    {
      "hablante": "Hablante A",
      "inicio": 74.11,
      "fin": 76.74,
      "duracion": 2.62,
      "texto": "Porque el titular es tu papá.",
      "confianza": 0.246
    },
    {
      "hablante": "Hablante A",
      "inicio": 76.76,
      "fin": 76.98,
      "duracion": 0.22,
      "texto": "Sí, es ese.",
      "confianza": 0.008
    },
    {
      "hablante": "Hablante A",
      "inicio": 77.0,
      "fin": 82.22,
      "duracion": 5.23,
      "texto": "Bien, me confirmas por favor los últimos tres dígitos de su DNI de tu papá.",
      "confianza": 0.578
    },
    {
      "hablante": "Hablante B",
      "inicio": 87.23,
      "fin": 87.65,
      "duracion": 0.42,
      "texto": "Para eso no me lo sé.",
      "confianza": 0.011
    },
    {
      "hablante": "Hablante B",
      "inicio": 87.67,
      "fin": 88.51,
      "duracion": 0.84,
      "texto": "Tenés el DNI de él.",
      "confianza": 0.504
    },
    {
      "hablante": "Hablante B",
      "inicio": 89.6,
      "fin": 94.15,
      "duracion": 4.55,
      "texto": "No, no lo tengo, pero ¿para qué lo busco?",
      "confianza": 0.372
    },
    {
      "hablante": "Hablante B",
      "inicio": 94.17,
      "fin": 95.41,
      "duracion": 1.24,
      "texto": "Debo tenerlo en un chat.",
      "confianza": 0.06
    },
    {
      "hablante": "Hablante B",
      "inicio": 95.43,
      "fin": 97.65,
      "duracion": 2.22,
      "texto": "Pensé que vos lo tenías, igual.",
      "confianza": 0.173
    },
    {
      "hablante": "Hablante B",
      "inicio": 97.67,
      "fin": 99.61,
      "duracion": 1.94,
      "texto": "Sí, sí, lo tengo, pero te lo tengo que preguntar.",
      "confianza": 0.724
    },
    {
      "hablante": "Hablante B",
      "inicio": 100.64,
      "fin": 104.54,
      "duracion": 3.91,
      "texto": "A ver, para que vos digas los últimos tres dígitos, te lo tengo que consultar a eso.",
      "confianza": 0.609
    },
    {
      "hablante": "Hablante B",
      "inicio": 105.14,
      "fin": 107.75,
      "duracion": 2.6,
      "texto": "Nada más.",
      "confianza": 0.55
    },
    {
      "hablante": "Hablante B",
      "inicio": 107.77,
      "fin": 116.28,
      "duracion": 8.51,
      "texto": "Dale, si vos tenéis la fotito del frente de Orsel de Neidell, por favor, porque lo buscamos y sale como medio cortada la foto.",
      "confianza": 0.682
    },
    {
      "hablante": "Hablante B",
      "inicio": 116.86,
      "fin": 118.92,
      "duracion": 2.06,
      "texto": "Entonces, si vos me lo podrías pasar,",
      "confianza": 0.776
    },
    {
      "hablante": "Hablante B",
      "inicio": 119.34,
      "fin": 122.67,
      "duracion": 3.33,
      "texto": "Bueno dale, dame un segundo.",
      "confianza": 0.45
    },
    {
      "hablante": "Hablante B",
      "inicio": 122.69,
      "fin": 124.58,
      "duracion": 1.89,
      "texto": "¿Me cortas o cómo hacemos?",
      "confianza": 0.501
    },
    {
      "hablante": "Hablante B",
      "inicio": 124.6,
      "fin": 125.26,
      "duracion": 0.66,
      "texto": "Como vos quieras.",
      "confianza": 0.769
    },
    {
      "hablante": "Hablante B",
      "inicio": 126.41,
      "fin": 127.65,
      "duracion": 1.24,
      "texto": "Bueno, dale un segundo, no corte.",
      "confianza": 0.55
    },
    {
      "hablante": "Hablante B",
      "inicio": 127.67,
      "fin": 129.08,
      "duracion": 1.41,
      "texto": "Dale, no hay problema.",
      "confianza": 0.536
    },
    {
      "hablante": "Hablante A",
      "inicio": 163.8,
      "fin": 166.85,
      "duracion": 3.05,
      "texto": "Ale, ¿me escuchabas?",
      "confianza": 0.298
    },
    {
      "hablante": "Hablante A",
      "inicio": 166.87,
      "fin": 172.27,
      "duracion": 5.4,
      "texto": "Mira, te lo voy a cortar, voy a cargar una cosita que justo me llegó y ya te llamamos, ¿sabes?",
      "confianza": 0.707
    },
    {
      "hablante": "Hablante A",
      "inicio": 172.67,
      "fin": 175.9,
      "duracion": 3.23,
      "texto": "Trae dos minutos, o mientras velo, porfa.",
      "confianza": 0.519
    },
    {
      "hablante": "Hablante A",
      "inicio": 175.92,
      "fin": 177.0,
      "duracion": 1.08,
      "texto": "Vale, joder, gracias.",
      "confianza": 0.425
    }
  ],
  "transcripcion_completa": "Hola, buenas tardes. ¿Me escuchas, Alejo? Sí, sí, te escucho. Bien, perfecto, dale, mira. Entonces, ahora te realizaría lo que sería el cierre comercial de lo que ya hablamos por WhatsApp de la promoción que a vos interesa, ¿viste? Entonces, La promo era los ocho gigas más los diez el regalo por ocho mil pesos, era esa, ¿correcto? Bien, entonces te voy a hacer el cierre comercial. Bien, mira, primero te digo que te va a llegar un mensajito en el remitente más 223 y esto para verificar que tu línea está activa y para avisar ya claro que vos te estás portando para otra compañía, ¿bien? Nada más que para eso. Yo ahora lo pido y ya te digo cuando te vais a llegar, ¿bien? Ahora te voy a dar el cierre comercial. Bien, entonces, estamos portando la línea tuya de 2616-3189-38 a nombre y apellido del titular Víctor Jesús Maidana. ¿Es correcto esto? No, es Alejo. No, no, pero tu papá. Porque el titular es tu papá. Sí, es ese. Bien, me confirmas por favor los últimos tres dígitos de su DNI de tu papá. Para eso no me lo sé. Tenés el DNI de él. No, no lo tengo, pero ¿para qué lo busco? Debo tenerlo en un chat. Pensé que vos lo tenías, igual. Sí, sí, lo tengo, pero te lo tengo que preguntar. A ver, para que vos digas los últimos tres dígitos, te lo tengo que consultar a eso. Nada más. Dale, si vos tenéis la fotito del frente de Orsel de Neidell, por favor, porque lo buscamos y sale como medio cortada la foto. Entonces, si vos me lo podrías pasar, Bueno dale, dame un segundo. ¿Me cortas o cómo hacemos? Como vos quieras. Bueno, dale un segundo, no corte. Dale, no hay problema. Ale, ¿me escuchabas? Mira, te lo voy a cortar, voy a cargar una cosita que justo me llegó y ya te llamamos, ¿sabes? Trae dos minutos, o mientras velo, porfa. Vale, joder, gracias.",
  "calidad": {
    "confianza_promedio": 0.529,
    "metodo_diarizacion": "pausas_fallback",
    "tiempo_procesamiento": 6.9
  },
  "metadata": {
    "modelo": "whisperx_medium",
    "diarizacion": "pausas",
    "dispositivo": "cuda",
    "fecha": "2026-01-26T02:01:44.624621",
    "version": "5.0_ecapa"
  }
}