{
  "archivo": "amza24_1_260121120708519_ACD_57453.wav",
  "duracion_segundos": 1013.72,
  "num_segmentos": 257,
  "num_hablantes": 2,
  "hablantes": [
    "Hablante A",
    "Hablante B"
  ],
  "tiempo_por_hablante": {
    "Hablante A": 596.04,
    "Hablante B": 300.38
  },
  "idioma": "es",
  "conversacion": [
    {
      "hablante": "Hablante A",
      "inicio": 0.03,
      "fin": 2.67,
      "duracion": 2.64,
      "texto": "Hola.",
      "confianza": 0.434
    },
    {
      "hablante": "Hablante A",
      "inicio": 2.69,
      "fin": 3.62,
      "duracion": 0.92,
      "texto": "Hola, ¿sí?",
      "confianza": 0.3
    },
    {
      "hablante": "Hablante A",
      "inicio": 3.64,
      "fin": 4.26,
      "duracion": 0.62,
      "texto": "Hola, ¿cómo estás?",
      "confianza": 0.445
    },
    {
      "hablante": "Hablante A",
      "inicio": 4.28,
      "fin": 4.94,
      "duracion": 0.66,
      "texto": "Buenos días.",
      "confianza": 0.748
    },
    {
      "hablante": "Hablante A",
      "inicio": 4.96,
      "fin": 7.78,
      "duracion": 2.82,
      "texto": "¿Hablo con Ángel?",
      "confianza": 0.782
    },
    {
      "hablante": "Hablante A",
      "inicio": 7.8,
      "fin": 8.7,
      "duracion": 0.9,
      "texto": "¿Con la línea de Ángel, perdón?",
      "confianza": 0.161
    },
    {
      "hablante": "Hablante B",
      "inicio": 10.54,
      "fin": 10.61,
      "duracion": 0.06,
      "texto": "Sí.",
      "confianza": 0.019
    },
    {
      "hablante": "Hablante B",
      "inicio": 10.62,
      "fin": 10.93,
      "duracion": 0.3,
      "texto": "Bien.",
      "confianza": 0.713
    },
    {
      "hablante": "Hablante B",
      "inicio": 10.95,
      "fin": 12.43,
      "duracion": 1.48,
      "texto": "¿Es usted usuaria de esta línea?",
      "confianza": 0.71
    },
    {
      "hablante": "Hablante B",
      "inicio": 12.45,
      "fin": 14.47,
      "duracion": 2.02,
      "texto": "¿Puede tomar decisiones sobre esta línea?",
      "confianza": 0.703
    },
    {
      "hablante": "Hablante A",
      "inicio": 18.36,
      "fin": 24.24,
      "duracion": 5.89,
      "texto": "En realidad, o sea, la línea está el nombre de él, pero es el celular de mi hijo.",
      "confianza": 0.326
    },
    {
      "hablante": "Hablante A",
      "inicio": 24.26,
      "fin": 24.46,
      "duracion": 0.2,
      "texto": "¿Qué pasó?",
      "confianza": 0.032
    },
    {
      "hablante": "Hablante A",
      "inicio": 24.48,
      "fin": 25.16,
      "duracion": 0.68,
      "texto": "Ah, bien.",
      "confianza": 0.638
    },
    {
      "hablante": "Hablante A",
      "inicio": 25.18,
      "fin": 26.37,
      "duracion": 1.18,
      "texto": "Mi nombre es Ausina.",
      "confianza": 0.649
    },
    {
      "hablante": "Hablante A",
      "inicio": 26.39,
      "fin": 29.75,
      "duracion": 3.37,
      "texto": "Me estoy comunicando de la línea de recupero de clientes Movistar.",
      "confianza": 0.664
    },
    {
      "hablante": "Hablante A",
      "inicio": 30.32,
      "fin": 36.19,
      "duracion": 5.87,
      "texto": "Nos figura que actualmente ustedes están en claro, ¿sí?",
      "confianza": 0.644
    },
    {
      "hablante": "Hablante A",
      "inicio": 36.21,
      "fin": 36.27,
      "duracion": 0.06,
      "texto": "Sí.",
      "confianza": 0.001
    },
    {
      "hablante": "Hablante A",
      "inicio": 36.29,
      "fin": 36.39,
      "duracion": 0.1,
      "texto": "Bien.",
      "confianza": 0.118
    },
    {
      "hablante": "Hablante A",
      "inicio": 36.41,
      "fin": 37.19,
      "duracion": 0.78,
      "texto": "Le cuento.",
      "confianza": 0.863
    },
    {
      "hablante": "Hablante A",
      "inicio": 37.25,
      "fin": 44.64,
      "duracion": 7.39,
      "texto": "Nos estábamos comunicando de la idea de Recupero porque tenemos promociones exclusivas que son para aquellos clientes que han entrado en la compañía.",
      "confianza": 0.646
    },
    {
      "hablante": "Hablante A",
      "inicio": 45.56,
      "fin": 48.0,
      "duracion": 2.44,
      "texto": "En este caso, tengo para brindarle lo que es un plan.",
      "confianza": 0.69
    },
    {
      "hablante": "Hablante A",
      "inicio": 48.02,
      "fin": 52.93,
      "duracion": 4.91,
      "texto": "De 8 días de base, más 10 de regalo, van a ser 18 días en total.",
      "confianza": 0.712
    },
    {
      "hablante": "Hablante A",
      "inicio": 53.75,
      "fin": 59.84,
      "duracion": 6.09,
      "texto": "WhatsApp gratis, a más libres a todas las compañías, inclusive los 0800 y 0810.",
      "confianza": 0.715
    },
    {
      "hablante": "Hablante A",
      "inicio": 60.16,
      "fin": 66.21,
      "duracion": 6.05,
      "texto": "a un precio final de ocho mil pesos.",
      "confianza": 0.602
    },
    {
      "hablante": "Hablante A",
      "inicio": 66.23,
      "fin": 73.64,
      "duracion": 7.41,
      "texto": "Además van a tener cuatro gigas extras para cada una de las líneas por ser más de una línea a las que se pasen a movistar.",
      "confianza": 0.751
    },
    {
      "hablante": "Hablante A",
      "inicio": 73.76,
      "fin": 76.36,
      "duracion": 2.6,
      "texto": "Esos cuatro gigas son por tiempo indeterminado.",
      "confianza": 0.812
    },
    {
      "hablante": "Hablante A",
      "inicio": 76.48,
      "fin": 84.26,
      "duracion": 7.77,
      "texto": "Que mientras estén con movistar, más de dos líneas tienen esos cuatro gigas extras.",
      "confianza": 0.66
    },
    {
      "hablante": "Hablante A",
      "inicio": 84.64,
      "fin": 100.03,
      "duracion": 15.38,
      "texto": "Bien, en este caso el trámite es súper sencillo, simplemente verificamos los datos que tenemos cargados en el sistema y le enviamos los chips a la sucursal más cerquita a su domicilio o a su domicilio laboral donde le quede más cómodo recibirlo.",
      "confianza": 0.736
    },
    {
      "hablante": "Hablante A",
      "inicio": 100.05,
      "fin": 101.71,
      "duracion": 1.66,
      "texto": "Bien.",
      "confianza": 0.325
    },
    {
      "hablante": "Hablante A",
      "inicio": 101.73,
      "fin": 111.12,
      "duracion": 9.39,
      "texto": "Claro, el tema es... Decime.",
      "confianza": 0.114
    },
    {
      "hablante": "Hablante A",
      "inicio": 111.14,
      "fin": 112.1,
      "duracion": 0.96,
      "texto": "Que yo, o sea, mi hijo sí quiere tener novistad.",
      "confianza": 0.001
    },
    {
      "hablante": "Hablante A",
      "inicio": 112.12,
      "fin": 112.18,
      "duracion": 0.06,
      "texto": "Sí.",
      "confianza": 0.006
    },
    {
      "hablante": "Hablante A",
      "inicio": 112.2,
      "fin": 112.52,
      "duracion": 0.32,
      "texto": "Pero su papá no.",
      "confianza": 0.015
    },
    {
      "hablante": "Hablante A",
      "inicio": 112.54,
      "fin": 112.62,
      "duracion": 0.08,
      "texto": "Ajá.",
      "confianza": 0.022
    },
    {
      "hablante": "Hablante A",
      "inicio": 112.64,
      "fin": 112.94,
      "duracion": 0.3,
      "texto": "Ese es el tema.",
      "confianza": 0.053
    },
    {
      "hablante": "Hablante A",
      "inicio": 113.48,
      "fin": 113.7,
      "duracion": 0.22,
      "texto": "Claro.",
      "confianza": 0.356
    },
    {
      "hablante": "Hablante A",
      "inicio": 113.78,
      "fin": 117.93,
      "duracion": 4.15,
      "texto": "Eso le tendría que preguntar a él.",
      "confianza": 0.542
    },
    {
      "hablante": "Hablante A",
      "inicio": 117.95,
      "fin": 118.01,
      "duracion": 0.06,
      "texto": "Sí.",
      "confianza": 0.099
    },
    {
      "hablante": "Hablante A",
      "inicio": 118.03,
      "fin": 119.85,
      "duracion": 1.82,
      "texto": "Y se quiere pasar a molestar.",
      "confianza": 0.618
    },
    {
      "hablante": "Hablante B",
      "inicio": 124.0,
      "fin": 130.89,
      "duracion": 6.89,
      "texto": "Y ahí sí, porque me había comentado que eran más sigas porque la había visto.",
      "confianza": 0.615
    },
    {
      "hablante": "Hablante B",
      "inicio": 130.91,
      "fin": 130.97,
      "duracion": 0.06,
      "texto": "Sí.",
      "confianza": 0.402
    },
    {
      "hablante": "Hablante B",
      "inicio": 131.77,
      "fin": 140.72,
      "duracion": 8.95,
      "texto": "Que eran más sigas porque la verdad que eso, o sea, él tiene claro.",
      "confianza": 0.697
    },
    {
      "hablante": "Hablante B",
      "inicio": 140.74,
      "fin": 140.8,
      "duracion": 0.06,
      "texto": "Sí.",
      "confianza": 0.042
    },
    {
      "hablante": "Hablante B",
      "inicio": 140.82,
      "fin": 142.0,
      "duracion": 1.18,
      "texto": "Y yo tengo personal.",
      "confianza": 0.516
    },
    {
      "hablante": "Hablante B",
      "inicio": 142.68,
      "fin": 143.08,
      "duracion": 0.4,
      "texto": "Ajá.",
      "confianza": 0.676
    },
    {
      "hablante": "Hablante B",
      "inicio": 144.19,
      "fin": 155.83,
      "duracion": 11.63,
      "texto": "a nosotros que no les pago, pero es mucho lo que aparte de lo que pago de líneas más lo que hace.",
      "confianza": 0.627
    },
    {
      "hablante": "Hablante A",
      "inicio": 157.51,
      "fin": 160.69,
      "duracion": 3.18,
      "texto": "Entonces, decime en cuanto quedaría.",
      "confianza": 0.677
    },
    {
      "hablante": "Hablante A",
      "inicio": 161.49,
      "fin": 167.94,
      "duracion": 6.45,
      "texto": "Y las dos líneas quedarían en 16 mil pesos, son dos o tres líneas, no porque me dice",
      "confianza": 0.791
    },
    {
      "hablante": "Hablante A",
      "inicio": 168.95,
      "fin": 173.62,
      "duracion": 4.67,
      "texto": "A mí me figuran acá tres, una que termine en 836, otra en 522 y en la que me estoy comunicando en 424.",
      "confianza": 0.475
    },
    {
      "hablante": "Hablante A",
      "inicio": 173.63,
      "fin": 174.72,
      "duracion": 1.08,
      "texto": "La otra es de la pareja del papá de mi hijo.",
      "confianza": 0.237
    },
    {
      "hablante": "Hablante A",
      "inicio": 174.76,
      "fin": 175.22,
      "duracion": 0.46,
      "texto": "Ah, bien.",
      "confianza": 0.509
    },
    {
      "hablante": "Hablante A",
      "inicio": 175.24,
      "fin": 175.82,
      "duracion": 0.58,
      "texto": "Entonces esa no.",
      "confianza": 0.705
    },
    {
      "hablante": "Hablante A",
      "inicio": 175.98,
      "fin": 176.54,
      "duracion": 0.56,
      "texto": "No, esa no.",
      "confianza": 0.433
    },
    {
      "hablante": "Hablante B",
      "inicio": 187.13,
      "fin": 187.23,
      "duracion": 0.1,
      "texto": "Bien.",
      "confianza": 0.018
    },
    {
      "hablante": "Hablante B",
      "inicio": 187.25,
      "fin": 190.75,
      "duracion": 3.5,
      "texto": "Entonces ¿serían dónde quedarían en 16 mil pesos las dos líneas?",
      "confianza": 0.613
    },
    {
      "hablante": "Hablante B",
      "inicio": 191.47,
      "fin": 195.38,
      "duracion": 3.9,
      "texto": "Con 18 gigas en realidad le van a quedar los primeros seis meses 22 gigas.",
      "confianza": 0.685
    },
    {
      "hablante": "Hablante A",
      "inicio": 197.91,
      "fin": 203.29,
      "duracion": 5.39,
      "texto": "Yo lo que te puedo decir es que si quieres llamar al que termina en 22.",
      "confianza": 0.687
    },
    {
      "hablante": "Hablante B",
      "inicio": 205.3,
      "fin": 205.36,
      "duracion": 0.06,
      "texto": "Sí.",
      "confianza": 0.008
    },
    {
      "hablante": "Hablante B",
      "inicio": 205.38,
      "fin": 209.06,
      "duracion": 3.69,
      "texto": "Pero no ahora, porque él ahora en este momento está trabajando.",
      "confianza": 0.821
    },
    {
      "hablante": "Hablante B",
      "inicio": 209.08,
      "fin": 211.53,
      "duracion": 2.44,
      "texto": "Vale.",
      "confianza": 0.216
    },
    {
      "hablante": "Hablante B",
      "inicio": 211.55,
      "fin": 213.39,
      "duracion": 1.84,
      "texto": "Él tiene libre 2 a 3.",
      "confianza": 0.656
    },
    {
      "hablante": "Hablante B",
      "inicio": 214.15,
      "fin": 216.01,
      "duracion": 1.86,
      "texto": "Y comentarle a él.",
      "confianza": 0.879
    },
    {
      "hablante": "Hablante B",
      "inicio": 216.71,
      "fin": 217.57,
      "duracion": 0.86,
      "texto": "Bien.",
      "confianza": 0.876
    },
    {
      "hablante": "Hablante B",
      "inicio": 217.59,
      "fin": 218.25,
      "duracion": 0.66,
      "texto": "Perfecto.",
      "confianza": 0.243
    },
    {
      "hablante": "Hablante B",
      "inicio": 218.28,
      "fin": 218.8,
      "duracion": 0.52,
      "texto": "Si quiere.",
      "confianza": 0.401
    },
    {
      "hablante": "Hablante B",
      "inicio": 219.5,
      "fin": 226.45,
      "duracion": 6.95,
      "texto": "O si quiere, lo que yo puedo hacer, si vos verificas los datos que se puede pasar,",
      "confianza": 0.676
    },
    {
      "hablante": "Hablante B",
      "inicio": 226.75,
      "fin": 239.21,
      "duracion": 12.46,
      "texto": "Yo a él le puedo mandar un mensaje por WhatsApp y si vos querés me llamas dentro un ratito y yo te confirmo a ver qué es lo que me dice él.",
      "confianza": 0.471
    },
    {
      "hablante": "Hablante B",
      "inicio": 239.23,
      "fin": 244.69,
      "duracion": 5.47,
      "texto": "Dale, yo te envía, te voy a mandar un mensajito de WhatsApp ahora para que vos tengas mi número.",
      "confianza": 0.503
    },
    {
      "hablante": "Hablante B",
      "inicio": 245.15,
      "fin": 252.26,
      "duracion": 7.11,
      "texto": "Te voy a mandar si, bueno, en el caso de que quieran hacer el trámite, no hay problema que lo haga con vos, te llamo a vos.",
      "confianza": 0.659
    },
    {
      "hablante": "Hablante B",
      "inicio": 252.73,
      "fin": 258.1,
      "duracion": 5.37,
      "texto": "Pero sí voy a necesitar que me envíen, digamos, la documentación correspondiente para poder iniciar el trámite.",
      "confianza": 0.732
    },
    {
      "hablante": "Hablante B",
      "inicio": 258.12,
      "fin": 258.98,
      "duracion": 0.86,
      "texto": "¿Bien?",
      "confianza": 0.728
    },
    {
      "hablante": "Hablante B",
      "inicio": 260.08,
      "fin": 269.02,
      "duracion": 8.93,
      "texto": "¿Vos en este momento podés chequear quién se puede pasar a movistar y eso?",
      "confianza": 0.236
    },
    {
      "hablante": "Hablante B",
      "inicio": 269.04,
      "fin": 275.9,
      "duracion": 6.87,
      "texto": "Sí, aguardame un momento.",
      "confianza": 0.222
    },
    {
      "hablante": "Hablante B",
      "inicio": 275.93,
      "fin": 276.02,
      "duracion": 0.1,
      "texto": "Vale.",
      "confianza": 0.049
    },
    {
      "hablante": "Hablante B",
      "inicio": 276.05,
      "fin": 280.49,
      "duracion": 4.45,
      "texto": "Aguardarme un momentito y lo estoy chequeando mientras tanto te voy a ir enviando lo que es el mensaje.",
      "confianza": 0.591
    },
    {
      "hablante": "Hablante B",
      "inicio": 280.51,
      "fin": 281.59,
      "duracion": 1.08,
      "texto": "¿Tu nombre es, perdón?",
      "confianza": 0.623
    },
    {
      "hablante": "Hablante B",
      "inicio": 282.16,
      "fin": 283.41,
      "duracion": 1.24,
      "texto": "Síntia.",
      "confianza": 0.357
    },
    {
      "hablante": "Hablante B",
      "inicio": 283.43,
      "fin": 283.75,
      "duracion": 0.32,
      "texto": "Dale.",
      "confianza": 0.308
    },
    {
      "hablante": "Hablante B",
      "inicio": 283.77,
      "fin": 305.98,
      "duracion": 22.21,
      "texto": "Ahí te mando un mensajito en WhatsApp, Síntia, para que tengas ya mi número.",
      "confianza": 0.495
    },
    {
      "hablante": "Hablante B",
      "inicio": 306.0,
      "fin": 306.9,
      "duracion": 0.9,
      "texto": "Ah, porque Misa también lo hemos visto ahora.",
      "confianza": 0.005
    },
    {
      "hablante": "Hablante B",
      "inicio": 306.92,
      "fin": 307.0,
      "duracion": 0.08,
      "texto": "Ajá.",
      "confianza": 0.017
    },
    {
      "hablante": "Hablante B",
      "inicio": 307.02,
      "fin": 307.12,
      "duracion": 0.1,
      "texto": "Bien.",
      "confianza": 0.035
    },
    {
      "hablante": "Hablante B",
      "inicio": 307.14,
      "fin": 311.78,
      "duracion": 4.65,
      "texto": "Si están todas a nombre del mismo titular, está buenísimo porque tienen estos cuatro siglas extras.",
      "confianza": 0.66
    },
    {
      "hablante": "Hablante B",
      "inicio": 312.64,
      "fin": 320.99,
      "duracion": 8.35,
      "texto": "Si no, igual va a tener, ella si tiene, no importa, si no tiene, digamos, si está en nombre de ella, va a tener 18 gigas, que es un montón igual también.",
      "confianza": 0.675
    },
    {
      "hablante": "Hablante B",
      "inicio": 321.57,
      "fin": 335.76,
      "duracion": 14.19,
      "texto": "Así que si quieres también contarle, vamos a pasarle la promoción para ver si es hasta los miles que le interesaban.",
      "confianza": 0.504
    },
    {
      "hablante": "Hablante B",
      "inicio": 335.78,
      "fin": 336.9,
      "duracion": 1.12,
      "texto": "Sí, esa lo tiene a vos, no sé cuánto está donando ahora.",
      "confianza": 0.001
    },
    {
      "hablante": "Hablante B",
      "inicio": 336.93,
      "fin": 337.05,
      "duracion": 0.12,
      "texto": "Claro.",
      "confianza": 0.0
    },
    {
      "hablante": "Hablante B",
      "inicio": 337.06,
      "fin": 337.23,
      "duracion": 0.16,
      "texto": "Por eso.",
      "confianza": 0.001
    },
    {
      "hablante": "Hablante B",
      "inicio": 337.25,
      "fin": 337.79,
      "duracion": 0.54,
      "texto": "Pero bueno, ¿qué necesitas?",
      "confianza": 0.0
    },
    {
      "hablante": "Hablante B",
      "inicio": 337.81,
      "fin": 338.07,
      "duracion": 0.26,
      "texto": "¿Qué te paso?",
      "confianza": 0.076
    },
    {
      "hablante": "Hablante B",
      "inicio": 338.09,
      "fin": 339.41,
      "duracion": 1.32,
      "texto": "Ahí, mira, para, ya te digo.",
      "confianza": 0.63
    },
    {
      "hablante": "Hablante A",
      "inicio": 341.24,
      "fin": 348.33,
      "duracion": 7.09,
      "texto": "Espera, me está terminando el carga para confirmarte si hubiera algún, no creo que hubiera ningún impedimento, pero no estoy terminando el checker.",
      "confianza": 0.562
    },
    {
      "hablante": "Hablante A",
      "inicio": 348.85,
      "fin": 354.3,
      "duracion": 5.45,
      "texto": "Bien, en el caso de que quieran iniciar el trámite, lo que voy a necesitar es el mail, ¿sí?",
      "confianza": 0.756
    },
    {
      "hablante": "Hablante A",
      "inicio": 354.32,
      "fin": 355.3,
      "duracion": 0.98,
      "texto": "Un mail, ¿no?",
      "confianza": 0.425
    },
    {
      "hablante": "Hablante A",
      "inicio": 355.68,
      "fin": 358.36,
      "duracion": 2.68,
      "texto": "De titular o a quien quiera que le llegue la factura.",
      "confianza": 0.702
    },
    {
      "hablante": "Hablante B",
      "inicio": 360.2,
      "fin": 366.27,
      "duracion": 6.07,
      "texto": "Y ahora te va a llegar lo que es el mensaje de texto con el código de portabilidad a esta línea, ¿verdad?",
      "confianza": 0.675
    },
    {
      "hablante": "Hablante B",
      "inicio": 367.3,
      "fin": 374.51,
      "duracion": 7.21,
      "texto": "Ese mensaje sirve para que le avisan claro de que se van a aportar la línea para que conserven el mismo número.",
      "confianza": 0.784
    },
    {
      "hablante": "Hablante B",
      "inicio": 375.61,
      "fin": 379.39,
      "duracion": 3.78,
      "texto": "De que se van a pasar a movistar pero para que no pierdan el número.",
      "confianza": 0.681
    },
    {
      "hablante": "Hablante A",
      "inicio": 381.9,
      "fin": 388.99,
      "duracion": 7.09,
      "texto": "Y lo que voy a necesitar es foto del frente y dorso de el titular.",
      "confianza": 0.606
    },
    {
      "hablante": "Hablante A",
      "inicio": 389.0,
      "fin": 389.95,
      "duracion": 0.94,
      "texto": "De Ángel.",
      "confianza": 0.181
    },
    {
      "hablante": "Hablante A",
      "inicio": 390.01,
      "fin": 397.25,
      "duracion": 7.25,
      "texto": "Esto es simplemente para avaliar la identidad para evitar que no cualquiera pueda aportar una línea en nombre de alguien sin que sea.",
      "confianza": 0.774
    },
    {
      "hablante": "Hablante A",
      "inicio": 398.53,
      "fin": 401.8,
      "duracion": 3.27,
      "texto": "Eso es lo único que yo voy a necesitar por parte, digamos, de ustedes.",
      "confianza": 0.65
    },
    {
      "hablante": "Hablante A",
      "inicio": 402.0,
      "fin": 408.51,
      "duracion": 6.51,
      "texto": "Y hacer lo que es el cierre comercial, que es para que quede en el registro de esta llama lo que, digamos, lo que están contratando.",
      "confianza": 0.691
    },
    {
      "hablante": "Hablante A",
      "inicio": 408.79,
      "fin": 409.03,
      "duracion": 0.24,
      "texto": "¿Sí?",
      "confianza": 0.415
    },
    {
      "hablante": "Hablante A",
      "inicio": 409.05,
      "fin": 410.92,
      "duracion": 1.86,
      "texto": "Por una cuestión de seguridad, básicamente.",
      "confianza": 0.692
    },
    {
      "hablante": "Hablante B",
      "inicio": 414.36,
      "fin": 414.46,
      "duracion": 0.1,
      "texto": "Vale.",
      "confianza": 0.006
    },
    {
      "hablante": "Hablante B",
      "inicio": 414.48,
      "fin": 414.78,
      "duracion": 0.3,
      "texto": "Bien.",
      "confianza": 0.266
    },
    {
      "hablante": "Hablante B",
      "inicio": 414.8,
      "fin": 415.89,
      "duracion": 1.08,
      "texto": "Ahora, aguardame.",
      "confianza": 0.205
    },
    {
      "hablante": "Hablante B",
      "inicio": 415.91,
      "fin": 417.55,
      "duracion": 1.64,
      "texto": "Ahí yo te mandé el mensajito de WhatsApp.",
      "confianza": 0.494
    },
    {
      "hablante": "Hablante B",
      "inicio": 417.57,
      "fin": 420.19,
      "duracion": 2.62,
      "texto": "Confírmame, Cynthia, si te llevo.",
      "confianza": 0.586
    },
    {
      "hablante": "Hablante B",
      "inicio": 420.21,
      "fin": 422.54,
      "duracion": 2.32,
      "texto": "A ver, espérame un segundito.",
      "confianza": 0.335
    },
    {
      "hablante": "Hablante B",
      "inicio": 422.56,
      "fin": 422.62,
      "duracion": 0.06,
      "texto": "Sí.",
      "confianza": 0.333
    },
    {
      "hablante": "Hablante A",
      "inicio": 432.45,
      "fin": 453.2,
      "duracion": 20.75,
      "texto": "Si, terminan 85.",
      "confianza": 0.702
    },
    {
      "hablante": "Hablante A",
      "inicio": 453.3,
      "fin": 455.5,
      "duracion": 2.2,
      "texto": "O sea, rutina.",
      "confianza": 0.7
    },
    {
      "hablante": "Hablante A",
      "inicio": 455.52,
      "fin": 458.07,
      "duracion": 2.54,
      "texto": "Sí, exactamente.",
      "confianza": 0.78
    },
    {
      "hablante": "Hablante A",
      "inicio": 458.09,
      "fin": 459.05,
      "duracion": 0.96,
      "texto": "Exactamente.",
      "confianza": 0.848
    },
    {
      "hablante": "Hablante A",
      "inicio": 459.07,
      "fin": 459.39,
      "duracion": 0.32,
      "texto": "Bien.",
      "confianza": 0.786
    },
    {
      "hablante": "Hablante A",
      "inicio": 459.62,
      "fin": 461.42,
      "duracion": 1.8,
      "texto": "Ahí, bueno, dame un segundo.",
      "confianza": 0.379
    },
    {
      "hablante": "Hablante A",
      "inicio": 461.44,
      "fin": 466.09,
      "duracion": 4.65,
      "texto": "En el caso de que quieras iniciar el trámite ahora, lo podemos iniciar sin ningún inconveniente.",
      "confianza": 0.82
    },
    {
      "hablante": "Hablante A",
      "inicio": 466.13,
      "fin": 471.18,
      "duracion": 5.05,
      "texto": "Aguárdame.",
      "confianza": 0.729
    },
    {
      "hablante": "Hablante A",
      "inicio": 471.2,
      "fin": 479.99,
      "duracion": 8.79,
      "texto": "Sí, nos figura que tiene una deuda en la cual se podría bonificar, sí, excepcionalmente, para que puedan volver con Movistar, sí.",
      "confianza": 0.74
    },
    {
      "hablante": "Hablante A",
      "inicio": 480.19,
      "fin": 488.08,
      "duracion": 7.89,
      "texto": "O sea, se bonificaría esta deuda que está pendiente para que volvamos con la campaña de 39.970.",
      "confianza": 0.533
    },
    {
      "hablante": "Hablante A",
      "inicio": 489.54,
      "fin": 499.54,
      "duracion": 10.0,
      "texto": "¿Y de cuánto sería la bonificación?",
      "confianza": 0.544
    },
    {
      "hablante": "Hablante A",
      "inicio": 499.84,
      "fin": 507.31,
      "duracion": 7.47,
      "texto": "De la bodeuda completa.",
      "confianza": 0.849
    },
    {
      "hablante": "Hablante B",
      "inicio": 510.67,
      "fin": 514.11,
      "duracion": 3.45,
      "texto": "O sea, ¿tendría que pagar esos 39.000?",
      "confianza": 0.155
    },
    {
      "hablante": "Hablante B",
      "inicio": 514.13,
      "fin": 527.1,
      "duracion": 12.96,
      "texto": "Bueno, claro, en este caso, si lo quieren pagar, si tienen la opción de pagarlo, sí, continuar, digamos, o si les podamos bonificar esta leura para que puedan volver con la compañía, sí.",
      "confianza": 0.692
    },
    {
      "hablante": "Hablante B",
      "inicio": 527.12,
      "fin": 531.55,
      "duracion": 4.43,
      "texto": "Se quedaría bonificada, no tendrían que abonarla, sí, a posterior tampoco.",
      "confianza": 0.801
    },
    {
      "hablante": "Hablante A",
      "inicio": 533.2,
      "fin": 536.06,
      "duracion": 2.86,
      "texto": "¿Cómo sería para que no entendía?",
      "confianza": 0.034
    },
    {
      "hablante": "Hablante A",
      "inicio": 536.08,
      "fin": 538.85,
      "duracion": 2.76,
      "texto": "Que la bonifican a la de obra, si no la tendrían que abonar.",
      "confianza": 0.463
    },
    {
      "hablante": "Hablante A",
      "inicio": 538.87,
      "fin": 541.27,
      "duracion": 2.4,
      "texto": "Ni ahora ni después.",
      "confianza": 0.75
    },
    {
      "hablante": "Hablante A",
      "inicio": 541.29,
      "fin": 546.22,
      "duracion": 4.93,
      "texto": "Una vez que esté importada la línea no es que la va a tener que pagar después.",
      "confianza": 0.743
    },
    {
      "hablante": "Hablante A",
      "inicio": 546.24,
      "fin": 551.97,
      "duracion": 5.73,
      "texto": "Se bonificaría con la, digamos, para que ustedes puedan volver a la compañía.",
      "confianza": 0.768
    },
    {
      "hablante": "Hablante A",
      "inicio": 552.59,
      "fin": 560.98,
      "duracion": 8.39,
      "texto": "Bien, excepcionalmente podemos gestionar eso.",
      "confianza": 0.84
    },
    {
      "hablante": "Hablante A",
      "inicio": 561.0,
      "fin": 561.52,
      "duracion": 0.52,
      "texto": "Ah, o sea, y qué consulta.",
      "confianza": 0.004
    },
    {
      "hablante": "Hablante A",
      "inicio": 561.54,
      "fin": 561.82,
      "duracion": 0.28,
      "texto": "Ponerle que...",
      "confianza": 0.087
    },
    {
      "hablante": "Hablante A",
      "inicio": 561.95,
      "fin": 567.34,
      "duracion": 5.39,
      "texto": "su papá no quiera seguir con claro.",
      "confianza": 0.277
    },
    {
      "hablante": "Hablante A",
      "inicio": 567.36,
      "fin": 567.42,
      "duracion": 0.06,
      "texto": "Sí.",
      "confianza": 0.04
    },
    {
      "hablante": "Hablante A",
      "inicio": 567.44,
      "fin": 572.69,
      "duracion": 5.25,
      "texto": "Y mi hijo se quiera pasar a movistar.",
      "confianza": 0.251
    },
    {
      "hablante": "Hablante A",
      "inicio": 572.71,
      "fin": 573.43,
      "duracion": 0.72,
      "texto": "Lo que pasa es que mi hijo tiene 17.",
      "confianza": 0.016
    },
    {
      "hablante": "Hablante A",
      "inicio": 573.45,
      "fin": 574.85,
      "duracion": 1.4,
      "texto": "Ah, no, no se puede.",
      "confianza": 0.431
    },
    {
      "hablante": "Hablante A",
      "inicio": 574.87,
      "fin": 577.77,
      "duracion": 2.9,
      "texto": "O sea, tiene que estar más chordea.",
      "confianza": 0.611
    },
    {
      "hablante": "Hablante A",
      "inicio": 577.79,
      "fin": 578.93,
      "duracion": 1.14,
      "texto": "Bueno, ahora.",
      "confianza": 0.308
    },
    {
      "hablante": "Hablante A",
      "inicio": 579.23,
      "fin": 580.5,
      "duracion": 1.26,
      "texto": "No, aguardenme, perdónenme.",
      "confianza": 0.536
    },
    {
      "hablante": "Hablante A",
      "inicio": 580.94,
      "fin": 584.44,
      "duracion": 3.5,
      "texto": "Lo que se puede hacer es pasar la línea de él sola.",
      "confianza": 0.837
    },
    {
      "hablante": "Hablante A",
      "inicio": 584.6,
      "fin": 585.5,
      "duracion": 0.9,
      "texto": "Eso no hay problema.",
      "confianza": 0.77
    },
    {
      "hablante": "Hablante A",
      "inicio": 585.98,
      "fin": 588.25,
      "duracion": 2.26,
      "texto": "Por supuesto que van a seguir a nombre de Ángel.",
      "confianza": 0.767
    },
    {
      "hablante": "Hablante A",
      "inicio": 589.27,
      "fin": 592.15,
      "duracion": 2.88,
      "texto": "Pero se puede pasar una sola línea si quiere.",
      "confianza": 0.788
    },
    {
      "hablante": "Hablante A",
      "inicio": 593.3,
      "fin": 596.28,
      "duracion": 2.98,
      "texto": "Sí, pero ¿cuántas sigas tendría él?",
      "confianza": 0.655
    },
    {
      "hablante": "Hablante A",
      "inicio": 596.3,
      "fin": 599.5,
      "duracion": 3.2,
      "texto": "18.",
      "confianza": 0.894
    },
    {
      "hablante": "Hablante A",
      "inicio": 599.52,
      "fin": 600.18,
      "duracion": 0.66,
      "texto": "18.",
      "confianza": 0.804
    },
    {
      "hablante": "Hablante B",
      "inicio": 602.09,
      "fin": 604.35,
      "duracion": 2.26,
      "texto": "No tendría las 22, sino que tendría 18.",
      "confianza": 0.532
    },
    {
      "hablante": "Hablante A",
      "inicio": 606.57,
      "fin": 608.43,
      "duracion": 1.86,
      "texto": "Tendría 18 para él solo.",
      "confianza": 0.601
    },
    {
      "hablante": "Hablante A",
      "inicio": 609.52,
      "fin": 612.34,
      "duracion": 2.82,
      "texto": "Tendría que ser compartida con el papá.",
      "confianza": 0.511
    },
    {
      "hablante": "Hablante A",
      "inicio": 612.36,
      "fin": 618.49,
      "duracion": 6.13,
      "texto": "No, si el papá también, si se pasan las dos líneas, cada una va a tener 22 sigas.",
      "confianza": 0.589
    },
    {
      "hablante": "Hablante B",
      "inicio": 620.32,
      "fin": 621.86,
      "duracion": 1.54,
      "texto": "Dale.",
      "confianza": 0.173
    },
    {
      "hablante": "Hablante B",
      "inicio": 621.88,
      "fin": 622.12,
      "duracion": 0.24,
      "texto": "¿Y el abono?",
      "confianza": 0.023
    },
    {
      "hablante": "Hablante B",
      "inicio": 622.14,
      "fin": 622.99,
      "duracion": 0.84,
      "texto": "¿Cuánto me dijiste?",
      "confianza": 0.513
    },
    {
      "hablante": "Hablante B",
      "inicio": 623.71,
      "fin": 625.01,
      "duracion": 1.3,
      "texto": "Es 8.000 pesos.",
      "confianza": 0.716
    },
    {
      "hablante": "Hablante B",
      "inicio": 625.03,
      "fin": 626.41,
      "duracion": 1.38,
      "texto": "¿Dónde?",
      "confianza": 0.552
    },
    {
      "hablante": "Hablante B",
      "inicio": 626.43,
      "fin": 631.18,
      "duracion": 4.75,
      "texto": "8 gigas de base más 10 de regalo, 18 gigas en total.",
      "confianza": 0.696
    },
    {
      "hablante": "Hablante B",
      "inicio": 631.2,
      "fin": 631.46,
      "duracion": 0.26,
      "texto": "Sí.",
      "confianza": 0.501
    },
    {
      "hablante": "Hablante B",
      "inicio": 631.48,
      "fin": 632.2,
      "duracion": 0.72,
      "texto": "Ahora.",
      "confianza": 0.903
    },
    {
      "hablante": "Hablante B",
      "inicio": 632.22,
      "fin": 633.02,
      "duracion": 0.8,
      "texto": "Por 8.000 pesos.",
      "confianza": 0.388
    },
    {
      "hablante": "Hablante B",
      "inicio": 633.56,
      "fin": 638.43,
      "duracion": 4.87,
      "texto": "En el caso de que se pasen las dos, son 22 gigas por 8.000 pesos.",
      "confianza": 0.68
    },
    {
      "hablante": "Hablante B",
      "inicio": 638.45,
      "fin": 639.55,
      "duracion": 1.1,
      "texto": "Sí.",
      "confianza": 0.383
    },
    {
      "hablante": "Hablante B",
      "inicio": 639.57,
      "fin": 639.79,
      "duracion": 0.22,
      "texto": "Sí, de así.",
      "confianza": 0.035
    },
    {
      "hablante": "Hablante B",
      "inicio": 639.81,
      "fin": 645.08,
      "duracion": 5.27,
      "texto": "Ahora, da una consulta.",
      "confianza": 0.826
    },
    {
      "hablante": "Hablante B",
      "inicio": 645.1,
      "fin": 645.16,
      "duracion": 0.06,
      "texto": "Sí.",
      "confianza": 0.059
    },
    {
      "hablante": "Hablante B",
      "inicio": 645.18,
      "fin": 648.98,
      "duracion": 3.8,
      "texto": "Porque tengo otro hijo.",
      "confianza": 0.737
    },
    {
      "hablante": "Hablante B",
      "inicio": 649.0,
      "fin": 649.06,
      "duracion": 0.06,
      "texto": "Sí.",
      "confianza": 0.07
    },
    {
      "hablante": "Hablante B",
      "inicio": 649.08,
      "fin": 649.82,
      "duracion": 0.74,
      "texto": "Que también tiene.",
      "confianza": 0.3
    },
    {
      "hablante": "Hablante B",
      "inicio": 650.24,
      "fin": 655.35,
      "duracion": 5.11,
      "texto": "Sí, claro, pero lo tiene prepago.",
      "confianza": 0.552
    },
    {
      "hablante": "Hablante B",
      "inicio": 655.37,
      "fin": 659.91,
      "duracion": 4.55,
      "texto": "No hay ningún problema que tenga prepago, se le puede pasar de a movistar con este abono.",
      "confianza": 0.709
    },
    {
      "hablante": "Hablante A",
      "inicio": 661.68,
      "fin": 663.58,
      "duracion": 1.9,
      "texto": "De 8.000 también.",
      "confianza": 0.672
    },
    {
      "hablante": "Hablante A",
      "inicio": 663.6,
      "fin": 664.48,
      "duracion": 0.88,
      "texto": "Exactamente.",
      "confianza": 0.395
    },
    {
      "hablante": "Hablante A",
      "inicio": 664.5,
      "fin": 670.95,
      "duracion": 6.45,
      "texto": "Ahora, da una consulta, porque siempre me pasa lo mismo con todas las compañías.",
      "confianza": 0.734
    },
    {
      "hablante": "Hablante A",
      "inicio": 672.19,
      "fin": 675.78,
      "duracion": 3.59,
      "texto": "Porque todos los meses aumentan.",
      "confianza": 0.76
    },
    {
      "hablante": "Hablante A",
      "inicio": 676.85,
      "fin": 681.62,
      "duracion": 4.77,
      "texto": "Por eso te pregunto, ¿no es que queda 8.000 fijo?",
      "confianza": 0.035
    },
    {
      "hablante": "Hablante A",
      "inicio": 681.64,
      "fin": 681.88,
      "duracion": 0.24,
      "texto": "No, era así.",
      "confianza": 0.026
    },
    {
      "hablante": "Hablante A",
      "inicio": 681.9,
      "fin": 688.57,
      "duracion": 6.67,
      "texto": "Vos van a tener 8.000 pesos el abono con un descuento fijo por 6 meses, ¿sí?",
      "confianza": 0.691
    },
    {
      "hablante": "Hablante A",
      "inicio": 688.59,
      "fin": 688.64,
      "duracion": 0.06,
      "texto": "Sí.",
      "confianza": 0.031
    },
    {
      "hablante": "Hablante A",
      "inicio": 688.66,
      "fin": 696.57,
      "duracion": 7.91,
      "texto": "Lo que sí, Movistar siempre te va a avisar 30 días antes de que vaya a haber un incremento en la factura, ¿bien?",
      "confianza": 0.724
    },
    {
      "hablante": "Hablante A",
      "inicio": 696.59,
      "fin": 696.69,
      "duracion": 0.1,
      "texto": "Sí.",
      "confianza": 0.398
    },
    {
      "hablante": "Hablante A",
      "inicio": 696.71,
      "fin": 700.5,
      "duracion": 3.78,
      "texto": "Siempre se te notifica a través del abro de Movistar cuando vaya a haber un incremento.",
      "confianza": 0.796
    },
    {
      "hablante": "Hablante A",
      "inicio": 700.52,
      "fin": 702.42,
      "duracion": 1.9,
      "texto": "¿Para qué lo haces de esta manera?",
      "confianza": 0.76
    },
    {
      "hablante": "Hablante A",
      "inicio": 702.48,
      "fin": 705.66,
      "duracion": 3.18,
      "texto": "Para que vos puedas pedir dos descuentos o bonificaciones.",
      "confianza": 0.684
    },
    {
      "hablante": "Hablante A",
      "inicio": 706.01,
      "fin": 707.82,
      "duracion": 1.8,
      "texto": "que tengamos en Vigencia.",
      "confianza": 0.605
    },
    {
      "hablante": "Hablante A",
      "inicio": 707.84,
      "fin": 716.62,
      "duracion": 8.79,
      "texto": "Eso lo puedes pedir desde la app de Movistar o te comunicas conmigo y yo te derivo los canales oficiales para que te apliquen promociones que tengamos de Vigencia.",
      "confianza": 0.707
    },
    {
      "hablante": "Hablante A",
      "inicio": 716.64,
      "fin": 717.58,
      "duracion": 0.94,
      "texto": "¿Miren?",
      "confianza": 0.297
    },
    {
      "hablante": "Hablante A",
      "inicio": 717.6,
      "fin": 720.81,
      "duracion": 3.2,
      "texto": "De manera tal de que vayas manteniendo más o menos este mismo valor.",
      "confianza": 0.626
    },
    {
      "hablante": "Hablante A",
      "inicio": 721.87,
      "fin": 731.74,
      "duracion": 9.87,
      "texto": "Mira, honestamente, Cynthia, para que tengan una idea, en los últimos 6, 7 meses se han incrementado los abonos entre 1.500 a 2.000 pesos.",
      "confianza": 0.74
    },
    {
      "hablante": "Hablante A",
      "inicio": 731.94,
      "fin": 732.9,
      "duracion": 0.96,
      "texto": "No más que eso.",
      "confianza": 0.622
    },
    {
      "hablante": "Hablante A",
      "inicio": 733.45,
      "fin": 739.76,
      "duracion": 6.31,
      "texto": "Bien, como para que tengan una noción de los que hay, de los incrementos que ha habido, ¿sí?",
      "confianza": 0.72
    },
    {
      "hablante": "Hablante A",
      "inicio": 739.78,
      "fin": 742.95,
      "duracion": 3.16,
      "texto": "No ha sido superior a eso.",
      "confianza": 0.347
    },
    {
      "hablante": "Hablante A",
      "inicio": 742.97,
      "fin": 755.07,
      "duracion": 12.1,
      "texto": "Ahora, si ponemos tres líneas, ¿hay algún tipo de descuento más o queda 8.000?",
      "confianza": 0.583
    },
    {
      "hablante": "Hablante A",
      "inicio": 755.09,
      "fin": 759.49,
      "duracion": 4.41,
      "texto": "Queda 8.000, queda 8.000 pero con los 4 gigas más, o sea con los 22 gigas.",
      "confianza": 0.463
    },
    {
      "hablante": "Hablante A",
      "inicio": 760.35,
      "fin": 762.51,
      "duracion": 2.16,
      "texto": "22 sigas para cada línea.",
      "confianza": 0.15
    },
    {
      "hablante": "Hablante A",
      "inicio": 762.73,
      "fin": 763.58,
      "duracion": 0.84,
      "texto": "Exactamente.",
      "confianza": 0.948
    },
    {
      "hablante": "Hablante A",
      "inicio": 763.96,
      "fin": 768.58,
      "duracion": 4.63,
      "texto": "Tal cual.",
      "confianza": 0.548
    },
    {
      "hablante": "Hablante A",
      "inicio": 768.6,
      "fin": 770.9,
      "duracion": 2.3,
      "texto": "A ver, ¿vos podrías verificar si yo lo puedo poner al nombre?",
      "confianza": 0.036
    },
    {
      "hablante": "Hablante A",
      "inicio": 770.94,
      "fin": 778.99,
      "duracion": 8.05,
      "texto": "En realidad, después podés hacer el cambio de titularidad, pero en este caso ahora no porque las líneas están a nombre de él, ¿sí?",
      "confianza": 0.743
    },
    {
      "hablante": "Hablante A",
      "inicio": 779.01,
      "fin": 780.08,
      "duracion": 1.06,
      "texto": "De Ángel.",
      "confianza": 0.635
    },
    {
      "hablante": "Hablante A",
      "inicio": 780.1,
      "fin": 783.36,
      "duracion": 3.26,
      "texto": "Yo no puedo cambiar la titularidad actual.",
      "confianza": 0.497
    },
    {
      "hablante": "Hablante A",
      "inicio": 783.86,
      "fin": 787.44,
      "duracion": 3.58,
      "texto": "Yo corto las líneas a nombre del titular que está ahora.",
      "confianza": 0.788
    },
    {
      "hablante": "Hablante A",
      "inicio": 787.46,
      "fin": 790.31,
      "duracion": 2.84,
      "texto": "Después sí podés hacer el cambio de titularidad sin problema.",
      "confianza": 0.484
    },
    {
      "hablante": "Hablante A",
      "inicio": 791.08,
      "fin": 799.93,
      "duracion": 8.85,
      "texto": "Pero por supuesto que al ser, la realidad es que al ser más cantidad de líneas, más fácil es que me aprueben el tema de la bonificación.",
      "confianza": 0.702
    },
    {
      "hablante": "Hablante A",
      "inicio": 800.15,
      "fin": 801.34,
      "duracion": 1.18,
      "texto": "Eso sí es cierto.",
      "confianza": 0.79
    },
    {
      "hablante": "Hablante B",
      "inicio": 803.14,
      "fin": 807.71,
      "duracion": 4.57,
      "texto": "Si es una sola línea y va a demorar un poco más en la aprobación de la bonificación.",
      "confianza": 0.813
    },
    {
      "hablante": "Hablante B",
      "inicio": 808.41,
      "fin": 811.69,
      "duracion": 3.28,
      "texto": "Si son más de tres líneas, por supuesto que eso se va a hacer mucho más rápido.",
      "confianza": 0.743
    },
    {
      "hablante": "Hablante B",
      "inicio": 813.01,
      "fin": 815.24,
      "duracion": 2.22,
      "texto": "Bueno, ahora yo te comento una cosa.",
      "confianza": 0.136
    },
    {
      "hablante": "Hablante B",
      "inicio": 815.26,
      "fin": 815.68,
      "duracion": 0.42,
      "texto": "Decime.",
      "confianza": 0.587
    },
    {
      "hablante": "Hablante A",
      "inicio": 817.68,
      "fin": 820.24,
      "duracion": 2.56,
      "texto": "El tema de que se hay que retirar el chip.",
      "confianza": 0.297
    },
    {
      "hablante": "Hablante A",
      "inicio": 820.49,
      "fin": 826.16,
      "duracion": 5.67,
      "texto": "Tiene que ir al titular porque él trabaja y trabaja de corrido.",
      "confianza": 0.848
    },
    {
      "hablante": "Hablante A",
      "inicio": 826.74,
      "fin": 831.67,
      "duracion": 4.93,
      "texto": "O sea, tiene 15-20 minutos para comer.",
      "confianza": 0.753
    },
    {
      "hablante": "Hablante A",
      "inicio": 831.69,
      "fin": 838.04,
      "duracion": 6.35,
      "texto": "Y como comen el trabajo, o sea, no le da el tiempo para ir a tirar los chips.",
      "confianza": 0.622
    },
    {
      "hablante": "Hablante A",
      "inicio": 838.06,
      "fin": 838.44,
      "duracion": 0.38,
      "texto": "Claro.",
      "confianza": 0.808
    },
    {
      "hablante": "Hablante A",
      "inicio": 839.1,
      "fin": 841.54,
      "duracion": 2.44,
      "texto": "Mira, en este caso te puedo brindar dos alternativas.",
      "confianza": 0.616
    },
    {
      "hablante": "Hablante A",
      "inicio": 841.83,
      "fin": 847.51,
      "duracion": 5.69,
      "texto": "Una, buscamos que eres un shopping cercano que atiendan de lunes a lunes hasta las 22.",
      "confianza": 0.626
    },
    {
      "hablante": "Hablante A",
      "inicio": 848.08,
      "fin": 850.75,
      "duracion": 2.66,
      "texto": "Entonces, por ahí podría ir a la salida de su trabajo.",
      "confianza": 0.514
    },
    {
      "hablante": "Hablante A",
      "inicio": 850.77,
      "fin": 856.48,
      "duracion": 5.71,
      "texto": "Y si no, pues le envía a domicilio, pero le envía a domicilio por ahí demora un poquito más, ¿sí?",
      "confianza": 0.643
    },
    {
      "hablante": "Hablante A",
      "inicio": 856.5,
      "fin": 863.57,
      "duracion": 7.07,
      "texto": "En la sucursal son 48, 72 horas hábiles, ya van a tener el tiempo para retirar.",
      "confianza": 0.63
    },
    {
      "hablante": "Hablante A",
      "inicio": 863.59,
      "fin": 868.89,
      "duracion": 5.31,
      "texto": "Sí, ahora te consulto.",
      "confianza": 0.361
    },
    {
      "hablante": "Hablante A",
      "inicio": 869.17,
      "fin": 870.78,
      "duracion": 1.6,
      "texto": "¿En San Isidro dónde tenés a la metila?",
      "confianza": 0.032
    },
    {
      "hablante": "Hablante A",
      "inicio": 870.8,
      "fin": 872.72,
      "duracion": 1.92,
      "texto": "Sí, a ver, ahora vemos.",
      "confianza": 0.35
    },
    {
      "hablante": "Hablante A",
      "inicio": 872.74,
      "fin": 875.86,
      "duracion": 3.12,
      "texto": "Porque cada dos por tres cambias.",
      "confianza": 0.065
    },
    {
      "hablante": "Hablante A",
      "inicio": 875.88,
      "fin": 876.72,
      "duracion": 0.84,
      "texto": "Sí, ahora.",
      "confianza": 0.409
    },
    {
      "hablante": "Hablante A",
      "inicio": 876.87,
      "fin": 879.44,
      "duracion": 2.56,
      "texto": "Al frente de disco, no sé si tiene.",
      "confianza": 0.682
    },
    {
      "hablante": "Hablante A",
      "inicio": 879.46,
      "fin": 881.62,
      "duracion": 2.16,
      "texto": "San Isidro, ¿cómo otra vez?",
      "confianza": 0.386
    },
    {
      "hablante": "Hablante A",
      "inicio": 881.64,
      "fin": 882.2,
      "duracion": 0.56,
      "texto": "¿Vegando?",
      "confianza": 0.464
    },
    {
      "hablante": "Hablante A",
      "inicio": 882.22,
      "fin": 883.2,
      "duracion": 0.98,
      "texto": "No.",
      "confianza": 0.688
    },
    {
      "hablante": "Hablante A",
      "inicio": 883.22,
      "fin": 884.46,
      "duracion": 1.24,
      "texto": "¿Cómo parte de San Isidro?",
      "confianza": 0.56
    },
    {
      "hablante": "Hablante A",
      "inicio": 884.48,
      "fin": 885.68,
      "duracion": 1.2,
      "texto": "¿Cómo lo puedo buscar?",
      "confianza": 0.724
    },
    {
      "hablante": "Hablante A",
      "inicio": 885.72,
      "fin": 886.8,
      "duracion": 1.08,
      "texto": "Porque no sé.",
      "confianza": 0.578
    },
    {
      "hablante": "Hablante A",
      "inicio": 887.06,
      "fin": 890.69,
      "duracion": 3.62,
      "texto": "Mira, tenés Centenario.",
      "confianza": 0.759
    },
    {
      "hablante": "Hablante A",
      "inicio": 890.71,
      "fin": 892.01,
      "duracion": 1.3,
      "texto": "Ajá.",
      "confianza": 0.758
    },
    {
      "hablante": "Hablante A",
      "inicio": 892.07,
      "fin": 896.57,
      "duracion": 4.5,
      "texto": "Por San Isidro, creo que las dos que quedan es Centenario.",
      "confianza": 0.637
    },
    {
      "hablante": "Hablante A",
      "inicio": 896.61,
      "fin": 898.55,
      "duracion": 1.94,
      "texto": "Hay una Sucursal.",
      "confianza": 0.691
    },
    {
      "hablante": "Hablante A",
      "inicio": 899.27,
      "fin": 899.39,
      "duracion": 0.12,
      "texto": "Sí.",
      "confianza": 0.481
    },
    {
      "hablante": "Hablante A",
      "inicio": 899.41,
      "fin": 901.44,
      "duracion": 2.02,
      "texto": "Centenario, pero no sé al cuánto.",
      "confianza": 0.404
    },
    {
      "hablante": "Hablante A",
      "inicio": 901.46,
      "fin": 903.96,
      "duracion": 2.5,
      "texto": "Casi llegando.",
      "confianza": 0.372
    },
    {
      "hablante": "Hablante A",
      "inicio": 903.98,
      "fin": 906.36,
      "duracion": 2.38,
      "texto": "Sí, acá voy.",
      "confianza": 0.273
    },
    {
      "hablante": "Hablante A",
      "inicio": 906.38,
      "fin": 906.54,
      "duracion": 0.16,
      "texto": "A ver.",
      "confianza": 0.45
    },
    {
      "hablante": "Hablante A",
      "inicio": 907.16,
      "fin": 936.9,
      "duracion": 29.74,
      "texto": "Habíamos dicho, me dijiste, espérame, que estoy buscando.",
      "confianza": 0.529
    },
    {
      "hablante": "Hablante B",
      "inicio": 939.85,
      "fin": 947.26,
      "duracion": 7.41,
      "texto": "Acá tenemos... ¿Cómo me habéis dicho?",
      "confianza": 0.31
    },
    {
      "hablante": "Hablante B",
      "inicio": 947.36,
      "fin": 947.94,
      "duracion": 0.58,
      "texto": "Acá tengo.",
      "confianza": 0.678
    },
    {
      "hablante": "Hablante B",
      "inicio": 948.44,
      "fin": 955.81,
      "duracion": 7.37,
      "texto": "Claro, tengo una sobre Centenario 399 y el otro en Centenario 12.",
      "confianza": 0.705
    },
    {
      "hablante": "Hablante B",
      "inicio": 955.83,
      "fin": 963.84,
      "duracion": 8.01,
      "texto": "Bien, a ver, quiero ver... Centenario 12, es casi llegando a ver el grano, me parece.",
      "confianza": 0.537
    },
    {
      "hablante": "Hablante B",
      "inicio": 964.1,
      "fin": 969.06,
      "duracion": 4.97,
      "texto": "Y el otro es Casi Marquez, que son las dos que yo conozco.",
      "confianza": 0.611
    },
    {
      "hablante": "Hablante B",
      "inicio": 969.74,
      "fin": 977.73,
      "duracion": 7.99,
      "texto": "Mira, centenario dos atiende el lunes a viernes de 2018 y el otro atiende los sábados de 10 a 13.",
      "confianza": 0.698
    },
    {
      "hablante": "Hablante A",
      "inicio": 979.75,
      "fin": 984.45,
      "duracion": 4.7,
      "texto": "Que si quieres podemos poner esa sucursal.",
      "confianza": 0.76
    },
    {
      "hablante": "Hablante A",
      "inicio": 984.47,
      "fin": 994.99,
      "duracion": 10.51,
      "texto": "Bueno, escúchame vos me podés llamar dentro un ratito porque te hablo por vos ahí al... Dale, dale.",
      "confianza": 0.464
    },
    {
      "hablante": "Hablante A",
      "inicio": 995.0,
      "fin": 996.59,
      "duracion": 1.58,
      "texto": "Dale, dale.",
      "confianza": 0.812
    },
    {
      "hablante": "Hablante A",
      "inicio": 996.79,
      "fin": 1009.93,
      "duracion": 13.14,
      "texto": "Buenísima, avísame cuando ya lo converse, yo ahí te lo envié para que lo puedas consultar con tus hijos y con el papá de los chicos y me avisas.",
      "confianza": 0.644
    },
    {
      "hablante": "Hablante A",
      "inicio": 1009.95,
      "fin": 1010.17,
      "duracion": 0.22,
      "texto": "Dale, dale.",
      "confianza": 0.01
    },
    {
      "hablante": "Hablante A",
      "inicio": 1010.19,
      "fin": 1011.07,
      "duracion": 0.88,
      "texto": "No, por favor, un gusto.",
      "confianza": 0.757
    },
    {
      "hablante": "Hablante A",
      "inicio": 1011.09,
      "fin": 1012.15,
      "duracion": 1.06,
      "texto": "Cintia, que estés muy bien.",
      "confianza": 0.592
    },
    {
      "hablante": "Hablante A",
      "inicio": 1012.87,
      "fin": 1013.72,
      "duracion": 0.84,
      "texto": "Buen día.",
      "confianza": 0.27
    }
  ],
  "transcripcion_completa": "Hola. Hola, ¿sí? Hola, ¿cómo estás? Buenos días. ¿Hablo con Ángel? ¿Con la línea de Ángel, perdón? Sí. Bien. ¿Es usted usuaria de esta línea? ¿Puede tomar decisiones sobre esta línea? En realidad, o sea, la línea está el nombre de él, pero es el celular de mi hijo. ¿Qué pasó? Ah, bien. Mi nombre es Ausina. Me estoy comunicando de la línea de recupero de clientes Movistar. Nos figura que actualmente ustedes están en claro, ¿sí? Sí. Bien. Le cuento. Nos estábamos comunicando de la idea de Recupero porque tenemos promociones exclusivas que son para aquellos clientes que han entrado en la compañía. En este caso, tengo para brindarle lo que es un plan. De 8 días de base, más 10 de regalo, van a ser 18 días en total. WhatsApp gratis, a más libres a todas las compañías, inclusive los 0800 y 0810. a un precio final de ocho mil pesos. Además van a tener cuatro gigas extras para cada una de las líneas por ser más de una línea a las que se pasen a movistar. Esos cuatro gigas son por tiempo indeterminado. Que mientras estén con movistar, más de dos líneas tienen esos cuatro gigas extras. Bien, en este caso el trámite es súper sencillo, simplemente verificamos los datos que tenemos cargados en el sistema y le enviamos los chips a la sucursal más cerquita a su domicilio o a su domicilio laboral donde le quede más cómodo recibirlo. Bien. Claro, el tema es... Decime. Que yo, o sea, mi hijo sí quiere tener novistad. Sí. Pero su papá no. Ajá. Ese es el tema. Claro. Eso le tendría que preguntar a él. Sí. Y se quiere pasar a molestar. Y ahí sí, porque me había comentado que eran más sigas porque la había visto. Sí. Que eran más sigas porque la verdad que eso, o sea, él tiene claro. Sí. Y yo tengo personal. Ajá. a nosotros que no les pago, pero es mucho lo que aparte de lo que pago de líneas más lo que hace. Entonces, decime en cuanto quedaría. Y las dos líneas quedarían en 16 mil pesos, son dos o tres líneas, no porque me dice A mí me figuran acá tres, una que termine en 836, otra en 522 y en la que me estoy comunicando en 424. La otra es de la pareja del papá de mi hijo. Ah, bien. Entonces esa no. No, esa no. Bien. Entonces ¿serían dónde quedarían en 16 mil pesos las dos líneas? Con 18 gigas en realidad le van a quedar los primeros seis meses 22 gigas. Yo lo que te puedo decir es que si quieres llamar al que termina en 22. Sí. Pero no ahora, porque él ahora en este momento está trabajando. Vale. Él tiene libre 2 a 3. Y comentarle a él. Bien. Perfecto. Si quiere. O si quiere, lo que yo puedo hacer, si vos verificas los datos que se puede pasar, Yo a él le puedo mandar un mensaje por WhatsApp y si vos querés me llamas dentro un ratito y yo te confirmo a ver qué es lo que me dice él. Dale, yo te envía, te voy a mandar un mensajito de WhatsApp ahora para que vos tengas mi número. Te voy a mandar si, bueno, en el caso de que quieran hacer el trámite, no hay problema que lo haga con vos, te llamo a vos. Pero sí voy a necesitar que me envíen, digamos, la documentación correspondiente para poder iniciar el trámite. ¿Bien? ¿Vos en este momento podés chequear quién se puede pasar a movistar y eso? Sí, aguardame un momento. Vale. Aguardarme un momentito y lo estoy chequeando mientras tanto te voy a ir enviando lo que es el mensaje. ¿Tu nombre es, perdón? Síntia. Dale. Ahí te mando un mensajito en WhatsApp, Síntia, para que tengas ya mi número. Ah, porque Misa también lo hemos visto ahora. Ajá. Bien. Si están todas a nombre del mismo titular, está buenísimo porque tienen estos cuatro siglas extras. Si no, igual va a tener, ella si tiene, no importa, si no tiene, digamos, si está en nombre de ella, va a tener 18 gigas, que es un montón igual también. Así que si quieres también contarle, vamos a pasarle la promoción para ver si es hasta los miles que le interesaban. Sí, esa lo tiene a vos, no sé cuánto está donando ahora. Claro. Por eso. Pero bueno, ¿qué necesitas? ¿Qué te paso? Ahí, mira, para, ya te digo. Espera, me está terminando el carga para confirmarte si hubiera algún, no creo que hubiera ningún impedimento, pero no estoy terminando el checker. Bien, en el caso de que quieran iniciar el trámite, lo que voy a necesitar es el mail, ¿sí? Un mail, ¿no? De titular o a quien quiera que le llegue la factura. Y ahora te va a llegar lo que es el mensaje de texto con el código de portabilidad a esta línea, ¿verdad? Ese mensaje sirve para que le avisan claro de que se van a aportar la línea para que conserven el mismo número. De que se van a pasar a movistar pero para que no pierdan el número. Y lo que voy a necesitar es foto del frente y dorso de el titular. De Ángel. Esto es simplemente para avaliar la identidad para evitar que no cualquiera pueda aportar una línea en nombre de alguien sin que sea. Eso es lo único que yo voy a necesitar por parte, digamos, de ustedes. Y hacer lo que es el cierre comercial, que es para que quede en el registro de esta llama lo que, digamos, lo que están contratando. ¿Sí? Por una cuestión de seguridad, básicamente. Vale. Bien. Ahora, aguardame. Ahí yo te mandé el mensajito de WhatsApp. Confírmame, Cynthia, si te llevo. A ver, espérame un segundito. Sí. Si, terminan 85. O sea, rutina. Sí, exactamente. Exactamente. Bien. Ahí, bueno, dame un segundo. En el caso de que quieras iniciar el trámite ahora, lo podemos iniciar sin ningún inconveniente. Aguárdame. Sí, nos figura que tiene una deuda en la cual se podría bonificar, sí, excepcionalmente, para que puedan volver con Movistar, sí. O sea, se bonificaría esta deuda que está pendiente para que volvamos con la campaña de 39.970. ¿Y de cuánto sería la bonificación? De la bodeuda completa. O sea, ¿tendría que pagar esos 39.000? Bueno, claro, en este caso, si lo quieren pagar, si tienen la opción de pagarlo, sí, continuar, digamos, o si les podamos bonificar esta leura para que puedan volver con la compañía, sí. Se quedaría bonificada, no tendrían que abonarla, sí, a posterior tampoco. ¿Cómo sería para que no entendía? Que la bonifican a la de obra, si no la tendrían que abonar. Ni ahora ni después. Una vez que esté importada la línea no es que la va a tener que pagar después. Se bonificaría con la, digamos, para que ustedes puedan volver a la compañía. Bien, excepcionalmente podemos gestionar eso. Ah, o sea, y qué consulta. Ponerle que... su papá no quiera seguir con claro. Sí. Y mi hijo se quiera pasar a movistar. Lo que pasa es que mi hijo tiene 17. Ah, no, no se puede. O sea, tiene que estar más chordea. Bueno, ahora. No, aguardenme, perdónenme. Lo que se puede hacer es pasar la línea de él sola. Eso no hay problema. Por supuesto que van a seguir a nombre de Ángel. Pero se puede pasar una sola línea si quiere. Sí, pero ¿cuántas sigas tendría él? 18. 18. No tendría las 22, sino que tendría 18. Tendría 18 para él solo. Tendría que ser compartida con el papá. No, si el papá también, si se pasan las dos líneas, cada una va a tener 22 sigas. Dale. ¿Y el abono? ¿Cuánto me dijiste? Es 8.000 pesos. ¿Dónde? 8 gigas de base más 10 de regalo, 18 gigas en total. Sí. Ahora. Por 8.000 pesos. En el caso de que se pasen las dos, son 22 gigas por 8.000 pesos. Sí. Sí, de así. Ahora, da una consulta. Sí. Porque tengo otro hijo. Sí. Que también tiene. Sí, claro, pero lo tiene prepago. No hay ningún problema que tenga prepago, se le puede pasar de a movistar con este abono. De 8.000 también. Exactamente. Ahora, da una consulta, porque siempre me pasa lo mismo con todas las compañías. Porque todos los meses aumentan. Por eso te pregunto, ¿no es que queda 8.000 fijo? No, era así. Vos van a tener 8.000 pesos el abono con un descuento fijo por 6 meses, ¿sí? Sí. Lo que sí, Movistar siempre te va a avisar 30 días antes de que vaya a haber un incremento en la factura, ¿bien? Sí. Siempre se te notifica a través del abro de Movistar cuando vaya a haber un incremento. ¿Para qué lo haces de esta manera? Para que vos puedas pedir dos descuentos o bonificaciones. que tengamos en Vigencia. Eso lo puedes pedir desde la app de Movistar o te comunicas conmigo y yo te derivo los canales oficiales para que te apliquen promociones que tengamos de Vigencia. ¿Miren? De manera tal de que vayas manteniendo más o menos este mismo valor. Mira, honestamente, Cynthia, para que tengan una idea, en los últimos 6, 7 meses se han incrementado los abonos entre 1.500 a 2.000 pesos. No más que eso. Bien, como para que tengan una noción de los que hay, de los incrementos que ha habido, ¿sí? No ha sido superior a eso. Ahora, si ponemos tres líneas, ¿hay algún tipo de descuento más o queda 8.000? Queda 8.000, queda 8.000 pero con los 4 gigas más, o sea con los 22 gigas. 22 sigas para cada línea. Exactamente. Tal cual. A ver, ¿vos podrías verificar si yo lo puedo poner al nombre? En realidad, después podés hacer el cambio de titularidad, pero en este caso ahora no porque las líneas están a nombre de él, ¿sí? De Ángel. Yo no puedo cambiar la titularidad actual. Yo corto las líneas a nombre del titular que está ahora. Después sí podés hacer el cambio de titularidad sin problema. Pero por supuesto que al ser, la realidad es que al ser más cantidad de líneas, más fácil es que me aprueben el tema de la bonificación. Eso sí es cierto. Si es una sola línea y va a demorar un poco más en la aprobación de la bonificación. Si son más de tres líneas, por supuesto que eso se va a hacer mucho más rápido. Bueno, ahora yo te comento una cosa. Decime. El tema de que se hay que retirar el chip. Tiene que ir al titular porque él trabaja y trabaja de corrido. O sea, tiene 15-20 minutos para comer. Y como comen el trabajo, o sea, no le da el tiempo para ir a tirar los chips. Claro. Mira, en este caso te puedo brindar dos alternativas. Una, buscamos que eres un shopping cercano que atiendan de lunes a lunes hasta las 22. Entonces, por ahí podría ir a la salida de su trabajo. Y si no, pues le envía a domicilio, pero le envía a domicilio por ahí demora un poquito más, ¿sí? En la sucursal son 48, 72 horas hábiles, ya van a tener el tiempo para retirar. Sí, ahora te consulto. ¿En San Isidro dónde tenés a la metila? Sí, a ver, ahora vemos. Porque cada dos por tres cambias. Sí, ahora. Al frente de disco, no sé si tiene. San Isidro, ¿cómo otra vez? ¿Vegando? No. ¿Cómo parte de San Isidro? ¿Cómo lo puedo buscar? Porque no sé. Mira, tenés Centenario. Ajá. Por San Isidro, creo que las dos que quedan es Centenario. Hay una Sucursal. Sí. Centenario, pero no sé al cuánto. Casi llegando. Sí, acá voy. A ver. Habíamos dicho, me dijiste, espérame, que estoy buscando. Acá tenemos... ¿Cómo me habéis dicho? Acá tengo. Claro, tengo una sobre Centenario 399 y el otro en Centenario 12. Bien, a ver, quiero ver... Centenario 12, es casi llegando a ver el grano, me parece. Y el otro es Casi Marquez, que son las dos que yo conozco. Mira, centenario dos atiende el lunes a viernes de 2018 y el otro atiende los sábados de 10 a 13. Que si quieres podemos poner esa sucursal. Bueno, escúchame vos me podés llamar dentro un ratito porque te hablo por vos ahí al... Dale, dale. Dale, dale. Buenísima, avísame cuando ya lo converse, yo ahí te lo envié para que lo puedas consultar con tus hijos y con el papá de los chicos y me avisas. Dale, dale. No, por favor, un gusto. Cintia, que estés muy bien. Buen día.",
  "calidad": {
    "confianza_promedio": 0.508,
    "metodo_diarizacion": "pausas_fallback",
    "tiempo_procesamiento": 31.7
  },
  "metadata": {
    "modelo": "whisperx_medium",
    "diarizacion": "pausas",
    "dispositivo": "cuda",
    "fecha": "2026-01-25T18:22:04.465195",
    "version": "5.0_ecapa"
  }
}