{
  "archivo": "amza22_1_260121130416260_ACD_46351.wav",
  "duracion_segundos": 192.88,
  "num_segmentos": 51,
  "num_hablantes": 2,
  "hablantes": [
    "Hablante A",
    "Hablante B"
  ],
  "tiempo_por_hablante": {
    "Hablante B": 111.42,
    "Hablante A": 60.25
  },
  "idioma": "es",
  "conversacion": [
    {
      "hablante": "Hablante B",
      "inicio": 2.12,
      "fin": 3.44,
      "duracion": 1.32,
      "texto": "Hola, buen día.",
      "confianza": 0.064
    },
    {
      "hablante": "Hablante B",
      "inicio": 3.46,
      "fin": 4.11,
      "duracion": 0.64,
      "texto": "¿Me escucha?",
      "confianza": 0.501
    },
    {
      "hablante": "Hablante A",
      "inicio": 6.81,
      "fin": 10.3,
      "duracion": 3.49,
      "texto": "Hola, buen día.",
      "confianza": 0.186
    },
    {
      "hablante": "Hablante A",
      "inicio": 10.32,
      "fin": 10.64,
      "duracion": 0.32,
      "texto": "¿Hablo con Ruth?",
      "confianza": 0.006
    },
    {
      "hablante": "Hablante A",
      "inicio": 10.66,
      "fin": 10.72,
      "duracion": 0.06,
      "texto": "Sí.",
      "confianza": 0.14
    },
    {
      "hablante": "Hablante A",
      "inicio": 10.74,
      "fin": 11.06,
      "duracion": 0.32,
      "texto": "¿Y quién habla?",
      "confianza": 0.074
    },
    {
      "hablante": "Hablante A",
      "inicio": 11.1,
      "fin": 11.48,
      "duracion": 0.38,
      "texto": "Mi nombre es Belén.",
      "confianza": 0.045
    },
    {
      "hablante": "Hablante A",
      "inicio": 11.5,
      "fin": 12.26,
      "duracion": 0.76,
      "texto": "Me presento.",
      "confianza": 0.862
    },
    {
      "hablante": "Hablante A",
      "inicio": 12.8,
      "fin": 16.25,
      "duracion": 3.45,
      "texto": "Mira, yo ahora estoy llamándoles del área de recupero y de movistar.",
      "confianza": 0.609
    },
    {
      "hablante": "Hablante A",
      "inicio": 16.87,
      "fin": 19.43,
      "duracion": 2.57,
      "texto": "Queríamos saber por qué se ha ido de la compañía en su momento.",
      "confianza": 0.613
    },
    {
      "hablante": "Hablante A",
      "inicio": 19.57,
      "fin": 21.63,
      "duracion": 2.06,
      "texto": "Ruth, coméntenme qué le sucedió a usted.",
      "confianza": 0.644
    },
    {
      "hablante": "Hablante B",
      "inicio": 23.57,
      "fin": 41.32,
      "duracion": 17.75,
      "texto": "Y me habían dejado sin internet, sincería sin Wi-Fi, desde diciembre a marzo prometiéndome poner fibra óptica y nunca pasó, así que me cansé.",
      "confianza": 0.55
    },
    {
      "hablante": "Hablante B",
      "inicio": 41.34,
      "fin": 42.62,
      "duracion": 1.28,
      "texto": "Ah, le habían dicho que sí tenía para fibra óptica.",
      "confianza": 0.123
    },
    {
      "hablante": "Hablante B",
      "inicio": 42.64,
      "fin": 53.49,
      "duracion": 10.85,
      "texto": "Claro, estuve sin internet desde principios de diciembre hasta marzo, más o menos, que se volvieron a comunicar conmigo, por eso en febrero creo que lo contraté, claro.",
      "confianza": 0.62
    },
    {
      "hablante": "Hablante B",
      "inicio": 53.71,
      "fin": 55.35,
      "duracion": 1.64,
      "texto": "No me acuerdo yo.",
      "confianza": 0.225
    },
    {
      "hablante": "Hablante B",
      "inicio": 55.37,
      "fin": 56.49,
      "duracion": 1.12,
      "texto": "Sí, sí, sí.",
      "confianza": 0.219
    },
    {
      "hablante": "Hablante B",
      "inicio": 56.51,
      "fin": 61.94,
      "duracion": 5.43,
      "texto": "Y con respecto a su línea, ¿usted también tenía movistar o solamente tenía movistar o dar?",
      "confianza": 0.795
    },
    {
      "hablante": "Hablante B",
      "inicio": 63.24,
      "fin": 65.38,
      "duracion": 2.14,
      "texto": "No, teníamos todo movistar.",
      "confianza": 0.786
    },
    {
      "hablante": "Hablante B",
      "inicio": 65.4,
      "fin": 66.38,
      "duracion": 0.98,
      "texto": "Tenían todo movistar.",
      "confianza": 0.737
    },
    {
      "hablante": "Hablante B",
      "inicio": 66.75,
      "fin": 69.23,
      "duracion": 2.48,
      "texto": "Bien, y ahora usted está con claro con todo.",
      "confianza": 0.83
    },
    {
      "hablante": "Hablante A",
      "inicio": 70.89,
      "fin": 70.99,
      "duracion": 0.1,
      "texto": "Bien.",
      "confianza": 0.082
    },
    {
      "hablante": "Hablante A",
      "inicio": 71.01,
      "fin": 71.23,
      "duracion": 0.22,
      "texto": "Sí, sí, sí.",
      "confianza": 0.014
    },
    {
      "hablante": "Hablante A",
      "inicio": 71.25,
      "fin": 73.59,
      "duracion": 2.34,
      "texto": "¿Sabes qué plan tiene con claro en las líneas?",
      "confianza": 0.729
    },
    {
      "hablante": "Hablante B",
      "inicio": 76.84,
      "fin": 77.46,
      "duracion": 0.62,
      "texto": "No, de eso se maneja mi marido.",
      "confianza": 0.025
    },
    {
      "hablante": "Hablante B",
      "inicio": 77.72,
      "fin": 79.79,
      "duracion": 2.06,
      "texto": "Él se encarga de todo, de esto.",
      "confianza": 0.582
    },
    {
      "hablante": "Hablante B",
      "inicio": 79.99,
      "fin": 94.26,
      "duracion": 14.27,
      "texto": "Yo solamente me encargué de hacer los reclamos, que eran un montón de reclamos, hasta que dijimos, bueno, basta, porque yo trabajaba desde la casa, me tenía que ir todos los días a la casa de mi suegra, con dos nenas muy pequeñitas, muy bebés.",
      "confianza": 0.582
    },
    {
      "hablante": "Hablante B",
      "inicio": 94.58,
      "fin": 97.01,
      "duracion": 2.42,
      "texto": "Y era muy, pero muy traumático todo.",
      "confianza": 0.71
    },
    {
      "hablante": "Hablante B",
      "inicio": 97.03,
      "fin": 101.94,
      "duracion": 4.91,
      "texto": "Así que cuando venimos de vacaciones, dijimos vamos a hacer un cambio porque no, no se podía.",
      "confianza": 0.585
    },
    {
      "hablante": "Hablante B",
      "inicio": 101.95,
      "fin": 112.29,
      "duracion": 10.34,
      "texto": "No, no, sí, te entiendo Ruth, la verdad que lo que pasó es muy raro que haya pasado, pero lamento de lo que pasó, de que te hayan dicho que había fibra y la verdad que no.",
      "confianza": 0.607
    },
    {
      "hablante": "Hablante B",
      "inicio": 112.87,
      "fin": 117.82,
      "duracion": 4.95,
      "texto": "Pero mira, ahora con respecto a lo que son las niñas, ahora tenemos lo que es un descuento.",
      "confianza": 0.726
    },
    {
      "hablante": "Hablante B",
      "inicio": 118.31,
      "fin": 122.89,
      "duracion": 4.59,
      "texto": "¿Quién tenés en las 4GB base más 10 de regalos?",
      "confianza": 0.65
    },
    {
      "hablante": "Hablante B",
      "inicio": 122.95,
      "fin": 131.19,
      "duracion": 8.23,
      "texto": "Es decir, tendrían que 12GB más 4 extra porque vos sos titular de más de una niña vos o sos titular de una?",
      "confianza": 0.661
    },
    {
      "hablante": "Hablante B",
      "inicio": 131.21,
      "fin": 132.95,
      "duracion": 1.74,
      "texto": "Ahora, en este momento de estar sola.",
      "confianza": 0.628
    },
    {
      "hablante": "Hablante B",
      "inicio": 132.97,
      "fin": 138.6,
      "duracion": 5.63,
      "texto": "En este momento tenía otra también que lo usaba para trabajar, pero con todo lo que había pasado, dije bueno, me la voy con una sola.",
      "confianza": 0.653
    },
    {
      "hablante": "Hablante B",
      "inicio": 138.92,
      "fin": 142.43,
      "duracion": 3.51,
      "texto": "Mi marido sería lo de la casa y yo.",
      "confianza": 0.252
    },
    {
      "hablante": "Hablante B",
      "inicio": 142.45,
      "fin": 142.69,
      "duracion": 0.24,
      "texto": "Ah, bien.",
      "confianza": 0.651
    },
    {
      "hablante": "Hablante B",
      "inicio": 142.71,
      "fin": 144.99,
      "duracion": 2.28,
      "texto": "¿Pero vos sos titular de la fibra óptica también o no?",
      "confianza": 0.616
    },
    {
      "hablante": "Hablante A",
      "inicio": 146.88,
      "fin": 151.58,
      "duracion": 4.7,
      "texto": "Sí, creo que sí, que lo puse todo a mi nombre.",
      "confianza": 0.039
    },
    {
      "hablante": "Hablante A",
      "inicio": 151.6,
      "fin": 151.92,
      "duracion": 0.32,
      "texto": "Ah, bien, mira.",
      "confianza": 0.092
    },
    {
      "hablante": "Hablante A",
      "inicio": 151.94,
      "fin": 155.44,
      "duracion": 3.5,
      "texto": "Como pasó tanto tiempo ya ni me acuerdo por eso.",
      "confianza": 0.379
    },
    {
      "hablante": "Hablante A",
      "inicio": 155.47,
      "fin": 155.75,
      "duracion": 0.28,
      "texto": "Ajá, sí, bien.",
      "confianza": 0.082
    },
    {
      "hablante": "Hablante A",
      "inicio": 155.76,
      "fin": 174.84,
      "duracion": 19.08,
      "texto": "Bueno, mira, en la línea vos tendrías 4 GB más 10 GB de regalo, tendrías hasta 12 GB y cantarías con WhatsApp completamente gratis, podés hablar libre a cualquier compañía, te des mensajes, llamas sin imitadas y vos pusieras un descuento fijo por 6 meses y el valor es de 6.450 por tu línea.",
      "confianza": 0.676
    },
    {
      "hablante": "Hablante A",
      "inicio": 175.29,
      "fin": 177.22,
      "duracion": 1.93,
      "texto": "con respecto.",
      "confianza": 0.349
    },
    {
      "hablante": "Hablante A",
      "inicio": 177.24,
      "fin": 178.56,
      "duracion": 1.32,
      "texto": "Sí, disculpame que te interrumpa.",
      "confianza": 0.378
    },
    {
      "hablante": "Hablante A",
      "inicio": 178.58,
      "fin": 181.11,
      "duracion": 2.53,
      "texto": "¿Vos me lo podrías mandar todo esto por WhatsApp?",
      "confianza": 0.673
    },
    {
      "hablante": "Hablante A",
      "inicio": 181.45,
      "fin": 182.72,
      "duracion": 1.26,
      "texto": "Así yo después te lo muestro a él.",
      "confianza": 0.494
    },
    {
      "hablante": "Hablante A",
      "inicio": 183.54,
      "fin": 188.37,
      "duracion": 4.83,
      "texto": "Dale, sí, yo te lo envío por WhatsApp y cualquier cosa que tengamos me decís, ¿eh?",
      "confianza": 0.487
    },
    {
      "hablante": "Hablante A",
      "inicio": 188.39,
      "fin": 190.48,
      "duracion": 2.09,
      "texto": "Dale, dale, así.",
      "confianza": 0.366
    },
    {
      "hablante": "Hablante A",
      "inicio": 190.5,
      "fin": 191.02,
      "duracion": 0.52,
      "texto": "Sí, sí, sí.",
      "confianza": 0.206
    },
    {
      "hablante": "Hablante A",
      "inicio": 191.04,
      "fin": 192.08,
      "duracion": 1.04,
      "texto": "Vos también.",
      "confianza": 0.662
    },
    {
      "hablante": "Hablante A",
      "inicio": 192.1,
      "fin": 192.88,
      "duracion": 0.78,
      "texto": "Hasta luego, hasta luego.",
      "confianza": 0.473
    }
  ],
  "transcripcion_completa": "Hola, buen día. ¿Me escucha? Hola, buen día. ¿Hablo con Ruth? Sí. ¿Y quién habla? Mi nombre es Belén. Me presento. Mira, yo ahora estoy llamándoles del área de recupero y de movistar. Queríamos saber por qué se ha ido de la compañía en su momento. Ruth, coméntenme qué le sucedió a usted. Y me habían dejado sin internet, sincería sin Wi-Fi, desde diciembre a marzo prometiéndome poner fibra óptica y nunca pasó, así que me cansé. Ah, le habían dicho que sí tenía para fibra óptica. Claro, estuve sin internet desde principios de diciembre hasta marzo, más o menos, que se volvieron a comunicar conmigo, por eso en febrero creo que lo contraté, claro. No me acuerdo yo. Sí, sí, sí. Y con respecto a su línea, ¿usted también tenía movistar o solamente tenía movistar o dar? No, teníamos todo movistar. Tenían todo movistar. Bien, y ahora usted está con claro con todo. Bien. Sí, sí, sí. ¿Sabes qué plan tiene con claro en las líneas? No, de eso se maneja mi marido. Él se encarga de todo, de esto. Yo solamente me encargué de hacer los reclamos, que eran un montón de reclamos, hasta que dijimos, bueno, basta, porque yo trabajaba desde la casa, me tenía que ir todos los días a la casa de mi suegra, con dos nenas muy pequeñitas, muy bebés. Y era muy, pero muy traumático todo. Así que cuando venimos de vacaciones, dijimos vamos a hacer un cambio porque no, no se podía. No, no, sí, te entiendo Ruth, la verdad que lo que pasó es muy raro que haya pasado, pero lamento de lo que pasó, de que te hayan dicho que había fibra y la verdad que no. Pero mira, ahora con respecto a lo que son las niñas, ahora tenemos lo que es un descuento. ¿Quién tenés en las 4GB base más 10 de regalos? Es decir, tendrían que 12GB más 4 extra porque vos sos titular de más de una niña vos o sos titular de una? Ahora, en este momento de estar sola. En este momento tenía otra también que lo usaba para trabajar, pero con todo lo que había pasado, dije bueno, me la voy con una sola. Mi marido sería lo de la casa y yo. Ah, bien. ¿Pero vos sos titular de la fibra óptica también o no? Sí, creo que sí, que lo puse todo a mi nombre. Ah, bien, mira. Como pasó tanto tiempo ya ni me acuerdo por eso. Ajá, sí, bien. Bueno, mira, en la línea vos tendrías 4 GB más 10 GB de regalo, tendrías hasta 12 GB y cantarías con WhatsApp completamente gratis, podés hablar libre a cualquier compañía, te des mensajes, llamas sin imitadas y vos pusieras un descuento fijo por 6 meses y el valor es de 6.450 por tu línea. con respecto. Sí, disculpame que te interrumpa. ¿Vos me lo podrías mandar todo esto por WhatsApp? Así yo después te lo muestro a él. Dale, sí, yo te lo envío por WhatsApp y cualquier cosa que tengamos me decís, ¿eh? Dale, dale, así. Sí, sí, sí. Vos también. Hasta luego, hasta luego.",
  "calidad": {
    "confianza_promedio": 0.446,
    "metodo_diarizacion": "pausas_fallback",
    "tiempo_procesamiento": 7.8
  },
  "metadata": {
    "modelo": "whisperx_medium",
    "diarizacion": "pausas",
    "dispositivo": "cuda",
    "fecha": "2026-01-25T18:08:21.734657",
    "version": "5.0_ecapa"
  }
}