{
  "archivo": "amza19_1_260122134729951_ACD_38621.wav",
  "duracion_segundos": 101.5,
  "num_segmentos": 25,
  "num_hablantes": 2,
  "hablantes": [
    "Hablante A",
    "Hablante B"
  ],
  "tiempo_por_hablante": {
    "Hablante B": 64.04,
    "Hablante A": 24.77
  },
  "idioma": "es",
  "conversacion": [
    {
      "hablante": "Hablante B",
      "inicio": 1.7,
      "fin": 5.25,
      "duracion": 3.55,
      "texto": "Hola, buen día.",
      "confianza": 0.063
    },
    {
      "hablante": "Hablante B",
      "inicio": 5.27,
      "fin": 5.37,
      "duracion": 0.1,
      "texto": "Hola.",
      "confianza": 0.012
    },
    {
      "hablante": "Hablante B",
      "inicio": 5.39,
      "fin": 6.77,
      "duracion": 1.38,
      "texto": "Un gusto, sí, me presento.",
      "confianza": 0.769
    },
    {
      "hablante": "Hablante B",
      "inicio": 6.81,
      "fin": 7.65,
      "duracion": 0.84,
      "texto": "Mi nombre es Brisa.",
      "confianza": 0.46
    },
    {
      "hablante": "Hablante B",
      "inicio": 8.27,
      "fin": 9.88,
      "duracion": 1.6,
      "texto": "Estaba llamando... Hola.",
      "confianza": 0.347
    },
    {
      "hablante": "Hablante B",
      "inicio": 9.89,
      "fin": 14.18,
      "duracion": 4.29,
      "texto": "¿Me escucha?",
      "confianza": 0.698
    },
    {
      "hablante": "Hablante B",
      "inicio": 14.2,
      "fin": 14.68,
      "duracion": 0.48,
      "texto": "La escucho, la escucho.",
      "confianza": 0.052
    },
    {
      "hablante": "Hablante B",
      "inicio": 14.72,
      "fin": 15.88,
      "duracion": 1.16,
      "texto": "¿Me escucho un poco mejor?",
      "confianza": 0.741
    },
    {
      "hablante": "Hablante B",
      "inicio": 16.89,
      "fin": 19.35,
      "duracion": 2.46,
      "texto": "Un poquito mejor, sí.",
      "confianza": 0.14
    },
    {
      "hablante": "Hablante B",
      "inicio": 19.37,
      "fin": 23.04,
      "duracion": 3.67,
      "texto": "Bien, me estaba comunicando la idea de beneficios y promociones de Movistar.",
      "confianza": 0.513
    },
    {
      "hablante": "Hablante B",
      "inicio": 23.58,
      "fin": 26.58,
      "duracion": 3.0,
      "texto": "Era para que usted pueda aprovechar a pagar mucho menos por su línea.",
      "confianza": 0.757
    },
    {
      "hablante": "Hablante B",
      "inicio": 26.6,
      "fin": 28.38,
      "duracion": 1.78,
      "texto": "¿Usted está en claro actualmente?",
      "confianza": 0.514
    },
    {
      "hablante": "Hablante B",
      "inicio": 29.66,
      "fin": 33.11,
      "duracion": 3.44,
      "texto": "No, está bien señorita, por el momento no.",
      "confianza": 0.546
    },
    {
      "hablante": "Hablante B",
      "inicio": 33.13,
      "fin": 37.17,
      "duracion": 4.05,
      "texto": "Bien, lo entiendo, es por algo en particular, no le gustaría aprovechar y pagar menos.",
      "confianza": 0.624
    },
    {
      "hablante": "Hablante A",
      "inicio": 39.14,
      "fin": 42.66,
      "duracion": 3.53,
      "texto": "No, no, no, no, por ahora no.",
      "confianza": 0.339
    },
    {
      "hablante": "Hablante A",
      "inicio": 42.68,
      "fin": 46.37,
      "duracion": 3.69,
      "texto": "Bien, lo entiendo, disculpe, ¿ha tenido una mala experiencia en la compañía anteriormente?",
      "confianza": 0.482
    },
    {
      "hablante": "Hablante B",
      "inicio": 48.09,
      "fin": 54.24,
      "duracion": 6.15,
      "texto": "No le escucho nada, nada me escucha, mira.",
      "confianza": 0.277
    },
    {
      "hablante": "Hablante B",
      "inicio": 54.26,
      "fin": 54.86,
      "duracion": 0.6,
      "texto": "Bien, lo entiendo, disculpe.",
      "confianza": 0.15
    },
    {
      "hablante": "Hablante B",
      "inicio": 55.28,
      "fin": 61.71,
      "duracion": 6.43,
      "texto": "No, escúchame, escúchame, no la puedes culpar, me siento como si estuviera en otro planeta.",
      "confianza": 0.584
    },
    {
      "hablante": "Hablante B",
      "inicio": 63.17,
      "fin": 71.95,
      "duracion": 8.77,
      "texto": "Sí, pero a ella le estaban tratando de hablar un poco más fuerte, le preguntabas que había tenido una mala experiencia anteriormente en la compañía o por qué no le interesaban.",
      "confianza": 0.523
    },
    {
      "hablante": "Hablante B",
      "inicio": 71.97,
      "fin": 73.15,
      "duracion": 1.18,
      "texto": "Sí, sí, sí, sí.",
      "confianza": 0.204
    },
    {
      "hablante": "Hablante B",
      "inicio": 73.17,
      "fin": 82.28,
      "duracion": 9.11,
      "texto": "Sí, me cobraron por un servicio que no me dieron, o sea, después me dijeron un montón y dije, mire, pues ya pasa mucho tiempo, ya está, por ahora no vuelvo.",
      "confianza": 0.475
    },
    {
      "hablante": "Hablante A",
      "inicio": 83.92,
      "fin": 84.88,
      "duracion": 0.96,
      "texto": "Bien, me entiendo.",
      "confianza": 0.185
    },
    {
      "hablante": "Hablante A",
      "inicio": 84.9,
      "fin": 95.86,
      "duracion": 10.96,
      "texto": "Yo era solamente para que usted pudiera ver que hoy queremos hacer las cosas bien con usted y poder brindarle un servicio de calidad, realmente.",
      "confianza": 0.769
    },
    {
      "hablante": "Hablante A",
      "inicio": 95.88,
      "fin": 101.5,
      "duracion": 5.63,
      "texto": "Sí, pero no, no, no, no, no, no, no, no, no, no, no, no, no, no, no, no, no, no, no, no, no, no, no, no, no, no, no, no, no, no, no, no, no, no, no, no, no, no, no, no, no, no, no, no, no, no, no, no, no, no, no, no, no, no, no, no, no, no, no, no, no, no, no, no, no, no, no, no,",
      "confianza": 0.061
    }
  ],
  "transcripcion_completa": "Hola, buen día. Hola. Un gusto, sí, me presento. Mi nombre es Brisa. Estaba llamando... Hola. ¿Me escucha? La escucho, la escucho. ¿Me escucho un poco mejor? Un poquito mejor, sí. Bien, me estaba comunicando la idea de beneficios y promociones de Movistar. Era para que usted pueda aprovechar a pagar mucho menos por su línea. ¿Usted está en claro actualmente? No, está bien señorita, por el momento no. Bien, lo entiendo, es por algo en particular, no le gustaría aprovechar y pagar menos. No, no, no, no, por ahora no. Bien, lo entiendo, disculpe, ¿ha tenido una mala experiencia en la compañía anteriormente? No le escucho nada, nada me escucha, mira. Bien, lo entiendo, disculpe. No, escúchame, escúchame, no la puedes culpar, me siento como si estuviera en otro planeta. Sí, pero a ella le estaban tratando de hablar un poco más fuerte, le preguntabas que había tenido una mala experiencia anteriormente en la compañía o por qué no le interesaban. Sí, sí, sí, sí. Sí, me cobraron por un servicio que no me dieron, o sea, después me dijeron un montón y dije, mire, pues ya pasa mucho tiempo, ya está, por ahora no vuelvo. Bien, me entiendo. Yo era solamente para que usted pudiera ver que hoy queremos hacer las cosas bien con usted y poder brindarle un servicio de calidad, realmente. Sí, pero no, no, no, no, no, no, no, no, no, no, no, no, no, no, no, no, no, no, no, no, no, no, no, no, no, no, no, no, no, no, no, no, no, no, no, no, no, no, no, no, no, no, no, no, no, no, no, no, no, no, no, no, no, no, no, no, no, no, no, no, no, no, no, no, no, no, no, no,",
  "calidad": {
    "confianza_promedio": 0.411,
    "metodo_diarizacion": "pausas_fallback",
    "tiempo_procesamiento": 6.1
  },
  "metadata": {
    "modelo": "whisperx_medium",
    "diarizacion": "pausas",
    "dispositivo": "cuda",
    "fecha": "2026-01-25T17:37:38.284581",
    "version": "5.0_ecapa"
  }
}