{
  "archivo": "amza1_1_260123101937811_ACD_20181.wav",
  "duracion_segundos": 491.87,
  "num_segmentos": 146,
  "num_hablantes": 2,
  "hablantes": [
    "Hablante A",
    "Hablante B"
  ],
  "tiempo_por_hablante": {
    "Hablante A": 186.22,
    "Hablante B": 242.94
  },
  "idioma": "es",
  "conversacion": [
    {
      "hablante": "Hablante A",
      "inicio": 0.66,
      "fin": 1.82,
      "duracion": 1.16,
      "texto": "Hola.",
      "confianza": 0.488
    },
    {
      "hablante": "Hablante A",
      "inicio": 1.84,
      "fin": 2.68,
      "duracion": 0.84,
      "texto": "Hola, buenos días.",
      "confianza": 0.693
    },
    {
      "hablante": "Hablante A",
      "inicio": 2.78,
      "fin": 3.78,
      "duracion": 1.0,
      "texto": "Hablo con Jorge.",
      "confianza": 0.839
    },
    {
      "hablante": "Hablante B",
      "inicio": 5.5,
      "fin": 5.76,
      "duracion": 0.26,
      "texto": "¿Quién habla?",
      "confianza": 0.066
    },
    {
      "hablante": "Hablante B",
      "inicio": 5.78,
      "fin": 6.54,
      "duracion": 0.76,
      "texto": "Jorge, ¿cómo estás?",
      "confianza": 0.614
    },
    {
      "hablante": "Hablante B",
      "inicio": 6.56,
      "fin": 8.83,
      "duracion": 2.26,
      "texto": "Te habla Ewan, que linda la queda de refricios cada tu línea.",
      "confianza": 0.604
    },
    {
      "hablante": "Hablante B",
      "inicio": 8.93,
      "fin": 10.77,
      "duracion": 1.84,
      "texto": "Te queríamos recordar lo que es un descuento desde Movistar.",
      "confianza": 0.693
    },
    {
      "hablante": "Hablante B",
      "inicio": 10.79,
      "fin": 13.51,
      "duracion": 2.72,
      "texto": "¿Cómo te va?",
      "confianza": 0.75
    },
    {
      "hablante": "Hablante B",
      "inicio": 13.53,
      "fin": 13.73,
      "duracion": 0.2,
      "texto": "Todo bien.",
      "confianza": 0.012
    },
    {
      "hablante": "Hablante B",
      "inicio": 13.75,
      "fin": 14.35,
      "duracion": 0.6,
      "texto": "Bueno, me alegro, Jorge.",
      "confianza": 0.197
    },
    {
      "hablante": "Hablante B",
      "inicio": 14.37,
      "fin": 19.16,
      "duracion": 4.79,
      "texto": "Te comento brevemente que, tal o tal, sí, me aseguras que estás aguantando algo de 18.000 pesos por tu línea móvil.",
      "confianza": 0.554
    },
    {
      "hablante": "Hablante B",
      "inicio": 19.18,
      "fin": 20.58,
      "duracion": 1.4,
      "texto": "¿Puede ser?",
      "confianza": 0.462
    },
    {
      "hablante": "Hablante B",
      "inicio": 20.6,
      "fin": 20.88,
      "duracion": 0.28,
      "texto": "¿Cuánto?",
      "confianza": 0.602
    },
    {
      "hablante": "Hablante B",
      "inicio": 21.46,
      "fin": 22.98,
      "duracion": 1.52,
      "texto": "18.000 pesos, en claro.",
      "confianza": 0.794
    },
    {
      "hablante": "Hablante B",
      "inicio": 24.09,
      "fin": 25.96,
      "duracion": 1.86,
      "texto": "No, no, 14.",
      "confianza": 0.176
    },
    {
      "hablante": "Hablante B",
      "inicio": 25.98,
      "fin": 26.68,
      "duracion": 0.7,
      "texto": "Ah, bien, 14.",
      "confianza": 0.687
    },
    {
      "hablante": "Hablante B",
      "inicio": 27.02,
      "fin": 27.8,
      "duracion": 0.78,
      "texto": "Bueno, te comento, ¿sí?",
      "confianza": 0.522
    },
    {
      "hablante": "Hablante B",
      "inicio": 27.84,
      "fin": 32.32,
      "duracion": 4.48,
      "texto": "El día de hoy tenemos lo que es una promoción exclusiva justamente para nuestra que anteriormente estuviste en Movistar, ¿sí?",
      "confianza": 0.573
    },
    {
      "hablante": "Hablante B",
      "inicio": 32.34,
      "fin": 34.06,
      "duracion": 1.72,
      "texto": "Esos son clientes, digamos, seleccionados.",
      "confianza": 0.546
    },
    {
      "hablante": "Hablante B",
      "inicio": 34.65,
      "fin": 35.17,
      "duracion": 0.52,
      "texto": "Bien.",
      "confianza": 0.832
    },
    {
      "hablante": "Hablante B",
      "inicio": 35.19,
      "fin": 44.31,
      "duracion": 9.13,
      "texto": "Vemos lo que es un plan justamente de 8 dígadas de base, de más 10 dígadas de regalo por 3 meses para que justamente puedas disfrutar del servicio, Jorge, para que puedas ver lo que es el plan full, ¿sí?",
      "confianza": 0.66
    },
    {
      "hablante": "Hablante B",
      "inicio": 44.85,
      "fin": 50.22,
      "duracion": 5.37,
      "texto": "Sí, pero lo que es WhatsApp Gratis los 30 días al mes o como que utilizas mucho WhatsApp, ¿no?",
      "confianza": 0.498
    },
    {
      "hablante": "Hablante B",
      "inicio": 50.24,
      "fin": 50.54,
      "duracion": 0.3,
      "texto": "Sí, sí, sí.",
      "confianza": 0.21
    },
    {
      "hablante": "Hablante B",
      "inicio": 50.94,
      "fin": 55.91,
      "duracion": 4.97,
      "texto": "Bien, incluye lo que es WhatsApp gratis totalmente bonificado, las llamadas también a cualquier tipo de compañía bonificada.",
      "confianza": 0.584
    },
    {
      "hablante": "Hablante B",
      "inicio": 56.41,
      "fin": 62.02,
      "duracion": 5.61,
      "texto": "Y como el extra tiene lo que es roaming en América y llamadas América Precio Local, tan solo por 8.000 pesos mensuales.",
      "confianza": 0.693
    },
    {
      "hablante": "Hablante B",
      "inicio": 62.58,
      "fin": 65.63,
      "duracion": 3.04,
      "texto": "Jorge, vas a estar ganando de cuento fijo por seis meses, ¿sí?",
      "confianza": 0.632
    },
    {
      "hablante": "Hablante B",
      "inicio": 66.39,
      "fin": 68.81,
      "duracion": 2.42,
      "texto": "Usted es el carente.",
      "confianza": 0.29
    },
    {
      "hablante": "Hablante B",
      "inicio": 68.83,
      "fin": 72.38,
      "duracion": 3.55,
      "texto": "Es mucho más económico de lo que las está ganando actualmente.",
      "confianza": 0.663
    },
    {
      "hablante": "Hablante B",
      "inicio": 72.42,
      "fin": 77.0,
      "duracion": 4.59,
      "texto": "Igual es que en realidad me gustaría volver a pasar otra vez a Movistar.",
      "confianza": 0.327
    },
    {
      "hablante": "Hablante B",
      "inicio": 77.03,
      "fin": 77.08,
      "duracion": 0.06,
      "texto": "Sí.",
      "confianza": 0.324
    },
    {
      "hablante": "Hablante B",
      "inicio": 77.91,
      "fin": 84.56,
      "duracion": 6.65,
      "texto": "Porque en casa baje el wifi de la movilidad, lo dices.",
      "confianza": 0.068
    },
    {
      "hablante": "Hablante B",
      "inicio": 84.58,
      "fin": 84.64,
      "duracion": 0.06,
      "texto": "Sí.",
      "confianza": 0.099
    },
    {
      "hablante": "Hablante B",
      "inicio": 84.66,
      "fin": 86.86,
      "duracion": 2.2,
      "texto": "¿Tenés el internet en tu casa instalado?",
      "confianza": 0.356
    },
    {
      "hablante": "Hablante B",
      "inicio": 87.26,
      "fin": 89.28,
      "duracion": 2.02,
      "texto": "Claro, tengo el internet instalado en casa.",
      "confianza": 0.103
    },
    {
      "hablante": "Hablante B",
      "inicio": 89.3,
      "fin": 91.76,
      "duracion": 2.46,
      "texto": "Bien, en ese caso vas a tener un beneficio, ¿sí?",
      "confianza": 0.685
    },
    {
      "hablante": "Hablante B",
      "inicio": 91.78,
      "fin": 96.37,
      "duracion": 4.58,
      "texto": "Que justamente se te van a descontar de lo que es la factura de la fibra, 4.000 pesos, ¿bien?",
      "confianza": 0.746
    },
    {
      "hablante": "Hablante B",
      "inicio": 96.89,
      "fin": 102.24,
      "duracion": 5.35,
      "texto": "Así que tenlo en cuenta que sería como que vas a estar aguantando la línea 4.000, porque vas a tener un descuento, ¿entendés?",
      "confianza": 0.618
    },
    {
      "hablante": "Hablante B",
      "inicio": 102.32,
      "fin": 106.38,
      "duracion": 4.06,
      "texto": "Como que si lo razonas de esta manera, te va a quedar la línea más económica, ¿bien?",
      "confianza": 0.569
    },
    {
      "hablante": "Hablante B",
      "inicio": 107.03,
      "fin": 110.38,
      "duracion": 3.34,
      "texto": "Te voy a mandar, eh... Sí, decime.",
      "confianza": 0.115
    },
    {
      "hablante": "Hablante B",
      "inicio": 110.4,
      "fin": 113.8,
      "duracion": 3.4,
      "texto": "¿Cómo lo puedo hacer para volver a obtener el chip, digamos?",
      "confianza": 0.226
    },
    {
      "hablante": "Hablante B",
      "inicio": 113.82,
      "fin": 116.08,
      "duracion": 2.26,
      "texto": "Bien, eso lo hacemos a través de la llamada, Jorge.",
      "confianza": 0.663
    },
    {
      "hablante": "Hablante B",
      "inicio": 116.44,
      "fin": 118.57,
      "duracion": 2.12,
      "texto": "Nos va a llevar alrededor de 10 a 15 minutos, ¿sí?",
      "confianza": 0.669
    },
    {
      "hablante": "Hablante B",
      "inicio": 118.61,
      "fin": 123.13,
      "duracion": 4.52,
      "texto": "Yo te voy a mandar un mensaje ahora, te voy a poner, hola Jorge, soy Angelina Movistar, en mi WhatsApp.",
      "confianza": 0.42
    },
    {
      "hablante": "Hablante B",
      "inicio": 123.15,
      "fin": 123.93,
      "duracion": 0.78,
      "texto": "¿Tenés las manos libres?",
      "confianza": 0.562
    },
    {
      "hablante": "Hablante A",
      "inicio": 126.43,
      "fin": 126.57,
      "duracion": 0.14,
      "texto": "Sí, sí.",
      "confianza": 0.002
    },
    {
      "hablante": "Hablante A",
      "inicio": 126.59,
      "fin": 126.69,
      "duracion": 0.1,
      "texto": "Bien.",
      "confianza": 0.128
    },
    {
      "hablante": "Hablante A",
      "inicio": 126.71,
      "fin": 132.72,
      "duracion": 6.01,
      "texto": "Nos va a llevar 10 minutitos, lo podemos hacer ahora, así, dentro de 48 a 62 horas hábiles, vamos a estar pudiendo portar lo que es la línea, ¿bien?",
      "confianza": 0.611
    },
    {
      "hablante": "Hablante A",
      "inicio": 133.96,
      "fin": 134.32,
      "duracion": 0.36,
      "texto": "Sí, puedo.",
      "confianza": 0.249
    },
    {
      "hablante": "Hablante A",
      "inicio": 134.34,
      "fin": 135.32,
      "duracion": 0.98,
      "texto": "Te comento cómo tenés que hacer.",
      "confianza": 0.484
    },
    {
      "hablante": "Hablante A",
      "inicio": 135.67,
      "fin": 138.38,
      "duracion": 2.7,
      "texto": "¿Tenés que ir a buscar lo que es el chip a una sucursal de Movistar?",
      "confianza": 0.429
    },
    {
      "hablante": "Hablante A",
      "inicio": 138.4,
      "fin": 140.42,
      "duracion": 2.02,
      "texto": "¿De qué localidad de Buenos Aires sos?",
      "confianza": 0.715
    },
    {
      "hablante": "Hablante A",
      "inicio": 141.64,
      "fin": 142.3,
      "duracion": 0.66,
      "texto": "Ese es el tema.",
      "confianza": 0.42
    },
    {
      "hablante": "Hablante A",
      "inicio": 142.54,
      "fin": 144.6,
      "duracion": 2.06,
      "texto": "Ese es el tema, porque no tengo mucho tiempo, ¿viste?",
      "confianza": 0.559
    },
    {
      "hablante": "Hablante A",
      "inicio": 144.62,
      "fin": 147.03,
      "duracion": 2.4,
      "texto": "Como trabajo todos los días, no tengo tiempo.",
      "confianza": 0.563
    },
    {
      "hablante": "Hablante B",
      "inicio": 148.59,
      "fin": 149.69,
      "duracion": 1.1,
      "texto": "Ese es el blog.",
      "confianza": 0.062
    },
    {
      "hablante": "Hablante B",
      "inicio": 149.71,
      "fin": 158.12,
      "duracion": 8.41,
      "texto": "A ver, eh... Él sabe cuando me... Él sabe cuando me aclaro también, me dijo así lo mismo, que tengo que acercarme a un sucursal, le digo, no, no puedo, estoy trabajando, le digo... No hay ningún problema, ¿puedo?",
      "confianza": 0.455
    },
    {
      "hablante": "Hablante B",
      "inicio": 158.14,
      "fin": 162.65,
      "duracion": 4.51,
      "texto": "Me lo mandaron el chip, me lo mandaron el chip, por la Andrea Ney, hasta la casa.",
      "confianza": 0.376
    },
    {
      "hablante": "Hablante B",
      "inicio": 162.67,
      "fin": 163.69,
      "duracion": 1.02,
      "texto": "Bien, ¿podemos hacer eso?",
      "confianza": 0.619
    },
    {
      "hablante": "Hablante B",
      "inicio": 163.89,
      "fin": 168.82,
      "duracion": 4.93,
      "texto": "O si no te pudo derivar, como para que tengas la línea más rápido, es a un kiosco sex que esté habilitado.",
      "confianza": 0.662
    },
    {
      "hablante": "Hablante B",
      "inicio": 168.86,
      "fin": 175.11,
      "duracion": 6.25,
      "texto": "Puede ser un kiosco en la vuelta de tu casa, sí el kiosco del barrio, que están generalmente habilitados para poder vender chips en blanco.",
      "confianza": 0.664
    },
    {
      "hablante": "Hablante B",
      "inicio": 175.59,
      "fin": 181.44,
      "duracion": 5.85,
      "texto": "Vos lo que haces es ir a comprar el chip que tiene un valor aproximado de entre $2,200 y $1,500 pesos y lo activas en tu casa con lo que es.",
      "confianza": 0.73
    },
    {
      "hablante": "Hablante B",
      "inicio": 181.46,
      "fin": 187.43,
      "duracion": 5.97,
      "texto": "Tu número de teléfono, tu identificación, tu ID, digamos, y lo que es un reconocimiento facial.",
      "confianza": 0.8
    },
    {
      "hablante": "Hablante B",
      "inicio": 188.79,
      "fin": 201.07,
      "duracion": 12.28,
      "texto": "Pero, o sea, la diferencia que tenés con el envío a domicilio es que vas a poder desaportar la línea más rápido que a domicilio y no vas a tener que estar esperando a que andrán injustamente de él, coordinar y que si no hay nadie en el domicilio por ahí te lo deriven a una sucursal.",
      "confianza": 0.606
    },
    {
      "hablante": "Hablante B",
      "inicio": 201.79,
      "fin": 203.87,
      "duracion": 2.08,
      "texto": "Eso es lo que no suelo recomendarle a los clientes.",
      "confianza": 0.748
    },
    {
      "hablante": "Hablante B",
      "inicio": 203.89,
      "fin": 204.62,
      "duracion": 0.72,
      "texto": "No sé qué te parece.",
      "confianza": 0.628
    },
    {
      "hablante": "Hablante A",
      "inicio": 208.0,
      "fin": 209.02,
      "duracion": 1.02,
      "texto": "No, la casa de atrás.",
      "confianza": 0.11
    },
    {
      "hablante": "Hablante A",
      "inicio": 209.04,
      "fin": 209.6,
      "duracion": 0.56,
      "texto": "Hay gente que pueda recibir.",
      "confianza": 0.028
    },
    {
      "hablante": "Hablante A",
      "inicio": 209.62,
      "fin": 209.86,
      "duracion": 0.24,
      "texto": "Perfecto.",
      "confianza": 0.489
    },
    {
      "hablante": "Hablante A",
      "inicio": 209.88,
      "fin": 211.36,
      "duracion": 1.48,
      "texto": "Entonces lo hacemos con envío a domicilio.",
      "confianza": 0.473
    },
    {
      "hablante": "Hablante A",
      "inicio": 211.38,
      "fin": 212.15,
      "duracion": 0.76,
      "texto": "No hay inconvenientes.",
      "confianza": 0.495
    },
    {
      "hablante": "Hablante B",
      "inicio": 214.93,
      "fin": 215.05,
      "duracion": 0.12,
      "texto": "Bien.",
      "confianza": 0.203
    },
    {
      "hablante": "Hablante B",
      "inicio": 215.09,
      "fin": 217.77,
      "duracion": 2.68,
      "texto": "Acá me figura una serie de datos que hay que validar, ¿sí?",
      "confianza": 0.763
    },
    {
      "hablante": "Hablante B",
      "inicio": 218.8,
      "fin": 225.41,
      "duracion": 6.61,
      "texto": "Es un dato que en esa vez que no lo estaba teniendo el DNI, me lo activó un amigo, que ahora el amigo falleció.",
      "confianza": 0.644
    },
    {
      "hablante": "Hablante B",
      "inicio": 226.33,
      "fin": 226.79,
      "duracion": 0.46,
      "texto": "Sí.",
      "confianza": 0.531
    },
    {
      "hablante": "Hablante B",
      "inicio": 227.37,
      "fin": 229.67,
      "duracion": 2.3,
      "texto": "Nunca lo podía retirar en San Martín, era.",
      "confianza": 0.539
    },
    {
      "hablante": "Hablante B",
      "inicio": 230.25,
      "fin": 235.42,
      "duracion": 5.17,
      "texto": "Tenía un concurso de San Martín para retirar el chat.",
      "confianza": 0.267
    },
    {
      "hablante": "Hablante B",
      "inicio": 235.44,
      "fin": 235.54,
      "duracion": 0.1,
      "texto": "Bien.",
      "confianza": 0.041
    },
    {
      "hablante": "Hablante B",
      "inicio": 235.56,
      "fin": 236.78,
      "duracion": 1.22,
      "texto": "No hay problema, yo te lo envío a domicilio.",
      "confianza": 0.202
    },
    {
      "hablante": "Hablante B",
      "inicio": 236.8,
      "fin": 238.26,
      "duracion": 1.46,
      "texto": "Te hago una consulta, Jorge.",
      "confianza": 0.61
    },
    {
      "hablante": "Hablante B",
      "inicio": 238.62,
      "fin": 240.22,
      "duracion": 1.6,
      "texto": "La línea está tu nombre, ¿no es cierto?",
      "confianza": 0.587
    },
    {
      "hablante": "Hablante B",
      "inicio": 241.57,
      "fin": 243.71,
      "duracion": 2.14,
      "texto": "No, la línea está... El declaro, sí.",
      "confianza": 0.726
    },
    {
      "hablante": "Hablante B",
      "inicio": 244.45,
      "fin": 245.95,
      "duracion": 1.5,
      "texto": "El declaro está mi nombre ahora.",
      "confianza": 0.467
    },
    {
      "hablante": "Hablante B",
      "inicio": 245.97,
      "fin": 247.89,
      "duracion": 1.92,
      "texto": "Perfecto.",
      "confianza": 0.67
    },
    {
      "hablante": "Hablante B",
      "inicio": 247.91,
      "fin": 248.43,
      "duracion": 0.52,
      "texto": "O sea, la factura llega...",
      "confianza": 0.043
    },
    {
      "hablante": "Hablante B",
      "inicio": 249.68,
      "fin": 251.46,
      "duracion": 1.78,
      "texto": "La falta se va a mi nombre, sí.",
      "confianza": 0.212
    },
    {
      "hablante": "Hablante B",
      "inicio": 251.48,
      "fin": 251.74,
      "duracion": 0.26,
      "texto": "Perfecto.",
      "confianza": 0.771
    },
    {
      "hablante": "Hablante B",
      "inicio": 251.78,
      "fin": 253.28,
      "duracion": 1.5,
      "texto": "Entonces lo podemos hacer sin ningún problema.",
      "confianza": 0.567
    },
    {
      "hablante": "Hablante B",
      "inicio": 254.11,
      "fin": 260.11,
      "duracion": 6.01,
      "texto": "Me figura que la línea está en nombre de Villalba Jorge Adalberto, ¿correcto?",
      "confianza": 0.603
    },
    {
      "hablante": "Hablante B",
      "inicio": 260.13,
      "fin": 260.43,
      "duracion": 0.3,
      "texto": "Correcto.",
      "confianza": 0.313
    },
    {
      "hablante": "Hablante B",
      "inicio": 260.45,
      "fin": 262.72,
      "duracion": 2.26,
      "texto": "Bien.",
      "confianza": 0.58
    },
    {
      "hablante": "Hablante B",
      "inicio": 262.74,
      "fin": 264.3,
      "duracion": 1.56,
      "texto": "Vamos a acordar lo que es el domicilio.",
      "confianza": 0.844
    },
    {
      "hablante": "Hablante B",
      "inicio": 264.34,
      "fin": 270.83,
      "duracion": 6.49,
      "texto": "Voy a necesitar que me brindes, por favor, lo que es el calle y numeración para que yo lo corroble en el Google Maps, ¿sí?",
      "confianza": 0.589
    },
    {
      "hablante": "Hablante B",
      "inicio": 270.85,
      "fin": 274.13,
      "duracion": 3.29,
      "texto": "Y se necesita lo que es, justamente, también dos referencias al domicilio.",
      "confianza": 0.702
    },
    {
      "hablante": "Hablante B",
      "inicio": 274.17,
      "fin": 276.83,
      "duracion": 2.66,
      "texto": "Así que decime lo que es calle y numeración para el tema envío.",
      "confianza": 0.672
    },
    {
      "hablante": "Hablante A",
      "inicio": 278.47,
      "fin": 293.63,
      "duracion": 15.16,
      "texto": "mandame mensaje y si puedo ir repondiendo por mensaje porque te digo la verdad no me acuerdo porque hace dos meses que me mudé ahí viste ok ahí te lo mandé así que cuando puedas mandamelo ¿estás ahora en tu casa?",
      "confianza": 0.483
    },
    {
      "hablante": "Hablante A",
      "inicio": 293.65,
      "fin": 302.74,
      "duracion": 9.09,
      "texto": "no no ahora estoy trabajando por eso bien no hay ningún problema mandamelo cuando puedas por favor porque yo tengo que cargar eso sí o sí para hacerte el envío a mi sitio ¿bien?",
      "confianza": 0.619
    },
    {
      "hablante": "Hablante A",
      "inicio": 303.8,
      "fin": 304.54,
      "duracion": 0.74,
      "texto": "Dale, dale, dale.",
      "confianza": 0.096
    },
    {
      "hablante": "Hablante A",
      "inicio": 304.56,
      "fin": 307.4,
      "duracion": 2.84,
      "texto": "Me figura que tu DNI arranca en 96, ¿sí?",
      "confianza": 0.739
    },
    {
      "hablante": "Hablante A",
      "inicio": 307.42,
      "fin": 309.61,
      "duracion": 2.18,
      "texto": "Me herirías los últimos tres dígitos para ver si es el mismo.",
      "confianza": 0.779
    },
    {
      "hablante": "Hablante A",
      "inicio": 310.95,
      "fin": 316.31,
      "duracion": 5.37,
      "texto": "Vale, aguanta un segundo porque, la verdad, estoy arriba y me tengo que bajar para acomodarme.",
      "confianza": 0.411
    },
    {
      "hablante": "Hablante A",
      "inicio": 316.33,
      "fin": 317.07,
      "duracion": 0.74,
      "texto": "Ah, ok, dale.",
      "confianza": 0.484
    },
    {
      "hablante": "Hablante A",
      "inicio": 317.33,
      "fin": 327.01,
      "duracion": 9.67,
      "texto": "Sí, nos va a llevar diez minutitos, pero bueno, me necesito un punto del tiempito.",
      "confianza": 0.367
    },
    {
      "hablante": "Hablante A",
      "inicio": 327.03,
      "fin": 327.25,
      "duracion": 0.22,
      "texto": "Hola.",
      "confianza": 0.814
    },
    {
      "hablante": "Hablante B",
      "inicio": 329.47,
      "fin": 330.73,
      "duracion": 1.26,
      "texto": "Ah, sí, sí, sí, sí.",
      "confianza": 0.308
    },
    {
      "hablante": "Hablante B",
      "inicio": 330.75,
      "fin": 332.25,
      "duracion": 1.5,
      "texto": "No hay problema, pensé que se había cortado.",
      "confianza": 0.364
    },
    {
      "hablante": "Hablante A",
      "inicio": 339.1,
      "fin": 342.53,
      "duracion": 3.43,
      "texto": "El último es 695.",
      "confianza": 0.366
    },
    {
      "hablante": "Hablante A",
      "inicio": 342.57,
      "fin": 343.35,
      "duracion": 0.78,
      "texto": "Está bien, 695, perfecto.",
      "confianza": 0.518
    },
    {
      "hablante": "Hablante A",
      "inicio": 343.37,
      "fin": 345.93,
      "duracion": 2.56,
      "texto": "Sí me figura acá que es 9638-2695.",
      "confianza": 0.48
    },
    {
      "hablante": "Hablante A",
      "inicio": 346.54,
      "fin": 349.62,
      "duracion": 3.09,
      "texto": "Exactamente.",
      "confianza": 0.384
    },
    {
      "hablante": "Hablante A",
      "inicio": 349.64,
      "fin": 352.13,
      "duracion": 2.49,
      "texto": "Perfecto, la línea que vamos a aportar es la línea 11-5131-7206.",
      "confianza": 0.803
    },
    {
      "hablante": "Hablante A",
      "inicio": 352.15,
      "fin": 359.52,
      "duracion": 7.38,
      "texto": "Voy a necesitar que me brindes por favor un mail de contacto para que tengamos toda la información que tenga que ver con la facturación.",
      "confianza": 0.754
    },
    {
      "hablante": "Hablante A",
      "inicio": 360.62,
      "fin": 368.89,
      "duracion": 8.27,
      "texto": "Apenas cuando me desocupe, ahora son las 10 y media, a las 12 tengo que bajar a comer y ahí lo hacemos.",
      "confianza": 0.608
    },
    {
      "hablante": "Hablante A",
      "inicio": 368.91,
      "fin": 372.17,
      "duracion": 3.26,
      "texto": "Ok, entonces hagamos una cosa, ¿querés que te vuelva el llamado a las 12?",
      "confianza": 0.648
    },
    {
      "hablante": "Hablante B",
      "inicio": 373.97,
      "fin": 376.39,
      "duracion": 2.42,
      "texto": "Sí, más o menos 12, 12 y cuarto, 12 y media.",
      "confianza": 0.388
    },
    {
      "hablante": "Hablante B",
      "inicio": 376.42,
      "fin": 384.56,
      "duracion": 8.15,
      "texto": "Bueno, hagamos una cosa Jorge, mandame un mensajito ahora mismo en el WhatsApp, te acabo de justamente mandar un mensaje, te puse, hola Jorge, soy Eva Angelina de Montar.",
      "confianza": 0.558
    },
    {
      "hablante": "Hablante B",
      "inicio": 385.13,
      "fin": 390.36,
      "duracion": 5.23,
      "texto": "Ahí respondeme y avísame cuando te pueda llamar o yo te voy a estar llamando directamente a las 12, ¿vale?",
      "confianza": 0.557
    },
    {
      "hablante": "Hablante B",
      "inicio": 390.38,
      "fin": 393.07,
      "duracion": 2.68,
      "texto": "Vale, vale, vale.",
      "confianza": 0.308
    },
    {
      "hablante": "Hablante B",
      "inicio": 393.09,
      "fin": 393.69,
      "duracion": 0.6,
      "texto": "Bueno, perfecto.",
      "confianza": 0.426
    },
    {
      "hablante": "Hablante B",
      "inicio": 393.71,
      "fin": 396.41,
      "duracion": 2.7,
      "texto": "Aquí lo hacemos porque la promoción está vigente solo hasta hoy.",
      "confianza": 0.758
    },
    {
      "hablante": "Hablante B",
      "inicio": 396.75,
      "fin": 398.6,
      "duracion": 1.84,
      "texto": "Hasta hoy día de viernes, hasta que la aprovechemos.",
      "confianza": 0.635
    },
    {
      "hablante": "Hablante A",
      "inicio": 401.06,
      "fin": 402.26,
      "duracion": 1.2,
      "texto": "Hay que lo mande el mensaje.",
      "confianza": 0.044
    },
    {
      "hablante": "Hablante A",
      "inicio": 402.28,
      "fin": 402.88,
      "duracion": 0.6,
      "texto": "Bueno, perfecto.",
      "confianza": 0.444
    },
    {
      "hablante": "Hablante A",
      "inicio": 402.9,
      "fin": 407.37,
      "duracion": 4.47,
      "texto": "Porque te comento también que te voy a solicitar más tarde lo que es una foto del frente y el dorso del DNI.",
      "confianza": 0.684
    },
    {
      "hablante": "Hablante A",
      "inicio": 407.47,
      "fin": 410.01,
      "duracion": 2.54,
      "texto": "Eso es para validar lo que es tu identidad con razón para línea.",
      "confianza": 0.616
    },
    {
      "hablante": "Hablante A",
      "inicio": 410.31,
      "fin": 416.4,
      "duracion": 6.09,
      "texto": "Así que eso también, para que lo tengas en cuenta, que voy a necesitar esas fotitos y las querés ir sacando en un rato y me las mandas, no hay ningún problema.",
      "confianza": 0.642
    },
    {
      "hablante": "Hablante A",
      "inicio": 417.02,
      "fin": 426.71,
      "duracion": 9.69,
      "texto": "Y lo único que tendría que hacer el Algamadar es hacer lo que es el repaso del plan, el cierre comercial, que tiene que quedar grabado sí o sí en Algamadar para que se haga el acuerdo entre vos y la compañía.",
      "confianza": 0.676
    },
    {
      "hablante": "Hablante A",
      "inicio": 427.05,
      "fin": 438.47,
      "duracion": 11.41,
      "texto": "Y te tengo que enviar lo que es el código de portabilidad para que justamente podamos cambiar de una empresa a la otra, ¿bien?",
      "confianza": 0.684
    },
    {
      "hablante": "Hablante A",
      "inicio": 438.49,
      "fin": 438.79,
      "duracion": 0.3,
      "texto": "Eso lo hacemos.",
      "confianza": 0.002
    },
    {
      "hablante": "Hablante A",
      "inicio": 438.81,
      "fin": 439.03,
      "duracion": 0.22,
      "texto": "Sí, decime.",
      "confianza": 0.002
    },
    {
      "hablante": "Hablante A",
      "inicio": 439.05,
      "fin": 440.17,
      "duracion": 1.12,
      "texto": "En este caso, yo ahora, en este momento les debo aclarar",
      "confianza": 0.022
    },
    {
      "hablante": "Hablante A",
      "inicio": 440.84,
      "fin": 445.55,
      "duracion": 4.71,
      "texto": "Sí, no hay ningún problema.",
      "confianza": 0.684
    },
    {
      "hablante": "Hablante A",
      "inicio": 445.57,
      "fin": 452.44,
      "duracion": 6.87,
      "texto": "Vos vas a hacer el cambio hoy y vas a poder estar portando la línea dentro de 72 horas hábiles, así que eso no te da ningún problema.",
      "confianza": 0.641
    },
    {
      "hablante": "Hablante A",
      "inicio": 452.45,
      "fin": 459.22,
      "duracion": 6.77,
      "texto": "Y recién vas a abonar justamente lo que es su mes al mes de uso de la línea de movistar.",
      "confianza": 0.741
    },
    {
      "hablante": "Hablante A",
      "inicio": 459.62,
      "fin": 464.41,
      "duracion": 4.79,
      "texto": "Así que no te quedes tranquilo, no te vas a quedar incomunicado tampoco mientras que hagamos el trámite, ¿sabes?",
      "confianza": 0.615
    },
    {
      "hablante": "Hablante A",
      "inicio": 464.43,
      "fin": 466.39,
      "duracion": 1.96,
      "texto": "No te va a caer la línea, en claro.",
      "confianza": 0.628
    },
    {
      "hablante": "Hablante A",
      "inicio": 467.28,
      "fin": 468.9,
      "duracion": 1.62,
      "texto": "Dale, dale, dale.",
      "confianza": 0.109
    },
    {
      "hablante": "Hablante A",
      "inicio": 468.93,
      "fin": 471.55,
      "duracion": 2.62,
      "texto": "Bueno, dale, te volvó el llamado entonces, Jorge, a las doce, ¿te parece?",
      "confianza": 0.474
    },
    {
      "hablante": "Hablante A",
      "inicio": 472.75,
      "fin": 476.51,
      "duracion": 3.76,
      "texto": "Sí, por eso, doce y cuarto, doce y media, más o menos, el llamado.",
      "confianza": 0.423
    },
    {
      "hablante": "Hablante A",
      "inicio": 476.53,
      "fin": 477.78,
      "duracion": 1.24,
      "texto": "Listo.",
      "confianza": 0.29
    },
    {
      "hablante": "Hablante A",
      "inicio": 477.8,
      "fin": 479.44,
      "duracion": 1.64,
      "texto": "Termino la comedia, hablamos bien.",
      "confianza": 0.461
    },
    {
      "hablante": "Hablante A",
      "inicio": 479.46,
      "fin": 484.78,
      "duracion": 5.33,
      "texto": "Dale, dale, vos en todo el caso damos una cosa, me mandas un mensajito por WhatsApp, me decís, eh, va a llamarme y yo te lo damos sin problema.",
      "confianza": 0.611
    },
    {
      "hablante": "Hablante A",
      "inicio": 485.67,
      "fin": 485.73,
      "duracion": 0.06,
      "texto": "Sí.",
      "confianza": 0.494
    },
    {
      "hablante": "Hablante A",
      "inicio": 485.89,
      "fin": 486.39,
      "duracion": 0.5,
      "texto": "Dale, dale.",
      "confianza": 0.488
    },
    {
      "hablante": "Hablante A",
      "inicio": 486.89,
      "fin": 490.99,
      "duracion": 4.11,
      "texto": "Dale, Jorge, mil gracias, estamos en contacto entonces.",
      "confianza": 0.646
    },
    {
      "hablante": "Hablante A",
      "inicio": 491.01,
      "fin": 491.61,
      "duracion": 0.6,
      "texto": "Dale, chau, chau.",
      "confianza": 0.08
    },
    {
      "hablante": "Hablante A",
      "inicio": 491.63,
      "fin": 491.87,
      "duracion": 0.24,
      "texto": "Hasta luego.",
      "confianza": 0.096
    }
  ],
  "transcripcion_completa": "Hola. Hola, buenos días. Hablo con Jorge. ¿Quién habla? Jorge, ¿cómo estás? Te habla Ewan, que linda la queda de refricios cada tu línea. Te queríamos recordar lo que es un descuento desde Movistar. ¿Cómo te va? Todo bien. Bueno, me alegro, Jorge. Te comento brevemente que, tal o tal, sí, me aseguras que estás aguantando algo de 18.000 pesos por tu línea móvil. ¿Puede ser? ¿Cuánto? 18.000 pesos, en claro. No, no, 14. Ah, bien, 14. Bueno, te comento, ¿sí? El día de hoy tenemos lo que es una promoción exclusiva justamente para nuestra que anteriormente estuviste en Movistar, ¿sí? Esos son clientes, digamos, seleccionados. Bien. Vemos lo que es un plan justamente de 8 dígadas de base, de más 10 dígadas de regalo por 3 meses para que justamente puedas disfrutar del servicio, Jorge, para que puedas ver lo que es el plan full, ¿sí? Sí, pero lo que es WhatsApp Gratis los 30 días al mes o como que utilizas mucho WhatsApp, ¿no? Sí, sí, sí. Bien, incluye lo que es WhatsApp gratis totalmente bonificado, las llamadas también a cualquier tipo de compañía bonificada. Y como el extra tiene lo que es roaming en América y llamadas América Precio Local, tan solo por 8.000 pesos mensuales. Jorge, vas a estar ganando de cuento fijo por seis meses, ¿sí? Usted es el carente. Es mucho más económico de lo que las está ganando actualmente. Igual es que en realidad me gustaría volver a pasar otra vez a Movistar. Sí. Porque en casa baje el wifi de la movilidad, lo dices. Sí. ¿Tenés el internet en tu casa instalado? Claro, tengo el internet instalado en casa. Bien, en ese caso vas a tener un beneficio, ¿sí? Que justamente se te van a descontar de lo que es la factura de la fibra, 4.000 pesos, ¿bien? Así que tenlo en cuenta que sería como que vas a estar aguantando la línea 4.000, porque vas a tener un descuento, ¿entendés? Como que si lo razonas de esta manera, te va a quedar la línea más económica, ¿bien? Te voy a mandar, eh... Sí, decime. ¿Cómo lo puedo hacer para volver a obtener el chip, digamos? Bien, eso lo hacemos a través de la llamada, Jorge. Nos va a llevar alrededor de 10 a 15 minutos, ¿sí? Yo te voy a mandar un mensaje ahora, te voy a poner, hola Jorge, soy Angelina Movistar, en mi WhatsApp. ¿Tenés las manos libres? Sí, sí. Bien. Nos va a llevar 10 minutitos, lo podemos hacer ahora, así, dentro de 48 a 62 horas hábiles, vamos a estar pudiendo portar lo que es la línea, ¿bien? Sí, puedo. Te comento cómo tenés que hacer. ¿Tenés que ir a buscar lo que es el chip a una sucursal de Movistar? ¿De qué localidad de Buenos Aires sos? Ese es el tema. Ese es el tema, porque no tengo mucho tiempo, ¿viste? Como trabajo todos los días, no tengo tiempo. Ese es el blog. A ver, eh... Él sabe cuando me... Él sabe cuando me aclaro también, me dijo así lo mismo, que tengo que acercarme a un sucursal, le digo, no, no puedo, estoy trabajando, le digo... No hay ningún problema, ¿puedo? Me lo mandaron el chip, me lo mandaron el chip, por la Andrea Ney, hasta la casa. Bien, ¿podemos hacer eso? O si no te pudo derivar, como para que tengas la línea más rápido, es a un kiosco sex que esté habilitado. Puede ser un kiosco en la vuelta de tu casa, sí el kiosco del barrio, que están generalmente habilitados para poder vender chips en blanco. Vos lo que haces es ir a comprar el chip que tiene un valor aproximado de entre $2,200 y $1,500 pesos y lo activas en tu casa con lo que es. Tu número de teléfono, tu identificación, tu ID, digamos, y lo que es un reconocimiento facial. Pero, o sea, la diferencia que tenés con el envío a domicilio es que vas a poder desaportar la línea más rápido que a domicilio y no vas a tener que estar esperando a que andrán injustamente de él, coordinar y que si no hay nadie en el domicilio por ahí te lo deriven a una sucursal. Eso es lo que no suelo recomendarle a los clientes. No sé qué te parece. No, la casa de atrás. Hay gente que pueda recibir. Perfecto. Entonces lo hacemos con envío a domicilio. No hay inconvenientes. Bien. Acá me figura una serie de datos que hay que validar, ¿sí? Es un dato que en esa vez que no lo estaba teniendo el DNI, me lo activó un amigo, que ahora el amigo falleció. Sí. Nunca lo podía retirar en San Martín, era. Tenía un concurso de San Martín para retirar el chat. Bien. No hay problema, yo te lo envío a domicilio. Te hago una consulta, Jorge. La línea está tu nombre, ¿no es cierto? No, la línea está... El declaro, sí. El declaro está mi nombre ahora. Perfecto. O sea, la factura llega... La falta se va a mi nombre, sí. Perfecto. Entonces lo podemos hacer sin ningún problema. Me figura que la línea está en nombre de Villalba Jorge Adalberto, ¿correcto? Correcto. Bien. Vamos a acordar lo que es el domicilio. Voy a necesitar que me brindes, por favor, lo que es el calle y numeración para que yo lo corroble en el Google Maps, ¿sí? Y se necesita lo que es, justamente, también dos referencias al domicilio. Así que decime lo que es calle y numeración para el tema envío. mandame mensaje y si puedo ir repondiendo por mensaje porque te digo la verdad no me acuerdo porque hace dos meses que me mudé ahí viste ok ahí te lo mandé así que cuando puedas mandamelo ¿estás ahora en tu casa? no no ahora estoy trabajando por eso bien no hay ningún problema mandamelo cuando puedas por favor porque yo tengo que cargar eso sí o sí para hacerte el envío a mi sitio ¿bien? Dale, dale, dale. Me figura que tu DNI arranca en 96, ¿sí? Me herirías los últimos tres dígitos para ver si es el mismo. Vale, aguanta un segundo porque, la verdad, estoy arriba y me tengo que bajar para acomodarme. Ah, ok, dale. Sí, nos va a llevar diez minutitos, pero bueno, me necesito un punto del tiempito. Hola. Ah, sí, sí, sí, sí. No hay problema, pensé que se había cortado. El último es 695. Está bien, 695, perfecto. Sí me figura acá que es 9638-2695. Exactamente. Perfecto, la línea que vamos a aportar es la línea 11-5131-7206. Voy a necesitar que me brindes por favor un mail de contacto para que tengamos toda la información que tenga que ver con la facturación. Apenas cuando me desocupe, ahora son las 10 y media, a las 12 tengo que bajar a comer y ahí lo hacemos. Ok, entonces hagamos una cosa, ¿querés que te vuelva el llamado a las 12? Sí, más o menos 12, 12 y cuarto, 12 y media. Bueno, hagamos una cosa Jorge, mandame un mensajito ahora mismo en el WhatsApp, te acabo de justamente mandar un mensaje, te puse, hola Jorge, soy Eva Angelina de Montar. Ahí respondeme y avísame cuando te pueda llamar o yo te voy a estar llamando directamente a las 12, ¿vale? Vale, vale, vale. Bueno, perfecto. Aquí lo hacemos porque la promoción está vigente solo hasta hoy. Hasta hoy día de viernes, hasta que la aprovechemos. Hay que lo mande el mensaje. Bueno, perfecto. Porque te comento también que te voy a solicitar más tarde lo que es una foto del frente y el dorso del DNI. Eso es para validar lo que es tu identidad con razón para línea. Así que eso también, para que lo tengas en cuenta, que voy a necesitar esas fotitos y las querés ir sacando en un rato y me las mandas, no hay ningún problema. Y lo único que tendría que hacer el Algamadar es hacer lo que es el repaso del plan, el cierre comercial, que tiene que quedar grabado sí o sí en Algamadar para que se haga el acuerdo entre vos y la compañía. Y te tengo que enviar lo que es el código de portabilidad para que justamente podamos cambiar de una empresa a la otra, ¿bien? Eso lo hacemos. Sí, decime. En este caso, yo ahora, en este momento les debo aclarar Sí, no hay ningún problema. Vos vas a hacer el cambio hoy y vas a poder estar portando la línea dentro de 72 horas hábiles, así que eso no te da ningún problema. Y recién vas a abonar justamente lo que es su mes al mes de uso de la línea de movistar. Así que no te quedes tranquilo, no te vas a quedar incomunicado tampoco mientras que hagamos el trámite, ¿sabes? No te va a caer la línea, en claro. Dale, dale, dale. Bueno, dale, te volvó el llamado entonces, Jorge, a las doce, ¿te parece? Sí, por eso, doce y cuarto, doce y media, más o menos, el llamado. Listo. Termino la comedia, hablamos bien. Dale, dale, vos en todo el caso damos una cosa, me mandas un mensajito por WhatsApp, me decís, eh, va a llamarme y yo te lo damos sin problema. Sí. Dale, dale. Dale, Jorge, mil gracias, estamos en contacto entonces. Dale, chau, chau. Hasta luego.",
  "calidad": {
    "confianza_promedio": 0.484,
    "metodo_diarizacion": "pausas_fallback",
    "tiempo_procesamiento": 16.3
  },
  "metadata": {
    "modelo": "whisperx_medium",
    "diarizacion": "pausas",
    "dispositivo": "cuda",
    "fecha": "2026-01-26T01:47:26.647932",
    "version": "5.0_ecapa"
  }
}