{
  "archivo": "amza1_1_260122133229704_ACD_91169.wav",
  "duracion_segundos": 61.19,
  "num_segmentos": 21,
  "num_hablantes": 2,
  "hablantes": [
    "Hablante A",
    "Hablante B"
  ],
  "tiempo_por_hablante": {
    "Hablante A": 49.28,
    "Hablante B": 3.92
  },
  "idioma": "es",
  "conversacion": [
    {
      "hablante": "Hablante A",
      "inicio": 0.03,
      "fin": 2.46,
      "duracion": 2.42,
      "texto": "Hola.",
      "confianza": 0.441
    },
    {
      "hablante": "Hablante A",
      "inicio": 2.48,
      "fin": 3.06,
      "duracion": 0.58,
      "texto": "Hola, buenos días.",
      "confianza": 0.543
    },
    {
      "hablante": "Hablante A",
      "inicio": 3.16,
      "fin": 4.96,
      "duracion": 1.8,
      "texto": "Hablo con Alcides.",
      "confianza": 0.801
    },
    {
      "hablante": "Hablante A",
      "inicio": 4.98,
      "fin": 6.56,
      "duracion": 1.58,
      "texto": "Sí, él habla, ¿quién habla ahí?",
      "confianza": 0.182
    },
    {
      "hablante": "Hablante A",
      "inicio": 6.58,
      "fin": 7.04,
      "duracion": 0.46,
      "texto": "¿Qué tal?",
      "confianza": 0.516
    },
    {
      "hablante": "Hablante A",
      "inicio": 7.06,
      "fin": 9.27,
      "duracion": 2.2,
      "texto": "Alcides, ¿le habla Evangelina de este lado?",
      "confianza": 0.725
    },
    {
      "hablante": "Hablante A",
      "inicio": 9.3,
      "fin": 11.21,
      "duracion": 1.9,
      "texto": "Asesora de la compañía de Montar.",
      "confianza": 0.779
    },
    {
      "hablante": "Hablante A",
      "inicio": 11.77,
      "fin": 16.07,
      "duracion": 4.31,
      "texto": "Le queremos indicar a usted de lo que es un descuento, Alcides, para su línea móvil, justamente.",
      "confianza": 0.658
    },
    {
      "hablante": "Hablante A",
      "inicio": 16.09,
      "fin": 17.88,
      "duracion": 1.78,
      "texto": "No te quiero hacer perder tiempo.",
      "confianza": 0.606
    },
    {
      "hablante": "Hablante A",
      "inicio": 18.24,
      "fin": 28.98,
      "duracion": 10.74,
      "texto": "Debe ser la millonésima, quinientonésima, trecientas, quinquantinésima vez.",
      "confianza": 0.378
    },
    {
      "hablante": "Hablante A",
      "inicio": 29.34,
      "fin": 34.27,
      "duracion": 4.93,
      "texto": "se me llaman y digo que no estoy interesado en cambiar de compañía.",
      "confianza": 0.424
    },
    {
      "hablante": "Hablante A",
      "inicio": 34.29,
      "fin": 34.61,
      "duracion": 0.32,
      "texto": "Bien, comprendo.",
      "confianza": 0.037
    },
    {
      "hablante": "Hablante A",
      "inicio": 34.63,
      "fin": 37.15,
      "duracion": 2.52,
      "texto": "Pero te abonando más, así es.",
      "confianza": 0.427
    },
    {
      "hablante": "Hablante A",
      "inicio": 37.17,
      "fin": 38.84,
      "duracion": 1.66,
      "texto": "No, no quiero hacerte perder tiempo.",
      "confianza": 0.607
    },
    {
      "hablante": "Hablante A",
      "inicio": 40.14,
      "fin": 43.88,
      "duracion": 3.74,
      "texto": "No, no, yo no pierdo el tiempo, estoy trabajando, justamente, ¿verdad?",
      "confianza": 0.485
    },
    {
      "hablante": "Hablante A",
      "inicio": 43.9,
      "fin": 49.27,
      "duracion": 5.37,
      "texto": "Bueno, si querés, seguimos hablando, desde todo lo que vos quieras, pero yo no me voy a cambiar de compañía.",
      "confianza": 0.487
    },
    {
      "hablante": "Hablante A",
      "inicio": 49.31,
      "fin": 51.79,
      "duracion": 2.48,
      "texto": "Pero no hay problema en conversar con usted.",
      "confianza": 0.415
    },
    {
      "hablante": "Hablante B",
      "inicio": 53.69,
      "fin": 56.1,
      "duracion": 2.4,
      "texto": "Bueno, pero yo no me voy a cambiar de compañía.",
      "confianza": 0.586
    },
    {
      "hablante": "Hablante B",
      "inicio": 56.12,
      "fin": 56.8,
      "duracion": 0.68,
      "texto": "Bueno, ¿y eso por qué?",
      "confianza": 0.49
    },
    {
      "hablante": "Hablante B",
      "inicio": 56.84,
      "fin": 57.68,
      "duracion": 0.84,
      "texto": "¿Qué le ha pasado?",
      "confianza": 0.718
    },
    {
      "hablante": "Hablante A",
      "inicio": 60.7,
      "fin": 61.19,
      "duracion": 0.49,
      "texto": "A ver.",
      "confianza": 0.61
    }
  ],
  "transcripcion_completa": "Hola. Hola, buenos días. Hablo con Alcides. Sí, él habla, ¿quién habla ahí? ¿Qué tal? Alcides, ¿le habla Evangelina de este lado? Asesora de la compañía de Montar. Le queremos indicar a usted de lo que es un descuento, Alcides, para su línea móvil, justamente. No te quiero hacer perder tiempo. Debe ser la millonésima, quinientonésima, trecientas, quinquantinésima vez. se me llaman y digo que no estoy interesado en cambiar de compañía. Bien, comprendo. Pero te abonando más, así es. No, no quiero hacerte perder tiempo. No, no, yo no pierdo el tiempo, estoy trabajando, justamente, ¿verdad? Bueno, si querés, seguimos hablando, desde todo lo que vos quieras, pero yo no me voy a cambiar de compañía. Pero no hay problema en conversar con usted. Bueno, pero yo no me voy a cambiar de compañía. Bueno, ¿y eso por qué? ¿Qué le ha pasado? A ver.",
  "calidad": {
    "confianza_promedio": 0.52,
    "metodo_diarizacion": "pausas_fallback",
    "tiempo_procesamiento": 5.1
  },
  "metadata": {
    "modelo": "whisperx_medium",
    "diarizacion": "pausas",
    "dispositivo": "cuda",
    "fecha": "2026-01-25T17:46:39.184958",
    "version": "5.0_ecapa"
  }
}