{
  "archivo": "amza24_1_260119130240513_ACD_77349.wav",
  "duracion_segundos": 1273.84,
  "num_segmentos": 339,
  "num_hablantes": 2,
  "hablantes": [
    "Hablante A",
    "Hablante B"
  ],
  "tiempo_por_hablante": {
    "Hablante A": 737.43,
    "Hablante B": 423.65
  },
  "idioma": "es",
  "conversacion": [
    {
      "hablante": "Hablante A",
      "inicio": 0.03,
      "fin": 4.06,
      "duracion": 4.03,
      "texto": "Hola.",
      "confianza": 0.2
    },
    {
      "hablante": "Hablante A",
      "inicio": 4.08,
      "fin": 4.28,
      "duracion": 0.2,
      "texto": "Hola, ¿sí?",
      "confianza": 0.032
    },
    {
      "hablante": "Hablante A",
      "inicio": 4.3,
      "fin": 5.12,
      "duracion": 0.82,
      "texto": "Hola, ¿cómo estás?",
      "confianza": 0.732
    },
    {
      "hablante": "Hablante A",
      "inicio": 5.14,
      "fin": 5.82,
      "duracion": 0.68,
      "texto": "Buenos días.",
      "confianza": 0.653
    },
    {
      "hablante": "Hablante A",
      "inicio": 5.86,
      "fin": 8.44,
      "duracion": 2.58,
      "texto": "Hablo con Elsa.",
      "confianza": 0.766
    },
    {
      "hablante": "Hablante A",
      "inicio": 8.46,
      "fin": 8.96,
      "duracion": 0.5,
      "texto": "Sí, dígame.",
      "confianza": 0.274
    },
    {
      "hablante": "Hablante A",
      "inicio": 8.98,
      "fin": 9.72,
      "duracion": 0.74,
      "texto": "¿Cómo estás?",
      "confianza": 0.23
    },
    {
      "hablante": "Hablante A",
      "inicio": 9.74,
      "fin": 10.77,
      "duracion": 1.02,
      "texto": "Elsa Uccine es mi nombre.",
      "confianza": 0.688
    },
    {
      "hablante": "Hablante A",
      "inicio": 10.8,
      "fin": 14.11,
      "duracion": 3.3,
      "texto": "Me estoy comunicando del área de recupero en el cliente Movistar.",
      "confianza": 0.6
    },
    {
      "hablante": "Hablante A",
      "inicio": 15.15,
      "fin": 15.53,
      "duracion": 0.38,
      "texto": "Sí.",
      "confianza": 0.254
    },
    {
      "hablante": "Hablante A",
      "inicio": 15.55,
      "fin": 19.42,
      "duracion": 3.87,
      "texto": "No figura, Elsa, que vos actualmente estás en claro, ¿sí?",
      "confianza": 0.557
    },
    {
      "hablante": "Hablante A",
      "inicio": 19.44,
      "fin": 19.58,
      "duracion": 0.14,
      "texto": "Sí.",
      "confianza": 0.413
    },
    {
      "hablante": "Hablante A",
      "inicio": 20.18,
      "fin": 20.48,
      "duracion": 0.3,
      "texto": "Bien.",
      "confianza": 0.669
    },
    {
      "hablante": "Hablante A",
      "inicio": 20.5,
      "fin": 23.26,
      "duracion": 2.76,
      "texto": "Y te consulto el motivo por el que te fuiste de Movistar.",
      "confianza": 0.62
    },
    {
      "hablante": "Hablante A",
      "inicio": 23.28,
      "fin": 23.96,
      "duracion": 0.68,
      "texto": "¿Cuál fue?",
      "confianza": 0.552
    },
    {
      "hablante": "Hablante A",
      "inicio": 25.39,
      "fin": 32.0,
      "duracion": 6.61,
      "texto": "porque estaba caro y me hicieron mejor presión, claro, y bueno, me pasé.",
      "confianza": 0.225
    },
    {
      "hablante": "Hablante A",
      "inicio": 32.02,
      "fin": 34.96,
      "duracion": 2.94,
      "texto": "Bien, me entiendo, por supuesto.",
      "confianza": 0.559
    },
    {
      "hablante": "Hablante A",
      "inicio": 35.1,
      "fin": 46.76,
      "duracion": 11.65,
      "texto": "Bueno, te cuento, sí, en ese caso nos estábamos contactando de la idea de Recupero, como te había mencionado, porque tenemos promociones exclusivas para aquellos clientes que han sido parte de la compañía, ¿bien?",
      "confianza": 0.702
    },
    {
      "hablante": "Hablante A",
      "inicio": 46.77,
      "fin": 46.84,
      "duracion": 0.06,
      "texto": "Sí.",
      "confianza": 0.129
    },
    {
      "hablante": "Hablante A",
      "inicio": 46.85,
      "fin": 54.74,
      "duracion": 7.89,
      "texto": "En ese caso, tenemos para brindarte lo que es un plan de 8 gigas de base más 8 de regalo, van a ser 16 gigas en total,",
      "confianza": 0.652
    },
    {
      "hablante": "Hablante A",
      "inicio": 55.11,
      "fin": 63.8,
      "duracion": 8.69,
      "texto": "WhatsApp práctica, más libres a todas las compañías por un precio final de 8,000 pesos.",
      "confianza": 0.663
    },
    {
      "hablante": "Hablante A",
      "inicio": 63.82,
      "fin": 63.9,
      "duracion": 0.08,
      "texto": "¿Sí?",
      "confianza": 0.001
    },
    {
      "hablante": "Hablante A",
      "inicio": 63.92,
      "fin": 64.12,
      "duracion": 0.2,
      "texto": "¿Cuánto?",
      "confianza": 0.158
    },
    {
      "hablante": "Hablante A",
      "inicio": 64.14,
      "fin": 64.66,
      "duracion": 0.52,
      "texto": "8,000.",
      "confianza": 0.62
    },
    {
      "hablante": "Hablante A",
      "inicio": 64.68,
      "fin": 64.9,
      "duracion": 0.22,
      "texto": "Ajá.",
      "confianza": 0.277
    },
    {
      "hablante": "Hablante A",
      "inicio": 64.92,
      "fin": 65.2,
      "duracion": 0.28,
      "texto": "Bien.",
      "confianza": 0.733
    },
    {
      "hablante": "Hablante A",
      "inicio": 65.96,
      "fin": 73.49,
      "duracion": 7.53,
      "texto": "Por ser más de una línea, además, vas a contar con 4 gigas extras para cada una de las líneas por tiempo indeterminado.",
      "confianza": 0.793
    },
    {
      "hablante": "Hablante A",
      "inicio": 73.51,
      "fin": 73.79,
      "duracion": 0.28,
      "texto": "¿Sí?",
      "confianza": 0.318
    },
    {
      "hablante": "Hablante A",
      "inicio": 73.81,
      "fin": 81.64,
      "duracion": 7.83,
      "texto": "Es decir, mientras vos tengas más de dos líneas en Movistar, vas a tener 4 gigas extras para cada una de las líneas.",
      "confianza": 0.8
    },
    {
      "hablante": "Hablante B",
      "inicio": 83.17,
      "fin": 83.25,
      "duracion": 0.08,
      "texto": "¿Sí?",
      "confianza": 0.0
    },
    {
      "hablante": "Hablante B",
      "inicio": 83.27,
      "fin": 83.35,
      "duracion": 0.08,
      "texto": "Ajá.",
      "confianza": 0.25
    },
    {
      "hablante": "Hablante B",
      "inicio": 83.48,
      "fin": 86.66,
      "duracion": 3.19,
      "texto": "En este caso, Densa, el trámite es súper sencillo.",
      "confianza": 0.717
    },
    {
      "hablante": "Hablante B",
      "inicio": 86.7,
      "fin": 100.97,
      "duracion": 14.26,
      "texto": "Simplemente lo que hacemos es verificarte los datos que tenemos ingresados en el sistema y enviarte los chips a la sucursal más cercana, a tu domicilio o a tu domicilio laboral donde más cómodo te quede a vos.",
      "confianza": 0.691
    },
    {
      "hablante": "Hablante B",
      "inicio": 102.03,
      "fin": 102.77,
      "duracion": 0.74,
      "texto": "Sí, decime.",
      "confianza": 0.404
    },
    {
      "hablante": "Hablante B",
      "inicio": 103.47,
      "fin": 107.81,
      "duracion": 4.35,
      "texto": "Los otros días de regalo, ¿cuántos meses me lo das?",
      "confianza": 0.671
    },
    {
      "hablante": "Hablante B",
      "inicio": 108.3,
      "fin": 110.42,
      "duracion": 2.12,
      "texto": "Los ocho de regalos son por seis meses.",
      "confianza": 0.751
    },
    {
      "hablante": "Hablante B",
      "inicio": 110.6,
      "fin": 118.69,
      "duracion": 8.09,
      "texto": "Es decir, que a partir del séptimo mes, todas las líneas van a continuar con 12 gigas.",
      "confianza": 0.806
    },
    {
      "hablante": "Hablante B",
      "inicio": 118.71,
      "fin": 122.7,
      "duracion": 3.98,
      "texto": "¿Qué tiene de bueno el samovistar?",
      "confianza": 0.447
    },
    {
      "hablante": "Hablante B",
      "inicio": 122.78,
      "fin": 132.47,
      "duracion": 9.69,
      "texto": "La diferencia de claro es que ustedes pueden guardar los gigas excedentes, o sea, lo que no alcancen a ocuparlos, pueden guardar y pasar seis gigas entre las líneas.",
      "confianza": 0.828
    },
    {
      "hablante": "Hablante B",
      "inicio": 133.03,
      "fin": 136.65,
      "duracion": 3.62,
      "texto": "Es decir, que si alguna línea consume más que otra,",
      "confianza": 0.745
    },
    {
      "hablante": "Hablante B",
      "inicio": 136.97,
      "fin": 141.58,
      "duracion": 4.61,
      "texto": "Esa línea no va a ser necesario que haga una recarga, sino que se le puede pasar de las otras líneas.",
      "confianza": 0.692
    },
    {
      "hablante": "Hablante A",
      "inicio": 143.48,
      "fin": 143.68,
      "duracion": 0.2,
      "texto": "Claro, no.",
      "confianza": 0.014
    },
    {
      "hablante": "Hablante A",
      "inicio": 143.7,
      "fin": 149.81,
      "duracion": 6.11,
      "texto": "Eso es lo que por ahí tiene de bueno, que claro, no nos permite hacer eso.",
      "confianza": 0.665
    },
    {
      "hablante": "Hablante A",
      "inicio": 149.83,
      "fin": 155.01,
      "duracion": 5.19,
      "texto": "Bien, te consulto en saposos de Caba o de Provincia de Buenos Aires.",
      "confianza": 0.689
    },
    {
      "hablante": "Hablante A",
      "inicio": 155.03,
      "fin": 156.18,
      "duracion": 1.14,
      "texto": "Provincia de Provincia.",
      "confianza": 0.035
    },
    {
      "hablante": "Hablante A",
      "inicio": 156.2,
      "fin": 162.84,
      "duracion": 6.65,
      "texto": "Bien, sí, así te enviaríamos el chivo en 48 y 32 horas hábiles, y lo hacemos de esta manera.",
      "confianza": 0.707
    },
    {
      "hablante": "Hablante A",
      "inicio": 163.16,
      "fin": 168.33,
      "duracion": 5.17,
      "texto": "Para que cuando la línea de claro deje de funcionar, vos ya tengas los chip con vos, ¿sí?",
      "confianza": 0.681
    },
    {
      "hablante": "Hablante A",
      "inicio": 168.43,
      "fin": 171.1,
      "duracion": 2.67,
      "texto": "Entonces lo único que hacen es cambiarlo, nada más.",
      "confianza": 0.255
    },
    {
      "hablante": "Hablante A",
      "inicio": 171.12,
      "fin": 174.54,
      "duracion": 3.43,
      "texto": "Me dijiste provincia, ¿de qué partieron?",
      "confianza": 0.582
    },
    {
      "hablante": "Hablante B",
      "inicio": 177.73,
      "fin": 180.24,
      "duracion": 2.5,
      "texto": "Yo soy de Pilar.",
      "confianza": 0.735
    },
    {
      "hablante": "Hablante B",
      "inicio": 180.26,
      "fin": 181.12,
      "duracion": 0.86,
      "texto": "Bien, ahí te digo.",
      "confianza": 0.669
    },
    {
      "hablante": "Hablante B",
      "inicio": 181.14,
      "fin": 184.87,
      "duracion": 3.73,
      "texto": "A ver cuál sería la que te quedaría más cerquita, ¿sí?",
      "confianza": 0.645
    },
    {
      "hablante": "Hablante B",
      "inicio": 185.89,
      "fin": 188.53,
      "duracion": 2.64,
      "texto": "Bien, en Pilano tengo en Rivadavia 499.",
      "confianza": 0.55
    },
    {
      "hablante": "Hablante B",
      "inicio": 188.56,
      "fin": 191.66,
      "duracion": 3.1,
      "texto": "¿Esa te queda cómodo para ir?",
      "confianza": 0.605
    },
    {
      "hablante": "Hablante B",
      "inicio": 191.68,
      "fin": 194.58,
      "duracion": 2.9,
      "texto": "Pero que bueno que está en ese peligro.",
      "confianza": 0.265
    },
    {
      "hablante": "Hablante B",
      "inicio": 194.6,
      "fin": 194.72,
      "duracion": 0.12,
      "texto": "¿Para?",
      "confianza": 0.018
    },
    {
      "hablante": "Hablante B",
      "inicio": 194.74,
      "fin": 196.73,
      "duracion": 1.98,
      "texto": "¿A dónde es que está?",
      "confianza": 0.265
    },
    {
      "hablante": "Hablante B",
      "inicio": 196.75,
      "fin": 196.99,
      "duracion": 0.24,
      "texto": "¿Para?",
      "confianza": 0.141
    },
    {
      "hablante": "Hablante B",
      "inicio": 197.01,
      "fin": 204.74,
      "duracion": 7.73,
      "texto": "Aquí es el día para retirar los chips.",
      "confianza": 0.329
    },
    {
      "hablante": "Hablante B",
      "inicio": 204.76,
      "fin": 204.88,
      "duracion": 0.12,
      "texto": "Claro.",
      "confianza": 0.003
    },
    {
      "hablante": "Hablante B",
      "inicio": 204.9,
      "fin": 205.66,
      "duracion": 0.76,
      "texto": "¿Te queda cómodo?",
      "confianza": 0.26
    },
    {
      "hablante": "Hablante B",
      "inicio": 205.68,
      "fin": 206.08,
      "duracion": 0.4,
      "texto": "¿Tengo chips?",
      "confianza": 0.15
    },
    {
      "hablante": "Hablante B",
      "inicio": 206.1,
      "fin": 206.24,
      "duracion": 0.14,
      "texto": "Decime.",
      "confianza": 0.107
    },
    {
      "hablante": "Hablante B",
      "inicio": 206.26,
      "fin": 207.4,
      "duracion": 1.14,
      "texto": "Sí, es en el centro de Pilano.",
      "confianza": 0.383
    },
    {
      "hablante": "Hablante B",
      "inicio": 207.44,
      "fin": 209.64,
      "duracion": 2.2,
      "texto": "Estoy a diez minutos más o menos.",
      "confianza": 0.42
    },
    {
      "hablante": "Hablante B",
      "inicio": 209.66,
      "fin": 209.86,
      "duracion": 0.2,
      "texto": "Ah, bueno.",
      "confianza": 0.176
    },
    {
      "hablante": "Hablante B",
      "inicio": 209.88,
      "fin": 210.58,
      "duracion": 0.7,
      "texto": "Mira, tengo dos.",
      "confianza": 0.648
    },
    {
      "hablante": "Hablante B",
      "inicio": 210.6,
      "fin": 215.41,
      "duracion": 4.81,
      "texto": "Tengo uno en Rivadavia 499 y en Tucumán 420.",
      "confianza": 0.759
    },
    {
      "hablante": "Hablante B",
      "inicio": 216.5,
      "fin": 218.82,
      "duracion": 2.32,
      "texto": "O sea, sí, cualquiera de los dos.",
      "confianza": 0.367
    },
    {
      "hablante": "Hablante B",
      "inicio": 218.87,
      "fin": 220.29,
      "duracion": 1.42,
      "texto": "Están cerca las dos.",
      "confianza": 0.474
    },
    {
      "hablante": "Hablante B",
      "inicio": 220.81,
      "fin": 221.01,
      "duracion": 0.2,
      "texto": "Perfecto.",
      "confianza": 0.192
    },
    {
      "hablante": "Hablante B",
      "inicio": 221.05,
      "fin": 224.91,
      "duracion": 3.86,
      "texto": "Vamos a poner la derribadoría que también atiende los sábados.",
      "confianza": 0.663
    },
    {
      "hablante": "Hablante B",
      "inicio": 224.93,
      "fin": 225.05,
      "duracion": 0.12,
      "texto": "Vale.",
      "confianza": 0.225
    },
    {
      "hablante": "Hablante B",
      "inicio": 225.07,
      "fin": 226.21,
      "duracion": 1.14,
      "texto": "Vale.",
      "confianza": 0.797
    },
    {
      "hablante": "Hablante B",
      "inicio": 226.23,
      "fin": 228.88,
      "duracion": 2.64,
      "texto": "Ahí te voy a mandar un mensajito de WhatsApp, ¿sí?",
      "confianza": 0.585
    },
    {
      "hablante": "Hablante B",
      "inicio": 229.02,
      "fin": 229.66,
      "duracion": 0.64,
      "texto": "Por mi número.",
      "confianza": 0.758
    },
    {
      "hablante": "Hablante B",
      "inicio": 229.76,
      "fin": 232.26,
      "duracion": 2.5,
      "texto": "A partir de ahora yo voy a ser tu asesora, ¿sí?",
      "confianza": 0.626
    },
    {
      "hablante": "Hablante B",
      "inicio": 232.88,
      "fin": 237.81,
      "duracion": 4.93,
      "texto": "Cualquier duda o consulta que vos tengas, me daré la... Ahí.",
      "confianza": 0.659
    },
    {
      "hablante": "Hablante B",
      "inicio": 237.87,
      "fin": 238.65,
      "duracion": 0.78,
      "texto": "Ahí eso te voy a mandar.",
      "confianza": 0.433
    },
    {
      "hablante": "Hablante B",
      "inicio": 238.71,
      "fin": 244.15,
      "duracion": 5.45,
      "texto": "Esperamos un segundito.",
      "confianza": 0.286
    },
    {
      "hablante": "Hablante B",
      "inicio": 244.17,
      "fin": 244.25,
      "duracion": 0.08,
      "texto": "Acá.",
      "confianza": 0.009
    },
    {
      "hablante": "Hablante B",
      "inicio": 244.27,
      "fin": 244.55,
      "duracion": 0.28,
      "texto": "Y... Decime...",
      "confianza": 0.094
    },
    {
      "hablante": "Hablante B",
      "inicio": 245.24,
      "fin": 251.99,
      "duracion": 6.75,
      "texto": "Entonces, me quedan 8 gigas más los 8 regalos, más 4 si paso 2 gigas.",
      "confianza": 0.666
    },
    {
      "hablante": "Hablante B",
      "inicio": 253.07,
      "fin": 255.92,
      "duracion": 2.84,
      "texto": "Claro, van a ser 16 gigas, perfil 16.",
      "confianza": 0.598
    },
    {
      "hablante": "Hablante B",
      "inicio": 256.42,
      "fin": 259.29,
      "duracion": 2.87,
      "texto": "En total, en total, 20 gigas los primeros 6 meses.",
      "confianza": 0.779
    },
    {
      "hablante": "Hablante B",
      "inicio": 260.09,
      "fin": 269.32,
      "duracion": 9.24,
      "texto": "Después, a partir del séptimo mes, 12 gigas.",
      "confianza": 0.602
    },
    {
      "hablante": "Hablante B",
      "inicio": 269.34,
      "fin": 269.44,
      "duracion": 0.1,
      "texto": "Mira.",
      "confianza": 0.004
    },
    {
      "hablante": "Hablante B",
      "inicio": 269.46,
      "fin": 269.56,
      "duracion": 0.1,
      "texto": "Hola.",
      "confianza": 0.198
    },
    {
      "hablante": "Hablante A",
      "inicio": 274.7,
      "fin": 284.98,
      "duracion": 10.27,
      "texto": "Aguardo un momento, ahí te estoy mandando el mensajito.",
      "confianza": 0.18
    },
    {
      "hablante": "Hablante A",
      "inicio": 285.0,
      "fin": 287.6,
      "duracion": 2.6,
      "texto": "Bien, ahí te mandé el mensaje de WhatsApp.",
      "confianza": 0.61
    },
    {
      "hablante": "Hablante A",
      "inicio": 287.68,
      "fin": 289.0,
      "duracion": 1.32,
      "texto": "Confírmame si te llego.",
      "confianza": 0.74
    },
    {
      "hablante": "Hablante A",
      "inicio": 289.36,
      "fin": 297.15,
      "duracion": 7.79,
      "texto": "Así ahora te voy a mandar entonces la sucursal donde vas a ir a retirar el chip, que dijimos que va a ser la de Rivadavia 499.",
      "confianza": 0.702
    },
    {
      "hablante": "Hablante A",
      "inicio": 297.55,
      "fin": 300.53,
      "duracion": 2.98,
      "texto": "Te quería comentar igual.",
      "confianza": 0.528
    },
    {
      "hablante": "Hablante A",
      "inicio": 300.55,
      "fin": 302.19,
      "duracion": 1.64,
      "texto": "Sí, decime.",
      "confianza": 0.301
    },
    {
      "hablante": "Hablante A",
      "inicio": 302.21,
      "fin": 303.3,
      "duracion": 1.08,
      "texto": "Esa, en realidad,",
      "confianza": 0.48
    },
    {
      "hablante": "Hablante A",
      "inicio": 303.71,
      "fin": 305.84,
      "duracion": 2.12,
      "texto": "Es mi mamá.",
      "confianza": 0.252
    },
    {
      "hablante": "Hablante A",
      "inicio": 305.86,
      "fin": 309.92,
      "duracion": 4.07,
      "texto": "Nosotros teníamos todas las niñas a nombre de ella.",
      "confianza": 0.671
    },
    {
      "hablante": "Hablante A",
      "inicio": 310.2,
      "fin": 310.99,
      "duracion": 0.78,
      "texto": "Tuve como familia.",
      "confianza": 0.436
    },
    {
      "hablante": "Hablante A",
      "inicio": 311.71,
      "fin": 315.27,
      "duracion": 3.57,
      "texto": "Después todo el tiempo cambiado de teléfono, dije que tenía que ir conmigo.",
      "confianza": 0.595
    },
    {
      "hablante": "Hablante A",
      "inicio": 315.91,
      "fin": 320.6,
      "duracion": 4.69,
      "texto": "Pase la línea mía y la de mi marido a mi nombre.",
      "confianza": 0.718
    },
    {
      "hablante": "Hablante A",
      "inicio": 320.62,
      "fin": 323.47,
      "duracion": 2.85,
      "texto": "Entonces cambió y quisiera cambiar esas dos nomás.",
      "confianza": 0.648
    },
    {
      "hablante": "Hablante A",
      "inicio": 323.73,
      "fin": 325.39,
      "duracion": 1.66,
      "texto": "La mía y la del marido.",
      "confianza": 0.811
    },
    {
      "hablante": "Hablante A",
      "inicio": 326.03,
      "fin": 328.03,
      "duracion": 2.0,
      "texto": "Para poder tener también las cuatro chigas.",
      "confianza": 0.689
    },
    {
      "hablante": "Hablante A",
      "inicio": 328.69,
      "fin": 336.34,
      "duracion": 7.65,
      "texto": "Dale, entonces la tuya es, bueno, esta que termina en 0 y 17 y la de tu marido, ¿cuál sería?",
      "confianza": 0.696
    },
    {
      "hablante": "Hablante A",
      "inicio": 336.36,
      "fin": 341.54,
      "duracion": 5.18,
      "texto": "En 10 y 29.",
      "confianza": 0.755
    },
    {
      "hablante": "Hablante A",
      "inicio": 341.64,
      "fin": 345.27,
      "duracion": 3.62,
      "texto": "Acá está.",
      "confianza": 0.474
    },
    {
      "hablante": "Hablante A",
      "inicio": 345.29,
      "fin": 345.97,
      "duracion": 0.68,
      "texto": "11, 0, 29.",
      "confianza": 0.748
    },
    {
      "hablante": "Hablante A",
      "inicio": 345.99,
      "fin": 346.33,
      "duracion": 0.34,
      "texto": "¿Esa?",
      "confianza": 0.661
    },
    {
      "hablante": "Hablante A",
      "inicio": 346.35,
      "fin": 347.59,
      "duracion": 1.24,
      "texto": "11, 40, 91, 10, 29.",
      "confianza": 0.793
    },
    {
      "hablante": "Hablante A",
      "inicio": 348.97,
      "fin": 352.09,
      "duracion": 3.12,
      "texto": "Acá está, sí.",
      "confianza": 0.479
    },
    {
      "hablante": "Hablante A",
      "inicio": 352.11,
      "fin": 356.14,
      "duracion": 4.03,
      "texto": "Son esas dos.",
      "confianza": 0.565
    },
    {
      "hablante": "Hablante A",
      "inicio": 356.16,
      "fin": 357.16,
      "duracion": 1.0,
      "texto": "11, 40, 91, 10, 29.",
      "confianza": 0.822
    },
    {
      "hablante": "Hablante A",
      "inicio": 357.18,
      "fin": 358.34,
      "duracion": 1.16,
      "texto": "¿Esa?",
      "confianza": 0.691
    },
    {
      "hablante": "Hablante A",
      "inicio": 358.42,
      "fin": 369.48,
      "duracion": 11.06,
      "texto": "las otras siguen entonces a nombre de tu mamá.",
      "confianza": 0.818
    },
    {
      "hablante": "Hablante A",
      "inicio": 369.5,
      "fin": 385.12,
      "duracion": 15.62,
      "texto": "En todo caso lo que podemos hacer, solo te voy a, hacemos tu trámite con tus líneas y bueno, después en tu caso si quieres vos hablarlo con ella para si también quiere aprovechar.",
      "confianza": 0.69
    },
    {
      "hablante": "Hablante A",
      "inicio": 385.56,
      "fin": 388.26,
      "duracion": 2.7,
      "texto": "Sí, sí, ahí.",
      "confianza": 0.206
    },
    {
      "hablante": "Hablante A",
      "inicio": 388.28,
      "fin": 390.58,
      "duracion": 2.3,
      "texto": "¿Y yo te lo acepto ahora?",
      "confianza": 0.523
    },
    {
      "hablante": "Hablante A",
      "inicio": 390.64,
      "fin": 394.27,
      "duracion": 3.63,
      "texto": "¿Cuándo tendría que ir a buscar el chip?",
      "confianza": 0.258
    },
    {
      "hablante": "Hablante A",
      "inicio": 394.29,
      "fin": 397.86,
      "duracion": 3.57,
      "texto": "No, no menos que en 48, 72 horas hábiles, te estaría encerrando.",
      "confianza": 0.571
    },
    {
      "hablante": "Hablante A",
      "inicio": 397.96,
      "fin": 403.25,
      "duracion": 5.29,
      "texto": "Te va a llegar un mensajito el día anterior, avisándote de que ya están los chips para que los retires.",
      "confianza": 0.707
    },
    {
      "hablante": "Hablante A",
      "inicio": 403.39,
      "fin": 405.79,
      "duracion": 2.4,
      "texto": "¿Y la línea?",
      "confianza": 0.531
    },
    {
      "hablante": "Hablante A",
      "inicio": 405.81,
      "fin": 406.89,
      "duracion": 1.08,
      "texto": "O sea, ¿me da tiempo?",
      "confianza": 0.534
    },
    {
      "hablante": "Hablante A",
      "inicio": 406.91,
      "fin": 409.15,
      "duracion": 2.24,
      "texto": "¿Me da tiempo?",
      "confianza": 0.59
    },
    {
      "hablante": "Hablante A",
      "inicio": 409.18,
      "fin": 412.88,
      "duracion": 3.71,
      "texto": "Sí, porque la línea se va a aportar más o menos, sí.",
      "confianza": 0.535
    },
    {
      "hablante": "Hablante A",
      "inicio": 413.32,
      "fin": 420.25,
      "duracion": 6.93,
      "texto": "Desde que vos tenés el team con vos, son más o menos 48, 72 horas hábiles más.",
      "confianza": 0.704
    },
    {
      "hablante": "Hablante A",
      "inicio": 420.26,
      "fin": 429.33,
      "duracion": 9.07,
      "texto": "O sea, más o menos en cinco días vas a dejar de tener la línea de claro, pero vos la vas a tener el team con vos.",
      "confianza": 0.534
    },
    {
      "hablante": "Hablante A",
      "inicio": 429.36,
      "fin": 431.18,
      "duracion": 1.82,
      "texto": "En realidad, yo necesito el team.",
      "confianza": 0.256
    },
    {
      "hablante": "Hablante A",
      "inicio": 431.2,
      "fin": 431.92,
      "duracion": 0.72,
      "texto": "Ah, vos tenés.",
      "confianza": 0.467
    },
    {
      "hablante": "Hablante A",
      "inicio": 431.94,
      "fin": 433.04,
      "duracion": 1.1,
      "texto": "Es más rápido, entonces.",
      "confianza": 0.586
    },
    {
      "hablante": "Hablante A",
      "inicio": 433.08,
      "fin": 436.14,
      "duracion": 3.06,
      "texto": "Necesito, sí, brindame tu... Para.",
      "confianza": 0.624
    },
    {
      "hablante": "Hablante A",
      "inicio": 436.16,
      "fin": 437.49,
      "duracion": 1.32,
      "texto": "Déjame que quiero ver una cosa.",
      "confianza": 0.599
    },
    {
      "hablante": "Hablante A",
      "inicio": 437.5,
      "fin": 440.49,
      "duracion": 2.98,
      "texto": "Vos me decís que entonces ya tu línea no está más a tu nombre.",
      "confianza": 0.571
    },
    {
      "hablante": "Hablante A",
      "inicio": 441.83,
      "fin": 452.77,
      "duracion": 10.94,
      "texto": "Yo tengo a mi nombre la que estamos hablando hoy y la que te voy a decir.",
      "confianza": 0.726
    },
    {
      "hablante": "Hablante A",
      "inicio": 452.79,
      "fin": 453.11,
      "duracion": 0.32,
      "texto": "A ver.",
      "confianza": 0.282
    },
    {
      "hablante": "Hablante A",
      "inicio": 453.13,
      "fin": 458.06,
      "duracion": 4.93,
      "texto": "Bien, a ver, aguardame.",
      "confianza": 0.387
    },
    {
      "hablante": "Hablante A",
      "inicio": 458.08,
      "fin": 464.69,
      "duracion": 6.61,
      "texto": "Vamos a... Espérame, ¿sí?",
      "confianza": 0.198
    },
    {
      "hablante": "Hablante A",
      "inicio": 464.71,
      "fin": 465.59,
      "duracion": 0.88,
      "texto": "Aguardame, ¿qué?",
      "confianza": 0.505
    },
    {
      "hablante": "Hablante A",
      "inicio": 466.53,
      "fin": 469.39,
      "duracion": 2.86,
      "texto": "Bien, decime tu DNI.",
      "confianza": 0.567
    },
    {
      "hablante": "Hablante A",
      "inicio": 469.42,
      "fin": 470.26,
      "duracion": 0.84,
      "texto": "4-1.",
      "confianza": 0.827
    },
    {
      "hablante": "Hablante A",
      "inicio": 471.47,
      "fin": 471.53,
      "duracion": 0.06,
      "texto": "Sí.",
      "confianza": 0.288
    },
    {
      "hablante": "Hablante A",
      "inicio": 471.55,
      "fin": 471.75,
      "duracion": 0.2,
      "texto": "8, 9, 1.",
      "confianza": 0.483
    },
    {
      "hablante": "Hablante A",
      "inicio": 471.77,
      "fin": 471.91,
      "duracion": 0.14,
      "texto": "Sí.",
      "confianza": 0.369
    },
    {
      "hablante": "Hablante A",
      "inicio": 471.93,
      "fin": 472.85,
      "duracion": 0.92,
      "texto": "3, 3, 3.",
      "confianza": 0.631
    },
    {
      "hablante": "Hablante A",
      "inicio": 472.89,
      "fin": 478.06,
      "duracion": 5.17,
      "texto": "3, 3, 3.",
      "confianza": 0.691
    },
    {
      "hablante": "Hablante A",
      "inicio": 478.07,
      "fin": 483.64,
      "duracion": 5.56,
      "texto": "Bien.",
      "confianza": 0.675
    },
    {
      "hablante": "Hablante A",
      "inicio": 483.66,
      "fin": 484.2,
      "duracion": 0.54,
      "texto": "Esperamos un segundo, ¿sí?",
      "confianza": 0.073
    },
    {
      "hablante": "Hablante A",
      "inicio": 484.22,
      "fin": 491.41,
      "duracion": 7.19,
      "texto": "Quiero verificar si esa figura en el sistema a tu nombre o si todavía no se actualizó de, o sea, ese.",
      "confianza": 0.666
    },
    {
      "hablante": "Hablante A",
      "inicio": 491.43,
      "fin": 492.35,
      "duracion": 0.92,
      "texto": "Dale.",
      "confianza": 0.679
    },
    {
      "hablante": "Hablante A",
      "inicio": 492.37,
      "fin": 493.57,
      "duracion": 1.2,
      "texto": "Diego.",
      "confianza": 0.61
    },
    {
      "hablante": "Hablante A",
      "inicio": 493.59,
      "fin": 497.45,
      "duracion": 3.86,
      "texto": "Bueno.",
      "confianza": 0.567
    },
    {
      "hablante": "Hablante A",
      "inicio": 497.47,
      "fin": 497.69,
      "duracion": 0.22,
      "texto": "Un segundo.",
      "confianza": 0.012
    },
    {
      "hablante": "Hablante A",
      "inicio": 497.71,
      "fin": 497.86,
      "duracion": 0.14,
      "texto": "Dámelo.",
      "confianza": 0.032
    },
    {
      "hablante": "Hablante A",
      "inicio": 497.88,
      "fin": 497.94,
      "duracion": 0.06,
      "texto": "Sí.",
      "confianza": 0.016
    },
    {
      "hablante": "Hablante A",
      "inicio": 497.95,
      "fin": 498.01,
      "duracion": 0.06,
      "texto": "Sí.",
      "confianza": 0.331
    },
    {
      "hablante": "Hablante B",
      "inicio": 507.73,
      "fin": 517.93,
      "duracion": 10.2,
      "texto": "Ah, bien.",
      "confianza": 0.446
    },
    {
      "hablante": "Hablante B",
      "inicio": 517.97,
      "fin": 526.02,
      "duracion": 8.05,
      "texto": "41, 89, 13, 33.",
      "confianza": 0.686
    },
    {
      "hablante": "Hablante B",
      "inicio": 526.04,
      "fin": 531.41,
      "duracion": 5.37,
      "texto": "Sí, está tu nombre.",
      "confianza": 0.546
    },
    {
      "hablante": "Hablante B",
      "inicio": 531.73,
      "fin": 532.69,
      "duracion": 0.96,
      "texto": "Ya se pasó tu nombre.",
      "confianza": 0.544
    },
    {
      "hablante": "Hablante B",
      "inicio": 533.25,
      "fin": 534.41,
      "duracion": 1.16,
      "texto": "Perfecto.",
      "confianza": 0.101
    },
    {
      "hablante": "Hablante B",
      "inicio": 534.43,
      "fin": 536.79,
      "duracion": 2.36,
      "texto": "Bueno, entonces voy a necesitar que me envíes.",
      "confianza": 0.556
    },
    {
      "hablante": "Hablante B",
      "inicio": 536.81,
      "fin": 548.81,
      "duracion": 12.0,
      "texto": "¿Tu nombre es, perdón?",
      "confianza": 0.101
    },
    {
      "hablante": "Hablante B",
      "inicio": 548.83,
      "fin": 548.99,
      "duracion": 0.16,
      "texto": "Micaela.",
      "confianza": 0.001
    },
    {
      "hablante": "Hablante B",
      "inicio": 549.01,
      "fin": 549.19,
      "duracion": 0.18,
      "texto": "Perfecto.",
      "confianza": 0.036
    },
    {
      "hablante": "Hablante B",
      "inicio": 549.21,
      "fin": 549.31,
      "duracion": 0.1,
      "texto": "Mica.",
      "confianza": 0.001
    },
    {
      "hablante": "Hablante B",
      "inicio": 549.33,
      "fin": 549.43,
      "duracion": 0.1,
      "texto": "Bien.",
      "confianza": 0.067
    },
    {
      "hablante": "Hablante B",
      "inicio": 549.45,
      "fin": 551.51,
      "duracion": 2.06,
      "texto": "Entonces, los dos son en sí.",
      "confianza": 0.722
    },
    {
      "hablante": "Hablante B",
      "inicio": 551.53,
      "fin": 554.45,
      "duracion": 2.92,
      "texto": "¿Tú soy el de tu marido o alguna físico?",
      "confianza": 0.584
    },
    {
      "hablante": "Hablante B",
      "inicio": 554.47,
      "fin": 554.99,
      "duracion": 0.52,
      "texto": "No, dos.",
      "confianza": 0.543
    },
    {
      "hablante": "Hablante B",
      "inicio": 555.01,
      "fin": 556.48,
      "duracion": 1.46,
      "texto": "Todos tenemos el sí.",
      "confianza": 0.32
    },
    {
      "hablante": "Hablante B",
      "inicio": 556.5,
      "fin": 556.76,
      "duracion": 0.26,
      "texto": "Vale.",
      "confianza": 0.799
    },
    {
      "hablante": "Hablante B",
      "inicio": 556.94,
      "fin": 562.02,
      "duracion": 5.09,
      "texto": "Decime, Mica, entonces, tú May y él de tu marido porque les vas a llegar a cada uno, ¿sí?",
      "confianza": 0.75
    },
    {
      "hablante": "Hablante B",
      "inicio": 562.54,
      "fin": 566.47,
      "duracion": 3.93,
      "texto": "Ah, bueno.",
      "confianza": 0.716
    },
    {
      "hablante": "Hablante B",
      "inicio": 566.53,
      "fin": 569.86,
      "duracion": 3.33,
      "texto": "¿Y cuándo se va a ir?",
      "confianza": 0.67
    },
    {
      "hablante": "Hablante B",
      "inicio": 569.93,
      "fin": 584.6,
      "duracion": 14.67,
      "texto": "Llega en 48 horas, pero es mucho más rápido y no va a hacer falta que vayas a algún lugar a buscarlo, sino que directamente lo escaneas.",
      "confianza": 0.598
    },
    {
      "hablante": "Hablante B",
      "inicio": 584.97,
      "fin": 588.29,
      "duracion": 3.32,
      "texto": "No sé si te aseguro mi apellido, ¿eh?",
      "confianza": 0.233
    },
    {
      "hablante": "Hablante B",
      "inicio": 588.31,
      "fin": 589.94,
      "duracion": 1.62,
      "texto": "¿Venencio?",
      "confianza": 0.347
    },
    {
      "hablante": "Hablante B",
      "inicio": 589.96,
      "fin": 595.84,
      "duracion": 5.89,
      "texto": "Igual me lo quede mejor escribir, para poder no equivocarnos, porque como ha sido el cubano ahí, sí, es mejor.",
      "confianza": 0.609
    },
    {
      "hablante": "Hablante B",
      "inicio": 595.86,
      "fin": 598.19,
      "duracion": 2.32,
      "texto": "Hay dudas de escribir WhatsApp.",
      "confianza": 0.473
    },
    {
      "hablante": "Hablante B",
      "inicio": 598.59,
      "fin": 602.15,
      "duracion": 3.57,
      "texto": "Mientras te van escribiendo el mail, te voy contando, ¿sí?",
      "confianza": 0.427
    },
    {
      "hablante": "Hablante B",
      "inicio": 602.17,
      "fin": 613.19,
      "duracion": 11.01,
      "texto": "Se va a llegar ahora lo que es el código de portabilidad, un SMS común, un mensajito de texto común, que va a llegar a tu línea y a la línea de tu marido, ¿sí?",
      "confianza": 0.679
    },
    {
      "hablante": "Hablante B",
      "inicio": 613.74,
      "fin": 623.82,
      "duracion": 10.07,
      "texto": "Esa es la promoción con más siglas que me puedes ofrecer más o menos económica, ¿no?",
      "confianza": 0.534
    },
    {
      "hablante": "Hablante B",
      "inicio": 623.84,
      "fin": 627.66,
      "duracion": 3.83,
      "texto": "Económica sí porque, como te digo, es promocional, digamos.",
      "confianza": 0.701
    },
    {
      "hablante": "Hablante B",
      "inicio": 627.96,
      "fin": 638.74,
      "duracion": 10.77,
      "texto": "Si tengo un plan de 15 siglas, ya te digo cuánto será.",
      "confianza": 0.528
    },
    {
      "hablante": "Hablante B",
      "inicio": 639.85,
      "fin": 644.33,
      "duracion": 4.48,
      "texto": "Bien, el de 15 gigas más 8 de regalo en 23,850.",
      "confianza": 0.617
    },
    {
      "hablante": "Hablante B",
      "inicio": 644.43,
      "fin": 649.36,
      "duracion": 4.92,
      "texto": "Claro, sí, se se nos va mucho.",
      "confianza": 0.158
    },
    {
      "hablante": "Hablante B",
      "inicio": 649.38,
      "fin": 654.22,
      "duracion": 4.84,
      "texto": "Y el de 30 con 8 gigas en 25,150.",
      "confianza": 0.802
    },
    {
      "hablante": "Hablante A",
      "inicio": 657.38,
      "fin": 658.72,
      "duracion": 1.34,
      "texto": "Sí, se se nos va mucho.",
      "confianza": 0.481
    },
    {
      "hablante": "Hablante A",
      "inicio": 658.74,
      "fin": 662.93,
      "duracion": 4.18,
      "texto": "Pero si tengo esos 8 gigas de regalo, me puedo manejar.",
      "confianza": 0.633
    },
    {
      "hablante": "Hablante A",
      "inicio": 662.95,
      "fin": 664.89,
      "duracion": 1.94,
      "texto": "Son 16 más los 4, ¿no?",
      "confianza": 0.368
    },
    {
      "hablante": "Hablante A",
      "inicio": 664.97,
      "fin": 667.05,
      "duracion": 2.08,
      "texto": "No va a tener 20, es quisi.",
      "confianza": 0.448
    },
    {
      "hablante": "Hablante A",
      "inicio": 667.47,
      "fin": 669.35,
      "duracion": 1.88,
      "texto": "Son 20.",
      "confianza": 0.291
    },
    {
      "hablante": "Hablante A",
      "inicio": 669.37,
      "fin": 670.47,
      "duracion": 1.1,
      "texto": "Bueno, viste.",
      "confianza": 0.378
    },
    {
      "hablante": "Hablante A",
      "inicio": 670.5,
      "fin": 671.92,
      "duracion": 1.42,
      "texto": "Tú me aseguras que son 20.",
      "confianza": 0.614
    },
    {
      "hablante": "Hablante A",
      "inicio": 671.96,
      "fin": 672.92,
      "duracion": 0.96,
      "texto": "Vamos con ese de 8.",
      "confianza": 0.669
    },
    {
      "hablante": "Hablante A",
      "inicio": 672.94,
      "fin": 674.92,
      "duracion": 1.98,
      "texto": "Ocho miles, ¿no?",
      "confianza": 0.504
    },
    {
      "hablante": "Hablante A",
      "inicio": 674.94,
      "fin": 675.28,
      "duracion": 0.34,
      "texto": "Exactamente.",
      "confianza": 0.167
    },
    {
      "hablante": "Hablante A",
      "inicio": 675.3,
      "fin": 677.62,
      "duracion": 2.32,
      "texto": "Ocho mil.",
      "confianza": 0.416
    },
    {
      "hablante": "Hablante A",
      "inicio": 677.64,
      "fin": 677.7,
      "duracion": 0.06,
      "texto": "Sí.",
      "confianza": 0.111
    },
    {
      "hablante": "Hablante A",
      "inicio": 677.72,
      "fin": 679.25,
      "duracion": 1.52,
      "texto": "Bueno, dale.",
      "confianza": 0.117
    },
    {
      "hablante": "Hablante A",
      "inicio": 679.26,
      "fin": 684.45,
      "duracion": 5.19,
      "texto": "Se va a llegar entonces, es decir, a un SMS común, un mensajito de texto común, ¿sí?",
      "confianza": 0.675
    },
    {
      "hablante": "Hablante A",
      "inicio": 684.47,
      "fin": 684.81,
      "duracion": 0.34,
      "texto": "Sí.",
      "confianza": 0.534
    },
    {
      "hablante": "Hablante A",
      "inicio": 684.83,
      "fin": 686.81,
      "duracion": 1.98,
      "texto": "Con el remitente 223, ¿sí?",
      "confianza": 0.84
    },
    {
      "hablante": "Hablante B",
      "inicio": 689.06,
      "fin": 690.04,
      "duracion": 0.98,
      "texto": "Dale.",
      "confianza": 0.269
    },
    {
      "hablante": "Hablante B",
      "inicio": 690.06,
      "fin": 691.04,
      "duracion": 0.98,
      "texto": "Aguardamos un segundo.",
      "confianza": 0.163
    },
    {
      "hablante": "Hablante B",
      "inicio": 691.22,
      "fin": 691.64,
      "duracion": 0.42,
      "texto": "Ahí está.",
      "confianza": 0.204
    },
    {
      "hablante": "Hablante B",
      "inicio": 692.01,
      "fin": 695.49,
      "duracion": 3.49,
      "texto": "Bien, el remitente de ustedes, con el código de portabilidad, ¿sí?",
      "confianza": 0.702
    },
    {
      "hablante": "Hablante B",
      "inicio": 695.59,
      "fin": 699.9,
      "duracion": 4.31,
      "texto": "Ese código lo que nos permite es que vos cambies de compañía y no pierdas su número, ¿sí?",
      "confianza": 0.765
    },
    {
      "hablante": "Hablante B",
      "inicio": 699.92,
      "fin": 708.85,
      "duracion": 8.93,
      "texto": "Es quien le avisa el claro de que vos te vas a aportar, pero para no perder el número, ¿sí?",
      "confianza": 0.685
    },
    {
      "hablante": "Hablante B",
      "inicio": 708.87,
      "fin": 716.04,
      "duracion": 7.17,
      "texto": "Ahora te va a llegar, bueno, te decía, te va a llegar a vos y le va a llegar a tu marido, ¿bien?",
      "confianza": 0.641
    },
    {
      "hablante": "Hablante B",
      "inicio": 716.06,
      "fin": 716.46,
      "duracion": 0.4,
      "texto": "Aguárdame un minuto.",
      "confianza": 0.058
    },
    {
      "hablante": "Hablante A",
      "inicio": 721.34,
      "fin": 721.58,
      "duracion": 0.24,
      "texto": "Bueno.",
      "confianza": 0.553
    },
    {
      "hablante": "Hablante A",
      "inicio": 721.72,
      "fin": 732.07,
      "duracion": 10.36,
      "texto": "Bien.",
      "confianza": 0.615
    },
    {
      "hablante": "Hablante A",
      "inicio": 732.09,
      "fin": 735.5,
      "duracion": 3.41,
      "texto": "A ver, acá me figura un mail, no sé si seguirá siendo el mismo.",
      "confianza": 0.5
    },
    {
      "hablante": "Hablante A",
      "inicio": 736.34,
      "fin": 739.12,
      "duracion": 2.78,
      "texto": "Venecio m.com.",
      "confianza": 0.743
    },
    {
      "hablante": "Hablante A",
      "inicio": 739.2,
      "fin": 742.11,
      "duracion": 2.9,
      "texto": "¿Ese sigue siendo el mismo?",
      "confianza": 0.63
    },
    {
      "hablante": "Hablante A",
      "inicio": 742.13,
      "fin": 742.51,
      "duracion": 0.38,
      "texto": "Sí, ese es el mío.",
      "confianza": 0.081
    },
    {
      "hablante": "Hablante A",
      "inicio": 742.55,
      "fin": 742.91,
      "duracion": 0.36,
      "texto": "Perfecto.",
      "confianza": 0.603
    },
    {
      "hablante": "Hablante A",
      "inicio": 743.03,
      "fin": 747.5,
      "duracion": 4.47,
      "texto": "Micaela Carolina Venecio, ¿sí?",
      "confianza": 0.729
    },
    {
      "hablante": "Hablante A",
      "inicio": 747.52,
      "fin": 747.58,
      "duracion": 0.06,
      "texto": "Sí.",
      "confianza": 0.042
    },
    {
      "hablante": "Hablante A",
      "inicio": 747.6,
      "fin": 747.92,
      "duracion": 0.32,
      "texto": "Perfecto.",
      "confianza": 0.239
    },
    {
      "hablante": "Hablante B",
      "inicio": 755.1,
      "fin": 757.51,
      "duracion": 2.4,
      "texto": "Bien.",
      "confianza": 0.181
    },
    {
      "hablante": "Hablante B",
      "inicio": 757.53,
      "fin": 760.97,
      "duracion": 3.45,
      "texto": "Ahí te llegó, ¿puedes ser?",
      "confianza": 0.436
    },
    {
      "hablante": "Hablante B",
      "inicio": 760.99,
      "fin": 763.96,
      "duracion": 2.96,
      "texto": "¿Un mail o un código?",
      "confianza": 0.535
    },
    {
      "hablante": "Hablante B",
      "inicio": 763.98,
      "fin": 764.76,
      "duracion": 0.78,
      "texto": "Exactamente.",
      "confianza": 0.97
    },
    {
      "hablante": "Hablante B",
      "inicio": 765.7,
      "fin": 767.02,
      "duracion": 1.32,
      "texto": "El código es 2888.",
      "confianza": 0.47
    },
    {
      "hablante": "Hablante B",
      "inicio": 767.22,
      "fin": 771.41,
      "duracion": 4.19,
      "texto": "2888 sería.",
      "confianza": 0.702
    },
    {
      "hablante": "Hablante B",
      "inicio": 771.57,
      "fin": 773.07,
      "duracion": 1.5,
      "texto": "Perfecto.",
      "confianza": 0.767
    },
    {
      "hablante": "Hablante B",
      "inicio": 773.5,
      "fin": 778.94,
      "duracion": 5.45,
      "texto": "Te pido, porfa, si podés hacerme captura de pantalla y mandármelo a WhatsApp.",
      "confianza": 0.692
    },
    {
      "hablante": "Hablante B",
      "inicio": 778.96,
      "fin": 779.3,
      "duracion": 0.34,
      "texto": "Dale.",
      "confianza": 0.801
    },
    {
      "hablante": "Hablante B",
      "inicio": 780.72,
      "fin": 795.03,
      "duracion": 14.31,
      "texto": "Dale, si querés ir a avisarle a tu marido que le va a llegar porque también necesito que me lo envíen.",
      "confianza": 0.639
    },
    {
      "hablante": "Hablante B",
      "inicio": 795.05,
      "fin": 797.17,
      "duracion": 2.12,
      "texto": "Sí, no hay problema, está conmigo.",
      "confianza": 0.114
    },
    {
      "hablante": "Hablante B",
      "inicio": 797.2,
      "fin": 797.84,
      "duracion": 0.64,
      "texto": "Ah, está ahí, genial, buenísimo.",
      "confianza": 0.004
    },
    {
      "hablante": "Hablante B",
      "inicio": 797.86,
      "fin": 798.22,
      "duracion": 0.36,
      "texto": "Ahí te mandé a mí.",
      "confianza": 0.009
    },
    {
      "hablante": "Hablante B",
      "inicio": 798.24,
      "fin": 798.42,
      "duracion": 0.18,
      "texto": "Perfecto.",
      "confianza": 0.001
    },
    {
      "hablante": "Hablante B",
      "inicio": 798.44,
      "fin": 802.28,
      "duracion": 3.84,
      "texto": "Dale, ahí le mandé a él.",
      "confianza": 0.634
    },
    {
      "hablante": "Hablante B",
      "inicio": 802.3,
      "fin": 802.36,
      "duracion": 0.06,
      "texto": "Sí.",
      "confianza": 0.036
    },
    {
      "hablante": "Hablante B",
      "inicio": 802.38,
      "fin": 804.7,
      "duracion": 2.32,
      "texto": "Bien, va a estar recibiendo llamadas en el día de hoy.",
      "confianza": 0.731
    },
    {
      "hablante": "Hablante B",
      "inicio": 804.78,
      "fin": 808.45,
      "duracion": 3.66,
      "texto": "Puede ser que sean de claro o de movistad, que es para ver que esté activo para la línea.",
      "confianza": 0.728
    },
    {
      "hablante": "Hablante B",
      "inicio": 808.71,
      "fin": 809.21,
      "duracion": 0.5,
      "texto": "Bien.",
      "confianza": 0.686
    },
    {
      "hablante": "Hablante B",
      "inicio": 809.52,
      "fin": 814.41,
      "duracion": 4.89,
      "texto": "recomiendo no atender estas llamas para no generar lo que puede ser una doble facturación, ¿sí?",
      "confianza": 0.781
    },
    {
      "hablante": "Hablante B",
      "inicio": 814.79,
      "fin": 817.72,
      "duracion": 2.92,
      "texto": "O sea que ese trámite se inicia ahora.",
      "confianza": 0.248
    },
    {
      "hablante": "Hablante B",
      "inicio": 817.74,
      "fin": 820.2,
      "duracion": 2.46,
      "texto": "Bien, ahí te digo si le llegó a él.",
      "confianza": 0.581
    },
    {
      "hablante": "Hablante B",
      "inicio": 820.22,
      "fin": 822.04,
      "duracion": 1.82,
      "texto": "Ahí le tiene que haber llegado él también.",
      "confianza": 0.66
    },
    {
      "hablante": "Hablante A",
      "inicio": 827.13,
      "fin": 827.49,
      "duracion": 0.36,
      "texto": "Sí, 48.",
      "confianza": 0.506
    },
    {
      "hablante": "Hablante A",
      "inicio": 827.51,
      "fin": 827.77,
      "duracion": 0.26,
      "texto": "Sí, 68.",
      "confianza": 0.498
    },
    {
      "hablante": "Hablante A",
      "inicio": 829.03,
      "fin": 838.25,
      "duracion": 9.21,
      "texto": "Dale, también te pido si le podés hacer captura en todo caso que te lo mande a vos o te mandatelo a vos y vos me lo mandas.",
      "confianza": 0.556
    },
    {
      "hablante": "Hablante A",
      "inicio": 838.27,
      "fin": 838.79,
      "duracion": 0.52,
      "texto": "Ahí está, ahí te lo mando.",
      "confianza": 0.007
    },
    {
      "hablante": "Hablante A",
      "inicio": 838.81,
      "fin": 838.91,
      "duracion": 0.1,
      "texto": "Dale.",
      "confianza": 0.202
    },
    {
      "hablante": "Hablante B",
      "inicio": 840.44,
      "fin": 846.97,
      "duracion": 6.53,
      "texto": "Ah, y el mail de él voy a necesitar, porque el tuyo ya lo tengo, pero el de él no.",
      "confianza": 0.657
    },
    {
      "hablante": "Hablante B",
      "inicio": 846.99,
      "fin": 853.91,
      "duracion": 6.93,
      "texto": "Vale, ahí te lo estoy escribiendo por... Genial.",
      "confianza": 0.333
    },
    {
      "hablante": "Hablante B",
      "inicio": 853.93,
      "fin": 854.33,
      "duracion": 0.4,
      "texto": "Así, para copiar ya.",
      "confianza": 0.007
    },
    {
      "hablante": "Hablante B",
      "inicio": 854.35,
      "fin": 854.53,
      "duracion": 0.18,
      "texto": "Ahí está.",
      "confianza": 0.0
    },
    {
      "hablante": "Hablante B",
      "inicio": 854.55,
      "fin": 854.83,
      "duracion": 0.28,
      "texto": "Ah, buenísimo.",
      "confianza": 0.008
    },
    {
      "hablante": "Hablante B",
      "inicio": 854.85,
      "fin": 855.46,
      "duracion": 0.6,
      "texto": "Perfecto.",
      "confianza": 0.476
    },
    {
      "hablante": "Hablante B",
      "inicio": 855.48,
      "fin": 861.5,
      "duracion": 6.03,
      "texto": "Bien, Mica, lo último que voy a necesitar de parte tuya es una foto del frente y dorso de tu DNA, ¿sí?",
      "confianza": 0.725
    },
    {
      "hablante": "Hablante B",
      "inicio": 862.14,
      "fin": 862.32,
      "duracion": 0.18,
      "texto": "Perfecto.",
      "confianza": 0.008
    },
    {
      "hablante": "Hablante B",
      "inicio": 862.34,
      "fin": 867.53,
      "duracion": 5.19,
      "texto": "Ahora, esto es una ecuación de validad y identidad que no cualquiera puede aportar una línea de tu nombre sin que seas vos, ¿sí?",
      "confianza": 0.616
    },
    {
      "hablante": "Hablante B",
      "inicio": 867.69,
      "fin": 884.17,
      "duracion": 16.47,
      "texto": "Si me pones en el tramo, si quieres, si haces eso, yo te voy a hacer lo que es el cierre comercial, que es para que quede en registro en esta desarmada lo que estás contratando.",
      "confianza": 0.638
    },
    {
      "hablante": "Hablante A",
      "inicio": 886.46,
      "fin": 901.25,
      "duracion": 14.8,
      "texto": "Bien, y bueno, después si vos querés, como te digo, pasar, pues yo ahora te paso las promociones para que vos le puedas pasar a tu mamá, y si se quiere aprovechar también, me hablas ahí en WhatsApp, me hablas vos y yo te tramo, que ella se contacte directamente conmigo, no hay problema con eso.",
      "confianza": 0.568
    },
    {
      "hablante": "Hablante A",
      "inicio": 901.27,
      "fin": 901.46,
      "duracion": 0.18,
      "texto": "Perfecto.",
      "confianza": 0.015
    },
    {
      "hablante": "Hablante A",
      "inicio": 901.48,
      "fin": 909.68,
      "duracion": 8.21,
      "texto": "Dale, Mica, bueno, te voy a ir haciendo entonces mientras me vas mandando lo otro, te voy a ir haciendo el cierre, así no te quito más tiempo, para recibir futuras promociones.",
      "confianza": 0.525
    },
    {
      "hablante": "Hablante A",
      "inicio": 909.71,
      "fin": 913.31,
      "duracion": 3.6,
      "texto": "¿Usted tiene internet móvil actualmente en su domicilio?",
      "confianza": 0.704
    },
    {
      "hablante": "Hablante A",
      "inicio": 913.96,
      "fin": 917.33,
      "duracion": 3.36,
      "texto": "Eh, no, tengo telecentro.",
      "confianza": 0.09
    },
    {
      "hablante": "Hablante A",
      "inicio": 917.35,
      "fin": 932.1,
      "duracion": 14.75,
      "texto": "Bien, podríamos, después si querés, podemos verificar la cobertura y si en ese caso que tengas cobertura te comento cómo se quedaría el valor final por todo el chárvide.",
      "confianza": 0.681
    },
    {
      "hablante": "Hablante A",
      "inicio": 932.12,
      "fin": 932.62,
      "duracion": 0.5,
      "texto": "Eh, ¿por el momento o no?",
      "confianza": 0.01
    },
    {
      "hablante": "Hablante A",
      "inicio": 932.64,
      "fin": 933.0,
      "duracion": 0.36,
      "texto": "No, solo al mismo.",
      "confianza": 0.022
    },
    {
      "hablante": "Hablante A",
      "inicio": 933.02,
      "fin": 933.46,
      "duracion": 0.44,
      "texto": "Vale, no hay problema.",
      "confianza": 0.082
    },
    {
      "hablante": "Hablante A",
      "inicio": 933.48,
      "fin": 934.84,
      "duracion": 1.36,
      "texto": "Pero después capaz que me comunico.",
      "confianza": 0.09
    },
    {
      "hablante": "Hablante A",
      "inicio": 934.86,
      "fin": 936.11,
      "duracion": 1.24,
      "texto": "Dale, dale cuando vos quieras.",
      "confianza": 0.721
    },
    {
      "hablante": "Hablante A",
      "inicio": 936.75,
      "fin": 943.53,
      "duracion": 6.79,
      "texto": "Bien, estamos portando las líneas 11-40-95-5017",
      "confianza": 0.788
    },
    {
      "hablante": "Hablante A",
      "inicio": 943.8,
      "fin": 945.64,
      "duracion": 1.84,
      "texto": "11-40-9-1-1-0-2-9, ¿sí?",
      "confianza": 0.612
    },
    {
      "hablante": "Hablante A",
      "inicio": 945.66,
      "fin": 960.14,
      "duracion": 14.48,
      "texto": "A nombre de Micaela Carolina Venencio, los últimos tres dígitos de tu DNI, Micaela 333, ¿sí?",
      "confianza": 0.716
    },
    {
      "hablante": "Hablante A",
      "inicio": 960.16,
      "fin": 960.38,
      "duracion": 0.22,
      "texto": "Sí, sí.",
      "confianza": 0.234
    },
    {
      "hablante": "Hablante A",
      "inicio": 960.42,
      "fin": 962.68,
      "duracion": 2.26,
      "texto": "Perfecto.",
      "confianza": 0.28
    },
    {
      "hablante": "Hablante A",
      "inicio": 962.7,
      "fin": 963.21,
      "duracion": 0.5,
      "texto": "Bien.",
      "confianza": 0.292
    },
    {
      "hablante": "Hablante A",
      "inicio": 963.23,
      "fin": 966.63,
      "duracion": 3.4,
      "texto": "Tu compañía actual es claro, ¿verdad?",
      "confianza": 0.885
    },
    {
      "hablante": "Hablante A",
      "inicio": 966.65,
      "fin": 966.71,
      "duracion": 0.06,
      "texto": "Sí.",
      "confianza": 0.043
    },
    {
      "hablante": "Hablante A",
      "inicio": 966.73,
      "fin": 972.48,
      "duracion": 5.75,
      "texto": "Bien, me comentaste que contás con factura mensual y la factura está a nombre tuyo, ¿sí?",
      "confianza": 0.667
    },
    {
      "hablante": "Hablante A",
      "inicio": 972.5,
      "fin": 972.56,
      "duracion": 0.06,
      "texto": "Sí.",
      "confianza": 0.339
    },
    {
      "hablante": "Hablante A",
      "inicio": 972.62,
      "fin": 980.9,
      "duracion": 8.28,
      "texto": "Bien, pues es virtual, sí, son eSIM los dos, de las dos líneas.",
      "confianza": 0.554
    },
    {
      "hablante": "Hablante A",
      "inicio": 980.92,
      "fin": 981.28,
      "duracion": 0.36,
      "texto": "Perfecto.",
      "confianza": 0.293
    },
    {
      "hablante": "Hablante A",
      "inicio": 981.3,
      "fin": 996.71,
      "duracion": 15.41,
      "texto": "Vas a estar recibiendo, entonces, los eSIM en el de tu línea, en el mail, venenciomarnobarashimeil.com y el de la línea terminada en...",
      "confianza": 0.724
    },
    {
      "hablante": "Hablante A",
      "inicio": 998.05,
      "fin": 1008.07,
      "duracion": 10.01,
      "texto": "y el de la línea terminada en 029, lo vas a estar recibiendo al QR en renaticasamira.com.",
      "confianza": 0.731
    },
    {
      "hablante": "Hablante A",
      "inicio": 1008.13,
      "fin": 1010.43,
      "duracion": 2.3,
      "texto": "¿Tienen?",
      "confianza": 0.183
    },
    {
      "hablante": "Hablante A",
      "inicio": 1010.45,
      "fin": 1010.63,
      "duracion": 0.18,
      "texto": "Perfecto.",
      "confianza": 0.011
    },
    {
      "hablante": "Hablante A",
      "inicio": 1010.65,
      "fin": 1011.03,
      "duracion": 0.38,
      "texto": "Perfecto.",
      "confianza": 0.429
    },
    {
      "hablante": "Hablante A",
      "inicio": 1011.05,
      "fin": 1020.64,
      "duracion": 9.59,
      "texto": "Te recuerdo, entonces, que el costo del servicio al día de hoy es de 8000 pesos precio final al día de hoy con un descuento fijo por seis meses de 40 a 4050.",
      "confianza": 0.7
    },
    {
      "hablante": "Hablante A",
      "inicio": 1020.78,
      "fin": 1027.97,
      "duracion": 7.19,
      "texto": "Este plan te incluye ocho días de regalo, más ocho de base, más ocho de regalo por seis meses, WhatsApp gratis,",
      "confianza": 0.713
    },
    {
      "hablante": "Hablante A",
      "inicio": 1028.34,
      "fin": 1033.91,
      "duracion": 5.57,
      "texto": "La más libre a todas las compañías, América Precio Local, Romina en América, incluida.",
      "confianza": 0.791
    },
    {
      "hablante": "Hablante A",
      "inicio": 1034.45,
      "fin": 1037.08,
      "duracion": 2.62,
      "texto": "También van a tener un giga para Free Fire.",
      "confianza": 0.722
    },
    {
      "hablante": "Hablante A",
      "inicio": 1037.72,
      "fin": 1042.88,
      "duracion": 5.17,
      "texto": "No sé si juegan, pero está incluida dentro del plan.",
      "confianza": 0.671
    },
    {
      "hablante": "Hablante A",
      "inicio": 1042.9,
      "fin": 1043.09,
      "duracion": 0.18,
      "texto": "Perfecto.",
      "confianza": 0.019
    },
    {
      "hablante": "Hablante A",
      "inicio": 1043.11,
      "fin": 1045.85,
      "duracion": 2.74,
      "texto": "Te recuerdo que el servicio se factura mes adelantado.",
      "confianza": 0.665
    },
    {
      "hablante": "Hablante A",
      "inicio": 1045.87,
      "fin": 1053.18,
      "duracion": 7.31,
      "texto": "Los 8 gigas de regalos se van a habilitar 48 horas después de activar la línea.",
      "confianza": 0.663
    },
    {
      "hablante": "Hablante A",
      "inicio": 1053.72,
      "fin": 1056.0,
      "duracion": 2.28,
      "texto": "Ok.",
      "confianza": 0.613
    },
    {
      "hablante": "Hablante A",
      "inicio": 1057.23,
      "fin": 1063.5,
      "duracion": 6.27,
      "texto": "venenciom.gmail.com estarás recibiendo tu facturación online a través del mail que nos proporciona.",
      "confianza": 0.685
    },
    {
      "hablante": "Hablante A",
      "inicio": 1064.18,
      "fin": 1073.84,
      "duracion": 9.65,
      "texto": "Ingresando a la sección Servicios de la App Movistar, podés ver toda la información referida a tu factura, ya sea ciclo de facturación, vencimiento o montos a pagar.",
      "confianza": 0.702
    },
    {
      "hablante": "Hablante A",
      "inicio": 1074.44,
      "fin": 1080.04,
      "duracion": 5.61,
      "texto": "También podés activar 20 gigas de regalo con una duración de 30 días disponible una vez al año.",
      "confianza": 0.804
    },
    {
      "hablante": "Hablante A",
      "inicio": 1080.7,
      "fin": 1086.63,
      "duracion": 5.93,
      "texto": "Podés adherirte al débito automático y sumar 4 gigas de regalo en cada línea móvil si quieres que portar",
      "confianza": 0.727
    },
    {
      "hablante": "Hablante A",
      "inicio": 1086.85,
      "fin": 1090.45,
      "duracion": 3.6,
      "texto": "más de dos líneas registradas bajo un mismo titular.",
      "confianza": 0.543
    },
    {
      "hablante": "Hablante A",
      "inicio": 1090.47,
      "fin": 1095.88,
      "duracion": 5.41,
      "texto": "Una vez que aprobada la portabilidad, su línea aportará a las 48 horas árboles.",
      "confianza": 0.768
    },
    {
      "hablante": "Hablante A",
      "inicio": 1096.6,
      "fin": 1102.77,
      "duracion": 6.17,
      "texto": "Un día antes, por mensaje de WhatsApp, vamos a estar informando la fecha... Esto... Sí, sé.",
      "confianza": 0.576
    },
    {
      "hablante": "Hablante A",
      "inicio": 1102.98,
      "fin": 1107.53,
      "duracion": 4.55,
      "texto": "Un día antes, por mensaje de WhatsApp, vamos a estar informando la fecha de portabilidad para que te quedes tranquila.",
      "confianza": 0.658
    },
    {
      "hablante": "Hablante A",
      "inicio": 1107.69,
      "fin": 1112.41,
      "duracion": 4.72,
      "texto": "Es importante que no escanees el QR antes de la fecha informada.",
      "confianza": 0.759
    },
    {
      "hablante": "Hablante A",
      "inicio": 1112.45,
      "fin": 1116.72,
      "duracion": 4.27,
      "texto": "De todas maneras, te vas a dar cuenta porque tu línea de claro va a dejar de recibir señal",
      "confianza": 0.641
    },
    {
      "hablante": "Hablante A",
      "inicio": 1116.92,
      "fin": 1118.74,
      "duracion": 1.82,
      "texto": "Ahí es cuando debes escanearlo.",
      "confianza": 0.851
    },
    {
      "hablante": "Hablante A",
      "inicio": 1119.54,
      "fin": 1123.43,
      "duracion": 3.89,
      "texto": "Te comento que por única vez deberás validar identidad al activarlo.",
      "confianza": 0.716
    },
    {
      "hablante": "Hablante A",
      "inicio": 1123.61,
      "fin": 1133.25,
      "duracion": 9.64,
      "texto": "En caso de que tengas alguna dificultad, intentalo nuevamente o comunícate al 0800-321-76782 opción 4.",
      "confianza": 0.738
    },
    {
      "hablante": "Hablante A",
      "inicio": 1133.51,
      "fin": 1134.89,
      "duracion": 1.38,
      "texto": "Ahora te voy a enviar ese número.",
      "confianza": 0.552
    },
    {
      "hablante": "Hablante A",
      "inicio": 1135.55,
      "fin": 1139.8,
      "duracion": 4.25,
      "texto": "Les solicitamos que en caso de que no levantes señal del chip, reinicies el equipo.",
      "confianza": 0.783
    },
    {
      "hablante": "Hablante A",
      "inicio": 1140.42,
      "fin": 1145.1,
      "duracion": 4.69,
      "texto": "Por otro lado, dentro de los próximos días vas a recibir una encuesta de satisfacción por WhatsApp",
      "confianza": 0.756
    },
    {
      "hablante": "Hablante A",
      "inicio": 1145.4,
      "fin": 1150.37,
      "duracion": 4.97,
      "texto": "Te solicitamos, por favor, que la completes ya que tu opinión es muy importante para la empresa, ¿sí?",
      "confianza": 0.743
    },
    {
      "hablante": "Hablante A",
      "inicio": 1150.95,
      "fin": 1152.26,
      "duracion": 1.3,
      "texto": "Entonces, te paso en limpio.",
      "confianza": 0.69
    },
    {
      "hablante": "Hablante A",
      "inicio": 1152.28,
      "fin": 1158.64,
      "duracion": 6.37,
      "texto": "Más o menos en 48 o 72 horas hábiles te va a llegar el QR, ¿sí?, al mail.",
      "confianza": 0.591
    },
    {
      "hablante": "Hablante A",
      "inicio": 1159.23,
      "fin": 1166.98,
      "duracion": 7.75,
      "texto": "Posterior a eso, vos no escaneas el QR hasta que no te llegue el mensaje diciendo que la línea de claro va a dejar de funcionar, ¿sí?",
      "confianza": 0.655
    },
    {
      "hablante": "Hablante A",
      "inicio": 1167.0,
      "fin": 1171.56,
      "duracion": 4.57,
      "texto": "Cuando te llegue ese mensaje, por lo general a las 5 de la mañana es cuando claro deja de funcionar.",
      "confianza": 0.747
    },
    {
      "hablante": "Hablante A",
      "inicio": 1172.0,
      "fin": 1179.81,
      "duracion": 7.81,
      "texto": "Bien, si vos te levantas posterior y llores, te vas a dar cuenta porque no vas a tener líneas, ¿sí?",
      "confianza": 0.516
    },
    {
      "hablante": "Hablante A",
      "inicio": 1179.83,
      "fin": 1183.86,
      "duracion": 4.03,
      "texto": "Para que me parezca que vas con un sector re bajito, ahí está.",
      "confianza": 0.281
    },
    {
      "hablante": "Hablante A",
      "inicio": 1183.88,
      "fin": 1187.52,
      "duracion": 3.64,
      "texto": "Bien, Mica, bueno, entonces, ¿tarías a todo?",
      "confianza": 0.467
    },
    {
      "hablante": "Hablante A",
      "inicio": 1187.54,
      "fin": 1188.82,
      "duracion": 1.28,
      "texto": "Ahí queda todo cargadito.",
      "confianza": 0.742
    },
    {
      "hablante": "Hablante A",
      "inicio": 1188.92,
      "fin": 1197.41,
      "duracion": 8.49,
      "texto": "Bueno, como ya te comenté, lo de las llamas es que no respondas, que no envíes tampoco documentación a ningún otro asesor, que a partir de ahora yo voy a ser tu asesora, ¿sí?",
      "confianza": 0.698
    },
    {
      "hablante": "Hablante A",
      "inicio": 1197.43,
      "fin": 1201.5,
      "duracion": 4.07,
      "texto": "Cualquier duda o consulta, tenés mi número, ¿sí?",
      "confianza": 0.369
    },
    {
      "hablante": "Hablante A",
      "inicio": 1201.52,
      "fin": 1201.74,
      "duracion": 0.22,
      "texto": "Perfecto.",
      "confianza": 0.215
    },
    {
      "hablante": "Hablante A",
      "inicio": 1202.32,
      "fin": 1203.31,
      "duracion": 0.98,
      "texto": "Bien.",
      "confianza": 0.387
    },
    {
      "hablante": "Hablante A",
      "inicio": 1203.53,
      "fin": 1204.95,
      "duracion": 1.42,
      "texto": "Bueno, eso sería todo.",
      "confianza": 0.674
    },
    {
      "hablante": "Hablante A",
      "inicio": 1204.97,
      "fin": 1206.65,
      "duracion": 1.68,
      "texto": "Sí, bienvenida nuevamente a Movistar.",
      "confianza": 0.623
    },
    {
      "hablante": "Hablante A",
      "inicio": 1207.71,
      "fin": 1208.49,
      "duracion": 0.78,
      "texto": "Bueno, muchas gracias.",
      "confianza": 0.188
    },
    {
      "hablante": "Hablante A",
      "inicio": 1208.51,
      "fin": 1209.81,
      "duracion": 1.3,
      "texto": "¿Te puedo hacer una consulta?",
      "confianza": 0.442
    },
    {
      "hablante": "Hablante A",
      "inicio": 1209.99,
      "fin": 1211.8,
      "duracion": 1.8,
      "texto": "Sí, por favor, decime.",
      "confianza": 0.795
    },
    {
      "hablante": "Hablante A",
      "inicio": 1211.82,
      "fin": 1213.12,
      "duracion": 1.3,
      "texto": "¿Cuándo sería, digamos?",
      "confianza": 0.598
    },
    {
      "hablante": "Hablante A",
      "inicio": 1213.14,
      "fin": 1215.32,
      "duracion": 2.18,
      "texto": "¿Cómo tengo que pagar los primeros 8.000 pesos?",
      "confianza": 0.653
    },
    {
      "hablante": "Hablante A",
      "inicio": 1216.72,
      "fin": 1219.16,
      "duracion": 2.44,
      "texto": "Y esto, a qué fecha estamos en fin de mes.",
      "confianza": 0.541
    },
    {
      "hablante": "Hablante A",
      "inicio": 1219.28,
      "fin": 1226.81,
      "duracion": 7.53,
      "texto": "Y quizás, mira, puede ser que te ingreses para este, porque como se cobra el mes adelantado, que la tengas que pagar ahora en febrero.",
      "confianza": 0.703
    },
    {
      "hablante": "Hablante A",
      "inicio": 1227.18,
      "fin": 1246.32,
      "duracion": 19.14,
      "texto": "lo que va a ser el servicio que vas a tener en febrero, no se te va a cobrar los días que quedan de enero, sino que se te va a cobrar recién el servicio que corresponde a febrero, posiblemente el tercero.",
      "confianza": 0.687
    },
    {
      "hablante": "Hablante A",
      "inicio": 1246.67,
      "fin": 1254.48,
      "duracion": 7.81,
      "texto": "Yo para saber, como estamos a mitad de enero prácticamente, a veces a veces me cobran el mes completo y... Eso seguro que no, enero no.",
      "confianza": 0.565
    },
    {
      "hablante": "Hablante A",
      "inicio": 1254.6,
      "fin": 1260.23,
      "duracion": 5.63,
      "texto": "Te va a llegar una fractura para pagar los primeros días de febrero, pero que corresponde al servicio de febrero.",
      "confianza": 0.722
    },
    {
      "hablante": "Hablante B",
      "inicio": 1262.29,
      "fin": 1270.0,
      "duracion": 7.71,
      "texto": "Claro, porque te cobran adelantado, te cobran... Exactamente, está igual, está igual.",
      "confianza": 0.301
    },
    {
      "hablante": "Hablante B",
      "inicio": 1270.02,
      "fin": 1271.22,
      "duracion": 1.2,
      "texto": "Bueno, que estés muy bien.",
      "confianza": 0.689
    },
    {
      "hablante": "Hablante B",
      "inicio": 1271.9,
      "fin": 1273.84,
      "duracion": 1.94,
      "texto": "Igualmente, hasta luego, gracias.",
      "confianza": 0.22
    }
  ],
  "transcripcion_completa": "Hola. Hola, ¿sí? Hola, ¿cómo estás? Buenos días. Hablo con Elsa. Sí, dígame. ¿Cómo estás? Elsa Uccine es mi nombre. Me estoy comunicando del área de recupero en el cliente Movistar. Sí. No figura, Elsa, que vos actualmente estás en claro, ¿sí? Sí. Bien. Y te consulto el motivo por el que te fuiste de Movistar. ¿Cuál fue? porque estaba caro y me hicieron mejor presión, claro, y bueno, me pasé. Bien, me entiendo, por supuesto. Bueno, te cuento, sí, en ese caso nos estábamos contactando de la idea de Recupero, como te había mencionado, porque tenemos promociones exclusivas para aquellos clientes que han sido parte de la compañía, ¿bien? Sí. En ese caso, tenemos para brindarte lo que es un plan de 8 gigas de base más 8 de regalo, van a ser 16 gigas en total, WhatsApp práctica, más libres a todas las compañías por un precio final de 8,000 pesos. ¿Sí? ¿Cuánto? 8,000. Ajá. Bien. Por ser más de una línea, además, vas a contar con 4 gigas extras para cada una de las líneas por tiempo indeterminado. ¿Sí? Es decir, mientras vos tengas más de dos líneas en Movistar, vas a tener 4 gigas extras para cada una de las líneas. ¿Sí? Ajá. En este caso, Densa, el trámite es súper sencillo. Simplemente lo que hacemos es verificarte los datos que tenemos ingresados en el sistema y enviarte los chips a la sucursal más cercana, a tu domicilio o a tu domicilio laboral donde más cómodo te quede a vos. Sí, decime. Los otros días de regalo, ¿cuántos meses me lo das? Los ocho de regalos son por seis meses. Es decir, que a partir del séptimo mes, todas las líneas van a continuar con 12 gigas. ¿Qué tiene de bueno el samovistar? La diferencia de claro es que ustedes pueden guardar los gigas excedentes, o sea, lo que no alcancen a ocuparlos, pueden guardar y pasar seis gigas entre las líneas. Es decir, que si alguna línea consume más que otra, Esa línea no va a ser necesario que haga una recarga, sino que se le puede pasar de las otras líneas. Claro, no. Eso es lo que por ahí tiene de bueno, que claro, no nos permite hacer eso. Bien, te consulto en saposos de Caba o de Provincia de Buenos Aires. Provincia de Provincia. Bien, sí, así te enviaríamos el chivo en 48 y 32 horas hábiles, y lo hacemos de esta manera. Para que cuando la línea de claro deje de funcionar, vos ya tengas los chip con vos, ¿sí? Entonces lo único que hacen es cambiarlo, nada más. Me dijiste provincia, ¿de qué partieron? Yo soy de Pilar. Bien, ahí te digo. A ver cuál sería la que te quedaría más cerquita, ¿sí? Bien, en Pilano tengo en Rivadavia 499. ¿Esa te queda cómodo para ir? Pero que bueno que está en ese peligro. ¿Para? ¿A dónde es que está? ¿Para? Aquí es el día para retirar los chips. Claro. ¿Te queda cómodo? ¿Tengo chips? Decime. Sí, es en el centro de Pilano. Estoy a diez minutos más o menos. Ah, bueno. Mira, tengo dos. Tengo uno en Rivadavia 499 y en Tucumán 420. O sea, sí, cualquiera de los dos. Están cerca las dos. Perfecto. Vamos a poner la derribadoría que también atiende los sábados. Vale. Vale. Ahí te voy a mandar un mensajito de WhatsApp, ¿sí? Por mi número. A partir de ahora yo voy a ser tu asesora, ¿sí? Cualquier duda o consulta que vos tengas, me daré la... Ahí. Ahí eso te voy a mandar. Esperamos un segundito. Acá. Y... Decime... Entonces, me quedan 8 gigas más los 8 regalos, más 4 si paso 2 gigas. Claro, van a ser 16 gigas, perfil 16. En total, en total, 20 gigas los primeros 6 meses. Después, a partir del séptimo mes, 12 gigas. Mira. Hola. Aguardo un momento, ahí te estoy mandando el mensajito. Bien, ahí te mandé el mensaje de WhatsApp. Confírmame si te llego. Así ahora te voy a mandar entonces la sucursal donde vas a ir a retirar el chip, que dijimos que va a ser la de Rivadavia 499. Te quería comentar igual. Sí, decime. Esa, en realidad, Es mi mamá. Nosotros teníamos todas las niñas a nombre de ella. Tuve como familia. Después todo el tiempo cambiado de teléfono, dije que tenía que ir conmigo. Pase la línea mía y la de mi marido a mi nombre. Entonces cambió y quisiera cambiar esas dos nomás. La mía y la del marido. Para poder tener también las cuatro chigas. Dale, entonces la tuya es, bueno, esta que termina en 0 y 17 y la de tu marido, ¿cuál sería? En 10 y 29. Acá está. 11, 0, 29. ¿Esa? 11, 40, 91, 10, 29. Acá está, sí. Son esas dos. 11, 40, 91, 10, 29. ¿Esa? las otras siguen entonces a nombre de tu mamá. En todo caso lo que podemos hacer, solo te voy a, hacemos tu trámite con tus líneas y bueno, después en tu caso si quieres vos hablarlo con ella para si también quiere aprovechar. Sí, sí, ahí. ¿Y yo te lo acepto ahora? ¿Cuándo tendría que ir a buscar el chip? No, no menos que en 48, 72 horas hábiles, te estaría encerrando. Te va a llegar un mensajito el día anterior, avisándote de que ya están los chips para que los retires. ¿Y la línea? O sea, ¿me da tiempo? ¿Me da tiempo? Sí, porque la línea se va a aportar más o menos, sí. Desde que vos tenés el team con vos, son más o menos 48, 72 horas hábiles más. O sea, más o menos en cinco días vas a dejar de tener la línea de claro, pero vos la vas a tener el team con vos. En realidad, yo necesito el team. Ah, vos tenés. Es más rápido, entonces. Necesito, sí, brindame tu... Para. Déjame que quiero ver una cosa. Vos me decís que entonces ya tu línea no está más a tu nombre. Yo tengo a mi nombre la que estamos hablando hoy y la que te voy a decir. A ver. Bien, a ver, aguardame. Vamos a... Espérame, ¿sí? Aguardame, ¿qué? Bien, decime tu DNI. 4-1. Sí. 8, 9, 1. Sí. 3, 3, 3. 3, 3, 3. Bien. Esperamos un segundo, ¿sí? Quiero verificar si esa figura en el sistema a tu nombre o si todavía no se actualizó de, o sea, ese. Dale. Diego. Bueno. Un segundo. Dámelo. Sí. Sí. Ah, bien. 41, 89, 13, 33. Sí, está tu nombre. Ya se pasó tu nombre. Perfecto. Bueno, entonces voy a necesitar que me envíes. ¿Tu nombre es, perdón? Micaela. Perfecto. Mica. Bien. Entonces, los dos son en sí. ¿Tú soy el de tu marido o alguna físico? No, dos. Todos tenemos el sí. Vale. Decime, Mica, entonces, tú May y él de tu marido porque les vas a llegar a cada uno, ¿sí? Ah, bueno. ¿Y cuándo se va a ir? Llega en 48 horas, pero es mucho más rápido y no va a hacer falta que vayas a algún lugar a buscarlo, sino que directamente lo escaneas. No sé si te aseguro mi apellido, ¿eh? ¿Venencio? Igual me lo quede mejor escribir, para poder no equivocarnos, porque como ha sido el cubano ahí, sí, es mejor. Hay dudas de escribir WhatsApp. Mientras te van escribiendo el mail, te voy contando, ¿sí? Se va a llegar ahora lo que es el código de portabilidad, un SMS común, un mensajito de texto común, que va a llegar a tu línea y a la línea de tu marido, ¿sí? Esa es la promoción con más siglas que me puedes ofrecer más o menos económica, ¿no? Económica sí porque, como te digo, es promocional, digamos. Si tengo un plan de 15 siglas, ya te digo cuánto será. Bien, el de 15 gigas más 8 de regalo en 23,850. Claro, sí, se se nos va mucho. Y el de 30 con 8 gigas en 25,150. Sí, se se nos va mucho. Pero si tengo esos 8 gigas de regalo, me puedo manejar. Son 16 más los 4, ¿no? No va a tener 20, es quisi. Son 20. Bueno, viste. Tú me aseguras que son 20. Vamos con ese de 8. Ocho miles, ¿no? Exactamente. Ocho mil. Sí. Bueno, dale. Se va a llegar entonces, es decir, a un SMS común, un mensajito de texto común, ¿sí? Sí. Con el remitente 223, ¿sí? Dale. Aguardamos un segundo. Ahí está. Bien, el remitente de ustedes, con el código de portabilidad, ¿sí? Ese código lo que nos permite es que vos cambies de compañía y no pierdas su número, ¿sí? Es quien le avisa el claro de que vos te vas a aportar, pero para no perder el número, ¿sí? Ahora te va a llegar, bueno, te decía, te va a llegar a vos y le va a llegar a tu marido, ¿bien? Aguárdame un minuto. Bueno. Bien. A ver, acá me figura un mail, no sé si seguirá siendo el mismo. Venecio m.com. ¿Ese sigue siendo el mismo? Sí, ese es el mío. Perfecto. Micaela Carolina Venecio, ¿sí? Sí. Perfecto. Bien. Ahí te llegó, ¿puedes ser? ¿Un mail o un código? Exactamente. El código es 2888. 2888 sería. Perfecto. Te pido, porfa, si podés hacerme captura de pantalla y mandármelo a WhatsApp. Dale. Dale, si querés ir a avisarle a tu marido que le va a llegar porque también necesito que me lo envíen. Sí, no hay problema, está conmigo. Ah, está ahí, genial, buenísimo. Ahí te mandé a mí. Perfecto. Dale, ahí le mandé a él. Sí. Bien, va a estar recibiendo llamadas en el día de hoy. Puede ser que sean de claro o de movistad, que es para ver que esté activo para la línea. Bien. recomiendo no atender estas llamas para no generar lo que puede ser una doble facturación, ¿sí? O sea que ese trámite se inicia ahora. Bien, ahí te digo si le llegó a él. Ahí le tiene que haber llegado él también. Sí, 48. Sí, 68. Dale, también te pido si le podés hacer captura en todo caso que te lo mande a vos o te mandatelo a vos y vos me lo mandas. Ahí está, ahí te lo mando. Dale. Ah, y el mail de él voy a necesitar, porque el tuyo ya lo tengo, pero el de él no. Vale, ahí te lo estoy escribiendo por... Genial. Así, para copiar ya. Ahí está. Ah, buenísimo. Perfecto. Bien, Mica, lo último que voy a necesitar de parte tuya es una foto del frente y dorso de tu DNA, ¿sí? Perfecto. Ahora, esto es una ecuación de validad y identidad que no cualquiera puede aportar una línea de tu nombre sin que seas vos, ¿sí? Si me pones en el tramo, si quieres, si haces eso, yo te voy a hacer lo que es el cierre comercial, que es para que quede en registro en esta desarmada lo que estás contratando. Bien, y bueno, después si vos querés, como te digo, pasar, pues yo ahora te paso las promociones para que vos le puedas pasar a tu mamá, y si se quiere aprovechar también, me hablas ahí en WhatsApp, me hablas vos y yo te tramo, que ella se contacte directamente conmigo, no hay problema con eso. Perfecto. Dale, Mica, bueno, te voy a ir haciendo entonces mientras me vas mandando lo otro, te voy a ir haciendo el cierre, así no te quito más tiempo, para recibir futuras promociones. ¿Usted tiene internet móvil actualmente en su domicilio? Eh, no, tengo telecentro. Bien, podríamos, después si querés, podemos verificar la cobertura y si en ese caso que tengas cobertura te comento cómo se quedaría el valor final por todo el chárvide. Eh, ¿por el momento o no? No, solo al mismo. Vale, no hay problema. Pero después capaz que me comunico. Dale, dale cuando vos quieras. Bien, estamos portando las líneas 11-40-95-5017 11-40-9-1-1-0-2-9, ¿sí? A nombre de Micaela Carolina Venencio, los últimos tres dígitos de tu DNI, Micaela 333, ¿sí? Sí, sí. Perfecto. Bien. Tu compañía actual es claro, ¿verdad? Sí. Bien, me comentaste que contás con factura mensual y la factura está a nombre tuyo, ¿sí? Sí. Bien, pues es virtual, sí, son eSIM los dos, de las dos líneas. Perfecto. Vas a estar recibiendo, entonces, los eSIM en el de tu línea, en el mail, venenciomarnobarashimeil.com y el de la línea terminada en... y el de la línea terminada en 029, lo vas a estar recibiendo al QR en renaticasamira.com. ¿Tienen? Perfecto. Perfecto. Te recuerdo, entonces, que el costo del servicio al día de hoy es de 8000 pesos precio final al día de hoy con un descuento fijo por seis meses de 40 a 4050. Este plan te incluye ocho días de regalo, más ocho de base, más ocho de regalo por seis meses, WhatsApp gratis, La más libre a todas las compañías, América Precio Local, Romina en América, incluida. También van a tener un giga para Free Fire. No sé si juegan, pero está incluida dentro del plan. Perfecto. Te recuerdo que el servicio se factura mes adelantado. Los 8 gigas de regalos se van a habilitar 48 horas después de activar la línea. Ok. venenciom.gmail.com estarás recibiendo tu facturación online a través del mail que nos proporciona. Ingresando a la sección Servicios de la App Movistar, podés ver toda la información referida a tu factura, ya sea ciclo de facturación, vencimiento o montos a pagar. También podés activar 20 gigas de regalo con una duración de 30 días disponible una vez al año. Podés adherirte al débito automático y sumar 4 gigas de regalo en cada línea móvil si quieres que portar más de dos líneas registradas bajo un mismo titular. Una vez que aprobada la portabilidad, su línea aportará a las 48 horas árboles. Un día antes, por mensaje de WhatsApp, vamos a estar informando la fecha... Esto... Sí, sé. Un día antes, por mensaje de WhatsApp, vamos a estar informando la fecha de portabilidad para que te quedes tranquila. Es importante que no escanees el QR antes de la fecha informada. De todas maneras, te vas a dar cuenta porque tu línea de claro va a dejar de recibir señal Ahí es cuando debes escanearlo. Te comento que por única vez deberás validar identidad al activarlo. En caso de que tengas alguna dificultad, intentalo nuevamente o comunícate al 0800-321-76782 opción 4. Ahora te voy a enviar ese número. Les solicitamos que en caso de que no levantes señal del chip, reinicies el equipo. Por otro lado, dentro de los próximos días vas a recibir una encuesta de satisfacción por WhatsApp Te solicitamos, por favor, que la completes ya que tu opinión es muy importante para la empresa, ¿sí? Entonces, te paso en limpio. Más o menos en 48 o 72 horas hábiles te va a llegar el QR, ¿sí?, al mail. Posterior a eso, vos no escaneas el QR hasta que no te llegue el mensaje diciendo que la línea de claro va a dejar de funcionar, ¿sí? Cuando te llegue ese mensaje, por lo general a las 5 de la mañana es cuando claro deja de funcionar. Bien, si vos te levantas posterior y llores, te vas a dar cuenta porque no vas a tener líneas, ¿sí? Para que me parezca que vas con un sector re bajito, ahí está. Bien, Mica, bueno, entonces, ¿tarías a todo? Ahí queda todo cargadito. Bueno, como ya te comenté, lo de las llamas es que no respondas, que no envíes tampoco documentación a ningún otro asesor, que a partir de ahora yo voy a ser tu asesora, ¿sí? Cualquier duda o consulta, tenés mi número, ¿sí? Perfecto. Bien. Bueno, eso sería todo. Sí, bienvenida nuevamente a Movistar. Bueno, muchas gracias. ¿Te puedo hacer una consulta? Sí, por favor, decime. ¿Cuándo sería, digamos? ¿Cómo tengo que pagar los primeros 8.000 pesos? Y esto, a qué fecha estamos en fin de mes. Y quizás, mira, puede ser que te ingreses para este, porque como se cobra el mes adelantado, que la tengas que pagar ahora en febrero. lo que va a ser el servicio que vas a tener en febrero, no se te va a cobrar los días que quedan de enero, sino que se te va a cobrar recién el servicio que corresponde a febrero, posiblemente el tercero. Yo para saber, como estamos a mitad de enero prácticamente, a veces a veces me cobran el mes completo y... Eso seguro que no, enero no. Te va a llegar una fractura para pagar los primeros días de febrero, pero que corresponde al servicio de febrero. Claro, porque te cobran adelantado, te cobran... Exactamente, está igual, está igual. Bueno, que estés muy bien. Igualmente, hasta luego, gracias.",
  "calidad": {
    "confianza_promedio": 0.493,
    "metodo_diarizacion": "pausas_fallback",
    "tiempo_procesamiento": 40.5
  },
  "metadata": {
    "modelo": "whisperx_medium",
    "diarizacion": "pausas",
    "dispositivo": "cuda",
    "fecha": "2026-01-25T18:18:02.103793",
    "version": "5.0_ecapa"
  }
}