{
  "archivo": "amza1_1_260119104852995_ACD_48019.wav",
  "duracion_segundos": 87.67,
  "num_segmentos": 30,
  "num_hablantes": 1,
  "hablantes": [
    "Hablante A"
  ],
  "tiempo_por_hablante": {
    "Hablante A": 82.56
  },
  "idioma": "es",
  "conversacion": [
    {
      "hablante": "Hablante A",
      "inicio": 1.45,
      "fin": 2.79,
      "duracion": 1.34,
      "texto": "Hola, muy buenos días.",
      "confianza": 0.422
    },
    {
      "hablante": "Hablante A",
      "inicio": 2.81,
      "fin": 5.63,
      "duracion": 2.82,
      "texto": "Hablo con el señor Julio.",
      "confianza": 0.729
    },
    {
      "hablante": "Hablante A",
      "inicio": 5.65,
      "fin": 5.71,
      "duracion": 0.06,
      "texto": "Sí.",
      "confianza": 0.078
    },
    {
      "hablante": "Hablante A",
      "inicio": 5.73,
      "fin": 6.45,
      "duracion": 0.72,
      "texto": "Julio, cómo estás?",
      "confianza": 0.714
    },
    {
      "hablante": "Hablante A",
      "inicio": 6.47,
      "fin": 7.42,
      "duracion": 0.94,
      "texto": "Un placer hablar con vos.",
      "confianza": 0.607
    },
    {
      "hablante": "Hablante A",
      "inicio": 7.43,
      "fin": 16.27,
      "duracion": 8.83,
      "texto": "Te habla Eva Angelina, los especialistas de la compañía Movistar, para un descuento, como te va el día de hoy.",
      "confianza": 0.625
    },
    {
      "hablante": "Hablante A",
      "inicio": 16.29,
      "fin": 16.73,
      "duracion": 0.44,
      "texto": "Bien, bien, todo bien.",
      "confianza": 0.03
    },
    {
      "hablante": "Hablante A",
      "inicio": 16.75,
      "fin": 17.29,
      "duracion": 0.54,
      "texto": "Bueno, no me alegro, Julio.",
      "confianza": 0.027
    },
    {
      "hablante": "Hablante A",
      "inicio": 17.31,
      "fin": 18.71,
      "duracion": 1.4,
      "texto": "Te comento, sí, soy muy breve.",
      "confianza": 0.656
    },
    {
      "hablante": "Hablante A",
      "inicio": 19.05,
      "fin": 21.65,
      "duracion": 2.6,
      "texto": "Es lo que es, justamente, un descuento para tu línea móvil.",
      "confianza": 0.615
    },
    {
      "hablante": "Hablante A",
      "inicio": 21.67,
      "fin": 24.64,
      "duracion": 2.96,
      "texto": "Me escribiste que actualmente tenés lo que es un abono mensual en la compañera.",
      "confianza": 0.635
    },
    {
      "hablante": "Hablante A",
      "inicio": 24.75,
      "fin": 28.06,
      "duracion": 3.3,
      "texto": "Claro, es correcto, Julio.",
      "confianza": 0.501
    },
    {
      "hablante": "Hablante A",
      "inicio": 28.08,
      "fin": 28.62,
      "duracion": 0.54,
      "texto": "Sí, sí, sí, tengo un abono.",
      "confianza": 0.032
    },
    {
      "hablante": "Hablante A",
      "inicio": 29.06,
      "fin": 31.0,
      "duracion": 1.94,
      "texto": "Bien, perfecto.",
      "confianza": 0.112
    },
    {
      "hablante": "Hablante A",
      "inicio": 31.02,
      "fin": 32.76,
      "duracion": 1.74,
      "texto": "Pero mira, te hago cortita porque estoy manejando.",
      "confianza": 0.427
    },
    {
      "hablante": "Hablante A",
      "inicio": 33.32,
      "fin": 36.44,
      "duracion": 3.12,
      "texto": "Lo que pasa es que yo no soy el titular.",
      "confianza": 0.373
    },
    {
      "hablante": "Hablante A",
      "inicio": 37.7,
      "fin": 39.75,
      "duracion": 2.04,
      "texto": "Ok, está bien.",
      "confianza": 0.173
    },
    {
      "hablante": "Hablante A",
      "inicio": 39.77,
      "fin": 49.44,
      "duracion": 9.67,
      "texto": "El titular es mi hermano y yo pago el abono pero no... Cualquier cosa yo voy a consultar con mi hermano y te aviso.",
      "confianza": 0.617
    },
    {
      "hablante": "Hablante A",
      "inicio": 49.54,
      "fin": 55.1,
      "duracion": 5.56,
      "texto": "Ok, en este caso usted tiene idea de cuánto está abonando Julio actualmente.",
      "confianza": 0.496
    },
    {
      "hablante": "Hablante A",
      "inicio": 55.12,
      "fin": 56.62,
      "duracion": 1.5,
      "texto": "800, 8.000.",
      "confianza": 0.564
    },
    {
      "hablante": "Hablante A",
      "inicio": 56.64,
      "fin": 57.87,
      "duracion": 1.22,
      "texto": "8.000.",
      "confianza": 0.812
    },
    {
      "hablante": "Hablante A",
      "inicio": 58.16,
      "fin": 62.13,
      "duracion": 3.97,
      "texto": "Bien, en este caso le voy a preguntar lo que son las promociones por WhatsApp, ¿sí?",
      "confianza": 0.362
    },
    {
      "hablante": "Hablante A",
      "inicio": 62.19,
      "fin": 70.46,
      "duracion": 8.27,
      "texto": "Si usted quiere, ahora se lo manejamos a ocupado, usted agéndeme con un... agéndeme y respóndame si quiere con un dedito, como quiera, y ahí vea las promociones.",
      "confianza": 0.659
    },
    {
      "hablante": "Hablante A",
      "inicio": 70.5,
      "fin": 78.69,
      "duracion": 8.19,
      "texto": "Si le parece, me responde y me dice a Angelina, dame más información o yo no hay problema, yo le respondo, ¿sí?",
      "confianza": 0.671
    },
    {
      "hablante": "Hablante A",
      "inicio": 78.71,
      "fin": 79.05,
      "duracion": 0.34,
      "texto": "Dale, dale, dale.",
      "confianza": 0.022
    },
    {
      "hablante": "Hablante A",
      "inicio": 79.07,
      "fin": 86.46,
      "duracion": 7.39,
      "texto": "Ahora le mando un mensaje por WhatsApp y le va a ser llegando en breve, ¿sí?",
      "confianza": 0.445
    },
    {
      "hablante": "Hablante A",
      "inicio": 86.48,
      "fin": 86.83,
      "duracion": 0.34,
      "texto": "Dale, dale, dale.",
      "confianza": 0.002
    },
    {
      "hablante": "Hablante A",
      "inicio": 86.84,
      "fin": 87.14,
      "duracion": 0.3,
      "texto": "A ver, gracias.",
      "confianza": 0.0
    },
    {
      "hablante": "Hablante A",
      "inicio": 87.17,
      "fin": 87.41,
      "duracion": 0.24,
      "texto": "Hasta luego.",
      "confianza": 0.007
    },
    {
      "hablante": "Hablante A",
      "inicio": 87.43,
      "fin": 87.67,
      "duracion": 0.24,
      "texto": "Hasta luego.",
      "confianza": 0.084
    }
  ],
  "transcripcion_completa": "Hola, muy buenos días. Hablo con el señor Julio. Sí. Julio, cómo estás? Un placer hablar con vos. Te habla Eva Angelina, los especialistas de la compañía Movistar, para un descuento, como te va el día de hoy. Bien, bien, todo bien. Bueno, no me alegro, Julio. Te comento, sí, soy muy breve. Es lo que es, justamente, un descuento para tu línea móvil. Me escribiste que actualmente tenés lo que es un abono mensual en la compañera. Claro, es correcto, Julio. Sí, sí, sí, tengo un abono. Bien, perfecto. Pero mira, te hago cortita porque estoy manejando. Lo que pasa es que yo no soy el titular. Ok, está bien. El titular es mi hermano y yo pago el abono pero no... Cualquier cosa yo voy a consultar con mi hermano y te aviso. Ok, en este caso usted tiene idea de cuánto está abonando Julio actualmente. 800, 8.000. 8.000. Bien, en este caso le voy a preguntar lo que son las promociones por WhatsApp, ¿sí? Si usted quiere, ahora se lo manejamos a ocupado, usted agéndeme con un... agéndeme y respóndame si quiere con un dedito, como quiera, y ahí vea las promociones. Si le parece, me responde y me dice a Angelina, dame más información o yo no hay problema, yo le respondo, ¿sí? Dale, dale, dale. Ahora le mando un mensaje por WhatsApp y le va a ser llegando en breve, ¿sí? Dale, dale, dale. A ver, gracias. Hasta luego. Hasta luego.",
  "calidad": {
    "confianza_promedio": 0.396,
    "metodo_diarizacion": "pausas_fallback",
    "tiempo_procesamiento": 5.7
  },
  "metadata": {
    "modelo": "whisperx_medium",
    "diarizacion": "pausas",
    "dispositivo": "cuda",
    "fecha": "2026-01-25T17:38:58.949086",
    "version": "5.0_ecapa"
  }
}