{
  "archivo": "amza23_1_260123113128631_ACD_46987.wav",
  "duracion_segundos": 145.66,
  "num_segmentos": 40,
  "num_hablantes": 2,
  "hablantes": [
    "Hablante A",
    "Hablante B"
  ],
  "tiempo_por_hablante": {
    "Hablante A": 88.17,
    "Hablante B": 45.9
  },
  "idioma": "es",
  "conversacion": [
    {
      "hablante": "Hablante A",
      "inicio": 0.15,
      "fin": 8.3,
      "duracion": 8.15,
      "texto": "con Víctor.",
      "confianza": 0.162
    },
    {
      "hablante": "Hablante A",
      "inicio": 8.32,
      "fin": 8.42,
      "duracion": 0.1,
      "texto": "Hola.",
      "confianza": 0.002
    },
    {
      "hablante": "Hablante A",
      "inicio": 8.44,
      "fin": 8.54,
      "duracion": 0.1,
      "texto": "Hola.",
      "confianza": 0.006
    },
    {
      "hablante": "Hablante A",
      "inicio": 8.56,
      "fin": 14.96,
      "duracion": 6.41,
      "texto": "Le va a matar en a mi nombre, nos estamos contratando para otorgarle en el día de hoy una muy buena promoción en la línea.",
      "confianza": 0.704
    },
    {
      "hablante": "Hablante A",
      "inicio": 16.12,
      "fin": 20.93,
      "duracion": 4.8,
      "texto": "Altamente este periodo es claro, ¿verdad?",
      "confianza": 0.68
    },
    {
      "hablante": "Hablante A",
      "inicio": 20.95,
      "fin": 23.97,
      "duracion": 3.02,
      "texto": "Sí, pero ¿qué promoción?",
      "confianza": 0.317
    },
    {
      "hablante": "Hablante A",
      "inicio": 23.99,
      "fin": 24.45,
      "duracion": 0.46,
      "texto": "Bien, perfecto.",
      "confianza": 0.251
    },
    {
      "hablante": "Hablante A",
      "inicio": 24.47,
      "fin": 28.0,
      "duracion": 3.52,
      "texto": "Le comento que al día de hoy tenemos las propuestas para brindarle",
      "confianza": 0.822
    },
    {
      "hablante": "Hablante A",
      "inicio": 28.46,
      "fin": 35.05,
      "duracion": 6.59,
      "texto": "Una vez con 18 gigas en total, son 8 gigas de base, más 10 gigas de regalo.",
      "confianza": 0.605
    },
    {
      "hablante": "Hablante A",
      "inicio": 35.07,
      "fin": 39.44,
      "duracion": 4.37,
      "texto": "¿Cómo todo bonificado lo que llamaron hace ese mes y WhatsApp totalmente libre?",
      "confianza": 0.618
    },
    {
      "hablante": "Hablante A",
      "inicio": 39.46,
      "fin": 41.76,
      "duracion": 2.3,
      "texto": "Sí, por un costo de 8.000 pesos.",
      "confianza": 0.832
    },
    {
      "hablante": "Hablante A",
      "inicio": 41.78,
      "fin": 43.82,
      "duracion": 2.04,
      "texto": "¿Usted en claro cuánto está bonando?",
      "confianza": 0.788
    },
    {
      "hablante": "Hablante A",
      "inicio": 43.84,
      "fin": 48.79,
      "duracion": 4.94,
      "texto": "7.500, o algo así.",
      "confianza": 0.226
    },
    {
      "hablante": "Hablante A",
      "inicio": 48.81,
      "fin": 55.14,
      "duracion": 6.33,
      "texto": "Bien, ¿y qué cantidad de gigas le brinda la compañía?",
      "confianza": 0.677
    },
    {
      "hablante": "Hablante A",
      "inicio": 55.16,
      "fin": 55.22,
      "duracion": 0.06,
      "texto": "15.",
      "confianza": 0.187
    },
    {
      "hablante": "Hablante A",
      "inicio": 55.24,
      "fin": 56.4,
      "duracion": 1.16,
      "texto": "Bien, perfecto.",
      "confianza": 0.822
    },
    {
      "hablante": "Hablante A",
      "inicio": 57.0,
      "fin": 59.22,
      "duracion": 2.22,
      "texto": "Con nosotros tendríamos un total de 18, ¿sí?",
      "confianza": 0.622
    },
    {
      "hablante": "Hablante A",
      "inicio": 59.4,
      "fin": 65.11,
      "duracion": 5.71,
      "texto": "Sin ello pasaríamos a un plan más económico, ¿sí?",
      "confianza": 0.546
    },
    {
      "hablante": "Hablante A",
      "inicio": 65.13,
      "fin": 66.97,
      "duracion": 1.84,
      "texto": "¿Pero un solo mes?",
      "confianza": 0.04
    },
    {
      "hablante": "Hablante A",
      "inicio": 66.99,
      "fin": 67.35,
      "duracion": 0.36,
      "texto": "¿Pero un solo mes?",
      "confianza": 0.007
    },
    {
      "hablante": "Hablante A",
      "inicio": 67.37,
      "fin": 68.7,
      "duracion": 1.32,
      "texto": "¿Cómo?",
      "confianza": 0.652
    },
    {
      "hablante": "Hablante A",
      "inicio": 68.72,
      "fin": 72.14,
      "duracion": 3.42,
      "texto": "¿Un solo mes?",
      "confianza": 0.555
    },
    {
      "hablante": "Hablante A",
      "inicio": 72.16,
      "fin": 72.38,
      "duracion": 0.22,
      "texto": "No, no, no.",
      "confianza": 0.045
    },
    {
      "hablante": "Hablante A",
      "inicio": 72.4,
      "fin": 76.85,
      "duracion": 4.45,
      "texto": "La promoción tiene vigencia durante seis meses.",
      "confianza": 0.662
    },
    {
      "hablante": "Hablante A",
      "inicio": 76.87,
      "fin": 77.51,
      "duracion": 0.64,
      "texto": "¿Y si yo sigo?",
      "confianza": 0.596
    },
    {
      "hablante": "Hablante A",
      "inicio": 77.53,
      "fin": 80.47,
      "duracion": 2.94,
      "texto": "18 libras.",
      "confianza": 0.682
    },
    {
      "hablante": "Hablante A",
      "inicio": 80.49,
      "fin": 81.19,
      "duracion": 0.7,
      "texto": "¿Por cuánto?",
      "confianza": 0.651
    },
    {
      "hablante": "Hablante B",
      "inicio": 83.09,
      "fin": 85.56,
      "duracion": 2.46,
      "texto": "Por 8.000 pesos.",
      "confianza": 0.82
    },
    {
      "hablante": "Hablante B",
      "inicio": 86.38,
      "fin": 87.42,
      "duracion": 1.04,
      "texto": "al día de hoy.",
      "confianza": 0.35
    },
    {
      "hablante": "Hablante B",
      "inicio": 87.44,
      "fin": 94.51,
      "duracion": 7.07,
      "texto": "Y si no tenemos una promoción más económica, de 6.450 pesos con 14 gigas.",
      "confianza": 0.802
    },
    {
      "hablante": "Hablante B",
      "inicio": 94.77,
      "fin": 96.49,
      "duracion": 1.72,
      "texto": "Cuatro de base más diez de regalo.",
      "confianza": 0.804
    },
    {
      "hablante": "Hablante B",
      "inicio": 97.19,
      "fin": 102.8,
      "duracion": 5.61,
      "texto": "Con todo bonificado como le había dicho con el primer plan.",
      "confianza": 0.834
    },
    {
      "hablante": "Hablante B",
      "inicio": 102.86,
      "fin": 110.13,
      "duracion": 7.27,
      "texto": "Además va a obtener lo que es un descuento fijo durante un periodo de seis meses.",
      "confianza": 0.71
    },
    {
      "hablante": "Hablante B",
      "inicio": 110.75,
      "fin": 113.53,
      "duracion": 2.78,
      "texto": "Lo que nosotros siempre recomendamos es que el quinto mes",
      "confianza": 0.817
    },
    {
      "hablante": "Hablante B",
      "inicio": 113.95,
      "fin": 124.29,
      "duracion": 10.33,
      "texto": "puedan desde la app visualizar qué planes se encuentran disponibles para que puedan elegir alguno que se encuentre en ese momento, ¿sí?",
      "confianza": 0.769
    },
    {
      "hablante": "Hablante B",
      "inicio": 125.25,
      "fin": 128.23,
      "duracion": 2.98,
      "texto": "A mí, claro, me lo dio por 12 meses.",
      "confianza": 0.418
    },
    {
      "hablante": "Hablante B",
      "inicio": 128.25,
      "fin": 132.9,
      "duracion": 4.64,
      "texto": "Bien, pero ahora no son por 12 meses, son por seis, con cualquier compañía.",
      "confianza": 0.702
    },
    {
      "hablante": "Hablante A",
      "inicio": 134.48,
      "fin": 140.91,
      "duracion": 6.43,
      "texto": "Bueno, ahora cuando renueve te digo, pero últimamente por 12 meses me quedaron pendiendo.",
      "confianza": 0.42
    },
    {
      "hablante": "Hablante A",
      "inicio": 141.63,
      "fin": 142.87,
      "duracion": 1.24,
      "texto": "Así que te agradezco.",
      "confianza": 0.416
    },
    {
      "hablante": "Hablante A",
      "inicio": 143.33,
      "fin": 145.66,
      "duracion": 2.33,
      "texto": "Sí, pero está volando menos, está volando más.",
      "confianza": 0.503
    }
  ],
  "transcripcion_completa": "con Víctor. Hola. Hola. Le va a matar en a mi nombre, nos estamos contratando para otorgarle en el día de hoy una muy buena promoción en la línea. Altamente este periodo es claro, ¿verdad? Sí, pero ¿qué promoción? Bien, perfecto. Le comento que al día de hoy tenemos las propuestas para brindarle Una vez con 18 gigas en total, son 8 gigas de base, más 10 gigas de regalo. ¿Cómo todo bonificado lo que llamaron hace ese mes y WhatsApp totalmente libre? Sí, por un costo de 8.000 pesos. ¿Usted en claro cuánto está bonando? 7.500, o algo así. Bien, ¿y qué cantidad de gigas le brinda la compañía? 15. Bien, perfecto. Con nosotros tendríamos un total de 18, ¿sí? Sin ello pasaríamos a un plan más económico, ¿sí? ¿Pero un solo mes? ¿Pero un solo mes? ¿Cómo? ¿Un solo mes? No, no, no. La promoción tiene vigencia durante seis meses. ¿Y si yo sigo? 18 libras. ¿Por cuánto? Por 8.000 pesos. al día de hoy. Y si no tenemos una promoción más económica, de 6.450 pesos con 14 gigas. Cuatro de base más diez de regalo. Con todo bonificado como le había dicho con el primer plan. Además va a obtener lo que es un descuento fijo durante un periodo de seis meses. Lo que nosotros siempre recomendamos es que el quinto mes puedan desde la app visualizar qué planes se encuentran disponibles para que puedan elegir alguno que se encuentre en ese momento, ¿sí? A mí, claro, me lo dio por 12 meses. Bien, pero ahora no son por 12 meses, son por seis, con cualquier compañía. Bueno, ahora cuando renueve te digo, pero últimamente por 12 meses me quedaron pendiendo. Así que te agradezco. Sí, pero está volando menos, está volando más.",
  "calidad": {
    "confianza_promedio": 0.528,
    "metodo_diarizacion": "pausas_fallback",
    "tiempo_procesamiento": 6.5
  },
  "metadata": {
    "modelo": "whisperx_medium",
    "diarizacion": "pausas",
    "dispositivo": "cuda",
    "fecha": "2026-01-26T02:03:29.482851",
    "version": "5.0_ecapa"
  }
}