{
  "archivo": "amza100_1_260123133657240_ACD_85221.wav",
  "duracion_segundos": 80.68,
  "num_segmentos": 30,
  "num_hablantes": 2,
  "hablantes": [
    "Hablante A",
    "Hablante B"
  ],
  "tiempo_por_hablante": {
    "Hablante A": 44.91,
    "Hablante B": 23.0
  },
  "idioma": "es",
  "conversacion": [
    {
      "hablante": "Hablante A",
      "inicio": 0.03,
      "fin": 1.35,
      "duracion": 1.32,
      "texto": "Hola.",
      "confianza": 0.234
    },
    {
      "hablante": "Hablante A",
      "inicio": 1.37,
      "fin": 2.02,
      "duracion": 0.64,
      "texto": "Hola, ¿buen día?",
      "confianza": 0.651
    },
    {
      "hablante": "Hablante A",
      "inicio": 2.04,
      "fin": 4.98,
      "duracion": 2.95,
      "texto": "¿Qué tal, buenos días?",
      "confianza": 0.083
    },
    {
      "hablante": "Hablante A",
      "inicio": 5.0,
      "fin": 5.06,
      "duracion": 0.06,
      "texto": "Sí.",
      "confianza": 0.098
    },
    {
      "hablante": "Hablante A",
      "inicio": 5.08,
      "fin": 8.23,
      "duracion": 3.15,
      "texto": "¿Me comunico con Gabriel?",
      "confianza": 0.264
    },
    {
      "hablante": "Hablante A",
      "inicio": 8.25,
      "fin": 8.43,
      "duracion": 0.18,
      "texto": "Él, hola.",
      "confianza": 0.012
    },
    {
      "hablante": "Hablante A",
      "inicio": 8.45,
      "fin": 12.4,
      "duracion": 3.95,
      "texto": "Sí, lo mejor es que me comunico de parte de mostrar para ofrecerte promociones que tenemos para el día de hoy.",
      "confianza": 0.527
    },
    {
      "hablante": "Hablante B",
      "inicio": 16.3,
      "fin": 18.73,
      "duracion": 2.43,
      "texto": "Decime, a ver.",
      "confianza": 0.11
    },
    {
      "hablante": "Hablante B",
      "inicio": 18.75,
      "fin": 19.55,
      "duracion": 0.8,
      "texto": "Pero breve, sí, porque estoy trabajando.",
      "confianza": 0.001
    },
    {
      "hablante": "Hablante B",
      "inicio": 19.57,
      "fin": 21.95,
      "duracion": 2.38,
      "texto": "Sí, bueno, para el día de hoy tenemos un plan de cuatro gigas.",
      "confianza": 0.528
    },
    {
      "hablante": "Hablante B",
      "inicio": 22.63,
      "fin": 24.57,
      "duracion": 1.94,
      "texto": "Puedo hablar libre a cualquier compañía.",
      "confianza": 0.713
    },
    {
      "hablante": "Hablante B",
      "inicio": 24.59,
      "fin": 31.62,
      "duracion": 7.03,
      "texto": "Yo llegué a libre con la Free Fire, con un descuento de $6,450 pesos por el mes.",
      "confianza": 0.631
    },
    {
      "hablante": "Hablante A",
      "inicio": 34.73,
      "fin": 41.48,
      "duracion": 6.75,
      "texto": "Y si no tengo otro de 8 gigas, también con WhatsApp libre, al lado, al libre a cualquier otra compañía.",
      "confianza": 0.643
    },
    {
      "hablante": "Hablante A",
      "inicio": 41.49,
      "fin": 45.66,
      "duracion": 4.17,
      "texto": "Y tiene Room 1 en América.",
      "confianza": 0.596
    },
    {
      "hablante": "Hablante A",
      "inicio": 46.08,
      "fin": 48.79,
      "duracion": 2.7,
      "texto": "Ese te sale $8,000 pesos.",
      "confianza": 0.704
    },
    {
      "hablante": "Hablante A",
      "inicio": 49.83,
      "fin": 54.47,
      "duracion": 4.64,
      "texto": "Hace un favor, ¿por cuánto tiempo limitado tiene la promo?",
      "confianza": 0.684
    },
    {
      "hablante": "Hablante A",
      "inicio": 54.49,
      "fin": 56.26,
      "duracion": 1.76,
      "texto": "Por el día de hoy.",
      "confianza": 0.87
    },
    {
      "hablante": "Hablante A",
      "inicio": 56.28,
      "fin": 58.78,
      "duracion": 2.5,
      "texto": "¿Y hasta cuánto tiempo dura?",
      "confianza": 0.733
    },
    {
      "hablante": "Hablante A",
      "inicio": 58.8,
      "fin": 59.24,
      "duracion": 0.44,
      "texto": "¿Un año?",
      "confianza": 0.827
    },
    {
      "hablante": "Hablante A",
      "inicio": 59.26,
      "fin": 62.64,
      "duracion": 3.38,
      "texto": "¿Seis meses?",
      "confianza": 0.349
    },
    {
      "hablante": "Hablante A",
      "inicio": 62.66,
      "fin": 62.96,
      "duracion": 0.3,
      "texto": "Por seis meses.",
      "confianza": 0.004
    },
    {
      "hablante": "Hablante A",
      "inicio": 62.98,
      "fin": 67.03,
      "duracion": 4.04,
      "texto": "¿Me mandas toda la información por WhatsApp, por favor, cuando esté en hora del almuerzo?",
      "confianza": 0.672
    },
    {
      "hablante": "Hablante A",
      "inicio": 67.05,
      "fin": 69.03,
      "duracion": 1.98,
      "texto": "Ok, buenísimo.",
      "confianza": 0.632
    },
    {
      "hablante": "Hablante B",
      "inicio": 71.93,
      "fin": 72.15,
      "duracion": 0.22,
      "texto": "Lo chequeo.",
      "confianza": 0.009
    },
    {
      "hablante": "Hablante B",
      "inicio": 72.17,
      "fin": 72.33,
      "duracion": 0.16,
      "texto": "Gracias.",
      "confianza": 0.025
    },
    {
      "hablante": "Hablante B",
      "inicio": 72.35,
      "fin": 73.81,
      "duracion": 1.46,
      "texto": "Dale, me comunico por WhatsApp entonces.",
      "confianza": 0.116
    },
    {
      "hablante": "Hablante B",
      "inicio": 73.83,
      "fin": 78.6,
      "duracion": 4.77,
      "texto": "Dale, mandame un WhatsApp y yo lo chequeo en hora del almuerzo, ¿vale?",
      "confianza": 0.327
    },
    {
      "hablante": "Hablante B",
      "inicio": 78.62,
      "fin": 79.38,
      "duracion": 0.76,
      "texto": "Dale, buenísimo.",
      "confianza": 0.238
    },
    {
      "hablante": "Hablante B",
      "inicio": 79.4,
      "fin": 79.7,
      "duracion": 0.3,
      "texto": "Gracias.",
      "confianza": 0.284
    },
    {
      "hablante": "Hablante B",
      "inicio": 79.93,
      "fin": 80.68,
      "duracion": 0.75,
      "texto": "Chau chau.",
      "confianza": 0.265
    }
  ],
  "transcripcion_completa": "Hola. Hola, ¿buen día? ¿Qué tal, buenos días? Sí. ¿Me comunico con Gabriel? Él, hola. Sí, lo mejor es que me comunico de parte de mostrar para ofrecerte promociones que tenemos para el día de hoy. Decime, a ver. Pero breve, sí, porque estoy trabajando. Sí, bueno, para el día de hoy tenemos un plan de cuatro gigas. Puedo hablar libre a cualquier compañía. Yo llegué a libre con la Free Fire, con un descuento de $6,450 pesos por el mes. Y si no tengo otro de 8 gigas, también con WhatsApp libre, al lado, al libre a cualquier otra compañía. Y tiene Room 1 en América. Ese te sale $8,000 pesos. Hace un favor, ¿por cuánto tiempo limitado tiene la promo? Por el día de hoy. ¿Y hasta cuánto tiempo dura? ¿Un año? ¿Seis meses? Por seis meses. ¿Me mandas toda la información por WhatsApp, por favor, cuando esté en hora del almuerzo? Ok, buenísimo. Lo chequeo. Gracias. Dale, me comunico por WhatsApp entonces. Dale, mandame un WhatsApp y yo lo chequeo en hora del almuerzo, ¿vale? Dale, buenísimo. Gracias. Chau chau.",
  "calidad": {
    "confianza_promedio": 0.394,
    "metodo_diarizacion": "pausas_fallback",
    "tiempo_procesamiento": 9.4
  },
  "metadata": {
    "modelo": "whisperx_medium",
    "diarizacion": "pausas",
    "dispositivo": "cuda",
    "fecha": "2026-01-26T01:28:13.050963",
    "version": "5.0_ecapa"
  }
}