{
  "archivo": "amza23_1_260122111831113_ACD_94993.wav",
  "duracion_segundos": 117.99,
  "num_segmentos": 30,
  "num_hablantes": 2,
  "hablantes": [
    "Hablante A",
    "Hablante B"
  ],
  "tiempo_por_hablante": {
    "Hablante A": 65.85,
    "Hablante B": 30.91
  },
  "idioma": "es",
  "conversacion": [
    {
      "hablante": "Hablante A",
      "inicio": 0.03,
      "fin": 16.13,
      "duracion": 16.1,
      "texto": "¿Cómo le va, Mauricio?",
      "confianza": 0.676
    },
    {
      "hablante": "Hablante A",
      "inicio": 16.17,
      "fin": 16.83,
      "duracion": 0.66,
      "texto": "Un gusto.",
      "confianza": 0.602
    },
    {
      "hablante": "Hablante A",
      "inicio": 17.31,
      "fin": 22.0,
      "duracion": 4.69,
      "texto": "Nos estábamos contactando por otorgarle una muy buena promoción en el día de hoy a su línea.",
      "confianza": 0.739
    },
    {
      "hablante": "Hablante A",
      "inicio": 22.88,
      "fin": 28.25,
      "duracion": 5.37,
      "texto": "Usted actualmente se salió de claro, ¿verdad?",
      "confianza": 0.719
    },
    {
      "hablante": "Hablante A",
      "inicio": 28.82,
      "fin": 33.61,
      "duracion": 4.79,
      "texto": "Queremos brindarle una muy buena propuesta para que pueda volver con nosotros.",
      "confianza": 0.827
    },
    {
      "hablante": "Hablante A",
      "inicio": 34.35,
      "fin": 37.97,
      "duracion": 3.62,
      "texto": "Le consultó en cuánto está abonando aproximadamente.",
      "confianza": 0.838
    },
    {
      "hablante": "Hablante B",
      "inicio": 42.58,
      "fin": 44.54,
      "duracion": 1.96,
      "texto": "8.000.",
      "confianza": 0.386
    },
    {
      "hablante": "Hablante B",
      "inicio": 44.56,
      "fin": 44.86,
      "duracion": 0.3,
      "texto": "Bien, perfecto.",
      "confianza": 0.0
    },
    {
      "hablante": "Hablante B",
      "inicio": 44.88,
      "fin": 45.12,
      "duracion": 0.24,
      "texto": "Bueno, mire.",
      "confianza": 0.065
    },
    {
      "hablante": "Hablante B",
      "inicio": 45.14,
      "fin": 47.83,
      "duracion": 2.68,
      "texto": "Podemos brindarle lo que es el plan más económico.",
      "confianza": 0.788
    },
    {
      "hablante": "Hablante B",
      "inicio": 47.85,
      "fin": 52.52,
      "duracion": 4.67,
      "texto": "Sí, porque en realidad tenemos el plan intermedio en el mismo valor que está abonando usted.",
      "confianza": 0.715
    },
    {
      "hablante": "Hablante B",
      "inicio": 53.03,
      "fin": 56.16,
      "duracion": 3.12,
      "texto": "Le consultó qué cantidad de gigas le brinda la compañía.",
      "confianza": 0.708
    },
    {
      "hablante": "Hablante A",
      "inicio": 58.05,
      "fin": 61.59,
      "duracion": 3.54,
      "texto": "Le brindas 10 de regalo, también, aparte de los de base.",
      "confianza": 0.671
    },
    {
      "hablante": "Hablante B",
      "inicio": 64.89,
      "fin": 64.95,
      "duracion": 0.06,
      "texto": "Sí.",
      "confianza": 0.154
    },
    {
      "hablante": "Hablante B",
      "inicio": 64.97,
      "fin": 65.23,
      "duracion": 0.26,
      "texto": "Bien.",
      "confianza": 0.77
    },
    {
      "hablante": "Hablante B",
      "inicio": 65.42,
      "fin": 73.74,
      "duracion": 8.33,
      "texto": "Porque con nosotros puede acceder a un plan en el diario de hoy de 14 gigas, son 4 de base, más 10 de regalo, con una durabilidad por 6 meses.",
      "confianza": 0.783
    },
    {
      "hablante": "Hablante B",
      "inicio": 74.64,
      "fin": 76.21,
      "duracion": 1.56,
      "texto": "Sí.",
      "confianza": 0.5
    },
    {
      "hablante": "Hablante B",
      "inicio": 76.23,
      "fin": 78.05,
      "duracion": 1.82,
      "texto": "Por un costo de $10,450.",
      "confianza": 0.834
    },
    {
      "hablante": "Hablante B",
      "inicio": 78.57,
      "fin": 84.48,
      "duracion": 5.91,
      "texto": "Tengo todo bonificado, lo que es llamadas SMS y WhatsApp totalmente libres.",
      "confianza": 0.702
    },
    {
      "hablante": "Hablante A",
      "inicio": 87.92,
      "fin": 88.02,
      "duracion": 0.1,
      "texto": "Mira.",
      "confianza": 0.196
    },
    {
      "hablante": "Hablante A",
      "inicio": 88.29,
      "fin": 95.72,
      "duracion": 7.43,
      "texto": "No, no, mira, por el momento estoy conforme, así como estoy, y no tengo intenciones de cambiar.",
      "confianza": 0.645
    },
    {
      "hablante": "Hablante A",
      "inicio": 96.2,
      "fin": 97.24,
      "duracion": 1.04,
      "texto": "Es un servicio bueno.",
      "confianza": 0.433
    },
    {
      "hablante": "Hablante A",
      "inicio": 97.62,
      "fin": 100.83,
      "duracion": 3.2,
      "texto": "Así que tal vez en otro momento.",
      "confianza": 0.469
    },
    {
      "hablante": "Hablante A",
      "inicio": 100.84,
      "fin": 101.95,
      "duracion": 1.1,
      "texto": "Sí, te agradezco.",
      "confianza": 0.251
    },
    {
      "hablante": "Hablante A",
      "inicio": 101.97,
      "fin": 103.09,
      "duracion": 1.12,
      "texto": "Bien, no hay problema.",
      "confianza": 0.532
    },
    {
      "hablante": "Hablante A",
      "inicio": 103.11,
      "fin": 112.28,
      "duracion": 9.17,
      "texto": "Respecto al servicio de internet, ¿le han podido comentar que la línea le quedaría bonificada en 4,000 pesos con 8 gigas accediendo con ambos servicios?",
      "confianza": 0.647
    },
    {
      "hablante": "Hablante A",
      "inicio": 113.34,
      "fin": 114.64,
      "duracion": 1.3,
      "texto": "Te agradezco, sí.",
      "confianza": 0.674
    },
    {
      "hablante": "Hablante A",
      "inicio": 114.95,
      "fin": 115.87,
      "duracion": 0.92,
      "texto": "Que tengas buen día.",
      "confianza": 0.679
    },
    {
      "hablante": "Hablante A",
      "inicio": 116.27,
      "fin": 117.73,
      "duracion": 1.46,
      "texto": "Hasta luego.",
      "confianza": 0.124
    },
    {
      "hablante": "Hablante A",
      "inicio": 117.75,
      "fin": 117.99,
      "duracion": 0.24,
      "texto": "Hasta luego.",
      "confianza": 0.087
    }
  ],
  "transcripcion_completa": "¿Cómo le va, Mauricio? Un gusto. Nos estábamos contactando por otorgarle una muy buena promoción en el día de hoy a su línea. Usted actualmente se salió de claro, ¿verdad? Queremos brindarle una muy buena propuesta para que pueda volver con nosotros. Le consultó en cuánto está abonando aproximadamente. 8.000. Bien, perfecto. Bueno, mire. Podemos brindarle lo que es el plan más económico. Sí, porque en realidad tenemos el plan intermedio en el mismo valor que está abonando usted. Le consultó qué cantidad de gigas le brinda la compañía. Le brindas 10 de regalo, también, aparte de los de base. Sí. Bien. Porque con nosotros puede acceder a un plan en el diario de hoy de 14 gigas, son 4 de base, más 10 de regalo, con una durabilidad por 6 meses. Sí. Por un costo de $10,450. Tengo todo bonificado, lo que es llamadas SMS y WhatsApp totalmente libres. Mira. No, no, mira, por el momento estoy conforme, así como estoy, y no tengo intenciones de cambiar. Es un servicio bueno. Así que tal vez en otro momento. Sí, te agradezco. Bien, no hay problema. Respecto al servicio de internet, ¿le han podido comentar que la línea le quedaría bonificada en 4,000 pesos con 8 gigas accediendo con ambos servicios? Te agradezco, sí. Que tengas buen día. Hasta luego. Hasta luego.",
  "calidad": {
    "confianza_promedio": 0.559,
    "metodo_diarizacion": "pausas_fallback",
    "tiempo_procesamiento": 5.8
  },
  "metadata": {
    "modelo": "whisperx_medium",
    "diarizacion": "pausas",
    "dispositivo": "cuda",
    "fecha": "2026-01-25T18:15:18.743345",
    "version": "5.0_ecapa"
  }
}