{
  "archivo": "amza23_1_260124121033087_ACD_96869.wav",
  "duracion_segundos": 548.77,
  "num_segmentos": 105,
  "num_hablantes": 2,
  "hablantes": [
    "Hablante A",
    "Hablante B"
  ],
  "tiempo_por_hablante": {
    "Hablante B": 360.8,
    "Hablante A": 114.57
  },
  "idioma": "es",
  "conversacion": [
    {
      "hablante": "Hablante B",
      "inicio": 2.39,
      "fin": 3.13,
      "duracion": 0.74,
      "texto": "Hola, ¿qué tal?",
      "confianza": 0.092
    },
    {
      "hablante": "Hablante B",
      "inicio": 3.15,
      "fin": 5.28,
      "duracion": 2.12,
      "texto": "Buen día.",
      "confianza": 0.597
    },
    {
      "hablante": "Hablante B",
      "inicio": 5.3,
      "fin": 5.54,
      "duracion": 0.24,
      "texto": "¿Cómo le va?",
      "confianza": 0.11
    },
    {
      "hablante": "Hablante B",
      "inicio": 5.56,
      "fin": 7.22,
      "duracion": 1.66,
      "texto": "¿Me comunico con Gustavo?",
      "confianza": 0.701
    },
    {
      "hablante": "Hablante B",
      "inicio": 8.48,
      "fin": 9.8,
      "duracion": 1.32,
      "texto": "Sí, a él habla.",
      "confianza": 0.185
    },
    {
      "hablante": "Hablante B",
      "inicio": 9.82,
      "fin": 10.42,
      "duracion": 0.6,
      "texto": "Un gusto.",
      "confianza": 0.909
    },
    {
      "hablante": "Hablante B",
      "inicio": 10.64,
      "fin": 11.71,
      "duracion": 1.06,
      "texto": "Macarena es mi nombre.",
      "confianza": 0.604
    },
    {
      "hablante": "Hablante B",
      "inicio": 11.99,
      "fin": 17.45,
      "duracion": 5.47,
      "texto": "Nos estamos contactando para brindarle del día de hoy una muy buena promoción en la línea.",
      "confianza": 0.773
    },
    {
      "hablante": "Hablante B",
      "inicio": 18.71,
      "fin": 19.4,
      "duracion": 0.68,
      "texto": "Le consulto.",
      "confianza": 0.739
    },
    {
      "hablante": "Hablante B",
      "inicio": 19.6,
      "fin": 21.9,
      "duracion": 2.3,
      "texto": "Actualmente se encuentran claro, ¿verdad?",
      "confianza": 0.742
    },
    {
      "hablante": "Hablante A",
      "inicio": 26.47,
      "fin": 26.53,
      "duracion": 0.06,
      "texto": "Sí.",
      "confianza": 0.005
    },
    {
      "hablante": "Hablante A",
      "inicio": 26.55,
      "fin": 27.19,
      "duracion": 0.64,
      "texto": "¿Vos de qué compañía me llamas?",
      "confianza": 0.107
    },
    {
      "hablante": "Hablante A",
      "inicio": 27.25,
      "fin": 27.93,
      "duracion": 0.68,
      "texto": "Demoisart.",
      "confianza": 0.494
    },
    {
      "hablante": "Hablante A",
      "inicio": 28.85,
      "fin": 32.92,
      "duracion": 4.06,
      "texto": "¿Qué cantidad de gigas tiene la compañía actualmente?",
      "confianza": 0.541
    },
    {
      "hablante": "Hablante B",
      "inicio": 36.84,
      "fin": 40.2,
      "duracion": 3.36,
      "texto": "Es verdad, pero me dan 10.000 más.",
      "confianza": 0.499
    },
    {
      "hablante": "Hablante B",
      "inicio": 41.16,
      "fin": 42.19,
      "duracion": 1.02,
      "texto": "Algo así.",
      "confianza": 0.285
    },
    {
      "hablante": "Hablante B",
      "inicio": 42.21,
      "fin": 42.51,
      "duracion": 0.3,
      "texto": "Perfecto.",
      "confianza": 0.129
    },
    {
      "hablante": "Hablante B",
      "inicio": 42.53,
      "fin": 49.11,
      "duracion": 6.59,
      "texto": "¿Y cuánto está bonando por la línea?",
      "confianza": 0.639
    },
    {
      "hablante": "Hablante B",
      "inicio": 49.13,
      "fin": 51.34,
      "duracion": 2.2,
      "texto": "Creo que 8.000 o 9.000 pesos.",
      "confianza": 0.379
    },
    {
      "hablante": "Hablante B",
      "inicio": 51.35,
      "fin": 51.94,
      "duracion": 0.58,
      "texto": "Bien.",
      "confianza": 0.443
    },
    {
      "hablante": "Hablante B",
      "inicio": 51.96,
      "fin": 57.02,
      "duracion": 5.06,
      "texto": "Porque en el día de hoy les comento que tenemos un plan por el mismo valor de 8.000",
      "confianza": 0.704
    },
    {
      "hablante": "Hablante B",
      "inicio": 57.3,
      "fin": 61.19,
      "duracion": 3.89,
      "texto": "pero voy a obtener lo que son 18 gigas en total.",
      "confianza": 0.693
    },
    {
      "hablante": "Hablante B",
      "inicio": 61.21,
      "fin": 78.81,
      "duracion": 17.59,
      "texto": "Son 8 de base, más 10 de regalo con una durabilidad de 6 meses haciendo un total de 18 con el roaming incluido en el caso de que se ha de viajar y todo bonificado lo que es llamadas, SMS y WhatsApp totalmente libres, ¿sí?",
      "confianza": 0.68
    },
    {
      "hablante": "Hablante A",
      "inicio": 80.98,
      "fin": 91.51,
      "duracion": 10.53,
      "texto": "más económico, con 14 gigas en total, son 4 de base, más 10 de regalo, con la misma durabilidad, con todo bonificado, por $6,450 pesos.",
      "confianza": 0.759
    },
    {
      "hablante": "Hablante A",
      "inicio": 91.53,
      "fin": 97.14,
      "duracion": 5.61,
      "texto": "Yo diría parecido a la propuesta.",
      "confianza": 0.628
    },
    {
      "hablante": "Hablante B",
      "inicio": 104.21,
      "fin": 105.33,
      "duracion": 1.12,
      "texto": "Claro, excepto la renda, necesito bonificar la caberina.",
      "confianza": 0.006
    },
    {
      "hablante": "Hablante B",
      "inicio": 105.35,
      "fin": 106.45,
      "duracion": 1.1,
      "texto": "¿Tiene otra más?",
      "confianza": 0.51
    },
    {
      "hablante": "Hablante B",
      "inicio": 107.15,
      "fin": 109.9,
      "duracion": 2.74,
      "texto": "Claro, claro.",
      "confianza": 0.08
    },
    {
      "hablante": "Hablante B",
      "inicio": 109.92,
      "fin": 110.7,
      "duracion": 0.78,
      "texto": "Esto es lo que me deja para las líneas.",
      "confianza": 0.014
    },
    {
      "hablante": "Hablante B",
      "inicio": 110.72,
      "fin": 119.0,
      "duracion": 8.29,
      "texto": "Bien, en ese caso le podemos brindar 4 gigas más de regalo a cada una de las líneas, conservando el mismo valor del plan.",
      "confianza": 0.702
    },
    {
      "hablante": "Hablante B",
      "inicio": 119.05,
      "fin": 124.41,
      "duracion": 5.36,
      "texto": "¿Quiere el caso de que usted acceda con ambas líneas?",
      "confianza": 0.618
    },
    {
      "hablante": "Hablante B",
      "inicio": 124.43,
      "fin": 135.62,
      "duracion": 11.19,
      "texto": "Va a tener, en vez de 14 gigas, va a tener un total de 18 por 6.400 precios cada una de las líneas.",
      "confianza": 0.671
    },
    {
      "hablante": "Hablante B",
      "inicio": 135.64,
      "fin": 136.18,
      "duracion": 0.54,
      "texto": "Bueno, no entiendo que tal.",
      "confianza": 0.054
    },
    {
      "hablante": "Hablante B",
      "inicio": 136.72,
      "fin": 137.74,
      "duracion": 1.02,
      "texto": "Bien, perfecto.",
      "confianza": 0.588
    },
    {
      "hablante": "Hablante B",
      "inicio": 137.76,
      "fin": 143.81,
      "duracion": 6.05,
      "texto": "Le consulto qué es el titular de ambas, ¿verdad?",
      "confianza": 0.654
    },
    {
      "hablante": "Hablante B",
      "inicio": 143.83,
      "fin": 144.23,
      "duracion": 0.4,
      "texto": "El titular de ambas.",
      "confianza": 0.009
    },
    {
      "hablante": "Hablante B",
      "inicio": 144.25,
      "fin": 144.35,
      "duracion": 0.1,
      "texto": "Bien.",
      "confianza": 0.016
    },
    {
      "hablante": "Hablante B",
      "inicio": 144.37,
      "fin": 149.39,
      "duracion": 5.03,
      "texto": "En ese caso, entonces, lo que deberíamos hacer es corroborar su número de NA.",
      "confianza": 0.687
    },
    {
      "hablante": "Hablante B",
      "inicio": 149.94,
      "fin": 155.02,
      "duracion": 5.09,
      "texto": "En el caso de que esté todo correcto, procedemos a ingresarlo a los datos.",
      "confianza": 0.771
    },
    {
      "hablante": "Hablante B",
      "inicio": 155.64,
      "fin": 165.03,
      "duracion": 9.39,
      "texto": "Y si hay que modificar alguno, lo hacemos porque, al haber sido cliente en la compañía, ya tenemos sus datos, ¿bien?",
      "confianza": 0.736
    },
    {
      "hablante": "Hablante B",
      "inicio": 165.05,
      "fin": 165.27,
      "duracion": 0.22,
      "texto": "Sí, sí.",
      "confianza": 0.338
    },
    {
      "hablante": "Hablante B",
      "inicio": 165.74,
      "fin": 192.7,
      "duracion": 26.95,
      "texto": "Por casualidad me tienen alta voz porque lo escucho muy saturado.",
      "confianza": 0.635
    },
    {
      "hablante": "Hablante B",
      "inicio": 193.44,
      "fin": 197.08,
      "duracion": 3.64,
      "texto": "No, porque estoy manejando en mate.",
      "confianza": 0.28
    },
    {
      "hablante": "Hablante B",
      "inicio": 197.1,
      "fin": 198.0,
      "duracion": 0.9,
      "texto": "Bien.",
      "confianza": 0.399
    },
    {
      "hablante": "Hablante B",
      "inicio": 198.02,
      "fin": 200.26,
      "duracion": 2.24,
      "texto": "Estoy ayer también en tacos.",
      "confianza": 0.25
    },
    {
      "hablante": "Hablante B",
      "inicio": 200.28,
      "fin": 201.34,
      "duracion": 1.06,
      "texto": "Bien.",
      "confianza": 0.289
    },
    {
      "hablante": "Hablante B",
      "inicio": 201.36,
      "fin": 206.51,
      "duracion": 5.15,
      "texto": "No, no me tiene que hablar en otro momento porque no estoy manejando en el mate.",
      "confianza": 0.336
    },
    {
      "hablante": "Hablante B",
      "inicio": 206.53,
      "fin": 209.55,
      "duracion": 3.02,
      "texto": "Ahí lo escucho un poco mejor, ¿sí?",
      "confianza": 0.239
    },
    {
      "hablante": "Hablante B",
      "inicio": 209.57,
      "fin": 215.72,
      "duracion": 6.15,
      "texto": "¿Qué merecían?",
      "confianza": 0.269
    },
    {
      "hablante": "Hablante B",
      "inicio": 215.74,
      "fin": 215.8,
      "duracion": 0.06,
      "texto": "Sí.",
      "confianza": 0.027
    },
    {
      "hablante": "Hablante B",
      "inicio": 215.82,
      "fin": 216.66,
      "duracion": 0.84,
      "texto": "Tendérselo que me entre en marcha, ¿a qué?",
      "confianza": 0.045
    },
    {
      "hablante": "Hablante B",
      "inicio": 216.68,
      "fin": 218.38,
      "duracion": 1.7,
      "texto": "Tendérselo que me entre en marcha, ¿a qué?",
      "confianza": 0.259
    },
    {
      "hablante": "Hablante B",
      "inicio": 219.84,
      "fin": 234.56,
      "duracion": 14.71,
      "texto": "No es que me tome la sensación de que venga a pagar, no, no, no, hijo mío.",
      "confianza": 0.414
    },
    {
      "hablante": "Hablante B",
      "inicio": 234.58,
      "fin": 234.88,
      "duracion": 0.3,
      "texto": "Bien.",
      "confianza": 0.49
    },
    {
      "hablante": "Hablante B",
      "inicio": 234.92,
      "fin": 248.65,
      "duracion": 13.73,
      "texto": "La verdad, no, no, no, no, no, no, no, no, no, no, no, no, no, no, no, no, no, no, no, no, no, no, no, no, no, no, no, no, no, no, no, no, no, no, no, no, no, no, no, no, no, no, no, no, no, no, no, no, no, no, no, no, no, no, no, no, no, no, no, no, no, no, no, no, no, no, no, no, no, no, no, no, no, no, no, no, no, no, no, no, no, no, no, no, no, no, no, no, no, no, no, no, no, no, no, no, no",
      "confianza": 0.152
    },
    {
      "hablante": "Hablante B",
      "inicio": 249.85,
      "fin": 261.86,
      "duracion": 12.02,
      "texto": "¿Por qué más costos, verdad?",
      "confianza": 0.58
    },
    {
      "hablante": "Hablante B",
      "inicio": 261.88,
      "fin": 269.81,
      "duracion": 7.93,
      "texto": "Porque le incrementó mucho la factura.",
      "confianza": 0.795
    },
    {
      "hablante": "Hablante B",
      "inicio": 270.61,
      "fin": 281.54,
      "duracion": 10.93,
      "texto": "que se le manificó el 80% cuando fue a los 30.000, 30.000 a cada hora.",
      "confianza": 0.238
    },
    {
      "hablante": "Hablante B",
      "inicio": 281.56,
      "fin": 283.58,
      "duracion": 2.02,
      "texto": "Bien, eso no le volvería a suceder.",
      "confianza": 0.755
    },
    {
      "hablante": "Hablante B",
      "inicio": 284.3,
      "fin": 288.22,
      "duracion": 3.92,
      "texto": "De tener un aumento así desmedido en la factura no le volvería a suceder.",
      "confianza": 0.654
    },
    {
      "hablante": "Hablante B",
      "inicio": 288.24,
      "fin": 292.47,
      "duracion": 4.22,
      "texto": "Se puede quedar tranquilo porque además le vamos a otorgar para que pueda acceder.",
      "confianza": 0.695
    },
    {
      "hablante": "Hablante B",
      "inicio": 292.87,
      "fin": 297.25,
      "duracion": 4.38,
      "texto": "En el día de hoy le vamos a otorgar un descuento fijo durante un periodo de seis meses.",
      "confianza": 0.597
    },
    {
      "hablante": "Hablante B",
      "inicio": 297.99,
      "fin": 299.83,
      "duracion": 1.84,
      "texto": "Normalmente lo que hacemos a nosotros",
      "confianza": 0.578
    },
    {
      "hablante": "Hablante B",
      "inicio": 300.12,
      "fin": 311.6,
      "duracion": 11.48,
      "texto": "¿Es recomendarle a los clientes que al 5to mes, en este caso, tienen que dar...?",
      "confianza": 0.634
    },
    {
      "hablante": "Hablante B",
      "inicio": 311.62,
      "fin": 317.06,
      "duracion": 5.45,
      "texto": "Claro, este es el acción, cuando este es el acción, yo no me lo puedo dar, no lo puedo dar.",
      "confianza": 0.219
    },
    {
      "hablante": "Hablante B",
      "inicio": 317.08,
      "fin": 328.0,
      "duracion": 10.92,
      "texto": "Entiendo, si le pido disculpas en parte de la empresa así, por eso creo que estamos volviendo a contactar con usted para que pueda aprovechar de esta promoción que nos la damos a todos los clientes.",
      "confianza": 0.627
    },
    {
      "hablante": "Hablante B",
      "inicio": 328.44,
      "fin": 336.76,
      "duracion": 8.33,
      "texto": "son los que estuvieron en la compañía y tuvieron una muy buena atención con nosotros, pagando todo al día y demás.",
      "confianza": 0.794
    },
    {
      "hablante": "Hablante B",
      "inicio": 338.25,
      "fin": 350.02,
      "duracion": 11.77,
      "texto": "Por eso es que estamos entregando esta promoción, le digo que eso no le va a volver a suceder, se puede quedar tranquilo, además al quinto mes de estar en la compañía usted puede visualizar desde la aplicación una promoción",
      "confianza": 0.579
    },
    {
      "hablante": "Hablante B",
      "inicio": 350.49,
      "fin": 362.99,
      "duracion": 12.5,
      "texto": "para que ver si la cambia, si puede fijarse los planes que están en licencia, o bien seguir manteniendo este plan, ¿bien?",
      "confianza": 0.643
    },
    {
      "hablante": "Hablante B",
      "inicio": 363.01,
      "fin": 366.31,
      "duracion": 3.31,
      "texto": "Entonces, ¿cómo ahora lo voy a decir?",
      "confianza": 0.174
    },
    {
      "hablante": "Hablante B",
      "inicio": 366.33,
      "fin": 369.4,
      "duracion": 3.06,
      "texto": "Escúchame, ¿dónde podré mandarte la foto?",
      "confianza": 0.121
    },
    {
      "hablante": "Hablante B",
      "inicio": 369.42,
      "fin": 370.62,
      "duracion": 1.2,
      "texto": "Sí, no hay ningún problema.",
      "confianza": 0.579
    },
    {
      "hablante": "Hablante B",
      "inicio": 371.12,
      "fin": 373.23,
      "duracion": 2.1,
      "texto": "Ahora lo voy a decir.",
      "confianza": 0.308
    },
    {
      "hablante": "Hablante B",
      "inicio": 373.32,
      "fin": 379.65,
      "duracion": 6.33,
      "texto": "No, no, no, no, no, no, no, no, no, no, no, no, no, no, no, no, no, no, no, no, no, no,",
      "confianza": 0.3
    },
    {
      "hablante": "Hablante B",
      "inicio": 380.38,
      "fin": 396.76,
      "duracion": 16.39,
      "texto": "Bueno, ahora le envío por WhatsApp, entonces, ¿sí?",
      "confianza": 0.56
    },
    {
      "hablante": "Hablante A",
      "inicio": 399.59,
      "fin": 400.71,
      "duracion": 1.12,
      "texto": "Sí, también otorgamos.",
      "confianza": 0.751
    },
    {
      "hablante": "Hablante A",
      "inicio": 401.79,
      "fin": 403.95,
      "duracion": 2.16,
      "texto": "Tenemos de 300 mb hacia adelante.",
      "confianza": 0.698
    },
    {
      "hablante": "Hablante A",
      "inicio": 404.88,
      "fin": 406.84,
      "duracion": 1.96,
      "texto": "Sí, tiene un poco más.",
      "confianza": 0.284
    },
    {
      "hablante": "Hablante A",
      "inicio": 408.17,
      "fin": 429.58,
      "duracion": 21.41,
      "texto": "de 24 porque una de las líneas le quedaría bonificada en 4.000 pesos, el valor de internet tiene un costo de 20.000 y una de las líneas le quedaría bonificada en 4.000 pesos con 8 gigas en total porque son 4 por pasar la línea y además 4 adicionales por haber contratado ambos servicios, ¿sí?",
      "confianza": 0.751
    },
    {
      "hablante": "Hablante A",
      "inicio": 429.6,
      "fin": 436.93,
      "duracion": 7.33,
      "texto": "Yo ahora mismo le voy a estar dejando lo que es un WhatsApp para que me pueda sendar y seguimos en contacto por ahí, ¿le parece?",
      "confianza": 0.651
    },
    {
      "hablante": "Hablante A",
      "inicio": 438.02,
      "fin": 443.25,
      "duracion": 5.23,
      "texto": "Y ahora yo no te voy a enviar nada, mandame tener la chat.",
      "confianza": 0.405
    },
    {
      "hablante": "Hablante A",
      "inicio": 443.27,
      "fin": 448.33,
      "duracion": 5.06,
      "texto": "Sí, ahora mismo le envío todo por WhatsApp.",
      "confianza": 0.596
    },
    {
      "hablante": "Hablante A",
      "inicio": 448.35,
      "fin": 448.87,
      "duracion": 0.52,
      "texto": "A ver si seguimos por ahí.",
      "confianza": 0.026
    },
    {
      "hablante": "Hablante A",
      "inicio": 448.89,
      "fin": 452.5,
      "duracion": 3.6,
      "texto": "Le envío los... Eh... Los voy a mandar.",
      "confianza": 0.441
    },
    {
      "hablante": "Hablante A",
      "inicio": 453.6,
      "fin": 455.06,
      "duracion": 1.46,
      "texto": "Bien, bien, bien.",
      "confianza": 0.25
    },
    {
      "hablante": "Hablante A",
      "inicio": 455.08,
      "fin": 459.34,
      "duracion": 4.26,
      "texto": "Puedes que me vean, me está hablando, me dice que me está enviándole por WhatsApp.",
      "confianza": 0.263
    },
    {
      "hablante": "Hablante B",
      "inicio": 461.0,
      "fin": 463.81,
      "duracion": 2.8,
      "texto": "Bueno, yo ahora se lo envío.",
      "confianza": 0.459
    },
    {
      "hablante": "Hablante B",
      "inicio": 463.83,
      "fin": 465.35,
      "duracion": 1.52,
      "texto": "Y seguimos por ahí.",
      "confianza": 0.458
    },
    {
      "hablante": "Hablante B",
      "inicio": 465.37,
      "fin": 466.19,
      "duracion": 0.82,
      "texto": "Y la internet va a hablar también.",
      "confianza": 0.097
    },
    {
      "hablante": "Hablante A",
      "inicio": 467.81,
      "fin": 473.35,
      "duracion": 5.55,
      "texto": "No, de todos modos respecto a la internet, primeramente habría que corroborar si cuenta con cobertura de su zona.",
      "confianza": 0.61
    },
    {
      "hablante": "Hablante A",
      "inicio": 473.95,
      "fin": 488.53,
      "duracion": 14.58,
      "texto": "En el caso de que cuente con cobertura, directamente yo le estaría avisando y le envío las propuestas y para ver cuál es la velocidad que más le interesa.",
      "confianza": 0.65
    },
    {
      "hablante": "Hablante A",
      "inicio": 488.55,
      "fin": 496.7,
      "duracion": 8.15,
      "texto": "Yo ahora por WhatsApp le voy a estar solicitando lo que es la dirección, ¿sí?",
      "confianza": 0.616
    },
    {
      "hablante": "Hablante A",
      "inicio": 497.61,
      "fin": 501.27,
      "duracion": 3.66,
      "texto": "Bien, yo me encuentro hasta las 15 en la oficina, ¿sí?",
      "confianza": 0.541
    },
    {
      "hablante": "Hablante A",
      "inicio": 501.29,
      "fin": 504.3,
      "duracion": 3.0,
      "texto": "Si el colegio me puede contestar, sería buenísimo.",
      "confianza": 0.469
    },
    {
      "hablante": "Hablante B",
      "inicio": 510.24,
      "fin": 512.89,
      "duracion": 2.64,
      "texto": "Si no me va contestando, me dirá que puede, no hay problema.",
      "confianza": 0.552
    },
    {
      "hablante": "Hablante A",
      "inicio": 516.89,
      "fin": 520.44,
      "duracion": 3.54,
      "texto": "Bueno, Gustavo, gusto hablar con usted y nos veremos en contacto.",
      "confianza": 0.543
    },
    {
      "hablante": "Hablante B",
      "inicio": 523.54,
      "fin": 524.66,
      "duracion": 1.12,
      "texto": "Que sea muy bien, hasta luego.",
      "confianza": 0.49
    },
    {
      "hablante": "Hablante A",
      "inicio": 526.48,
      "fin": 526.73,
      "duracion": 0.24,
      "texto": "Hasta luego.",
      "confianza": 0.005
    },
    {
      "hablante": "Hablante A",
      "inicio": 526.75,
      "fin": 526.9,
      "duracion": 0.16,
      "texto": "Gracias.",
      "confianza": 0.126
    },
    {
      "hablante": "Hablante B",
      "inicio": 532.52,
      "fin": 538.7,
      "duracion": 6.17,
      "texto": "Bueno, no hay problema.",
      "confianza": 0.507
    },
    {
      "hablante": "Hablante B",
      "inicio": 538.72,
      "fin": 544.39,
      "duracion": 5.67,
      "texto": "Ahí les estaba dejando el WhatsApp.",
      "confianza": 0.376
    },
    {
      "hablante": "Hablante B",
      "inicio": 544.41,
      "fin": 545.05,
      "duracion": 0.64,
      "texto": "Que estén muy bien.",
      "confianza": 0.585
    },
    {
      "hablante": "Hablante B",
      "inicio": 545.07,
      "fin": 548.05,
      "duracion": 2.99,
      "texto": "Hasta luego.",
      "confianza": 0.462
    },
    {
      "hablante": "Hablante B",
      "inicio": 548.07,
      "fin": 548.51,
      "duracion": 0.44,
      "texto": "Bueno, muchas gracias.",
      "confianza": 0.02
    },
    {
      "hablante": "Hablante B",
      "inicio": 548.53,
      "fin": 548.77,
      "duracion": 0.24,
      "texto": "Hasta luego.",
      "confianza": 0.084
    }
  ],
  "transcripcion_completa": "Hola, ¿qué tal? Buen día. ¿Cómo le va? ¿Me comunico con Gustavo? Sí, a él habla. Un gusto. Macarena es mi nombre. Nos estamos contactando para brindarle del día de hoy una muy buena promoción en la línea. Le consulto. Actualmente se encuentran claro, ¿verdad? Sí. ¿Vos de qué compañía me llamas? Demoisart. ¿Qué cantidad de gigas tiene la compañía actualmente? Es verdad, pero me dan 10.000 más. Algo así. Perfecto. ¿Y cuánto está bonando por la línea? Creo que 8.000 o 9.000 pesos. Bien. Porque en el día de hoy les comento que tenemos un plan por el mismo valor de 8.000 pero voy a obtener lo que son 18 gigas en total. Son 8 de base, más 10 de regalo con una durabilidad de 6 meses haciendo un total de 18 con el roaming incluido en el caso de que se ha de viajar y todo bonificado lo que es llamadas, SMS y WhatsApp totalmente libres, ¿sí? más económico, con 14 gigas en total, son 4 de base, más 10 de regalo, con la misma durabilidad, con todo bonificado, por $6,450 pesos. Yo diría parecido a la propuesta. Claro, excepto la renda, necesito bonificar la caberina. ¿Tiene otra más? Claro, claro. Esto es lo que me deja para las líneas. Bien, en ese caso le podemos brindar 4 gigas más de regalo a cada una de las líneas, conservando el mismo valor del plan. ¿Quiere el caso de que usted acceda con ambas líneas? Va a tener, en vez de 14 gigas, va a tener un total de 18 por 6.400 precios cada una de las líneas. Bueno, no entiendo que tal. Bien, perfecto. Le consulto qué es el titular de ambas, ¿verdad? El titular de ambas. Bien. En ese caso, entonces, lo que deberíamos hacer es corroborar su número de NA. En el caso de que esté todo correcto, procedemos a ingresarlo a los datos. Y si hay que modificar alguno, lo hacemos porque, al haber sido cliente en la compañía, ya tenemos sus datos, ¿bien? Sí, sí. Por casualidad me tienen alta voz porque lo escucho muy saturado. No, porque estoy manejando en mate. Bien. Estoy ayer también en tacos. Bien. No, no me tiene que hablar en otro momento porque no estoy manejando en el mate. Ahí lo escucho un poco mejor, ¿sí? ¿Qué merecían? Sí. Tendérselo que me entre en marcha, ¿a qué? Tendérselo que me entre en marcha, ¿a qué? No es que me tome la sensación de que venga a pagar, no, no, no, hijo mío. Bien. La verdad, no, no, no, no, no, no, no, no, no, no, no, no, no, no, no, no, no, no, no, no, no, no, no, no, no, no, no, no, no, no, no, no, no, no, no, no, no, no, no, no, no, no, no, no, no, no, no, no, no, no, no, no, no, no, no, no, no, no, no, no, no, no, no, no, no, no, no, no, no, no, no, no, no, no, no, no, no, no, no, no, no, no, no, no, no, no, no, no, no, no, no, no, no, no, no, no, no ¿Por qué más costos, verdad? Porque le incrementó mucho la factura. que se le manificó el 80% cuando fue a los 30.000, 30.000 a cada hora. Bien, eso no le volvería a suceder. De tener un aumento así desmedido en la factura no le volvería a suceder. Se puede quedar tranquilo porque además le vamos a otorgar para que pueda acceder. En el día de hoy le vamos a otorgar un descuento fijo durante un periodo de seis meses. Normalmente lo que hacemos a nosotros ¿Es recomendarle a los clientes que al 5to mes, en este caso, tienen que dar...? Claro, este es el acción, cuando este es el acción, yo no me lo puedo dar, no lo puedo dar. Entiendo, si le pido disculpas en parte de la empresa así, por eso creo que estamos volviendo a contactar con usted para que pueda aprovechar de esta promoción que nos la damos a todos los clientes. son los que estuvieron en la compañía y tuvieron una muy buena atención con nosotros, pagando todo al día y demás. Por eso es que estamos entregando esta promoción, le digo que eso no le va a volver a suceder, se puede quedar tranquilo, además al quinto mes de estar en la compañía usted puede visualizar desde la aplicación una promoción para que ver si la cambia, si puede fijarse los planes que están en licencia, o bien seguir manteniendo este plan, ¿bien? Entonces, ¿cómo ahora lo voy a decir? Escúchame, ¿dónde podré mandarte la foto? Sí, no hay ningún problema. Ahora lo voy a decir. No, no, no, no, no, no, no, no, no, no, no, no, no, no, no, no, no, no, no, no, no, no, Bueno, ahora le envío por WhatsApp, entonces, ¿sí? Sí, también otorgamos. Tenemos de 300 mb hacia adelante. Sí, tiene un poco más. de 24 porque una de las líneas le quedaría bonificada en 4.000 pesos, el valor de internet tiene un costo de 20.000 y una de las líneas le quedaría bonificada en 4.000 pesos con 8 gigas en total porque son 4 por pasar la línea y además 4 adicionales por haber contratado ambos servicios, ¿sí? Yo ahora mismo le voy a estar dejando lo que es un WhatsApp para que me pueda sendar y seguimos en contacto por ahí, ¿le parece? Y ahora yo no te voy a enviar nada, mandame tener la chat. Sí, ahora mismo le envío todo por WhatsApp. A ver si seguimos por ahí. Le envío los... Eh... Los voy a mandar. Bien, bien, bien. Puedes que me vean, me está hablando, me dice que me está enviándole por WhatsApp. Bueno, yo ahora se lo envío. Y seguimos por ahí. Y la internet va a hablar también. No, de todos modos respecto a la internet, primeramente habría que corroborar si cuenta con cobertura de su zona. En el caso de que cuente con cobertura, directamente yo le estaría avisando y le envío las propuestas y para ver cuál es la velocidad que más le interesa. Yo ahora por WhatsApp le voy a estar solicitando lo que es la dirección, ¿sí? Bien, yo me encuentro hasta las 15 en la oficina, ¿sí? Si el colegio me puede contestar, sería buenísimo. Si no me va contestando, me dirá que puede, no hay problema. Bueno, Gustavo, gusto hablar con usted y nos veremos en contacto. Que sea muy bien, hasta luego. Hasta luego. Gracias. Bueno, no hay problema. Ahí les estaba dejando el WhatsApp. Que estén muy bien. Hasta luego. Bueno, muchas gracias. Hasta luego.",
  "calidad": {
    "confianza_promedio": 0.44,
    "metodo_diarizacion": "pausas_fallback",
    "tiempo_procesamiento": 16.1
  },
  "metadata": {
    "modelo": "whisperx_medium",
    "diarizacion": "pausas",
    "dispositivo": "cuda",
    "fecha": "2026-01-26T02:05:38.786616",
    "version": "5.0_ecapa"
  }
}