{
  "archivo": "amza19_1_260123110132766_ACD_51143.wav",
  "duracion_segundos": 473.67,
  "num_segmentos": 79,
  "num_hablantes": 2,
  "hablantes": [
    "Hablante A",
    "Hablante B"
  ],
  "tiempo_por_hablante": {
    "Hablante A": 300.61,
    "Hablante B": 107.51
  },
  "idioma": "es",
  "conversacion": [
    {
      "hablante": "Hablante A",
      "inicio": 0.03,
      "fin": 5.74,
      "duracion": 5.71,
      "texto": "Hola.",
      "confianza": 0.177
    },
    {
      "hablante": "Hablante A",
      "inicio": 5.76,
      "fin": 6.06,
      "duracion": 0.3,
      "texto": "Hola, buen día.",
      "confianza": 0.019
    },
    {
      "hablante": "Hablante A",
      "inicio": 6.08,
      "fin": 6.52,
      "duracion": 0.44,
      "texto": "Sí, buen día.",
      "confianza": 0.092
    },
    {
      "hablante": "Hablante A",
      "inicio": 6.54,
      "fin": 6.78,
      "duracion": 0.24,
      "texto": "¿Cómo estás?",
      "confianza": 0.076
    },
    {
      "hablante": "Hablante A",
      "inicio": 6.8,
      "fin": 7.68,
      "duracion": 0.88,
      "texto": "Mi nombre es Brisa.",
      "confianza": 0.479
    },
    {
      "hablante": "Hablante A",
      "inicio": 8.1,
      "fin": 10.88,
      "duracion": 2.78,
      "texto": "Te llamaba de la día y recupero clientes de Movistar.",
      "confianza": 0.616
    },
    {
      "hablante": "Hablante A",
      "inicio": 11.68,
      "fin": 14.03,
      "duracion": 2.34,
      "texto": "Quería poder mandarte un descuento para tu línea.",
      "confianza": 0.615
    },
    {
      "hablante": "Hablante A",
      "inicio": 14.05,
      "fin": 15.55,
      "duracion": 1.5,
      "texto": "¿Vos tenés claro actualmente?",
      "confianza": 0.704
    },
    {
      "hablante": "Hablante A",
      "inicio": 16.49,
      "fin": 20.79,
      "duracion": 4.3,
      "texto": "Ya me llamaron ayer y contraté un servicio Movistar.",
      "confianza": 0.661
    },
    {
      "hablante": "Hablante A",
      "inicio": 20.81,
      "fin": 21.27,
      "duracion": 0.46,
      "texto": "Ah, bien.",
      "confianza": 0.584
    },
    {
      "hablante": "Hablante A",
      "inicio": 21.29,
      "fin": 23.42,
      "duracion": 2.12,
      "texto": "A ver, que te lo han cargado el trámite.",
      "confianza": 0.51
    },
    {
      "hablante": "Hablante A",
      "inicio": 23.48,
      "fin": 24.62,
      "duracion": 1.14,
      "texto": "¿Qué te pudieron ofrecer?",
      "confianza": 0.566
    },
    {
      "hablante": "Hablante B",
      "inicio": 26.18,
      "fin": 29.9,
      "duracion": 3.72,
      "texto": "Me quedaron en avisar para consultar la fecha de instalación en casa.",
      "confianza": 0.677
    },
    {
      "hablante": "Hablante B",
      "inicio": 30.49,
      "fin": 37.6,
      "duracion": 7.11,
      "texto": "Y bueno, el abono, el tema del chip y eso, cuando lo tenía que buscar.",
      "confianza": 0.544
    },
    {
      "hablante": "Hablante B",
      "inicio": 37.62,
      "fin": 38.34,
      "duracion": 0.72,
      "texto": "Perfecto.",
      "confianza": 0.741
    },
    {
      "hablante": "Hablante B",
      "inicio": 38.36,
      "fin": 55.09,
      "duracion": 16.73,
      "texto": "Dame un segundo porque a ver si te lo han cargado correctamente el trámite para yo directamente poder ver sino para ofrecerte algo más económico también, ¿sí?",
      "confianza": 0.716
    },
    {
      "hablante": "Hablante B",
      "inicio": 55.11,
      "fin": 55.21,
      "duracion": 0.1,
      "texto": "Vale.",
      "confianza": 0.015
    },
    {
      "hablante": "Hablante B",
      "inicio": 55.23,
      "fin": 55.55,
      "duracion": 0.32,
      "texto": "Dame un segundo.",
      "confianza": 0.05
    },
    {
      "hablante": "Hablante A",
      "inicio": 66.97,
      "fin": 93.17,
      "duracion": 26.19,
      "texto": "Bien, hasta ahora no me asegura que me haya encargado nada, pero estoy consultando bien el sistema.",
      "confianza": 0.7
    },
    {
      "hablante": "Hablante A",
      "inicio": 93.19,
      "fin": 93.39,
      "duracion": 0.2,
      "texto": "Está bien.",
      "confianza": 0.101
    },
    {
      "hablante": "Hablante B",
      "inicio": 108.23,
      "fin": 122.39,
      "duracion": 14.16,
      "texto": "Bien, al parecer, en lo que es la línea, no tiene trámite.",
      "confianza": 0.794
    },
    {
      "hablante": "Hablante B",
      "inicio": 122.41,
      "fin": 125.24,
      "duracion": 2.82,
      "texto": "Ahí estoy consultando lo que es la fibra óptica, ¿sí?",
      "confianza": 0.638
    },
    {
      "hablante": "Hablante A",
      "inicio": 127.22,
      "fin": 136.13,
      "duracion": 8.91,
      "texto": "¿Te habían ofrecido un paquete directamente completo entre fibra y línea o también ofrecieron más cosas por separado?",
      "confianza": 0.7
    },
    {
      "hablante": "Hablante A",
      "inicio": 136.7,
      "fin": 140.71,
      "duracion": 4.0,
      "texto": "No, no, todo un combo completo.",
      "confianza": 0.139
    },
    {
      "hablante": "Hablante A",
      "inicio": 140.73,
      "fin": 140.83,
      "duracion": 0.1,
      "texto": "Bien.",
      "confianza": 0.037
    },
    {
      "hablante": "Hablante A",
      "inicio": 140.85,
      "fin": 141.77,
      "duracion": 0.92,
      "texto": "¿Por qué te consultaba?",
      "confianza": 0.588
    },
    {
      "hablante": "Hablante A",
      "inicio": 141.81,
      "fin": 145.59,
      "duracion": 3.78,
      "texto": "Porque yo tengo la promo de 300 veas, ¿sí?",
      "confianza": 0.726
    },
    {
      "hablante": "Hablante A",
      "inicio": 146.51,
      "fin": 161.63,
      "duracion": 15.12,
      "texto": "Más la línea te quedaría todo en 24 mil pesos teniendo línea fija bonificada, integración 100% bonificada y 4 gigas de regalo para la línea de tu teléfono, ¿sí?",
      "confianza": 0.749
    },
    {
      "hablante": "Hablante A",
      "inicio": 162.32,
      "fin": 173.53,
      "duracion": 11.21,
      "texto": "Entonces, el plan te queda en 24.000, teniendo 8 gigas para la línea y 300 mega de fibra para tu domicilio.",
      "confianza": 0.759
    },
    {
      "hablante": "Hablante A",
      "inicio": 174.05,
      "fin": 188.02,
      "duracion": 13.97,
      "texto": "Y si no tenías la parte de hacerlo como en distintas partes, donde, por ejemplo, te queda la fibra en 20.000 pesos, porque se hace un descuento de 4.000, y la línea en 6.450, pero ya teniendo 18 gigas.",
      "confianza": 0.703
    },
    {
      "hablante": "Hablante A",
      "inicio": 188.38,
      "fin": 190.28,
      "duracion": 1.9,
      "texto": "Claro.",
      "confianza": 0.604
    },
    {
      "hablante": "Hablante A",
      "inicio": 191.41,
      "fin": 217.54,
      "duracion": 26.13,
      "texto": "Sí, a mí me ofreció 900 megas de fibra, más el teléfono, la línea fija vendría a ser, más Movistar TV, con Disney y toda la bola, en 36 mil pesos.",
      "confianza": 0.79
    },
    {
      "hablante": "Hablante A",
      "inicio": 218.71,
      "fin": 222.06,
      "duracion": 3.34,
      "texto": "Te comento que por eso el trámite no debe estar cargado.",
      "confianza": 0.68
    },
    {
      "hablante": "Hablante A",
      "inicio": 222.44,
      "fin": 230.51,
      "duracion": 8.07,
      "texto": "Déjame... Decíme el lugar de donde te van a instalar el circuito, a ver si es la zona de alta competencia.",
      "confianza": 0.59
    },
    {
      "hablante": "Hablante A",
      "inicio": 230.63,
      "fin": 233.29,
      "duracion": 2.66,
      "texto": "Nácer.",
      "confianza": 0.674
    },
    {
      "hablante": "Hablante A",
      "inicio": 234.22,
      "fin": 235.02,
      "duracion": 0.8,
      "texto": "¿Nácer?",
      "confianza": 0.53
    },
    {
      "hablante": "Hablante A",
      "inicio": 235.04,
      "fin": 235.38,
      "duracion": 0.34,
      "texto": "2663.",
      "confianza": 0.6
    },
    {
      "hablante": "Hablante A",
      "inicio": 235.4,
      "fin": 235.78,
      "duracion": 0.38,
      "texto": "¿2663?",
      "confianza": 0.814
    },
    {
      "hablante": "Hablante A",
      "inicio": 236.22,
      "fin": 242.53,
      "duracion": 6.31,
      "texto": "Esto es de... Mar del Plata.",
      "confianza": 0.193
    },
    {
      "hablante": "Hablante A",
      "inicio": 242.55,
      "fin": 244.35,
      "duracion": 1.8,
      "texto": "¿La calle cómo se escribe?",
      "confianza": 0.598
    },
    {
      "hablante": "Hablante A",
      "inicio": 245.21,
      "fin": 254.76,
      "duracion": 9.55,
      "texto": "Nacer, N-A-W-S-E-R. W-S-E-R, perfecto.",
      "confianza": 0.51
    },
    {
      "hablante": "Hablante A",
      "inicio": 254.78,
      "fin": 262.85,
      "duracion": 8.07,
      "texto": "Ahí voy a verificar la cobertura porque puede ser que sea zona de alta competencia, pero no te comentaron los precios de la TV.",
      "confianza": 0.737
    },
    {
      "hablante": "Hablante A",
      "inicio": 262.87,
      "fin": 268.97,
      "duracion": 6.11,
      "texto": "Por eso te decía que el trámite por eso no te lo deben haber cargado.",
      "confianza": 0.596
    },
    {
      "hablante": "Hablante A",
      "inicio": 268.99,
      "fin": 271.33,
      "duracion": 2.34,
      "texto": "Dame un segundo, así que ya te lo busco.",
      "confianza": 0.61
    },
    {
      "hablante": "Hablante A",
      "inicio": 272.58,
      "fin": 298.81,
      "duracion": 26.23,
      "texto": "Bien, ahí estoy verificando si las zonas de alta competencia, igual yo te comento.",
      "confianza": 0.627
    },
    {
      "hablante": "Hablante A",
      "inicio": 299.12,
      "fin": 305.49,
      "duracion": 6.37,
      "texto": "La fibra que te ofrecieron de 900 megas tiene que ser la de 600, la de 1 giga.",
      "confianza": 0.638
    },
    {
      "hablante": "Hablante A",
      "inicio": 306.07,
      "fin": 311.66,
      "duracion": 5.59,
      "texto": "Porque esa en zonas críticas estaba en 24 mil pesos.",
      "confianza": 0.761
    },
    {
      "hablante": "Hablante A",
      "inicio": 311.76,
      "fin": 314.78,
      "duracion": 3.02,
      "texto": "Capaz que tu zona es alta competencia, que es lo que estoy consultando.",
      "confianza": 0.739
    },
    {
      "hablante": "Hablante A",
      "inicio": 315.36,
      "fin": 322.75,
      "duracion": 7.39,
      "texto": "Y ahí sí te queda en 24 mil pesos el servicio y el combo de internet que habían ofrecido.",
      "confianza": 0.669
    },
    {
      "hablante": "Hablante A",
      "inicio": 322.79,
      "fin": 327.9,
      "duracion": 5.11,
      "texto": "El de 16.700 con 39 canales más",
      "confianza": 0.835
    },
    {
      "hablante": "Hablante A",
      "inicio": 328.4,
      "fin": 332.17,
      "duracion": 3.76,
      "texto": "¿La plataforma de Disney y Star o el de 102 canales?",
      "confianza": 0.579
    },
    {
      "hablante": "Hablante A",
      "inicio": 332.87,
      "fin": 341.3,
      "duracion": 8.43,
      "texto": "120 canales 120 canales ¿Te acordás?",
      "confianza": 0.752
    },
    {
      "hablante": "Hablante A",
      "inicio": 341.32,
      "fin": 351.29,
      "duracion": 9.97,
      "texto": "Sí, 120 canales y Disney Ay, para acá, ahí no te escucharás, por favor.",
      "confianza": 0.444
    },
    {
      "hablante": "Hablante A",
      "inicio": 351.31,
      "fin": 353.37,
      "duracion": 2.06,
      "texto": "¿Me escuchás vos a mí?",
      "confianza": 0.67
    },
    {
      "hablante": "Hablante A",
      "inicio": 354.47,
      "fin": 354.83,
      "duracion": 0.36,
      "texto": "Sí Ah, bien.",
      "confianza": 0.098
    },
    {
      "hablante": "Hablante A",
      "inicio": 354.85,
      "fin": 357.51,
      "duracion": 2.66,
      "texto": "¿Me decías cuál combo te habrían ofrecido en la tele?",
      "confianza": 0.565
    },
    {
      "hablante": "Hablante A",
      "inicio": 358.27,
      "fin": 361.17,
      "duracion": 2.9,
      "texto": "120 canales más Disney.",
      "confianza": 0.331
    },
    {
      "hablante": "Hablante A",
      "inicio": 361.19,
      "fin": 361.74,
      "duracion": 0.54,
      "texto": "Perfecto.",
      "confianza": 0.86
    },
    {
      "hablante": "Hablante A",
      "inicio": 361.92,
      "fin": 368.64,
      "duracion": 6.73,
      "texto": "Ese combo te comentaron que el precio que tienes ya tiene dos meses gratis, pero luego tiene un valor de 25.800.",
      "confianza": 0.749
    },
    {
      "hablante": "Hablante A",
      "inicio": 368.74,
      "fin": 369.17,
      "duracion": 0.42,
      "texto": "Sí.",
      "confianza": 0.402
    },
    {
      "hablante": "Hablante A",
      "inicio": 369.19,
      "fin": 369.55,
      "duracion": 0.36,
      "texto": "Bien.",
      "confianza": 0.89
    },
    {
      "hablante": "Hablante B",
      "inicio": 371.61,
      "fin": 373.03,
      "duracion": 1.42,
      "texto": "Eso te lo había comentado.",
      "confianza": 0.518
    },
    {
      "hablante": "Hablante B",
      "inicio": 373.13,
      "fin": 377.3,
      "duracion": 4.17,
      "texto": "Perfecto.",
      "confianza": 0.853
    },
    {
      "hablante": "Hablante B",
      "inicio": 377.32,
      "fin": 377.38,
      "duracion": 0.06,
      "texto": "Sí.",
      "confianza": 0.116
    },
    {
      "hablante": "Hablante B",
      "inicio": 377.4,
      "fin": 377.68,
      "duracion": 0.28,
      "texto": "Bien.",
      "confianza": 0.698
    },
    {
      "hablante": "Hablante B",
      "inicio": 377.94,
      "fin": 386.81,
      "duracion": 8.87,
      "texto": "Y lo que es la fibra óptica, tenés la fibra de un giga que puede estar dependiendo de la zona en 24.000 pesos.",
      "confianza": 0.764
    },
    {
      "hablante": "Hablante B",
      "inicio": 387.19,
      "fin": 389.54,
      "duracion": 2.34,
      "texto": "o 31.650.",
      "confianza": 0.815
    },
    {
      "hablante": "Hablante B",
      "inicio": 390.46,
      "fin": 393.32,
      "duracion": 2.86,
      "texto": "Y se ha ofrecido, ¿cómo es que se llama?",
      "confianza": 0.484
    },
    {
      "hablante": "Hablante B",
      "inicio": 393.44,
      "fin": 401.38,
      "duracion": 7.93,
      "texto": "Sabiendo que vas a pagar solo 31.650 y después te suman a la TV o te dijo que era el total.",
      "confianza": 0.568
    },
    {
      "hablante": "Hablante B",
      "inicio": 401.39,
      "fin": 403.56,
      "duracion": 2.16,
      "texto": "No, no, total que iba a pagar mensual.",
      "confianza": 0.603
    },
    {
      "hablante": "Hablante B",
      "inicio": 404.0,
      "fin": 410.57,
      "duracion": 6.57,
      "texto": "Es más, hoy supuestamente me mandaba todo el tallado vía WhatsApp de lo que yo iba a acceder.",
      "confianza": 0.591
    },
    {
      "hablante": "Hablante B",
      "inicio": 410.59,
      "fin": 413.25,
      "duracion": 2.66,
      "texto": "Ah, bien, por eso no se ha cargado el trámite directamente.",
      "confianza": 0.604
    },
    {
      "hablante": "Hablante B",
      "inicio": 413.77,
      "fin": 415.73,
      "duracion": 1.96,
      "texto": "Dame un segundo que ahí estoy verificando.",
      "confianza": 0.475
    },
    {
      "hablante": "Hablante B",
      "inicio": 415.75,
      "fin": 420.92,
      "duracion": 5.17,
      "texto": "Si el combo está en 25.800, se te va todo lo 49.800.",
      "confianza": 0.624
    },
    {
      "hablante": "Hablante B",
      "inicio": 421.98,
      "fin": 426.09,
      "duracion": 4.1,
      "texto": "Por eso los precios no me cierran directamente con lo que te he ofreciendo de la fibra.",
      "confianza": 0.774
    },
    {
      "hablante": "Hablante A",
      "inicio": 428.13,
      "fin": 434.78,
      "duracion": 6.65,
      "texto": "El precio oficial de la fibra de un giga, si no es una alta competencia, es el del 1.650.",
      "confianza": 0.681
    },
    {
      "hablante": "Hablante A",
      "inicio": 435.38,
      "fin": 443.51,
      "duracion": 8.13,
      "texto": "La TV la vas a tener dos meses gratis y después se le suma ese monto de la TV, que si es el combo más completo de TV,",
      "confianza": 0.734
    },
    {
      "hablante": "Hablante A",
      "inicio": 443.79,
      "fin": 453.31,
      "duracion": 9.52,
      "texto": "tiene un valor de 25.800 si no tienes la opción de 39 canales más Disney en 16.700 que es un poco más económica.",
      "confianza": 0.729
    },
    {
      "hablante": "Hablante B",
      "inicio": 462.38,
      "fin": 473.67,
      "duracion": 11.28,
      "texto": "Yo te puedo cargar ahora directamente estoy verificando bien la cobertura para ver si eso no es de alta competencia y cargarte todo el trámite pero bueno quiero saber qué",
      "confianza": 0.725
    }
  ],
  "transcripcion_completa": "Hola. Hola, buen día. Sí, buen día. ¿Cómo estás? Mi nombre es Brisa. Te llamaba de la día y recupero clientes de Movistar. Quería poder mandarte un descuento para tu línea. ¿Vos tenés claro actualmente? Ya me llamaron ayer y contraté un servicio Movistar. Ah, bien. A ver, que te lo han cargado el trámite. ¿Qué te pudieron ofrecer? Me quedaron en avisar para consultar la fecha de instalación en casa. Y bueno, el abono, el tema del chip y eso, cuando lo tenía que buscar. Perfecto. Dame un segundo porque a ver si te lo han cargado correctamente el trámite para yo directamente poder ver sino para ofrecerte algo más económico también, ¿sí? Vale. Dame un segundo. Bien, hasta ahora no me asegura que me haya encargado nada, pero estoy consultando bien el sistema. Está bien. Bien, al parecer, en lo que es la línea, no tiene trámite. Ahí estoy consultando lo que es la fibra óptica, ¿sí? ¿Te habían ofrecido un paquete directamente completo entre fibra y línea o también ofrecieron más cosas por separado? No, no, todo un combo completo. Bien. ¿Por qué te consultaba? Porque yo tengo la promo de 300 veas, ¿sí? Más la línea te quedaría todo en 24 mil pesos teniendo línea fija bonificada, integración 100% bonificada y 4 gigas de regalo para la línea de tu teléfono, ¿sí? Entonces, el plan te queda en 24.000, teniendo 8 gigas para la línea y 300 mega de fibra para tu domicilio. Y si no tenías la parte de hacerlo como en distintas partes, donde, por ejemplo, te queda la fibra en 20.000 pesos, porque se hace un descuento de 4.000, y la línea en 6.450, pero ya teniendo 18 gigas. Claro. Sí, a mí me ofreció 900 megas de fibra, más el teléfono, la línea fija vendría a ser, más Movistar TV, con Disney y toda la bola, en 36 mil pesos. Te comento que por eso el trámite no debe estar cargado. Déjame... Decíme el lugar de donde te van a instalar el circuito, a ver si es la zona de alta competencia. Nácer. ¿Nácer? 2663. ¿2663? Esto es de... Mar del Plata. ¿La calle cómo se escribe? Nacer, N-A-W-S-E-R. W-S-E-R, perfecto. Ahí voy a verificar la cobertura porque puede ser que sea zona de alta competencia, pero no te comentaron los precios de la TV. Por eso te decía que el trámite por eso no te lo deben haber cargado. Dame un segundo, así que ya te lo busco. Bien, ahí estoy verificando si las zonas de alta competencia, igual yo te comento. La fibra que te ofrecieron de 900 megas tiene que ser la de 600, la de 1 giga. Porque esa en zonas críticas estaba en 24 mil pesos. Capaz que tu zona es alta competencia, que es lo que estoy consultando. Y ahí sí te queda en 24 mil pesos el servicio y el combo de internet que habían ofrecido. El de 16.700 con 39 canales más ¿La plataforma de Disney y Star o el de 102 canales? 120 canales 120 canales ¿Te acordás? Sí, 120 canales y Disney Ay, para acá, ahí no te escucharás, por favor. ¿Me escuchás vos a mí? Sí Ah, bien. ¿Me decías cuál combo te habrían ofrecido en la tele? 120 canales más Disney. Perfecto. Ese combo te comentaron que el precio que tienes ya tiene dos meses gratis, pero luego tiene un valor de 25.800. Sí. Bien. Eso te lo había comentado. Perfecto. Sí. Bien. Y lo que es la fibra óptica, tenés la fibra de un giga que puede estar dependiendo de la zona en 24.000 pesos. o 31.650. Y se ha ofrecido, ¿cómo es que se llama? Sabiendo que vas a pagar solo 31.650 y después te suman a la TV o te dijo que era el total. No, no, total que iba a pagar mensual. Es más, hoy supuestamente me mandaba todo el tallado vía WhatsApp de lo que yo iba a acceder. Ah, bien, por eso no se ha cargado el trámite directamente. Dame un segundo que ahí estoy verificando. Si el combo está en 25.800, se te va todo lo 49.800. Por eso los precios no me cierran directamente con lo que te he ofreciendo de la fibra. El precio oficial de la fibra de un giga, si no es una alta competencia, es el del 1.650. La TV la vas a tener dos meses gratis y después se le suma ese monto de la TV, que si es el combo más completo de TV, tiene un valor de 25.800 si no tienes la opción de 39 canales más Disney en 16.700 que es un poco más económica. Yo te puedo cargar ahora directamente estoy verificando bien la cobertura para ver si eso no es de alta competencia y cargarte todo el trámite pero bueno quiero saber qué",
  "calidad": {
    "confianza_promedio": 0.569,
    "metodo_diarizacion": "pausas_fallback",
    "tiempo_procesamiento": 13.0
  },
  "metadata": {
    "modelo": "whisperx_medium",
    "diarizacion": "pausas",
    "dispositivo": "cuda",
    "fecha": "2026-01-26T01:45:43.184175",
    "version": "5.0_ecapa"
  }
}